paper_id,paper,year,venue,task,representation,granulation,split_criterion,merge_criterion,stop_criterion,uncertainty,decision,downstream,dataset,noise,baseline,main_gain,code,author_weakness,suspected_weakness,evidence_level,source_url,notes
P0001,Constructing Three-Way Decision With Fuzzy Granular-Ball Rough Sets Based on Uncertainty Invariance,2025,IEEE Transactions on Fuzzy Systems,classification; decision analysis,granular ball; rough-set approximation; fuzzy granule,granular-ball generation; fuzzy,not reported in metadata/abstract,not reported in metadata/abstract,not reported in metadata/abstract,three-way boundary/defer region,three-way accept/defer/reject; classification decision,not reported in metadata/abstract,requires full-text verification,not reported in metadata/abstract,requires full-text verification,requires full-text verification,unknown; repository search pending,requires full-text verification,not inferred before method/full-text review,abstract-coded,https://doi.org/10.1109/tfuzz.2025.3536564,"Controlled keyword coding; unknown fields are deliberate, not negative evidence."
P0002,3WC-GBNRS++: A Novel Three-Way Classifier With Granular-Ball Neighborhood Rough Sets Based on Uncertainty,2024,IEEE Transactions on Fuzzy Systems,classification; decision analysis,granular ball; rough-set neighborhood; rough-set approximation,granular-ball generation; adaptive/dynamic; neighborhood,radius/distance,not reported in metadata/abstract,not reported in metadata/abstract,three-way boundary/defer region,three-way accept/defer/reject; classification decision,not reported in metadata/abstract,requires full-text verification,not reported in metadata/abstract,requires full-text verification,requires full-text verification,unknown; repository search pending,requires full-text verification,not inferred before method/full-text review,abstract-coded,https://doi.org/10.1109/tfuzz.2024.3397697,"Controlled keyword coding; unknown fields are deliberate, not negative evidence."
P0003,GBRS: A Unified Granular-Ball Learning Model of Pawlak Rough Set and Neighborhood Rough Set,2025,IEEE Transactions on Neural Networks and Learning Systems,feature selection,granular ball; rough-set neighborhood; rough-set approximation,granular-ball generation; neighborhood,not reported in metadata/abstract,not reported in metadata/abstract,not reported in metadata/abstract,not reported in metadata/abstract,ranking/selection,rough-set reducer,requires full-text verification,not reported in metadata/abstract,requires full-text verification,requires full-text verification,unknown; repository search pending,requires full-text verification,not inferred before method/full-text review,abstract-coded,https://doi.org/10.1109/tnnls.2023.3325199,"Controlled keyword coding; unknown fields are deliberate, not negative evidence."
P0004,"Granular ball computing classifiers for efficient, scalable and robust learning",2019,Information Sciences,classification,granular ball,granular-ball generation,not reported in metadata/abstract,not reported in metadata/abstract,not reported in metadata/abstract,not reported in metadata/abstract,classification decision,SVM; kNN,requires full-text verification,not reported in metadata/abstract,requires full-text verification,requires full-text verification,unknown; repository search pending,requires full-text verification,not inferred before method/full-text review,abstract-coded,https://doi.org/10.1016/j.ins.2019.01.010,"Controlled keyword coding; unknown fields are deliberate, not negative evidence."
P0005,An Efficient and Adaptive Granular-Ball Generation Method in Classification Problem,2024,IEEE Transactions on Neural Networks and Learning Systems,classification,granular ball,granular-ball generation; adaptive/dynamic,not reported in metadata/abstract,not reported in metadata/abstract,not reported in metadata/abstract,not reported in metadata/abstract,classification decision,not reported in metadata/abstract,requires full-text verification,not reported in metadata/abstract,requires full-text verification,requires full-text verification,unknown; repository search pending,requires full-text verification,not inferred before method/full-text review,abstract-coded,https://doi.org/10.1109/tnnls.2022.3203381,"Controlled keyword coding; unknown fields are deliberate, not negative evidence."
P0006,GBG++: A Fast and Stable Granular Ball Generation Method for Classification,2024,IEEE Transactions on Emerging Topics in Computational Intelligence,classification; anomaly/outlier detection,granular ball,granular-ball generation,not reported in metadata/abstract,not reported in metadata/abstract,not reported in metadata/abstract,not reported in metadata/abstract,classification decision,kNN,requires full-text verification,outliers,requires full-text verification,requires full-text verification,unknown; repository search pending,requires full-text verification,not inferred before method/full-text review,abstract-coded,https://doi.org/10.1109/tetci.2024.3359091,"Controlled keyword coding; unknown fields are deliberate, not negative evidence."
P0007,A granular-ball generation method based on local density for classification,2025,Information Sciences,classification,granular ball,granular-ball generation; local-density,local density,not reported in metadata/abstract,not reported in metadata/abstract,not reported in metadata/abstract,classification decision,not reported in metadata/abstract,requires full-text verification,not reported in metadata/abstract,requires full-text verification,requires full-text verification,unknown; repository search pending,requires full-text verification,not inferred before method/full-text review,metadata-only,https://doi.org/10.1016/j.ins.2025.122295,"Controlled keyword coding; unknown fields are deliberate, not negative evidence."
P0008,Granular-Ball Three-Way Decision,2023,Lecture Notes in Computer Science,decision analysis,granular ball,granular-ball generation,not reported in metadata/abstract,not reported in metadata/abstract,not reported in metadata/abstract,three-way boundary/defer region,three-way accept/defer/reject,not reported in metadata/abstract,requires full-text verification,not reported in metadata/abstract,requires full-text verification,requires full-text verification,unknown; repository search pending,requires full-text verification,not inferred before method/full-text review,metadata-only,https://doi.org/10.1007/978-3-031-50959-9_20,"Controlled keyword coding; unknown fields are deliberate, not negative evidence."
P0009,Three-Way Decision of Granular-Ball Rough Sets Based on Fuzziness,2024,Lecture Notes in Computer Science,decision analysis,granular ball; rough-set approximation,granular-ball generation,not reported in metadata/abstract,not reported in metadata/abstract,not reported in metadata/abstract,three-way boundary/defer region,three-way accept/defer/reject,not reported in metadata/abstract,requires full-text verification,not reported in metadata/abstract,requires full-text verification,requires full-text verification,unknown; repository search pending,requires full-text verification,not inferred before method/full-text review,metadata-only,https://doi.org/10.1007/978-3-031-65668-2_3,"Controlled keyword coding; unknown fields are deliberate, not negative evidence."
P0010,Granular ball-based fuzzy multineighborhood rough set for feature selection via label enhancement,2025,Engineering Applications of Artificial Intelligence,feature selection,granular ball; rough-set neighborhood; rough-set approximation,granular-ball generation; neighborhood,not reported in metadata/abstract,not reported in metadata/abstract,not reported in metadata/abstract,not reported in metadata/abstract,ranking/selection,rough-set reducer,requires full-text verification,not reported in metadata/abstract,requires full-text verification,requires full-text verification,unknown; repository search pending,requires full-text verification,not inferred before method/full-text review,metadata-only,https://doi.org/10.1016/j.engappai.2025.110191,"Controlled keyword coding; unknown fields are deliberate, not negative evidence."
P0011,"Synergy of Granular Computing, Shadowed Sets, and Three-way Decisions",2020,Information Sciences,decision analysis,shadowed set,not reported in metadata/abstract,not reported in metadata/abstract,not reported in metadata/abstract,not reported in metadata/abstract,three-way boundary/defer region,three-way accept/defer/reject,not reported in metadata/abstract,requires full-text verification,not reported in metadata/abstract,requires full-text verification,requires full-text verification,unknown; repository search pending,requires full-text verification,not inferred before method/full-text review,metadata-only,https://doi.org/10.1016/j.ins.2019.09.003,"Controlled keyword coding; unknown fields are deliberate, not negative evidence."
P0012,Attribute Reduction Method Based on Improved Granular Ball Neighborhood Rough Set,2022,2022 7th International Conference on Cloud Computing and Big Data Analytics (ICCCBDA),classification; feature selection,granular ball; rough-set neighborhood; rough-set approximation,granular-ball generation; neighborhood,radius/distance,not reported in metadata/abstract,not reported in metadata/abstract,not reported in metadata/abstract,classification decision; ranking/selection,rough-set reducer,requires full-text verification,not reported in metadata/abstract,requires full-text verification,requires full-text verification,unknown; repository search pending,requires full-text verification,not inferred before method/full-text review,abstract-coded,https://doi.org/10.1109/icccbda55098.2022.9778889,"Controlled keyword coding; unknown fields are deliberate, not negative evidence."
P0013,Rule Inference Network based on Improved Granular Ball Neighborhood Rough Set,2024,2024 7th International Conference on Intelligent Robotics and Control Engineering (IRCE),classification; feature selection,granular ball; rough-set neighborhood; rough-set approximation,granular-ball generation; neighborhood,not reported in metadata/abstract,not reported in metadata/abstract,not reported in metadata/abstract,not reported in metadata/abstract,classification decision; ranking/selection,neural network; rough-set reducer,requires full-text verification,not reported in metadata/abstract,requires full-text verification,requires full-text verification,unknown; repository search pending,requires full-text verification,not inferred before method/full-text review,abstract-coded,https://doi.org/10.1109/irce62232.2024.10739779,"Controlled keyword coding; unknown fields are deliberate, not negative evidence."
P0014,Boundary-driven granular ball generation and classification via three-way decision,2026,Information Sciences,classification; decision analysis,granular ball,granular-ball generation,not reported in metadata/abstract,not reported in metadata/abstract,not reported in metadata/abstract,three-way boundary/defer region,three-way accept/defer/reject; classification decision,not reported in metadata/abstract,requires full-text verification,not reported in metadata/abstract,requires full-text verification,requires full-text verification,unknown; repository search pending,requires full-text verification,not inferred before method/full-text review,metadata-only,https://doi.org/10.1016/j.ins.2026.123780,"Controlled keyword coding; unknown fields are deliberate, not negative evidence."
P0015,Granular-Ball Three-Way Decision for Robust Text Classification,2025,Lecture Notes in Computer Science,classification; decision analysis,granular ball,granular-ball generation,not reported in metadata/abstract,not reported in metadata/abstract,not reported in metadata/abstract,three-way boundary/defer region,three-way accept/defer/reject; classification decision,not reported in metadata/abstract,requires full-text verification,not reported in metadata/abstract,requires full-text verification,requires full-text verification,unknown; repository search pending,requires full-text verification,not inferred before method/full-text review,metadata-only,https://doi.org/10.1007/978-3-031-92741-6_12,"Controlled keyword coding; unknown fields are deliberate, not negative evidence."
P0016,A Granular-Ball SVM Based on Three-Way Decision,2025,Lecture Notes in Computer Science,decision analysis,granular ball,granular-ball generation,not reported in metadata/abstract,not reported in metadata/abstract,not reported in metadata/abstract,three-way boundary/defer region,three-way accept/defer/reject,SVM,requires full-text verification,not reported in metadata/abstract,requires full-text verification,requires full-text verification,unknown; repository search pending,requires full-text verification,not inferred before method/full-text review,metadata-only,https://doi.org/10.1007/978-3-031-92741-6_3,"Controlled keyword coding; unknown fields are deliberate, not negative evidence."
P0017,MFGB-S3W Denoiser: Multi-scale Fuzzy Granular-Ball and Sequential Three-Way Decision for Remote Sensing Image Denoising,2026,Communications in Computer and Information Science,decision analysis,granular ball; fuzzy granule,granular-ball generation; fuzzy,not reported in metadata/abstract,not reported in metadata/abstract,not reported in metadata/abstract,three-way boundary/defer region,three-way accept/defer/reject,not reported in metadata/abstract,requires full-text verification,not reported in metadata/abstract,requires full-text verification,requires full-text verification,unknown; repository search pending,requires full-text verification,not inferred before method/full-text review,metadata-only,https://doi.org/10.1007/978-981-95-8262-4_11,"Controlled keyword coding; unknown fields are deliberate, not negative evidence."
P0018,Granular Ball Fuzzy Neighborhood Rough Sets-Based Feature Selection via Multiobjective Mayfly Optimization,2024,IEEE Transactions on Fuzzy Systems,classification; feature selection,granular ball; rough-set neighborhood; rough-set approximation,granular-ball generation; neighborhood,entropy/information; radius/distance,not reported in metadata/abstract,not reported in metadata/abstract,entropy,classification decision; ranking/selection,rough-set reducer,requires full-text verification,not reported in metadata/abstract,requires full-text verification,requires full-text verification,unknown; repository search pending,requires full-text verification,not inferred before method/full-text review,abstract-coded,https://doi.org/10.1109/tfuzz.2024.3440575,"Controlled keyword coding; unknown fields are deliberate, not negative evidence."
P0019,Intuitionistic Fuzzy Three-Way Decision Model Based on the Three-Way Granular Computing Method,2020,Symmetry,decision analysis,points/objects or not reported,not reported in metadata/abstract,not reported in metadata/abstract,not reported in metadata/abstract,not reported in metadata/abstract,three-way boundary/defer region; probabilistic,three-way accept/defer/reject,not reported in metadata/abstract,requires full-text verification,not reported in metadata/abstract,requires full-text verification,requires full-text verification,unknown; repository search pending,requires full-text verification,not inferred before method/full-text review,abstract-coded,https://doi.org/10.3390/sym12071068,"Controlled keyword coding; unknown fields are deliberate, not negative evidence."
P0020,A Three-Way Incremental Granular-Ball Classifier Using Shadowed Set,2026,IEEE Transactions on Emerging Topics in Computational Intelligence,classification; stream/online learning; decision analysis,granular ball; shadowed set,granular-ball generation,not reported in metadata/abstract,not reported in metadata/abstract,not reported in metadata/abstract,three-way boundary/defer region,three-way accept/defer/reject; classification decision,not reported in metadata/abstract,requires full-text verification,not reported in metadata/abstract,requires full-text verification,requires full-text verification,unknown; repository search pending,requires full-text verification,not inferred before method/full-text review,abstract-coded,https://doi.org/10.1109/tetci.2026.3657948,"Controlled keyword coding; unknown fields are deliberate, not negative evidence."
P0021,Attribute reduction for partially labeled hybrid data based on generalized granular-ball neighborhood rough set model and Student-t kernel,2026,Information Sciences,feature selection,granular ball; rough-set neighborhood; rough-set approximation,granular-ball generation; neighborhood,not reported in metadata/abstract,not reported in metadata/abstract,not reported in metadata/abstract,not reported in metadata/abstract,ranking/selection,rough-set reducer,requires full-text verification,not reported in metadata/abstract,requires full-text verification,requires full-text verification,unknown; repository search pending,requires full-text verification,not inferred before method/full-text review,metadata-only,https://doi.org/10.1016/j.ins.2026.123424,"Controlled keyword coding; unknown fields are deliberate, not negative evidence."
P0022,Incremental reduction methods based on granular ball neighborhood rough sets and attribute grouping,2023,International Journal of Approximate Reasoning,not reported in metadata/abstract,granular ball; rough-set neighborhood; rough-set approximation,granular-ball generation; neighborhood,not reported in metadata/abstract,not reported in metadata/abstract,not reported in metadata/abstract,not reported in metadata/abstract,not reported in metadata/abstract,not reported in metadata/abstract,requires full-text verification,not reported in metadata/abstract,requires full-text verification,requires full-text verification,unknown; repository search pending,requires full-text verification,not inferred before method/full-text review,metadata-only,https://doi.org/10.1016/j.ijar.2023.108974,"Controlled keyword coding; unknown fields are deliberate, not negative evidence."
P0023,Efficient and rapid attribute reduction based on local T-spherical fuzzy granular ball neighborhood rough sets,2026,Applied Soft Computing,feature selection,granular ball; rough-set neighborhood; rough-set approximation; fuzzy granule,granular-ball generation; neighborhood; fuzzy,not reported in metadata/abstract,not reported in metadata/abstract,not reported in metadata/abstract,not reported in metadata/abstract,ranking/selection,rough-set reducer,requires full-text verification,not reported in metadata/abstract,requires full-text verification,requires full-text verification,unknown; repository search pending,requires full-text verification,not inferred before method/full-text review,metadata-only,https://doi.org/10.1016/j.asoc.2025.114091,"Controlled keyword coding; unknown fields are deliberate, not negative evidence."
P0024,A three-way decision combining multi-granularity variable precision fuzzy rough set and TOPSIS method,2025,International Journal of Approximate Reasoning,decision analysis,rough-set approximation; fuzzy granule,fuzzy,not reported in metadata/abstract,not reported in metadata/abstract,not reported in metadata/abstract,three-way boundary/defer region; fuzzy membership,three-way accept/defer/reject,not reported in metadata/abstract,requires full-text verification,not reported in metadata/abstract,requires full-text verification,requires full-text verification,unknown; repository search pending,requires full-text verification,not inferred before method/full-text review,metadata-only,https://doi.org/10.1016/j.ijar.2024.109318,"Controlled keyword coding; unknown fields are deliberate, not negative evidence."
P0025,Sequential Three-Way Decision of Tolerance- Based Multi-Granularity Fuzzy-Rough Sets,2019,IEEE Access,decision analysis,rough-set approximation; fuzzy granule,hierarchical/multi-level; fuzzy,not reported in metadata/abstract,not reported in metadata/abstract,not reported in metadata/abstract,three-way boundary/defer region; fuzzy membership,three-way accept/defer/reject,not reported in metadata/abstract,requires full-text verification,not reported in metadata/abstract,requires full-text verification,requires full-text verification,unknown; repository search pending,requires full-text verification,not inferred before method/full-text review,abstract-coded,https://doi.org/10.1109/access.2019.2954086,"Controlled keyword coding; unknown fields are deliberate, not negative evidence."
P0026,Three-way decision with granular rough sets,2025,Applied Soft Computing,decision analysis,rough-set approximation,not reported in metadata/abstract,not reported in metadata/abstract,not reported in metadata/abstract,not reported in metadata/abstract,three-way boundary/defer region,three-way accept/defer/reject,not reported in metadata/abstract,requires full-text verification,not reported in metadata/abstract,requires full-text verification,requires full-text verification,unknown; repository search pending,requires full-text verification,not inferred before method/full-text review,metadata-only,https://doi.org/10.1016/j.asoc.2025.113344,"Controlled keyword coding; unknown fields are deliberate, not negative evidence."
P0027,A novel granular computing model based on three-way decision,2022,International Journal of Approximate Reasoning,decision analysis,points/objects or not reported,not reported in metadata/abstract,not reported in metadata/abstract,not reported in metadata/abstract,not reported in metadata/abstract,three-way boundary/defer region,three-way accept/defer/reject,not reported in metadata/abstract,requires full-text verification,not reported in metadata/abstract,requires full-text verification,requires full-text verification,unknown; repository search pending,requires full-text verification,not inferred before method/full-text review,metadata-only,https://doi.org/10.1016/j.ijar.2022.01.015,"Controlled keyword coding; unknown fields are deliberate, not negative evidence."
P0028,"New advances in three-way decision, granular computing and concept lattice",2020,International Journal of Machine Learning and Cybernetics,decision analysis,points/objects or not reported,not reported in metadata/abstract,not reported in metadata/abstract,not reported in metadata/abstract,not reported in metadata/abstract,three-way boundary/defer region,three-way accept/defer/reject,not reported in metadata/abstract,requires full-text verification,not reported in metadata/abstract,requires full-text verification,requires full-text verification,unknown; repository search pending,requires full-text verification,not inferred before method/full-text review,metadata-only,https://doi.org/10.1007/s13042-020-01117-3,"Controlled keyword coding; unknown fields are deliberate, not negative evidence."
P0029,Knowledge enhanced data analytics based on three-way decision and granular computing,2025,Applied Soft Computing,decision analysis,points/objects or not reported,not reported in metadata/abstract,not reported in metadata/abstract,not reported in metadata/abstract,not reported in metadata/abstract,three-way boundary/defer region,three-way accept/defer/reject,not reported in metadata/abstract,requires full-text verification,not reported in metadata/abstract,requires full-text verification,requires full-text verification,unknown; repository search pending,requires full-text verification,not inferred before method/full-text review,metadata-only,https://doi.org/10.1016/j.asoc.2025.112712,"Controlled keyword coding; unknown fields are deliberate, not negative evidence."
P0030,Fuzzy Advantage Granular Ball Rough Set for Feature Selection via Deep Reinforcement Learning,2026,IEEE Transactions on Fuzzy Systems,classification; feature selection,granular ball; rough-set approximation; fuzzy granule,granular-ball generation; fuzzy,purity,not reported in metadata/abstract,not reported in metadata/abstract,purity proxy,classification decision; ranking/selection,rough-set reducer,requires full-text verification,not reported in metadata/abstract,requires full-text verification,requires full-text verification,unknown; repository search pending,requires full-text verification,not inferred before method/full-text review,abstract-coded,https://doi.org/10.1109/tfuzz.2026.3670185,"Controlled keyword coding; unknown fields are deliberate, not negative evidence."
P0031,Granular Computing and Sequential Three-Way Decisions,2013,Lecture Notes in Computer Science,decision analysis,points/objects or not reported,not reported in metadata/abstract,not reported in metadata/abstract,not reported in metadata/abstract,not reported in metadata/abstract,three-way boundary/defer region,three-way accept/defer/reject,not reported in metadata/abstract,requires full-text verification,not reported in metadata/abstract,requires full-text verification,requires full-text verification,unknown; repository search pending,requires full-text verification,not inferred before method/full-text review,metadata-only,https://doi.org/10.1007/978-3-642-41299-8_3,"Controlled keyword coding; unknown fields are deliberate, not negative evidence."
P0032,Advances in three-way decisions and granular computing,2016,Knowledge-Based Systems,decision analysis,points/objects or not reported,not reported in metadata/abstract,not reported in metadata/abstract,not reported in metadata/abstract,not reported in metadata/abstract,three-way boundary/defer region,three-way accept/defer/reject,not reported in metadata/abstract,requires full-text verification,not reported in metadata/abstract,requires full-text verification,requires full-text verification,unknown; repository search pending,requires full-text verification,not inferred before method/full-text review,metadata-only,https://doi.org/10.1016/j.knosys.2015.10.026,"Controlled keyword coding; unknown fields are deliberate, not negative evidence."
P0033,Granular-ball fuzzy rough set-based semi-supervised feature selection for label distribution learning,2026,Applied Soft Computing,feature selection,granular ball; rough-set approximation; fuzzy granule,granular-ball generation; fuzzy,not reported in metadata/abstract,not reported in metadata/abstract,not reported in metadata/abstract,fuzzy membership,ranking/selection,rough-set reducer,requires full-text verification,not reported in metadata/abstract,requires full-text verification,requires full-text verification,unknown; repository search pending,requires full-text verification,not inferred before method/full-text review,metadata-only,https://doi.org/10.1016/j.asoc.2026.115865,"Controlled keyword coding; unknown fields are deliberate, not negative evidence."
P0034,A Robust Three-Way Classifier With Shadowed Granular Balls Based on Justifiable Granularity,2025,IEEE Transactions on Neural Networks and Learning Systems,classification,granular ball,granular-ball generation,entropy/information,not reported in metadata/abstract,not reported in metadata/abstract,three-way boundary/defer region; entropy,classification decision,not reported in metadata/abstract,requires full-text verification,not reported in metadata/abstract,requires full-text verification,requires full-text verification,unknown; repository search pending,requires full-text verification,not inferred before method/full-text review,abstract-coded,https://doi.org/10.1109/tnnls.2025.3563889,"Controlled keyword coding; unknown fields are deliberate, not negative evidence."
P0035,Innovative multi-granularity granular-balls rough set for feature selection: Driving generalized multi-granularity rough set evolution with Zentropy integration,2025,Information Sciences,clustering; feature selection,granular ball; rough-set approximation,granular-ball generation,entropy/information,not reported in metadata/abstract,not reported in metadata/abstract,entropy,ranking/selection; cluster assignment,rough-set reducer,requires full-text verification,not reported in metadata/abstract,requires full-text verification,requires full-text verification,unknown; repository search pending,requires full-text verification,not inferred before method/full-text review,abstract-coded,https://doi.org/10.1016/j.ins.2025.122411,"Controlled keyword coding; unknown fields are deliberate, not negative evidence."
P0036,Improving multi-label classification under imbalance: A granular-ball rough set approach,2026,International Journal of Approximate Reasoning,classification,granular ball; rough-set approximation,granular-ball generation,not reported in metadata/abstract,not reported in metadata/abstract,not reported in metadata/abstract,not reported in metadata/abstract,classification decision,not reported in metadata/abstract,requires full-text verification,not reported in metadata/abstract,requires full-text verification,requires full-text verification,unknown; repository search pending,requires full-text verification,not inferred before method/full-text review,metadata-only,https://doi.org/10.1016/j.ijar.2026.109669,"Controlled keyword coding; unknown fields are deliberate, not negative evidence."
P0037,A Weighted Granular-Ball Rough Set: Model and Attribute Reduction,2024,2024 International Conference on Machine Learning and Cybernetics (ICMLC),classification; feature selection,granular ball; rough-set neighborhood; rough-set approximation,granular-ball generation; neighborhood,not reported in metadata/abstract,not reported in metadata/abstract,not reported in metadata/abstract,not reported in metadata/abstract,classification decision; ranking/selection,rough-set reducer,requires full-text verification,not reported in metadata/abstract,requires full-text verification,requires full-text verification,unknown; repository search pending,requires full-text verification,not inferred before method/full-text review,abstract-coded,https://doi.org/10.1109/icmlc63072.2024.10935042,"Controlled keyword coding; unknown fields are deliberate, not negative evidence."
P0038,An integrated weighted granular-ball rough set model for attribute reduction,2026,Knowledge and Information Systems,feature selection,granular ball; rough-set approximation,granular-ball generation,not reported in metadata/abstract,not reported in metadata/abstract,not reported in metadata/abstract,not reported in metadata/abstract,ranking/selection,rough-set reducer,requires full-text verification,not reported in metadata/abstract,requires full-text verification,requires full-text verification,unknown; repository search pending,requires full-text verification,not inferred before method/full-text review,metadata-only,https://doi.org/10.1007/s10115-026-02849-4,"Controlled keyword coding; unknown fields are deliberate, not negative evidence."
P0039,Clinical Medical Test Decision-Making of Liver Disease Using Granular-Ball Rough Set,2024,Lecture Notes in Computer Science,decision analysis,granular ball; rough-set approximation,granular-ball generation,not reported in metadata/abstract,not reported in metadata/abstract,not reported in metadata/abstract,not reported in metadata/abstract,not reported in metadata/abstract,not reported in metadata/abstract,requires full-text verification,not reported in metadata/abstract,requires full-text verification,requires full-text verification,unknown; repository search pending,requires full-text verification,not inferred before method/full-text review,metadata-only,https://doi.org/10.1007/978-3-031-65668-2_18,"Controlled keyword coding; unknown fields are deliberate, not negative evidence."
P0040,Granular-ball rough set for robust twin support vector classification in medical image detection,2026,Applied Soft Computing,classification,granular ball; rough-set approximation,granular-ball generation,not reported in metadata/abstract,not reported in metadata/abstract,not reported in metadata/abstract,not reported in metadata/abstract,classification decision,not reported in metadata/abstract,requires full-text verification,not reported in metadata/abstract,requires full-text verification,requires full-text verification,unknown; repository search pending,requires full-text verification,not inferred before method/full-text review,metadata-only,https://doi.org/10.1016/j.asoc.2026.115875,"Controlled keyword coding; unknown fields are deliberate, not negative evidence."
P0041,Structured approximations as a basis for three-way decisions in rough set theory,2019,Knowledge-Based Systems,decision analysis,rough-set approximation,not reported in metadata/abstract,not reported in metadata/abstract,not reported in metadata/abstract,not reported in metadata/abstract,three-way boundary/defer region,three-way accept/defer/reject,not reported in metadata/abstract,requires full-text verification,not reported in metadata/abstract,requires full-text verification,requires full-text verification,unknown; repository search pending,requires full-text verification,not inferred before method/full-text review,abstract-coded,https://doi.org/10.1016/j.knosys.2018.11.022,"Controlled keyword coding; unknown fields are deliberate, not negative evidence."
P0042,Multi-objective attribute reduction in three-way decision-theoretic rough set model,2019,International Journal of Approximate Reasoning,classification; feature selection; decision analysis,rough-set approximation,not reported in metadata/abstract,not reported in metadata/abstract,not reported in metadata/abstract,not reported in metadata/abstract,three-way boundary/defer region,three-way accept/defer/reject; classification decision; ranking/selection,rough-set reducer,requires full-text verification,not reported in metadata/abstract,requires full-text verification,requires full-text verification,unknown; repository search pending,requires full-text verification,not inferred before method/full-text review,abstract-coded,https://doi.org/10.1016/j.ijar.2018.12.008,"Controlled keyword coding; unknown fields are deliberate, not negative evidence."
P0043,On modeling similarity and three-way decision under incomplete information in rough set theory,2020,Knowledge-Based Systems,classification; decision analysis,rough-set approximation,not reported in metadata/abstract,not reported in metadata/abstract,not reported in metadata/abstract,not reported in metadata/abstract,three-way boundary/defer region,three-way accept/defer/reject; classification decision,not reported in metadata/abstract,requires full-text verification,not reported in metadata/abstract,requires full-text verification,requires full-text verification,unknown; repository search pending,requires full-text verification,not inferred before method/full-text review,abstract-coded,https://doi.org/10.1016/j.knosys.2019.105251,"Controlled keyword coding; unknown fields are deliberate, not negative evidence."
P0044,A three-way decision method based on fuzzy rough set models under incomplete environments,2021,Information Sciences,decision analysis,rough-set approximation; fuzzy granule,fuzzy,not reported in metadata/abstract,not reported in metadata/abstract,not reported in metadata/abstract,three-way boundary/defer region; fuzzy membership,three-way accept/defer/reject,not reported in metadata/abstract,requires full-text verification,not reported in metadata/abstract,requires full-text verification,requires full-text verification,unknown; repository search pending,requires full-text verification,not inferred before method/full-text review,metadata-only,https://doi.org/10.1016/j.ins.2021.06.088,"Controlled keyword coding; unknown fields are deliberate, not negative evidence."
P0045,Three-way decision based on confidence level change in rough set,2022,International Journal of Approximate Reasoning,decision analysis,rough-set approximation,not reported in metadata/abstract,not reported in metadata/abstract,not reported in metadata/abstract,not reported in metadata/abstract,three-way boundary/defer region,three-way accept/defer/reject,not reported in metadata/abstract,requires full-text verification,not reported in metadata/abstract,requires full-text verification,requires full-text verification,unknown; repository search pending,requires full-text verification,not inferred before method/full-text review,metadata-only,https://doi.org/10.1016/j.ijar.2022.01.007,"Controlled keyword coding; unknown fields are deliberate, not negative evidence."
P0046,Three-Way Decisions Making Using Covering Based Fractional Orthotriple Fuzzy Rough Set Model,2020,Mathematics,decision analysis,rough-set approximation; fuzzy granule,fuzzy,not reported in metadata/abstract,not reported in metadata/abstract,not reported in metadata/abstract,three-way boundary/defer region; fuzzy membership,three-way accept/defer/reject,not reported in metadata/abstract,requires full-text verification,not reported in metadata/abstract,requires full-text verification,requires full-text verification,unknown; repository search pending,requires full-text verification,not inferred before method/full-text review,abstract-coded,https://doi.org/10.3390/math8071121,"Controlled keyword coding; unknown fields are deliberate, not negative evidence."
P0047,Conflict Analysis Triggered by Three-Way Decision and Pythagorean Fuzzy Rough Set,2024,International Journal of Computational Intelligence Systems,decision analysis,rough-set approximation; fuzzy granule,multi-granulation; fuzzy,not reported in metadata/abstract,not reported in metadata/abstract,not reported in metadata/abstract,three-way boundary/defer region; fuzzy membership,three-way accept/defer/reject,not reported in metadata/abstract,requires full-text verification,not reported in metadata/abstract,requires full-text verification,requires full-text verification,unknown; repository search pending,requires full-text verification,not inferred before method/full-text review,abstract-coded,https://doi.org/10.1007/s44196-023-00378-4,"Controlled keyword coding; unknown fields are deliberate, not negative evidence."
P0048,Three-way decisions with decision-theoretic rough sets based on covering-based q-rung orthopair fuzzy rough set model,2021,Journal of Intelligent &amp; Fuzzy Systems,decision analysis,rough-set approximation; fuzzy granule,fuzzy,not reported in metadata/abstract,not reported in metadata/abstract,not reported in metadata/abstract,three-way boundary/defer region; fuzzy membership,three-way accept/defer/reject,not reported in metadata/abstract,requires full-text verification,not reported in metadata/abstract,requires full-text verification,requires full-text verification,unknown; repository search pending,requires full-text verification,not inferred before method/full-text review,abstract-coded,https://doi.org/10.3233/jifs-202291,"Controlled keyword coding; unknown fields are deliberate, not negative evidence."
P0049,Constructing Robust Fuzzy Rough Set Models Based on Three-way Decisions,2021,Cognitive Computation,decision analysis,rough-set approximation; fuzzy granule,fuzzy,not reported in metadata/abstract,not reported in metadata/abstract,not reported in metadata/abstract,three-way boundary/defer region; fuzzy membership,three-way accept/defer/reject,not reported in metadata/abstract,requires full-text verification,not reported in metadata/abstract,requires full-text verification,requires full-text verification,unknown; repository search pending,requires full-text verification,not inferred before method/full-text review,metadata-only,https://doi.org/10.1007/s12559-021-09863-4,"Controlled keyword coding; unknown fields are deliberate, not negative evidence."
P0050,Conflict Analysis Based on Three-Way Decision Theoretic Fuzzy Rough Set over Two Universes,2020,Ingénierie des systèmes d information,decision analysis,rough-set approximation; fuzzy granule,fuzzy,not reported in metadata/abstract,not reported in metadata/abstract,not reported in metadata/abstract,three-way boundary/defer region; fuzzy membership,three-way accept/defer/reject,not reported in metadata/abstract,requires full-text verification,not reported in metadata/abstract,requires full-text verification,requires full-text verification,unknown; repository search pending,requires full-text verification,not inferred before method/full-text review,abstract-coded,https://doi.org/10.18280/isi.250110,"Controlled keyword coding; unknown fields are deliberate, not negative evidence."
P0051,A Three-Way Decision Approach Combining Probabilistic and Decision-Theoretic Rough Set,2022,2022 IEEE/ACIS 22nd International Conference on Computer and Information Science (ICIS),decision analysis,rough-set approximation,not reported in metadata/abstract,not reported in metadata/abstract,not reported in metadata/abstract,not reported in metadata/abstract,three-way boundary/defer region; probabilistic,three-way accept/defer/reject,not reported in metadata/abstract,requires full-text verification,not reported in metadata/abstract,requires full-text verification,requires full-text verification,unknown; repository search pending,requires full-text verification,not inferred before method/full-text review,abstract-coded,https://doi.org/10.1109/icis54925.2022.9882483,"Controlled keyword coding; unknown fields are deliberate, not negative evidence."
P0052,Linguistic Z Number Fuzzy Probabilistic Rough Set and Their Corresponding Three-Way Decisions,2024,Studies in Fuzziness and Soft Computing,decision analysis,rough-set approximation,not reported in metadata/abstract,not reported in metadata/abstract,not reported in metadata/abstract,not reported in metadata/abstract,three-way boundary/defer region; probabilistic,three-way accept/defer/reject,not reported in metadata/abstract,requires full-text verification,not reported in metadata/abstract,requires full-text verification,requires full-text verification,unknown; repository search pending,requires full-text verification,not inferred before method/full-text review,metadata-only,https://doi.org/10.1007/978-3-031-65854-9_1,"Controlled keyword coding; unknown fields are deliberate, not negative evidence."
P0053,An Ensemble Method for Constructing Three-Way Decision Rules with Granular Rough Sets,2026,Lecture Notes in Computer Science,decision analysis,rough-set approximation,not reported in metadata/abstract,not reported in metadata/abstract,not reported in metadata/abstract,not reported in metadata/abstract,three-way boundary/defer region,three-way accept/defer/reject,not reported in metadata/abstract,requires full-text verification,not reported in metadata/abstract,requires full-text verification,requires full-text verification,unknown; repository search pending,requires full-text verification,not inferred before method/full-text review,metadata-only,https://doi.org/10.1007/978-3-032-30228-1_26,"Controlled keyword coding; unknown fields are deliberate, not negative evidence."
P0054,Two-Direction Dynamic Three-Way Decision Algorithm Based on PS-Rough Set,2019,2019 IEEE 14th International Conference on Intelligent Systems and Knowledge Engineering (ISKE),decision analysis,rough-set approximation,not reported in metadata/abstract,not reported in metadata/abstract,not reported in metadata/abstract,not reported in metadata/abstract,three-way boundary/defer region; probabilistic,three-way accept/defer/reject,not reported in metadata/abstract,requires full-text verification,not reported in metadata/abstract,requires full-text verification,requires full-text verification,unknown; repository search pending,requires full-text verification,not inferred before method/full-text review,abstract-coded,https://doi.org/10.1109/iske47853.2019.9170358,"Controlled keyword coding; unknown fields are deliberate, not negative evidence."
P0055,Weighted granular-ball rough sets: A granular learning framework for robust feature selection and fault diagnosis,2026,Pattern Recognition,feature selection,granular ball; rough-set approximation,granular-ball generation,not reported in metadata/abstract,not reported in metadata/abstract,not reported in metadata/abstract,not reported in metadata/abstract,ranking/selection,rough-set reducer,requires full-text verification,not reported in metadata/abstract,requires full-text verification,requires full-text verification,unknown; repository search pending,requires full-text verification,not inferred before method/full-text review,metadata-only,https://doi.org/10.1016/j.patcog.2026.114416,"Controlled keyword coding; unknown fields are deliberate, not negative evidence."
P0056,Structure-aware granular ball clustering,2026,Information Sciences,clustering,granular ball,granular-ball generation,not reported in metadata/abstract,not reported in metadata/abstract,not reported in metadata/abstract,not reported in metadata/abstract,cluster assignment,not reported in metadata/abstract,requires full-text verification,not reported in metadata/abstract,requires full-text verification,requires full-text verification,unknown; repository search pending,requires full-text verification,not inferred before method/full-text review,metadata-only,https://doi.org/10.1016/j.ins.2026.123224,"Controlled keyword coding; unknown fields are deliberate, not negative evidence."
P0057,"The Shadowed Set, Intuitionistic Fuzzy Set and their Three-way Decision",2022,Journal of Mathematics and Informatics,decision analysis,shadowed set,not reported in metadata/abstract,not reported in metadata/abstract,not reported in metadata/abstract,not reported in metadata/abstract,three-way boundary/defer region,three-way accept/defer/reject,not reported in metadata/abstract,requires full-text verification,not reported in metadata/abstract,requires full-text verification,requires full-text verification,unknown; repository search pending,requires full-text verification,not inferred before method/full-text review,abstract-coded,https://doi.org/10.22457/jmi.v22a02206,"Controlled keyword coding; unknown fields are deliberate, not negative evidence."
P0058,Natural granular-ball anomaly detection,2026,Applied Soft Computing,anomaly/outlier detection,granular ball,granular-ball generation,not reported in metadata/abstract,not reported in metadata/abstract,not reported in metadata/abstract,not reported in metadata/abstract,not reported in metadata/abstract,not reported in metadata/abstract,requires full-text verification,not reported in metadata/abstract,requires full-text verification,requires full-text verification,unknown; repository search pending,requires full-text verification,not inferred before method/full-text review,metadata-only,https://doi.org/10.1016/j.asoc.2026.115147,"Controlled keyword coding; unknown fields are deliberate, not negative evidence."
P0059,Detecting anomalies with granular-ball fuzzy rough sets,2024,Information Sciences,not reported in metadata/abstract,granular ball; rough-set approximation; fuzzy granule,granular-ball generation; fuzzy,not reported in metadata/abstract,not reported in metadata/abstract,not reported in metadata/abstract,fuzzy membership,not reported in metadata/abstract,not reported in metadata/abstract,requires full-text verification,not reported in metadata/abstract,requires full-text verification,requires full-text verification,unknown; repository search pending,requires full-text verification,not inferred before method/full-text review,metadata-only,https://doi.org/10.1016/j.ins.2024.121016,"Controlled keyword coding; unknown fields are deliberate, not negative evidence."
P0060,Online group streaming feature selection based on fuzzy neighborhood granular ball rough sets,2024,Expert Systems with Applications,feature selection; stream/online learning,granular ball; rough-set approximation,granular-ball generation,not reported in metadata/abstract,not reported in metadata/abstract,not reported in metadata/abstract,not reported in metadata/abstract,ranking/selection,rough-set reducer,requires full-text verification,not reported in metadata/abstract,requires full-text verification,requires full-text verification,unknown; repository search pending,requires full-text verification,not inferred before method/full-text review,metadata-only,https://doi.org/10.1016/j.eswa.2024.123778,"Controlled keyword coding; unknown fields are deliberate, not negative evidence."
P0061,Fuzzy neighborhood based variable-precision granular-ball rough sets with applications to feature selection,2025,Fuzzy Sets and Systems,feature selection,granular ball; rough-set approximation,granular-ball generation,not reported in metadata/abstract,not reported in metadata/abstract,not reported in metadata/abstract,not reported in metadata/abstract,ranking/selection,rough-set reducer,requires full-text verification,not reported in metadata/abstract,requires full-text verification,requires full-text verification,unknown; repository search pending,requires full-text verification,not inferred before method/full-text review,metadata-only,https://doi.org/10.1016/j.fss.2025.109382,"Controlled keyword coding; unknown fields are deliberate, not negative evidence."
P0062,Semi-overlap Functions Based Granular Ball Fuzzy Rough Sets for Feature Selection and Anomaly Detection,2026,International Journal of Approximate Reasoning,feature selection; anomaly/outlier detection,granular ball; rough-set approximation; fuzzy granule,granular-ball generation; fuzzy,not reported in metadata/abstract,not reported in metadata/abstract,not reported in metadata/abstract,fuzzy membership,ranking/selection,rough-set reducer,requires full-text verification,not reported in metadata/abstract,requires full-text verification,requires full-text verification,unknown; repository search pending,requires full-text verification,not inferred before method/full-text review,metadata-only,https://doi.org/10.1016/j.ijar.2026.109807,"Controlled keyword coding; unknown fields are deliberate, not negative evidence."
P0063,Structure-aware granular-ball hypergraph learning,2026,Engineering Applications of Artificial Intelligence,graph learning,granular ball,granular-ball generation,not reported in metadata/abstract,not reported in metadata/abstract,not reported in metadata/abstract,not reported in metadata/abstract,not reported in metadata/abstract,not reported in metadata/abstract,requires full-text verification,not reported in metadata/abstract,requires full-text verification,requires full-text verification,unknown; repository search pending,requires full-text verification,not inferred before method/full-text review,metadata-only,https://doi.org/10.1016/j.engappai.2026.115428,"Controlled keyword coding; unknown fields are deliberate, not negative evidence."
P0064,A novel granular ball computing-based fuzzy rough set for feature selection in label distribution learning,2023,Knowledge-Based Systems,feature selection,granular ball; rough-set approximation; fuzzy granule,granular-ball generation; fuzzy,not reported in metadata/abstract,not reported in metadata/abstract,not reported in metadata/abstract,fuzzy membership,ranking/selection,rough-set reducer,requires full-text verification,not reported in metadata/abstract,requires full-text verification,requires full-text verification,unknown; repository search pending,requires full-text verification,not inferred before method/full-text review,metadata-only,https://doi.org/10.1016/j.knosys.2023.110898,"Controlled keyword coding; unknown fields are deliberate, not negative evidence."
P0065,A novel variable-precision granular-ball fuzzy rough set and its application in feature subset selection,2025,Applied Soft Computing,not reported in metadata/abstract,granular ball; rough-set approximation; fuzzy granule,granular-ball generation; fuzzy,not reported in metadata/abstract,not reported in metadata/abstract,not reported in metadata/abstract,fuzzy membership,not reported in metadata/abstract,not reported in metadata/abstract,requires full-text verification,not reported in metadata/abstract,requires full-text verification,requires full-text verification,unknown; repository search pending,requires full-text verification,not inferred before method/full-text review,metadata-only,https://doi.org/10.1016/j.asoc.2025.113597,"Controlled keyword coding; unknown fields are deliberate, not negative evidence."
P0066,Accelerated Feature Selection Based on Granular-Ball Rough Sets,2025,Lecture Notes in Computer Science,feature selection,granular ball; rough-set approximation,granular-ball generation,not reported in metadata/abstract,not reported in metadata/abstract,not reported in metadata/abstract,not reported in metadata/abstract,ranking/selection,rough-set reducer,requires full-text verification,not reported in metadata/abstract,requires full-text verification,requires full-text verification,unknown; repository search pending,requires full-text verification,not inferred before method/full-text review,metadata-only,https://doi.org/10.1007/978-3-031-92744-7_16,"Controlled keyword coding; unknown fields are deliberate, not negative evidence."
P0067,A review of sequential three-way decision and multi-granularity learning,2023,International Journal of Approximate Reasoning,decision analysis,points/objects or not reported,not reported in metadata/abstract,not reported in metadata/abstract,not reported in metadata/abstract,not reported in metadata/abstract,three-way boundary/defer region,three-way accept/defer/reject,not reported in metadata/abstract,requires full-text verification,not reported in metadata/abstract,requires full-text verification,requires full-text verification,unknown; repository search pending,requires full-text verification,not inferred before method/full-text review,metadata-only,https://doi.org/10.1016/j.ijar.2022.11.007,"Controlled keyword coding; unknown fields are deliberate, not negative evidence."
P0068,Granular Sequential Three-Way Decision for Specific Decision Classes,2025,IEEE Transactions on Fuzzy Systems,classification; feature selection; decision analysis,points/objects or not reported,not reported in metadata/abstract,not reported in metadata/abstract,not reported in metadata/abstract,not reported in metadata/abstract,three-way boundary/defer region,three-way accept/defer/reject; classification decision; ranking/selection,rough-set reducer,requires full-text verification,not reported in metadata/abstract,requires full-text verification,requires full-text verification,unknown; repository search pending,requires full-text verification,not inferred before method/full-text review,abstract-coded,https://doi.org/10.1109/tfuzz.2025.3529459,"Controlled keyword coding; unknown fields are deliberate, not negative evidence."
P0069,Three-way decisions with probabilistic rough sets,2010,Information Sciences,decision analysis,rough-set approximation,not reported in metadata/abstract,not reported in metadata/abstract,not reported in metadata/abstract,not reported in metadata/abstract,three-way boundary/defer region; probabilistic,three-way accept/defer/reject,not reported in metadata/abstract,requires full-text verification,not reported in metadata/abstract,requires full-text verification,requires full-text verification,unknown; repository search pending,requires full-text verification,not inferred before method/full-text review,metadata-only,https://doi.org/10.1016/j.ins.2009.09.021,"Controlled keyword coding; unknown fields are deliberate, not negative evidence."
P0070,Rough Sets and Three-Way Decisions,2015,Lecture Notes in Computer Science,decision analysis,rough-set approximation; shadowed set,not reported in metadata/abstract,not reported in metadata/abstract,not reported in metadata/abstract,not reported in metadata/abstract,three-way boundary/defer region; probabilistic,three-way accept/defer/reject,not reported in metadata/abstract,requires full-text verification,not reported in metadata/abstract,requires full-text verification,requires full-text verification,unknown; repository search pending,requires full-text verification,not inferred before method/full-text review,abstract-coded,https://doi.org/10.1007/978-3-319-25754-9_6,"Controlled keyword coding; unknown fields are deliberate, not negative evidence."
P0071,Granular-Ball Regeneration Clustering With Principle of Justifiable Granularity,2025,IEEE Transactions on Neural Networks and Learning Systems,classification; clustering,granular ball,granular-ball generation,purity,not reported in metadata/abstract,not reported in metadata/abstract,purity proxy,classification decision; cluster assignment,kNN,requires full-text verification,not reported in metadata/abstract,requires full-text verification,requires full-text verification,unknown; repository search pending,requires full-text verification,not inferred before method/full-text review,abstract-coded,https://doi.org/10.1109/tnnls.2025.3579376,"Controlled keyword coding; unknown fields are deliberate, not negative evidence."
P0072,Three-Way Decisions Using Rough Sets,2012,Advanced Information and Knowledge Processing,decision analysis,rough-set approximation,not reported in metadata/abstract,not reported in metadata/abstract,not reported in metadata/abstract,not reported in metadata/abstract,three-way boundary/defer region,three-way accept/defer/reject,not reported in metadata/abstract,requires full-text verification,not reported in metadata/abstract,requires full-text verification,requires full-text verification,unknown; repository search pending,requires full-text verification,not inferred before method/full-text review,metadata-only,https://doi.org/10.1007/978-1-4471-2760-4_5,"Controlled keyword coding; unknown fields are deliberate, not negative evidence."
P0073,Three-way decisions based on covering rough set,2015,Journal of Intelligent &amp; Fuzzy Systems,decision analysis,rough-set approximation,not reported in metadata/abstract,not reported in metadata/abstract,not reported in metadata/abstract,not reported in metadata/abstract,three-way boundary/defer region,three-way accept/defer/reject,not reported in metadata/abstract,requires full-text verification,not reported in metadata/abstract,requires full-text verification,requires full-text verification,unknown; repository search pending,requires full-text verification,not inferred before method/full-text review,abstract-coded,https://doi.org/10.3233/ifs-151887,"Controlled keyword coding; unknown fields are deliberate, not negative evidence."
P0074,GBNOD: Granular-ball neighborhood outlier detection,2026,Neurocomputing,anomaly/outlier detection,granular ball,granular-ball generation,not reported in metadata/abstract,not reported in metadata/abstract,not reported in metadata/abstract,not reported in metadata/abstract,not reported in metadata/abstract,not reported in metadata/abstract,requires full-text verification,outliers,requires full-text verification,requires full-text verification,unknown; repository search pending,requires full-text verification,not inferred before method/full-text review,metadata-only,https://doi.org/10.1016/j.neucom.2025.132429,"Controlled keyword coding; unknown fields are deliberate, not negative evidence."
P0075,GBFRS: Robust Fuzzy Rough Sets via Granular Ball Computing,2026,IEEE Transactions on Neural Networks and Learning Systems,classification; feature selection,granular ball; rough-set approximation; fuzzy granule,granular-ball generation; fuzzy,not reported in metadata/abstract,not reported in metadata/abstract,not reported in metadata/abstract,fuzzy membership,classification decision; ranking/selection,rough-set reducer,requires full-text verification,not reported in metadata/abstract,requires full-text verification,requires full-text verification,unknown; repository search pending,requires full-text verification,not inferred before method/full-text review,abstract-coded,https://doi.org/10.1109/tnnls.2026.3681370,"Controlled keyword coding; unknown fields are deliberate, not negative evidence."
P0076,Skeleton Granular Ball Spectral Clustering Method,2026,Lecture Notes in Computer Science,clustering,granular ball,granular-ball generation,not reported in metadata/abstract,not reported in metadata/abstract,not reported in metadata/abstract,not reported in metadata/abstract,cluster assignment,not reported in metadata/abstract,requires full-text verification,not reported in metadata/abstract,requires full-text verification,requires full-text verification,unknown; repository search pending,requires full-text verification,not inferred before method/full-text review,metadata-only,https://doi.org/10.1007/978-981-92-2494-4_23,"Controlled keyword coding; unknown fields are deliberate, not negative evidence."
P0077,Neighborhood rough set-based three-way clustering considering attribute correlations: An approach to classification of potential gout groups,2020,Information Sciences,classification; clustering; feature selection; decision analysis,rough-set neighborhood; rough-set approximation,neighborhood,not reported in metadata/abstract,not reported in metadata/abstract,not reported in metadata/abstract,three-way boundary/defer region; probabilistic,classification decision; ranking/selection; cluster assignment,rough-set reducer,requires full-text verification,not reported in metadata/abstract,requires full-text verification,requires full-text verification,unknown; repository search pending,requires full-text verification,not inferred before method/full-text review,abstract-coded,https://doi.org/10.1016/j.ins.2020.05.039,"Controlled keyword coding; unknown fields are deliberate, not negative evidence."
P0078,CS3W-GBG: A Cost-Sensitive Three-Way Granular-Ball Generation Method,2025,IEEE Transactions on Fuzzy Systems,classification; decision analysis,granular ball; rough-set approximation; fuzzy granule,granular-ball generation; fuzzy,not reported in metadata/abstract,not reported in metadata/abstract,not reported in metadata/abstract,three-way boundary/defer region,three-way accept/defer/reject; classification decision,not reported in metadata/abstract,requires full-text verification,not reported in metadata/abstract,requires full-text verification,requires full-text verification,unknown; repository search pending,requires full-text verification,not inferred before method/full-text review,abstract-coded,https://doi.org/10.1109/tfuzz.2025.3596066,"Controlled keyword coding; unknown fields are deliberate, not negative evidence."
P0079,Three-way granular-ball clustering based on density peaks,2025,International Symposium on Artificial Intelligence Innovations (IS-AII 2025),classification; clustering; decision analysis,granular ball,granular-ball generation,not reported in metadata/abstract,not reported in metadata/abstract,not reported in metadata/abstract,three-way boundary/defer region,three-way accept/defer/reject; classification decision; cluster assignment,not reported in metadata/abstract,requires full-text verification,not reported in metadata/abstract,requires full-text verification,requires full-text verification,unknown; repository search pending,requires full-text verification,not inferred before method/full-text review,abstract-coded,https://doi.org/10.1117/12.3074444,"Controlled keyword coding; unknown fields are deliberate, not negative evidence."
P0080,Prediction of hydrological and water quality data based on granular-ball rough set and k-nearest neighbor analysis,2024,PLOS ONE,not reported in metadata/abstract,granular ball; rough-set approximation,granular-ball generation,not reported in metadata/abstract,not reported in metadata/abstract,not reported in metadata/abstract,not reported in metadata/abstract,not reported in metadata/abstract,kNN,requires full-text verification,not reported in metadata/abstract,requires full-text verification,requires full-text verification,unknown; repository search pending,requires full-text verification,not inferred before method/full-text review,abstract-coded,https://doi.org/10.1371/journal.pone.0298664,"Controlled keyword coding; unknown fields are deliberate, not negative evidence."
P0081,A novel mixed-attribute data anomaly detection method based on granular-ball multi-kernel fuzzy rough sets,2025,Neurocomputing,anomaly/outlier detection,granular ball; rough-set approximation; fuzzy granule,granular-ball generation; fuzzy,not reported in metadata/abstract,not reported in metadata/abstract,not reported in metadata/abstract,fuzzy membership,not reported in metadata/abstract,not reported in metadata/abstract,requires full-text verification,not reported in metadata/abstract,requires full-text verification,requires full-text verification,unknown; repository search pending,requires full-text verification,not inferred before method/full-text review,metadata-only,https://doi.org/10.1016/j.neucom.2025.131486,"Controlled keyword coding; unknown fields are deliberate, not negative evidence."
P0082,A novel covering rough set model based on granular-ball computing for data with label noise,2025,International Journal of Approximate Reasoning,not reported in metadata/abstract,granular ball; rough-set approximation,granular-ball generation,not reported in metadata/abstract,not reported in metadata/abstract,not reported in metadata/abstract,not reported in metadata/abstract,not reported in metadata/abstract,not reported in metadata/abstract,requires full-text verification,label noise,requires full-text verification,requires full-text verification,unknown; repository search pending,requires full-text verification,not inferred before method/full-text review,metadata-only,https://doi.org/10.1016/j.ijar.2025.109420,"Controlled keyword coding; unknown fields are deliberate, not negative evidence."
P0083,Rapid attribute and scale selection with adaptive three-way sampling and neighborhood rough set,2025,Applied Soft Computing,not reported in metadata/abstract,rough-set neighborhood; rough-set approximation,neighborhood,not reported in metadata/abstract,not reported in metadata/abstract,not reported in metadata/abstract,three-way boundary/defer region,not reported in metadata/abstract,not reported in metadata/abstract,requires full-text verification,not reported in metadata/abstract,requires full-text verification,requires full-text verification,unknown; repository search pending,requires full-text verification,not inferred before method/full-text review,metadata-only,https://doi.org/10.1016/j.asoc.2025.113966,"Controlled keyword coding; unknown fields are deliberate, not negative evidence."
P0084,Comfort Index Reduction Method of High-speed Rail Based on Fisher Score and Granular Ball Rough Set,2023,2023 3rd International Conference on Digital Society and Intelligent Systems (DSInS),classification; feature selection,granular ball; rough-set neighborhood; rough-set approximation,granular-ball generation; neighborhood,not reported in metadata/abstract,not reported in metadata/abstract,not reported in metadata/abstract,not reported in metadata/abstract,classification decision; ranking/selection,rough-set reducer,requires full-text verification,not reported in metadata/abstract,requires full-text verification,requires full-text verification,unknown; repository search pending,requires full-text verification,not inferred before method/full-text review,abstract-coded,https://doi.org/10.1109/dsins60115.2023.10455437,"Controlled keyword coding; unknown fields are deliberate, not negative evidence."
P0085,AGBWTDRS-EM: Multi-criteria decision-making approach using adaptive granular-ball weighted temporal rough set and ensemble learning,2026,Journal of the Operational Research Society,decision analysis,granular ball; rough-set approximation,granular-ball generation; adaptive/dynamic,not reported in metadata/abstract,not reported in metadata/abstract,not reported in metadata/abstract,not reported in metadata/abstract,not reported in metadata/abstract,not reported in metadata/abstract,requires full-text verification,not reported in metadata/abstract,requires full-text verification,requires full-text verification,unknown; repository search pending,requires full-text verification,not inferred before method/full-text review,metadata-only,https://doi.org/10.1080/01605682.2026.2668095,"Controlled keyword coding; unknown fields are deliberate, not negative evidence."
P0086,Generation of Granular-Balls for Clustering Based on the Principle of Justifiable Granularity,2025,IEEE Transactions on Cybernetics,clustering; anomaly/outlier detection,granular ball,granular-ball generation,not reported in metadata/abstract,not reported in metadata/abstract,not reported in metadata/abstract,not reported in metadata/abstract,cluster assignment,not reported in metadata/abstract,requires full-text verification,not reported in metadata/abstract,requires full-text verification,requires full-text verification,unknown; repository search pending,requires full-text verification,not inferred before method/full-text review,abstract-coded,https://doi.org/10.1109/tcyb.2025.3534195,"Controlled keyword coding; unknown fields are deliberate, not negative evidence."
P0087,Multi-granularity Knowledge Fusion for Feature Selection Using Granular-ball Entropy Uncertainty Measures,2026,International Journal of Approximate Reasoning,feature selection,granular ball,granular-ball generation,entropy/information,not reported in metadata/abstract,not reported in metadata/abstract,entropy,ranking/selection,rough-set reducer,requires full-text verification,not reported in metadata/abstract,requires full-text verification,requires full-text verification,unknown; repository search pending,requires full-text verification,not inferred before method/full-text review,metadata-only,https://doi.org/10.1016/j.ijar.2025.109590,"Controlled keyword coding; unknown fields are deliberate, not negative evidence."
P0088,Multi-Granularity Graph Contrastive Learning Framework via Granular-Ball on Heterogeneous Graphs,2026,IEEE Transactions on Pattern Analysis and Machine Intelligence,stream/online learning,granular ball; graph,granular-ball generation; adaptive/dynamic,not reported in metadata/abstract,not reported in metadata/abstract,not reported in metadata/abstract,not reported in metadata/abstract,not reported in metadata/abstract,not reported in metadata/abstract,requires full-text verification,not reported in metadata/abstract,requires full-text verification,requires full-text verification,unknown; repository search pending,requires full-text verification,not inferred before method/full-text review,abstract-coded,https://doi.org/10.1109/tpami.2026.3720194,"Controlled keyword coding; unknown fields are deliberate, not negative evidence."
P0089,Tri-Training with Granular-Ball in Weighted Fuzzy Rough Sets,2025,Lecture Notes in Computer Science,not reported in metadata/abstract,granular ball; rough-set approximation; fuzzy granule,granular-ball generation; fuzzy,not reported in metadata/abstract,not reported in metadata/abstract,not reported in metadata/abstract,fuzzy membership,not reported in metadata/abstract,not reported in metadata/abstract,requires full-text verification,not reported in metadata/abstract,requires full-text verification,requires full-text verification,unknown; repository search pending,requires full-text verification,not inferred before method/full-text review,metadata-only,https://doi.org/10.1007/978-3-031-92747-8_14,"Controlled keyword coding; unknown fields are deliberate, not negative evidence."
P0090,Relevance-Granular Ball Neighbor Rough Sets Method for Accurate Sepsis Prognosis,2024,,not reported in metadata/abstract,granular ball; rough-set approximation,granular-ball generation,not reported in metadata/abstract,not reported in metadata/abstract,not reported in metadata/abstract,not reported in metadata/abstract,not reported in metadata/abstract,not reported in metadata/abstract,requires full-text verification,not reported in metadata/abstract,requires full-text verification,requires full-text verification,unknown; repository search pending,requires full-text verification,not inferred before method/full-text review,metadata-only,https://doi.org/10.2139/ssrn.4992642,"Controlled keyword coding; unknown fields are deliberate, not negative evidence."
P0091,Exploring multi-granularity balance strategy for class incremental learning via three-way granular computing,2025,Brain Informatics,classification; stream/online learning,points/objects or not reported,not reported in metadata/abstract,entropy/information,not reported in metadata/abstract,not reported in metadata/abstract,three-way boundary/defer region; entropy,classification decision,not reported in metadata/abstract,requires full-text verification,not reported in metadata/abstract,requires full-text verification,requires full-text verification,unknown; repository search pending,requires full-text verification,not inferred before method/full-text review,abstract-coded,https://doi.org/10.1186/s40708-025-00255-0,"Controlled keyword coding; unknown fields are deliberate, not negative evidence."
P0092,Distance metric learning-based multi-granularity neighborhood rough sets for attribute reduction,2024,Applied Soft Computing,feature selection,rough-set neighborhood; rough-set approximation,neighborhood,not reported in metadata/abstract,not reported in metadata/abstract,not reported in metadata/abstract,not reported in metadata/abstract,ranking/selection,rough-set reducer,requires full-text verification,not reported in metadata/abstract,requires full-text verification,requires full-text verification,unknown; repository search pending,requires full-text verification,not inferred before method/full-text review,metadata-only,https://doi.org/10.1016/j.asoc.2024.111656,"Controlled keyword coding; unknown fields are deliberate, not negative evidence."
P0093,Hybrid Neighborhood Rough Set via Consistency Sample Selection for Multi-granularity Interpretable Modeling,2026,Lecture Notes in Computer Science,not reported in metadata/abstract,rough-set neighborhood; rough-set approximation,neighborhood,not reported in metadata/abstract,not reported in metadata/abstract,not reported in metadata/abstract,not reported in metadata/abstract,not reported in metadata/abstract,not reported in metadata/abstract,requires full-text verification,not reported in metadata/abstract,requires full-text verification,requires full-text verification,unknown; repository search pending,requires full-text verification,not inferred before method/full-text review,metadata-only,https://doi.org/10.1007/978-3-032-30228-1_4,"Controlled keyword coding; unknown fields are deliberate, not negative evidence."
P0094,Hierarchical sequential three-way decision model,2022,International Journal of Approximate Reasoning,decision analysis,rough-set approximation,not reported in metadata/abstract,not reported in metadata/abstract,not reported in metadata/abstract,not reported in metadata/abstract,three-way boundary/defer region,three-way accept/defer/reject,not reported in metadata/abstract,requires full-text verification,not reported in metadata/abstract,requires full-text verification,requires full-text verification,unknown; repository search pending,requires full-text verification,not inferred before method/full-text review,abstract-coded,https://doi.org/10.1016/j.ijar.2021.10.004,"Controlled keyword coding; unknown fields are deliberate, not negative evidence."
P0095,Three sequential multi-class three-way decision models,2020,Information Sciences,decision analysis,points/objects or not reported,not reported in metadata/abstract,not reported in metadata/abstract,not reported in metadata/abstract,not reported in metadata/abstract,three-way boundary/defer region,three-way accept/defer/reject,not reported in metadata/abstract,requires full-text verification,not reported in metadata/abstract,requires full-text verification,requires full-text verification,unknown; repository search pending,requires full-text verification,not inferred before method/full-text review,abstract-coded,https://doi.org/10.1016/j.ins.2020.05.079,"Controlled keyword coding; unknown fields are deliberate, not negative evidence."
P0096,An Adaptive Multi-Granularity Graph Representation of Image via Granular-ball Computing,2025,IEEE Transactions on Image Processing,classification; graph learning; decision analysis,granular ball; graph,granular-ball generation,not reported in metadata/abstract,not reported in metadata/abstract,not reported in metadata/abstract,not reported in metadata/abstract,classification decision,neural network; graph neural network,requires full-text verification,not reported in metadata/abstract,requires full-text verification,requires full-text verification,unknown; repository search pending,requires full-text verification,not inferred before method/full-text review,abstract-coded,https://doi.org/10.1109/tip.2025.3565212,"Controlled keyword coding; unknown fields are deliberate, not negative evidence."
P0097,Accelerated multi-granularity reduction based on neighborhood rough sets,2022,Applied Intelligence,not reported in metadata/abstract,rough-set neighborhood; rough-set approximation,neighborhood,not reported in metadata/abstract,not reported in metadata/abstract,not reported in metadata/abstract,not reported in metadata/abstract,not reported in metadata/abstract,not reported in metadata/abstract,requires full-text verification,not reported in metadata/abstract,requires full-text verification,requires full-text verification,unknown; repository search pending,requires full-text verification,not inferred before method/full-text review,metadata-only,https://doi.org/10.1007/s10489-022-03371-0,"Controlled keyword coding; unknown fields are deliberate, not negative evidence."
P0098,Three-Way Approximations Fusion With Granular-Ball Computing to Guide Multigranularity Fuzzy Entropy for Feature Selection,2024,IEEE Transactions on Fuzzy Systems,feature selection,granular ball; rough-set approximation; fuzzy granule,granular-ball generation; fuzzy,entropy/information,not reported in metadata/abstract,not reported in metadata/abstract,three-way boundary/defer region; fuzzy membership; entropy,ranking/selection,rough-set reducer,requires full-text verification,not reported in metadata/abstract,requires full-text verification,requires full-text verification,unknown; repository search pending,requires full-text verification,not inferred before method/full-text review,abstract-coded,https://doi.org/10.1109/tfuzz.2024.3436086,"Controlled keyword coding; unknown fields are deliberate, not negative evidence."
P0099,A Three-Way Clustering Method Based on Ensemble Strategy and Three-Way Decision,2019,Information,clustering; decision analysis,points/objects or not reported,not reported in metadata/abstract,not reported in metadata/abstract,not reported in metadata/abstract,not reported in metadata/abstract,three-way boundary/defer region,three-way accept/defer/reject; cluster assignment,not reported in metadata/abstract,requires full-text verification,not reported in metadata/abstract,requires full-text verification,requires full-text verification,unknown; repository search pending,requires full-text verification,not inferred before method/full-text review,abstract-coded,https://doi.org/10.3390/info10020059,"Controlled keyword coding; unknown fields are deliberate, not negative evidence."
P0100,3W-GBSVM++: Three-way granular-ball SVM based on granularity optimization mechanism,2026,Applied Soft Computing,not reported in metadata/abstract,granular ball,granular-ball generation,not reported in metadata/abstract,not reported in metadata/abstract,not reported in metadata/abstract,three-way boundary/defer region,not reported in metadata/abstract,SVM,requires full-text verification,not reported in metadata/abstract,requires full-text verification,requires full-text verification,unknown; repository search pending,requires full-text verification,not inferred before method/full-text review,metadata-only,https://doi.org/10.1016/j.asoc.2026.114593,"Controlled keyword coding; unknown fields are deliberate, not negative evidence."
P0101,3W-GSOM: A Granular-Ball-Driven Growing Self-Organizing Map for Three-Way Clustering,2026,IEEE Transactions on Fuzzy Systems,clustering,granular ball,granular-ball generation,not reported in metadata/abstract,not reported in metadata/abstract,not reported in metadata/abstract,three-way boundary/defer region,cluster assignment,not reported in metadata/abstract,requires full-text verification,not reported in metadata/abstract,requires full-text verification,requires full-text verification,unknown; repository search pending,requires full-text verification,not inferred before method/full-text review,metadata-only,https://doi.org/10.1109/tfuzz.2026.3706960,"Controlled keyword coding; unknown fields are deliberate, not negative evidence."
P0102,Three-way role-arbitration outlier detection based on bi-level granular-ball knowledge representation,2026,Knowledge-Based Systems,anomaly/outlier detection,granular ball,granular-ball generation,not reported in metadata/abstract,not reported in metadata/abstract,not reported in metadata/abstract,three-way boundary/defer region,not reported in metadata/abstract,not reported in metadata/abstract,requires full-text verification,outliers,requires full-text verification,requires full-text verification,unknown; repository search pending,requires full-text verification,not inferred before method/full-text review,metadata-only,https://doi.org/10.1016/j.knosys.2026.116038,"Controlled keyword coding; unknown fields are deliberate, not negative evidence."
P0103,Adaptive Three-Way Density Peak Clustering Integrating Natural Neighbor Structure and Granular-Ball Structure,2025,Journal of Physics: Conference Series,clustering; decision analysis,granular ball,granular-ball generation; local-density,local density,not reported in metadata/abstract,not reported in metadata/abstract,three-way boundary/defer region,three-way accept/defer/reject; cluster assignment,not reported in metadata/abstract,requires full-text verification,not reported in metadata/abstract,requires full-text verification,requires full-text verification,unknown; repository search pending,requires full-text verification,not inferred before method/full-text review,abstract-coded,https://doi.org/10.1088/1742-6596/3108/1/012030,"Controlled keyword coding; unknown fields are deliberate, not negative evidence."
P0104,Multi-view Granular-ball Contrastive Clustering,2025,Proceedings of the AAAI Conference on Artificial Intelligence,clustering,granular ball,granular-ball generation,not reported in metadata/abstract,not reported in metadata/abstract,not reported in metadata/abstract,not reported in metadata/abstract,cluster assignment,not reported in metadata/abstract,requires full-text verification,not reported in metadata/abstract,requires full-text verification,requires full-text verification,unknown; repository search pending,requires full-text verification,not inferred before method/full-text review,abstract-coded,https://doi.org/10.1609/aaai.v39i19.34274,"Controlled keyword coding; unknown fields are deliberate, not negative evidence."
P0105,Square Superpixel Generation and Representation Learning via Granular-ball Computing,2025,2025 8th International Conference on Computer Information Science and Application Technology (CISAT),stream/online learning; graph learning,granular ball; graph,granular-ball generation,purity,not reported in metadata/abstract,not reported in metadata/abstract,purity proxy,not reported in metadata/abstract,neural network; graph neural network,requires full-text verification,not reported in metadata/abstract,requires full-text verification,requires full-text verification,unknown; repository search pending,requires full-text verification,not inferred before method/full-text review,abstract-coded,https://doi.org/10.1109/cisat66811.2025.11181937,"Controlled keyword coding; unknown fields are deliberate, not negative evidence."
P0106,Sequential three-way decision based on multi-granular autoencoder features,2020,Information Sciences,classification; decision analysis,points/objects or not reported,not reported in metadata/abstract,not reported in metadata/abstract,not reported in metadata/abstract,not reported in metadata/abstract,three-way boundary/defer region,three-way accept/defer/reject; classification decision,not reported in metadata/abstract,requires full-text verification,not reported in metadata/abstract,requires full-text verification,requires full-text verification,unknown; repository search pending,requires full-text verification,not inferred before method/full-text review,abstract-coded,https://doi.org/10.1016/j.ins.2019.03.061,"Controlled keyword coding; unknown fields are deliberate, not negative evidence."
P0107,Outlier Detection with Three-Way Granular-Balls,2025,"2025 IEEE 6th International Conference on Computer, Big Data, Artificial Intelligence (ICCBD+AI)",anomaly/outlier detection; decision analysis,granular ball,granular-ball generation,not reported in metadata/abstract,not reported in metadata/abstract,not reported in metadata/abstract,three-way boundary/defer region,three-way accept/defer/reject,not reported in metadata/abstract,requires full-text verification,outliers,requires full-text verification,requires full-text verification,unknown; repository search pending,requires full-text verification,not inferred before method/full-text review,abstract-coded,https://doi.org/10.1109/iccbdai66607.2025.11388327,"Controlled keyword coding; unknown fields are deliberate, not negative evidence."
P0108,Granular Ball Twin Support Vector Machine,2025,IEEE Transactions on Neural Networks and Learning Systems,classification; regression; stream/online learning,granular ball,granular-ball generation,not reported in metadata/abstract,not reported in metadata/abstract,not reported in metadata/abstract,not reported in metadata/abstract,classification decision,SVM,requires full-text verification,label noise; outliers,requires full-text verification,requires full-text verification,unknown; repository search pending,requires full-text verification,not inferred before method/full-text review,abstract-coded,https://doi.org/10.1109/tnnls.2024.3476391,"Controlled keyword coding; unknown fields are deliberate, not negative evidence."
P0109,Three-Way Outlier Detection Based on Shadowed Granular-Balls,2026,IEEE Transactions on Fuzzy Systems,clustering; anomaly/outlier detection; decision analysis,granular ball,granular-ball generation; local-density,local density; entropy/information,not reported in metadata/abstract,not reported in metadata/abstract,three-way boundary/defer region; entropy,three-way accept/defer/reject; cluster assignment,not reported in metadata/abstract,requires full-text verification,outliers,requires full-text verification,requires full-text verification,unknown; repository search pending,requires full-text verification,not inferred before method/full-text review,abstract-coded,https://doi.org/10.1109/tfuzz.2025.3625229,"Controlled keyword coding; unknown fields are deliberate, not negative evidence."
P0110,Adaptive granular-ball based density peak clustering,2025,Neurocomputing,clustering,granular ball,granular-ball generation; adaptive/dynamic,not reported in metadata/abstract,not reported in metadata/abstract,not reported in metadata/abstract,not reported in metadata/abstract,cluster assignment,not reported in metadata/abstract,requires full-text verification,not reported in metadata/abstract,requires full-text verification,requires full-text verification,unknown; repository search pending,requires full-text verification,not inferred before method/full-text review,metadata-only,https://doi.org/10.1016/j.neucom.2025.131458,"Controlled keyword coding; unknown fields are deliberate, not negative evidence."
P0111,Multi-Granularity Open Intent Classification via Adaptive Granular-Ball Decision Boundary,2025,Proceedings of the AAAI Conference on Artificial Intelligence,classification; clustering,granular ball,granular-ball generation; adaptive/dynamic,not reported in metadata/abstract,not reported in metadata/abstract,not reported in metadata/abstract,not reported in metadata/abstract,classification decision; cluster assignment,not reported in metadata/abstract,requires full-text verification,not reported in metadata/abstract,requires full-text verification,requires full-text verification,unknown; repository search pending,requires full-text verification,not inferred before method/full-text review,abstract-coded,https://doi.org/10.1609/aaai.v39i23.34630,"Controlled keyword coding; unknown fields are deliberate, not negative evidence."
P0112,MOGBC: Multi-objective Driven Granular Ball Clustering,2025,Lecture Notes in Computer Science,clustering,granular ball,granular-ball generation,not reported in metadata/abstract,not reported in metadata/abstract,not reported in metadata/abstract,not reported in metadata/abstract,cluster assignment,not reported in metadata/abstract,requires full-text verification,not reported in metadata/abstract,requires full-text verification,requires full-text verification,unknown; repository search pending,requires full-text verification,not inferred before method/full-text review,metadata-only,https://doi.org/10.1007/978-3-031-92747-8_25,"Controlled keyword coding; unknown fields are deliberate, not negative evidence."
P0113,Multi-granularity graph refinement via granular ball for graph classification,2026,Neurocomputing,classification,granular ball; graph,granular-ball generation,not reported in metadata/abstract,not reported in metadata/abstract,not reported in metadata/abstract,not reported in metadata/abstract,classification decision,not reported in metadata/abstract,requires full-text verification,not reported in metadata/abstract,requires full-text verification,requires full-text verification,unknown; repository search pending,requires full-text verification,not inferred before method/full-text review,metadata-only,https://doi.org/10.1016/j.neucom.2026.133713,"Controlled keyword coding; unknown fields are deliberate, not negative evidence."
P0114,Granular-Ball Based Multi-View Outlier Detection,2026,"ICASSP 2026 - 2026 IEEE International Conference on Acoustics, Speech and Signal Processing (ICASSP)",anomaly/outlier detection,granular ball,granular-ball generation,not reported in metadata/abstract,not reported in metadata/abstract,not reported in metadata/abstract,not reported in metadata/abstract,not reported in metadata/abstract,not reported in metadata/abstract,requires full-text verification,outliers,requires full-text verification,requires full-text verification,unknown; repository search pending,requires full-text verification,not inferred before method/full-text review,metadata-only,https://doi.org/10.1109/icassp55912.2026.11462415,"Controlled keyword coding; unknown fields are deliberate, not negative evidence."
P0115,A Dual-Type Granular Ball Generation Method Based on Multi-Granularity Neighborhood,2026,Frontiers in Artificial Intelligence and Applications,classification; clustering,granular ball,granular-ball generation; local-density,local density,not reported in metadata/abstract,not reported in metadata/abstract,not reported in metadata/abstract,classification decision; cluster assignment,not reported in metadata/abstract,requires full-text verification,not reported in metadata/abstract,requires full-text verification,requires full-text verification,unknown; repository search pending,requires full-text verification,not inferred before method/full-text review,abstract-coded,https://doi.org/10.3233/faia251647,"Controlled keyword coding; unknown fields are deliberate, not negative evidence."
P0116,The geometry of three-way decision,2021,Applied Intelligence,decision analysis,points/objects or not reported,not reported in metadata/abstract,not reported in metadata/abstract,not reported in metadata/abstract,not reported in metadata/abstract,three-way boundary/defer region,three-way accept/defer/reject,not reported in metadata/abstract,requires full-text verification,not reported in metadata/abstract,requires full-text verification,requires full-text verification,unknown; repository search pending,requires full-text verification,not inferred before method/full-text review,metadata-only,https://doi.org/10.1007/s10489-020-02142-z,"Controlled keyword coding; unknown fields are deliberate, not negative evidence."
P0117,Three-way k-means: integrating k-means and three-way decision,2019,International Journal of Machine Learning and Cybernetics,decision analysis,points/objects or not reported,not reported in metadata/abstract,not reported in metadata/abstract,not reported in metadata/abstract,not reported in metadata/abstract,three-way boundary/defer region,three-way accept/defer/reject,not reported in metadata/abstract,requires full-text verification,not reported in metadata/abstract,requires full-text verification,requires full-text verification,unknown; repository search pending,requires full-text verification,not inferred before method/full-text review,metadata-only,https://doi.org/10.1007/s13042-018-0901-y,"Controlled keyword coding; unknown fields are deliberate, not negative evidence."
P0118,Set-theoretic models of three-way decision,2020,Granular Computing,decision analysis,points/objects or not reported,not reported in metadata/abstract,not reported in metadata/abstract,not reported in metadata/abstract,not reported in metadata/abstract,three-way boundary/defer region,three-way accept/defer/reject,not reported in metadata/abstract,requires full-text verification,not reported in metadata/abstract,requires full-text verification,requires full-text verification,unknown; repository search pending,requires full-text verification,not inferred before method/full-text review,metadata-only,https://doi.org/10.1007/s41066-020-00211-9,"Controlled keyword coding; unknown fields are deliberate, not negative evidence."
P0119,Three-way decision on information tables,2021,Information Sciences,decision analysis,rough-set approximation,not reported in metadata/abstract,entropy/information,not reported in metadata/abstract,not reported in metadata/abstract,three-way boundary/defer region; entropy,three-way accept/defer/reject,not reported in metadata/abstract,requires full-text verification,not reported in metadata/abstract,requires full-text verification,requires full-text verification,unknown; repository search pending,requires full-text verification,not inferred before method/full-text review,abstract-coded,https://doi.org/10.1016/j.ins.2020.07.064,"Controlled keyword coding; unknown fields are deliberate, not negative evidence."
P0120,Three-way decision on two universes,2020,Information Sciences,decision analysis,rough-set approximation,not reported in metadata/abstract,not reported in metadata/abstract,not reported in metadata/abstract,not reported in metadata/abstract,three-way boundary/defer region,three-way accept/defer/reject,not reported in metadata/abstract,requires full-text verification,not reported in metadata/abstract,requires full-text verification,requires full-text verification,unknown; repository search pending,requires full-text verification,not inferred before method/full-text review,abstract-coded,https://doi.org/10.1016/j.ins.2019.12.020,"Controlled keyword coding; unknown fields are deliberate, not negative evidence."
P0121,Three-way decisions based on hesitant sets over three-way decision spaces,2023,Information Sciences,decision analysis,points/objects or not reported,not reported in metadata/abstract,not reported in metadata/abstract,not reported in metadata/abstract,not reported in metadata/abstract,three-way boundary/defer region,three-way accept/defer/reject,not reported in metadata/abstract,requires full-text verification,not reported in metadata/abstract,requires full-text verification,requires full-text verification,unknown; repository search pending,requires full-text verification,not inferred before method/full-text review,metadata-only,https://doi.org/10.1016/j.ins.2023.119365,"Controlled keyword coding; unknown fields are deliberate, not negative evidence."
P0122,Three-way decisions based on bipolar-valued fuzzy sets over three-way decision spaces,2024,Information Sciences,decision analysis,points/objects or not reported,not reported in metadata/abstract,not reported in metadata/abstract,not reported in metadata/abstract,not reported in metadata/abstract,three-way boundary/defer region,three-way accept/defer/reject,not reported in metadata/abstract,requires full-text verification,not reported in metadata/abstract,requires full-text verification,requires full-text verification,unknown; repository search pending,requires full-text verification,not inferred before method/full-text review,metadata-only,https://doi.org/10.1016/j.ins.2023.119912,"Controlled keyword coding; unknown fields are deliberate, not negative evidence."
P0123,Three-way decision oriented rational behavior multi-attribute decision-making,2026,Information Fusion,decision analysis,points/objects or not reported,not reported in metadata/abstract,not reported in metadata/abstract,not reported in metadata/abstract,not reported in metadata/abstract,three-way boundary/defer region,three-way accept/defer/reject,not reported in metadata/abstract,requires full-text verification,not reported in metadata/abstract,requires full-text verification,requires full-text verification,unknown; repository search pending,requires full-text verification,not inferred before method/full-text review,metadata-only,https://doi.org/10.1016/j.inffus.2025.103538,"Controlled keyword coding; unknown fields are deliberate, not negative evidence."
P0124,Explainable multi-criteria decision-making: A three-way decision perspective,2025,International Journal of Approximate Reasoning,decision analysis,points/objects or not reported,not reported in metadata/abstract,not reported in metadata/abstract,not reported in metadata/abstract,not reported in metadata/abstract,three-way boundary/defer region,three-way accept/defer/reject,not reported in metadata/abstract,requires full-text verification,not reported in metadata/abstract,requires full-text verification,requires full-text verification,unknown; repository search pending,requires full-text verification,not inferred before method/full-text review,metadata-only,https://doi.org/10.1016/j.ijar.2025.109528,"Controlled keyword coding; unknown fields are deliberate, not negative evidence."
P0125,Novel transformation methods from semi-three-way decision spaces to three-way decision spaces and their applications,2024,Information Sciences,decision analysis,points/objects or not reported,not reported in metadata/abstract,not reported in metadata/abstract,not reported in metadata/abstract,not reported in metadata/abstract,three-way boundary/defer region,three-way accept/defer/reject,not reported in metadata/abstract,requires full-text verification,not reported in metadata/abstract,requires full-text verification,requires full-text verification,unknown; repository search pending,requires full-text verification,not inferred before method/full-text review,metadata-only,https://doi.org/10.1016/j.ins.2023.119962,"Controlled keyword coding; unknown fields are deliberate, not negative evidence."
P0126,"Three-way Decision, Three-World Conception, and Explainable AI",2022,Lecture Notes in Computer Science,decision analysis,points/objects or not reported,not reported in metadata/abstract,not reported in metadata/abstract,not reported in metadata/abstract,not reported in metadata/abstract,three-way boundary/defer region,three-way accept/defer/reject,not reported in metadata/abstract,requires full-text verification,not reported in metadata/abstract,requires full-text verification,requires full-text verification,unknown; repository search pending,requires full-text verification,not inferred before method/full-text review,metadata-only,https://doi.org/10.1007/978-3-031-21244-4_4,"Controlled keyword coding; unknown fields are deliberate, not negative evidence."
P0127,A three-way decision method with changing decision attributes,2025,Intelligent Data Analysis: An International Journal,decision analysis,points/objects or not reported,not reported in metadata/abstract,not reported in metadata/abstract,not reported in metadata/abstract,not reported in metadata/abstract,three-way boundary/defer region; probabilistic,three-way accept/defer/reject,not reported in metadata/abstract,requires full-text verification,not reported in metadata/abstract,requires full-text verification,requires full-text verification,unknown; repository search pending,requires full-text verification,not inferred before method/full-text review,abstract-coded,https://doi.org/10.1177/1088467x251330981,"Controlled keyword coding; unknown fields are deliberate, not negative evidence."
P0128,Intuitionistic Fuzzy Three-Way Decision,2023,Studies in Fuzziness and Soft Computing,decision analysis,points/objects or not reported,not reported in metadata/abstract,not reported in metadata/abstract,not reported in metadata/abstract,not reported in metadata/abstract,three-way boundary/defer region,three-way accept/defer/reject,not reported in metadata/abstract,requires full-text verification,not reported in metadata/abstract,requires full-text verification,requires full-text verification,unknown; repository search pending,requires full-text verification,not inferred before method/full-text review,metadata-only,https://doi.org/10.1007/978-3-031-45501-8_2,"Controlled keyword coding; unknown fields are deliberate, not negative evidence."
P0129,Hesitant Fuzzy Three-Way Decision,2023,Studies in Fuzziness and Soft Computing,decision analysis,points/objects or not reported,not reported in metadata/abstract,not reported in metadata/abstract,not reported in metadata/abstract,not reported in metadata/abstract,three-way boundary/defer region,three-way accept/defer/reject,not reported in metadata/abstract,requires full-text verification,not reported in metadata/abstract,requires full-text verification,requires full-text verification,unknown; repository search pending,requires full-text verification,not inferred before method/full-text review,metadata-only,https://doi.org/10.1007/978-3-031-45501-8_4,"Controlled keyword coding; unknown fields are deliberate, not negative evidence."
P0130,Three-way Learnability: A Learning Theoretic Perspective on Three-way Decision,2022,Annals of Computer Science and Information Systems,decision analysis,points/objects or not reported,not reported in metadata/abstract,not reported in metadata/abstract,not reported in metadata/abstract,not reported in metadata/abstract,three-way boundary/defer region,three-way accept/defer/reject,not reported in metadata/abstract,requires full-text verification,not reported in metadata/abstract,requires full-text verification,requires full-text verification,unknown; repository search pending,requires full-text verification,not inferred before method/full-text review,abstract-coded,https://doi.org/10.15439/2022f18,"Controlled keyword coding; unknown fields are deliberate, not negative evidence."
P0131,Cognitive and Social Decision Making: Three-Way Decision Perspectives,2023,Lecture Notes in Computer Science,decision analysis,points/objects or not reported,not reported in metadata/abstract,not reported in metadata/abstract,not reported in metadata/abstract,not reported in metadata/abstract,three-way boundary/defer region,three-way accept/defer/reject,not reported in metadata/abstract,requires full-text verification,not reported in metadata/abstract,requires full-text verification,requires full-text verification,unknown; repository search pending,requires full-text verification,not inferred before method/full-text review,metadata-only,https://doi.org/10.1007/978-3-031-50959-9_18,"Controlled keyword coding; unknown fields are deliberate, not negative evidence."
P0132,Item-Based Three-Way Decision Recommendation System,2022,Computer Science and Application,recommendation; decision analysis,points/objects or not reported,not reported in metadata/abstract,not reported in metadata/abstract,not reported in metadata/abstract,not reported in metadata/abstract,three-way boundary/defer region,three-way accept/defer/reject,not reported in metadata/abstract,requires full-text verification,not reported in metadata/abstract,requires full-text verification,requires full-text verification,unknown; repository search pending,requires full-text verification,not inferred before method/full-text review,metadata-only,https://doi.org/10.12677/csa.2022.121020,"Controlled keyword coding; unknown fields are deliberate, not negative evidence."
P0133,A novel granular-ball streaming feature selection,2025,International Symposium on Artificial Intelligence Innovations (IS-AII 2025),feature selection; stream/online learning,granular ball,granular-ball generation,not reported in metadata/abstract,not reported in metadata/abstract,not reported in metadata/abstract,not reported in metadata/abstract,ranking/selection,rough-set reducer,requires full-text verification,not reported in metadata/abstract,requires full-text verification,requires full-text verification,unknown; repository search pending,requires full-text verification,not inferred before method/full-text review,abstract-coded,https://doi.org/10.1117/12.3074287,"Controlled keyword coding; unknown fields are deliberate, not negative evidence."
P0134,Granular-Ball Subspace-Based Fuzzy Neighborhood Anomaly Detector,2026,IEEE Transactions on Fuzzy Systems,anomaly/outlier detection,granular ball,granular-ball generation,not reported in metadata/abstract,not reported in metadata/abstract,not reported in metadata/abstract,not reported in metadata/abstract,not reported in metadata/abstract,not reported in metadata/abstract,requires full-text verification,not reported in metadata/abstract,requires full-text verification,requires full-text verification,unknown; repository search pending,requires full-text verification,not inferred before method/full-text review,abstract-coded,https://doi.org/10.1109/tfuzz.2026.3670429,"Controlled keyword coding; unknown fields are deliberate, not negative evidence."
P0135,A multilevel neighborhood sequential decision approach of three-way granular computing,2020,Information Sciences,decision analysis,points/objects or not reported,not reported in metadata/abstract,not reported in metadata/abstract,not reported in metadata/abstract,not reported in metadata/abstract,three-way boundary/defer region,three-way accept/defer/reject,not reported in metadata/abstract,requires full-text verification,not reported in metadata/abstract,requires full-text verification,requires full-text verification,unknown; repository search pending,requires full-text verification,not inferred before method/full-text review,abstract-coded,https://doi.org/10.1016/j.ins.2020.05.060,"Controlled keyword coding; unknown fields are deliberate, not negative evidence."
P0136,Multigranulation rough set model based on granulation of attributes and granulation of attribute values,2019,Information Sciences,not reported in metadata/abstract,rough-set approximation,multi-granulation,not reported in metadata/abstract,not reported in metadata/abstract,not reported in metadata/abstract,not reported in metadata/abstract,not reported in metadata/abstract,not reported in metadata/abstract,requires full-text verification,not reported in metadata/abstract,requires full-text verification,requires full-text verification,unknown; repository search pending,requires full-text verification,not inferred before method/full-text review,abstract-coded,https://doi.org/10.1016/j.ins.2019.01.042,"Controlled keyword coding; unknown fields are deliberate, not negative evidence."
P0137,Local Weighted Generalized Multigranulation Neighborhood Rough Set,2021,2021 International Conference on Wavelet Analysis and Pattern Recognition (ICWAPR),not reported in metadata/abstract,rough-set neighborhood; rough-set approximation,multi-granulation; neighborhood,not reported in metadata/abstract,not reported in metadata/abstract,not reported in metadata/abstract,not reported in metadata/abstract,not reported in metadata/abstract,not reported in metadata/abstract,requires full-text verification,not reported in metadata/abstract,requires full-text verification,requires full-text verification,unknown; repository search pending,requires full-text verification,not inferred before method/full-text review,abstract-coded,https://doi.org/10.1109/icwapr54887.2021.9736185,"Controlled keyword coding; unknown fields are deliberate, not negative evidence."
P0138,Quick Neighborhood Rough Set for Hierarchical Classification,2025,Lecture Notes in Computer Science,classification,rough-set neighborhood; rough-set approximation,neighborhood,not reported in metadata/abstract,not reported in metadata/abstract,not reported in metadata/abstract,not reported in metadata/abstract,classification decision,not reported in metadata/abstract,requires full-text verification,not reported in metadata/abstract,requires full-text verification,requires full-text verification,unknown; repository search pending,requires full-text verification,not inferred before method/full-text review,metadata-only,https://doi.org/10.1007/978-3-031-92744-7_4,"Controlled keyword coding; unknown fields are deliberate, not negative evidence."
P0139,Weighted Multi-granulation Containment Neighborhood Rough Set Model,2022,2022 IEEE/WIC/ACM International Joint Conference on Web Intelligence and Intelligent Agent Technology (WI-IAT),feature selection,rough-set neighborhood; rough-set approximation,multi-granulation; neighborhood,not reported in metadata/abstract,not reported in metadata/abstract,not reported in metadata/abstract,not reported in metadata/abstract,ranking/selection,rough-set reducer,requires full-text verification,not reported in metadata/abstract,requires full-text verification,requires full-text verification,unknown; repository search pending,requires full-text verification,not inferred before method/full-text review,abstract-coded,https://doi.org/10.1109/wi-iat55865.2022.00134,"Controlled keyword coding; unknown fields are deliberate, not negative evidence."
P0140,Granular rough sets and granular shadowed sets: Three-way approximations in Pawlak approximation spaces,2022,International Journal of Approximate Reasoning,not reported in metadata/abstract,rough-set approximation; shadowed set,not reported in metadata/abstract,not reported in metadata/abstract,not reported in metadata/abstract,not reported in metadata/abstract,three-way boundary/defer region,not reported in metadata/abstract,not reported in metadata/abstract,requires full-text verification,not reported in metadata/abstract,requires full-text verification,requires full-text verification,unknown; repository search pending,requires full-text verification,not inferred before method/full-text review,metadata-only,https://doi.org/10.1016/j.ijar.2021.11.012,"Controlled keyword coding; unknown fields are deliberate, not negative evidence."
P0141,A Sequential Three-Way Decision Model With Intuitionistic Fuzzy Numbers,2021,"IEEE Transactions on Systems, Man, and Cybernetics: Systems",decision analysis,rough-set approximation,not reported in metadata/abstract,not reported in metadata/abstract,not reported in metadata/abstract,not reported in metadata/abstract,three-way boundary/defer region,three-way accept/defer/reject,not reported in metadata/abstract,requires full-text verification,not reported in metadata/abstract,requires full-text verification,requires full-text verification,unknown; repository search pending,requires full-text verification,not inferred before method/full-text review,abstract-coded,https://doi.org/10.1109/tsmc.2019.2908518,"Controlled keyword coding; unknown fields are deliberate, not negative evidence."
P0142,Mixed data-driven sequential three-way decision via subjective–objective dynamic fusion,2022,Knowledge-Based Systems,decision analysis,points/objects or not reported,not reported in metadata/abstract,not reported in metadata/abstract,not reported in metadata/abstract,not reported in metadata/abstract,three-way boundary/defer region,three-way accept/defer/reject,not reported in metadata/abstract,requires full-text verification,not reported in metadata/abstract,requires full-text verification,requires full-text verification,unknown; repository search pending,requires full-text verification,not inferred before method/full-text review,metadata-only,https://doi.org/10.1016/j.knosys.2021.107728,"Controlled keyword coding; unknown fields are deliberate, not negative evidence."
P0143,Generalized multigranulation sequential three-way decision models for hierarchical classification,2022,Information Sciences,classification; decision analysis,points/objects or not reported,multi-granulation,not reported in metadata/abstract,not reported in metadata/abstract,not reported in metadata/abstract,three-way boundary/defer region; probabilistic,three-way accept/defer/reject; classification decision,not reported in metadata/abstract,requires full-text verification,not reported in metadata/abstract,requires full-text verification,requires full-text verification,unknown; repository search pending,requires full-text verification,not inferred before method/full-text review,abstract-coded,https://doi.org/10.1016/j.ins.2022.10.014,"Controlled keyword coding; unknown fields are deliberate, not negative evidence."
P0144,A novel sequential three-way decision model with autonomous error correction,2021,Knowledge-Based Systems,classification; clustering; decision analysis,rough-set approximation,not reported in metadata/abstract,not reported in metadata/abstract,not reported in metadata/abstract,not reported in metadata/abstract,three-way boundary/defer region; probabilistic,three-way accept/defer/reject; classification decision; cluster assignment,not reported in metadata/abstract,requires full-text verification,not reported in metadata/abstract,requires full-text verification,requires full-text verification,unknown; repository search pending,requires full-text verification,not inferred before method/full-text review,abstract-coded,https://doi.org/10.1016/j.knosys.2020.106526,"Controlled keyword coding; unknown fields are deliberate, not negative evidence."
P0145,Cost-sensitive sequential three-way decision for information system with fuzzy decision,2022,International Journal of Approximate Reasoning,decision analysis,points/objects or not reported,not reported in metadata/abstract,not reported in metadata/abstract,not reported in metadata/abstract,not reported in metadata/abstract,three-way boundary/defer region,three-way accept/defer/reject,not reported in metadata/abstract,requires full-text verification,not reported in metadata/abstract,requires full-text verification,requires full-text verification,unknown; repository search pending,requires full-text verification,not inferred before method/full-text review,metadata-only,https://doi.org/10.1016/j.ijar.2022.07.006,"Controlled keyword coding; unknown fields are deliberate, not negative evidence."
P0146,A TOPSIS method based on sequential three-way decision,2023,Applied Intelligence,decision analysis,points/objects or not reported,not reported in metadata/abstract,not reported in metadata/abstract,not reported in metadata/abstract,not reported in metadata/abstract,three-way boundary/defer region,three-way accept/defer/reject,not reported in metadata/abstract,requires full-text verification,not reported in metadata/abstract,requires full-text verification,requires full-text verification,unknown; repository search pending,requires full-text verification,not inferred before method/full-text review,metadata-only,https://doi.org/10.1007/s10489-023-05183-2,"Controlled keyword coding; unknown fields are deliberate, not negative evidence."
P0147,Sequential three-way decision with automatic threshold learning for credit risk prediction,2024,Applied Soft Computing,decision analysis,points/objects or not reported,not reported in metadata/abstract,not reported in metadata/abstract,not reported in metadata/abstract,not reported in metadata/abstract,three-way boundary/defer region,three-way accept/defer/reject,not reported in metadata/abstract,requires full-text verification,not reported in metadata/abstract,requires full-text verification,requires full-text verification,unknown; repository search pending,requires full-text verification,not inferred before method/full-text review,metadata-only,https://doi.org/10.1016/j.asoc.2024.112127,"Controlled keyword coding; unknown fields are deliberate, not negative evidence."
P0148,A Novel Sequential Three-Way Decision Model for Medical Diagnosis,2022,Symmetry,classification; decision analysis,points/objects or not reported,not reported in metadata/abstract,not reported in metadata/abstract,not reported in metadata/abstract,not reported in metadata/abstract,three-way boundary/defer region; probabilistic,three-way accept/defer/reject; classification decision,not reported in metadata/abstract,requires full-text verification,not reported in metadata/abstract,requires full-text verification,requires full-text verification,unknown; repository search pending,requires full-text verification,not inferred before method/full-text review,abstract-coded,https://doi.org/10.3390/sym14051004,"Controlled keyword coding; unknown fields are deliberate, not negative evidence."
P0149,Incremental sequential three-way decision based on continual learning network,2021,International Journal of Machine Learning and Cybernetics,decision analysis,points/objects or not reported,not reported in metadata/abstract,not reported in metadata/abstract,not reported in metadata/abstract,not reported in metadata/abstract,three-way boundary/defer region,three-way accept/defer/reject,not reported in metadata/abstract,requires full-text verification,not reported in metadata/abstract,requires full-text verification,requires full-text verification,unknown; repository search pending,requires full-text verification,not inferred before method/full-text review,metadata-only,https://doi.org/10.1007/s13042-021-01472-9,"Controlled keyword coding; unknown fields are deliberate, not negative evidence."
P0150,A novel attribute reduction algorithm based on granular sequential three-way decision,2025,Information Sciences,feature selection; decision analysis,points/objects or not reported,not reported in metadata/abstract,not reported in metadata/abstract,not reported in metadata/abstract,not reported in metadata/abstract,three-way boundary/defer region,three-way accept/defer/reject; ranking/selection,rough-set reducer,requires full-text verification,not reported in metadata/abstract,requires full-text verification,requires full-text verification,unknown; repository search pending,requires full-text verification,not inferred before method/full-text review,metadata-only,https://doi.org/10.1016/j.ins.2024.121691,"Controlled keyword coding; unknown fields are deliberate, not negative evidence."
P0151,Green Supplier Selection Based on Sequential Group Three-Way Decision Making,2023,Mathematics,decision analysis,interval granule,hierarchical/multi-level,entropy/information,not reported in metadata/abstract,not reported in metadata/abstract,three-way boundary/defer region; entropy,three-way accept/defer/reject,not reported in metadata/abstract,requires full-text verification,not reported in metadata/abstract,requires full-text verification,requires full-text verification,unknown; repository search pending,requires full-text verification,not inferred before method/full-text review,abstract-coded,https://doi.org/10.3390/math11224605,"Controlled keyword coding; unknown fields are deliberate, not negative evidence."
P0152,Optimal scale generation in two-class dominance decision tables with sequential three-way decision,2023,Information Sciences,decision analysis,points/objects or not reported,not reported in metadata/abstract,not reported in metadata/abstract,not reported in metadata/abstract,not reported in metadata/abstract,three-way boundary/defer region,three-way accept/defer/reject,not reported in metadata/abstract,requires full-text verification,not reported in metadata/abstract,requires full-text verification,requires full-text verification,unknown; repository search pending,requires full-text verification,not inferred before method/full-text review,metadata-only,https://doi.org/10.1016/j.ins.2022.12.097,"Controlled keyword coding; unknown fields are deliberate, not negative evidence."
P0153,A sequential three-way decision model based on hesitant fuzzy sets,2021,Journal of Intelligent &amp; Fuzzy Systems: Applications in Engineering and Technology,decision analysis,shadowed set,not reported in metadata/abstract,not reported in metadata/abstract,not reported in metadata/abstract,not reported in metadata/abstract,three-way boundary/defer region,three-way accept/defer/reject,not reported in metadata/abstract,requires full-text verification,not reported in metadata/abstract,requires full-text verification,requires full-text verification,unknown; repository search pending,requires full-text verification,not inferred before method/full-text review,abstract-coded,https://doi.org/10.3233/jifs-201524,"Controlled keyword coding; unknown fields are deliberate, not negative evidence."
P0154,Granular Description of Uncertain Data for Classification Rules in Three-Way Decision,2022,Applied Sciences,classification; decision analysis,points/objects or not reported,not reported in metadata/abstract,entropy/information,not reported in metadata/abstract,not reported in metadata/abstract,three-way boundary/defer region; entropy,three-way accept/defer/reject; classification decision,not reported in metadata/abstract,requires full-text verification,not reported in metadata/abstract,requires full-text verification,requires full-text verification,unknown; repository search pending,requires full-text verification,not inferred before method/full-text review,abstract-coded,https://doi.org/10.3390/app122211381,"Controlled keyword coding; unknown fields are deliberate, not negative evidence."
P0155,Intuitionistic Fuzzy Sequential Three-Way Decision Model in Incomplete Information Systems,2024,Symmetry,decision analysis,rough-set approximation,hierarchical/multi-level,not reported in metadata/abstract,not reported in metadata/abstract,not reported in metadata/abstract,three-way boundary/defer region,three-way accept/defer/reject,not reported in metadata/abstract,requires full-text verification,not reported in metadata/abstract,requires full-text verification,requires full-text verification,unknown; repository search pending,requires full-text verification,not inferred before method/full-text review,abstract-coded,https://doi.org/10.3390/sym16091244,"Controlled keyword coding; unknown fields are deliberate, not negative evidence."
P0156,Incremental Sequential Three-Way Decision Using a Deep Stacked Autoencoder,2019,Lecture Notes in Computer Science,decision analysis,points/objects or not reported,not reported in metadata/abstract,not reported in metadata/abstract,not reported in metadata/abstract,not reported in metadata/abstract,three-way boundary/defer region,three-way accept/defer/reject,not reported in metadata/abstract,requires full-text verification,not reported in metadata/abstract,requires full-text verification,requires full-text verification,unknown; repository search pending,requires full-text verification,not inferred before method/full-text review,metadata-only,https://doi.org/10.1007/978-3-030-22815-6_32,"Controlled keyword coding; unknown fields are deliberate, not negative evidence."
P0157,A sequential three-way decision model based on linguistic Z-numbers,2025,PLOS One,decision analysis,rough-set approximation,not reported in metadata/abstract,not reported in metadata/abstract,not reported in metadata/abstract,not reported in metadata/abstract,three-way boundary/defer region,three-way accept/defer/reject,not reported in metadata/abstract,requires full-text verification,not reported in metadata/abstract,requires full-text verification,requires full-text verification,unknown; repository search pending,requires full-text verification,not inferred before method/full-text review,abstract-coded,https://doi.org/10.1371/journal.pone.0320350,"Controlled keyword coding; unknown fields are deliberate, not negative evidence."
P0158,Threshold Selection Strategy for Sequential Three-Way Decision Model,2025,International Journal of Software Engineering and Knowledge Engineering,decision analysis,points/objects or not reported,multi-granulation,not reported in metadata/abstract,not reported in metadata/abstract,not reported in metadata/abstract,three-way boundary/defer region,three-way accept/defer/reject,not reported in metadata/abstract,requires full-text verification,not reported in metadata/abstract,requires full-text verification,requires full-text verification,unknown; repository search pending,requires full-text verification,not inferred before method/full-text review,abstract-coded,https://doi.org/10.1142/s0218194025500895,"Controlled keyword coding; unknown fields are deliberate, not negative evidence."
P0159,A cost-sensitive sequential multi-class three-way decision model,2026,International Journal of Machine Learning and Cybernetics,decision analysis,points/objects or not reported,not reported in metadata/abstract,not reported in metadata/abstract,not reported in metadata/abstract,not reported in metadata/abstract,three-way boundary/defer region,three-way accept/defer/reject,not reported in metadata/abstract,requires full-text verification,not reported in metadata/abstract,requires full-text verification,requires full-text verification,unknown; repository search pending,requires full-text verification,not inferred before method/full-text review,metadata-only,https://doi.org/10.1007/s13042-025-02839-y,"Controlled keyword coding; unknown fields are deliberate, not negative evidence."
P0160,A Sequential Three-Way Decision Model Based on Uncertainty Measurement,2025,Lecture Notes in Computer Science,decision analysis,points/objects or not reported,not reported in metadata/abstract,not reported in metadata/abstract,not reported in metadata/abstract,not reported in metadata/abstract,three-way boundary/defer region,three-way accept/defer/reject,not reported in metadata/abstract,requires full-text verification,not reported in metadata/abstract,requires full-text verification,requires full-text verification,unknown; repository search pending,requires full-text verification,not inferred before method/full-text review,metadata-only,https://doi.org/10.1007/978-3-031-92741-6_11,"Controlled keyword coding; unknown fields are deliberate, not negative evidence."
