experiment_id,seed,budget,method,n_blocks,n_corrupt,n_groups,scenario,audit_cost,corruption_recall,detection_probability,time_to_first_detection,worst_case_miss_rate
cloud-auditing-v1-s1,1,50,anomaly_score,10000,100,,adversarial,50.0,0.0,0.0,51.0,1.0
cloud-auditing-v1-s1,1,50,gb_center_only,10000,100,131.0,adversarial,50.0,0.002666666666666666,0.23333333333333334,43.666666666666664,1.0
cloud-auditing-v1-s1,1,50,gb_three_way,10000,100,131.0,adversarial,50.0,0.0013333333333333333,0.13333333333333333,47.03333333333333,1.0
cloud-auditing-v1-s1,1,50,granular_ball,10000,100,131.0,adversarial,50.0,0.0030000000000000005,0.23333333333333334,42.733333333333334,1.0
cloud-auditing-v1-s1,1,50,kmeans_group,10000,100,131.0,adversarial,50.0,0.0026666666666666666,0.2,45.9,1.0
cloud-auditing-v1-s1,1,50,risk_score,10000,100,,adversarial,50.0,0.0003333333333333333,0.03333333333333333,50.46666666666667,1.0
cloud-auditing-v1-s1,1,50,tree_partition,10000,100,131.0,adversarial,50.0,0.0,0.0,51.0,1.0
cloud-auditing-v1-s1,1,50,uniform,10000,100,,adversarial,50.0,0.005,0.4,41.06666666666667,1.0
cloud-auditing-v1-s1,1,50,weighted_random,10000,100,,adversarial,50.0,0.002,0.2,46.36666666666667,1.0
cloud-auditing-v1-s1,1,100,anomaly_score,10000,100,,adversarial,100.0,0.0013333333333333333,0.13333333333333333,93.2,1.0
cloud-auditing-v1-s1,1,100,gb_center_only,10000,100,131.0,adversarial,100.0,0.004333333333333333,0.3333333333333333,80.66666666666667,1.0
cloud-auditing-v1-s1,1,100,gb_three_way,10000,100,131.0,adversarial,100.0,0.003,0.23333333333333334,88.9,1.0
cloud-auditing-v1-s1,1,100,granular_ball,10000,100,131.0,adversarial,100.0,0.005333333333333333,0.4,77.96666666666667,1.0
cloud-auditing-v1-s1,1,100,kmeans_group,10000,100,131.0,adversarial,100.0,0.005000000000000001,0.4,76.7,1.0
cloud-auditing-v1-s1,1,100,risk_score,10000,100,,adversarial,100.0,0.0,0.0,101.0,1.0
cloud-auditing-v1-s1,1,100,tree_partition,10000,100,131.0,adversarial,100.0,0.0,0.0,101.0,1.0
cloud-auditing-v1-s1,1,100,uniform,10000,100,,adversarial,100.0,0.007666666666666668,0.43333333333333335,74.23333333333333,1.0
cloud-auditing-v1-s1,1,100,weighted_random,10000,100,,adversarial,100.0,0.006000000000000001,0.5,79.8,1.0
cloud-auditing-v1-s1,1,250,anomaly_score,10000,100,,adversarial,250.0,0.004,0.3,214.1,1.0
cloud-auditing-v1-s1,1,250,gb_center_only,10000,100,131.0,adversarial,250.0,0.01566666666666667,0.7,150.16666666666666,1.0
cloud-auditing-v1-s1,1,250,gb_three_way,10000,100,131.0,adversarial,250.0,0.007333333333333334,0.6,167.03333333333333,1.0
cloud-auditing-v1-s1,1,250,granular_ball,10000,100,131.0,adversarial,250.0,0.015000000000000003,0.8666666666666667,111.23333333333333,1.0
cloud-auditing-v1-s1,1,250,kmeans_group,10000,100,131.0,adversarial,250.0,0.012333333333333337,0.7,159.06666666666666,1.0
cloud-auditing-v1-s1,1,250,risk_score,10000,100,,adversarial,250.0,0.0,0.0,251.0,1.0
cloud-auditing-v1-s1,1,250,tree_partition,10000,100,131.0,adversarial,250.0,0.0,0.0,251.0,1.0
cloud-auditing-v1-s1,1,250,uniform,10000,100,,adversarial,250.0,0.023333333333333338,0.9,87.4,1.0
cloud-auditing-v1-s1,1,250,weighted_random,10000,100,,adversarial,250.0,0.014000000000000002,0.6,157.53333333333333,1.0
cloud-auditing-v1-s7,7,50,anomaly_score,10000,100,,adversarial,50.0,0.0016666666666666668,0.13333333333333333,47.2,1.0
cloud-auditing-v1-s7,7,50,gb_center_only,10000,100,73.0,adversarial,50.0,0.003666666666666666,0.3333333333333333,42.5,1.0
cloud-auditing-v1-s7,7,50,gb_three_way,10000,100,73.0,adversarial,50.0,0.0026666666666666666,0.23333333333333334,45.0,1.0
cloud-auditing-v1-s7,7,50,granular_ball,10000,100,73.0,adversarial,50.0,0.0033333333333333335,0.3,41.9,1.0
cloud-auditing-v1-s7,7,50,kmeans_group,10000,100,73.0,adversarial,50.0,0.002333333333333333,0.23333333333333334,46.333333333333336,1.0
cloud-auditing-v1-s7,7,50,risk_score,10000,100,,adversarial,50.0,0.0,0.0,51.0,1.0
cloud-auditing-v1-s7,7,50,tree_partition,10000,100,73.0,adversarial,50.0,0.0,0.0,51.0,1.0
cloud-auditing-v1-s7,7,50,uniform,10000,100,,adversarial,50.0,0.005666666666666667,0.3,41.63333333333333,1.0
cloud-auditing-v1-s7,7,50,weighted_random,10000,100,,adversarial,50.0,0.002666666666666666,0.23333333333333334,42.96666666666667,1.0
cloud-auditing-v1-s7,7,100,anomaly_score,10000,100,,adversarial,100.0,0.0006666666666666666,0.06666666666666667,98.66666666666667,1.0
cloud-auditing-v1-s7,7,100,gb_center_only,10000,100,73.0,adversarial,100.0,0.005666666666666668,0.5333333333333333,77.06666666666666,1.0
cloud-auditing-v1-s7,7,100,gb_three_way,10000,100,73.0,adversarial,100.0,0.004333333333333333,0.36666666666666664,75.36666666666666,1.0
cloud-auditing-v1-s7,7,100,granular_ball,10000,100,73.0,adversarial,100.0,0.006666666666666668,0.5666666666666667,71.23333333333333,1.0
cloud-auditing-v1-s7,7,100,kmeans_group,10000,100,73.0,adversarial,100.0,0.003,0.26666666666666666,90.6,1.0
cloud-auditing-v1-s7,7,100,risk_score,10000,100,,adversarial,100.0,0.0,0.0,101.0,1.0
cloud-auditing-v1-s7,7,100,tree_partition,10000,100,73.0,adversarial,100.0,0.0,0.0,101.0,1.0
cloud-auditing-v1-s7,7,100,uniform,10000,100,,adversarial,100.0,0.012333333333333337,0.7,56.96666666666667,1.0
cloud-auditing-v1-s7,7,100,weighted_random,10000,100,,adversarial,100.0,0.005666666666666668,0.4666666666666667,74.76666666666667,1.0
cloud-auditing-v1-s7,7,250,anomaly_score,10000,100,,adversarial,250.0,0.0016666666666666668,0.16666666666666666,224.96666666666667,1.0
cloud-auditing-v1-s7,7,250,gb_center_only,10000,100,73.0,adversarial,250.0,0.01266666666666667,0.7666666666666667,129.16666666666666,1.0
cloud-auditing-v1-s7,7,250,gb_three_way,10000,100,73.0,adversarial,250.0,0.006333333333333334,0.5,175.8,1.0
cloud-auditing-v1-s7,7,250,granular_ball,10000,100,73.0,adversarial,250.0,0.015000000000000001,0.8333333333333334,138.3,1.0
cloud-auditing-v1-s7,7,250,kmeans_group,10000,100,73.0,adversarial,250.0,0.012666666666666668,0.7333333333333333,137.13333333333333,1.0
cloud-auditing-v1-s7,7,250,risk_score,10000,100,,adversarial,250.0,0.0,0.0,251.0,1.0
cloud-auditing-v1-s7,7,250,tree_partition,10000,100,73.0,adversarial,250.0,0.0,0.0,251.0,1.0
cloud-auditing-v1-s7,7,250,uniform,10000,100,,adversarial,250.0,0.022666666666666672,1.0,70.16666666666667,0.99
cloud-auditing-v1-s7,7,250,weighted_random,10000,100,,adversarial,250.0,0.011333333333333334,0.6666666666666666,140.5,1.0
cloud-auditing-v1-s21,21,50,anomaly_score,10000,100,,adversarial,50.0,0.0003333333333333333,0.03333333333333333,49.833333333333336,1.0
cloud-auditing-v1-s21,21,50,gb_center_only,10000,100,2.0,adversarial,50.0,0.0023333333333333335,0.23333333333333334,45.0,1.0
cloud-auditing-v1-s21,21,50,gb_three_way,10000,100,2.0,adversarial,50.0,0.0016666666666666668,0.16666666666666666,46.2,1.0
cloud-auditing-v1-s21,21,50,granular_ball,10000,100,2.0,adversarial,50.0,0.002,0.13333333333333333,46.2,1.0
cloud-auditing-v1-s21,21,50,kmeans_group,10000,100,2.0,adversarial,50.0,0.005,0.43333333333333335,39.2,1.0
cloud-auditing-v1-s21,21,50,risk_score,10000,100,,adversarial,50.0,0.0,0.0,51.0,1.0
cloud-auditing-v1-s21,21,50,tree_partition,10000,100,2.0,adversarial,50.0,0.0,0.0,51.0,1.0
cloud-auditing-v1-s21,21,50,uniform,10000,100,,adversarial,50.0,0.008,0.6333333333333333,30.966666666666665,1.0
cloud-auditing-v1-s21,21,50,weighted_random,10000,100,,adversarial,50.0,0.002333333333333333,0.2,44.0,1.0
cloud-auditing-v1-s21,21,100,anomaly_score,10000,100,,adversarial,100.0,0.001,0.1,94.03333333333333,1.0
cloud-auditing-v1-s21,21,100,gb_center_only,10000,100,2.0,adversarial,100.0,0.006666666666666668,0.4666666666666667,76.06666666666666,1.0
cloud-auditing-v1-s21,21,100,gb_three_way,10000,100,2.0,adversarial,100.0,0.001,0.1,97.03333333333333,1.0
cloud-auditing-v1-s21,21,100,granular_ball,10000,100,2.0,adversarial,100.0,0.004666666666666667,0.43333333333333335,75.36666666666666,1.0
cloud-auditing-v1-s21,21,100,kmeans_group,10000,100,2.0,adversarial,100.0,0.005333333333333333,0.4,81.06666666666666,1.0
cloud-auditing-v1-s21,21,100,risk_score,10000,100,,adversarial,100.0,0.0,0.0,101.0,1.0
cloud-auditing-v1-s21,21,100,tree_partition,10000,100,2.0,adversarial,100.0,0.0003333333333333333,0.03333333333333333,100.93333333333334,1.0
cloud-auditing-v1-s21,21,100,uniform,10000,100,,adversarial,100.0,0.008,0.5,71.9,1.0
cloud-auditing-v1-s21,21,100,weighted_random,10000,100,,adversarial,100.0,0.006666666666666668,0.5,71.86666666666666,1.0
cloud-auditing-v1-s21,21,250,anomaly_score,10000,100,,adversarial,250.0,0.002,0.2,228.1,1.0
cloud-auditing-v1-s21,21,250,gb_center_only,10000,100,2.0,adversarial,250.0,0.011000000000000003,0.7333333333333333,139.93333333333334,1.0
cloud-auditing-v1-s21,21,250,gb_three_way,10000,100,2.0,adversarial,250.0,0.0036666666666666666,0.3333333333333333,209.26666666666668,1.0
cloud-auditing-v1-s21,21,250,granular_ball,10000,100,2.0,adversarial,250.0,0.016333333333333335,0.8666666666666667,123.16666666666667,1.0
cloud-auditing-v1-s21,21,250,kmeans_group,10000,100,2.0,adversarial,250.0,0.018333333333333333,0.9,113.13333333333334,1.0
cloud-auditing-v1-s21,21,250,risk_score,10000,100,,adversarial,250.0,0.0,0.0,251.0,1.0
cloud-auditing-v1-s21,21,250,tree_partition,10000,100,2.0,adversarial,250.0,0.0,0.0,251.0,1.0
cloud-auditing-v1-s21,21,250,uniform,10000,100,,adversarial,250.0,0.029333333333333336,1.0,76.76666666666667,0.99
cloud-auditing-v1-s21,21,250,weighted_random,10000,100,,adversarial,250.0,0.013000000000000001,0.7333333333333333,140.53333333333333,1.0
cloud-auditing-v1-s42,42,50,anomaly_score,10000,100,,adversarial,50.0,0.0003333333333333333,0.03333333333333333,49.36666666666667,1.0
cloud-auditing-v1-s42,42,50,gb_center_only,10000,100,124.0,adversarial,50.0,0.002333333333333333,0.13333333333333333,46.233333333333334,1.0
cloud-auditing-v1-s42,42,50,gb_three_way,10000,100,124.0,adversarial,50.0,0.001,0.1,47.43333333333333,1.0
cloud-auditing-v1-s42,42,50,granular_ball,10000,100,124.0,adversarial,50.0,0.004,0.3,42.333333333333336,1.0
cloud-auditing-v1-s42,42,50,kmeans_group,10000,100,124.0,adversarial,50.0,0.001,0.1,50.53333333333333,1.0
cloud-auditing-v1-s42,42,50,risk_score,10000,100,,adversarial,50.0,0.0,0.0,51.0,1.0
cloud-auditing-v1-s42,42,50,tree_partition,10000,100,124.0,adversarial,50.0,0.0,0.0,51.0,1.0
cloud-auditing-v1-s42,42,50,uniform,10000,100,,adversarial,50.0,0.0036666666666666666,0.26666666666666666,40.733333333333334,1.0
cloud-auditing-v1-s42,42,50,weighted_random,10000,100,,adversarial,50.0,0.003999999999999999,0.4,39.7,1.0
cloud-auditing-v1-s42,42,100,anomaly_score,10000,100,,adversarial,100.0,0.0016666666666666668,0.16666666666666666,92.23333333333333,1.0
cloud-auditing-v1-s42,42,100,gb_center_only,10000,100,124.0,adversarial,100.0,0.004666666666666667,0.4666666666666667,80.0,1.0
cloud-auditing-v1-s42,42,100,gb_three_way,10000,100,124.0,adversarial,100.0,0.003,0.26666666666666666,84.73333333333333,1.0
cloud-auditing-v1-s42,42,100,granular_ball,10000,100,124.0,adversarial,100.0,0.007666666666666667,0.5,72.96666666666667,1.0
cloud-auditing-v1-s42,42,100,kmeans_group,10000,100,124.0,adversarial,100.0,0.006666666666666667,0.5333333333333333,77.33333333333333,1.0
cloud-auditing-v1-s42,42,100,risk_score,10000,100,,adversarial,100.0,0.0,0.0,101.0,1.0
cloud-auditing-v1-s42,42,100,tree_partition,10000,100,124.0,adversarial,100.0,0.0,0.0,101.0,1.0
cloud-auditing-v1-s42,42,100,uniform,10000,100,,adversarial,100.0,0.010333333333333335,0.8,59.03333333333333,1.0
cloud-auditing-v1-s42,42,100,weighted_random,10000,100,,adversarial,100.0,0.005,0.3333333333333333,81.4,1.0
cloud-auditing-v1-s42,42,250,anomaly_score,10000,100,,adversarial,250.0,0.004,0.4,210.83333333333334,1.0
cloud-auditing-v1-s42,42,250,gb_center_only,10000,100,124.0,adversarial,250.0,0.015000000000000003,0.7666666666666667,141.8,1.0
cloud-auditing-v1-s42,42,250,gb_three_way,10000,100,124.0,adversarial,250.0,0.008666666666666668,0.6333333333333333,167.93333333333334,1.0
cloud-auditing-v1-s42,42,250,granular_ball,10000,100,124.0,adversarial,250.0,0.016,0.9,117.06666666666666,1.0
cloud-auditing-v1-s42,42,250,kmeans_group,10000,100,124.0,adversarial,250.0,0.011000000000000003,0.6333333333333333,175.96666666666667,1.0
cloud-auditing-v1-s42,42,250,risk_score,10000,100,,adversarial,250.0,0.0,0.0,251.0,1.0
cloud-auditing-v1-s42,42,250,tree_partition,10000,100,124.0,adversarial,250.0,0.0,0.0,251.0,1.0
cloud-auditing-v1-s42,42,250,uniform,10000,100,,adversarial,250.0,0.027000000000000003,0.9,90.33333333333333,1.0
cloud-auditing-v1-s42,42,250,weighted_random,10000,100,,adversarial,250.0,0.014,0.7,125.7,1.0
cloud-auditing-v1-s2026,2026,50,anomaly_score,10000,100,,adversarial,50.0,0.0003333333333333333,0.03333333333333333,50.833333333333336,1.0
cloud-auditing-v1-s2026,2026,50,gb_center_only,10000,100,2.0,adversarial,50.0,0.002,0.2,46.4,1.0
cloud-auditing-v1-s2026,2026,50,gb_three_way,10000,100,2.0,adversarial,50.0,0.0003333333333333333,0.03333333333333333,49.7,1.0
cloud-auditing-v1-s2026,2026,50,granular_ball,10000,100,2.0,adversarial,50.0,0.004,0.36666666666666664,40.06666666666667,1.0
cloud-auditing-v1-s2026,2026,50,kmeans_group,10000,100,2.0,adversarial,50.0,0.0036666666666666666,0.3,45.7,1.0
cloud-auditing-v1-s2026,2026,50,risk_score,10000,100,,adversarial,50.0,0.0,0.0,51.0,1.0
cloud-auditing-v1-s2026,2026,50,tree_partition,10000,100,2.0,adversarial,50.0,0.0003333333333333333,0.03333333333333333,50.166666666666664,1.0
cloud-auditing-v1-s2026,2026,50,uniform,10000,100,,adversarial,50.0,0.006333333333333333,0.43333333333333335,40.63333333333333,1.0
cloud-auditing-v1-s2026,2026,50,weighted_random,10000,100,,adversarial,50.0,0.002333333333333333,0.23333333333333334,44.333333333333336,1.0
cloud-auditing-v1-s2026,2026,100,anomaly_score,10000,100,,adversarial,100.0,0.0006666666666666666,0.06666666666666667,97.76666666666667,1.0
cloud-auditing-v1-s2026,2026,100,gb_center_only,10000,100,2.0,adversarial,100.0,0.005000000000000001,0.36666666666666664,81.13333333333334,1.0
cloud-auditing-v1-s2026,2026,100,gb_three_way,10000,100,2.0,adversarial,100.0,0.0003333333333333333,0.03333333333333333,99.16666666666667,1.0
cloud-auditing-v1-s2026,2026,100,granular_ball,10000,100,2.0,adversarial,100.0,0.006666666666666668,0.4666666666666667,77.66666666666667,1.0
cloud-auditing-v1-s2026,2026,100,kmeans_group,10000,100,2.0,adversarial,100.0,0.010000000000000002,0.6,63.666666666666664,1.0
cloud-auditing-v1-s2026,2026,100,risk_score,10000,100,,adversarial,100.0,0.0003333333333333333,0.03333333333333333,100.36666666666666,1.0
cloud-auditing-v1-s2026,2026,100,tree_partition,10000,100,2.0,adversarial,100.0,0.0,0.0,101.0,1.0
cloud-auditing-v1-s2026,2026,100,uniform,10000,100,,adversarial,100.0,0.008000000000000002,0.5333333333333333,61.9,1.0
cloud-auditing-v1-s2026,2026,100,weighted_random,10000,100,,adversarial,100.0,0.004,0.36666666666666664,86.7,1.0
cloud-auditing-v1-s2026,2026,250,anomaly_score,10000,100,,adversarial,250.0,0.0036666666666666657,0.3,205.16666666666666,1.0
cloud-auditing-v1-s2026,2026,250,gb_center_only,10000,100,2.0,adversarial,250.0,0.014666666666666668,0.8666666666666667,130.76666666666668,1.0
cloud-auditing-v1-s2026,2026,250,gb_three_way,10000,100,2.0,adversarial,250.0,0.005000000000000001,0.36666666666666664,197.93333333333334,1.0
cloud-auditing-v1-s2026,2026,250,granular_ball,10000,100,2.0,adversarial,250.0,0.008333333333333333,0.6333333333333333,150.7,1.0
cloud-auditing-v1-s2026,2026,250,kmeans_group,10000,100,2.0,adversarial,250.0,0.019000000000000003,0.9666666666666667,85.46666666666667,0.99
cloud-auditing-v1-s2026,2026,250,risk_score,10000,100,,adversarial,250.0,0.0003333333333333333,0.03333333333333333,250.63333333333333,1.0
cloud-auditing-v1-s2026,2026,250,tree_partition,10000,100,2.0,adversarial,250.0,0.0,0.0,251.0,1.0
cloud-auditing-v1-s2026,2026,250,uniform,10000,100,,adversarial,250.0,0.026000000000000006,1.0,67.2,0.99
cloud-auditing-v1-s2026,2026,250,weighted_random,10000,100,,adversarial,250.0,0.01366666666666667,0.8,120.4,1.0
cloud-auditing-v1-s1,1,50,anomaly_score,10000,100,,clustered,50.0,0.003333333333333333,0.3333333333333333,44.5,1.0
cloud-auditing-v1-s1,1,50,gb_center_only,10000,100,131.0,clustered,50.0,0.007333333333333334,0.4666666666666667,33.7,1.0
cloud-auditing-v1-s1,1,50,gb_three_way,10000,100,131.0,clustered,50.0,0.005333333333333333,0.4,45.166666666666664,1.0
cloud-auditing-v1-s1,1,50,granular_ball,10000,100,131.0,clustered,50.0,0.006666666666666669,0.5666666666666667,36.96666666666667,1.0
cloud-auditing-v1-s1,1,50,kmeans_group,10000,100,131.0,clustered,50.0,0.005666666666666666,0.4,39.93333333333333,1.0
cloud-auditing-v1-s1,1,50,risk_score,10000,100,,clustered,50.0,0.0016666666666666668,0.16666666666666666,44.7,1.0
cloud-auditing-v1-s1,1,50,tree_partition,10000,100,131.0,clustered,50.0,0.005666666666666667,0.36666666666666664,39.93333333333333,1.0
cloud-auditing-v1-s1,1,50,uniform,10000,100,,clustered,50.0,0.005,0.4666666666666667,39.36666666666667,1.0
cloud-auditing-v1-s1,1,50,weighted_random,10000,100,,clustered,50.0,0.004666666666666667,0.3,43.06666666666667,1.0
cloud-auditing-v1-s1,1,100,anomaly_score,10000,100,,clustered,100.0,0.009666666666666667,0.6333333333333333,59.96666666666667,1.0
cloud-auditing-v1-s1,1,100,gb_center_only,10000,100,131.0,clustered,100.0,0.01266666666666667,0.8333333333333334,52.63333333333333,1.0
cloud-auditing-v1-s1,1,100,gb_three_way,10000,100,131.0,clustered,100.0,0.013666666666666669,0.7666666666666667,54.2,1.0
cloud-auditing-v1-s1,1,100,granular_ball,10000,100,131.0,clustered,100.0,0.014333333333333335,0.8666666666666667,46.7,1.0
cloud-auditing-v1-s1,1,100,kmeans_group,10000,100,131.0,clustered,100.0,0.010000000000000002,0.5333333333333333,64.36666666666666,1.0
cloud-auditing-v1-s1,1,100,risk_score,10000,100,,clustered,100.0,0.008666666666666668,0.6666666666666666,62.3,1.0
cloud-auditing-v1-s1,1,100,tree_partition,10000,100,131.0,clustered,100.0,0.007333333333333334,0.5,72.86666666666666,1.0
cloud-auditing-v1-s1,1,100,uniform,10000,100,,clustered,100.0,0.013000000000000003,0.6666666666666666,59.166666666666664,1.0
cloud-auditing-v1-s1,1,100,weighted_random,10000,100,,clustered,100.0,0.009666666666666667,0.6,59.666666666666664,1.0
cloud-auditing-v1-s1,1,250,anomaly_score,10000,100,,clustered,250.0,0.026333333333333334,0.9333333333333333,93.26666666666667,0.9954999999999999
cloud-auditing-v1-s1,1,250,gb_center_only,10000,100,131.0,clustered,250.0,0.025333333333333333,0.9666666666666667,89.0,0.99
cloud-auditing-v1-s1,1,250,gb_three_way,10000,100,131.0,clustered,250.0,0.029333333333333336,1.0,76.16666666666667,0.99
cloud-auditing-v1-s1,1,250,granular_ball,10000,100,131.0,clustered,250.0,0.02166666666666667,0.9333333333333333,120.56666666666666,0.9954999999999999
cloud-auditing-v1-s1,1,250,kmeans_group,10000,100,131.0,clustered,250.0,0.020333333333333335,0.9333333333333333,90.0,0.9954999999999999
cloud-auditing-v1-s1,1,250,risk_score,10000,100,,clustered,250.0,0.025000000000000005,0.9,90.5,1.0
cloud-auditing-v1-s1,1,250,tree_partition,10000,100,131.0,clustered,250.0,0.02533333333333334,0.9333333333333333,66.46666666666667,0.9954999999999999
cloud-auditing-v1-s1,1,250,uniform,10000,100,,clustered,250.0,0.026333333333333334,0.9666666666666667,71.9,0.99
cloud-auditing-v1-s1,1,250,weighted_random,10000,100,,clustered,250.0,0.02766666666666667,0.9,87.03333333333333,1.0
cloud-auditing-v1-s7,7,50,anomaly_score,10000,100,,clustered,50.0,0.010000000000000002,0.5666666666666667,35.166666666666664,1.0
cloud-auditing-v1-s7,7,50,gb_center_only,10000,100,73.0,clustered,50.0,0.004333333333333333,0.36666666666666664,40.7,1.0
cloud-auditing-v1-s7,7,50,gb_three_way,10000,100,73.0,clustered,50.0,0.006,0.4,39.5,1.0
cloud-auditing-v1-s7,7,50,granular_ball,10000,100,73.0,clustered,50.0,0.0036666666666666666,0.3333333333333333,43.266666666666666,1.0
cloud-auditing-v1-s7,7,50,kmeans_group,10000,100,73.0,clustered,50.0,0.007333333333333334,0.5666666666666667,34.36666666666667,1.0
cloud-auditing-v1-s7,7,50,risk_score,10000,100,,clustered,50.0,0.005000000000000001,0.4,43.56666666666667,1.0
cloud-auditing-v1-s7,7,50,tree_partition,10000,100,73.0,clustered,50.0,0.006666666666666669,0.5666666666666667,36.06666666666667,1.0
cloud-auditing-v1-s7,7,50,uniform,10000,100,,clustered,50.0,0.006333333333333333,0.43333333333333335,37.166666666666664,1.0
cloud-auditing-v1-s7,7,50,weighted_random,10000,100,,clustered,50.0,0.005,0.4,39.666666666666664,1.0
cloud-auditing-v1-s7,7,100,anomaly_score,10000,100,,clustered,100.0,0.008,0.5333333333333333,72.26666666666667,1.0
cloud-auditing-v1-s7,7,100,gb_center_only,10000,100,73.0,clustered,100.0,0.01,0.6,64.7,1.0
cloud-auditing-v1-s7,7,100,gb_three_way,10000,100,73.0,clustered,100.0,0.011333333333333336,0.7333333333333333,56.96666666666667,1.0
cloud-auditing-v1-s7,7,100,granular_ball,10000,100,73.0,clustered,100.0,0.008333333333333333,0.5333333333333333,63.5,1.0
cloud-auditing-v1-s7,7,100,kmeans_group,10000,100,73.0,clustered,100.0,0.012333333333333335,0.7,56.56666666666667,1.0
cloud-auditing-v1-s7,7,100,risk_score,10000,100,,clustered,100.0,0.012333333333333337,0.7666666666666667,48.6,1.0
cloud-auditing-v1-s7,7,100,tree_partition,10000,100,73.0,clustered,100.0,0.009333333333333334,0.5333333333333333,61.4,1.0
cloud-auditing-v1-s7,7,100,uniform,10000,100,,clustered,100.0,0.011000000000000003,0.8,51.7,1.0
cloud-auditing-v1-s7,7,100,weighted_random,10000,100,,clustered,100.0,0.009333333333333334,0.6333333333333333,69.1,1.0
cloud-auditing-v1-s7,7,250,anomaly_score,10000,100,,clustered,250.0,0.02966666666666667,0.9,82.33333333333333,1.0
cloud-auditing-v1-s7,7,250,gb_center_only,10000,100,73.0,clustered,250.0,0.019333333333333334,0.8333333333333334,125.8,1.0
cloud-auditing-v1-s7,7,250,gb_three_way,10000,100,73.0,clustered,250.0,0.026000000000000006,0.9,91.53333333333333,1.0
cloud-auditing-v1-s7,7,250,granular_ball,10000,100,73.0,clustered,250.0,0.028000000000000008,0.9333333333333333,73.83333333333333,0.9954999999999999
cloud-auditing-v1-s7,7,250,kmeans_group,10000,100,73.0,clustered,250.0,0.025333333333333336,0.9,100.36666666666666,1.0
cloud-auditing-v1-s7,7,250,risk_score,10000,100,,clustered,250.0,0.024000000000000004,0.8666666666666667,109.43333333333334,1.0
cloud-auditing-v1-s7,7,250,tree_partition,10000,100,73.0,clustered,250.0,0.022333333333333337,0.9,110.96666666666667,1.0
cloud-auditing-v1-s7,7,250,uniform,10000,100,,clustered,250.0,0.022666666666666672,0.9666666666666667,83.1,0.99
cloud-auditing-v1-s7,7,250,weighted_random,10000,100,,clustered,250.0,0.030000000000000006,0.9666666666666667,76.66666666666667,0.99
cloud-auditing-v1-s21,21,50,anomaly_score,10000,100,,clustered,50.0,0.007000000000000001,0.4666666666666667,37.266666666666666,1.0
cloud-auditing-v1-s21,21,50,gb_center_only,10000,100,2.0,clustered,50.0,0.005666666666666667,0.43333333333333335,42.5,1.0
cloud-auditing-v1-s21,21,50,gb_three_way,10000,100,2.0,clustered,50.0,0.007000000000000001,0.5333333333333333,36.666666666666664,1.0
cloud-auditing-v1-s21,21,50,granular_ball,10000,100,2.0,clustered,50.0,0.005666666666666668,0.43333333333333335,40.333333333333336,1.0
cloud-auditing-v1-s21,21,50,kmeans_group,10000,100,2.0,clustered,50.0,0.005000000000000001,0.4,40.3,1.0
cloud-auditing-v1-s21,21,50,risk_score,10000,100,,clustered,50.0,0.006666666666666667,0.43333333333333335,37.6,1.0
cloud-auditing-v1-s21,21,50,tree_partition,10000,100,2.0,clustered,50.0,0.007666666666666668,0.6,35.53333333333333,1.0
cloud-auditing-v1-s21,21,50,uniform,10000,100,,clustered,50.0,0.006333333333333334,0.43333333333333335,37.1,1.0
cloud-auditing-v1-s21,21,50,weighted_random,10000,100,,clustered,50.0,0.005666666666666667,0.4,43.13333333333333,1.0
cloud-auditing-v1-s21,21,100,anomaly_score,10000,100,,clustered,100.0,0.010333333333333335,0.6333333333333333,68.4,1.0
cloud-auditing-v1-s21,21,100,gb_center_only,10000,100,2.0,clustered,100.0,0.010666666666666668,0.6666666666666666,57.733333333333334,1.0
cloud-auditing-v1-s21,21,100,gb_three_way,10000,100,2.0,clustered,100.0,0.010000000000000002,0.6333333333333333,63.36666666666667,1.0
cloud-auditing-v1-s21,21,100,granular_ball,10000,100,2.0,clustered,100.0,0.008666666666666668,0.6666666666666666,62.733333333333334,1.0
cloud-auditing-v1-s21,21,100,kmeans_group,10000,100,2.0,clustered,100.0,0.010333333333333335,0.8,51.266666666666666,1.0
cloud-auditing-v1-s21,21,100,risk_score,10000,100,,clustered,100.0,0.009333333333333334,0.6,58.53333333333333,1.0
cloud-auditing-v1-s21,21,100,tree_partition,10000,100,2.0,clustered,100.0,0.012333333333333333,0.7,55.666666666666664,1.0
cloud-auditing-v1-s21,21,100,uniform,10000,100,,clustered,100.0,0.011333333333333336,0.7666666666666667,54.266666666666666,1.0
cloud-auditing-v1-s21,21,100,weighted_random,10000,100,,clustered,100.0,0.010333333333333335,0.7666666666666667,61.6,1.0
cloud-auditing-v1-s21,21,250,anomaly_score,10000,100,,clustered,250.0,0.019333333333333334,0.8,150.46666666666667,1.0
cloud-auditing-v1-s21,21,250,gb_center_only,10000,100,2.0,clustered,250.0,0.029333333333333336,0.9666666666666667,81.6,0.99
cloud-auditing-v1-s21,21,250,gb_three_way,10000,100,2.0,clustered,250.0,0.023333333333333338,0.9,99.63333333333334,1.0
cloud-auditing-v1-s21,21,250,granular_ball,10000,100,2.0,clustered,250.0,0.02766666666666667,0.9333333333333333,85.53333333333333,0.9954999999999999
cloud-auditing-v1-s21,21,250,kmeans_group,10000,100,2.0,clustered,250.0,0.026000000000000002,0.8,107.63333333333334,1.0
cloud-auditing-v1-s21,21,250,risk_score,10000,100,,clustered,250.0,0.02566666666666667,0.9,99.26666666666667,1.0
cloud-auditing-v1-s21,21,250,tree_partition,10000,100,2.0,clustered,250.0,0.024000000000000007,0.9,108.26666666666667,1.0
cloud-auditing-v1-s21,21,250,uniform,10000,100,,clustered,250.0,0.025333333333333336,0.9666666666666667,92.2,0.99
cloud-auditing-v1-s21,21,250,weighted_random,10000,100,,clustered,250.0,0.020000000000000004,0.8666666666666667,98.1,1.0
cloud-auditing-v1-s42,42,50,anomaly_score,10000,100,,clustered,50.0,0.005333333333333334,0.4666666666666667,40.4,1.0
cloud-auditing-v1-s42,42,50,gb_center_only,10000,100,124.0,clustered,50.0,0.004333333333333333,0.36666666666666664,42.63333333333333,1.0
cloud-auditing-v1-s42,42,50,gb_three_way,10000,100,124.0,clustered,50.0,0.004666666666666667,0.43333333333333335,37.5,1.0
cloud-auditing-v1-s42,42,50,granular_ball,10000,100,124.0,clustered,50.0,0.004666666666666667,0.4,38.3,1.0
cloud-auditing-v1-s42,42,50,kmeans_group,10000,100,124.0,clustered,50.0,0.004666666666666667,0.3333333333333333,41.8,1.0
cloud-auditing-v1-s42,42,50,risk_score,10000,100,,clustered,50.0,0.006000000000000001,0.43333333333333335,36.6,1.0
cloud-auditing-v1-s42,42,50,tree_partition,10000,100,124.0,clustered,50.0,0.003333333333333333,0.3,43.96666666666667,1.0
cloud-auditing-v1-s42,42,50,uniform,10000,100,,clustered,50.0,0.004,0.4,42.166666666666664,1.0
cloud-auditing-v1-s42,42,50,weighted_random,10000,100,,clustered,50.0,0.005000000000000001,0.4666666666666667,39.733333333333334,1.0
cloud-auditing-v1-s42,42,100,anomaly_score,10000,100,,clustered,100.0,0.011000000000000001,0.6666666666666666,60.56666666666667,1.0
cloud-auditing-v1-s42,42,100,gb_center_only,10000,100,124.0,clustered,100.0,0.013000000000000003,0.8,57.96666666666667,1.0
cloud-auditing-v1-s42,42,100,gb_three_way,10000,100,124.0,clustered,100.0,0.011333333333333336,0.6666666666666666,59.1,1.0
cloud-auditing-v1-s42,42,100,granular_ball,10000,100,124.0,clustered,100.0,0.009000000000000003,0.5666666666666667,62.56666666666667,1.0
cloud-auditing-v1-s42,42,100,kmeans_group,10000,100,124.0,clustered,100.0,0.009666666666666667,0.7,61.6,1.0
cloud-auditing-v1-s42,42,100,risk_score,10000,100,,clustered,100.0,0.016333333333333335,1.0,51.266666666666666,0.99
cloud-auditing-v1-s42,42,100,tree_partition,10000,100,124.0,clustered,100.0,0.011333333333333336,0.7,59.93333333333333,1.0
cloud-auditing-v1-s42,42,100,uniform,10000,100,,clustered,100.0,0.006666666666666668,0.4666666666666667,78.66666666666667,1.0
cloud-auditing-v1-s42,42,100,weighted_random,10000,100,,clustered,100.0,0.008333333333333335,0.6,67.13333333333334,1.0
cloud-auditing-v1-s42,42,250,anomaly_score,10000,100,,clustered,250.0,0.02433333333333334,0.9,105.6,1.0
cloud-auditing-v1-s42,42,250,gb_center_only,10000,100,124.0,clustered,250.0,0.026666666666666675,0.9,100.96666666666667,1.0
cloud-auditing-v1-s42,42,250,gb_three_way,10000,100,124.0,clustered,250.0,0.02600000000000001,0.9333333333333333,93.16666666666667,0.9954999999999999
cloud-auditing-v1-s42,42,250,granular_ball,10000,100,124.0,clustered,250.0,0.029000000000000005,0.8666666666666667,84.46666666666667,1.0
cloud-auditing-v1-s42,42,250,kmeans_group,10000,100,124.0,clustered,250.0,0.02600000000000001,0.9666666666666667,82.0,0.99
cloud-auditing-v1-s42,42,250,risk_score,10000,100,,clustered,250.0,0.028000000000000004,0.9666666666666667,81.06666666666666,0.99
cloud-auditing-v1-s42,42,250,tree_partition,10000,100,124.0,clustered,250.0,0.024000000000000007,0.9666666666666667,71.7,0.99
cloud-auditing-v1-s42,42,250,uniform,10000,100,,clustered,250.0,0.026666666666666672,0.9666666666666667,82.96666666666667,0.99
cloud-auditing-v1-s42,42,250,weighted_random,10000,100,,clustered,250.0,0.028333333333333335,0.8333333333333334,101.26666666666667,1.0
cloud-auditing-v1-s2026,2026,50,anomaly_score,10000,100,,clustered,50.0,0.005333333333333334,0.43333333333333335,42.733333333333334,1.0
cloud-auditing-v1-s2026,2026,50,gb_center_only,10000,100,2.0,clustered,50.0,0.003,0.3,44.3,1.0
cloud-auditing-v1-s2026,2026,50,gb_three_way,10000,100,2.0,clustered,50.0,0.003333333333333333,0.26666666666666666,44.43333333333333,1.0
cloud-auditing-v1-s2026,2026,50,granular_ball,10000,100,2.0,clustered,50.0,0.005333333333333334,0.43333333333333335,39.53333333333333,1.0
cloud-auditing-v1-s2026,2026,50,kmeans_group,10000,100,2.0,clustered,50.0,0.004333333333333333,0.36666666666666664,42.7,1.0
cloud-auditing-v1-s2026,2026,50,risk_score,10000,100,,clustered,50.0,0.004666666666666667,0.36666666666666664,41.7,1.0
cloud-auditing-v1-s2026,2026,50,tree_partition,10000,100,2.0,clustered,50.0,0.004666666666666667,0.4,44.0,1.0
cloud-auditing-v1-s2026,2026,50,uniform,10000,100,,clustered,50.0,0.005333333333333334,0.43333333333333335,39.63333333333333,1.0
cloud-auditing-v1-s2026,2026,50,weighted_random,10000,100,,clustered,50.0,0.003666666666666666,0.3,44.46666666666667,1.0
cloud-auditing-v1-s2026,2026,100,anomaly_score,10000,100,,clustered,100.0,0.008666666666666666,0.6333333333333333,66.1,1.0
cloud-auditing-v1-s2026,2026,100,gb_center_only,10000,100,2.0,clustered,100.0,0.006666666666666667,0.4,82.26666666666667,1.0
cloud-auditing-v1-s2026,2026,100,gb_three_way,10000,100,2.0,clustered,100.0,0.012000000000000004,0.8,54.13333333333333,1.0
cloud-auditing-v1-s2026,2026,100,granular_ball,10000,100,2.0,clustered,100.0,0.008,0.5,72.63333333333334,1.0
cloud-auditing-v1-s2026,2026,100,kmeans_group,10000,100,2.0,clustered,100.0,0.010333333333333335,0.7,63.86666666666667,1.0
cloud-auditing-v1-s2026,2026,100,risk_score,10000,100,,clustered,100.0,0.011666666666666669,0.6666666666666666,55.333333333333336,1.0
cloud-auditing-v1-s2026,2026,100,tree_partition,10000,100,2.0,clustered,100.0,0.008333333333333333,0.6333333333333333,59.166666666666664,1.0
cloud-auditing-v1-s2026,2026,100,uniform,10000,100,,clustered,100.0,0.011666666666666667,0.7,60.53333333333333,1.0
cloud-auditing-v1-s2026,2026,100,weighted_random,10000,100,,clustered,100.0,0.008333333333333333,0.4666666666666667,75.26666666666667,1.0
cloud-auditing-v1-s2026,2026,250,anomaly_score,10000,100,,clustered,250.0,0.028666666666666674,0.9,84.06666666666666,1.0
cloud-auditing-v1-s2026,2026,250,gb_center_only,10000,100,2.0,clustered,250.0,0.023000000000000003,0.8,114.6,1.0
cloud-auditing-v1-s2026,2026,250,gb_three_way,10000,100,2.0,clustered,250.0,0.025666666666666674,0.9,92.03333333333333,1.0
cloud-auditing-v1-s2026,2026,250,granular_ball,10000,100,2.0,clustered,250.0,0.030000000000000006,0.9666666666666667,82.0,0.99
cloud-auditing-v1-s2026,2026,250,kmeans_group,10000,100,2.0,clustered,250.0,0.022000000000000006,0.8666666666666667,103.13333333333334,1.0
cloud-auditing-v1-s2026,2026,250,risk_score,10000,100,,clustered,250.0,0.020000000000000004,0.8666666666666667,96.13333333333334,1.0
cloud-auditing-v1-s2026,2026,250,tree_partition,10000,100,2.0,clustered,250.0,0.02066666666666667,0.8333333333333334,119.96666666666667,1.0
cloud-auditing-v1-s2026,2026,250,uniform,10000,100,,clustered,250.0,0.023000000000000007,0.8666666666666667,105.1,1.0
cloud-auditing-v1-s2026,2026,250,weighted_random,10000,100,,clustered,250.0,0.02600000000000001,0.9666666666666667,71.13333333333334,0.99
cloud-auditing-v1-s1,1,50,anomaly_score,10000,100,,cold_targeted,50.0,0.003333333333333333,0.26666666666666666,42.9,1.0
cloud-auditing-v1-s1,1,50,gb_center_only,10000,100,131.0,cold_targeted,50.0,0.006333333333333333,0.43333333333333335,39.56666666666667,1.0
cloud-auditing-v1-s1,1,50,gb_three_way,10000,100,131.0,cold_targeted,50.0,0.005,0.3333333333333333,41.766666666666666,1.0
cloud-auditing-v1-s1,1,50,granular_ball,10000,100,131.0,cold_targeted,50.0,0.007333333333333333,0.43333333333333335,39.6,1.0
cloud-auditing-v1-s1,1,50,kmeans_group,10000,100,131.0,cold_targeted,50.0,0.005333333333333334,0.4,36.4,1.0
cloud-auditing-v1-s1,1,50,risk_score,10000,100,,cold_targeted,50.0,0.009000000000000001,0.6333333333333333,31.3,1.0
cloud-auditing-v1-s1,1,50,tree_partition,10000,100,131.0,cold_targeted,50.0,0.004333333333333333,0.3333333333333333,42.7,1.0
cloud-auditing-v1-s1,1,50,uniform,10000,100,,cold_targeted,50.0,0.004,0.3333333333333333,41.03333333333333,1.0
cloud-auditing-v1-s1,1,50,weighted_random,10000,100,,cold_targeted,50.0,0.006333333333333334,0.5666666666666667,32.266666666666666,1.0
cloud-auditing-v1-s1,1,100,anomaly_score,10000,100,,cold_targeted,100.0,0.011666666666666665,0.6,65.6,1.0
cloud-auditing-v1-s1,1,100,gb_center_only,10000,100,131.0,cold_targeted,100.0,0.011000000000000001,0.7,55.43333333333333,1.0
cloud-auditing-v1-s1,1,100,gb_three_way,10000,100,131.0,cold_targeted,100.0,0.013000000000000005,0.7,52.36666666666667,1.0
cloud-auditing-v1-s1,1,100,granular_ball,10000,100,131.0,cold_targeted,100.0,0.013000000000000003,0.8,51.9,1.0
cloud-auditing-v1-s1,1,100,kmeans_group,10000,100,131.0,cold_targeted,100.0,0.014333333333333335,0.7666666666666667,56.03333333333333,1.0
cloud-auditing-v1-s1,1,100,risk_score,10000,100,,cold_targeted,100.0,0.013000000000000001,0.8,58.333333333333336,1.0
cloud-auditing-v1-s1,1,100,tree_partition,10000,100,131.0,cold_targeted,100.0,0.017000000000000005,0.8333333333333334,43.733333333333334,1.0
cloud-auditing-v1-s1,1,100,uniform,10000,100,,cold_targeted,100.0,0.008333333333333335,0.5666666666666667,68.66666666666667,1.0
cloud-auditing-v1-s1,1,100,weighted_random,10000,100,,cold_targeted,100.0,0.013000000000000001,0.8333333333333334,49.833333333333336,1.0
cloud-auditing-v1-s1,1,250,anomaly_score,10000,100,,cold_targeted,250.0,0.024666666666666674,0.9666666666666667,83.66666666666667,0.99
cloud-auditing-v1-s1,1,250,gb_center_only,10000,100,131.0,cold_targeted,250.0,0.02900000000000001,0.9333333333333333,92.6,0.9954999999999999
cloud-auditing-v1-s1,1,250,gb_three_way,10000,100,131.0,cold_targeted,250.0,0.03900000000000001,1.0,57.0,0.9854999999999999
cloud-auditing-v1-s1,1,250,granular_ball,10000,100,131.0,cold_targeted,250.0,0.029333333333333333,0.9333333333333333,71.86666666666666,0.9954999999999999
cloud-auditing-v1-s1,1,250,kmeans_group,10000,100,131.0,cold_targeted,250.0,0.03633333333333334,0.9666666666666667,57.8,0.9854999999999999
cloud-auditing-v1-s1,1,250,risk_score,10000,100,,cold_targeted,250.0,0.029000000000000005,1.0,89.13333333333334,0.99
cloud-auditing-v1-s1,1,250,tree_partition,10000,100,131.0,cold_targeted,250.0,0.031000000000000007,1.0,84.13333333333334,0.99
cloud-auditing-v1-s1,1,250,uniform,10000,100,,cold_targeted,250.0,0.026666666666666675,1.0,98.13333333333334,0.99
cloud-auditing-v1-s1,1,250,weighted_random,10000,100,,cold_targeted,250.0,0.03233333333333334,1.0,70.93333333333334,0.99
cloud-auditing-v1-s7,7,50,anomaly_score,10000,100,,cold_targeted,50.0,0.004333333333333332,0.36666666666666664,40.7,1.0
cloud-auditing-v1-s7,7,50,gb_center_only,10000,100,73.0,cold_targeted,50.0,0.006333333333333333,0.5,36.333333333333336,1.0
cloud-auditing-v1-s7,7,50,gb_three_way,10000,100,73.0,cold_targeted,50.0,0.008,0.5,36.1,1.0
cloud-auditing-v1-s7,7,50,granular_ball,10000,100,73.0,cold_targeted,50.0,0.006000000000000002,0.4666666666666667,38.333333333333336,1.0
cloud-auditing-v1-s7,7,50,kmeans_group,10000,100,73.0,cold_targeted,50.0,0.007333333333333334,0.5333333333333333,35.4,1.0
cloud-auditing-v1-s7,7,50,risk_score,10000,100,,cold_targeted,50.0,0.0026666666666666666,0.23333333333333334,43.766666666666666,1.0
cloud-auditing-v1-s7,7,50,tree_partition,10000,100,73.0,cold_targeted,50.0,0.006333333333333333,0.5333333333333333,35.233333333333334,1.0
cloud-auditing-v1-s7,7,50,uniform,10000,100,,cold_targeted,50.0,0.005333333333333334,0.4666666666666667,38.7,1.0
cloud-auditing-v1-s7,7,50,weighted_random,10000,100,,cold_targeted,50.0,0.005666666666666667,0.4666666666666667,36.733333333333334,1.0
cloud-auditing-v1-s7,7,100,anomaly_score,10000,100,,cold_targeted,100.0,0.008666666666666666,0.5666666666666667,66.83333333333333,1.0
cloud-auditing-v1-s7,7,100,gb_center_only,10000,100,73.0,cold_targeted,100.0,0.009333333333333334,0.6,69.0,1.0
cloud-auditing-v1-s7,7,100,gb_three_way,10000,100,73.0,cold_targeted,100.0,0.008000000000000002,0.6333333333333333,65.16666666666667,1.0
cloud-auditing-v1-s7,7,100,granular_ball,10000,100,73.0,cold_targeted,100.0,0.013333333333333334,0.8666666666666667,51.666666666666664,1.0
cloud-auditing-v1-s7,7,100,kmeans_group,10000,100,73.0,cold_targeted,100.0,0.013000000000000005,0.7666666666666667,48.06666666666667,1.0
cloud-auditing-v1-s7,7,100,risk_score,10000,100,,cold_targeted,100.0,0.010666666666666668,0.7333333333333333,62.53333333333333,1.0
cloud-auditing-v1-s7,7,100,tree_partition,10000,100,73.0,cold_targeted,100.0,0.014000000000000004,0.7666666666666667,56.166666666666664,1.0
cloud-auditing-v1-s7,7,100,uniform,10000,100,,cold_targeted,100.0,0.010333333333333335,0.7333333333333333,57.63333333333333,1.0
cloud-auditing-v1-s7,7,100,weighted_random,10000,100,,cold_targeted,100.0,0.011666666666666669,0.7,61.63333333333333,1.0
cloud-auditing-v1-s7,7,250,anomaly_score,10000,100,,cold_targeted,250.0,0.023000000000000003,0.9333333333333333,89.03333333333333,0.9954999999999999
cloud-auditing-v1-s7,7,250,gb_center_only,10000,100,73.0,cold_targeted,250.0,0.02966666666666667,1.0,59.2,0.99
cloud-auditing-v1-s7,7,250,gb_three_way,10000,100,73.0,cold_targeted,250.0,0.02833333333333334,1.0,76.96666666666667,0.99
cloud-auditing-v1-s7,7,250,granular_ball,10000,100,73.0,cold_targeted,250.0,0.02866666666666667,1.0,56.53333333333333,0.99
cloud-auditing-v1-s7,7,250,kmeans_group,10000,100,73.0,cold_targeted,250.0,0.027333333333333334,0.8666666666666667,89.96666666666667,1.0
cloud-auditing-v1-s7,7,250,risk_score,10000,100,,cold_targeted,250.0,0.027000000000000003,0.9333333333333333,89.0,0.9954999999999999
cloud-auditing-v1-s7,7,250,tree_partition,10000,100,73.0,cold_targeted,250.0,0.02966666666666667,0.9666666666666667,72.06666666666666,0.99
cloud-auditing-v1-s7,7,250,uniform,10000,100,,cold_targeted,250.0,0.024000000000000007,0.8666666666666667,101.3,1.0
cloud-auditing-v1-s7,7,250,weighted_random,10000,100,,cold_targeted,250.0,0.01966666666666667,0.8333333333333334,114.93333333333334,1.0
cloud-auditing-v1-s21,21,50,anomaly_score,10000,100,,cold_targeted,50.0,0.006333333333333335,0.5,35.36666666666667,1.0
cloud-auditing-v1-s21,21,50,gb_center_only,10000,100,2.0,cold_targeted,50.0,0.005666666666666667,0.43333333333333335,42.666666666666664,1.0
cloud-auditing-v1-s21,21,50,gb_three_way,10000,100,2.0,cold_targeted,50.0,0.007333333333333333,0.5,36.96666666666667,1.0
cloud-auditing-v1-s21,21,50,granular_ball,10000,100,2.0,cold_targeted,50.0,0.005333333333333334,0.4666666666666667,36.86666666666667,1.0
cloud-auditing-v1-s21,21,50,kmeans_group,10000,100,2.0,cold_targeted,50.0,0.007333333333333333,0.5333333333333333,29.966666666666665,1.0
cloud-auditing-v1-s21,21,50,risk_score,10000,100,,cold_targeted,50.0,0.006333333333333333,0.4666666666666667,38.9,1.0
cloud-auditing-v1-s21,21,50,tree_partition,10000,100,2.0,cold_targeted,50.0,0.005666666666666667,0.4666666666666667,40.233333333333334,1.0
cloud-auditing-v1-s21,21,50,uniform,10000,100,,cold_targeted,50.0,0.004,0.26666666666666666,43.2,1.0
cloud-auditing-v1-s21,21,50,weighted_random,10000,100,,cold_targeted,50.0,0.004,0.3333333333333333,45.4,1.0
cloud-auditing-v1-s21,21,100,anomaly_score,10000,100,,cold_targeted,100.0,0.014333333333333333,0.8,51.53333333333333,1.0
cloud-auditing-v1-s21,21,100,gb_center_only,10000,100,2.0,cold_targeted,100.0,0.009333333333333336,0.7333333333333333,61.7,1.0
cloud-auditing-v1-s21,21,100,gb_three_way,10000,100,2.0,cold_targeted,100.0,0.015333333333333336,0.7333333333333333,58.3,1.0
cloud-auditing-v1-s21,21,100,granular_ball,10000,100,2.0,cold_targeted,100.0,0.008333333333333335,0.5666666666666667,66.73333333333333,1.0
cloud-auditing-v1-s21,21,100,kmeans_group,10000,100,2.0,cold_targeted,100.0,0.012666666666666668,0.6333333333333333,60.56666666666667,1.0
cloud-auditing-v1-s21,21,100,risk_score,10000,100,,cold_targeted,100.0,0.011666666666666669,0.7,64.03333333333333,1.0
cloud-auditing-v1-s21,21,100,tree_partition,10000,100,2.0,cold_targeted,100.0,0.010000000000000002,0.7333333333333333,55.6,1.0
cloud-auditing-v1-s21,21,100,uniform,10000,100,,cold_targeted,100.0,0.011666666666666669,0.7,62.03333333333333,1.0
cloud-auditing-v1-s21,21,100,weighted_random,10000,100,,cold_targeted,100.0,0.013333333333333334,0.7333333333333333,50.6,1.0
cloud-auditing-v1-s21,21,250,anomaly_score,10000,100,,cold_targeted,250.0,0.027333333333333338,0.9666666666666667,72.3,0.99
cloud-auditing-v1-s21,21,250,gb_center_only,10000,100,2.0,cold_targeted,250.0,0.03233333333333334,0.9666666666666667,80.0,0.99
cloud-auditing-v1-s21,21,250,gb_three_way,10000,100,2.0,cold_targeted,250.0,0.03333333333333334,0.9666666666666667,66.63333333333334,0.99
cloud-auditing-v1-s21,21,250,granular_ball,10000,100,2.0,cold_targeted,250.0,0.024666666666666674,0.8666666666666667,82.4,1.0
cloud-auditing-v1-s21,21,250,kmeans_group,10000,100,2.0,cold_targeted,250.0,0.030666666666666672,0.9333333333333333,71.96666666666667,0.9954999999999999
cloud-auditing-v1-s21,21,250,risk_score,10000,100,,cold_targeted,250.0,0.02866666666666667,0.9333333333333333,86.6,0.9954999999999999
cloud-auditing-v1-s21,21,250,tree_partition,10000,100,2.0,cold_targeted,250.0,0.02966666666666667,0.9666666666666667,73.2,0.99
cloud-auditing-v1-s21,21,250,uniform,10000,100,,cold_targeted,250.0,0.025333333333333333,1.0,85.33333333333333,0.99
cloud-auditing-v1-s21,21,250,weighted_random,10000,100,,cold_targeted,250.0,0.026000000000000006,0.9333333333333333,72.7,0.9954999999999999
cloud-auditing-v1-s42,42,50,anomaly_score,10000,100,,cold_targeted,50.0,0.004333333333333333,0.3333333333333333,41.93333333333333,1.0
cloud-auditing-v1-s42,42,50,gb_center_only,10000,100,124.0,cold_targeted,50.0,0.005333333333333333,0.4666666666666667,37.233333333333334,1.0
cloud-auditing-v1-s42,42,50,gb_three_way,10000,100,124.0,cold_targeted,50.0,0.006666666666666667,0.4666666666666667,36.9,1.0
cloud-auditing-v1-s42,42,50,granular_ball,10000,100,124.0,cold_targeted,50.0,0.005333333333333334,0.5,41.4,1.0
cloud-auditing-v1-s42,42,50,kmeans_group,10000,100,124.0,cold_targeted,50.0,0.005666666666666666,0.3333333333333333,40.13333333333333,1.0
cloud-auditing-v1-s42,42,50,risk_score,10000,100,,cold_targeted,50.0,0.007,0.5666666666666667,33.96666666666667,1.0
cloud-auditing-v1-s42,42,50,tree_partition,10000,100,124.0,cold_targeted,50.0,0.003333333333333333,0.23333333333333334,44.6,1.0
cloud-auditing-v1-s42,42,50,uniform,10000,100,,cold_targeted,50.0,0.005666666666666668,0.4,37.666666666666664,1.0
cloud-auditing-v1-s42,42,50,weighted_random,10000,100,,cold_targeted,50.0,0.005333333333333334,0.43333333333333335,41.3,1.0
cloud-auditing-v1-s42,42,100,anomaly_score,10000,100,,cold_targeted,100.0,0.008666666666666666,0.5333333333333333,66.0,1.0
cloud-auditing-v1-s42,42,100,gb_center_only,10000,100,124.0,cold_targeted,100.0,0.006000000000000001,0.5,67.7,1.0
cloud-auditing-v1-s42,42,100,gb_three_way,10000,100,124.0,cold_targeted,100.0,0.011666666666666667,0.7333333333333333,55.2,1.0
cloud-auditing-v1-s42,42,100,granular_ball,10000,100,124.0,cold_targeted,100.0,0.011666666666666667,0.7333333333333333,59.6,1.0
cloud-auditing-v1-s42,42,100,kmeans_group,10000,100,124.0,cold_targeted,100.0,0.013333333333333334,0.7666666666666667,55.1,1.0
cloud-auditing-v1-s42,42,100,risk_score,10000,100,,cold_targeted,100.0,0.011666666666666669,0.6666666666666666,53.86666666666667,1.0
cloud-auditing-v1-s42,42,100,tree_partition,10000,100,124.0,cold_targeted,100.0,0.010666666666666668,0.6333333333333333,64.7,1.0
cloud-auditing-v1-s42,42,100,uniform,10000,100,,cold_targeted,100.0,0.008666666666666666,0.6666666666666666,61.7,1.0
cloud-auditing-v1-s42,42,100,weighted_random,10000,100,,cold_targeted,100.0,0.012333333333333335,0.7,60.3,1.0
cloud-auditing-v1-s42,42,250,anomaly_score,10000,100,,cold_targeted,250.0,0.020000000000000004,0.8,104.1,1.0
cloud-auditing-v1-s42,42,250,gb_center_only,10000,100,124.0,cold_targeted,250.0,0.02800000000000001,0.9333333333333333,86.8,0.9954999999999999
cloud-auditing-v1-s42,42,250,gb_three_way,10000,100,124.0,cold_targeted,250.0,0.03300000000000001,1.0,66.1,0.99
cloud-auditing-v1-s42,42,250,granular_ball,10000,100,124.0,cold_targeted,250.0,0.025666666666666667,0.9,93.56666666666666,1.0
cloud-auditing-v1-s42,42,250,kmeans_group,10000,100,124.0,cold_targeted,250.0,0.02700000000000001,0.9333333333333333,73.63333333333334,0.9954999999999999
cloud-auditing-v1-s42,42,250,risk_score,10000,100,,cold_targeted,250.0,0.027000000000000003,0.9,93.16666666666667,1.0
cloud-auditing-v1-s42,42,250,tree_partition,10000,100,124.0,cold_targeted,250.0,0.024666666666666674,0.9666666666666667,78.03333333333333,0.99
cloud-auditing-v1-s42,42,250,uniform,10000,100,,cold_targeted,250.0,0.023333333333333338,0.9333333333333333,99.7,0.9954999999999999
cloud-auditing-v1-s42,42,250,weighted_random,10000,100,,cold_targeted,250.0,0.030666666666666672,0.9666666666666667,59.93333333333333,0.99
cloud-auditing-v1-s2026,2026,50,anomaly_score,10000,100,,cold_targeted,50.0,0.005666666666666667,0.4,38.333333333333336,1.0
cloud-auditing-v1-s2026,2026,50,gb_center_only,10000,100,2.0,cold_targeted,50.0,0.005333333333333333,0.4,37.166666666666664,1.0
cloud-auditing-v1-s2026,2026,50,gb_three_way,10000,100,2.0,cold_targeted,50.0,0.004666666666666667,0.36666666666666664,38.13333333333333,1.0
cloud-auditing-v1-s2026,2026,50,granular_ball,10000,100,2.0,cold_targeted,50.0,0.005666666666666666,0.4,37.6,1.0
cloud-auditing-v1-s2026,2026,50,kmeans_group,10000,100,2.0,cold_targeted,50.0,0.004333333333333333,0.4,42.36666666666667,1.0
cloud-auditing-v1-s2026,2026,50,risk_score,10000,100,,cold_targeted,50.0,0.0036666666666666666,0.3333333333333333,41.3,1.0
cloud-auditing-v1-s2026,2026,50,tree_partition,10000,100,2.0,cold_targeted,50.0,0.005,0.3,39.86666666666667,1.0
cloud-auditing-v1-s2026,2026,50,uniform,10000,100,,cold_targeted,50.0,0.006000000000000001,0.4,44.13333333333333,1.0
cloud-auditing-v1-s2026,2026,50,weighted_random,10000,100,,cold_targeted,50.0,0.004666666666666667,0.4,40.166666666666664,1.0
cloud-auditing-v1-s2026,2026,100,anomaly_score,10000,100,,cold_targeted,100.0,0.009666666666666669,0.6666666666666666,61.266666666666666,1.0
cloud-auditing-v1-s2026,2026,100,gb_center_only,10000,100,2.0,cold_targeted,100.0,0.012000000000000004,0.8333333333333334,57.833333333333336,1.0
cloud-auditing-v1-s2026,2026,100,gb_three_way,10000,100,2.0,cold_targeted,100.0,0.013333333333333336,0.7,58.86666666666667,1.0
cloud-auditing-v1-s2026,2026,100,granular_ball,10000,100,2.0,cold_targeted,100.0,0.014333333333333333,0.7,56.13333333333333,1.0
cloud-auditing-v1-s2026,2026,100,kmeans_group,10000,100,2.0,cold_targeted,100.0,0.011666666666666667,0.7,57.63333333333333,1.0
cloud-auditing-v1-s2026,2026,100,risk_score,10000,100,,cold_targeted,100.0,0.009333333333333334,0.6,74.1,1.0
cloud-auditing-v1-s2026,2026,100,tree_partition,10000,100,2.0,cold_targeted,100.0,0.010666666666666668,0.5666666666666667,72.16666666666667,1.0
cloud-auditing-v1-s2026,2026,100,uniform,10000,100,,cold_targeted,100.0,0.010333333333333335,0.7,63.56666666666667,1.0
cloud-auditing-v1-s2026,2026,100,weighted_random,10000,100,,cold_targeted,100.0,0.015333333333333336,0.8333333333333334,51.86666666666667,1.0
cloud-auditing-v1-s2026,2026,250,anomaly_score,10000,100,,cold_targeted,250.0,0.02533333333333334,0.9333333333333333,83.93333333333334,0.9954999999999999
cloud-auditing-v1-s2026,2026,250,gb_center_only,10000,100,2.0,cold_targeted,250.0,0.02966666666666667,1.0,71.4,0.99
cloud-auditing-v1-s2026,2026,250,gb_three_way,10000,100,2.0,cold_targeted,250.0,0.03433333333333334,1.0,60.833333333333336,0.99
cloud-auditing-v1-s2026,2026,250,granular_ball,10000,100,2.0,cold_targeted,250.0,0.02900000000000001,0.9666666666666667,75.56666666666666,0.99
cloud-auditing-v1-s2026,2026,250,kmeans_group,10000,100,2.0,cold_targeted,250.0,0.029333333333333336,0.9666666666666667,75.06666666666666,0.99
cloud-auditing-v1-s2026,2026,250,risk_score,10000,100,,cold_targeted,250.0,0.02766666666666667,0.9666666666666667,89.7,0.99
cloud-auditing-v1-s2026,2026,250,tree_partition,10000,100,2.0,cold_targeted,250.0,0.026333333333333334,0.8666666666666667,81.6,1.0
cloud-auditing-v1-s2026,2026,250,uniform,10000,100,,cold_targeted,250.0,0.022666666666666672,0.9666666666666667,84.03333333333333,0.99
cloud-auditing-v1-s2026,2026,250,weighted_random,10000,100,,cold_targeted,250.0,0.028000000000000004,0.9,92.66666666666667,1.0
cloud-auditing-v1-s1,1,50,anomaly_score,10000,100,,hot_targeted,50.0,0.005000000000000001,0.4666666666666667,39.06666666666667,1.0
cloud-auditing-v1-s1,1,50,gb_center_only,10000,100,131.0,hot_targeted,50.0,0.007666666666666666,0.5,35.833333333333336,1.0
cloud-auditing-v1-s1,1,50,gb_three_way,10000,100,131.0,hot_targeted,50.0,0.005000000000000001,0.3333333333333333,41.166666666666664,1.0
cloud-auditing-v1-s1,1,50,granular_ball,10000,100,131.0,hot_targeted,50.0,0.005000000000000001,0.36666666666666664,40.46666666666667,1.0
cloud-auditing-v1-s1,1,50,kmeans_group,10000,100,131.0,hot_targeted,50.0,0.005000000000000001,0.36666666666666664,41.166666666666664,1.0
cloud-auditing-v1-s1,1,50,risk_score,10000,100,,hot_targeted,50.0,0.005666666666666667,0.5,37.86666666666667,1.0
cloud-auditing-v1-s1,1,50,tree_partition,10000,100,131.0,hot_targeted,50.0,0.004666666666666667,0.4,37.6,1.0
cloud-auditing-v1-s1,1,50,uniform,10000,100,,hot_targeted,50.0,0.005666666666666667,0.4666666666666667,41.93333333333333,1.0
cloud-auditing-v1-s1,1,50,weighted_random,10000,100,,hot_targeted,50.0,0.004666666666666667,0.3333333333333333,42.333333333333336,1.0
cloud-auditing-v1-s1,1,100,anomaly_score,10000,100,,hot_targeted,100.0,0.009333333333333334,0.5666666666666667,67.63333333333334,1.0
cloud-auditing-v1-s1,1,100,gb_center_only,10000,100,131.0,hot_targeted,100.0,0.008333333333333333,0.5333333333333333,69.0,1.0
cloud-auditing-v1-s1,1,100,gb_three_way,10000,100,131.0,hot_targeted,100.0,0.009666666666666667,0.6,70.53333333333333,1.0
cloud-auditing-v1-s1,1,100,granular_ball,10000,100,131.0,hot_targeted,100.0,0.011333333333333336,0.8666666666666667,50.13333333333333,1.0
cloud-auditing-v1-s1,1,100,kmeans_group,10000,100,131.0,hot_targeted,100.0,0.010666666666666665,0.5666666666666667,67.8,1.0
cloud-auditing-v1-s1,1,100,risk_score,10000,100,,hot_targeted,100.0,0.009333333333333334,0.5666666666666667,70.03333333333333,1.0
cloud-auditing-v1-s1,1,100,tree_partition,10000,100,131.0,hot_targeted,100.0,0.011333333333333336,0.6666666666666666,60.46666666666667,1.0
cloud-auditing-v1-s1,1,100,uniform,10000,100,,hot_targeted,100.0,0.008666666666666668,0.5333333333333333,78.93333333333334,1.0
cloud-auditing-v1-s1,1,100,weighted_random,10000,100,,hot_targeted,100.0,0.009666666666666667,0.6666666666666666,58.43333333333333,1.0
cloud-auditing-v1-s1,1,250,anomaly_score,10000,100,,hot_targeted,250.0,0.02166666666666667,0.9,91.4,1.0
cloud-auditing-v1-s1,1,250,gb_center_only,10000,100,131.0,hot_targeted,250.0,0.029000000000000005,0.9666666666666667,73.66666666666667,0.99
cloud-auditing-v1-s1,1,250,gb_three_way,10000,100,131.0,hot_targeted,250.0,0.02066666666666667,0.8666666666666667,104.96666666666667,1.0
cloud-auditing-v1-s1,1,250,granular_ball,10000,100,131.0,hot_targeted,250.0,0.030666666666666675,0.9666666666666667,77.73333333333333,0.99
cloud-auditing-v1-s1,1,250,kmeans_group,10000,100,131.0,hot_targeted,250.0,0.026333333333333334,0.8666666666666667,105.86666666666666,1.0
cloud-auditing-v1-s1,1,250,risk_score,10000,100,,hot_targeted,250.0,0.02566666666666667,1.0,55.3,0.99
cloud-auditing-v1-s1,1,250,tree_partition,10000,100,131.0,hot_targeted,250.0,0.03133333333333334,0.9666666666666667,77.73333333333333,0.99
cloud-auditing-v1-s1,1,250,uniform,10000,100,,hot_targeted,250.0,0.02600000000000001,0.9333333333333333,69.53333333333333,0.9954999999999999
cloud-auditing-v1-s1,1,250,weighted_random,10000,100,,hot_targeted,250.0,0.021000000000000005,0.9,119.3,1.0
cloud-auditing-v1-s7,7,50,anomaly_score,10000,100,,hot_targeted,50.0,0.003999999999999999,0.3,42.3,1.0
cloud-auditing-v1-s7,7,50,gb_center_only,10000,100,73.0,hot_targeted,50.0,0.005666666666666667,0.5,40.333333333333336,1.0
cloud-auditing-v1-s7,7,50,gb_three_way,10000,100,73.0,hot_targeted,50.0,0.005,0.36666666666666664,39.53333333333333,1.0
cloud-auditing-v1-s7,7,50,granular_ball,10000,100,73.0,hot_targeted,50.0,0.005,0.4,38.6,1.0
cloud-auditing-v1-s7,7,50,kmeans_group,10000,100,73.0,hot_targeted,50.0,0.004666666666666667,0.36666666666666664,41.46666666666667,1.0
cloud-auditing-v1-s7,7,50,risk_score,10000,100,,hot_targeted,50.0,0.007666666666666667,0.6333333333333333,36.833333333333336,1.0
cloud-auditing-v1-s7,7,50,tree_partition,10000,100,73.0,hot_targeted,50.0,0.0026666666666666666,0.26666666666666666,44.63333333333333,1.0
cloud-auditing-v1-s7,7,50,uniform,10000,100,,hot_targeted,50.0,0.006000000000000001,0.43333333333333335,37.166666666666664,1.0
cloud-auditing-v1-s7,7,50,weighted_random,10000,100,,hot_targeted,50.0,0.004666666666666667,0.4,37.2,1.0
cloud-auditing-v1-s7,7,100,anomaly_score,10000,100,,hot_targeted,100.0,0.010000000000000002,0.6666666666666666,51.36666666666667,1.0
cloud-auditing-v1-s7,7,100,gb_center_only,10000,100,73.0,hot_targeted,100.0,0.008,0.6,64.43333333333334,1.0
cloud-auditing-v1-s7,7,100,gb_three_way,10000,100,73.0,hot_targeted,100.0,0.011000000000000003,0.7333333333333333,54.733333333333334,1.0
cloud-auditing-v1-s7,7,100,granular_ball,10000,100,73.0,hot_targeted,100.0,0.007333333333333333,0.5666666666666667,71.13333333333334,1.0
cloud-auditing-v1-s7,7,100,kmeans_group,10000,100,73.0,hot_targeted,100.0,0.010333333333333335,0.6,62.9,1.0
cloud-auditing-v1-s7,7,100,risk_score,10000,100,,hot_targeted,100.0,0.009000000000000001,0.6333333333333333,63.46666666666667,1.0
cloud-auditing-v1-s7,7,100,tree_partition,10000,100,73.0,hot_targeted,100.0,0.009666666666666665,0.5666666666666667,66.03333333333333,1.0
cloud-auditing-v1-s7,7,100,uniform,10000,100,,hot_targeted,100.0,0.008333333333333333,0.5333333333333333,62.96666666666667,1.0
cloud-auditing-v1-s7,7,100,weighted_random,10000,100,,hot_targeted,100.0,0.009666666666666667,0.6,61.36666666666667,1.0
cloud-auditing-v1-s7,7,250,anomaly_score,10000,100,,hot_targeted,250.0,0.023000000000000007,0.9333333333333333,97.56666666666666,0.9954999999999999
cloud-auditing-v1-s7,7,250,gb_center_only,10000,100,73.0,hot_targeted,250.0,0.026333333333333337,0.9333333333333333,85.83333333333333,0.9954999999999999
cloud-auditing-v1-s7,7,250,gb_three_way,10000,100,73.0,hot_targeted,250.0,0.02166666666666667,0.9333333333333333,86.06666666666666,0.9954999999999999
cloud-auditing-v1-s7,7,250,granular_ball,10000,100,73.0,hot_targeted,250.0,0.030666666666666672,0.9333333333333333,77.9,0.9954999999999999
cloud-auditing-v1-s7,7,250,kmeans_group,10000,100,73.0,hot_targeted,250.0,0.02533333333333334,0.9333333333333333,86.46666666666667,0.9954999999999999
cloud-auditing-v1-s7,7,250,risk_score,10000,100,,hot_targeted,250.0,0.022000000000000006,0.8666666666666667,104.43333333333334,1.0
cloud-auditing-v1-s7,7,250,tree_partition,10000,100,73.0,hot_targeted,250.0,0.022666666666666672,0.8666666666666667,107.6,1.0
cloud-auditing-v1-s7,7,250,uniform,10000,100,,hot_targeted,250.0,0.023000000000000003,0.8666666666666667,120.63333333333334,1.0
cloud-auditing-v1-s7,7,250,weighted_random,10000,100,,hot_targeted,250.0,0.018333333333333333,0.8333333333333334,134.16666666666666,1.0
cloud-auditing-v1-s21,21,50,anomaly_score,10000,100,,hot_targeted,50.0,0.0033333333333333335,0.2,44.53333333333333,1.0
cloud-auditing-v1-s21,21,50,gb_center_only,10000,100,2.0,hot_targeted,50.0,0.005000000000000001,0.4666666666666667,40.333333333333336,1.0
cloud-auditing-v1-s21,21,50,gb_three_way,10000,100,2.0,hot_targeted,50.0,0.005666666666666667,0.43333333333333335,39.6,1.0
cloud-auditing-v1-s21,21,50,granular_ball,10000,100,2.0,hot_targeted,50.0,0.004666666666666667,0.4,41.0,1.0
cloud-auditing-v1-s21,21,50,kmeans_group,10000,100,2.0,hot_targeted,50.0,0.004333333333333333,0.36666666666666664,42.2,1.0
cloud-auditing-v1-s21,21,50,risk_score,10000,100,,hot_targeted,50.0,0.004333333333333333,0.3333333333333333,41.93333333333333,1.0
cloud-auditing-v1-s21,21,50,tree_partition,10000,100,2.0,hot_targeted,50.0,0.004333333333333333,0.4,41.93333333333333,1.0
cloud-auditing-v1-s21,21,50,uniform,10000,100,,hot_targeted,50.0,0.004666666666666667,0.43333333333333335,41.7,1.0
cloud-auditing-v1-s21,21,50,weighted_random,10000,100,,hot_targeted,50.0,0.006666666666666668,0.5333333333333333,39.766666666666666,1.0
cloud-auditing-v1-s21,21,100,anomaly_score,10000,100,,hot_targeted,100.0,0.010000000000000004,0.6666666666666666,61.63333333333333,1.0
cloud-auditing-v1-s21,21,100,gb_center_only,10000,100,2.0,hot_targeted,100.0,0.013000000000000003,0.7666666666666667,47.63333333333333,1.0
cloud-auditing-v1-s21,21,100,gb_three_way,10000,100,2.0,hot_targeted,100.0,0.011000000000000003,0.7,59.36666666666667,1.0
cloud-auditing-v1-s21,21,100,granular_ball,10000,100,2.0,hot_targeted,100.0,0.009000000000000001,0.6,73.73333333333333,1.0
cloud-auditing-v1-s21,21,100,kmeans_group,10000,100,2.0,hot_targeted,100.0,0.009666666666666667,0.5,69.23333333333333,1.0
cloud-auditing-v1-s21,21,100,risk_score,10000,100,,hot_targeted,100.0,0.010333333333333335,0.7,64.5,1.0
cloud-auditing-v1-s21,21,100,tree_partition,10000,100,2.0,hot_targeted,100.0,0.008666666666666666,0.4666666666666667,70.7,1.0
cloud-auditing-v1-s21,21,100,uniform,10000,100,,hot_targeted,100.0,0.010333333333333335,0.7,60.333333333333336,1.0
cloud-auditing-v1-s21,21,100,weighted_random,10000,100,,hot_targeted,100.0,0.005666666666666667,0.4,79.93333333333334,1.0
cloud-auditing-v1-s21,21,250,anomaly_score,10000,100,,hot_targeted,250.0,0.02500000000000001,0.8333333333333334,117.9,1.0
cloud-auditing-v1-s21,21,250,gb_center_only,10000,100,2.0,hot_targeted,250.0,0.022000000000000006,0.9333333333333333,111.1,0.9954999999999999
cloud-auditing-v1-s21,21,250,gb_three_way,10000,100,2.0,hot_targeted,250.0,0.021333333333333336,0.8333333333333334,97.26666666666667,1.0
cloud-auditing-v1-s21,21,250,granular_ball,10000,100,2.0,hot_targeted,250.0,0.026333333333333334,1.0,77.43333333333334,0.99
cloud-auditing-v1-s21,21,250,kmeans_group,10000,100,2.0,hot_targeted,250.0,0.025000000000000005,0.9,86.53333333333333,1.0
cloud-auditing-v1-s21,21,250,risk_score,10000,100,,hot_targeted,250.0,0.02933333333333334,0.9666666666666667,89.8,0.99
cloud-auditing-v1-s21,21,250,tree_partition,10000,100,2.0,hot_targeted,250.0,0.017333333333333333,0.8333333333333334,125.26666666666667,1.0
cloud-auditing-v1-s21,21,250,uniform,10000,100,,hot_targeted,250.0,0.022000000000000006,0.8666666666666667,96.26666666666667,1.0
cloud-auditing-v1-s21,21,250,weighted_random,10000,100,,hot_targeted,250.0,0.023333333333333334,0.8666666666666667,122.26666666666667,1.0
cloud-auditing-v1-s42,42,50,anomaly_score,10000,100,,hot_targeted,50.0,0.0036666666666666666,0.3333333333333333,44.1,1.0
cloud-auditing-v1-s42,42,50,gb_center_only,10000,100,124.0,hot_targeted,50.0,0.005000000000000001,0.4,38.9,1.0
cloud-auditing-v1-s42,42,50,gb_three_way,10000,100,124.0,hot_targeted,50.0,0.005666666666666668,0.43333333333333335,36.266666666666666,1.0
cloud-auditing-v1-s42,42,50,granular_ball,10000,100,124.0,hot_targeted,50.0,0.007333333333333334,0.4666666666666667,38.5,1.0
cloud-auditing-v1-s42,42,50,kmeans_group,10000,100,124.0,hot_targeted,50.0,0.0023333333333333335,0.2,44.93333333333333,1.0
cloud-auditing-v1-s42,42,50,risk_score,10000,100,,hot_targeted,50.0,0.004333333333333333,0.23333333333333334,44.5,1.0
cloud-auditing-v1-s42,42,50,tree_partition,10000,100,124.0,hot_targeted,50.0,0.005000000000000001,0.4,42.46666666666667,1.0
cloud-auditing-v1-s42,42,50,uniform,10000,100,,hot_targeted,50.0,0.004333333333333333,0.3333333333333333,41.666666666666664,1.0
cloud-auditing-v1-s42,42,50,weighted_random,10000,100,,hot_targeted,50.0,0.0036666666666666666,0.3,40.2,1.0
cloud-auditing-v1-s42,42,100,anomaly_score,10000,100,,hot_targeted,100.0,0.008666666666666668,0.6333333333333333,66.13333333333334,1.0
cloud-auditing-v1-s42,42,100,gb_center_only,10000,100,124.0,hot_targeted,100.0,0.011000000000000003,0.6666666666666666,61.93333333333333,1.0
cloud-auditing-v1-s42,42,100,gb_three_way,10000,100,124.0,hot_targeted,100.0,0.009666666666666667,0.7333333333333333,60.333333333333336,1.0
cloud-auditing-v1-s42,42,100,granular_ball,10000,100,124.0,hot_targeted,100.0,0.008333333333333333,0.4666666666666667,69.96666666666667,1.0
cloud-auditing-v1-s42,42,100,kmeans_group,10000,100,124.0,hot_targeted,100.0,0.006333333333333333,0.43333333333333335,79.1,1.0
cloud-auditing-v1-s42,42,100,risk_score,10000,100,,hot_targeted,100.0,0.009333333333333334,0.6333333333333333,67.73333333333333,1.0
cloud-auditing-v1-s42,42,100,tree_partition,10000,100,124.0,hot_targeted,100.0,0.010666666666666668,0.6,66.1,1.0
cloud-auditing-v1-s42,42,100,uniform,10000,100,,hot_targeted,100.0,0.010000000000000002,0.6666666666666666,64.33333333333333,1.0
cloud-auditing-v1-s42,42,100,weighted_random,10000,100,,hot_targeted,100.0,0.012333333333333335,0.6666666666666666,58.86666666666667,1.0
cloud-auditing-v1-s42,42,250,anomaly_score,10000,100,,hot_targeted,250.0,0.02766666666666667,0.9666666666666667,92.06666666666666,0.99
cloud-auditing-v1-s42,42,250,gb_center_only,10000,100,124.0,hot_targeted,250.0,0.03233333333333334,0.9666666666666667,86.5,0.99
cloud-auditing-v1-s42,42,250,gb_three_way,10000,100,124.0,hot_targeted,250.0,0.024666666666666674,0.9333333333333333,100.93333333333334,0.9954999999999999
cloud-auditing-v1-s42,42,250,granular_ball,10000,100,124.0,hot_targeted,250.0,0.026333333333333337,0.9333333333333333,67.4,0.9954999999999999
cloud-auditing-v1-s42,42,250,kmeans_group,10000,100,124.0,hot_targeted,250.0,0.025333333333333336,0.9333333333333333,97.16666666666667,0.9954999999999999
cloud-auditing-v1-s42,42,250,risk_score,10000,100,,hot_targeted,250.0,0.024666666666666674,0.9666666666666667,91.03333333333333,0.99
cloud-auditing-v1-s42,42,250,tree_partition,10000,100,124.0,hot_targeted,250.0,0.025000000000000005,0.9666666666666667,84.73333333333333,0.99
cloud-auditing-v1-s42,42,250,uniform,10000,100,,hot_targeted,250.0,0.02866666666666667,0.9666666666666667,81.8,0.99
cloud-auditing-v1-s42,42,250,weighted_random,10000,100,,hot_targeted,250.0,0.020000000000000004,0.8666666666666667,105.66666666666667,1.0
cloud-auditing-v1-s2026,2026,50,anomaly_score,10000,100,,hot_targeted,50.0,0.003333333333333333,0.3333333333333333,40.9,1.0
cloud-auditing-v1-s2026,2026,50,gb_center_only,10000,100,2.0,hot_targeted,50.0,0.005333333333333334,0.36666666666666664,42.333333333333336,1.0
cloud-auditing-v1-s2026,2026,50,gb_three_way,10000,100,2.0,hot_targeted,50.0,0.004,0.3333333333333333,39.63333333333333,1.0
cloud-auditing-v1-s2026,2026,50,granular_ball,10000,100,2.0,hot_targeted,50.0,0.0036666666666666666,0.3,43.333333333333336,1.0
cloud-auditing-v1-s2026,2026,50,kmeans_group,10000,100,2.0,hot_targeted,50.0,0.0036666666666666666,0.3333333333333333,38.96666666666667,1.0
cloud-auditing-v1-s2026,2026,50,risk_score,10000,100,,hot_targeted,50.0,0.0036666666666666666,0.3,45.266666666666666,1.0
cloud-auditing-v1-s2026,2026,50,tree_partition,10000,100,2.0,hot_targeted,50.0,0.003333333333333333,0.3,42.166666666666664,1.0
cloud-auditing-v1-s2026,2026,50,uniform,10000,100,,hot_targeted,50.0,0.008333333333333333,0.5333333333333333,35.53333333333333,1.0
cloud-auditing-v1-s2026,2026,50,weighted_random,10000,100,,hot_targeted,50.0,0.004666666666666667,0.3333333333333333,45.53333333333333,1.0
cloud-auditing-v1-s2026,2026,100,anomaly_score,10000,100,,hot_targeted,100.0,0.010333333333333335,0.6666666666666666,66.66666666666667,1.0
cloud-auditing-v1-s2026,2026,100,gb_center_only,10000,100,2.0,hot_targeted,100.0,0.009000000000000001,0.6,64.96666666666667,1.0
cloud-auditing-v1-s2026,2026,100,gb_three_way,10000,100,2.0,hot_targeted,100.0,0.011666666666666669,0.7666666666666667,59.833333333333336,1.0
cloud-auditing-v1-s2026,2026,100,granular_ball,10000,100,2.0,hot_targeted,100.0,0.009333333333333334,0.6666666666666666,63.46666666666667,1.0
cloud-auditing-v1-s2026,2026,100,kmeans_group,10000,100,2.0,hot_targeted,100.0,0.008666666666666666,0.6333333333333333,60.166666666666664,1.0
cloud-auditing-v1-s2026,2026,100,risk_score,10000,100,,hot_targeted,100.0,0.008666666666666666,0.5,75.4,1.0
cloud-auditing-v1-s2026,2026,100,tree_partition,10000,100,2.0,hot_targeted,100.0,0.008666666666666666,0.5333333333333333,70.53333333333333,1.0
cloud-auditing-v1-s2026,2026,100,uniform,10000,100,,hot_targeted,100.0,0.013000000000000001,0.6333333333333333,56.9,1.0
cloud-auditing-v1-s2026,2026,100,weighted_random,10000,100,,hot_targeted,100.0,0.012000000000000002,0.6666666666666666,63.6,1.0
cloud-auditing-v1-s2026,2026,250,anomaly_score,10000,100,,hot_targeted,250.0,0.019000000000000003,0.9666666666666667,87.26666666666667,0.99
cloud-auditing-v1-s2026,2026,250,gb_center_only,10000,100,2.0,hot_targeted,250.0,0.02600000000000001,1.0,88.1,0.99
cloud-auditing-v1-s2026,2026,250,gb_three_way,10000,100,2.0,hot_targeted,250.0,0.02466666666666667,0.9333333333333333,93.46666666666667,0.9954999999999999
cloud-auditing-v1-s2026,2026,250,granular_ball,10000,100,2.0,hot_targeted,250.0,0.024000000000000007,0.9,90.96666666666667,1.0
cloud-auditing-v1-s2026,2026,250,kmeans_group,10000,100,2.0,hot_targeted,250.0,0.017666666666666667,0.8333333333333334,94.16666666666667,1.0
cloud-auditing-v1-s2026,2026,250,risk_score,10000,100,,hot_targeted,250.0,0.025666666666666674,0.9333333333333333,80.96666666666667,0.9954999999999999
cloud-auditing-v1-s2026,2026,250,tree_partition,10000,100,2.0,hot_targeted,250.0,0.023000000000000007,0.9666666666666667,84.66666666666667,0.99
cloud-auditing-v1-s2026,2026,250,uniform,10000,100,,hot_targeted,250.0,0.025666666666666674,0.9666666666666667,70.13333333333334,0.99
cloud-auditing-v1-s2026,2026,250,weighted_random,10000,100,,hot_targeted,250.0,0.019000000000000003,0.8666666666666667,109.63333333333334,1.0
cloud-auditing-v1-s1,1,50,anomaly_score,10000,100,,uniform,50.0,0.005000000000000001,0.36666666666666664,40.03333333333333,1.0
cloud-auditing-v1-s1,1,50,gb_center_only,10000,100,131.0,uniform,50.0,0.005333333333333332,0.4666666666666667,40.0,1.0
cloud-auditing-v1-s1,1,50,gb_three_way,10000,100,131.0,uniform,50.0,0.004,0.36666666666666664,41.166666666666664,1.0
cloud-auditing-v1-s1,1,50,granular_ball,10000,100,131.0,uniform,50.0,0.006666666666666667,0.43333333333333335,41.7,1.0
cloud-auditing-v1-s1,1,50,kmeans_group,10000,100,131.0,uniform,50.0,0.0023333333333333335,0.23333333333333334,44.53333333333333,1.0
cloud-auditing-v1-s1,1,50,risk_score,10000,100,,uniform,50.0,0.006666666666666668,0.5333333333333333,35.06666666666667,1.0
cloud-auditing-v1-s1,1,50,tree_partition,10000,100,131.0,uniform,50.0,0.008,0.5666666666666667,38.6,1.0
cloud-auditing-v1-s1,1,50,uniform,10000,100,,uniform,50.0,0.004333333333333333,0.3,44.06666666666667,1.0
cloud-auditing-v1-s1,1,50,weighted_random,10000,100,,uniform,50.0,0.006,0.3333333333333333,39.0,1.0
cloud-auditing-v1-s1,1,100,anomaly_score,10000,100,,uniform,100.0,0.012333333333333335,0.6666666666666666,63.766666666666666,1.0
cloud-auditing-v1-s1,1,100,gb_center_only,10000,100,131.0,uniform,100.0,0.011333333333333336,0.7,65.7,1.0
cloud-auditing-v1-s1,1,100,gb_three_way,10000,100,131.0,uniform,100.0,0.009000000000000001,0.5666666666666667,68.8,1.0
cloud-auditing-v1-s1,1,100,granular_ball,10000,100,131.0,uniform,100.0,0.01,0.6333333333333333,68.73333333333333,1.0
cloud-auditing-v1-s1,1,100,kmeans_group,10000,100,131.0,uniform,100.0,0.008666666666666668,0.6,70.86666666666666,1.0
cloud-auditing-v1-s1,1,100,risk_score,10000,100,,uniform,100.0,0.010000000000000002,0.7333333333333333,63.733333333333334,1.0
cloud-auditing-v1-s1,1,100,tree_partition,10000,100,131.0,uniform,100.0,0.011000000000000003,0.6,66.06666666666666,1.0
cloud-auditing-v1-s1,1,100,uniform,10000,100,,uniform,100.0,0.012000000000000004,0.7666666666666667,60.93333333333333,1.0
cloud-auditing-v1-s1,1,100,weighted_random,10000,100,,uniform,100.0,0.010333333333333335,0.7333333333333333,61.666666666666664,1.0
cloud-auditing-v1-s1,1,250,anomaly_score,10000,100,,uniform,250.0,0.029000000000000005,0.9666666666666667,74.06666666666666,0.99
cloud-auditing-v1-s1,1,250,gb_center_only,10000,100,131.0,uniform,250.0,0.025333333333333336,0.9333333333333333,82.36666666666666,0.9954999999999999
cloud-auditing-v1-s1,1,250,gb_three_way,10000,100,131.0,uniform,250.0,0.023666666666666673,0.9333333333333333,85.03333333333333,0.9954999999999999
cloud-auditing-v1-s1,1,250,granular_ball,10000,100,131.0,uniform,250.0,0.022000000000000006,0.8666666666666667,94.93333333333334,1.0
cloud-auditing-v1-s1,1,250,kmeans_group,10000,100,131.0,uniform,250.0,0.024000000000000007,0.8666666666666667,88.76666666666667,1.0
cloud-auditing-v1-s1,1,250,risk_score,10000,100,,uniform,250.0,0.028333333333333335,0.9333333333333333,87.7,0.9954999999999999
cloud-auditing-v1-s1,1,250,tree_partition,10000,100,131.0,uniform,250.0,0.026333333333333337,1.0,84.7,0.99
cloud-auditing-v1-s1,1,250,uniform,10000,100,,uniform,250.0,0.024666666666666674,0.9333333333333333,72.13333333333334,0.9954999999999999
cloud-auditing-v1-s1,1,250,weighted_random,10000,100,,uniform,250.0,0.023333333333333334,0.9333333333333333,86.8,0.9954999999999999
cloud-auditing-v1-s7,7,50,anomaly_score,10000,100,,uniform,50.0,0.003333333333333333,0.26666666666666666,42.266666666666666,1.0
cloud-auditing-v1-s7,7,50,gb_center_only,10000,100,73.0,uniform,50.0,0.003999999999999999,0.36666666666666664,41.666666666666664,1.0
cloud-auditing-v1-s7,7,50,gb_three_way,10000,100,73.0,uniform,50.0,0.006000000000000001,0.4666666666666667,38.03333333333333,1.0
cloud-auditing-v1-s7,7,50,granular_ball,10000,100,73.0,uniform,50.0,0.003666666666666666,0.3333333333333333,40.1,1.0
cloud-auditing-v1-s7,7,50,kmeans_group,10000,100,73.0,uniform,50.0,0.004666666666666667,0.3333333333333333,39.9,1.0
cloud-auditing-v1-s7,7,50,risk_score,10000,100,,uniform,50.0,0.004333333333333333,0.3333333333333333,39.8,1.0
cloud-auditing-v1-s7,7,50,tree_partition,10000,100,73.0,uniform,50.0,0.006333333333333333,0.43333333333333335,39.6,1.0
cloud-auditing-v1-s7,7,50,uniform,10000,100,,uniform,50.0,0.004666666666666667,0.3333333333333333,42.06666666666667,1.0
cloud-auditing-v1-s7,7,50,weighted_random,10000,100,,uniform,50.0,0.005000000000000001,0.36666666666666664,41.7,1.0
cloud-auditing-v1-s7,7,100,anomaly_score,10000,100,,uniform,100.0,0.010333333333333335,0.6333333333333333,58.2,1.0
cloud-auditing-v1-s7,7,100,gb_center_only,10000,100,73.0,uniform,100.0,0.007333333333333334,0.5,69.6,1.0
cloud-auditing-v1-s7,7,100,gb_three_way,10000,100,73.0,uniform,100.0,0.007666666666666667,0.5666666666666667,70.23333333333333,1.0
cloud-auditing-v1-s7,7,100,granular_ball,10000,100,73.0,uniform,100.0,0.010000000000000002,0.6333333333333333,59.6,1.0
cloud-auditing-v1-s7,7,100,kmeans_group,10000,100,73.0,uniform,100.0,0.011333333333333334,0.6666666666666666,58.3,1.0
cloud-auditing-v1-s7,7,100,risk_score,10000,100,,uniform,100.0,0.007333333333333334,0.5666666666666667,73.33333333333333,1.0
cloud-auditing-v1-s7,7,100,tree_partition,10000,100,73.0,uniform,100.0,0.008,0.5333333333333333,71.66666666666667,1.0
cloud-auditing-v1-s7,7,100,uniform,10000,100,,uniform,100.0,0.009333333333333334,0.5333333333333333,70.8,1.0
cloud-auditing-v1-s7,7,100,weighted_random,10000,100,,uniform,100.0,0.008666666666666666,0.5,72.23333333333333,1.0
cloud-auditing-v1-s7,7,250,anomaly_score,10000,100,,uniform,250.0,0.02066666666666667,0.8666666666666667,107.46666666666667,1.0
cloud-auditing-v1-s7,7,250,gb_center_only,10000,100,73.0,uniform,250.0,0.021333333333333336,0.8666666666666667,112.8,1.0
cloud-auditing-v1-s7,7,250,gb_three_way,10000,100,73.0,uniform,250.0,0.02433333333333334,0.9666666666666667,94.6,0.99
cloud-auditing-v1-s7,7,250,granular_ball,10000,100,73.0,uniform,250.0,0.021333333333333336,0.9,106.2,1.0
cloud-auditing-v1-s7,7,250,kmeans_group,10000,100,73.0,uniform,250.0,0.01966666666666667,0.8,106.7,1.0
cloud-auditing-v1-s7,7,250,risk_score,10000,100,,uniform,250.0,0.028000000000000008,0.9333333333333333,80.03333333333333,0.9954999999999999
cloud-auditing-v1-s7,7,250,tree_partition,10000,100,73.0,uniform,250.0,0.02933333333333334,0.9333333333333333,78.73333333333333,0.9954999999999999
cloud-auditing-v1-s7,7,250,uniform,10000,100,,uniform,250.0,0.029333333333333336,0.9666666666666667,78.16666666666667,0.99
cloud-auditing-v1-s7,7,250,weighted_random,10000,100,,uniform,250.0,0.022333333333333337,0.9333333333333333,105.03333333333333,0.9954999999999999
cloud-auditing-v1-s21,21,50,anomaly_score,10000,100,,uniform,50.0,0.007333333333333334,0.5,35.63333333333333,1.0
cloud-auditing-v1-s21,21,50,gb_center_only,10000,100,2.0,uniform,50.0,0.008333333333333333,0.6333333333333333,35.6,1.0
cloud-auditing-v1-s21,21,50,gb_three_way,10000,100,2.0,uniform,50.0,0.007,0.43333333333333335,37.166666666666664,1.0
cloud-auditing-v1-s21,21,50,granular_ball,10000,100,2.0,uniform,50.0,0.006,0.4666666666666667,38.03333333333333,1.0
cloud-auditing-v1-s21,21,50,kmeans_group,10000,100,2.0,uniform,50.0,0.0033333333333333327,0.3333333333333333,40.53333333333333,1.0
cloud-auditing-v1-s21,21,50,risk_score,10000,100,,uniform,50.0,0.004,0.3333333333333333,42.233333333333334,1.0
cloud-auditing-v1-s21,21,50,tree_partition,10000,100,2.0,uniform,50.0,0.007000000000000001,0.5333333333333333,36.7,1.0
cloud-auditing-v1-s21,21,50,uniform,10000,100,,uniform,50.0,0.004666666666666666,0.4,39.3,1.0
cloud-auditing-v1-s21,21,50,weighted_random,10000,100,,uniform,50.0,0.004333333333333333,0.4,43.833333333333336,1.0
cloud-auditing-v1-s21,21,100,anomaly_score,10000,100,,uniform,100.0,0.006666666666666668,0.5,69.93333333333334,1.0
cloud-auditing-v1-s21,21,100,gb_center_only,10000,100,2.0,uniform,100.0,0.011333333333333336,0.7,53.166666666666664,1.0
cloud-auditing-v1-s21,21,100,gb_three_way,10000,100,2.0,uniform,100.0,0.012333333333333333,0.6666666666666666,58.166666666666664,1.0
cloud-auditing-v1-s21,21,100,granular_ball,10000,100,2.0,uniform,100.0,0.009666666666666667,0.7,54.833333333333336,1.0
cloud-auditing-v1-s21,21,100,kmeans_group,10000,100,2.0,uniform,100.0,0.009666666666666667,0.6,73.16666666666667,1.0
cloud-auditing-v1-s21,21,100,risk_score,10000,100,,uniform,100.0,0.009666666666666667,0.7,55.4,1.0
cloud-auditing-v1-s21,21,100,tree_partition,10000,100,2.0,uniform,100.0,0.009000000000000001,0.7,64.63333333333334,1.0
cloud-auditing-v1-s21,21,100,uniform,10000,100,,uniform,100.0,0.012000000000000002,0.7666666666666667,48.833333333333336,1.0
cloud-auditing-v1-s21,21,100,weighted_random,10000,100,,uniform,100.0,0.010000000000000002,0.6666666666666666,61.86666666666667,1.0
cloud-auditing-v1-s21,21,250,anomaly_score,10000,100,,uniform,250.0,0.02966666666666667,0.9,73.4,1.0
cloud-auditing-v1-s21,21,250,gb_center_only,10000,100,2.0,uniform,250.0,0.023333333333333338,0.9,105.5,1.0
cloud-auditing-v1-s21,21,250,gb_three_way,10000,100,2.0,uniform,250.0,0.030333333333333337,0.9333333333333333,77.0,0.9954999999999999
cloud-auditing-v1-s21,21,250,granular_ball,10000,100,2.0,uniform,250.0,0.03133333333333334,0.9333333333333333,73.3,0.9954999999999999
cloud-auditing-v1-s21,21,250,kmeans_group,10000,100,2.0,uniform,250.0,0.02366666666666667,0.9,102.5,1.0
cloud-auditing-v1-s21,21,250,risk_score,10000,100,,uniform,250.0,0.024000000000000007,0.8333333333333334,102.76666666666667,1.0
cloud-auditing-v1-s21,21,250,tree_partition,10000,100,2.0,uniform,250.0,0.029000000000000005,0.9666666666666667,77.46666666666667,0.99
cloud-auditing-v1-s21,21,250,uniform,10000,100,,uniform,250.0,0.02633333333333334,0.9333333333333333,70.76666666666667,0.9954999999999999
cloud-auditing-v1-s21,21,250,weighted_random,10000,100,,uniform,250.0,0.027000000000000007,0.9666666666666667,89.1,0.99
cloud-auditing-v1-s42,42,50,anomaly_score,10000,100,,uniform,50.0,0.005666666666666666,0.43333333333333335,39.233333333333334,1.0
cloud-auditing-v1-s42,42,50,gb_center_only,10000,100,124.0,uniform,50.0,0.004333333333333333,0.4,41.03333333333333,1.0
cloud-auditing-v1-s42,42,50,gb_three_way,10000,100,124.0,uniform,50.0,0.005333333333333333,0.4666666666666667,40.733333333333334,1.0
cloud-auditing-v1-s42,42,50,granular_ball,10000,100,124.0,uniform,50.0,0.005666666666666667,0.43333333333333335,38.8,1.0
cloud-auditing-v1-s42,42,50,kmeans_group,10000,100,124.0,uniform,50.0,0.003666666666666666,0.3333333333333333,43.666666666666664,1.0
cloud-auditing-v1-s42,42,50,risk_score,10000,100,,uniform,50.0,0.004333333333333333,0.4,43.56666666666667,1.0
cloud-auditing-v1-s42,42,50,tree_partition,10000,100,124.0,uniform,50.0,0.005333333333333334,0.43333333333333335,39.46666666666667,1.0
cloud-auditing-v1-s42,42,50,uniform,10000,100,,uniform,50.0,0.005000000000000001,0.4666666666666667,34.6,1.0
cloud-auditing-v1-s42,42,50,weighted_random,10000,100,,uniform,50.0,0.004666666666666666,0.4,38.833333333333336,1.0
cloud-auditing-v1-s42,42,100,anomaly_score,10000,100,,uniform,100.0,0.007000000000000001,0.5,70.6,1.0
cloud-auditing-v1-s42,42,100,gb_center_only,10000,100,124.0,uniform,100.0,0.007666666666666668,0.4666666666666667,74.83333333333333,1.0
cloud-auditing-v1-s42,42,100,gb_three_way,10000,100,124.0,uniform,100.0,0.011333333333333336,0.6666666666666666,63.63333333333333,1.0
cloud-auditing-v1-s42,42,100,granular_ball,10000,100,124.0,uniform,100.0,0.011666666666666669,0.6333333333333333,58.93333333333333,1.0
cloud-auditing-v1-s42,42,100,kmeans_group,10000,100,124.0,uniform,100.0,0.007333333333333333,0.5666666666666667,73.1,1.0
cloud-auditing-v1-s42,42,100,risk_score,10000,100,,uniform,100.0,0.011666666666666669,0.6666666666666666,57.9,1.0
cloud-auditing-v1-s42,42,100,tree_partition,10000,100,124.0,uniform,100.0,0.010000000000000002,0.6666666666666666,64.2,1.0
cloud-auditing-v1-s42,42,100,uniform,10000,100,,uniform,100.0,0.013000000000000001,0.7333333333333333,57.06666666666667,1.0
cloud-auditing-v1-s42,42,100,weighted_random,10000,100,,uniform,100.0,0.006666666666666667,0.4666666666666667,71.06666666666666,1.0
cloud-auditing-v1-s42,42,250,anomaly_score,10000,100,,uniform,250.0,0.023666666666666673,0.9333333333333333,112.9,0.9954999999999999
cloud-auditing-v1-s42,42,250,gb_center_only,10000,100,124.0,uniform,250.0,0.029666666666666668,0.9666666666666667,72.76666666666667,0.99
cloud-auditing-v1-s42,42,250,gb_three_way,10000,100,124.0,uniform,250.0,0.022333333333333337,0.9,105.83333333333333,1.0
cloud-auditing-v1-s42,42,250,granular_ball,10000,100,124.0,uniform,250.0,0.02666666666666667,0.9666666666666667,73.36666666666666,0.99
cloud-auditing-v1-s42,42,250,kmeans_group,10000,100,124.0,uniform,250.0,0.022666666666666672,0.9,91.9,1.0
cloud-auditing-v1-s42,42,250,risk_score,10000,100,,uniform,250.0,0.023000000000000007,0.9,112.63333333333334,1.0
cloud-auditing-v1-s42,42,250,tree_partition,10000,100,124.0,uniform,250.0,0.027000000000000007,0.9333333333333333,80.13333333333334,0.9954999999999999
cloud-auditing-v1-s42,42,250,uniform,10000,100,,uniform,250.0,0.018000000000000006,0.8666666666666667,109.4,1.0
cloud-auditing-v1-s42,42,250,weighted_random,10000,100,,uniform,250.0,0.023666666666666673,0.9,98.13333333333334,1.0
cloud-auditing-v1-s2026,2026,50,anomaly_score,10000,100,,uniform,50.0,0.004333333333333333,0.4,40.8,1.0
cloud-auditing-v1-s2026,2026,50,gb_center_only,10000,100,2.0,uniform,50.0,0.003999999999999999,0.4,38.9,1.0
cloud-auditing-v1-s2026,2026,50,gb_three_way,10000,100,2.0,uniform,50.0,0.0036666666666666666,0.3333333333333333,40.733333333333334,1.0
cloud-auditing-v1-s2026,2026,50,granular_ball,10000,100,2.0,uniform,50.0,0.005000000000000001,0.4,42.6,1.0
cloud-auditing-v1-s2026,2026,50,kmeans_group,10000,100,2.0,uniform,50.0,0.004,0.36666666666666664,42.7,1.0
cloud-auditing-v1-s2026,2026,50,risk_score,10000,100,,uniform,50.0,0.004333333333333333,0.3333333333333333,40.333333333333336,1.0
cloud-auditing-v1-s2026,2026,50,tree_partition,10000,100,2.0,uniform,50.0,0.003666666666666667,0.26666666666666666,43.266666666666666,1.0
cloud-auditing-v1-s2026,2026,50,uniform,10000,100,,uniform,50.0,0.003999999999999999,0.36666666666666664,40.6,1.0
cloud-auditing-v1-s2026,2026,50,weighted_random,10000,100,,uniform,50.0,0.004666666666666667,0.4,38.03333333333333,1.0
cloud-auditing-v1-s2026,2026,100,anomaly_score,10000,100,,uniform,100.0,0.010333333333333335,0.5666666666666667,67.46666666666667,1.0
cloud-auditing-v1-s2026,2026,100,gb_center_only,10000,100,2.0,uniform,100.0,0.012333333333333333,0.8,52.733333333333334,1.0
cloud-auditing-v1-s2026,2026,100,gb_three_way,10000,100,2.0,uniform,100.0,0.005333333333333333,0.4666666666666667,77.76666666666667,1.0
cloud-auditing-v1-s2026,2026,100,granular_ball,10000,100,2.0,uniform,100.0,0.009333333333333332,0.6333333333333333,59.766666666666666,1.0
cloud-auditing-v1-s2026,2026,100,kmeans_group,10000,100,2.0,uniform,100.0,0.009000000000000001,0.6,63.666666666666664,1.0
cloud-auditing-v1-s2026,2026,100,risk_score,10000,100,,uniform,100.0,0.009666666666666667,0.6333333333333333,66.56666666666666,1.0
cloud-auditing-v1-s2026,2026,100,tree_partition,10000,100,2.0,uniform,100.0,0.007333333333333334,0.5333333333333333,71.0,1.0
cloud-auditing-v1-s2026,2026,100,uniform,10000,100,,uniform,100.0,0.010666666666666668,0.6666666666666666,63.2,1.0
cloud-auditing-v1-s2026,2026,100,weighted_random,10000,100,,uniform,100.0,0.009333333333333334,0.5333333333333333,69.3,1.0
cloud-auditing-v1-s2026,2026,250,anomaly_score,10000,100,,uniform,250.0,0.023333333333333338,0.8666666666666667,94.76666666666667,1.0
cloud-auditing-v1-s2026,2026,250,gb_center_only,10000,100,2.0,uniform,250.0,0.023000000000000007,0.9333333333333333,93.03333333333333,0.9954999999999999
cloud-auditing-v1-s2026,2026,250,gb_three_way,10000,100,2.0,uniform,250.0,0.01866666666666667,0.8333333333333334,96.9,1.0
cloud-auditing-v1-s2026,2026,250,granular_ball,10000,100,2.0,uniform,250.0,0.019333333333333334,0.9333333333333333,108.43333333333334,0.9954999999999999
cloud-auditing-v1-s2026,2026,250,kmeans_group,10000,100,2.0,uniform,250.0,0.02500000000000001,0.9666666666666667,78.33333333333333,0.99
cloud-auditing-v1-s2026,2026,250,risk_score,10000,100,,uniform,250.0,0.018666666666666668,0.8,126.5,1.0
cloud-auditing-v1-s2026,2026,250,tree_partition,10000,100,2.0,uniform,250.0,0.021333333333333336,0.8333333333333334,119.73333333333333,1.0
cloud-auditing-v1-s2026,2026,250,uniform,10000,100,,uniform,250.0,0.022666666666666672,0.9,99.83333333333333,1.0
cloud-auditing-v1-s2026,2026,250,weighted_random,10000,100,,uniform,250.0,0.02600000000000001,0.9666666666666667,86.53333333333333,0.99
cloud-auditing-v1-s1,1,100,anomaly_score,100000,1000,,adversarial,100.0,0.0001,0.1,94.86666666666666,1.0
cloud-auditing-v1-s1,1,100,gb_center_only,100000,1000,162.0,adversarial,100.0,0.0003666666666666668,0.3,85.63333333333334,1.0
cloud-auditing-v1-s1,1,100,gb_three_way,100000,1000,162.0,adversarial,100.0,0.0002,0.16666666666666666,94.36666666666666,1.0
cloud-auditing-v1-s1,1,100,granular_ball,100000,1000,162.0,adversarial,100.0,0.0005666666666666667,0.5,77.06666666666666,1.0
cloud-auditing-v1-s1,1,100,kmeans_group,100000,1000,162.0,adversarial,100.0,0.0004333333333333333,0.3333333333333333,79.26666666666667,1.0
cloud-auditing-v1-s1,1,100,risk_score,100000,1000,,adversarial,100.0,0.0,0.0,101.0,1.0
cloud-auditing-v1-s1,1,100,tree_partition,100000,1000,162.0,adversarial,100.0,3.3333333333333335e-05,0.03333333333333333,99.56666666666666,1.0
cloud-auditing-v1-s1,1,100,uniform,100000,1000,,adversarial,100.0,0.0008,0.43333333333333335,75.0,1.0
cloud-auditing-v1-s1,1,100,weighted_random,100000,1000,,adversarial,100.0,0.0006666666666666668,0.5,73.1,1.0
cloud-auditing-v1-s1,1,500,anomaly_score,100000,1000,,adversarial,500.0,0.0005,0.36666666666666664,425.1666666666667,1.0
cloud-auditing-v1-s1,1,500,gb_center_only,100000,1000,162.0,adversarial,500.0,0.0014666666666666671,0.7666666666666667,260.6,1.0
cloud-auditing-v1-s1,1,500,gb_three_way,100000,1000,162.0,adversarial,500.0,0.0016000000000000005,0.8,241.33333333333334,1.0
cloud-auditing-v1-s1,1,500,granular_ball,100000,1000,162.0,adversarial,500.0,0.003166666666666667,1.0,143.76666666666668,0.999
cloud-auditing-v1-s1,1,500,kmeans_group,100000,1000,162.0,adversarial,500.0,0.0018333333333333335,0.8666666666666667,247.6,1.0
cloud-auditing-v1-s1,1,500,risk_score,100000,1000,,adversarial,500.0,0.0,0.0,501.0,1.0
cloud-auditing-v1-s1,1,500,tree_partition,100000,1000,162.0,adversarial,500.0,6.666666666666667e-05,0.06666666666666667,484.8333333333333,1.0
cloud-auditing-v1-s1,1,500,uniform,100000,1000,,adversarial,500.0,0.004966666666666667,1.0,89.36666666666666,0.9981
cloud-auditing-v1-s1,1,500,weighted_random,100000,1000,,adversarial,500.0,0.002666666666666667,0.9666666666666667,186.23333333333332,0.999
cloud-auditing-v1-s1,1,1000,anomaly_score,100000,1000,,adversarial,1000.0,0.0011666666666666668,0.7,608.7,1.0
cloud-auditing-v1-s1,1,1000,gb_center_only,100000,1000,162.0,adversarial,1000.0,0.004333333333333333,1.0,204.16666666666666,0.99855
cloud-auditing-v1-s1,1,1000,gb_three_way,100000,1000,162.0,adversarial,1000.0,0.002800000000000001,0.9333333333333333,388.8,0.99955
cloud-auditing-v1-s1,1,1000,granular_ball,100000,1000,162.0,adversarial,1000.0,0.006833333333333334,1.0,130.96666666666667,0.99655
cloud-auditing-v1-s1,1,1000,kmeans_group,100000,1000,162.0,adversarial,1000.0,0.004433333333333333,1.0,222.3,0.998
cloud-auditing-v1-s1,1,1000,risk_score,100000,1000,,adversarial,1000.0,0.0001,0.1,970.0,1.0
cloud-auditing-v1-s1,1,1000,tree_partition,100000,1000,162.0,adversarial,1000.0,0.0,0.0,1001.0,1.0
cloud-auditing-v1-s1,1,1000,uniform,100000,1000,,adversarial,1000.0,0.009733333333333335,1.0,140.16666666666666,0.99555
cloud-auditing-v1-s1,1,1000,weighted_random,100000,1000,,adversarial,1000.0,0.005666666666666668,1.0,149.7,0.998
cloud-auditing-v1-s7,7,100,anomaly_score,100000,1000,,adversarial,100.0,0.00013333333333333334,0.1,95.56666666666666,1.0
cloud-auditing-v1-s7,7,100,gb_center_only,100000,1000,190.0,adversarial,100.0,0.00023333333333333333,0.2,89.9,1.0
cloud-auditing-v1-s7,7,100,gb_three_way,100000,1000,190.0,adversarial,100.0,0.00030000000000000003,0.26666666666666666,88.86666666666666,1.0
cloud-auditing-v1-s7,7,100,granular_ball,100000,1000,190.0,adversarial,100.0,0.0008000000000000001,0.5333333333333333,66.16666666666667,1.0
cloud-auditing-v1-s7,7,100,kmeans_group,100000,1000,190.0,adversarial,100.0,0.0003333333333333333,0.23333333333333334,86.1,1.0
cloud-auditing-v1-s7,7,100,risk_score,100000,1000,,adversarial,100.0,0.0,0.0,101.0,1.0
cloud-auditing-v1-s7,7,100,tree_partition,100000,1000,190.0,adversarial,100.0,0.0,0.0,101.0,1.0
cloud-auditing-v1-s7,7,100,uniform,100000,1000,,adversarial,100.0,0.0009333333333333333,0.6,68.36666666666666,1.0
cloud-auditing-v1-s7,7,100,weighted_random,100000,1000,,adversarial,100.0,0.0006666666666666668,0.4666666666666667,74.56666666666666,1.0
cloud-auditing-v1-s7,7,500,anomaly_score,100000,1000,,adversarial,500.0,0.00043333333333333337,0.36666666666666664,389.23333333333335,1.0
cloud-auditing-v1-s7,7,500,gb_center_only,100000,1000,190.0,adversarial,500.0,0.002033333333333333,0.9,189.43333333333334,1.0
cloud-auditing-v1-s7,7,500,gb_three_way,100000,1000,190.0,adversarial,500.0,0.0014666666666666671,0.8666666666666667,230.66666666666666,1.0
cloud-auditing-v1-s7,7,500,granular_ball,100000,1000,190.0,adversarial,500.0,0.002833333333333334,1.0,121.7,0.999
cloud-auditing-v1-s7,7,500,kmeans_group,100000,1000,190.0,adversarial,500.0,0.0017333333333333337,0.9333333333333333,237.1,0.99955
cloud-auditing-v1-s7,7,500,risk_score,100000,1000,,adversarial,500.0,0.0,0.0,501.0,1.0
cloud-auditing-v1-s7,7,500,tree_partition,100000,1000,190.0,adversarial,500.0,0.0,0.0,501.0,1.0
cloud-auditing-v1-s7,7,500,uniform,100000,1000,,adversarial,500.0,0.005200000000000001,1.0,78.93333333333334,0.99755
cloud-auditing-v1-s7,7,500,weighted_random,100000,1000,,adversarial,500.0,0.0027000000000000006,0.9,166.1,1.0
cloud-auditing-v1-s7,7,1000,anomaly_score,100000,1000,,adversarial,1000.0,0.0012000000000000001,0.7,526.3666666666667,1.0
cloud-auditing-v1-s7,7,1000,gb_center_only,100000,1000,190.0,adversarial,1000.0,0.004633333333333334,0.9666666666666667,231.16666666666666,0.999
cloud-auditing-v1-s7,7,1000,gb_three_way,100000,1000,190.0,adversarial,1000.0,0.0027333333333333337,0.9333333333333333,423.8,0.99955
cloud-auditing-v1-s7,7,1000,granular_ball,100000,1000,190.0,adversarial,1000.0,0.006133333333333335,1.0,149.5,0.997
cloud-auditing-v1-s7,7,1000,kmeans_group,100000,1000,190.0,adversarial,1000.0,0.003333333333333334,1.0,245.0,0.99855
cloud-auditing-v1-s7,7,1000,risk_score,100000,1000,,adversarial,1000.0,6.666666666666667e-05,0.06666666666666667,979.8333333333334,1.0
cloud-auditing-v1-s7,7,1000,tree_partition,100000,1000,190.0,adversarial,1000.0,6.666666666666667e-05,0.06666666666666667,994.7,1.0
cloud-auditing-v1-s7,7,1000,uniform,100000,1000,,adversarial,1000.0,0.009366666666666667,1.0,148.5,0.995
cloud-auditing-v1-s7,7,1000,weighted_random,100000,1000,,adversarial,1000.0,0.0058333333333333345,1.0,181.4,0.998
cloud-auditing-v1-s21,21,100,anomaly_score,100000,1000,,adversarial,100.0,0.0001,0.1,94.56666666666666,1.0
cloud-auditing-v1-s21,21,100,gb_center_only,100000,1000,2.0,adversarial,100.0,0.00023333333333333333,0.23333333333333334,85.1,1.0
cloud-auditing-v1-s21,21,100,gb_three_way,100000,1000,2.0,adversarial,100.0,0.0001,0.1,98.26666666666667,1.0
cloud-auditing-v1-s21,21,100,granular_ball,100000,1000,2.0,adversarial,100.0,0.0006000000000000001,0.5,73.46666666666667,1.0
cloud-auditing-v1-s21,21,100,kmeans_group,100000,1000,2.0,adversarial,100.0,0.0005666666666666667,0.43333333333333335,78.2,1.0
cloud-auditing-v1-s21,21,100,risk_score,100000,1000,,adversarial,100.0,0.0,0.0,101.0,1.0
cloud-auditing-v1-s21,21,100,tree_partition,100000,1000,2.0,adversarial,100.0,3.3333333333333335e-05,0.03333333333333333,99.53333333333333,1.0
cloud-auditing-v1-s21,21,100,uniform,100000,1000,,adversarial,100.0,0.0008666666666666667,0.5,77.93333333333334,1.0
cloud-auditing-v1-s21,21,100,weighted_random,100000,1000,,adversarial,100.0,0.0005333333333333334,0.4,76.1,1.0
cloud-auditing-v1-s21,21,500,anomaly_score,100000,1000,,adversarial,500.0,0.0006333333333333333,0.4666666666666667,375.3666666666667,1.0
cloud-auditing-v1-s21,21,500,gb_center_only,100000,1000,2.0,adversarial,500.0,0.0018333333333333337,0.9,211.63333333333333,1.0
cloud-auditing-v1-s21,21,500,gb_three_way,100000,1000,2.0,adversarial,500.0,0.0012000000000000001,0.6666666666666666,295.7,1.0
cloud-auditing-v1-s21,21,500,granular_ball,100000,1000,2.0,adversarial,500.0,0.0027000000000000006,0.8666666666666667,209.33333333333334,1.0
cloud-auditing-v1-s21,21,500,kmeans_group,100000,1000,2.0,adversarial,500.0,0.003033333333333334,0.9666666666666667,139.9,0.999
cloud-auditing-v1-s21,21,500,risk_score,100000,1000,,adversarial,500.0,3.3333333333333335e-05,0.03333333333333333,496.76666666666665,1.0
cloud-auditing-v1-s21,21,500,tree_partition,100000,1000,2.0,adversarial,500.0,3.3333333333333335e-05,0.03333333333333333,492.3333333333333,1.0
cloud-auditing-v1-s21,21,500,uniform,100000,1000,,adversarial,500.0,0.005000000000000001,1.0,120.96666666666667,0.99855
cloud-auditing-v1-s21,21,500,weighted_random,100000,1000,,adversarial,500.0,0.002233333333333334,0.9333333333333333,188.46666666666667,0.99955
cloud-auditing-v1-s21,21,1000,anomaly_score,100000,1000,,adversarial,1000.0,0.0011666666666666668,0.7666666666666667,554.6333333333333,1.0
cloud-auditing-v1-s21,21,1000,gb_center_only,100000,1000,2.0,adversarial,1000.0,0.004200000000000001,1.0,224.83333333333334,0.998
cloud-auditing-v1-s21,21,1000,gb_three_way,100000,1000,2.0,adversarial,1000.0,0.001966666666666667,0.8333333333333334,437.06666666666666,1.0
cloud-auditing-v1-s21,21,1000,granular_ball,100000,1000,2.0,adversarial,1000.0,0.005333333333333334,1.0,254.76666666666668,0.99855
cloud-auditing-v1-s21,21,1000,kmeans_group,100000,1000,2.0,adversarial,1000.0,0.007633333333333335,1.0,117.93333333333334,0.995
cloud-auditing-v1-s21,21,1000,risk_score,100000,1000,,adversarial,1000.0,3.3333333333333335e-05,0.03333333333333333,970.7666666666667,1.0
cloud-auditing-v1-s21,21,1000,tree_partition,100000,1000,2.0,adversarial,1000.0,3.3333333333333335e-05,0.03333333333333333,1000.2,1.0
cloud-auditing-v1-s21,21,1000,uniform,100000,1000,,adversarial,1000.0,0.011033333333333336,1.0,78.3,0.99365
cloud-auditing-v1-s21,21,1000,weighted_random,100000,1000,,adversarial,1000.0,0.005766666666666668,1.0,128.36666666666667,0.9981
cloud-auditing-v1-s42,42,100,anomaly_score,100000,1000,,adversarial,100.0,0.0001,0.1,93.93333333333334,1.0
cloud-auditing-v1-s42,42,100,gb_center_only,100000,1000,2.0,adversarial,100.0,0.00016666666666666666,0.16666666666666666,89.83333333333333,1.0
cloud-auditing-v1-s42,42,100,gb_three_way,100000,1000,2.0,adversarial,100.0,0.00013333333333333334,0.1,93.26666666666667,1.0
cloud-auditing-v1-s42,42,100,granular_ball,100000,1000,2.0,adversarial,100.0,0.0004,0.3,82.06666666666666,1.0
cloud-auditing-v1-s42,42,100,kmeans_group,100000,1000,2.0,adversarial,100.0,0.0007333333333333333,0.4,75.73333333333333,1.0
cloud-auditing-v1-s42,42,100,risk_score,100000,1000,,adversarial,100.0,0.0,0.0,101.0,1.0
cloud-auditing-v1-s42,42,100,tree_partition,100000,1000,2.0,adversarial,100.0,3.3333333333333335e-05,0.03333333333333333,100.46666666666667,1.0
cloud-auditing-v1-s42,42,100,uniform,100000,1000,,adversarial,100.0,0.001,0.6,64.86666666666666,1.0
cloud-auditing-v1-s42,42,100,weighted_random,100000,1000,,adversarial,100.0,0.0004,0.3333333333333333,83.8,1.0
cloud-auditing-v1-s42,42,500,anomaly_score,100000,1000,,adversarial,500.0,0.0005000000000000001,0.4666666666666667,386.8,1.0
cloud-auditing-v1-s42,42,500,gb_center_only,100000,1000,2.0,adversarial,500.0,0.0016333333333333336,0.8666666666666667,215.93333333333334,1.0
cloud-auditing-v1-s42,42,500,gb_three_way,100000,1000,2.0,adversarial,500.0,0.0007666666666666667,0.4666666666666667,382.4,1.0
cloud-auditing-v1-s42,42,500,granular_ball,100000,1000,2.0,adversarial,500.0,0.0025333333333333336,0.9666666666666667,214.7,0.999
cloud-auditing-v1-s42,42,500,kmeans_group,100000,1000,2.0,adversarial,500.0,0.003266666666666667,0.9666666666666667,138.53333333333333,0.999
cloud-auditing-v1-s42,42,500,risk_score,100000,1000,,adversarial,500.0,0.0001,0.1,476.1,1.0
cloud-auditing-v1-s42,42,500,tree_partition,100000,1000,2.0,adversarial,500.0,6.666666666666667e-05,0.06666666666666667,487.93333333333334,1.0
cloud-auditing-v1-s42,42,500,uniform,100000,1000,,adversarial,500.0,0.004900000000000001,1.0,81.3,0.998
cloud-auditing-v1-s42,42,500,weighted_random,100000,1000,,adversarial,500.0,0.0029000000000000007,0.9666666666666667,129.06666666666666,0.999
cloud-auditing-v1-s42,42,1000,anomaly_score,100000,1000,,adversarial,1000.0,0.0014000000000000004,0.7666666666666667,584.7666666666667,1.0
cloud-auditing-v1-s42,42,1000,gb_center_only,100000,1000,2.0,adversarial,1000.0,0.0025000000000000005,0.9,332.5,1.0
cloud-auditing-v1-s42,42,1000,gb_three_way,100000,1000,2.0,adversarial,1000.0,0.0014333333333333336,0.8,549.0666666666667,1.0
cloud-auditing-v1-s42,42,1000,granular_ball,100000,1000,2.0,adversarial,1000.0,0.004633333333333335,1.0,166.36666666666667,0.998
cloud-auditing-v1-s42,42,1000,kmeans_group,100000,1000,2.0,adversarial,1000.0,0.007066666666666668,1.0,141.5,0.996
cloud-auditing-v1-s42,42,1000,risk_score,100000,1000,,adversarial,1000.0,3.3333333333333335e-05,0.03333333333333333,987.4333333333333,1.0
cloud-auditing-v1-s42,42,1000,tree_partition,100000,1000,2.0,adversarial,1000.0,0.00013333333333333334,0.13333333333333333,904.0333333333333,1.0
cloud-auditing-v1-s42,42,1000,uniform,100000,1000,,adversarial,1000.0,0.009766666666666668,1.0,115.93333333333334,0.994
cloud-auditing-v1-s42,42,1000,weighted_random,100000,1000,,adversarial,1000.0,0.005433333333333334,1.0,247.26666666666668,0.997
cloud-auditing-v1-s2026,2026,100,anomaly_score,100000,1000,,adversarial,100.0,0.0,0.0,101.0,1.0
cloud-auditing-v1-s2026,2026,100,gb_center_only,100000,1000,113.0,adversarial,100.0,0.0007000000000000002,0.5333333333333333,82.03333333333333,1.0
cloud-auditing-v1-s2026,2026,100,gb_three_way,100000,1000,113.0,adversarial,100.0,0.0002666666666666667,0.23333333333333334,85.2,1.0
cloud-auditing-v1-s2026,2026,100,granular_ball,100000,1000,113.0,adversarial,100.0,0.0007000000000000002,0.5,74.3,1.0
cloud-auditing-v1-s2026,2026,100,kmeans_group,100000,1000,113.0,adversarial,100.0,0.0004000000000000001,0.3333333333333333,85.93333333333334,1.0
cloud-auditing-v1-s2026,2026,100,risk_score,100000,1000,,adversarial,100.0,3.3333333333333335e-05,0.03333333333333333,100.83333333333333,1.0
cloud-auditing-v1-s2026,2026,100,tree_partition,100000,1000,113.0,adversarial,100.0,3.3333333333333335e-05,0.03333333333333333,98.9,1.0
cloud-auditing-v1-s2026,2026,100,uniform,100000,1000,,adversarial,100.0,0.001,0.5666666666666667,57.766666666666666,1.0
cloud-auditing-v1-s2026,2026,100,weighted_random,100000,1000,,adversarial,100.0,0.0006000000000000001,0.4666666666666667,83.46666666666667,1.0
cloud-auditing-v1-s2026,2026,500,anomaly_score,100000,1000,,adversarial,500.0,0.0007333333333333334,0.5666666666666667,328.03333333333336,1.0
cloud-auditing-v1-s2026,2026,500,gb_center_only,100000,1000,113.0,adversarial,500.0,0.0027000000000000006,0.9333333333333333,165.4,0.99955
cloud-auditing-v1-s2026,2026,500,gb_three_way,100000,1000,113.0,adversarial,500.0,0.0010333333333333336,0.5666666666666667,365.1666666666667,1.0
cloud-auditing-v1-s2026,2026,500,granular_ball,100000,1000,113.0,adversarial,500.0,0.0029666666666666674,0.9666666666666667,133.8,0.999
cloud-auditing-v1-s2026,2026,500,kmeans_group,100000,1000,113.0,adversarial,500.0,0.002266666666666667,0.8333333333333334,193.4,1.0
cloud-auditing-v1-s2026,2026,500,risk_score,100000,1000,,adversarial,500.0,3.3333333333333335e-05,0.03333333333333333,491.8333333333333,1.0
cloud-auditing-v1-s2026,2026,500,tree_partition,100000,1000,113.0,adversarial,500.0,3.3333333333333335e-05,0.03333333333333333,498.3,1.0
cloud-auditing-v1-s2026,2026,500,uniform,100000,1000,,adversarial,500.0,0.005033333333333334,1.0,90.76666666666667,0.998
cloud-auditing-v1-s2026,2026,500,weighted_random,100000,1000,,adversarial,500.0,0.002833333333333334,1.0,132.06666666666666,0.999
cloud-auditing-v1-s2026,2026,1000,anomaly_score,100000,1000,,adversarial,1000.0,0.0007666666666666668,0.6333333333333333,682.6,1.0
cloud-auditing-v1-s2026,2026,1000,gb_center_only,100000,1000,113.0,adversarial,1000.0,0.004833333333333334,0.9666666666666667,206.93333333333334,0.998
cloud-auditing-v1-s2026,2026,1000,gb_three_way,100000,1000,113.0,adversarial,1000.0,0.002166666666666667,0.9,379.1666666666667,1.0
cloud-auditing-v1-s2026,2026,1000,granular_ball,100000,1000,113.0,adversarial,1000.0,0.006166666666666668,1.0,146.73333333333332,0.998
cloud-auditing-v1-s2026,2026,1000,kmeans_group,100000,1000,113.0,adversarial,1000.0,0.005366666666666668,1.0,170.93333333333334,0.99755
cloud-auditing-v1-s2026,2026,1000,risk_score,100000,1000,,adversarial,1000.0,6.666666666666667e-05,0.06666666666666667,943.5333333333333,1.0
cloud-auditing-v1-s2026,2026,1000,tree_partition,100000,1000,113.0,adversarial,1000.0,0.0001,0.1,958.4666666666667,1.0
cloud-auditing-v1-s2026,2026,1000,uniform,100000,1000,,adversarial,1000.0,0.010566666666666669,1.0,85.43333333333334,0.9951
cloud-auditing-v1-s2026,2026,1000,weighted_random,100000,1000,,adversarial,1000.0,0.005466666666666667,1.0,139.63333333333333,0.99755
cloud-auditing-v1-s1,1,100,anomaly_score,100000,1000,,clustered,100.0,0.0010666666666666667,0.6666666666666666,60.63333333333333,1.0
cloud-auditing-v1-s1,1,100,gb_center_only,100000,1000,162.0,clustered,100.0,0.0011666666666666668,0.7,64.86666666666666,1.0
cloud-auditing-v1-s1,1,100,gb_three_way,100000,1000,162.0,clustered,100.0,0.0011000000000000003,0.8,49.03333333333333,1.0
cloud-auditing-v1-s1,1,100,granular_ball,100000,1000,162.0,clustered,100.0,0.0012333333333333337,0.7666666666666667,53.233333333333334,1.0
cloud-auditing-v1-s1,1,100,kmeans_group,100000,1000,162.0,clustered,100.0,0.0004666666666666667,0.36666666666666664,84.06666666666666,1.0
cloud-auditing-v1-s1,1,100,risk_score,100000,1000,,clustered,100.0,0.0013333333333333335,0.7333333333333333,55.766666666666666,1.0
cloud-auditing-v1-s1,1,100,tree_partition,100000,1000,162.0,clustered,100.0,0.0013333333333333335,0.7333333333333333,59.46666666666667,1.0
cloud-auditing-v1-s1,1,100,uniform,100000,1000,,clustered,100.0,0.0008666666666666667,0.5666666666666667,65.16666666666667,1.0
cloud-auditing-v1-s1,1,100,weighted_random,100000,1000,,clustered,100.0,0.0008,0.5333333333333333,72.5,1.0
cloud-auditing-v1-s1,1,500,anomaly_score,100000,1000,,clustered,500.0,0.004366666666666668,1.0,104.3,0.999
cloud-auditing-v1-s1,1,500,gb_center_only,100000,1000,162.0,clustered,500.0,0.005233333333333335,1.0,97.83333333333333,0.997
cloud-auditing-v1-s1,1,500,gb_three_way,100000,1000,162.0,clustered,500.0,0.005900000000000001,1.0,78.93333333333334,0.997
cloud-auditing-v1-s1,1,500,granular_ball,100000,1000,162.0,clustered,500.0,0.0058333333333333345,1.0,90.76666666666667,0.997
cloud-auditing-v1-s1,1,500,kmeans_group,100000,1000,162.0,clustered,500.0,0.004766666666666667,1.0,103.06666666666666,0.998
cloud-auditing-v1-s1,1,500,risk_score,100000,1000,,clustered,500.0,0.004966666666666667,1.0,109.9,0.99755
cloud-auditing-v1-s1,1,500,tree_partition,100000,1000,162.0,clustered,500.0,0.004466666666666668,1.0,92.83333333333333,0.999
cloud-auditing-v1-s1,1,500,uniform,100000,1000,,clustered,500.0,0.004900000000000001,1.0,87.73333333333333,0.99755
cloud-auditing-v1-s1,1,500,weighted_random,100000,1000,,clustered,500.0,0.005133333333333334,1.0,92.0,0.99755
cloud-auditing-v1-s1,1,1000,anomaly_score,100000,1000,,clustered,1000.0,0.010566666666666669,1.0,81.0,0.995
cloud-auditing-v1-s1,1,1000,gb_center_only,100000,1000,162.0,clustered,1000.0,0.010100000000000001,1.0,113.46666666666667,0.9941
cloud-auditing-v1-s1,1,1000,gb_three_way,100000,1000,162.0,clustered,1000.0,0.011033333333333336,1.0,100.2,0.99355
cloud-auditing-v1-s1,1,1000,granular_ball,100000,1000,162.0,clustered,1000.0,0.009733333333333335,1.0,110.7,0.995
cloud-auditing-v1-s1,1,1000,kmeans_group,100000,1000,162.0,clustered,1000.0,0.01046666666666667,1.0,85.3,0.99355
cloud-auditing-v1-s1,1,1000,risk_score,100000,1000,,clustered,1000.0,0.01076666666666667,1.0,87.26666666666667,0.994
cloud-auditing-v1-s1,1,1000,tree_partition,100000,1000,162.0,clustered,1000.0,0.009966666666666669,1.0,109.06666666666666,0.9941
cloud-auditing-v1-s1,1,1000,uniform,100000,1000,,clustered,1000.0,0.0099,1.0,107.8,0.995
cloud-auditing-v1-s1,1,1000,weighted_random,100000,1000,,clustered,1000.0,0.009966666666666669,1.0,84.06666666666666,0.9941
cloud-auditing-v1-s7,7,100,anomaly_score,100000,1000,,clustered,100.0,0.0007000000000000002,0.5333333333333333,68.9,1.0
cloud-auditing-v1-s7,7,100,gb_center_only,100000,1000,190.0,clustered,100.0,0.0010333333333333336,0.6333333333333333,63.6,1.0
cloud-auditing-v1-s7,7,100,gb_three_way,100000,1000,190.0,clustered,100.0,0.0010000000000000002,0.6666666666666666,61.6,1.0
cloud-auditing-v1-s7,7,100,granular_ball,100000,1000,190.0,clustered,100.0,0.0009666666666666668,0.6333333333333333,74.66666666666667,1.0
cloud-auditing-v1-s7,7,100,kmeans_group,100000,1000,190.0,clustered,100.0,0.0010333333333333334,0.6333333333333333,67.5,1.0
cloud-auditing-v1-s7,7,100,risk_score,100000,1000,,clustered,100.0,0.0013666666666666669,0.8,52.766666666666666,1.0
cloud-auditing-v1-s7,7,100,tree_partition,100000,1000,190.0,clustered,100.0,0.0006666666666666668,0.6,68.73333333333333,1.0
cloud-auditing-v1-s7,7,100,uniform,100000,1000,,clustered,100.0,0.0008666666666666667,0.6333333333333333,64.2,1.0
cloud-auditing-v1-s7,7,100,weighted_random,100000,1000,,clustered,100.0,0.001166666666666667,0.6666666666666666,54.833333333333336,1.0
cloud-auditing-v1-s7,7,500,anomaly_score,100000,1000,,clustered,500.0,0.0051666666666666675,1.0,123.46666666666667,0.999
cloud-auditing-v1-s7,7,500,gb_center_only,100000,1000,190.0,clustered,500.0,0.004066666666666667,0.9666666666666667,123.86666666666666,0.999
cloud-auditing-v1-s7,7,500,gb_three_way,100000,1000,190.0,clustered,500.0,0.005300000000000001,1.0,110.1,0.998
cloud-auditing-v1-s7,7,500,granular_ball,100000,1000,190.0,clustered,500.0,0.005300000000000001,1.0,118.6,0.99855
cloud-auditing-v1-s7,7,500,kmeans_group,100000,1000,190.0,clustered,500.0,0.004933333333333334,1.0,117.43333333333334,0.997
cloud-auditing-v1-s7,7,500,risk_score,100000,1000,,clustered,500.0,0.004600000000000002,1.0,115.66666666666667,0.998
cloud-auditing-v1-s7,7,500,tree_partition,100000,1000,190.0,clustered,500.0,0.005500000000000001,1.0,98.43333333333334,0.997
cloud-auditing-v1-s7,7,500,uniform,100000,1000,,clustered,500.0,0.005700000000000001,1.0,98.53333333333333,0.998
cloud-auditing-v1-s7,7,500,weighted_random,100000,1000,,clustered,500.0,0.005100000000000001,1.0,102.56666666666666,0.998
cloud-auditing-v1-s7,7,1000,anomaly_score,100000,1000,,clustered,1000.0,0.009600000000000001,1.0,125.3,0.994
cloud-auditing-v1-s7,7,1000,gb_center_only,100000,1000,190.0,clustered,1000.0,0.010166666666666668,1.0,90.13333333333334,0.99355
cloud-auditing-v1-s7,7,1000,gb_three_way,100000,1000,190.0,clustered,1000.0,0.010500000000000002,1.0,105.66666666666667,0.99455
cloud-auditing-v1-s7,7,1000,granular_ball,100000,1000,190.0,clustered,1000.0,0.01046666666666667,1.0,127.9,0.995
cloud-auditing-v1-s7,7,1000,kmeans_group,100000,1000,190.0,clustered,1000.0,0.009800000000000001,1.0,111.23333333333333,0.995
cloud-auditing-v1-s7,7,1000,risk_score,100000,1000,,clustered,1000.0,0.009766666666666668,1.0,89.3,0.99355
cloud-auditing-v1-s7,7,1000,tree_partition,100000,1000,190.0,clustered,1000.0,0.010566666666666669,1.0,95.4,0.99555
cloud-auditing-v1-s7,7,1000,uniform,100000,1000,,clustered,1000.0,0.010366666666666668,1.0,133.5,0.993
cloud-auditing-v1-s7,7,1000,weighted_random,100000,1000,,clustered,1000.0,0.009766666666666668,1.0,123.06666666666666,0.9951
cloud-auditing-v1-s21,21,100,anomaly_score,100000,1000,,clustered,100.0,0.0015666666666666672,0.8333333333333334,49.93333333333333,1.0
cloud-auditing-v1-s21,21,100,gb_center_only,100000,1000,2.0,clustered,100.0,0.0011333333333333336,0.6666666666666666,60.93333333333333,1.0
cloud-auditing-v1-s21,21,100,gb_three_way,100000,1000,2.0,clustered,100.0,0.0009333333333333333,0.5666666666666667,69.93333333333334,1.0
cloud-auditing-v1-s21,21,100,granular_ball,100000,1000,2.0,clustered,100.0,0.0014666666666666671,0.8333333333333334,44.03333333333333,1.0
cloud-auditing-v1-s21,21,100,kmeans_group,100000,1000,2.0,clustered,100.0,0.0010666666666666667,0.6333333333333333,69.66666666666667,1.0
cloud-auditing-v1-s21,21,100,risk_score,100000,1000,,clustered,100.0,0.0007,0.5,72.83333333333333,1.0
cloud-auditing-v1-s21,21,100,tree_partition,100000,1000,2.0,clustered,100.0,0.0013666666666666669,0.7666666666666667,51.4,1.0
cloud-auditing-v1-s21,21,100,uniform,100000,1000,,clustered,100.0,0.0008333333333333334,0.4666666666666667,77.2,1.0
cloud-auditing-v1-s21,21,100,weighted_random,100000,1000,,clustered,100.0,0.0012666666666666668,0.6,60.233333333333334,1.0
cloud-auditing-v1-s21,21,500,anomaly_score,100000,1000,,clustered,500.0,0.005333333333333334,1.0,74.53333333333333,0.997
cloud-auditing-v1-s21,21,500,gb_center_only,100000,1000,2.0,clustered,500.0,0.004233333333333334,1.0,124.53333333333333,0.99855
cloud-auditing-v1-s21,21,500,gb_three_way,100000,1000,2.0,clustered,500.0,0.005000000000000001,0.9666666666666667,106.53333333333333,0.9981
cloud-auditing-v1-s21,21,500,granular_ball,100000,1000,2.0,clustered,500.0,0.005266666666666668,1.0,66.83333333333333,0.99755
cloud-auditing-v1-s21,21,500,kmeans_group,100000,1000,2.0,clustered,500.0,0.005033333333333334,1.0,94.16666666666667,0.998
cloud-auditing-v1-s21,21,500,risk_score,100000,1000,,clustered,500.0,0.004433333333333334,1.0,98.2,0.99755
cloud-auditing-v1-s21,21,500,tree_partition,100000,1000,2.0,clustered,500.0,0.005233333333333335,1.0,109.33333333333333,0.997
cloud-auditing-v1-s21,21,500,uniform,100000,1000,,clustered,500.0,0.004900000000000001,1.0,126.76666666666667,0.99855
cloud-auditing-v1-s21,21,500,weighted_random,100000,1000,,clustered,500.0,0.004866666666666668,1.0,115.56666666666666,0.998
cloud-auditing-v1-s21,21,1000,anomaly_score,100000,1000,,clustered,1000.0,0.01096666666666667,1.0,89.5,0.994
cloud-auditing-v1-s21,21,1000,gb_center_only,100000,1000,2.0,clustered,1000.0,0.010433333333333334,1.0,108.73333333333333,0.9951
cloud-auditing-v1-s21,21,1000,gb_three_way,100000,1000,2.0,clustered,1000.0,0.009766666666666668,1.0,101.53333333333333,0.99455
cloud-auditing-v1-s21,21,1000,granular_ball,100000,1000,2.0,clustered,1000.0,0.009933333333333334,1.0,98.5,0.994
cloud-auditing-v1-s21,21,1000,kmeans_group,100000,1000,2.0,clustered,1000.0,0.010000000000000002,1.0,103.53333333333333,0.994
cloud-auditing-v1-s21,21,1000,risk_score,100000,1000,,clustered,1000.0,0.009500000000000001,1.0,83.36666666666666,0.994
cloud-auditing-v1-s21,21,1000,tree_partition,100000,1000,2.0,clustered,1000.0,0.010733333333333336,1.0,83.93333333333334,0.99355
cloud-auditing-v1-s21,21,1000,uniform,100000,1000,,clustered,1000.0,0.009566666666666668,1.0,118.03333333333333,0.99455
cloud-auditing-v1-s21,21,1000,weighted_random,100000,1000,,clustered,1000.0,0.010233333333333336,1.0,97.73333333333333,0.995
cloud-auditing-v1-s42,42,100,anomaly_score,100000,1000,,clustered,100.0,0.0011666666666666668,0.7,52.733333333333334,1.0
cloud-auditing-v1-s42,42,100,gb_center_only,100000,1000,2.0,clustered,100.0,0.0010666666666666667,0.7333333333333333,54.166666666666664,1.0
cloud-auditing-v1-s42,42,100,gb_three_way,100000,1000,2.0,clustered,100.0,0.0009333333333333334,0.7333333333333333,63.56666666666667,1.0
cloud-auditing-v1-s42,42,100,granular_ball,100000,1000,2.0,clustered,100.0,0.0012000000000000001,0.7,51.266666666666666,1.0
cloud-auditing-v1-s42,42,100,kmeans_group,100000,1000,2.0,clustered,100.0,0.0008666666666666667,0.6333333333333333,66.46666666666667,1.0
cloud-auditing-v1-s42,42,100,risk_score,100000,1000,,clustered,100.0,0.0007333333333333333,0.5,73.93333333333334,1.0
cloud-auditing-v1-s42,42,100,tree_partition,100000,1000,2.0,clustered,100.0,0.0007666666666666669,0.6,61.5,1.0
cloud-auditing-v1-s42,42,100,uniform,100000,1000,,clustered,100.0,0.0005666666666666667,0.4,77.53333333333333,1.0
cloud-auditing-v1-s42,42,100,weighted_random,100000,1000,,clustered,100.0,0.0008000000000000001,0.6,65.13333333333334,1.0
cloud-auditing-v1-s42,42,500,anomaly_score,100000,1000,,clustered,500.0,0.006233333333333335,1.0,94.96666666666667,0.998
cloud-auditing-v1-s42,42,500,gb_center_only,100000,1000,2.0,clustered,500.0,0.005100000000000001,1.0,86.63333333333334,0.997
cloud-auditing-v1-s42,42,500,gb_three_way,100000,1000,2.0,clustered,500.0,0.004466666666666668,1.0,120.66666666666667,0.998
cloud-auditing-v1-s42,42,500,granular_ball,100000,1000,2.0,clustered,500.0,0.004600000000000001,1.0,100.53333333333333,0.999
cloud-auditing-v1-s42,42,500,kmeans_group,100000,1000,2.0,clustered,500.0,0.005700000000000001,1.0,76.63333333333334,0.998
cloud-auditing-v1-s42,42,500,risk_score,100000,1000,,clustered,500.0,0.005300000000000001,0.9666666666666667,89.13333333333334,0.99755
cloud-auditing-v1-s42,42,500,tree_partition,100000,1000,2.0,clustered,500.0,0.004833333333333334,1.0,68.86666666666666,0.998
cloud-auditing-v1-s42,42,500,uniform,100000,1000,,clustered,500.0,0.005033333333333334,1.0,83.33333333333333,0.99755
cloud-auditing-v1-s42,42,500,weighted_random,100000,1000,,clustered,500.0,0.005200000000000001,1.0,103.63333333333334,0.99755
cloud-auditing-v1-s42,42,1000,anomaly_score,100000,1000,,clustered,1000.0,0.010433333333333334,1.0,93.5,0.995
cloud-auditing-v1-s42,42,1000,gb_center_only,100000,1000,2.0,clustered,1000.0,0.010833333333333335,1.0,96.7,0.994
cloud-auditing-v1-s42,42,1000,gb_three_way,100000,1000,2.0,clustered,1000.0,0.009533333333333335,1.0,95.83333333333333,0.995
cloud-auditing-v1-s42,42,1000,granular_ball,100000,1000,2.0,clustered,1000.0,0.009666666666666667,1.0,104.6,0.995
cloud-auditing-v1-s42,42,1000,kmeans_group,100000,1000,2.0,clustered,1000.0,0.01076666666666667,1.0,80.36666666666666,0.99255
cloud-auditing-v1-s42,42,1000,risk_score,100000,1000,,clustered,1000.0,0.009166666666666667,1.0,116.73333333333333,0.996
cloud-auditing-v1-s42,42,1000,tree_partition,100000,1000,2.0,clustered,1000.0,0.009066666666666669,1.0,109.8,0.996
cloud-auditing-v1-s42,42,1000,uniform,100000,1000,,clustered,1000.0,0.009466666666666668,1.0,82.8,0.99655
cloud-auditing-v1-s42,42,1000,weighted_random,100000,1000,,clustered,1000.0,0.009600000000000001,1.0,113.53333333333333,0.995
cloud-auditing-v1-s2026,2026,100,anomaly_score,100000,1000,,clustered,100.0,0.0008333333333333335,0.5,70.93333333333334,1.0
cloud-auditing-v1-s2026,2026,100,gb_center_only,100000,1000,113.0,clustered,100.0,0.0010000000000000002,0.6,69.26666666666667,1.0
cloud-auditing-v1-s2026,2026,100,gb_three_way,100000,1000,113.0,clustered,100.0,0.0013333333333333335,0.7,57.06666666666667,1.0
cloud-auditing-v1-s2026,2026,100,granular_ball,100000,1000,113.0,clustered,100.0,0.0011000000000000003,0.6666666666666666,66.06666666666666,1.0
cloud-auditing-v1-s2026,2026,100,kmeans_group,100000,1000,113.0,clustered,100.0,0.0007000000000000002,0.5,74.46666666666667,1.0
cloud-auditing-v1-s2026,2026,100,risk_score,100000,1000,,clustered,100.0,0.0008,0.4666666666666667,81.73333333333333,1.0
cloud-auditing-v1-s2026,2026,100,tree_partition,100000,1000,113.0,clustered,100.0,0.0011,0.5666666666666667,63.13333333333333,1.0
cloud-auditing-v1-s2026,2026,100,uniform,100000,1000,,clustered,100.0,0.0008333333333333336,0.5,65.43333333333334,1.0
cloud-auditing-v1-s2026,2026,100,weighted_random,100000,1000,,clustered,100.0,0.0008666666666666667,0.6,66.06666666666666,1.0
cloud-auditing-v1-s2026,2026,500,anomaly_score,100000,1000,,clustered,500.0,0.004733333333333334,1.0,119.3,0.998
cloud-auditing-v1-s2026,2026,500,gb_center_only,100000,1000,113.0,clustered,500.0,0.004833333333333334,1.0,96.6,0.998
cloud-auditing-v1-s2026,2026,500,gb_three_way,100000,1000,113.0,clustered,500.0,0.006033333333333335,1.0,63.1,0.997
cloud-auditing-v1-s2026,2026,500,granular_ball,100000,1000,113.0,clustered,500.0,0.0055333333333333345,1.0,76.7,0.998
cloud-auditing-v1-s2026,2026,500,kmeans_group,100000,1000,113.0,clustered,500.0,0.004633333333333335,1.0,129.83333333333334,0.998
cloud-auditing-v1-s2026,2026,500,risk_score,100000,1000,,clustered,500.0,0.004900000000000002,1.0,107.73333333333333,0.99755
cloud-auditing-v1-s2026,2026,500,tree_partition,100000,1000,113.0,clustered,500.0,0.004533333333333334,1.0,70.56666666666666,0.998
cloud-auditing-v1-s2026,2026,500,uniform,100000,1000,,clustered,500.0,0.005033333333333334,1.0,73.03333333333333,0.997
cloud-auditing-v1-s2026,2026,500,weighted_random,100000,1000,,clustered,500.0,0.0039000000000000007,0.9666666666666667,142.53333333333333,0.999
cloud-auditing-v1-s2026,2026,1000,anomaly_score,100000,1000,,clustered,1000.0,0.009733333333333335,1.0,71.6,0.995
cloud-auditing-v1-s2026,2026,1000,gb_center_only,100000,1000,113.0,clustered,1000.0,0.010700000000000003,1.0,77.63333333333334,0.995
cloud-auditing-v1-s2026,2026,1000,gb_three_way,100000,1000,113.0,clustered,1000.0,0.010199999999999999,1.0,93.46666666666667,0.9951
cloud-auditing-v1-s2026,2026,1000,granular_ball,100000,1000,113.0,clustered,1000.0,0.010066666666666668,1.0,97.73333333333333,0.99255
cloud-auditing-v1-s2026,2026,1000,kmeans_group,100000,1000,113.0,clustered,1000.0,0.010100000000000001,1.0,85.53333333333333,0.994
cloud-auditing-v1-s2026,2026,1000,risk_score,100000,1000,,clustered,1000.0,0.009433333333333334,1.0,100.16666666666667,0.994
cloud-auditing-v1-s2026,2026,1000,tree_partition,100000,1000,113.0,clustered,1000.0,0.010100000000000001,1.0,103.06666666666666,0.99355
cloud-auditing-v1-s2026,2026,1000,uniform,100000,1000,,clustered,1000.0,0.010433333333333334,1.0,86.1,0.99455
cloud-auditing-v1-s2026,2026,1000,weighted_random,100000,1000,,clustered,1000.0,0.010000000000000002,1.0,102.63333333333334,0.9951
cloud-auditing-v1-s1,1,100,anomaly_score,100000,1000,,cold_targeted,100.0,0.0012000000000000001,0.8,50.13333333333333,1.0
cloud-auditing-v1-s1,1,100,gb_center_only,100000,1000,162.0,cold_targeted,100.0,0.0010666666666666667,0.7,65.5,1.0
cloud-auditing-v1-s1,1,100,gb_three_way,100000,1000,162.0,cold_targeted,100.0,0.0012000000000000001,0.7,63.86666666666667,1.0
cloud-auditing-v1-s1,1,100,granular_ball,100000,1000,162.0,cold_targeted,100.0,0.0015000000000000005,0.8333333333333334,56.86666666666667,1.0
cloud-auditing-v1-s1,1,100,kmeans_group,100000,1000,162.0,cold_targeted,100.0,0.0010333333333333334,0.6666666666666666,65.23333333333333,1.0
cloud-auditing-v1-s1,1,100,risk_score,100000,1000,,cold_targeted,100.0,0.0009666666666666667,0.7,55.1,1.0
cloud-auditing-v1-s1,1,100,tree_partition,100000,1000,162.0,cold_targeted,100.0,0.0009666666666666668,0.8,63.5,1.0
cloud-auditing-v1-s1,1,100,uniform,100000,1000,,cold_targeted,100.0,0.0007333333333333334,0.4666666666666667,69.03333333333333,1.0
cloud-auditing-v1-s1,1,100,weighted_random,100000,1000,,cold_targeted,100.0,0.001,0.6666666666666666,66.26666666666667,1.0
cloud-auditing-v1-s1,1,500,anomaly_score,100000,1000,,cold_targeted,500.0,0.006133333333333334,1.0,81.23333333333333,0.998
cloud-auditing-v1-s1,1,500,gb_center_only,100000,1000,162.0,cold_targeted,500.0,0.006266666666666669,1.0,96.86666666666666,0.997
cloud-auditing-v1-s1,1,500,gb_three_way,100000,1000,162.0,cold_targeted,500.0,0.006466666666666668,1.0,80.5,0.99755
cloud-auditing-v1-s1,1,500,granular_ball,100000,1000,162.0,cold_targeted,500.0,0.0061,1.0,72.83333333333333,0.99755
cloud-auditing-v1-s1,1,500,kmeans_group,100000,1000,162.0,cold_targeted,500.0,0.006066666666666667,1.0,86.83333333333333,0.998
cloud-auditing-v1-s1,1,500,risk_score,100000,1000,,cold_targeted,500.0,0.004933333333333334,0.9666666666666667,105.46666666666667,0.998
cloud-auditing-v1-s1,1,500,tree_partition,100000,1000,162.0,cold_targeted,500.0,0.004766666666666667,0.9666666666666667,124.16666666666667,0.99855
cloud-auditing-v1-s1,1,500,uniform,100000,1000,,cold_targeted,500.0,0.004866666666666668,1.0,70.66666666666667,0.998
cloud-auditing-v1-s1,1,500,weighted_random,100000,1000,,cold_targeted,500.0,0.005566666666666668,1.0,77.23333333333333,0.997
cloud-auditing-v1-s1,1,1000,anomaly_score,100000,1000,,cold_targeted,1000.0,0.011600000000000003,1.0,80.7,0.9931
cloud-auditing-v1-s1,1,1000,gb_center_only,100000,1000,162.0,cold_targeted,1000.0,0.011300000000000003,1.0,94.63333333333334,0.99455
cloud-auditing-v1-s1,1,1000,gb_three_way,100000,1000,162.0,cold_targeted,1000.0,0.01256666666666667,1.0,94.56666666666666,0.99255
cloud-auditing-v1-s1,1,1000,granular_ball,100000,1000,162.0,cold_targeted,1000.0,0.011366666666666669,1.0,71.83333333333333,0.9941
cloud-auditing-v1-s1,1,1000,kmeans_group,100000,1000,162.0,cold_targeted,1000.0,0.010133333333333334,1.0,67.73333333333333,0.995
cloud-auditing-v1-s1,1,1000,risk_score,100000,1000,,cold_targeted,1000.0,0.01046666666666667,1.0,74.3,0.99355
cloud-auditing-v1-s1,1,1000,tree_partition,100000,1000,162.0,cold_targeted,1000.0,0.011800000000000003,1.0,82.26666666666667,0.99255
cloud-auditing-v1-s1,1,1000,uniform,100000,1000,,cold_targeted,1000.0,0.010366666666666668,1.0,94.0,0.99355
cloud-auditing-v1-s1,1,1000,weighted_random,100000,1000,,cold_targeted,1000.0,0.010233333333333336,1.0,101.06666666666666,0.994
cloud-auditing-v1-s7,7,100,anomaly_score,100000,1000,,cold_targeted,100.0,0.0009000000000000001,0.6,67.7,1.0
cloud-auditing-v1-s7,7,100,gb_center_only,100000,1000,190.0,cold_targeted,100.0,0.0011,0.7333333333333333,60.13333333333333,1.0
cloud-auditing-v1-s7,7,100,gb_three_way,100000,1000,190.0,cold_targeted,100.0,0.0011333333333333334,0.6333333333333333,61.666666666666664,1.0
cloud-auditing-v1-s7,7,100,granular_ball,100000,1000,190.0,cold_targeted,100.0,0.0010333333333333334,0.7,61.56666666666667,1.0
cloud-auditing-v1-s7,7,100,kmeans_group,100000,1000,190.0,cold_targeted,100.0,0.0014000000000000004,0.7666666666666667,51.7,1.0
cloud-auditing-v1-s7,7,100,risk_score,100000,1000,,cold_targeted,100.0,0.0009333333333333334,0.6,71.43333333333334,1.0
cloud-auditing-v1-s7,7,100,tree_partition,100000,1000,190.0,cold_targeted,100.0,0.0012333333333333335,0.6666666666666666,57.03333333333333,1.0
cloud-auditing-v1-s7,7,100,uniform,100000,1000,,cold_targeted,100.0,0.0011666666666666668,0.7,60.166666666666664,1.0
cloud-auditing-v1-s7,7,100,weighted_random,100000,1000,,cold_targeted,100.0,0.0009666666666666668,0.7,60.1,1.0
cloud-auditing-v1-s7,7,500,anomaly_score,100000,1000,,cold_targeted,500.0,0.0051666666666666675,0.9666666666666667,98.96666666666667,0.99855
cloud-auditing-v1-s7,7,500,gb_center_only,100000,1000,190.0,cold_targeted,500.0,0.005900000000000002,1.0,59.7,0.9971
cloud-auditing-v1-s7,7,500,gb_three_way,100000,1000,190.0,cold_targeted,500.0,0.0062333333333333355,1.0,77.3,0.99655
cloud-auditing-v1-s7,7,500,granular_ball,100000,1000,190.0,cold_targeted,500.0,0.0055333333333333345,1.0,72.7,0.99755
cloud-auditing-v1-s7,7,500,kmeans_group,100000,1000,190.0,cold_targeted,500.0,0.006000000000000002,1.0,87.73333333333333,0.99655
cloud-auditing-v1-s7,7,500,risk_score,100000,1000,,cold_targeted,500.0,0.005200000000000001,1.0,93.9,0.9981
cloud-auditing-v1-s7,7,500,tree_partition,100000,1000,190.0,cold_targeted,500.0,0.006200000000000001,1.0,72.06666666666666,0.997
cloud-auditing-v1-s7,7,500,uniform,100000,1000,,cold_targeted,500.0,0.005333333333333334,1.0,102.03333333333333,0.998
cloud-auditing-v1-s7,7,500,weighted_random,100000,1000,,cold_targeted,500.0,0.004733333333333335,0.9666666666666667,119.1,0.999
cloud-auditing-v1-s7,7,1000,anomaly_score,100000,1000,,cold_targeted,1000.0,0.009033333333333334,1.0,86.2,0.995
cloud-auditing-v1-s7,7,1000,gb_center_only,100000,1000,190.0,cold_targeted,1000.0,0.011833333333333336,1.0,86.6,0.99455
cloud-auditing-v1-s7,7,1000,gb_three_way,100000,1000,190.0,cold_targeted,1000.0,0.012033333333333337,1.0,87.33333333333333,0.99355
cloud-auditing-v1-s7,7,1000,granular_ball,100000,1000,190.0,cold_targeted,1000.0,0.010833333333333335,1.0,87.36666666666666,0.99355
cloud-auditing-v1-s7,7,1000,kmeans_group,100000,1000,190.0,cold_targeted,1000.0,0.011233333333333336,1.0,89.73333333333333,0.992
cloud-auditing-v1-s7,7,1000,risk_score,100000,1000,,cold_targeted,1000.0,0.010300000000000002,1.0,102.13333333333334,0.994
cloud-auditing-v1-s7,7,1000,tree_partition,100000,1000,190.0,cold_targeted,1000.0,0.010533333333333336,1.0,89.16666666666667,0.99355
cloud-auditing-v1-s7,7,1000,uniform,100000,1000,,cold_targeted,1000.0,0.0099,1.0,125.8,0.994
cloud-auditing-v1-s7,7,1000,weighted_random,100000,1000,,cold_targeted,1000.0,0.011066666666666669,1.0,99.43333333333334,0.994
cloud-auditing-v1-s21,21,100,anomaly_score,100000,1000,,cold_targeted,100.0,0.0011000000000000003,0.7666666666666667,63.333333333333336,1.0
cloud-auditing-v1-s21,21,100,gb_center_only,100000,1000,2.0,cold_targeted,100.0,0.0007333333333333334,0.6,70.76666666666667,1.0
cloud-auditing-v1-s21,21,100,gb_three_way,100000,1000,2.0,cold_targeted,100.0,0.0013666666666666669,0.5666666666666667,57.666666666666664,1.0
cloud-auditing-v1-s21,21,100,granular_ball,100000,1000,2.0,cold_targeted,100.0,0.0010666666666666667,0.6333333333333333,64.1,1.0
cloud-auditing-v1-s21,21,100,kmeans_group,100000,1000,2.0,cold_targeted,100.0,0.0012666666666666668,0.7333333333333333,54.7,1.0
cloud-auditing-v1-s21,21,100,risk_score,100000,1000,,cold_targeted,100.0,0.0012666666666666668,0.7333333333333333,59.4,1.0
cloud-auditing-v1-s21,21,100,tree_partition,100000,1000,2.0,cold_targeted,100.0,0.0013333333333333335,0.7666666666666667,53.833333333333336,1.0
cloud-auditing-v1-s21,21,100,uniform,100000,1000,,cold_targeted,100.0,0.0011666666666666668,0.6666666666666666,64.63333333333334,1.0
cloud-auditing-v1-s21,21,100,weighted_random,100000,1000,,cold_targeted,100.0,0.0009000000000000001,0.5666666666666667,71.36666666666666,1.0
cloud-auditing-v1-s21,21,500,anomaly_score,100000,1000,,cold_targeted,500.0,0.004833333333333334,1.0,104.9,0.998
cloud-auditing-v1-s21,21,500,gb_center_only,100000,1000,2.0,cold_targeted,500.0,0.006166666666666668,1.0,66.3,0.997
cloud-auditing-v1-s21,21,500,gb_three_way,100000,1000,2.0,cold_targeted,500.0,0.006733333333333335,1.0,72.73333333333333,0.996
cloud-auditing-v1-s21,21,500,granular_ball,100000,1000,2.0,cold_targeted,500.0,0.006100000000000002,1.0,81.8,0.997
cloud-auditing-v1-s21,21,500,kmeans_group,100000,1000,2.0,cold_targeted,500.0,0.0055333333333333345,1.0,76.2,0.998
cloud-auditing-v1-s21,21,500,risk_score,100000,1000,,cold_targeted,500.0,0.005433333333333334,1.0,94.76666666666667,0.99755
cloud-auditing-v1-s21,21,500,tree_partition,100000,1000,2.0,cold_targeted,500.0,0.005366666666666668,1.0,92.46666666666667,0.99855
cloud-auditing-v1-s21,21,500,uniform,100000,1000,,cold_targeted,500.0,0.005200000000000001,1.0,66.83333333333333,0.99755
cloud-auditing-v1-s21,21,500,weighted_random,100000,1000,,cold_targeted,500.0,0.005733333333333335,1.0,83.56666666666666,0.99855
cloud-auditing-v1-s21,21,1000,anomaly_score,100000,1000,,cold_targeted,1000.0,0.010300000000000002,1.0,85.23333333333333,0.994
cloud-auditing-v1-s21,21,1000,gb_center_only,100000,1000,2.0,cold_targeted,1000.0,0.012333333333333337,1.0,98.43333333333334,0.9941
cloud-auditing-v1-s21,21,1000,gb_three_way,100000,1000,2.0,cold_targeted,1000.0,0.01176666666666667,1.0,93.46666666666667,0.9931
cloud-auditing-v1-s21,21,1000,granular_ball,100000,1000,2.0,cold_targeted,1000.0,0.010666666666666668,1.0,110.46666666666667,0.99355
cloud-auditing-v1-s21,21,1000,kmeans_group,100000,1000,2.0,cold_targeted,1000.0,0.011033333333333336,1.0,109.0,0.99355
cloud-auditing-v1-s21,21,1000,risk_score,100000,1000,,cold_targeted,1000.0,0.011500000000000003,1.0,94.13333333333334,0.99355
cloud-auditing-v1-s21,21,1000,tree_partition,100000,1000,2.0,cold_targeted,1000.0,0.011166666666666668,1.0,95.66666666666667,0.9931
cloud-auditing-v1-s21,21,1000,uniform,100000,1000,,cold_targeted,1000.0,0.010400000000000001,1.0,90.9,0.99355
cloud-auditing-v1-s21,21,1000,weighted_random,100000,1000,,cold_targeted,1000.0,0.009800000000000003,1.0,77.83333333333333,0.995
cloud-auditing-v1-s42,42,100,anomaly_score,100000,1000,,cold_targeted,100.0,0.0008,0.6,64.86666666666666,1.0
cloud-auditing-v1-s42,42,100,gb_center_only,100000,1000,2.0,cold_targeted,100.0,0.0012000000000000001,0.7,53.666666666666664,1.0
cloud-auditing-v1-s42,42,100,gb_three_way,100000,1000,2.0,cold_targeted,100.0,0.0014333333333333338,0.8333333333333334,48.5,1.0
cloud-auditing-v1-s42,42,100,granular_ball,100000,1000,2.0,cold_targeted,100.0,0.0009333333333333334,0.5,65.43333333333334,1.0
cloud-auditing-v1-s42,42,100,kmeans_group,100000,1000,2.0,cold_targeted,100.0,0.0010333333333333334,0.6,66.83333333333333,1.0
cloud-auditing-v1-s42,42,100,risk_score,100000,1000,,cold_targeted,100.0,0.0010000000000000002,0.7,61.2,1.0
cloud-auditing-v1-s42,42,100,tree_partition,100000,1000,2.0,cold_targeted,100.0,0.0013000000000000002,0.7333333333333333,62.233333333333334,1.0
cloud-auditing-v1-s42,42,100,uniform,100000,1000,,cold_targeted,100.0,0.001,0.7333333333333333,61.5,1.0
cloud-auditing-v1-s42,42,100,weighted_random,100000,1000,,cold_targeted,100.0,0.0010333333333333334,0.6,74.4,1.0
cloud-auditing-v1-s42,42,500,anomaly_score,100000,1000,,cold_targeted,500.0,0.004933333333333334,1.0,84.26666666666667,0.9981
cloud-auditing-v1-s42,42,500,gb_center_only,100000,1000,2.0,cold_targeted,500.0,0.0058333333333333345,1.0,83.93333333333334,0.99755
cloud-auditing-v1-s42,42,500,gb_three_way,100000,1000,2.0,cold_targeted,500.0,0.006500000000000001,1.0,98.46666666666667,0.998
cloud-auditing-v1-s42,42,500,granular_ball,100000,1000,2.0,cold_targeted,500.0,0.006000000000000002,0.9666666666666667,86.8,0.998
cloud-auditing-v1-s42,42,500,kmeans_group,100000,1000,2.0,cold_targeted,500.0,0.005633333333333335,1.0,69.93333333333334,0.997
cloud-auditing-v1-s42,42,500,risk_score,100000,1000,,cold_targeted,500.0,0.005200000000000001,1.0,108.5,0.997
cloud-auditing-v1-s42,42,500,tree_partition,100000,1000,2.0,cold_targeted,500.0,0.005100000000000001,1.0,109.76666666666667,0.997
cloud-auditing-v1-s42,42,500,uniform,100000,1000,,cold_targeted,500.0,0.004733333333333335,1.0,74.0,0.999
cloud-auditing-v1-s42,42,500,weighted_random,100000,1000,,cold_targeted,500.0,0.005433333333333334,1.0,79.7,0.998
cloud-auditing-v1-s42,42,1000,anomaly_score,100000,1000,,cold_targeted,1000.0,0.010566666666666669,1.0,91.2,0.99455
cloud-auditing-v1-s42,42,1000,gb_center_only,100000,1000,2.0,cold_targeted,1000.0,0.012833333333333335,1.0,87.36666666666666,0.99155
cloud-auditing-v1-s42,42,1000,gb_three_way,100000,1000,2.0,cold_targeted,1000.0,0.012700000000000001,1.0,66.43333333333334,0.991
cloud-auditing-v1-s42,42,1000,granular_ball,100000,1000,2.0,cold_targeted,1000.0,0.011166666666666668,1.0,78.2,0.99655
cloud-auditing-v1-s42,42,1000,kmeans_group,100000,1000,2.0,cold_targeted,1000.0,0.01156666666666667,1.0,106.06666666666666,0.99355
cloud-auditing-v1-s42,42,1000,risk_score,100000,1000,,cold_targeted,1000.0,0.011066666666666669,1.0,76.26666666666667,0.99355
cloud-auditing-v1-s42,42,1000,tree_partition,100000,1000,2.0,cold_targeted,1000.0,0.0114,1.0,125.43333333333334,0.993
cloud-auditing-v1-s42,42,1000,uniform,100000,1000,,cold_targeted,1000.0,0.009666666666666667,1.0,89.8,0.99455
cloud-auditing-v1-s42,42,1000,weighted_random,100000,1000,,cold_targeted,1000.0,0.010100000000000001,1.0,79.83333333333333,0.995
cloud-auditing-v1-s2026,2026,100,anomaly_score,100000,1000,,cold_targeted,100.0,0.0011333333333333334,0.7,60.13333333333333,1.0
cloud-auditing-v1-s2026,2026,100,gb_center_only,100000,1000,113.0,cold_targeted,100.0,0.000866666666666667,0.6,70.0,1.0
cloud-auditing-v1-s2026,2026,100,gb_three_way,100000,1000,113.0,cold_targeted,100.0,0.0016333333333333336,0.8,45.333333333333336,1.0
cloud-auditing-v1-s2026,2026,100,granular_ball,100000,1000,113.0,cold_targeted,100.0,0.0009666666666666668,0.5,69.66666666666667,1.0
cloud-auditing-v1-s2026,2026,100,kmeans_group,100000,1000,113.0,cold_targeted,100.0,0.0011666666666666668,0.7,64.6,1.0
cloud-auditing-v1-s2026,2026,100,risk_score,100000,1000,,cold_targeted,100.0,0.0012000000000000001,0.7,67.93333333333334,1.0
cloud-auditing-v1-s2026,2026,100,tree_partition,100000,1000,113.0,cold_targeted,100.0,0.0012333333333333335,0.7666666666666667,59.36666666666667,1.0
cloud-auditing-v1-s2026,2026,100,uniform,100000,1000,,cold_targeted,100.0,0.0010000000000000002,0.6333333333333333,63.56666666666667,1.0
cloud-auditing-v1-s2026,2026,100,weighted_random,100000,1000,,cold_targeted,100.0,0.0010666666666666667,0.6333333333333333,61.46666666666667,1.0
cloud-auditing-v1-s2026,2026,500,anomaly_score,100000,1000,,cold_targeted,500.0,0.005400000000000001,1.0,69.63333333333334,0.99855
cloud-auditing-v1-s2026,2026,500,gb_center_only,100000,1000,113.0,cold_targeted,500.0,0.005933333333333334,1.0,111.9,0.997
cloud-auditing-v1-s2026,2026,500,gb_three_way,100000,1000,113.0,cold_targeted,500.0,0.0062333333333333355,1.0,77.8,0.997
cloud-auditing-v1-s2026,2026,500,granular_ball,100000,1000,113.0,cold_targeted,500.0,0.005266666666666668,1.0,79.76666666666667,0.99755
cloud-auditing-v1-s2026,2026,500,kmeans_group,100000,1000,113.0,cold_targeted,500.0,0.004966666666666667,1.0,91.8,0.998
cloud-auditing-v1-s2026,2026,500,risk_score,100000,1000,,cold_targeted,500.0,0.005000000000000001,1.0,109.43333333333334,0.99755
cloud-auditing-v1-s2026,2026,500,tree_partition,100000,1000,113.0,cold_targeted,500.0,0.005633333333333335,1.0,89.06666666666666,0.998
cloud-auditing-v1-s2026,2026,500,uniform,100000,1000,,cold_targeted,500.0,0.004933333333333334,1.0,110.96666666666667,0.99855
cloud-auditing-v1-s2026,2026,500,weighted_random,100000,1000,,cold_targeted,500.0,0.004700000000000001,1.0,94.43333333333334,0.998
cloud-auditing-v1-s2026,2026,1000,anomaly_score,100000,1000,,cold_targeted,1000.0,0.010866666666666669,1.0,94.96666666666667,0.994
cloud-auditing-v1-s2026,2026,1000,gb_center_only,100000,1000,113.0,cold_targeted,1000.0,0.012000000000000004,1.0,86.56666666666666,0.99355
cloud-auditing-v1-s2026,2026,1000,gb_three_way,100000,1000,113.0,cold_targeted,1000.0,0.012500000000000004,1.0,101.46666666666667,0.993
cloud-auditing-v1-s2026,2026,1000,granular_ball,100000,1000,113.0,cold_targeted,1000.0,0.012100000000000001,1.0,71.96666666666667,0.99255
cloud-auditing-v1-s2026,2026,1000,kmeans_group,100000,1000,113.0,cold_targeted,1000.0,0.010700000000000003,1.0,98.36666666666666,0.993
cloud-auditing-v1-s2026,2026,1000,risk_score,100000,1000,,cold_targeted,1000.0,0.011033333333333336,1.0,91.76666666666667,0.99465
cloud-auditing-v1-s2026,2026,1000,tree_partition,100000,1000,113.0,cold_targeted,1000.0,0.010000000000000002,1.0,82.93333333333334,0.99455
cloud-auditing-v1-s2026,2026,1000,uniform,100000,1000,,cold_targeted,1000.0,0.010300000000000002,1.0,98.56666666666666,0.99455
cloud-auditing-v1-s2026,2026,1000,weighted_random,100000,1000,,cold_targeted,1000.0,0.011333333333333336,1.0,107.93333333333334,0.993
cloud-auditing-v1-s1,1,100,anomaly_score,100000,1000,,hot_targeted,100.0,0.0009000000000000001,0.6,68.13333333333334,1.0
cloud-auditing-v1-s1,1,100,gb_center_only,100000,1000,162.0,hot_targeted,100.0,0.0011333333333333336,0.7333333333333333,47.733333333333334,1.0
cloud-auditing-v1-s1,1,100,gb_three_way,100000,1000,162.0,hot_targeted,100.0,0.0009333333333333333,0.5333333333333333,69.6,1.0
cloud-auditing-v1-s1,1,100,granular_ball,100000,1000,162.0,hot_targeted,100.0,0.0010000000000000002,0.7,55.53333333333333,1.0
cloud-auditing-v1-s1,1,100,kmeans_group,100000,1000,162.0,hot_targeted,100.0,0.0009666666666666668,0.6666666666666666,61.766666666666666,1.0
cloud-auditing-v1-s1,1,100,risk_score,100000,1000,,hot_targeted,100.0,0.0012000000000000001,0.7,56.233333333333334,1.0
cloud-auditing-v1-s1,1,100,tree_partition,100000,1000,162.0,hot_targeted,100.0,0.0008333333333333336,0.5666666666666667,63.766666666666666,1.0
cloud-auditing-v1-s1,1,100,uniform,100000,1000,,hot_targeted,100.0,0.0011666666666666668,0.6333333333333333,57.93333333333333,1.0
cloud-auditing-v1-s1,1,100,weighted_random,100000,1000,,hot_targeted,100.0,0.0008,0.5,71.7,1.0
cloud-auditing-v1-s1,1,500,anomaly_score,100000,1000,,hot_targeted,500.0,0.0051666666666666675,1.0,115.3,0.99855
cloud-auditing-v1-s1,1,500,gb_center_only,100000,1000,162.0,hot_targeted,500.0,0.005000000000000001,1.0,85.8,0.998
cloud-auditing-v1-s1,1,500,gb_three_way,100000,1000,162.0,hot_targeted,500.0,0.0041666666666666675,1.0,142.53333333333333,0.998
cloud-auditing-v1-s1,1,500,granular_ball,100000,1000,162.0,hot_targeted,500.0,0.0048000000000000004,0.9666666666666667,123.23333333333333,0.99855
cloud-auditing-v1-s1,1,500,kmeans_group,100000,1000,162.0,hot_targeted,500.0,0.004633333333333334,0.9666666666666667,101.8,0.998
cloud-auditing-v1-s1,1,500,risk_score,100000,1000,,hot_targeted,500.0,0.0055333333333333345,1.0,88.33333333333333,0.99755
cloud-auditing-v1-s1,1,500,tree_partition,100000,1000,162.0,hot_targeted,500.0,0.004166666666666667,1.0,93.3,0.999
cloud-auditing-v1-s1,1,500,uniform,100000,1000,,hot_targeted,500.0,0.005000000000000001,1.0,90.96666666666667,0.99755
cloud-auditing-v1-s1,1,500,weighted_random,100000,1000,,hot_targeted,500.0,0.0045000000000000005,0.9666666666666667,114.36666666666666,0.999
cloud-auditing-v1-s1,1,1000,anomaly_score,100000,1000,,hot_targeted,1000.0,0.010800000000000002,1.0,92.86666666666666,0.9941
cloud-auditing-v1-s1,1,1000,gb_center_only,100000,1000,162.0,hot_targeted,1000.0,0.009666666666666667,1.0,97.13333333333334,0.994
cloud-auditing-v1-s1,1,1000,gb_three_way,100000,1000,162.0,hot_targeted,1000.0,0.009000000000000003,1.0,89.23333333333333,0.996
cloud-auditing-v1-s1,1,1000,granular_ball,100000,1000,162.0,hot_targeted,1000.0,0.009200000000000002,1.0,83.36666666666666,0.995
cloud-auditing-v1-s1,1,1000,kmeans_group,100000,1000,162.0,hot_targeted,1000.0,0.008500000000000002,1.0,107.4,0.997
cloud-auditing-v1-s1,1,1000,risk_score,100000,1000,,hot_targeted,1000.0,0.009766666666666668,1.0,81.23333333333333,0.995
cloud-auditing-v1-s1,1,1000,tree_partition,100000,1000,162.0,hot_targeted,1000.0,0.009533333333333335,1.0,98.36666666666666,0.995
cloud-auditing-v1-s1,1,1000,uniform,100000,1000,,hot_targeted,1000.0,0.010533333333333336,1.0,89.5,0.9941
cloud-auditing-v1-s1,1,1000,weighted_random,100000,1000,,hot_targeted,1000.0,0.010033333333333335,1.0,90.86666666666666,0.994
cloud-auditing-v1-s7,7,100,anomaly_score,100000,1000,,hot_targeted,100.0,0.0005333333333333334,0.43333333333333335,80.23333333333333,1.0
cloud-auditing-v1-s7,7,100,gb_center_only,100000,1000,190.0,hot_targeted,100.0,0.001,0.6666666666666666,56.46666666666667,1.0
cloud-auditing-v1-s7,7,100,gb_three_way,100000,1000,190.0,hot_targeted,100.0,0.0007666666666666668,0.5333333333333333,67.5,1.0
cloud-auditing-v1-s7,7,100,granular_ball,100000,1000,190.0,hot_targeted,100.0,0.0009333333333333334,0.6666666666666666,56.766666666666666,1.0
cloud-auditing-v1-s7,7,100,kmeans_group,100000,1000,190.0,hot_targeted,100.0,0.0009333333333333334,0.5666666666666667,62.8,1.0
cloud-auditing-v1-s7,7,100,risk_score,100000,1000,,hot_targeted,100.0,0.0012000000000000001,0.6333333333333333,58.666666666666664,1.0
cloud-auditing-v1-s7,7,100,tree_partition,100000,1000,190.0,hot_targeted,100.0,0.0010333333333333334,0.6666666666666666,66.8,1.0
cloud-auditing-v1-s7,7,100,uniform,100000,1000,,hot_targeted,100.0,0.0011333333333333336,0.7,53.86666666666667,1.0
cloud-auditing-v1-s7,7,100,weighted_random,100000,1000,,hot_targeted,100.0,0.001066666666666667,0.7333333333333333,64.5,1.0
cloud-auditing-v1-s7,7,500,anomaly_score,100000,1000,,hot_targeted,500.0,0.004666666666666668,1.0,145.93333333333334,0.999
cloud-auditing-v1-s7,7,500,gb_center_only,100000,1000,190.0,hot_targeted,500.0,0.0051666666666666675,1.0,94.53333333333333,0.998
cloud-auditing-v1-s7,7,500,gb_three_way,100000,1000,190.0,hot_targeted,500.0,0.003666666666666667,1.0,115.56666666666666,0.99855
cloud-auditing-v1-s7,7,500,granular_ball,100000,1000,190.0,hot_targeted,500.0,0.0044666666666666665,1.0,125.6,0.99855
cloud-auditing-v1-s7,7,500,kmeans_group,100000,1000,190.0,hot_targeted,500.0,0.0039000000000000007,1.0,139.43333333333334,0.998
cloud-auditing-v1-s7,7,500,risk_score,100000,1000,,hot_targeted,500.0,0.004766666666666667,1.0,95.13333333333334,0.998
cloud-auditing-v1-s7,7,500,tree_partition,100000,1000,190.0,hot_targeted,500.0,0.005066666666666667,1.0,88.46666666666667,0.99755
cloud-auditing-v1-s7,7,500,uniform,100000,1000,,hot_targeted,500.0,0.005133333333333334,1.0,101.06666666666666,0.99755
cloud-auditing-v1-s7,7,500,weighted_random,100000,1000,,hot_targeted,500.0,0.004766666666666667,1.0,90.1,0.998
cloud-auditing-v1-s7,7,1000,anomaly_score,100000,1000,,hot_targeted,1000.0,0.0089,1.0,109.8,0.994
cloud-auditing-v1-s7,7,1000,gb_center_only,100000,1000,190.0,hot_targeted,1000.0,0.009933333333333334,1.0,78.7,0.99555
cloud-auditing-v1-s7,7,1000,gb_three_way,100000,1000,190.0,hot_targeted,1000.0,0.00876666666666667,1.0,138.76666666666668,0.996
cloud-auditing-v1-s7,7,1000,granular_ball,100000,1000,190.0,hot_targeted,1000.0,0.009433333333333334,1.0,79.26666666666667,0.99455
cloud-auditing-v1-s7,7,1000,kmeans_group,100000,1000,190.0,hot_targeted,1000.0,0.008300000000000002,1.0,125.93333333333334,0.995
cloud-auditing-v1-s7,7,1000,risk_score,100000,1000,,hot_targeted,1000.0,0.009100000000000002,1.0,105.9,0.99455
cloud-auditing-v1-s7,7,1000,tree_partition,100000,1000,190.0,hot_targeted,1000.0,0.009200000000000002,1.0,78.53333333333333,0.994
cloud-auditing-v1-s7,7,1000,uniform,100000,1000,,hot_targeted,1000.0,0.009033333333333334,1.0,107.6,0.995
cloud-auditing-v1-s7,7,1000,weighted_random,100000,1000,,hot_targeted,1000.0,0.010100000000000001,1.0,120.7,0.99355
cloud-auditing-v1-s21,21,100,anomaly_score,100000,1000,,hot_targeted,100.0,0.0009666666666666668,0.6,67.96666666666667,1.0
cloud-auditing-v1-s21,21,100,gb_center_only,100000,1000,2.0,hot_targeted,100.0,0.0006333333333333334,0.5333333333333333,77.5,1.0
cloud-auditing-v1-s21,21,100,gb_three_way,100000,1000,2.0,hot_targeted,100.0,0.0007333333333333334,0.5333333333333333,74.66666666666667,1.0
cloud-auditing-v1-s21,21,100,granular_ball,100000,1000,2.0,hot_targeted,100.0,0.0010666666666666667,0.6333333333333333,63.6,1.0
cloud-auditing-v1-s21,21,100,kmeans_group,100000,1000,2.0,hot_targeted,100.0,0.0009333333333333334,0.6333333333333333,63.1,1.0
cloud-auditing-v1-s21,21,100,risk_score,100000,1000,,hot_targeted,100.0,0.0009333333333333334,0.5333333333333333,68.4,1.0
cloud-auditing-v1-s21,21,100,tree_partition,100000,1000,2.0,hot_targeted,100.0,0.0007333333333333334,0.5333333333333333,72.63333333333334,1.0
cloud-auditing-v1-s21,21,100,uniform,100000,1000,,hot_targeted,100.0,0.0010666666666666667,0.6333333333333333,63.6,1.0
cloud-auditing-v1-s21,21,100,weighted_random,100000,1000,,hot_targeted,100.0,0.0011,0.7,64.86666666666666,1.0
cloud-auditing-v1-s21,21,500,anomaly_score,100000,1000,,hot_targeted,500.0,0.005666666666666668,1.0,97.23333333333333,0.997
cloud-auditing-v1-s21,21,500,gb_center_only,100000,1000,2.0,hot_targeted,500.0,0.004733333333333334,1.0,110.76666666666667,0.998
cloud-auditing-v1-s21,21,500,gb_three_way,100000,1000,2.0,hot_targeted,500.0,0.004333333333333334,0.9333333333333333,138.26666666666668,0.99955
cloud-auditing-v1-s21,21,500,granular_ball,100000,1000,2.0,hot_targeted,500.0,0.0048000000000000004,1.0,110.3,0.998
cloud-auditing-v1-s21,21,500,kmeans_group,100000,1000,2.0,hot_targeted,500.0,0.004600000000000001,1.0,96.73333333333333,0.998
cloud-auditing-v1-s21,21,500,risk_score,100000,1000,,hot_targeted,500.0,0.003933333333333334,1.0,89.0,0.99855
cloud-auditing-v1-s21,21,500,tree_partition,100000,1000,2.0,hot_targeted,500.0,0.004366666666666668,1.0,102.5,0.99855
cloud-auditing-v1-s21,21,500,uniform,100000,1000,,hot_targeted,500.0,0.004200000000000001,1.0,94.53333333333333,0.998
cloud-auditing-v1-s21,21,500,weighted_random,100000,1000,,hot_targeted,500.0,0.004833333333333334,1.0,117.63333333333334,0.998
cloud-auditing-v1-s21,21,1000,anomaly_score,100000,1000,,hot_targeted,1000.0,0.009333333333333334,1.0,76.83333333333333,0.993
cloud-auditing-v1-s21,21,1000,gb_center_only,100000,1000,2.0,hot_targeted,1000.0,0.009733333333333335,1.0,120.73333333333333,0.994
cloud-auditing-v1-s21,21,1000,gb_three_way,100000,1000,2.0,hot_targeted,1000.0,0.009500000000000003,1.0,113.9,0.99455
cloud-auditing-v1-s21,21,1000,granular_ball,100000,1000,2.0,hot_targeted,1000.0,0.009733333333333337,1.0,109.23333333333333,0.995
cloud-auditing-v1-s21,21,1000,kmeans_group,100000,1000,2.0,hot_targeted,1000.0,0.009166666666666668,1.0,107.5,0.9971
cloud-auditing-v1-s21,21,1000,risk_score,100000,1000,,hot_targeted,1000.0,0.008733333333333334,1.0,114.46666666666667,0.994
cloud-auditing-v1-s21,21,1000,tree_partition,100000,1000,2.0,hot_targeted,1000.0,0.009533333333333335,1.0,112.0,0.994
cloud-auditing-v1-s21,21,1000,uniform,100000,1000,,hot_targeted,1000.0,0.0099,1.0,120.3,0.99355
cloud-auditing-v1-s21,21,1000,weighted_random,100000,1000,,hot_targeted,1000.0,0.009733333333333335,1.0,87.2,0.994
cloud-auditing-v1-s42,42,100,anomaly_score,100000,1000,,hot_targeted,100.0,0.0009000000000000001,0.5666666666666667,70.43333333333334,1.0
cloud-auditing-v1-s42,42,100,gb_center_only,100000,1000,2.0,hot_targeted,100.0,0.0012000000000000001,0.7333333333333333,63.86666666666667,1.0
cloud-auditing-v1-s42,42,100,gb_three_way,100000,1000,2.0,hot_targeted,100.0,0.0011333333333333334,0.7,50.3,1.0
cloud-auditing-v1-s42,42,100,granular_ball,100000,1000,2.0,hot_targeted,100.0,0.0008666666666666667,0.6666666666666666,61.766666666666666,1.0
cloud-auditing-v1-s42,42,100,kmeans_group,100000,1000,2.0,hot_targeted,100.0,0.0009000000000000001,0.6,63.9,1.0
cloud-auditing-v1-s42,42,100,risk_score,100000,1000,,hot_targeted,100.0,0.0009000000000000003,0.6333333333333333,66.5,1.0
cloud-auditing-v1-s42,42,100,tree_partition,100000,1000,2.0,hot_targeted,100.0,0.0008333333333333335,0.6666666666666666,66.73333333333333,1.0
cloud-auditing-v1-s42,42,100,uniform,100000,1000,,hot_targeted,100.0,0.0008333333333333334,0.5333333333333333,68.0,1.0
cloud-auditing-v1-s42,42,100,weighted_random,100000,1000,,hot_targeted,100.0,0.0012000000000000001,0.6333333333333333,62.8,1.0
cloud-auditing-v1-s42,42,500,anomaly_score,100000,1000,,hot_targeted,500.0,0.004933333333333334,1.0,84.76666666666667,0.99855
cloud-auditing-v1-s42,42,500,gb_center_only,100000,1000,2.0,hot_targeted,500.0,0.005000000000000001,1.0,118.63333333333334,0.997
cloud-auditing-v1-s42,42,500,gb_three_way,100000,1000,2.0,hot_targeted,500.0,0.004866666666666668,1.0,100.8,0.998
cloud-auditing-v1-s42,42,500,granular_ball,100000,1000,2.0,hot_targeted,500.0,0.005133333333333334,1.0,68.33333333333333,0.997
cloud-auditing-v1-s42,42,500,kmeans_group,100000,1000,2.0,hot_targeted,500.0,0.005133333333333334,1.0,105.63333333333334,0.998
cloud-auditing-v1-s42,42,500,risk_score,100000,1000,,hot_targeted,500.0,0.004766666666666667,0.9666666666666667,149.66666666666666,0.999
cloud-auditing-v1-s42,42,500,tree_partition,100000,1000,2.0,hot_targeted,500.0,0.005133333333333334,1.0,122.03333333333333,0.998
cloud-auditing-v1-s42,42,500,uniform,100000,1000,,hot_targeted,500.0,0.0045000000000000005,1.0,114.26666666666667,0.99855
cloud-auditing-v1-s42,42,500,weighted_random,100000,1000,,hot_targeted,500.0,0.005033333333333334,1.0,89.96666666666667,0.998
cloud-auditing-v1-s42,42,1000,anomaly_score,100000,1000,,hot_targeted,1000.0,0.009833333333333335,1.0,83.93333333333334,0.99455
cloud-auditing-v1-s42,42,1000,gb_center_only,100000,1000,2.0,hot_targeted,1000.0,0.010366666666666668,1.0,89.3,0.994
cloud-auditing-v1-s42,42,1000,gb_three_way,100000,1000,2.0,hot_targeted,1000.0,0.009966666666666669,1.0,104.6,0.9961
cloud-auditing-v1-s42,42,1000,granular_ball,100000,1000,2.0,hot_targeted,1000.0,0.009600000000000001,1.0,90.76666666666667,0.995
cloud-auditing-v1-s42,42,1000,kmeans_group,100000,1000,2.0,hot_targeted,1000.0,0.008533333333333335,1.0,106.43333333333334,0.99555
cloud-auditing-v1-s42,42,1000,risk_score,100000,1000,,hot_targeted,1000.0,0.009500000000000001,1.0,92.63333333333334,0.995
cloud-auditing-v1-s42,42,1000,tree_partition,100000,1000,2.0,hot_targeted,1000.0,0.010400000000000001,1.0,72.86666666666666,0.995
cloud-auditing-v1-s42,42,1000,uniform,100000,1000,,hot_targeted,1000.0,0.009500000000000001,1.0,88.9,0.9951
cloud-auditing-v1-s42,42,1000,weighted_random,100000,1000,,hot_targeted,1000.0,0.010600000000000002,1.0,124.13333333333334,0.99355
cloud-auditing-v1-s2026,2026,100,anomaly_score,100000,1000,,hot_targeted,100.0,0.0007333333333333333,0.4666666666666667,76.6,1.0
cloud-auditing-v1-s2026,2026,100,gb_center_only,100000,1000,113.0,hot_targeted,100.0,0.0008333333333333335,0.6,63.56666666666667,1.0
cloud-auditing-v1-s2026,2026,100,gb_three_way,100000,1000,113.0,hot_targeted,100.0,0.0008333333333333334,0.6,68.1,1.0
cloud-auditing-v1-s2026,2026,100,granular_ball,100000,1000,113.0,hot_targeted,100.0,0.0011333333333333334,0.7333333333333333,54.233333333333334,1.0
cloud-auditing-v1-s2026,2026,100,kmeans_group,100000,1000,113.0,hot_targeted,100.0,0.0008000000000000001,0.5333333333333333,66.6,1.0
cloud-auditing-v1-s2026,2026,100,risk_score,100000,1000,,hot_targeted,100.0,0.0007333333333333336,0.5333333333333333,71.93333333333334,1.0
cloud-auditing-v1-s2026,2026,100,tree_partition,100000,1000,113.0,hot_targeted,100.0,0.0009333333333333334,0.6333333333333333,63.96666666666667,1.0
cloud-auditing-v1-s2026,2026,100,uniform,100000,1000,,hot_targeted,100.0,0.0010666666666666667,0.7333333333333333,60.2,1.0
cloud-auditing-v1-s2026,2026,100,weighted_random,100000,1000,,hot_targeted,100.0,0.0007333333333333336,0.43333333333333335,72.53333333333333,1.0
cloud-auditing-v1-s2026,2026,500,anomaly_score,100000,1000,,hot_targeted,500.0,0.004866666666666668,1.0,112.0,0.998
cloud-auditing-v1-s2026,2026,500,gb_center_only,100000,1000,113.0,hot_targeted,500.0,0.005000000000000002,0.9666666666666667,120.93333333333334,0.999
cloud-auditing-v1-s2026,2026,500,gb_three_way,100000,1000,113.0,hot_targeted,500.0,0.004733333333333334,1.0,94.53333333333333,0.99855
cloud-auditing-v1-s2026,2026,500,granular_ball,100000,1000,113.0,hot_targeted,500.0,0.004833333333333334,0.9666666666666667,99.0,0.998
cloud-auditing-v1-s2026,2026,500,kmeans_group,100000,1000,113.0,hot_targeted,500.0,0.005266666666666668,1.0,94.73333333333333,0.997
cloud-auditing-v1-s2026,2026,500,risk_score,100000,1000,,hot_targeted,500.0,0.004966666666666667,1.0,108.8,0.99855
cloud-auditing-v1-s2026,2026,500,tree_partition,100000,1000,113.0,hot_targeted,500.0,0.005100000000000001,1.0,91.83333333333333,0.997
cloud-auditing-v1-s2026,2026,500,uniform,100000,1000,,hot_targeted,500.0,0.004766666666666667,1.0,126.83333333333333,0.999
cloud-auditing-v1-s2026,2026,500,weighted_random,100000,1000,,hot_targeted,500.0,0.004933333333333334,1.0,83.53333333333333,0.998
cloud-auditing-v1-s2026,2026,1000,anomaly_score,100000,1000,,hot_targeted,1000.0,0.009300000000000001,1.0,60.96666666666667,0.9951
cloud-auditing-v1-s2026,2026,1000,gb_center_only,100000,1000,113.0,hot_targeted,1000.0,0.009800000000000001,1.0,129.86666666666667,0.99555
cloud-auditing-v1-s2026,2026,1000,gb_three_way,100000,1000,113.0,hot_targeted,1000.0,0.008300000000000002,1.0,115.73333333333333,0.99555
cloud-auditing-v1-s2026,2026,1000,granular_ball,100000,1000,113.0,hot_targeted,1000.0,0.009600000000000001,1.0,106.23333333333333,0.99455
cloud-auditing-v1-s2026,2026,1000,kmeans_group,100000,1000,113.0,hot_targeted,1000.0,0.009833333333333335,1.0,60.166666666666664,0.994
cloud-auditing-v1-s2026,2026,1000,risk_score,100000,1000,,hot_targeted,1000.0,0.008700000000000003,1.0,140.63333333333333,0.99555
cloud-auditing-v1-s2026,2026,1000,tree_partition,100000,1000,113.0,hot_targeted,1000.0,0.008400000000000001,1.0,134.83333333333334,0.995
cloud-auditing-v1-s2026,2026,1000,uniform,100000,1000,,hot_targeted,1000.0,0.010333333333333335,1.0,91.0,0.993
cloud-auditing-v1-s2026,2026,1000,weighted_random,100000,1000,,hot_targeted,1000.0,0.01096666666666667,1.0,92.76666666666667,0.99355
cloud-auditing-v1-s1,1,100,anomaly_score,100000,1000,,uniform,100.0,0.0007333333333333336,0.5666666666666667,72.23333333333333,1.0
cloud-auditing-v1-s1,1,100,gb_center_only,100000,1000,162.0,uniform,100.0,0.0009000000000000001,0.6333333333333333,67.06666666666666,1.0
cloud-auditing-v1-s1,1,100,gb_three_way,100000,1000,162.0,uniform,100.0,0.0008333333333333334,0.5666666666666667,74.2,1.0
cloud-auditing-v1-s1,1,100,granular_ball,100000,1000,162.0,uniform,100.0,0.001,0.6666666666666666,64.6,1.0
cloud-auditing-v1-s1,1,100,kmeans_group,100000,1000,162.0,uniform,100.0,0.0008333333333333334,0.5666666666666667,63.36666666666667,1.0
cloud-auditing-v1-s1,1,100,risk_score,100000,1000,,uniform,100.0,0.0011666666666666668,0.6666666666666666,58.8,1.0
cloud-auditing-v1-s1,1,100,tree_partition,100000,1000,162.0,uniform,100.0,0.001066666666666667,0.6,56.96666666666667,1.0
cloud-auditing-v1-s1,1,100,uniform,100000,1000,,uniform,100.0,0.0013000000000000002,0.7666666666666667,57.96666666666667,1.0
cloud-auditing-v1-s1,1,100,weighted_random,100000,1000,,uniform,100.0,0.0008666666666666667,0.5666666666666667,71.1,1.0
cloud-auditing-v1-s1,1,500,anomaly_score,100000,1000,,uniform,500.0,0.006133333333333334,1.0,71.7,0.997
cloud-auditing-v1-s1,1,500,gb_center_only,100000,1000,162.0,uniform,500.0,0.004666666666666667,1.0,106.8,0.998
cloud-auditing-v1-s1,1,500,gb_three_way,100000,1000,162.0,uniform,500.0,0.004833333333333334,1.0,91.96666666666667,0.99855
cloud-auditing-v1-s1,1,500,granular_ball,100000,1000,162.0,uniform,500.0,0.004866666666666668,1.0,110.26666666666667,0.99755
cloud-auditing-v1-s1,1,500,kmeans_group,100000,1000,162.0,uniform,500.0,0.004666666666666667,0.9666666666666667,102.56666666666666,0.99855
cloud-auditing-v1-s1,1,500,risk_score,100000,1000,,uniform,500.0,0.005333333333333334,1.0,101.76666666666667,0.998
cloud-auditing-v1-s1,1,500,tree_partition,100000,1000,162.0,uniform,500.0,0.005466666666666667,1.0,93.53333333333333,0.99755
cloud-auditing-v1-s1,1,500,uniform,100000,1000,,uniform,500.0,0.004666666666666667,1.0,115.63333333333334,0.99855
cloud-auditing-v1-s1,1,500,weighted_random,100000,1000,,uniform,500.0,0.004466666666666668,1.0,78.23333333333333,0.99855
cloud-auditing-v1-s1,1,1000,anomaly_score,100000,1000,,uniform,1000.0,0.008333333333333335,1.0,117.86666666666666,0.99555
cloud-auditing-v1-s1,1,1000,gb_center_only,100000,1000,162.0,uniform,1000.0,0.008933333333333337,1.0,99.8,0.995
cloud-auditing-v1-s1,1,1000,gb_three_way,100000,1000,162.0,uniform,1000.0,0.010233333333333336,1.0,69.76666666666667,0.99455
cloud-auditing-v1-s1,1,1000,granular_ball,100000,1000,162.0,uniform,1000.0,0.009666666666666667,1.0,109.13333333333334,0.99555
cloud-auditing-v1-s1,1,1000,kmeans_group,100000,1000,162.0,uniform,1000.0,0.009933333333333334,1.0,123.83333333333333,0.99455
cloud-auditing-v1-s1,1,1000,risk_score,100000,1000,,uniform,1000.0,0.009233333333333335,1.0,125.06666666666666,0.995
cloud-auditing-v1-s1,1,1000,tree_partition,100000,1000,162.0,uniform,1000.0,0.010133333333333334,1.0,94.56666666666666,0.994
cloud-auditing-v1-s1,1,1000,uniform,100000,1000,,uniform,1000.0,0.009866666666666668,1.0,75.43333333333334,0.99455
cloud-auditing-v1-s1,1,1000,weighted_random,100000,1000,,uniform,1000.0,0.009700000000000002,1.0,127.23333333333333,0.99355
cloud-auditing-v1-s7,7,100,anomaly_score,100000,1000,,uniform,100.0,0.0012333333333333335,0.7,57.6,1.0
cloud-auditing-v1-s7,7,100,gb_center_only,100000,1000,190.0,uniform,100.0,0.0007,0.5666666666666667,68.46666666666667,1.0
cloud-auditing-v1-s7,7,100,gb_three_way,100000,1000,190.0,uniform,100.0,0.0011666666666666668,0.6666666666666666,58.666666666666664,1.0
cloud-auditing-v1-s7,7,100,granular_ball,100000,1000,190.0,uniform,100.0,0.0009333333333333334,0.4666666666666667,68.13333333333334,1.0
cloud-auditing-v1-s7,7,100,kmeans_group,100000,1000,190.0,uniform,100.0,0.0013333333333333335,0.8,53.56666666666667,1.0
cloud-auditing-v1-s7,7,100,risk_score,100000,1000,,uniform,100.0,0.0006333333333333334,0.4666666666666667,74.73333333333333,1.0
cloud-auditing-v1-s7,7,100,tree_partition,100000,1000,190.0,uniform,100.0,0.0009666666666666668,0.6,67.03333333333333,1.0
cloud-auditing-v1-s7,7,100,uniform,100000,1000,,uniform,100.0,0.0009666666666666668,0.6666666666666666,67.66666666666667,1.0
cloud-auditing-v1-s7,7,100,weighted_random,100000,1000,,uniform,100.0,0.0007666666666666669,0.5666666666666667,65.96666666666667,1.0
cloud-auditing-v1-s7,7,500,anomaly_score,100000,1000,,uniform,500.0,0.005366666666666668,1.0,83.23333333333333,0.997
cloud-auditing-v1-s7,7,500,gb_center_only,100000,1000,190.0,uniform,500.0,0.004400000000000001,0.9666666666666667,125.23333333333333,0.999
cloud-auditing-v1-s7,7,500,gb_three_way,100000,1000,190.0,uniform,500.0,0.005666666666666668,1.0,106.7,0.997
cloud-auditing-v1-s7,7,500,granular_ball,100000,1000,190.0,uniform,500.0,0.005233333333333335,1.0,101.8,0.998
cloud-auditing-v1-s7,7,500,kmeans_group,100000,1000,190.0,uniform,500.0,0.004800000000000001,0.9666666666666667,124.03333333333333,0.99855
cloud-auditing-v1-s7,7,500,risk_score,100000,1000,,uniform,500.0,0.005633333333333335,1.0,73.4,0.997
cloud-auditing-v1-s7,7,500,tree_partition,100000,1000,190.0,uniform,500.0,0.005600000000000002,0.9666666666666667,98.73333333333333,0.998
cloud-auditing-v1-s7,7,500,uniform,100000,1000,,uniform,500.0,0.005566666666666668,1.0,98.53333333333333,0.998
cloud-auditing-v1-s7,7,500,weighted_random,100000,1000,,uniform,500.0,0.004933333333333335,1.0,84.56666666666666,0.998
cloud-auditing-v1-s7,7,1000,anomaly_score,100000,1000,,uniform,1000.0,0.01046666666666667,1.0,73.6,0.99355
cloud-auditing-v1-s7,7,1000,gb_center_only,100000,1000,190.0,uniform,1000.0,0.011233333333333336,1.0,76.5,0.994
cloud-auditing-v1-s7,7,1000,gb_three_way,100000,1000,190.0,uniform,1000.0,0.011333333333333336,1.0,101.5,0.992
cloud-auditing-v1-s7,7,1000,granular_ball,100000,1000,190.0,uniform,1000.0,0.010900000000000002,1.0,88.73333333333333,0.99355
cloud-auditing-v1-s7,7,1000,kmeans_group,100000,1000,190.0,uniform,1000.0,0.010133333333333334,1.0,113.56666666666666,0.99555
cloud-auditing-v1-s7,7,1000,risk_score,100000,1000,,uniform,1000.0,0.010933333333333335,1.0,97.2,0.994
cloud-auditing-v1-s7,7,1000,tree_partition,100000,1000,190.0,uniform,1000.0,0.010233333333333336,1.0,100.9,0.994
cloud-auditing-v1-s7,7,1000,uniform,100000,1000,,uniform,1000.0,0.009100000000000002,1.0,91.56666666666666,0.995
cloud-auditing-v1-s7,7,1000,weighted_random,100000,1000,,uniform,1000.0,0.010866666666666669,1.0,89.43333333333334,0.99355
cloud-auditing-v1-s21,21,100,anomaly_score,100000,1000,,uniform,100.0,0.0007666666666666669,0.4666666666666667,77.66666666666667,1.0
cloud-auditing-v1-s21,21,100,gb_center_only,100000,1000,2.0,uniform,100.0,0.001066666666666667,0.6,65.3,1.0
cloud-auditing-v1-s21,21,100,gb_three_way,100000,1000,2.0,uniform,100.0,0.0008666666666666667,0.5,67.5,1.0
cloud-auditing-v1-s21,21,100,granular_ball,100000,1000,2.0,uniform,100.0,0.0008666666666666667,0.5666666666666667,65.73333333333333,1.0
cloud-auditing-v1-s21,21,100,kmeans_group,100000,1000,2.0,uniform,100.0,0.0011666666666666668,0.6666666666666666,60.7,1.0
cloud-auditing-v1-s21,21,100,risk_score,100000,1000,,uniform,100.0,0.0008333333333333334,0.6333333333333333,68.03333333333333,1.0
cloud-auditing-v1-s21,21,100,tree_partition,100000,1000,2.0,uniform,100.0,0.0008,0.5333333333333333,70.63333333333334,1.0
cloud-auditing-v1-s21,21,100,uniform,100000,1000,,uniform,100.0,0.0011,0.7333333333333333,61.9,1.0
cloud-auditing-v1-s21,21,100,weighted_random,100000,1000,,uniform,100.0,0.0012000000000000001,0.7,54.2,1.0
cloud-auditing-v1-s21,21,500,anomaly_score,100000,1000,,uniform,500.0,0.0055333333333333345,0.9666666666666667,91.83333333333333,0.997
cloud-auditing-v1-s21,21,500,gb_center_only,100000,1000,2.0,uniform,500.0,0.0045333333333333345,1.0,120.16666666666667,0.99855
cloud-auditing-v1-s21,21,500,gb_three_way,100000,1000,2.0,uniform,500.0,0.004966666666666667,1.0,100.0,0.997
cloud-auditing-v1-s21,21,500,granular_ball,100000,1000,2.0,uniform,500.0,0.005100000000000001,0.9666666666666667,96.86666666666666,0.998
cloud-auditing-v1-s21,21,500,kmeans_group,100000,1000,2.0,uniform,500.0,0.005000000000000001,1.0,112.5,0.99855
cloud-auditing-v1-s21,21,500,risk_score,100000,1000,,uniform,500.0,0.0051666666666666675,1.0,78.86666666666666,0.998
cloud-auditing-v1-s21,21,500,tree_partition,100000,1000,2.0,uniform,500.0,0.004600000000000002,1.0,84.5,0.99855
cloud-auditing-v1-s21,21,500,uniform,100000,1000,,uniform,500.0,0.005233333333333335,1.0,109.46666666666667,0.998
cloud-auditing-v1-s21,21,500,weighted_random,100000,1000,,uniform,500.0,0.004633333333333334,0.9666666666666667,122.3,0.99855
cloud-auditing-v1-s21,21,1000,anomaly_score,100000,1000,,uniform,1000.0,0.010100000000000001,1.0,102.06666666666666,0.99455
cloud-auditing-v1-s21,21,1000,gb_center_only,100000,1000,2.0,uniform,1000.0,0.0099,1.0,94.8,0.995
cloud-auditing-v1-s21,21,1000,gb_three_way,100000,1000,2.0,uniform,1000.0,0.010733333333333336,1.0,78.13333333333334,0.99455
cloud-auditing-v1-s21,21,1000,granular_ball,100000,1000,2.0,uniform,1000.0,0.009700000000000002,1.0,106.8,0.99555
cloud-auditing-v1-s21,21,1000,kmeans_group,100000,1000,2.0,uniform,1000.0,0.0099,1.0,82.1,0.995
cloud-auditing-v1-s21,21,1000,risk_score,100000,1000,,uniform,1000.0,0.009266666666666668,1.0,129.46666666666667,0.995
cloud-auditing-v1-s21,21,1000,tree_partition,100000,1000,2.0,uniform,1000.0,0.009533333333333335,1.0,98.4,0.994
cloud-auditing-v1-s21,21,1000,uniform,100000,1000,,uniform,1000.0,0.009833333333333335,1.0,105.46666666666667,0.995
cloud-auditing-v1-s21,21,1000,weighted_random,100000,1000,,uniform,1000.0,0.010533333333333336,1.0,99.13333333333334,0.994
cloud-auditing-v1-s42,42,100,anomaly_score,100000,1000,,uniform,100.0,0.0009000000000000001,0.5333333333333333,70.4,1.0
cloud-auditing-v1-s42,42,100,gb_center_only,100000,1000,2.0,uniform,100.0,0.0007,0.4666666666666667,74.16666666666667,1.0
cloud-auditing-v1-s42,42,100,gb_three_way,100000,1000,2.0,uniform,100.0,0.0012666666666666668,0.7,59.53333333333333,1.0
cloud-auditing-v1-s42,42,100,granular_ball,100000,1000,2.0,uniform,100.0,0.0009666666666666668,0.6333333333333333,69.0,1.0
cloud-auditing-v1-s42,42,100,kmeans_group,100000,1000,2.0,uniform,100.0,0.0012000000000000001,0.7666666666666667,55.86666666666667,1.0
cloud-auditing-v1-s42,42,100,risk_score,100000,1000,,uniform,100.0,0.0008333333333333336,0.5666666666666667,69.53333333333333,1.0
cloud-auditing-v1-s42,42,100,tree_partition,100000,1000,2.0,uniform,100.0,0.0010333333333333334,0.5333333333333333,63.56666666666667,1.0
cloud-auditing-v1-s42,42,100,uniform,100000,1000,,uniform,100.0,0.0009333333333333334,0.7,61.666666666666664,1.0
cloud-auditing-v1-s42,42,100,weighted_random,100000,1000,,uniform,100.0,0.0011666666666666668,0.7,56.43333333333333,1.0
cloud-auditing-v1-s42,42,500,anomaly_score,100000,1000,,uniform,500.0,0.004733333333333334,1.0,85.0,0.998
cloud-auditing-v1-s42,42,500,gb_center_only,100000,1000,2.0,uniform,500.0,0.005033333333333334,1.0,105.83333333333333,0.998
cloud-auditing-v1-s42,42,500,gb_three_way,100000,1000,2.0,uniform,500.0,0.004733333333333334,1.0,82.4,0.998
cloud-auditing-v1-s42,42,500,granular_ball,100000,1000,2.0,uniform,500.0,0.005700000000000001,1.0,88.93333333333334,0.998
cloud-auditing-v1-s42,42,500,kmeans_group,100000,1000,2.0,uniform,500.0,0.0048666666666666684,1.0,99.9,0.998
cloud-auditing-v1-s42,42,500,risk_score,100000,1000,,uniform,500.0,0.0045000000000000005,1.0,124.13333333333334,0.99855
cloud-auditing-v1-s42,42,500,tree_partition,100000,1000,2.0,uniform,500.0,0.005266666666666668,1.0,96.33333333333333,0.997
cloud-auditing-v1-s42,42,500,uniform,100000,1000,,uniform,500.0,0.004966666666666667,1.0,99.66666666666667,0.99855
cloud-auditing-v1-s42,42,500,weighted_random,100000,1000,,uniform,500.0,0.0048000000000000004,1.0,113.83333333333333,0.998
cloud-auditing-v1-s42,42,1000,anomaly_score,100000,1000,,uniform,1000.0,0.009433333333333334,1.0,119.8,0.995
cloud-auditing-v1-s42,42,1000,gb_center_only,100000,1000,2.0,uniform,1000.0,0.009766666666666668,1.0,86.06666666666666,0.9941
cloud-auditing-v1-s42,42,1000,gb_three_way,100000,1000,2.0,uniform,1000.0,0.010400000000000001,1.0,83.86666666666666,0.993
cloud-auditing-v1-s42,42,1000,granular_ball,100000,1000,2.0,uniform,1000.0,0.010000000000000002,1.0,120.26666666666667,0.99465
cloud-auditing-v1-s42,42,1000,kmeans_group,100000,1000,2.0,uniform,1000.0,0.010200000000000002,1.0,109.1,0.9951
cloud-auditing-v1-s42,42,1000,risk_score,100000,1000,,uniform,1000.0,0.010066666666666668,1.0,70.6,0.99555
cloud-auditing-v1-s42,42,1000,tree_partition,100000,1000,2.0,uniform,1000.0,0.009866666666666668,1.0,110.6,0.9951
cloud-auditing-v1-s42,42,1000,uniform,100000,1000,,uniform,1000.0,0.009433333333333337,1.0,98.2,0.99355
cloud-auditing-v1-s42,42,1000,weighted_random,100000,1000,,uniform,1000.0,0.009366666666666667,1.0,105.63333333333334,0.995
cloud-auditing-v1-s2026,2026,100,anomaly_score,100000,1000,,uniform,100.0,0.0010333333333333334,0.5666666666666667,66.03333333333333,1.0
cloud-auditing-v1-s2026,2026,100,gb_center_only,100000,1000,113.0,uniform,100.0,0.0007666666666666667,0.4,72.6,1.0
cloud-auditing-v1-s2026,2026,100,gb_three_way,100000,1000,113.0,uniform,100.0,0.0005333333333333334,0.4,85.13333333333334,1.0
cloud-auditing-v1-s2026,2026,100,granular_ball,100000,1000,113.0,uniform,100.0,0.0008333333333333334,0.4666666666666667,68.36666666666666,1.0
cloud-auditing-v1-s2026,2026,100,kmeans_group,100000,1000,113.0,uniform,100.0,0.0008,0.5333333333333333,69.73333333333333,1.0
cloud-auditing-v1-s2026,2026,100,risk_score,100000,1000,,uniform,100.0,0.0009333333333333335,0.6,64.16666666666667,1.0
cloud-auditing-v1-s2026,2026,100,tree_partition,100000,1000,113.0,uniform,100.0,0.0009000000000000003,0.6333333333333333,68.33333333333333,1.0
cloud-auditing-v1-s2026,2026,100,uniform,100000,1000,,uniform,100.0,0.0009333333333333333,0.6666666666666666,64.46666666666667,1.0
cloud-auditing-v1-s2026,2026,100,weighted_random,100000,1000,,uniform,100.0,0.0008666666666666667,0.6,70.2,1.0
cloud-auditing-v1-s2026,2026,500,anomaly_score,100000,1000,,uniform,500.0,0.005100000000000001,0.9666666666666667,108.9,0.999
cloud-auditing-v1-s2026,2026,500,gb_center_only,100000,1000,113.0,uniform,500.0,0.005300000000000001,1.0,87.16666666666667,0.998
cloud-auditing-v1-s2026,2026,500,gb_three_way,100000,1000,113.0,uniform,500.0,0.005633333333333335,1.0,85.86666666666666,0.99655
cloud-auditing-v1-s2026,2026,500,granular_ball,100000,1000,113.0,uniform,500.0,0.005100000000000001,0.9666666666666667,81.53333333333333,0.99855
cloud-auditing-v1-s2026,2026,500,kmeans_group,100000,1000,113.0,uniform,500.0,0.004333333333333333,1.0,141.16666666666666,0.99855
cloud-auditing-v1-s2026,2026,500,risk_score,100000,1000,,uniform,500.0,0.005333333333333334,1.0,77.06666666666666,0.99755
cloud-auditing-v1-s2026,2026,500,tree_partition,100000,1000,113.0,uniform,500.0,0.0044666666666666665,0.9666666666666667,94.06666666666666,0.999
cloud-auditing-v1-s2026,2026,500,uniform,100000,1000,,uniform,500.0,0.005566666666666668,1.0,76.4,0.997
cloud-auditing-v1-s2026,2026,500,weighted_random,100000,1000,,uniform,500.0,0.005200000000000001,0.9666666666666667,120.66666666666667,0.998
cloud-auditing-v1-s2026,2026,1000,anomaly_score,100000,1000,,uniform,1000.0,0.009233333333333335,1.0,91.46666666666667,0.994
cloud-auditing-v1-s2026,2026,1000,gb_center_only,100000,1000,113.0,uniform,1000.0,0.010733333333333336,1.0,109.6,0.99455
cloud-auditing-v1-s2026,2026,1000,gb_three_way,100000,1000,113.0,uniform,1000.0,0.010366666666666668,1.0,129.16666666666666,0.9941
cloud-auditing-v1-s2026,2026,1000,granular_ball,100000,1000,113.0,uniform,1000.0,0.009533333333333335,1.0,109.86666666666666,0.9951
cloud-auditing-v1-s2026,2026,1000,kmeans_group,100000,1000,113.0,uniform,1000.0,0.010300000000000002,1.0,105.3,0.99355
cloud-auditing-v1-s2026,2026,1000,risk_score,100000,1000,,uniform,1000.0,0.008700000000000001,1.0,93.8,0.995
cloud-auditing-v1-s2026,2026,1000,tree_partition,100000,1000,113.0,uniform,1000.0,0.009800000000000001,1.0,112.86666666666666,0.99455
cloud-auditing-v1-s2026,2026,1000,uniform,100000,1000,,uniform,1000.0,0.01126666666666667,1.0,76.93333333333334,0.99255
cloud-auditing-v1-s2026,2026,1000,weighted_random,100000,1000,,uniform,1000.0,0.010200000000000002,1.0,92.0,0.993
