experiment_id,clients,alpha,seed,server_model,budget_target,bytes,accuracy,worst_client_accuracy,accuracy_advantage_same_cost,worst_client_advantage_same_cost,resource_ratio_same_accuracy
v2fed-digits-c10-a005-s1,10,0.05,1,nearest,4500,4500,0.8611111111111112,0.7647058823529411,0.0,0.0,1.0
v2fed-digits-c10-a005-s1,10,0.05,1,nearest,10800,10800,0.9333333333333333,0.8260869565217391,0.005555555555555536,0.08695652173913049,0.8372093023255814
v2fed-digits-c10-a005-s1,10,0.05,1,nearest,17400,17400,0.9305555555555556,0.8484848484848485,-0.005555555555555536,0.022397891963109373,1.6111111111111112
v2fed-digits-c10-a005-s1,10,0.05,1,nearest,24000,24000,0.9416666666666667,0.8484848484848485,0.005555555555555536,0.022397891963109373,0.7920792079207921
v2fed-digits-c10-a005-s1,10,0.05,1,nearest,30300,30300,0.9388888888888889,0.8333333333333334,0.0,0.0,1.9803921568627452
v2fed-digits-c10-a005-s1,10,0.05,1,logistic,4500,4500,0.8777777777777778,0.7391304347826086,0.0,0.0,1.0
v2fed-digits-c10-a005-s1,10,0.05,1,logistic,10800,10800,0.9027777777777778,0.782608695652174,-0.025000000000000022,0.0,1.0
v2fed-digits-c10-a005-s1,10,0.05,1,logistic,17400,17400,0.9083333333333333,0.8235294117647058,-0.019444444444444486,0.040920716112531896,1.6111111111111112
v2fed-digits-c10-a005-s1,10,0.05,1,logistic,24000,24000,0.9333333333333333,0.8974358974358975,0.005555555555555536,0.11482720178372352,0.7920792079207921
v2fed-digits-c10-a005-s1,10,0.05,1,logistic,30300,30300,0.9361111111111111,0.8939393939393939,0.0,0.0,1.0
v2fed-digits-c10-a005-s1,10,0.05,1,mlp,4500,4500,0.7611111111111111,0.6052631578947368,0.0,0.0,1.0
v2fed-digits-c10-a005-s1,10,0.05,1,mlp,10800,10800,0.8138888888888889,0.6956521739130435,0.011111111111111072,0.09565217391304348,0.3564356435643564
v2fed-digits-c10-a005-s1,10,0.05,1,mlp,17400,17400,0.6777777777777778,0.5606060606060606,-0.125,-0.039393939393939426,3.8666666666666667
v2fed-digits-c10-a005-s1,10,0.05,1,mlp,24000,24000,0.8166666666666667,0.7157894736842105,0.01388888888888884,0.11578947368421055,0.7920792079207921
v2fed-digits-c10-a005-s1,10,0.05,1,mlp,30300,30300,0.8361111111111111,0.7121212121212122,0.0,0.0,1.0
v2fed-digits-c10-a005-s2026,10,0.05,2026,nearest,3900,3900,0.8416666666666667,0.6923076923076923,0.0,0.0,1.0
v2fed-digits-c10-a005-s2026,10,0.05,2026,nearest,10200,9900,0.9277777777777778,0.8333333333333334,0.008333333333333415,0.012820512820512886,0.8048780487804879
v2fed-digits-c10-a005-s2026,10,0.05,2026,nearest,16500,15000,0.9388888888888889,0.8333333333333334,0.002777777777777768,0.0,1.0204081632653061
v2fed-digits-c10-a005-s2026,10,0.05,2026,nearest,22800,22500,0.9472222222222222,0.8333333333333334,0.011111111111111072,0.0,0.9868421052631579
v2fed-digits-c10-a005-s2026,10,0.05,2026,nearest,29100,29100,0.9416666666666667,0.8333333333333334,-0.005555555555555536,0.0,1.2763157894736843
v2fed-digits-c10-a005-s2026,10,0.05,2026,logistic,3900,3900,0.8138888888888889,0.3333333333333333,0.0,0.0,1.0
v2fed-digits-c10-a005-s2026,10,0.05,2026,logistic,10200,9900,0.9027777777777778,0.8333333333333334,0.002777777777777768,0.0,1.2692307692307692
v2fed-digits-c10-a005-s2026,10,0.05,2026,logistic,16500,15000,0.9027777777777778,0.8333333333333334,0.0,0.0,1.9230769230769231
v2fed-digits-c10-a005-s2026,10,0.05,2026,logistic,22800,22500,0.9138888888888889,0.8333333333333334,0.011111111111111072,0.0,0.9868421052631579
v2fed-digits-c10-a005-s2026,10,0.05,2026,logistic,29100,29100,0.925,0.8333333333333334,0.0,0.0,1.2763157894736843
v2fed-digits-c10-a005-s2026,10,0.05,2026,mlp,3900,3900,0.7138888888888889,0.5384615384615384,0.0,0.0,1.0
v2fed-digits-c10-a005-s2026,10,0.05,2026,mlp,10200,9900,0.8083333333333333,0.6666666666666666,0.050000000000000044,0.10256410256410253,
v2fed-digits-c10-a005-s2026,10,0.05,2026,mlp,16500,15000,0.6944444444444444,0.22857142857142856,-0.06388888888888888,-0.33553113553113556,3.8461538461538463
v2fed-digits-c10-a005-s2026,10,0.05,2026,mlp,22800,22500,0.7027777777777777,0.2777777777777778,-0.05555555555555558,-0.2863247863247863,5.769230769230769
v2fed-digits-c10-a005-s2026,10,0.05,2026,mlp,29100,29100,0.7472222222222222,0.4,-0.011111111111111072,-0.16410256410256407,6.0625
v2fed-digits-c10-a005-s21,10,0.05,21,nearest,4500,4500,0.875,0.6875,0.0,0.0,1.0
v2fed-digits-c10-a005-s21,10,0.05,21,nearest,12300,12300,0.9361111111111111,0.7222222222222222,0.002777777777777768,0.03472222222222221,1.4137931034482758
v2fed-digits-c10-a005-s21,10,0.05,21,nearest,20400,19500,0.9416666666666667,0.7222222222222222,0.002777777777777768,0.0,1.2264150943396226
v2fed-digits-c10-a005-s21,10,0.05,21,nearest,28200,27900,0.9416666666666667,0.7222222222222222,0.0,0.0,1.7547169811320755
v2fed-digits-c10-a005-s21,10,0.05,21,nearest,36000,36000,0.9444444444444444,0.7222222222222222,0.0,0.0,1.4285714285714286
v2fed-digits-c10-a005-s21,10,0.05,21,logistic,4500,4500,0.8722222222222222,0.6875,0.0,0.0,1.0
v2fed-digits-c10-a005-s21,10,0.05,21,logistic,12300,12300,0.9138888888888889,0.875,0.0,0.1875,1.1388888888888888
v2fed-digits-c10-a005-s21,10,0.05,21,logistic,20400,19500,0.9111111111111111,0.8125,-0.01666666666666672,0.0,1.8055555555555556
v2fed-digits-c10-a005-s21,10,0.05,21,logistic,28200,27900,0.9333333333333333,0.8125,-0.005555555555555536,0.0,1.1071428571428572
v2fed-digits-c10-a005-s21,10,0.05,21,logistic,36000,36000,0.9222222222222223,0.8055555555555556,-0.016666666666666607,-0.00694444444444442,2.2641509433962264
v2fed-digits-c10-a005-s21,10,0.05,21,mlp,4500,4500,0.8,0.7058823529411765,0.0,0.0,1.0
v2fed-digits-c10-a005-s21,10,0.05,21,mlp,12300,12300,0.8222222222222222,0.5,0.005555555555555536,-0.1875,0.7735849056603774
v2fed-digits-c10-a005-s21,10,0.05,21,mlp,20400,19500,0.8111111111111111,0.4444444444444444,-0.011111111111111072,-0.16666666666666674,2.8260869565217392
v2fed-digits-c10-a005-s21,10,0.05,21,mlp,28200,27900,0.8055555555555556,0.6111111111111112,-0.016666666666666607,0.0,4.043478260869565
v2fed-digits-c10-a005-s21,10,0.05,21,mlp,36000,36000,0.8027777777777778,0.4722222222222222,-0.019444444444444375,-0.13888888888888895,8.0
v2fed-digits-c10-a005-s42,10,0.05,42,nearest,5700,5700,0.8694444444444445,0.6,0.0,0.0,1.0
v2fed-digits-c10-a005-s42,10,0.05,42,nearest,17400,16800,0.9194444444444444,0.7894736842105263,-0.008333333333333415,0.0,1.6470588235294117
v2fed-digits-c10-a005-s42,10,0.05,42,nearest,29400,29100,0.9555555555555556,0.8,-0.008333333333333304,0.0,1.2278481012658229
v2fed-digits-c10-a005-s42,10,0.05,42,nearest,41400,40800,0.9722222222222222,0.8,0.008333333333333304,0.0,0.9714285714285714
v2fed-digits-c10-a005-s42,10,0.05,42,nearest,53100,53100,0.9694444444444444,0.8,0.0,0.0,1.2642857142857142
v2fed-digits-c10-a005-s42,10,0.05,42,logistic,5700,5700,0.8416666666666667,0.4,0.0,0.0,1.0
v2fed-digits-c10-a005-s42,10,0.05,42,logistic,17400,16800,0.9138888888888889,0.8,0.0,0.0,1.5555555555555556
v2fed-digits-c10-a005-s42,10,0.05,42,logistic,29400,29100,0.9361111111111111,0.8,0.008333333333333304,0.0,0.7578125
v2fed-digits-c10-a005-s42,10,0.05,42,logistic,41400,40800,0.95,0.8,0.011111111111111072,0.0,0.9714285714285714
v2fed-digits-c10-a005-s42,10,0.05,42,logistic,53100,53100,0.95,0.8,0.0,0.0,1.2642857142857142
v2fed-digits-c10-a005-s42,10,0.05,42,mlp,5700,5700,0.7333333333333333,0.4,0.0,0.0,1.0
v2fed-digits-c10-a005-s42,10,0.05,42,mlp,17400,16800,0.7416666666666667,0.6,0.002777777777777768,0.6,2.4347826086956523
v2fed-digits-c10-a005-s42,10,0.05,42,mlp,29400,29100,0.775,0.4883720930232558,0.0,0.08837209302325577,1.4477611940298507
v2fed-digits-c10-a005-s42,10,0.05,42,mlp,41400,40800,0.8305555555555556,0.5555555555555556,0.05555555555555558,0.15555555555555556,0.768361581920904
v2fed-digits-c10-a005-s42,10,0.05,42,mlp,53100,53100,0.8527777777777777,0.6,0.0,0.0,1.0
v2fed-digits-c10-a005-s7,10,0.05,7,nearest,3900,3900,0.8416666666666667,0.6521739130434783,0.0,0.0,1.0
v2fed-digits-c10-a005-s7,10,0.05,7,nearest,12900,12600,0.9138888888888889,0.7608695652173914,0.0,0.0,1.105263157894737
v2fed-digits-c10-a005-s7,10,0.05,7,nearest,21900,21600,0.9472222222222222,0.8913043478260869,0.016666666666666607,0.0605351170568561,0.9
v2fed-digits-c10-a005-s7,10,0.05,7,nearest,30900,29700,0.9472222222222222,0.8695652173913043,-0.002777777777777768,-0.019323671497584516,1.2375
v2fed-digits-c10-a005-s7,10,0.05,7,nearest,39900,39900,0.9611111111111111,0.8913043478260869,0.0,0.0,1.0
v2fed-digits-c10-a005-s7,10,0.05,7,logistic,3900,3900,0.8361111111111111,0.6956521739130435,0.0,0.0,1.0
v2fed-digits-c10-a005-s7,10,0.05,7,logistic,12900,12600,0.9,0.8043478260869565,-0.002777777777777768,0.021739130434782594,1.105263157894737
v2fed-digits-c10-a005-s7,10,0.05,7,logistic,21900,21600,0.9083333333333333,0.8260869565217391,-0.01388888888888895,0.020531400966183555,1.6744186046511629
v2fed-digits-c10-a005-s7,10,0.05,7,logistic,30900,29700,0.9305555555555556,0.8611111111111112,0.008333333333333304,0.05555555555555558,0.7443609022556391
v2fed-digits-c10-a005-s7,10,0.05,7,logistic,39900,39900,0.9277777777777778,0.8055555555555556,0.0,0.0,1.0
v2fed-digits-c10-a005-s7,10,0.05,7,mlp,3900,3900,0.6583333333333333,0.35294117647058826,0.0,0.0,1.0
v2fed-digits-c10-a005-s7,10,0.05,7,mlp,12900,12600,0.7444444444444445,0.5869565217391305,-0.005555555555555536,0.0,1.75
v2fed-digits-c10-a005-s7,10,0.05,7,mlp,21900,21600,0.7305555555555555,0.5,-0.036111111111111205,-0.033333333333333326,3.0
v2fed-digits-c10-a005-s7,10,0.05,7,mlp,30900,29700,0.75,0.4722222222222222,-0.01666666666666672,-0.061111111111111116,4.125
v2fed-digits-c10-a005-s7,10,0.05,7,mlp,39900,39900,0.8138888888888889,0.7230769230769231,0.0,0.0,1.0
v2fed-digits-c10-a010-s1,10,0.1,1,nearest,5400,5400,0.8583333333333333,0.75,0.0,0.0,1.0
v2fed-digits-c10-a010-s1,10,0.1,1,nearest,16500,16500,0.9111111111111111,0.5,-0.002777777777777768,0.0,1.896551724137931
v2fed-digits-c10-a010-s1,10,0.1,1,nearest,27600,27300,0.9444444444444444,0.8674698795180723,0.002777777777777768,0.012048192771084376,1.1518987341772151
v2fed-digits-c10-a010-s1,10,0.1,1,nearest,39000,38700,0.9583333333333334,0.8795180722891566,0.002777777777777768,0.0,1.34375
v2fed-digits-c10-a010-s1,10,0.1,1,nearest,50100,50100,0.9777777777777777,0.75,0.0,0.0,1.0
v2fed-digits-c10-a010-s1,10,0.1,1,logistic,5400,5400,0.9027777777777778,0.75,0.0,0.0,1.0
v2fed-digits-c10-a010-s1,10,0.1,1,logistic,16500,16500,0.8916666666666667,0.5,-0.022222222222222143,-0.25,3.0555555555555554
v2fed-digits-c10-a010-s1,10,0.1,1,logistic,27600,27300,0.925,0.75,0.002777777777777768,0.25,1.5423728813559323
v2fed-digits-c10-a010-s1,10,0.1,1,logistic,39000,38700,0.9388888888888889,0.9036144578313253,-0.002777777777777768,0.00887761572606216,1.34375
v2fed-digits-c10-a010-s1,10,0.1,1,logistic,50100,50100,0.9527777777777777,0.75,0.0,0.0,1.0
v2fed-digits-c10-a010-s1,10,0.1,1,mlp,5400,5400,0.4861111111111111,0.11627906976744186,0.0,0.0,1.0
v2fed-digits-c10-a010-s1,10,0.1,1,mlp,16500,16500,0.7555555555555555,0.5,0.030555555555555558,-0.030120481927710885,0.9482758620689655
v2fed-digits-c10-a010-s1,10,0.1,1,mlp,27600,27300,0.7416666666666667,0.6024096385542169,-0.025000000000000022,0.10240963855421692,1.5689655172413792
v2fed-digits-c10-a010-s1,10,0.1,1,mlp,39000,38700,0.7777777777777778,0.6265060240963856,-0.036111111111111094,-0.11033608116677229,1.4021739130434783
v2fed-digits-c10-a010-s1,10,0.1,1,mlp,50100,50100,0.825,0.6666666666666666,-0.008333333333333415,-0.01754385964912286,1.255639097744361
v2fed-digits-c10-a010-s2026,10,0.1,2026,nearest,4200,4200,0.8722222222222222,0.75,0.0,0.0,1.0
v2fed-digits-c10-a010-s2026,10,0.1,2026,nearest,13800,12900,0.925,0.7547169811320755,0.002777777777777768,-0.037735849056603765,1.131578947368421
v2fed-digits-c10-a010-s2026,10,0.1,2026,nearest,23400,23100,0.9444444444444444,0.8461538461538461,-0.002777777777777768,0.0,1.4528301886792452
v2fed-digits-c10-a010-s2026,10,0.1,2026,nearest,33000,32400,0.9416666666666667,0.8518518518518519,-0.005555555555555536,0.005698005698005715,2.0377358490566038
v2fed-digits-c10-a010-s2026,10,0.1,2026,nearest,42600,42600,0.9444444444444444,0.8518518518518519,-0.002777777777777768,0.005698005698005715,2.6792452830188678
v2fed-digits-c10-a010-s2026,10,0.1,2026,logistic,4200,4200,0.8138888888888889,0.640625,0.0,0.0,1.0
v2fed-digits-c10-a010-s2026,10,0.1,2026,logistic,13800,12900,0.9083333333333333,0.7692307692307693,-0.002777777777777768,0.0,1.6538461538461537
v2fed-digits-c10-a010-s2026,10,0.1,2026,logistic,23400,23100,0.9111111111111111,0.6923076923076923,-0.01388888888888895,-0.15384615384615385,2.9615384615384617
v2fed-digits-c10-a010-s2026,10,0.1,2026,logistic,33000,32400,0.9388888888888889,0.8461538461538461,-0.005555555555555536,0.01596516690856309,1.0693069306930694
v2fed-digits-c10-a010-s2026,10,0.1,2026,logistic,42600,42600,0.95,0.8679245283018868,0.0,0.0,1.0
v2fed-digits-c10-a010-s2026,10,0.1,2026,mlp,4200,4200,0.7361111111111112,0.4528301886792453,0.0,0.0,1.0
v2fed-digits-c10-a010-s2026,10,0.1,2026,mlp,13800,12900,0.6777777777777778,0.2962962962962963,-0.05833333333333335,-0.156533892382949,3.0714285714285716
v2fed-digits-c10-a010-s2026,10,0.1,2026,mlp,23400,23100,0.7555555555555555,0.484375,-0.036111111111111094,-0.2079326923076923,1.711111111111111
v2fed-digits-c10-a010-s2026,10,0.1,2026,mlp,33000,32400,0.8,0.5555555555555556,0.008333333333333415,-0.1367521367521367,0.7605633802816901
v2fed-digits-c10-a010-s2026,10,0.1,2026,mlp,42600,42600,0.8,0.546875,0.0,0.0,1.0
v2fed-digits-c10-a010-s21,10,0.1,21,nearest,5700,5700,0.7972222222222223,0.5714285714285714,0.0,0.0,1.0
v2fed-digits-c10-a010-s21,10,0.1,21,nearest,16800,16800,0.9222222222222223,0.8222222222222222,0.01388888888888895,0.006432748538011679,0.9032258064516129
v2fed-digits-c10-a010-s21,10,0.1,21,nearest,27900,27900,0.9333333333333333,0.868421052631579,-0.011111111111111072,-0.011578947368421022,1.5
v2fed-digits-c10-a010-s21,10,0.1,21,nearest,39000,38700,0.9527777777777777,0.8666666666666667,0.0,-0.042424242424242364,1.015748031496063
v2fed-digits-c10-a010-s21,10,0.1,21,nearest,50100,50100,0.9611111111111111,0.88,0.0,0.0,1.0
v2fed-digits-c10-a010-s21,10,0.1,21,logistic,5700,5700,0.8055555555555556,0.6756756756756757,0.0,0.0,1.0
v2fed-digits-c10-a010-s21,10,0.1,21,logistic,16800,16800,0.9027777777777778,0.84,0.019444444444444486,0.07999999999999996,0.9032258064516129
v2fed-digits-c10-a010-s21,10,0.1,21,logistic,27900,27900,0.9222222222222223,0.8636363636363636,-0.002777777777777768,-0.016363636363636358,1.2236842105263157
v2fed-digits-c10-a010-s21,10,0.1,21,logistic,39000,38700,0.9333333333333333,0.8444444444444444,0.008333333333333304,-0.03555555555555556,0.7724550898203593
v2fed-digits-c10-a010-s21,10,0.1,21,logistic,50100,50100,0.9333333333333333,0.8444444444444444,0.0,0.0,1.0
v2fed-digits-c10-a010-s21,10,0.1,21,mlp,5700,5700,0.7027777777777777,0.26785714285714285,0.0,0.0,1.0
v2fed-digits-c10-a010-s21,10,0.1,21,mlp,16800,16800,0.7194444444444444,0.5714285714285714,-0.08333333333333337,-0.11746031746031749,2.4347826086956523
v2fed-digits-c10-a010-s21,10,0.1,21,mlp,27900,27900,0.8055555555555556,0.6,-0.016666666666666607,-0.07857142857142863,3.1
v2fed-digits-c10-a010-s21,10,0.1,21,mlp,39000,38700,0.8222222222222222,0.6,-0.005555555555555536,-0.09642857142857142,1.8169014084507042
v2fed-digits-c10-a010-s21,10,0.1,21,mlp,50100,50100,0.8194444444444444,0.6666666666666666,-0.008333333333333304,-0.029761904761904767,2.352112676056338
v2fed-digits-c10-a010-s42,10,0.1,42,nearest,4500,4500,0.8333333333333334,0.627906976744186,0.0,0.0,1.0
v2fed-digits-c10-a010-s42,10,0.1,42,nearest,13800,13800,0.9083333333333333,0.782608695652174,0.01388888888888884,0.11594202898550732,0.696969696969697
v2fed-digits-c10-a010-s42,10,0.1,42,nearest,23400,22500,0.9222222222222223,0.782608695652174,0.002777777777777879,0.0,1.0416666666666667
v2fed-digits-c10-a010-s42,10,0.1,42,nearest,33000,33000,0.9277777777777778,0.8260869565217391,-0.01388888888888884,0.0,1.4285714285714286
v2fed-digits-c10-a010-s42,10,0.1,42,nearest,42300,42300,0.9527777777777777,0.8888888888888888,0.0,0.0,1.0
v2fed-digits-c10-a010-s42,10,0.1,42,logistic,4500,4500,0.8388888888888889,0.3333333333333333,0.0,0.0,1.0
v2fed-digits-c10-a010-s42,10,0.1,42,logistic,13800,13800,0.9,0.6666666666666666,0.008333333333333304,0.0,0.9387755102040817
v2fed-digits-c10-a010-s42,10,0.1,42,logistic,23400,22500,0.9083333333333333,0.8372093023255814,-0.008333333333333304,0.003875968992248069,1.0416666666666667
v2fed-digits-c10-a010-s42,10,0.1,42,logistic,33000,33000,0.9194444444444444,0.8333333333333334,0.002777777777777768,0.0,1.5277777777777777
v2fed-digits-c10-a010-s42,10,0.1,42,logistic,42300,42300,0.925,0.8333333333333334,0.0,0.0,1.0
v2fed-digits-c10-a010-s42,10,0.1,42,mlp,4500,4500,0.6944444444444444,0.5,0.0,0.0,1.0
v2fed-digits-c10-a010-s42,10,0.1,42,mlp,13800,13800,0.6944444444444444,0.5,-0.02777777777777779,-0.0714285714285714,3.066666666666667
v2fed-digits-c10-a010-s42,10,0.1,42,mlp,23400,22500,0.7555555555555555,0.5833333333333334,-0.011111111111111183,0.08333333333333337,1.530612244897959
v2fed-digits-c10-a010-s42,10,0.1,42,mlp,33000,33000,0.7083333333333334,0.5434782608695652,-0.08611111111111103,-0.021739130434782594,6.111111111111111
v2fed-digits-c10-a010-s42,10,0.1,42,mlp,42300,42300,0.8333333333333334,0.6666666666666666,0.0,0.0,1.0
v2fed-digits-c10-a010-s7,10,0.1,7,nearest,4800,4800,0.8722222222222222,0.7,0.0,0.0,1.0
v2fed-digits-c10-a010-s7,10,0.1,7,nearest,16200,16200,0.8972222222222223,0.7727272727272727,-0.002777777777777768,-0.027272727272727337,1.8620689655172413
v2fed-digits-c10-a010-s7,10,0.1,7,nearest,27600,27600,0.9333333333333333,0.8571428571428571,0.01388888888888895,0.03896103896103886,0.7076923076923077
v2fed-digits-c10-a010-s7,10,0.1,7,nearest,38700,38400,0.9416666666666667,0.875,0.016666666666666607,0.03409090909090906,0.9846153846153847
v2fed-digits-c10-a010-s7,10,0.1,7,nearest,50100,50100,0.9583333333333334,0.8571428571428571,0.0,0.0,1.0
v2fed-digits-c10-a010-s7,10,0.1,7,logistic,4800,4800,0.8861111111111111,0.65,0.0,0.0,1.0
v2fed-digits-c10-a010-s7,10,0.1,7,logistic,16200,16200,0.9055555555555556,0.8,-0.008333333333333304,-0.040909090909090895,1.5
v2fed-digits-c10-a010-s7,10,0.1,7,logistic,27600,27600,0.9277777777777778,0.85,0.005555555555555536,0.054545454545454564,0.5508982035928144
v2fed-digits-c10-a010-s7,10,0.1,7,logistic,38700,38400,0.925,0.8571428571428571,0.002777777777777768,0.06168831168831168,1.4382022471910112
v2fed-digits-c10-a010-s7,10,0.1,7,logistic,50100,50100,0.9472222222222222,0.8571428571428571,0.0,0.0,1.0
v2fed-digits-c10-a010-s7,10,0.1,7,mlp,4800,4800,0.6861111111111111,0.5227272727272727,0.0,0.0,1.0
v2fed-digits-c10-a010-s7,10,0.1,7,mlp,16200,16200,0.7027777777777777,0.5227272727272727,-0.0805555555555556,-0.13636363636363635,1.8620689655172413
v2fed-digits-c10-a010-s7,10,0.1,7,mlp,27600,27600,0.7694444444444445,0.65,-0.03888888888888886,0.22142857142857147,2.5555555555555554
v2fed-digits-c10-a010-s7,10,0.1,7,mlp,38700,38400,0.7861111111111111,0.6190476190476191,-0.033333333333333326,0.04761904761904767,3.2
v2fed-digits-c10-a010-s7,10,0.1,7,mlp,50100,50100,0.7694444444444445,0.42857142857142855,-0.04999999999999993,-0.14285714285714285,4.638888888888889
v2fed-digits-c10-a030-s1,10,0.3,1,nearest,11400,11400,0.9111111111111111,0.8333333333333334,0.0,0.0,1.0
v2fed-digits-c10-a030-s1,10,0.3,1,nearest,28200,28200,0.9416666666666667,0.8695652173913043,-0.008333333333333304,-0.014155712841253831,1.2702702702702702
v2fed-digits-c10-a030-s1,10,0.3,1,nearest,45000,45000,0.9638888888888889,0.8695652173913043,0.002777777777777768,-0.04347826086956519,1.1538461538461537
v2fed-digits-c10-a030-s1,10,0.3,1,nearest,61800,61500,0.9638888888888889,0.9285714285714286,-0.005555555555555536,0.02857142857142858,1.5769230769230769
v2fed-digits-c10-a030-s1,10,0.3,1,nearest,78600,78600,0.9638888888888889,0.9285714285714286,-0.005555555555555536,0.02857142857142858,2.0153846153846153
v2fed-digits-c10-a030-s1,10,0.3,1,logistic,11400,11400,0.9055555555555556,0.8541666666666666,0.0,0.0,1.0
v2fed-digits-c10-a030-s1,10,0.3,1,logistic,28200,28200,0.925,0.8260869565217391,-0.008333333333333304,-0.04347826086956519,1.2702702702702702
v2fed-digits-c10-a030-s1,10,0.3,1,logistic,45000,45000,0.9416666666666667,0.8695652173913043,0.0,0.0028985507246376274,1.1538461538461537
v2fed-digits-c10-a030-s1,10,0.3,1,logistic,61800,61500,0.9527777777777777,0.8666666666666667,0.0,0.0,1.0148514851485149
v2fed-digits-c10-a030-s1,10,0.3,1,logistic,78600,78600,0.9583333333333334,0.8666666666666667,0.0,0.0,1.0
v2fed-digits-c10-a030-s1,10,0.3,1,mlp,11400,11400,0.6944444444444444,0.4666666666666667,0.0,0.0,1.0
v2fed-digits-c10-a030-s1,10,0.3,1,mlp,28200,28200,0.7583333333333333,0.5952380952380952,-0.033333333333333326,-0.0714285714285714,1.3623188405797102
v2fed-digits-c10-a030-s1,10,0.3,1,mlp,45000,45000,0.8583333333333333,0.6956521739130435,0.036111111111111094,0.008152173913043459,0.746268656716418
v2fed-digits-c10-a030-s1,10,0.3,1,mlp,61800,61500,0.8416666666666667,0.7391304347826086,-0.036111111111111094,0.005797101449275366,1.1647727272727273
v2fed-digits-c10-a030-s1,10,0.3,1,mlp,78600,78600,0.8916666666666667,0.7391304347826086,0.0,0.0,1.0
v2fed-digits-c10-a030-s2026,10,0.3,2026,nearest,9300,9300,0.8722222222222222,0.7692307692307693,0.0,0.0,1.0
v2fed-digits-c10-a030-s2026,10,0.3,2026,nearest,24300,24300,0.9083333333333333,0.8319327731092437,-0.002777777777777768,-0.014221073044602406,1.0384615384615385
v2fed-digits-c10-a030-s2026,10,0.3,2026,nearest,39000,39000,0.9416666666666667,0.8907563025210085,0.008333333333333304,0.04460245636716231,0.8783783783783784
v2fed-digits-c10-a030-s2026,10,0.3,2026,nearest,54000,53400,0.9472222222222222,0.8907563025210085,-0.011111111111111183,-0.03232062055591467,1.2027027027027026
v2fed-digits-c10-a030-s2026,10,0.3,2026,nearest,69000,69000,0.9555555555555556,0.9159663865546218,-0.002777777777777768,-0.007110536522301314,1.554054054054054
v2fed-digits-c10-a030-s2026,10,0.3,2026,logistic,9300,9300,0.8805555555555555,0.7391304347826086,0.0,0.0,1.0
v2fed-digits-c10-a030-s2026,10,0.3,2026,logistic,24300,24300,0.9166666666666666,0.8421052631578947,0.005555555555555536,0.0,0.801980198019802
v2fed-digits-c10-a030-s2026,10,0.3,2026,logistic,39000,39000,0.9361111111111111,0.8421052631578947,0.005555555555555536,-0.04251012145748989,0.7386363636363636
v2fed-digits-c10-a030-s2026,10,0.3,2026,logistic,54000,53400,0.9333333333333333,0.8421052631578947,-0.002777777777777768,0.0,1.6036036036036037
v2fed-digits-c10-a030-s2026,10,0.3,2026,logistic,69000,69000,0.9388888888888889,0.8421052631578947,0.0,0.0,1.3068181818181819
v2fed-digits-c10-a030-s2026,10,0.3,2026,mlp,9300,9300,0.7666666666666667,0.5384615384615384,0.0,0.0,1.0
v2fed-digits-c10-a030-s2026,10,0.3,2026,mlp,24300,24300,0.825,0.7368421052631579,0.033333333333333326,0.23684210526315785,0.5472972972972973
v2fed-digits-c10-a030-s2026,10,0.3,2026,mlp,39000,39000,0.8194444444444444,0.6923076923076923,0.008333333333333304,-0.005171299288946329,0.8783783783783784
v2fed-digits-c10-a030-s2026,10,0.3,2026,mlp,54000,53400,0.8222222222222222,0.7307692307692307,-0.01666666666666672,-0.03846153846153855,1.2027027027027026
v2fed-digits-c10-a030-s2026,10,0.3,2026,mlp,69000,69000,0.8194444444444444,0.7563025210084033,-0.019444444444444486,-0.012928248222365935,1.554054054054054
v2fed-digits-c10-a030-s21,10,0.3,21,nearest,10800,10800,0.8694444444444445,0.75,0.0,0.0,1.0
v2fed-digits-c10-a030-s21,10,0.3,21,nearest,25800,25800,0.9111111111111111,0.75,0.01388888888888884,-0.0625,0.8431372549019608
v2fed-digits-c10-a030-s21,10,0.3,21,nearest,40500,40500,0.9472222222222222,0.90625,0.019444444444444375,0.023897058823529438,0.8544303797468354
v2fed-digits-c10-a030-s21,10,0.3,21,nearest,55200,54900,0.9444444444444444,0.90625,-0.005555555555555536,-0.005514705882352922,1.1582278481012658
v2fed-digits-c10-a030-s21,10,0.3,21,nearest,70200,70200,0.95,0.8823529411764706,0.0,-0.02941176470588236,1.481012658227848
v2fed-digits-c10-a030-s21,10,0.3,21,logistic,10800,10800,0.875,0.75,0.0,0.0,1.0
v2fed-digits-c10-a030-s21,10,0.3,21,logistic,25800,25800,0.9,0.6666666666666666,0.008333333333333304,-0.04166666666666674,0.86
v2fed-digits-c10-a030-s21,10,0.3,21,logistic,40500,40500,0.9166666666666666,0.7083333333333334,0.002777777777777768,-0.056372549019607754,1.115702479338843
v2fed-digits-c10-a030-s21,10,0.3,21,logistic,55200,54900,0.9361111111111111,0.8235294117647058,0.0,0.0,1.1582278481012658
v2fed-digits-c10-a030-s21,10,0.3,21,logistic,70200,70200,0.9416666666666667,0.8529411764705882,-0.002777777777777768,-0.0533088235294118,1.1359223300970873
v2fed-digits-c10-a030-s21,10,0.3,21,mlp,10800,10800,0.7638888888888888,0.5416666666666666,0.0,0.0,1.0
v2fed-digits-c10-a030-s21,10,0.3,21,mlp,25800,25800,0.7972222222222223,0.0,-0.008333333333333304,0.0,1.0238095238095237
v2fed-digits-c10-a030-s21,10,0.3,21,mlp,40500,40500,0.8333333333333334,0.6666666666666666,0.002777777777777768,0.04166666666666663,1.3366336633663367
v2fed-digits-c10-a030-s21,10,0.3,21,mlp,55200,54900,0.85,0.625,-0.019444444444444486,-0.04166666666666663,1.2620689655172415
v2fed-digits-c10-a030-s21,10,0.3,21,mlp,70200,70200,0.8722222222222222,0.75,0.0,0.0,1.6137931034482758
v2fed-digits-c10-a030-s42,10,0.3,42,nearest,11400,11400,0.8111111111111111,0.5555555555555556,0.0,0.0,1.0
v2fed-digits-c10-a030-s42,10,0.3,42,nearest,27300,27000,0.9111111111111111,0.7777777777777778,-0.002777777777777768,-0.05555555555555558,1.3636363636363635
v2fed-digits-c10-a030-s42,10,0.3,42,nearest,43200,43200,0.9361111111111111,0.8571428571428571,-0.008333333333333304,-0.020408163265306145,1.309090909090909
v2fed-digits-c10-a030-s42,10,0.3,42,nearest,58800,58800,0.9444444444444444,0.8571428571428571,-0.008333333333333304,-0.06878306878306883,1.5076923076923077
v2fed-digits-c10-a030-s42,10,0.3,42,nearest,74700,74700,0.9722222222222222,0.8979591836734694,0.0,0.0,1.0
v2fed-digits-c10-a030-s42,10,0.3,42,logistic,11400,11400,0.875,0.7037037037037037,0.0,0.0,1.0
v2fed-digits-c10-a030-s42,10,0.3,42,logistic,27300,27000,0.9166666666666666,0.7777777777777778,0.005555555555555536,0.03703703703703709,0.9183673469387755
v2fed-digits-c10-a030-s42,10,0.3,42,logistic,43200,43200,0.9305555555555556,0.8518518518518519,-0.008333333333333304,0.0,1.309090909090909
v2fed-digits-c10-a030-s42,10,0.3,42,logistic,58800,58800,0.9333333333333333,0.8333333333333334,-0.005555555555555536,-0.01851851851851849,1.7818181818181817
v2fed-digits-c10-a030-s42,10,0.3,42,logistic,74700,74700,0.9416666666666667,0.8518518518518519,0.0,0.0,1.9153846153846155
v2fed-digits-c10-a030-s42,10,0.3,42,mlp,11400,11400,0.6,0.3611111111111111,0.0,0.0,1.0
v2fed-digits-c10-a030-s42,10,0.3,42,mlp,27300,27000,0.7722222222222223,0.6296296296296297,0.03888888888888897,0.11111111111111116,0.7317073170731707
v2fed-digits-c10-a030-s42,10,0.3,42,mlp,43200,43200,0.8166666666666667,0.6111111111111112,0.016666666666666607,-0.05555555555555547,0.9536423841059603
v2fed-digits-c10-a030-s42,10,0.3,42,mlp,58800,58800,0.8361111111111111,0.6428571428571429,0.019444444444444486,-0.060846560846560815,0.9468599033816425
v2fed-digits-c10-a030-s42,10,0.3,42,mlp,74700,74700,0.8444444444444444,0.6666666666666666,-0.01666666666666672,-0.05555555555555558,1.2028985507246377
v2fed-digits-c10-a030-s7,10,0.3,7,nearest,11100,11100,0.8805555555555555,0.5238095238095238,0.0,0.0,1.0
v2fed-digits-c10-a030-s7,10,0.3,7,nearest,27000,27000,0.9361111111111111,0.8,-0.008333333333333304,-0.07999999999999996,1.1538461538461537
v2fed-digits-c10-a030-s7,10,0.3,7,nearest,43200,42600,0.9444444444444444,0.8666666666666667,0.0,-0.013333333333333308,1.8205128205128205
v2fed-digits-c10-a030-s7,10,0.3,7,nearest,59100,59100,0.9583333333333334,0.8888888888888888,0.0,0.022222222222222143,1.100558659217877
v2fed-digits-c10-a030-s7,10,0.3,7,nearest,75000,75000,0.9583333333333334,0.8461538461538461,-0.002777777777777768,-0.05860805860805862,1.3966480446927374
v2fed-digits-c10-a030-s7,10,0.3,7,logistic,11100,11100,0.8916666666666667,0.8095238095238095,0.0,0.0,1.0
v2fed-digits-c10-a030-s7,10,0.3,7,logistic,27000,27000,0.9138888888888889,0.7333333333333333,-0.01666666666666672,-0.06666666666666676,1.40625
v2fed-digits-c10-a030-s7,10,0.3,7,logistic,43200,42600,0.9194444444444444,0.7333333333333333,-0.011111111111111183,-0.06666666666666676,2.21875
v2fed-digits-c10-a030-s7,10,0.3,7,logistic,59100,59100,0.9444444444444444,0.8717948717948718,0.002777777777777768,0.07179487179487176,1.23125
v2fed-digits-c10-a030-s7,10,0.3,7,logistic,75000,75000,0.9527777777777777,0.8717948717948718,0.0,-0.008205128205128198,1.1160714285714286
v2fed-digits-c10-a030-s7,10,0.3,7,mlp,11100,11100,0.7555555555555555,0.5333333333333333,0.0,0.0,1.0
v2fed-digits-c10-a030-s7,10,0.3,7,mlp,27000,27000,0.8055555555555556,0.5769230769230769,-0.002777777777777768,-0.11538461538461542,1.1538461538461537
v2fed-digits-c10-a030-s7,10,0.3,7,mlp,43200,42600,0.875,0.7837837837837838,0.06666666666666665,0.09147609147609148,0.6339285714285714
v2fed-digits-c10-a030-s7,10,0.3,7,mlp,59100,59100,0.8416666666666667,0.7752808988764045,-0.01388888888888884,-0.034242910647405034,1.23125
v2fed-digits-c10-a030-s7,10,0.3,7,mlp,75000,75000,0.8638888888888889,0.72,-0.011111111111111072,-0.040000000000000036,1.2254901960784315
v2fed-digits-c10-a100-s1,10,1.0,1,nearest,19800,19800,0.9083333333333333,0.8571428571428571,0.0,0.0,1.0
v2fed-digits-c10-a100-s1,10,1.0,1,nearest,39600,39300,0.9333333333333333,0.8571428571428571,0.0,0.0,1.190909090909091
v2fed-digits-c10-a100-s1,10,1.0,1,nearest,59100,59100,0.9388888888888889,0.875,-0.008333333333333304,0.017857142857142905,1.304635761589404
v2fed-digits-c10-a100-s1,10,1.0,1,nearest,78600,78300,0.9527777777777777,0.8928571428571429,-0.002777777777777879,0.0,1.219626168224299
v2fed-digits-c10-a100-s1,10,1.0,1,nearest,98400,98400,0.9555555555555556,0.9215686274509803,0.0,0.0,1.5327102803738317
v2fed-digits-c10-a100-s1,10,1.0,1,logistic,19800,19800,0.9055555555555556,0.8125,0.0,0.0,1.0
v2fed-digits-c10-a100-s1,10,1.0,1,logistic,39600,39300,0.925,0.875,-0.002777777777777768,0.0,1.2476190476190476
v2fed-digits-c10-a100-s1,10,1.0,1,logistic,59100,59100,0.9333333333333333,0.875,-0.01388888888888884,0.0,1.304635761589404
v2fed-digits-c10-a100-s1,10,1.0,1,logistic,78600,78300,0.9416666666666667,0.875,-0.005555555555555536,0.0,1.5818181818181818
v2fed-digits-c10-a100-s1,10,1.0,1,logistic,98400,98400,0.95,0.875,-0.002777777777777768,0.0,1.8531073446327684
v2fed-digits-c10-a100-s1,10,1.0,1,mlp,19800,19800,0.7472222222222222,0.6785714285714286,0.0,0.0,1.0
v2fed-digits-c10-a100-s1,10,1.0,1,mlp,39600,39300,0.8333333333333334,0.7142857142857143,-0.01388888888888884,0.0357142857142857,1.1592920353982301
v2fed-digits-c10-a100-s1,10,1.0,1,mlp,59100,59100,0.8722222222222222,0.75,-0.016666666666666607,-0.07352941176470584,1.1939393939393939
v2fed-digits-c10-a100-s1,10,1.0,1,mlp,78600,78300,0.8888888888888888,0.803921568627451,-0.008333333333333415,-0.019607843137254832,1.5818181818181818
v2fed-digits-c10-a100-s1,10,1.0,1,mlp,98400,98400,0.8638888888888889,0.7843137254901961,-0.033333333333333326,-0.039215686274509776,2.172185430463576
v2fed-digits-c10-a100-s2026,10,1.0,2026,nearest,23100,23100,0.8888888888888888,0.7619047619047619,0.0,0.0,1.0
v2fed-digits-c10-a100-s2026,10,1.0,2026,nearest,41700,41700,0.9277777777777778,0.8095238095238095,-0.005555555555555536,-0.07282913165266103,1.0692307692307692
v2fed-digits-c10-a100-s2026,10,1.0,2026,nearest,60000,60000,0.9388888888888889,0.8571428571428571,0.0,-0.025210084033613467,1.1695906432748537
v2fed-digits-c10-a100-s2026,10,1.0,2026,nearest,78600,78600,0.9444444444444444,0.8571428571428571,0.005555555555555536,-0.025210084033613467,0.81875
v2fed-digits-c10-a100-s2026,10,1.0,2026,nearest,97200,97200,0.9444444444444444,0.8823529411764706,0.0,0.0,1.0125
v2fed-digits-c10-a100-s2026,10,1.0,2026,logistic,23100,23100,0.8888888888888888,0.8095238095238095,0.0,0.0,1.0
v2fed-digits-c10-a100-s2026,10,1.0,2026,logistic,41700,41700,0.9277777777777778,0.8571428571428571,0.019444444444444486,0.03361344537815125,0.776536312849162
v2fed-digits-c10-a100-s2026,10,1.0,2026,logistic,60000,60000,0.9388888888888889,0.8571428571428571,0.005555555555555536,0.004201680672268893,0.8583690987124464
v2fed-digits-c10-a100-s2026,10,1.0,2026,logistic,78600,78600,0.9361111111111111,0.8285714285714286,-0.008333333333333304,-0.05714285714285705,1.4636871508379887
v2fed-digits-c10-a100-s2026,10,1.0,2026,logistic,97200,97200,0.9472222222222222,0.8857142857142857,0.0,0.0,1.2857142857142858
v2fed-digits-c10-a100-s2026,10,1.0,2026,mlp,23100,23100,0.8111111111111111,0.6956521739130435,0.0,0.0,1.0
v2fed-digits-c10-a100-s2026,10,1.0,2026,mlp,41700,41700,0.8277777777777777,0.6956521739130435,-0.05555555555555558,-0.08695652173913049,1.5108695652173914
v2fed-digits-c10-a100-s2026,10,1.0,2026,mlp,60000,60000,0.8777777777777778,0.7647058823529411,-0.008333333333333304,-0.017902813299232823,1.5384615384615385
v2fed-digits-c10-a100-s2026,10,1.0,2026,mlp,78600,78600,0.8777777777777778,0.7941176470588235,-0.008333333333333304,0.011508951406649537,2.0153846153846153
v2fed-digits-c10-a100-s2026,10,1.0,2026,mlp,97200,97200,0.8666666666666667,0.7619047619047619,-0.019444444444444375,-0.020703933747412084,2.4923076923076923
v2fed-digits-c10-a100-s21,10,1.0,21,nearest,25800,25800,0.9055555555555556,0.84375,0.0,0.0,1.0
v2fed-digits-c10-a100-s21,10,1.0,21,nearest,46200,46200,0.9388888888888889,0.875,0.011111111111111072,0.0,0.9746835443037974
v2fed-digits-c10-a100-s21,10,1.0,21,nearest,66600,66600,0.9388888888888889,0.84375,-0.011111111111111072,0.0,1.4050632911392404
v2fed-digits-c10-a100-s21,10,1.0,21,nearest,87000,87000,0.95,0.875,-0.002777777777777768,0.03125,1.5934065934065933
v2fed-digits-c10-a100-s21,10,1.0,21,nearest,107400,107400,0.9555555555555556,0.875,0.0,0.0,1.5497835497835497
v2fed-digits-c10-a100-s21,10,1.0,21,logistic,25800,25800,0.8944444444444445,0.8266666666666667,0.0,0.0,1.0
v2fed-digits-c10-a100-s21,10,1.0,21,logistic,46200,46200,0.9277777777777778,0.8846153846153846,0.01388888888888895,0.038461538461538436,0.8461538461538461
v2fed-digits-c10-a100-s21,10,1.0,21,logistic,66600,66600,0.9305555555555556,0.75,0.005555555555555536,-0.125,0.961038961038961
v2fed-digits-c10-a100-s21,10,1.0,21,logistic,87000,87000,0.9416666666666667,0.875,-0.002777777777777768,0.0,1.2554112554112553
v2fed-digits-c10-a100-s21,10,1.0,21,logistic,107400,107400,0.9416666666666667,0.875,-0.008333333333333304,-0.03804347826086951,1.5497835497835497
v2fed-digits-c10-a100-s21,10,1.0,21,mlp,25800,25800,0.7861111111111111,0.6818181818181818,0.0,0.0,1.0
v2fed-digits-c10-a100-s21,10,1.0,21,mlp,46200,46200,0.8333333333333334,0.625,-0.002777777777777768,-0.07065217391304346,1.2125984251968505
v2fed-digits-c10-a100-s21,10,1.0,21,mlp,66600,66600,0.875,0.75,0.008333333333333304,0.09615384615384615,0.961038961038961
v2fed-digits-c10-a100-s21,10,1.0,21,mlp,87000,87000,0.8916666666666667,0.625,-0.002777777777777768,-0.21875,1.0861423220973783
v2fed-digits-c10-a100-s21,10,1.0,21,mlp,107400,107400,0.8583333333333333,0.8095238095238095,-0.036111111111111205,-0.034226190476190466,2.2658227848101267
v2fed-digits-c10-a100-s42,10,1.0,42,nearest,25200,25200,0.8833333333333333,0.7407407407407407,0.0,0.0,1.0
v2fed-digits-c10-a100-s42,10,1.0,42,nearest,42900,42900,0.9027777777777778,0.7777777777777778,0.0,0.0,1.2654867256637168
v2fed-digits-c10-a100-s42,10,1.0,42,nearest,60600,60600,0.9388888888888889,0.8888888888888888,0.008333333333333304,0.0,0.905829596412556
v2fed-digits-c10-a100-s42,10,1.0,42,nearest,78300,78300,0.9555555555555556,0.896551724137931,0.002777777777777879,-0.02652519893899208,1.0116279069767442
v2fed-digits-c10-a100-s42,10,1.0,42,nearest,96000,96000,0.9527777777777777,0.896551724137931,-0.002777777777777879,0.0,1.2403100775193798
v2fed-digits-c10-a100-s42,10,1.0,42,logistic,25200,25200,0.8694444444444445,0.7586206896551724,0.0,0.0,1.0
v2fed-digits-c10-a100-s42,10,1.0,42,logistic,42900,42900,0.8861111111111111,0.7241379310344828,0.002777777777777768,0.0,1.144
v2fed-digits-c10-a100-s42,10,1.0,42,logistic,60600,60600,0.9222222222222223,0.8181818181818182,0.008333333333333415,0.05956112852664586,0.905829596412556
v2fed-digits-c10-a100-s42,10,1.0,42,logistic,78300,78300,0.9416666666666667,0.8275862068965517,-0.002777777777777768,0.0,1.0116279069767442
v2fed-digits-c10-a100-s42,10,1.0,42,logistic,96000,96000,0.9555555555555556,0.8275862068965517,0.0,0.0,1.0158730158730158
v2fed-digits-c10-a100-s42,10,1.0,42,mlp,25200,25200,0.65,0.5818181818181818,0.0,0.0,1.0
v2fed-digits-c10-a100-s42,10,1.0,42,mlp,42900,42900,0.8111111111111111,0.7272727272727273,-0.005555555555555536,0.0,1.2654867256637168
v2fed-digits-c10-a100-s42,10,1.0,42,mlp,60600,60600,0.8361111111111111,0.717948717948718,-0.033333333333333326,-0.009324009324009341,1.1412429378531073
v2fed-digits-c10-a100-s42,10,1.0,42,mlp,78300,78300,0.8527777777777777,0.8,-0.01666666666666672,0.07272727272727275,1.4745762711864407
v2fed-digits-c10-a100-s42,10,1.0,42,mlp,96000,96000,0.8388888888888889,0.7435897435897436,-0.030555555555555558,0.01631701631701632,1.807909604519774
v2fed-digits-c10-a100-s7,10,1.0,7,nearest,18900,18900,0.8555555555555555,0.7761194029850746,0.0,0.0,1.0
v2fed-digits-c10-a100-s7,10,1.0,7,nearest,38400,38400,0.9583333333333334,0.8947368421052632,0.01666666666666672,0.04858299595141702,0.920863309352518
v2fed-digits-c10-a100-s7,10,1.0,7,nearest,57600,57600,0.9694444444444444,0.8947368421052632,0.011111111111111072,0.052631578947368474,0.6193548387096774
v2fed-digits-c10-a100-s7,10,1.0,7,nearest,76800,76500,0.9555555555555556,0.8620689655172413,-0.002777777777777768,0.019963702359346636,1.8345323741007193
v2fed-digits-c10-a100-s7,10,1.0,7,nearest,96300,96300,0.9777777777777777,0.896551724137931,0.0,0.0,1.0354838709677419
v2fed-digits-c10-a100-s7,10,1.0,7,logistic,18900,18900,0.8611111111111112,0.7761194029850746,0.0,0.0,1.0
v2fed-digits-c10-a100-s7,10,1.0,7,logistic,38400,38400,0.9111111111111111,0.835820895522388,-0.01388888888888895,-0.010332950631458115,1.3763440860215055
v2fed-digits-c10-a100-s7,10,1.0,7,logistic,57600,57600,0.925,0.8805970149253731,-0.016666666666666607,-0.014139827179890041,1.9793814432989691
v2fed-digits-c10-a100-s7,10,1.0,7,logistic,76800,76500,0.95,0.896551724137931,-0.005555555555555647,-0.03448275862068961,1.1434977578475336
v2fed-digits-c10-a100-s7,10,1.0,7,logistic,96300,96300,0.9638888888888889,0.90625,0.0,0.0,1.0354838709677419
v2fed-digits-c10-a100-s7,10,1.0,7,mlp,18900,18900,0.7166666666666667,0.5789473684210527,0.0,0.0,1.0
v2fed-digits-c10-a100-s7,10,1.0,7,mlp,38400,38400,0.8111111111111111,0.7164179104477612,0.03888888888888886,0.08955223880597007,0.7950310559006211
v2fed-digits-c10-a100-s7,10,1.0,7,mlp,57600,57600,0.7972222222222223,0.7142857142857143,-0.06666666666666665,-0.07518796992481203,1.381294964028777
v2fed-digits-c10-a100-s7,10,1.0,7,mlp,76800,76500,0.8916666666666667,0.8208955223880597,0.02777777777777779,0.03142183817753341,
v2fed-digits-c10-a100-s7,10,1.0,7,mlp,96300,96300,0.8666666666666667,0.7894736842105263,-0.01388888888888884,-0.005980861244019087,1.7074468085106382
v2fed-digits-c20-a005-s1,20,0.05,1,nearest,7200,7200,0.8777777777777778,0.5,0.0,0.0,1.0
v2fed-digits-c20-a005-s1,20,0.05,1,nearest,15300,15300,0.9444444444444444,0.75,0.016666666666666607,0.0,0.8095238095238095
v2fed-digits-c20-a005-s1,20,0.05,1,nearest,23400,23400,0.9527777777777777,0.75,-0.005555555555555647,0.0,1.2380952380952381
v2fed-digits-c20-a005-s1,20,0.05,1,nearest,31500,31200,0.95,0.75,-0.008333333333333415,0.0,1.6507936507936507
v2fed-digits-c20-a005-s1,20,0.05,1,nearest,39600,39600,0.9527777777777777,0.75,-0.005555555555555647,0.0,2.0952380952380953
v2fed-digits-c20-a005-s1,20,0.05,1,logistic,7200,7200,0.8972222222222223,0.5,0.0,0.0,1.0
v2fed-digits-c20-a005-s1,20,0.05,1,logistic,15300,15300,0.9333333333333333,0.75,0.005555555555555536,0.0,0.408
v2fed-digits-c20-a005-s1,20,0.05,1,logistic,23400,23400,0.9222222222222223,0.75,-0.005555555555555536,0.0,2.689655172413793
v2fed-digits-c20-a005-s1,20,0.05,1,logistic,31500,31200,0.9222222222222223,0.75,-0.005555555555555536,0.0,3.586206896551724
v2fed-digits-c20-a005-s1,20,0.05,1,logistic,39600,39600,0.9305555555555556,0.75,0.0,0.0,3.2195121951219514
v2fed-digits-c20-a005-s1,20,0.05,1,mlp,7200,7200,0.3638888888888889,0.0,0.0,0.0,1.0
v2fed-digits-c20-a005-s1,20,0.05,1,mlp,15300,15300,0.7361111111111112,0.5,-0.06666666666666665,-0.05555555555555558,1.5
v2fed-digits-c20-a005-s1,20,0.05,1,mlp,23400,23400,0.8027777777777778,0.5,-0.030555555555555558,0.018518518518518545,1.9024390243902438
v2fed-digits-c20-a005-s1,20,0.05,1,mlp,31500,31200,0.7638888888888888,0.4375,-0.06944444444444453,-0.043981481481481455,3.0588235294117645
v2fed-digits-c20-a005-s1,20,0.05,1,mlp,39600,39600,0.7305555555555555,0.25,-0.10277777777777786,-0.23148148148148145,4.125
v2fed-digits-c20-a005-s2026,20,0.05,2026,nearest,7200,7200,0.8611111111111112,0.0,0.0,0.0,1.0
v2fed-digits-c20-a005-s2026,20,0.05,2026,nearest,16500,16500,0.9111111111111111,0.0,-0.002777777777777768,0.0,1.0
v2fed-digits-c20-a005-s2026,20,0.05,2026,nearest,25800,25800,0.9138888888888889,0.8095238095238095,-0.002777777777777768,0.16666666666666663,1.5636363636363637
v2fed-digits-c20-a005-s2026,20,0.05,2026,nearest,35400,35100,0.9444444444444444,0.7619047619047619,0.005555555555555536,0.0,
v2fed-digits-c20-a005-s2026,20,0.05,2026,nearest,44700,44700,0.9388888888888889,0.7619047619047619,0.0,0.0,1.4466019417475728
v2fed-digits-c20-a005-s2026,20,0.05,2026,logistic,7200,7200,0.8666666666666667,0.0,0.0,0.0,1.0
v2fed-digits-c20-a005-s2026,20,0.05,2026,logistic,16500,16500,0.9111111111111111,0.0,0.0,0.0,1.0
v2fed-digits-c20-a005-s2026,20,0.05,2026,logistic,25800,25800,0.9027777777777778,0.0,-0.008333333333333304,0.0,1.5636363636363637
v2fed-digits-c20-a005-s2026,20,0.05,2026,logistic,35400,35100,0.9361111111111111,0.7142857142857143,0.01666666666666672,0.0,
v2fed-digits-c20-a005-s2026,20,0.05,2026,logistic,44700,44700,0.9277777777777778,0.7142857142857143,0.0,0.0,1.0
v2fed-digits-c20-a005-s2026,20,0.05,2026,mlp,7200,7200,0.7222222222222222,0.0,0.0,0.0,1.0
v2fed-digits-c20-a005-s2026,20,0.05,2026,mlp,16500,16500,0.7666666666666667,0.0,-0.033333333333333326,0.0,1.3095238095238095
v2fed-digits-c20-a005-s2026,20,0.05,2026,mlp,25800,25800,0.7583333333333333,0.0,-0.05833333333333335,0.0,2.8666666666666667
v2fed-digits-c20-a005-s2026,20,0.05,2026,mlp,35400,35100,0.8416666666666667,0.0,0.025000000000000022,0.0,0.785234899328859
v2fed-digits-c20-a005-s2026,20,0.05,2026,mlp,44700,44700,0.8611111111111112,0.5238095238095238,0.0,0.0,1.0
v2fed-digits-c20-a005-s21,20,0.05,21,nearest,8100,8100,0.9027777777777778,0.6666666666666666,0.0,0.0,1.0
v2fed-digits-c20-a005-s21,20,0.05,21,nearest,14700,14700,0.9333333333333333,0.6666666666666666,-0.002777777777777768,0.0,1.065217391304348
v2fed-digits-c20-a005-s21,20,0.05,21,nearest,21600,21600,0.9388888888888889,0.6666666666666666,-0.01388888888888884,0.0,1.565217391304348
v2fed-digits-c20-a005-s21,20,0.05,21,nearest,28200,27900,0.9444444444444444,0.68,-0.008333333333333304,0.01333333333333342,1.5245901639344261
v2fed-digits-c20-a005-s21,20,0.05,21,nearest,34800,34800,0.9611111111111111,0.84,0.0,0.0,1.0
v2fed-digits-c20-a005-s21,20,0.05,21,logistic,8100,8100,0.8972222222222223,0.6666666666666666,0.0,0.0,1.0
v2fed-digits-c20-a005-s21,20,0.05,21,logistic,14700,14700,0.9194444444444444,0.6666666666666666,0.0,0.0,1.065217391304348
v2fed-digits-c20-a005-s21,20,0.05,21,logistic,21600,21600,0.925,0.6666666666666666,0.0,0.0,1.0
v2fed-digits-c20-a005-s21,20,0.05,21,logistic,28200,27900,0.9388888888888889,0.6666666666666666,0.005555555555555536,0.0,0.9489795918367347
v2fed-digits-c20-a005-s21,20,0.05,21,logistic,34800,34800,0.9472222222222222,0.6666666666666666,0.0,0.0,1.183673469387755
v2fed-digits-c20-a005-s21,20,0.05,21,mlp,8100,8100,0.6555555555555556,0.08,0.0,0.0,1.0
v2fed-digits-c20-a005-s21,20,0.05,21,mlp,14700,14700,0.7388888888888889,0.44,-0.09722222222222221,-0.06,1.2564102564102564
v2fed-digits-c20-a005-s21,20,0.05,21,mlp,21600,21600,0.7055555555555556,0.08,-0.13055555555555554,-0.42,2.3225806451612905
v2fed-digits-c20-a005-s21,20,0.05,21,mlp,28200,27900,0.775,0.32,-0.061111111111111116,-0.18,2.0217391304347827
v2fed-digits-c20-a005-s21,20,0.05,21,mlp,34800,34800,0.8083333333333333,0.5,-0.02777777777777779,0.0,2.5217391304347827
v2fed-digits-c20-a005-s42,20,0.05,42,nearest,7200,7200,0.8583333333333333,0.5641025641025641,0.0,0.0,1.0
v2fed-digits-c20-a005-s42,20,0.05,42,nearest,15600,15600,0.8944444444444445,0.7,-0.008333333333333304,0.0,1.4857142857142858
v2fed-digits-c20-a005-s42,20,0.05,42,nearest,24000,24000,0.9138888888888889,0.7,-0.002777777777777768,-0.09487179487179487,1.4814814814814814
v2fed-digits-c20-a005-s42,20,0.05,42,nearest,32100,32100,0.9333333333333333,0.8461538461538461,-0.005555555555555536,0.07692307692307687,1.1888888888888889
v2fed-digits-c20-a005-s42,20,0.05,42,nearest,40500,40500,0.9444444444444444,0.8,0.0,0.0,1.0
v2fed-digits-c20-a005-s42,20,0.05,42,logistic,7200,7200,0.8555555555555555,0.5,0.0,0.0,1.0
v2fed-digits-c20-a005-s42,20,0.05,42,logistic,15600,15600,0.9138888888888889,0.75,-0.002777777777777768,0.050000000000000044,1.0833333333333333
v2fed-digits-c20-a005-s42,20,0.05,42,logistic,24000,24000,0.9166666666666666,0.7,-0.008333333333333415,-0.050000000000000044,1.6666666666666667
v2fed-digits-c20-a005-s42,20,0.05,42,logistic,32100,32100,0.925,0.75,-0.002777777777777768,0.0,1.6984126984126984
v2fed-digits-c20-a005-s42,20,0.05,42,logistic,40500,40500,0.9305555555555556,0.75,0.0,0.0,1.5
v2fed-digits-c20-a005-s42,20,0.05,42,mlp,7200,7200,0.6194444444444445,0.0,0.0,0.0,1.0
v2fed-digits-c20-a005-s42,20,0.05,42,mlp,15600,15600,0.7277777777777777,0.0,-0.03888888888888897,-0.2,1.8571428571428572
v2fed-digits-c20-a005-s42,20,0.05,42,mlp,24000,24000,0.7777777777777778,0.2,-0.01388888888888884,-0.2,1.4814814814814814
v2fed-digits-c20-a005-s42,20,0.05,42,mlp,32100,32100,0.8,0.4,-0.047222222222222165,-0.19999999999999996,1.1888888888888889
v2fed-digits-c20-a005-s42,20,0.05,42,mlp,40500,40500,0.85,0.5,0.0,0.0,1.5
v2fed-digits-c20-a005-s7,20,0.05,7,nearest,6900,6900,0.8444444444444444,0.0,0.0,0.0,1.0
v2fed-digits-c20-a005-s7,20,0.05,7,nearest,18300,18300,0.9305555555555556,0.5,-0.005555555555555536,0.0,1.4523809523809523
v2fed-digits-c20-a005-s7,20,0.05,7,nearest,29400,29400,0.9444444444444444,0.5,-0.002777777777777768,0.0,1.53125
v2fed-digits-c20-a005-s7,20,0.05,7,nearest,40800,40500,0.9638888888888889,0.5,0.002777777777777768,-0.3571428571428571,1.062992125984252
v2fed-digits-c20-a005-s7,20,0.05,7,nearest,52200,52200,0.9777777777777777,0.8571428571428571,0.0,0.0,1.0
v2fed-digits-c20-a005-s7,20,0.05,7,logistic,6900,6900,0.8527777777777777,0.5,0.0,0.0,1.0
v2fed-digits-c20-a005-s7,20,0.05,7,logistic,18300,18300,0.9222222222222223,0.5,0.002777777777777879,0.0,1.3555555555555556
v2fed-digits-c20-a005-s7,20,0.05,7,logistic,29400,29400,0.9361111111111111,0.5,0.0,0.0,1.3066666666666666
v2fed-digits-c20-a005-s7,20,0.05,7,logistic,40800,40500,0.9527777777777777,0.5,0.011111111111111072,0.0,
v2fed-digits-c20-a005-s7,20,0.05,7,logistic,52200,52200,0.9388888888888889,0.5,-0.002777777777777768,0.0,2.2025316455696204
v2fed-digits-c20-a005-s7,20,0.05,7,mlp,6900,6900,0.6833333333333333,0.42424242424242425,0.0,0.0,1.0
v2fed-digits-c20-a005-s7,20,0.05,7,mlp,18300,18300,0.7083333333333334,0.30303030303030304,0.002777777777777768,-0.19696969696969696,1.8484848484848484
v2fed-digits-c20-a005-s7,20,0.05,7,mlp,29400,29400,0.7777777777777778,0.5,-0.019444444444444486,0.0,1.0315789473684212
v2fed-digits-c20-a005-s7,20,0.05,7,mlp,40800,40500,0.8055555555555556,0.55,0.008333333333333304,0.050000000000000044,0.7758620689655172
v2fed-digits-c20-a005-s7,20,0.05,7,mlp,52200,52200,0.8194444444444444,0.5,0.0,0.0,1.0
v2fed-digits-c20-a010-s1,20,0.1,1,nearest,7800,7800,0.8833333333333333,0.0,0.0,0.0,1.0
v2fed-digits-c20-a010-s1,20,0.1,1,nearest,16800,16800,0.9277777777777778,0.0,0.0,0.0,1.302325581395349
v2fed-digits-c20-a010-s1,20,0.1,1,nearest,25500,25500,0.9444444444444444,0.0,0.002777777777777768,0.0,1.103896103896104
v2fed-digits-c20-a010-s1,20,0.1,1,nearest,34200,34200,0.9611111111111111,0.0,0.0,0.0,1.2
v2fed-digits-c20-a010-s1,20,0.1,1,nearest,43200,43200,0.9694444444444444,0.0,0.0,0.0,1.0
v2fed-digits-c20-a010-s1,20,0.1,1,logistic,7800,7800,0.9027777777777778,0.0,0.0,0.0,1.0
v2fed-digits-c20-a010-s1,20,0.1,1,logistic,16800,16800,0.9222222222222223,0.0,0.002777777777777879,0.0,1.1914893617021276
v2fed-digits-c20-a010-s1,20,0.1,1,logistic,25500,25500,0.9333333333333333,0.0,0.0,0.0,1.103896103896104
v2fed-digits-c20-a010-s1,20,0.1,1,logistic,34200,34200,0.9361111111111111,0.0,-0.008333333333333304,0.0,1.4805194805194806
v2fed-digits-c20-a010-s1,20,0.1,1,logistic,43200,43200,0.9416666666666667,0.0,-0.002777777777777768,0.0,1.5157894736842106
v2fed-digits-c20-a010-s1,20,0.1,1,mlp,7800,7800,0.6055555555555555,0.0,0.0,0.0,1.0
v2fed-digits-c20-a010-s1,20,0.1,1,mlp,16800,16800,0.8138888888888889,0.0,0.0,-0.5,1.302325581395349
v2fed-digits-c20-a010-s1,20,0.1,1,mlp,25500,25500,0.7861111111111111,0.0,-0.02777777777777779,-0.5,2.65625
v2fed-digits-c20-a010-s1,20,0.1,1,mlp,34200,34200,0.8222222222222222,0.6,0.008333333333333304,0.09999999999999998,0.7916666666666666
v2fed-digits-c20-a010-s1,20,0.1,1,mlp,43200,43200,0.8277777777777777,0.0,0.0,0.0,1.0
v2fed-digits-c20-a010-s2026,20,0.1,2026,nearest,9600,9600,0.8972222222222223,0.5,0.0,0.0,1.0
v2fed-digits-c20-a010-s2026,20,0.1,2026,nearest,19800,19800,0.9083333333333333,0.5,0.005555555555555536,0.5,0.9850746268656716
v2fed-digits-c20-a010-s2026,20,0.1,2026,nearest,30300,30300,0.9222222222222223,0.5,-0.019444444444444375,0.0,1.507462686567164
v2fed-digits-c20-a010-s2026,20,0.1,2026,nearest,40800,40500,0.9305555555555556,0.5,-0.022222222222222143,0.0,1.588235294117647
v2fed-digits-c20-a010-s2026,20,0.1,2026,nearest,51000,51000,0.9472222222222222,0.5,-0.005555555555555536,0.0,1.4782608695652173
v2fed-digits-c20-a010-s2026,20,0.1,2026,logistic,9600,9600,0.8805555555555555,0.5,0.0,0.0,1.0
v2fed-digits-c20-a010-s2026,20,0.1,2026,logistic,19800,19800,0.9111111111111111,0.5,0.002777777777777768,0.0,1.2222222222222223
v2fed-digits-c20-a010-s2026,20,0.1,2026,logistic,30300,30300,0.9222222222222223,0.5,-0.008333333333333304,0.0,1.507462686567164
v2fed-digits-c20-a010-s2026,20,0.1,2026,logistic,40800,40500,0.9444444444444444,0.5,0.0,0.0,1.173913043478261
v2fed-digits-c20-a010-s2026,20,0.1,2026,logistic,51000,51000,0.9388888888888889,0.5,-0.005555555555555536,0.0,1.4782608695652173
v2fed-digits-c20-a010-s2026,20,0.1,2026,mlp,9600,9600,0.7055555555555556,0.36666666666666664,0.0,0.0,1.0
v2fed-digits-c20-a010-s2026,20,0.1,2026,mlp,19800,19800,0.7305555555555555,0.3333333333333333,-0.019444444444444486,0.3333333333333333,1.736842105263158
v2fed-digits-c20-a010-s2026,20,0.1,2026,mlp,30300,30300,0.7861111111111111,0.5,-0.02777777777777779,0.0,1.1744186046511629
v2fed-digits-c20-a010-s2026,20,0.1,2026,mlp,40800,40500,0.8027777777777778,0.4666666666666667,-0.016666666666666607,-0.033333333333333326,1.4673913043478262
v2fed-digits-c20-a010-s2026,20,0.1,2026,mlp,51000,51000,0.8138888888888889,0.5,-0.005555555555555536,0.0,1.8478260869565217
v2fed-digits-c20-a010-s21,20,0.1,21,nearest,9300,9300,0.9055555555555556,0.8125,0.0,0.0,1.0
v2fed-digits-c20-a010-s21,20,0.1,21,nearest,18600,18600,0.9361111111111111,0.8518518518518519,-0.005555555555555536,0.03935185185185186,1.1071428571428572
v2fed-digits-c20-a010-s21,20,0.1,21,nearest,27600,27600,0.9527777777777777,0.8571428571428571,0.002777777777777768,0.0,1.069767441860465
v2fed-digits-c20-a010-s21,20,0.1,21,nearest,36600,36600,0.9583333333333334,0.8571428571428571,-0.005555555555555536,0.0,1.22
v2fed-digits-c20-a010-s21,20,0.1,21,nearest,45900,45900,0.9638888888888889,0.7142857142857143,0.0,0.0,1.3783783783783783
v2fed-digits-c20-a010-s21,20,0.1,21,logistic,9300,9300,0.8972222222222223,0.7142857142857143,0.0,0.0,1.0
v2fed-digits-c20-a010-s21,20,0.1,21,logistic,18600,18600,0.9138888888888889,0.75,-0.005555555555555536,-0.0625,1.3191489361702127
v2fed-digits-c20-a010-s21,20,0.1,21,logistic,27600,27600,0.925,0.8125,-0.008333333333333304,0.0625,1.4375
v2fed-digits-c20-a010-s21,20,0.1,21,logistic,36600,36600,0.9361111111111111,0.75,-0.008333333333333304,0.0,1.7681159420289856
v2fed-digits-c20-a010-s21,20,0.1,21,logistic,45900,45900,0.9444444444444444,0.75,0.0,0.0,1.3783783783783783
v2fed-digits-c20-a010-s21,20,0.1,21,mlp,9300,9300,0.7805555555555556,0.48148148148148145,0.0,0.0,1.0
v2fed-digits-c20-a010-s21,20,0.1,21,mlp,18600,18600,0.7527777777777778,0.5625,-0.05555555555555558,0.5625,2.0
v2fed-digits-c20-a010-s21,20,0.1,21,mlp,27600,27600,0.8083333333333333,0.48148148148148145,0.0,0.48148148148148145,1.9574468085106382
v2fed-digits-c20-a010-s21,20,0.1,21,mlp,36600,36600,0.7805555555555556,0.5,-0.03888888888888886,-0.05555555555555558,3.935483870967742
v2fed-digits-c20-a010-s21,20,0.1,21,mlp,45900,45900,0.875,0.7407407407407407,0.0,0.0,1.0
v2fed-digits-c20-a010-s42,20,0.1,42,nearest,9600,9600,0.8777777777777778,0.6428571428571429,0.0,0.0,1.0
v2fed-digits-c20-a010-s42,20,0.1,42,nearest,21900,21900,0.9111111111111111,0.75,-0.011111111111111183,-0.09615384615384615,1.46
v2fed-digits-c20-a010-s42,20,0.1,42,nearest,34200,33900,0.9388888888888889,0.8333333333333334,0.002777777777777768,-0.04166666666666663,1.036697247706422
v2fed-digits-c20-a010-s42,20,0.1,42,nearest,46500,46500,0.9361111111111111,0.851063829787234,-0.016666666666666607,-0.02393617021276595,1.4220183486238531
v2fed-digits-c20-a010-s42,20,0.1,42,nearest,58800,58800,0.95,0.75,-0.002777777777777768,-0.125,1.4
v2fed-digits-c20-a010-s42,20,0.1,42,logistic,9600,9600,0.8694444444444445,0.5,0.0,0.0,1.0
v2fed-digits-c20-a010-s42,20,0.1,42,logistic,21900,21900,0.8916666666666667,0.6666666666666666,0.005555555555555647,0.0,0.9125
v2fed-digits-c20-a010-s42,20,0.1,42,logistic,34200,33900,0.9222222222222223,0.6666666666666666,0.002777777777777879,0.0,1.036697247706422
v2fed-digits-c20-a010-s42,20,0.1,42,logistic,46500,46500,0.925,0.6666666666666666,-0.008333333333333304,0.0,1.1071428571428572
v2fed-digits-c20-a010-s42,20,0.1,42,logistic,58800,58800,0.9333333333333333,0.6666666666666666,0.0,0.0,1.4
v2fed-digits-c20-a010-s42,20,0.1,42,mlp,9600,9600,0.625,0.25,0.0,0.0,1.0
v2fed-digits-c20-a010-s42,20,0.1,42,mlp,21900,21900,0.7111111111111111,0.25,-0.061111111111111116,0.0,1.9210526315789473
v2fed-digits-c20-a010-s42,20,0.1,42,mlp,34200,33900,0.8,0.3333333333333333,-0.008333333333333304,0.08333333333333331,1.036697247706422
v2fed-digits-c20-a010-s42,20,0.1,42,mlp,46500,46500,0.8416666666666667,0.3333333333333333,0.01666666666666672,-0.2916666666666667,
v2fed-digits-c20-a010-s42,20,0.1,42,mlp,58800,58800,0.8277777777777777,0.625,0.0,0.0,1.5193798449612403
v2fed-digits-c20-a010-s7,20,0.1,7,nearest,9600,9600,0.8388888888888889,0.6923076923076923,0.0,0.0,1.0
v2fed-digits-c20-a010-s7,20,0.1,7,nearest,21000,21000,0.9277777777777778,0.8095238095238095,0.002777777777777768,0.04029304029304026,1.0144927536231885
v2fed-digits-c20-a010-s7,20,0.1,7,nearest,32700,32400,0.9333333333333333,0.6923076923076923,0.0,-0.11721611721611724,1.1020408163265305
v2fed-digits-c20-a010-s7,20,0.1,7,nearest,44400,44400,0.9611111111111111,0.6923076923076923,0.008333333333333415,-0.15384615384615385,0.7956989247311828
v2fed-digits-c20-a010-s7,20,0.1,7,nearest,55800,55800,0.9583333333333334,0.7692307692307693,0.0,0.0,1.0
v2fed-digits-c20-a010-s7,20,0.1,7,logistic,9600,9600,0.8416666666666667,0.6666666666666666,0.0,0.0,1.0
v2fed-digits-c20-a010-s7,20,0.1,7,logistic,21000,21000,0.9055555555555556,0.6923076923076923,-0.008333333333333304,0.0,1.0606060606060606
v2fed-digits-c20-a010-s7,20,0.1,7,logistic,32700,32400,0.9194444444444444,0.75,0.0,0.05769230769230771,1.4594594594594594
v2fed-digits-c20-a010-s7,20,0.1,7,logistic,44400,44400,0.9555555555555556,0.7692307692307693,0.01666666666666672,0.019230769230769273,
v2fed-digits-c20-a010-s7,20,0.1,7,logistic,55800,55800,0.9472222222222222,0.6923076923076923,0.0,0.0,1.0
v2fed-digits-c20-a010-s7,20,0.1,7,mlp,9600,9600,0.6333333333333333,0.5,0.0,0.0,1.0
v2fed-digits-c20-a010-s7,20,0.1,7,mlp,21000,21000,0.6944444444444444,0.4583333333333333,-0.05833333333333335,-0.08012820512820512,1.4893617021276595
v2fed-digits-c20-a010-s7,20,0.1,7,mlp,32700,32400,0.7305555555555555,0.5,-0.03888888888888897,-0.038461538461538436,2.297872340425532
v2fed-digits-c20-a010-s7,20,0.1,7,mlp,44400,44400,0.8027777777777778,0.46153846153846156,-0.008333333333333304,0.06153846153846154,1.0802919708029197
v2fed-digits-c20-a010-s7,20,0.1,7,mlp,55800,55800,0.8333333333333334,0.5,0.0,0.0,1.0
v2fed-digits-c20-a030-s1,20,0.3,1,nearest,17100,17100,0.9055555555555556,0.6,0.0,0.0,1.0
v2fed-digits-c20-a030-s1,20,0.3,1,nearest,34500,34500,0.95,0.8571428571428571,0.0,0.01098901098901095,1.1734693877551021
v2fed-digits-c20-a030-s1,20,0.3,1,nearest,51900,51900,0.9638888888888889,0.875,0.002777777777777768,0.028846153846153855,1.0548780487804879
v2fed-digits-c20-a030-s1,20,0.3,1,nearest,69300,69300,0.9638888888888889,0.6666666666666666,-0.005555555555555536,0.0,1.4085365853658536
v2fed-digits-c20-a030-s1,20,0.3,1,nearest,86700,86700,0.9722222222222222,0.6666666666666666,0.0,0.0,1.5210526315789474
v2fed-digits-c20-a030-s1,20,0.3,1,logistic,17100,17100,0.9111111111111111,0.6666666666666666,0.0,0.0,1.0
v2fed-digits-c20-a030-s1,20,0.3,1,logistic,34500,34500,0.9361111111111111,0.6,-0.011111111111111072,-0.15000000000000002,1.1734693877551021
v2fed-digits-c20-a030-s1,20,0.3,1,logistic,51900,51900,0.9305555555555556,0.6,-0.019444444444444375,-0.06666666666666665,1.7653061224489797
v2fed-digits-c20-a030-s1,20,0.3,1,logistic,69300,69300,0.9361111111111111,0.6,-0.01388888888888884,-0.06666666666666665,2.357142857142857
v2fed-digits-c20-a030-s1,20,0.3,1,logistic,86700,86700,0.9555555555555556,0.6666666666666666,0.0,0.0,1.0743494423791822
v2fed-digits-c20-a030-s1,20,0.3,1,mlp,17100,17100,0.7694444444444445,0.4,0.0,0.0,1.0
v2fed-digits-c20-a030-s1,20,0.3,1,mlp,34500,34500,0.8111111111111111,0.5,0.022222222222222254,0.0,0.8214285714285714
v2fed-digits-c20-a030-s1,20,0.3,1,mlp,51900,51900,0.7777777777777778,0.3333333333333333,-0.06388888888888888,-0.26666666666666666,1.7653061224489797
v2fed-digits-c20-a030-s1,20,0.3,1,mlp,69300,69300,0.8277777777777777,0.3333333333333333,-0.01388888888888895,-0.26666666666666666,1.5714285714285714
v2fed-digits-c20-a030-s1,20,0.3,1,mlp,86700,86700,0.8444444444444444,0.625,-0.036111111111111094,0.2916666666666667,1.965986394557823
v2fed-digits-c20-a030-s2026,20,0.3,2026,nearest,19200,19200,0.8888888888888888,0.4,0.0,0.0,1.0
v2fed-digits-c20-a030-s2026,20,0.3,2026,nearest,37200,37200,0.9027777777777778,0.4,-0.016666666666666607,-0.4,1.6533333333333333
v2fed-digits-c20-a030-s2026,20,0.3,2026,nearest,55200,54900,0.925,0.6,-0.016666666666666607,-0.20000000000000007,1.3759398496240602
v2fed-digits-c20-a030-s2026,20,0.3,2026,nearest,73500,73500,0.9611111111111111,0.8,0.008333333333333415,-0.09473684210526312,
v2fed-digits-c20-a030-s2026,20,0.3,2026,nearest,91500,91500,0.9555555555555556,0.9166666666666666,0.0,0.0,1.4950980392156863
v2fed-digits-c20-a030-s2026,20,0.3,2026,logistic,19200,19200,0.9111111111111111,0.4,0.0,0.0,1.0
v2fed-digits-c20-a030-s2026,20,0.3,2026,logistic,37200,37200,0.9194444444444444,0.7894736842105263,0.0,0.18947368421052635,1.6533333333333333
v2fed-digits-c20-a030-s2026,20,0.3,2026,logistic,55200,54900,0.9277777777777778,0.8,-0.002777777777777768,0.0,1.1656050955414012
v2fed-digits-c20-a030-s2026,20,0.3,2026,logistic,73500,73500,0.925,0.8,-0.005555555555555536,0.010526315789473717,1.5605095541401275
v2fed-digits-c20-a030-s2026,20,0.3,2026,logistic,91500,91500,0.9472222222222222,0.8888888888888888,0.0,0.0,1.0
v2fed-digits-c20-a030-s2026,20,0.3,2026,mlp,19200,19200,0.7305555555555555,0.2,0.0,0.0,1.0
v2fed-digits-c20-a030-s2026,20,0.3,2026,mlp,37200,37200,0.7833333333333333,0.5862068965517241,-0.011111111111111072,0.007259528130671433,1.3333333333333333
v2fed-digits-c20-a030-s2026,20,0.3,2026,mlp,55200,54900,0.8333333333333334,0.5555555555555556,-0.02499999999999991,-0.07602339181286544,1.1656050955414012
v2fed-digits-c20-a030-s2026,20,0.3,2026,mlp,73500,73500,0.825,0.6666666666666666,-0.033333333333333326,0.03508771929824561,1.5605095541401275
v2fed-digits-c20-a030-s2026,20,0.3,2026,mlp,91500,91500,0.8722222222222222,0.6,0.0,0.0,1.0
v2fed-digits-c20-a030-s21,20,0.3,21,nearest,19500,19500,0.8833333333333333,0.625,0.0,0.0,1.0
v2fed-digits-c20-a030-s21,20,0.3,21,nearest,36600,36600,0.95,0.8,0.02499999999999991,0.13333333333333341,0.7973856209150327
v2fed-digits-c20-a030-s21,20,0.3,21,nearest,54000,54000,0.9638888888888889,0.875,0.008333333333333304,0.0,0.7258064516129032
v2fed-digits-c20-a030-s21,20,0.3,21,nearest,71400,71400,0.9611111111111111,0.8125,0.002777777777777768,0.0,1.1497584541062802
v2fed-digits-c20-a030-s21,20,0.3,21,nearest,88500,88500,0.9583333333333334,0.875,-0.002777777777777768,0.0,1.9281045751633987
v2fed-digits-c20-a030-s21,20,0.3,21,logistic,19500,19500,0.9111111111111111,0.75,0.0,0.0,1.0
v2fed-digits-c20-a030-s21,20,0.3,21,logistic,36600,36600,0.9305555555555556,0.75,0.01666666666666672,0.08333333333333337,0.991869918699187
v2fed-digits-c20-a030-s21,20,0.3,21,logistic,54000,54000,0.9333333333333333,0.7,-0.008333333333333304,-0.10000000000000009,1.4634146341463414
v2fed-digits-c20-a030-s21,20,0.3,21,logistic,71400,71400,0.9388888888888889,0.8,-0.005555555555555536,-0.0888888888888888,1.5555555555555556
v2fed-digits-c20-a030-s21,20,0.3,21,logistic,88500,88500,0.9416666666666667,0.8,-0.002777777777777768,-0.0888888888888888,1.9281045751633987
v2fed-digits-c20-a030-s21,20,0.3,21,mlp,19500,19500,0.8027777777777778,0.5,0.0,0.0,1.0
v2fed-digits-c20-a030-s21,20,0.3,21,mlp,36600,36600,0.8583333333333333,0.6,0.0527777777777777,0.09999999999999998,0.7973856209150327
v2fed-digits-c20-a030-s21,20,0.3,21,mlp,54000,54000,0.8666666666666667,0.6,-0.022222222222222143,-0.09999999999999998,1.1764705882352942
v2fed-digits-c20-a030-s21,20,0.3,21,mlp,71400,71400,0.8916666666666667,0.6666666666666666,-0.011111111111111072,0.0,1.391812865497076
v2fed-digits-c20-a030-s21,20,0.3,21,mlp,88500,88500,0.9027777777777778,0.3333333333333333,0.0,-0.3333333333333333,1.4251207729468598
v2fed-digits-c20-a030-s42,20,0.3,42,nearest,21600,21600,0.8611111111111112,0.6666666666666666,0.0,0.0,1.0
v2fed-digits-c20-a030-s42,20,0.3,42,nearest,41400,41400,0.9083333333333333,0.75,-0.011111111111111072,0.0,1.1794871794871795
v2fed-digits-c20-a030-s42,20,0.3,42,nearest,61500,61500,0.9472222222222222,0.8387096774193549,0.005555555555555536,0.0,0.8760683760683761
v2fed-digits-c20-a030-s42,20,0.3,42,nearest,81600,81600,0.9527777777777777,0.8387096774193549,0.002777777777777768,0.0,1.1623931623931625
v2fed-digits-c20-a030-s42,20,0.3,42,nearest,101400,101400,0.9472222222222222,0.8064516129032258,-0.002777777777777768,-0.032258064516129115,1.4444444444444444
v2fed-digits-c20-a030-s42,20,0.3,42,logistic,21600,21600,0.8694444444444445,0.6666666666666666,0.0,0.0,1.0
v2fed-digits-c20-a030-s42,20,0.3,42,logistic,41400,41400,0.8972222222222223,0.75,0.0,0.0,1.5164835164835164
v2fed-digits-c20-a030-s42,20,0.3,42,logistic,61500,61500,0.9194444444444444,0.7857142857142857,0.005555555555555536,-0.0714285714285714,0.9669811320754716
v2fed-digits-c20-a030-s42,20,0.3,42,logistic,81600,81600,0.9277777777777778,0.8387096774193549,0.005555555555555536,0.0,0.9611307420494699
v2fed-digits-c20-a030-s42,20,0.3,42,logistic,101400,101400,0.9333333333333333,0.8387096774193549,0.0,0.0,1.0628930817610063
v2fed-digits-c20-a030-s42,20,0.3,42,mlp,21600,21600,0.7111111111111111,0.5897435897435898,0.0,0.0,1.0
v2fed-digits-c20-a030-s42,20,0.3,42,mlp,41400,41400,0.7944444444444444,0.6129032258064516,-0.022222222222222254,-0.032258064516129004,1.5164835164835164
v2fed-digits-c20-a030-s42,20,0.3,42,mlp,61500,61500,0.8416666666666667,0.6666666666666666,-0.02777777777777779,0.0,1.0406091370558375
v2fed-digits-c20-a030-s42,20,0.3,42,mlp,81600,81600,0.8694444444444445,0.7096774193548387,-0.008333333333333304,-0.032258064516129004,1.380710659898477
v2fed-digits-c20-a030-s42,20,0.3,42,mlp,101400,101400,0.8527777777777777,0.6,-0.033333333333333326,-0.09999999999999998,1.715736040609137
v2fed-digits-c20-a030-s7,20,0.3,7,nearest,20700,20700,0.9,0.6666666666666666,0.0,0.0,1.0
v2fed-digits-c20-a030-s7,20,0.3,7,nearest,41100,41100,0.9277777777777778,0.7777777777777778,-0.011111111111111072,-0.07070707070707072,1.4891304347826086
v2fed-digits-c20-a030-s7,20,0.3,7,nearest,61200,61200,0.9694444444444444,0.8333333333333334,-0.011111111111111072,0.0,1.1791907514450868
v2fed-digits-c20-a030-s7,20,0.3,7,nearest,81600,81300,0.975,0.8333333333333334,-0.005555555555555536,0.0,1.5664739884393064
v2fed-digits-c20-a030-s7,20,0.3,7,nearest,102000,102000,0.9722222222222222,0.8888888888888888,-0.008333333333333304,0.05555555555555547,1.9653179190751444
v2fed-digits-c20-a030-s7,20,0.3,7,logistic,20700,20700,0.9027777777777778,0.8,0.0,0.0,1.0
v2fed-digits-c20-a030-s7,20,0.3,7,logistic,41100,41100,0.9305555555555556,0.8125,0.01388888888888895,0.0,0.9383561643835616
v2fed-digits-c20-a030-s7,20,0.3,7,logistic,61200,61200,0.9444444444444444,0.8571428571428571,0.0,0.0,1.1791907514450868
v2fed-digits-c20-a030-s7,20,0.3,7,logistic,81600,81300,0.9583333333333334,0.8571428571428571,0.008333333333333415,0.01098901098901095,0.9678571428571429
v2fed-digits-c20-a030-s7,20,0.3,7,logistic,102000,102000,0.9527777777777777,0.8571428571428571,-0.005555555555555647,0.0,1.4406779661016949
v2fed-digits-c20-a030-s7,20,0.3,7,mlp,20700,20700,0.7805555555555556,0.625,0.0,0.0,1.0
v2fed-digits-c20-a030-s7,20,0.3,7,mlp,41100,41100,0.8333333333333334,0.6666666666666666,0.025000000000000022,0.04166666666666663,0.6372093023255814
v2fed-digits-c20-a030-s7,20,0.3,7,mlp,61200,61200,0.8555555555555555,0.7142857142857143,0.047222222222222165,0.0892857142857143,0.7285714285714285
v2fed-digits-c20-a030-s7,20,0.3,7,mlp,81600,81300,0.875,0.6666666666666666,0.030555555555555558,0.0,
v2fed-digits-c20-a030-s7,20,0.3,7,mlp,102000,102000,0.8694444444444445,0.5714285714285714,0.0,0.0,1.2142857142857142
v2fed-digits-c20-a100-s1,20,1.0,1,nearest,44100,44100,0.9111111111111111,0.75,0.0,0.0,1.0
v2fed-digits-c20-a100-s1,20,1.0,1,nearest,65700,65700,0.9472222222222222,0.8055555555555556,0.01388888888888884,0.05555555555555558,0.8830645161290323
v2fed-digits-c20-a100-s1,20,1.0,1,nearest,87300,87300,0.95,0.8235294117647058,0.0,-0.04313725490196085,1.0777777777777777
v2fed-digits-c20-a100-s1,20,1.0,1,nearest,108900,108900,0.9611111111111111,0.8888888888888888,0.0,0.022222222222222143,1.0739644970414202
v2fed-digits-c20-a100-s1,20,1.0,1,nearest,130500,130500,0.9694444444444444,0.9166666666666666,0.0,0.0,1.1788617886178863
v2fed-digits-c20-a100-s1,20,1.0,1,logistic,44100,44100,0.9083333333333333,0.7272727272727273,0.0,0.0,1.0
v2fed-digits-c20-a100-s1,20,1.0,1,logistic,65700,65700,0.9361111111111111,0.7272727272727273,0.0,-0.045454545454545414,1.123076923076923
v2fed-digits-c20-a100-s1,20,1.0,1,logistic,87300,87300,0.9388888888888889,0.8181818181818182,0.0,0.018181818181818188,1.4923076923076923
v2fed-digits-c20-a100-s1,20,1.0,1,logistic,108900,108900,0.9472222222222222,0.8,0.005555555555555536,0.0,0.9603174603174603
v2fed-digits-c20-a100-s1,20,1.0,1,logistic,130500,130500,0.9444444444444444,0.8,-0.002777777777777768,0.0,1.3425925925925926
v2fed-digits-c20-a100-s1,20,1.0,1,mlp,44100,44100,0.8,0.6363636363636364,0.0,0.0,1.0
v2fed-digits-c20-a100-s1,20,1.0,1,mlp,65700,65700,0.85,0.7272727272727273,-0.02777777777777779,0.09090909090909094,1.190217391304348
v2fed-digits-c20-a100-s1,20,1.0,1,mlp,87300,87300,0.8777777777777778,0.7272727272727273,-0.01666666666666672,0.0,1.5815217391304348
v2fed-digits-c20-a100-s1,20,1.0,1,mlp,108900,108900,0.925,0.7727272727272727,0.01388888888888895,-0.027272727272727337,
v2fed-digits-c20-a100-s1,20,1.0,1,mlp,130500,130500,0.9027777777777778,0.7727272727272727,-0.008333333333333304,-0.027272727272727337,1.3425925925925926
v2fed-digits-c20-a100-s2026,20,1.0,2026,nearest,34500,34500,0.9083333333333333,0.5,0.0,0.0,1.0
v2fed-digits-c20-a100-s2026,20,1.0,2026,nearest,54900,54900,0.9305555555555556,0.5,-0.005555555555555536,0.0,1.2534246575342465
v2fed-digits-c20-a100-s2026,20,1.0,2026,nearest,75300,74700,0.925,0.5,-0.011111111111111072,0.0,1.7054794520547945
v2fed-digits-c20-a100-s2026,20,1.0,2026,nearest,95700,95400,0.9333333333333333,0.8,-0.002777777777777768,0.30000000000000004,2.134228187919463
v2fed-digits-c20-a100-s2026,20,1.0,2026,nearest,116100,116100,0.9444444444444444,0.8,0.0,0.0,1.0810055865921788
v2fed-digits-c20-a100-s2026,20,1.0,2026,logistic,34500,34500,0.9138888888888889,0.0,0.0,0.0,1.0
v2fed-digits-c20-a100-s2026,20,1.0,2026,logistic,54900,54900,0.9333333333333333,0.5,-0.005555555555555536,0.5,1.2534246575342465
v2fed-digits-c20-a100-s2026,20,1.0,2026,logistic,75300,74700,0.9277777777777778,0.5,-0.019444444444444375,0.0,1.7054794520547945
v2fed-digits-c20-a100-s2026,20,1.0,2026,logistic,95700,95400,0.9388888888888889,0.5,-0.01388888888888884,0.0,2.1780821917808217
v2fed-digits-c20-a100-s2026,20,1.0,2026,logistic,116100,116100,0.9305555555555556,0.5,-0.022222222222222143,0.0,2.6506849315068495
v2fed-digits-c20-a100-s2026,20,1.0,2026,mlp,34500,34500,0.8388888888888889,0.5,0.0,0.0,1.0
v2fed-digits-c20-a100-s2026,20,1.0,2026,mlp,54900,54900,0.8388888888888889,0.5,-0.019444444444444375,0.0,1.5913043478260869
v2fed-digits-c20-a100-s2026,20,1.0,2026,mlp,75300,74700,0.8638888888888889,0.5,0.005555555555555647,0.0,0.950381679389313
v2fed-digits-c20-a100-s2026,20,1.0,2026,mlp,95700,95400,0.8722222222222222,0.5,0.008333333333333304,0.0,
v2fed-digits-c20-a100-s2026,20,1.0,2026,mlp,116100,116100,0.8638888888888889,0.0,0.0,-0.5,1.4770992366412214
v2fed-digits-c20-a100-s21,20,1.0,21,nearest,37800,37800,0.8944444444444445,0.7142857142857143,0.0,0.0,1.0
v2fed-digits-c20-a100-s21,20,1.0,21,nearest,57000,57000,0.9305555555555556,0.5,0.022222222222222254,-0.33333333333333337,0.5757575757575758
v2fed-digits-c20-a100-s21,20,1.0,21,nearest,76500,76500,0.9166666666666666,0.8333333333333334,-0.008333333333333415,0.33333333333333337,1.186046511627907
v2fed-digits-c20-a100-s21,20,1.0,21,nearest,96000,96000,0.9166666666666666,0.8,-0.008333333333333415,0.30000000000000004,1.4883720930232558
v2fed-digits-c20-a100-s21,20,1.0,21,nearest,115200,115200,0.9388888888888889,0.8181818181818182,0.0,0.0,1.0078740157480315
v2fed-digits-c20-a100-s21,20,1.0,21,logistic,37800,37800,0.925,0.8333333333333334,0.0,0.0,1.0
v2fed-digits-c20-a100-s21,20,1.0,21,logistic,57000,57000,0.9333333333333333,0.8333333333333334,0.002777777777777768,0.0,1.2418300653594772
v2fed-digits-c20-a100-s21,20,1.0,21,logistic,76500,76500,0.9333333333333333,0.8333333333333334,0.002777777777777768,0.0,1.6666666666666667
v2fed-digits-c20-a100-s21,20,1.0,21,logistic,96000,96000,0.9305555555555556,0.8333333333333334,-0.002777777777777768,0.0,2.2222222222222223
v2fed-digits-c20-a100-s21,20,1.0,21,logistic,115200,115200,0.9333333333333333,0.8,-0.008333333333333304,-0.033333333333333326,2.5098039215686274
v2fed-digits-c20-a100-s21,20,1.0,21,mlp,37800,37800,0.7777777777777778,0.5333333333333333,0.0,0.0,1.0
v2fed-digits-c20-a100-s21,20,1.0,21,mlp,57000,57000,0.8444444444444444,0.6666666666666666,0.02777777777777779,0.16666666666666663,0.8962264150943396
v2fed-digits-c20-a100-s21,20,1.0,21,mlp,76500,76500,0.8277777777777777,0.625,-0.025000000000000022,-0.0892857142857143,1.2085308056872037
v2fed-digits-c20-a100-s21,20,1.0,21,mlp,96000,96000,0.8777777777777778,0.6666666666666666,0.022222222222222254,0.08333333333333326,
v2fed-digits-c20-a100-s21,20,1.0,21,mlp,115200,115200,0.8444444444444444,0.6666666666666666,-0.019444444444444486,0.08333333333333326,1.8113207547169812
v2fed-digits-c20-a100-s42,20,1.0,42,nearest,40800,40800,0.8888888888888888,0.6666666666666666,0.0,0.0,1.0
v2fed-digits-c20-a100-s42,20,1.0,42,nearest,62400,62400,0.925,0.6666666666666666,0.005555555555555647,0.0,0.8702928870292888
v2fed-digits-c20-a100-s42,20,1.0,42,nearest,84300,84300,0.9333333333333333,0.8461538461538461,-0.01388888888888884,0.17948717948717952,1.1757322175732217
v2fed-digits-c20-a100-s42,20,1.0,42,nearest,106200,106200,0.9472222222222222,0.8571428571428571,-0.008333333333333415,0.0,1.3358490566037735
v2fed-digits-c20-a100-s42,20,1.0,42,nearest,127800,127800,0.9583333333333334,0.8571428571428571,-0.002777777777777768,0.0,1.3481012658227849
v2fed-digits-c20-a100-s42,20,1.0,42,logistic,40800,40800,0.8944444444444445,0.6666666666666666,0.0,0.0,1.0
v2fed-digits-c20-a100-s42,20,1.0,42,logistic,62400,62400,0.9194444444444444,0.7222222222222222,0.01388888888888884,-0.047008547008547064,0.8702928870292888
v2fed-digits-c20-a100-s42,20,1.0,42,logistic,84300,84300,0.9138888888888889,0.7777777777777778,-0.01388888888888895,0.05555555555555558,1.1757322175732217
v2fed-digits-c20-a100-s42,20,1.0,42,logistic,106200,106200,0.9222222222222223,0.8,-0.01388888888888884,-0.033333333333333326,1.4811715481171548
v2fed-digits-c20-a100-s42,20,1.0,42,logistic,127800,127800,0.9361111111111111,0.8333333333333334,-0.008333333333333304,0.0,1.3481012658227849
v2fed-digits-c20-a100-s42,20,1.0,42,mlp,40800,40800,0.775,0.6,0.0,0.0,1.0
v2fed-digits-c20-a100-s42,20,1.0,42,mlp,62400,62400,0.8,0.6666666666666666,-0.0527777777777777,-0.06666666666666665,1.2839506172839505
v2fed-digits-c20-a100-s42,20,1.0,42,mlp,84300,84300,0.8611111111111112,0.6,-0.033333333333333326,-0.2205128205128205,1.1708333333333334
v2fed-digits-c20-a100-s42,20,1.0,42,mlp,106200,106200,0.8333333333333334,0.6,-0.07777777777777772,-0.1777777777777778,2.0823529411764707
v2fed-digits-c20-a100-s42,20,1.0,42,mlp,127800,127800,0.8416666666666667,0.7222222222222222,-0.06944444444444442,-0.05555555555555558,2.5058823529411764
v2fed-digits-c20-a100-s7,20,1.0,7,nearest,43500,43500,0.8861111111111111,0.5,0.0,0.0,1.0
v2fed-digits-c20-a100-s7,20,1.0,7,nearest,63600,63600,0.8972222222222223,0.5,-0.02777777777777779,0.0,1.1843575418994414
v2fed-digits-c20-a100-s7,20,1.0,7,nearest,84000,84000,0.9333333333333333,0.8518518518518519,0.008333333333333304,0.35185185185185186,0.89171974522293
v2fed-digits-c20-a100-s7,20,1.0,7,nearest,104100,104100,0.9305555555555556,0.8518518518518519,-0.002777777777777768,0.35185185185185186,1.105095541401274
v2fed-digits-c20-a100-s7,20,1.0,7,nearest,124200,124200,0.9361111111111111,0.8,-0.002777777777777768,-0.06666666666666665,1.3184713375796178
v2fed-digits-c20-a100-s7,20,1.0,7,logistic,43500,43500,0.9083333333333333,0.8,0.0,0.0,1.0
v2fed-digits-c20-a100-s7,20,1.0,7,logistic,63600,63600,0.9138888888888889,0.7878787878787878,-0.005555555555555536,0.28787878787878785,1.1843575418994414
v2fed-digits-c20-a100-s7,20,1.0,7,logistic,84000,84000,0.9444444444444444,0.84,0.019444444444444375,0.021818181818181737,0.9302325581395349
v2fed-digits-c20-a100-s7,20,1.0,7,logistic,104100,104100,0.9388888888888889,0.8666666666666667,-0.005555555555555536,0.3666666666666667,1.2175438596491228
v2fed-digits-c20-a100-s7,20,1.0,7,logistic,124200,124200,0.9361111111111111,0.8181818181818182,-0.008333333333333304,0.31818181818181823,1.4680851063829787
v2fed-digits-c20-a100-s7,20,1.0,7,mlp,43500,43500,0.7944444444444444,0.0,0.0,0.0,1.0
v2fed-digits-c20-a100-s7,20,1.0,7,mlp,63600,63600,0.85,0.5,0.01388888888888884,0.5,0.6328358208955224
v2fed-digits-c20-a100-s7,20,1.0,7,mlp,84000,84000,0.8555555555555555,0.5,0.01388888888888884,0.5,0.835820895522388
v2fed-digits-c20-a100-s7,20,1.0,7,mlp,104100,104100,0.8333333333333334,0.0,-0.030555555555555558,-0.5,1.9385474860335195
v2fed-digits-c20-a100-s7,20,1.0,7,mlp,124200,124200,0.8694444444444445,0.0,-0.002777777777777768,0.0,1.1129032258064515
v2fed-digits-c5-a005-s1,5,0.05,1,nearest,2700,2700,0.75,0.5,0.0,0.0,1.0
v2fed-digits-c5-a005-s1,5,0.05,1,nearest,11400,11400,0.9444444444444444,0.91875,0.005555555555555536,-0.008522727272727293,0.8636363636363636
v2fed-digits-c5-a005-s1,5,0.05,1,nearest,19800,18900,0.9722222222222222,0.9583333333333334,0.0,0.0,1.0
v2fed-digits-c5-a005-s1,5,0.05,1,nearest,28500,26100,0.9611111111111111,0.9473684210526315,-0.011111111111111072,-0.010964912280701844,1.380952380952381
v2fed-digits-c5-a005-s1,5,0.05,1,nearest,37200,37200,0.9777777777777777,0.96875,0.0,0.0,1.0
v2fed-digits-c5-a005-s1,5,0.05,1,logistic,2700,2700,0.7444444444444445,0.4868421052631579,0.0,0.0,1.0
v2fed-digits-c5-a005-s1,5,0.05,1,logistic,11400,11400,0.9083333333333333,0.8727272727272727,0.0,-0.018181818181818188,1.4074074074074074
v2fed-digits-c5-a005-s1,5,0.05,1,logistic,19800,18900,0.9361111111111111,0.9210526315789473,0.0,0.0,1.4318181818181819
v2fed-digits-c5-a005-s1,5,0.05,1,logistic,28500,26100,0.9388888888888889,0.9210526315789473,0.0,-0.003947368421052699,1.380952380952381
v2fed-digits-c5-a005-s1,5,0.05,1,logistic,37200,37200,0.9444444444444444,0.93125,0.0,0.0,1.0
v2fed-digits-c5-a005-s1,5,0.05,1,mlp,2700,2700,0.25,0.013157894736842105,0.0,0.0,1.0
v2fed-digits-c5-a005-s1,5,0.05,1,mlp,11400,11400,0.7666666666666667,0.71875,0.03888888888888897,0.11875000000000002,0.6031746031746031
v2fed-digits-c5-a005-s1,5,0.05,1,mlp,19800,18900,0.7666666666666667,0.6458333333333334,0.0,0.0,1.0
v2fed-digits-c5-a005-s1,5,0.05,1,mlp,28500,26100,0.7416666666666667,0.6710526315789473,-0.025000000000000022,0.025219298245613975,1.9772727272727273
v2fed-digits-c5-a005-s1,5,0.05,1,mlp,37200,37200,0.7611111111111111,0.69375,-0.005555555555555647,0.04791666666666661,1.9682539682539681
v2fed-digits-c5-a005-s2026,5,0.05,2026,nearest,4200,4200,0.8222222222222222,0.72,0.0,0.0,1.0
v2fed-digits-c5-a005-s2026,5,0.05,2026,nearest,12600,12300,0.9194444444444444,0.9,-0.008333333333333415,-0.0038461538461538325,1.3666666666666667
v2fed-digits-c5-a005-s2026,5,0.05,2026,nearest,21000,19800,0.9388888888888889,0.8947368421052632,-0.008333333333333304,-0.02561714019562178,1.346938775510204
v2fed-digits-c5-a005-s2026,5,0.05,2026,nearest,29400,27900,0.9472222222222222,0.8421052631578947,-0.002777777777777768,-0.08097165991902844,1.5245901639344261
v2fed-digits-c5-a005-s2026,5,0.05,2026,nearest,37800,37800,0.9583333333333334,0.9230769230769231,0.0,0.003076923076923088,1.2475247524752475
v2fed-digits-c5-a005-s2026,5,0.05,2026,logistic,4200,4200,0.8416666666666667,0.7857142857142857,0.0,0.0,1.0
v2fed-digits-c5-a005-s2026,5,0.05,2026,logistic,12600,12300,0.9138888888888889,0.9026548672566371,-0.005555555555555536,-0.0011912865895167268,1.3666666666666667
v2fed-digits-c5-a005-s2026,5,0.05,2026,logistic,21000,19800,0.9361111111111111,0.9038461538461539,0.0,0.0038461538461538325,1.0819672131147542
v2fed-digits-c5-a005-s2026,5,0.05,2026,logistic,29400,27900,0.9361111111111111,0.9038461538461539,-0.008333333333333304,0.0,1.5245901639344261
v2fed-digits-c5-a005-s2026,5,0.05,2026,logistic,37800,37800,0.95,0.9038461538461539,0.0,0.0,1.2475247524752475
v2fed-digits-c5-a005-s2026,5,0.05,2026,mlp,4200,4200,0.7666666666666667,0.7345132743362832,0.0,0.0,1.0
v2fed-digits-c5-a005-s2026,5,0.05,2026,mlp,12600,12300,0.7361111111111112,0.6153846153846154,-0.036111111111111094,-0.07692307692307687,2.9285714285714284
v2fed-digits-c5-a005-s2026,5,0.05,2026,mlp,21000,19800,0.7333333333333333,0.5384615384615384,-0.03888888888888897,-0.15384615384615385,4.714285714285714
v2fed-digits-c5-a005-s2026,5,0.05,2026,mlp,29400,27900,0.7444444444444445,0.5576923076923077,-0.02777777777777779,-0.13461538461538458,6.642857142857143
v2fed-digits-c5-a005-s2026,5,0.05,2026,mlp,37800,37800,0.7583333333333333,0.40384615384615385,-0.01388888888888895,-0.28846153846153844,9.0
v2fed-digits-c5-a005-s21,5,0.05,21,nearest,2700,2700,0.7194444444444444,0.6,0.0,0.0,1.0
v2fed-digits-c5-a005-s21,5,0.05,21,nearest,11400,10500,0.925,0.9101123595505618,0.0,0.0,1.6666666666666667
v2fed-digits-c5-a005-s21,5,0.05,21,nearest,20100,17400,0.9361111111111111,0.9,-0.002777777777777768,-0.016666666666666607,1.0545454545454545
v2fed-digits-c5-a005-s21,5,0.05,21,nearest,28800,28500,0.9444444444444444,0.9,0.0,0.0,1.1585365853658536
v2fed-digits-c5-a005-s21,5,0.05,21,nearest,37500,37500,0.9555555555555556,0.9,0.0,0.0,1.0
v2fed-digits-c5-a005-s21,5,0.05,21,logistic,2700,2700,0.7111111111111111,0.6333333333333333,0.0,0.0,1.0
v2fed-digits-c5-a005-s21,5,0.05,21,logistic,11400,10500,0.925,0.8764044943820225,0.0,0.0,1.0
v2fed-digits-c5-a005-s21,5,0.05,21,logistic,20100,17400,0.9277777777777778,0.8823529411764706,-0.011111111111111072,-0.03899537343027104,1.6571428571428573
v2fed-digits-c5-a005-s21,5,0.05,21,logistic,28800,28500,0.9444444444444444,0.9213483146067416,0.0,0.0,1.0
v2fed-digits-c5-a005-s21,5,0.05,21,logistic,37500,37500,0.9361111111111111,0.9213483146067416,-0.008333333333333304,0.0,2.272727272727273
v2fed-digits-c5-a005-s21,5,0.05,21,mlp,2700,2700,0.6916666666666667,0.6044776119402985,0.0,0.0,1.0
v2fed-digits-c5-a005-s21,5,0.05,21,mlp,11400,10500,0.8,0.651685393258427,-0.04166666666666663,-0.13164794007490632,1.75
v2fed-digits-c5-a005-s21,5,0.05,21,mlp,20100,17400,0.8388888888888889,0.7752808988764045,-0.002777777777777768,-0.008052434456928825,2.9
v2fed-digits-c5-a005-s21,5,0.05,21,mlp,28800,28500,0.8194444444444444,0.6966292134831461,-0.022222222222222254,-0.08670411985018722,4.75
v2fed-digits-c5-a005-s21,5,0.05,21,mlp,37500,37500,0.7777777777777778,0.5955056179775281,-0.06388888888888888,-0.18782771535580522,6.25
v2fed-digits-c5-a005-s42,5,0.05,42,nearest,3900,3900,0.7888888888888889,0.6666666666666666,0.0,0.0,1.0
v2fed-digits-c5-a005-s42,5,0.05,42,nearest,16200,14400,0.9138888888888889,0.8653846153846154,0.008333333333333304,0.0,0.9056603773584906
v2fed-digits-c5-a005-s42,5,0.05,42,nearest,28800,26100,0.95,0.9038461538461539,0.0,0.0,1.1153846153846154
v2fed-digits-c5-a005-s42,5,0.05,42,nearest,41400,40500,0.9583333333333334,0.9102564102564102,-0.005555555555555536,-0.02564102564102566,1.2616822429906542
v2fed-digits-c5-a005-s42,5,0.05,42,nearest,53700,53700,0.9805555555555555,0.9615384615384616,0.0,0.0,1.0
v2fed-digits-c5-a005-s42,5,0.05,42,logistic,3900,3900,0.8111111111111111,0.7371794871794872,0.0,0.0,1.0
v2fed-digits-c5-a005-s42,5,0.05,42,logistic,16200,14400,0.9194444444444444,0.8846153846153846,0.02499999999999991,0.02564102564102566,0.8727272727272727
v2fed-digits-c5-a005-s42,5,0.05,42,logistic,28800,26100,0.9361111111111111,0.9038461538461539,-0.002777777777777768,-0.012820512820512775,1.1153846153846154
v2fed-digits-c5-a005-s42,5,0.05,42,logistic,41400,40500,0.9444444444444444,0.9166666666666666,-0.005555555555555536,0.0,1.2616822429906542
v2fed-digits-c5-a005-s42,5,0.05,42,logistic,53700,53700,0.9444444444444444,0.8333333333333334,-0.005555555555555536,-0.08333333333333326,1.6728971962616823
v2fed-digits-c5-a005-s42,5,0.05,42,mlp,3900,3900,0.6027777777777777,0.5128205128205128,0.0,0.0,1.0
v2fed-digits-c5-a005-s42,5,0.05,42,mlp,16200,14400,0.7305555555555555,0.6282051282051282,-0.011111111111111183,-0.05769230769230771,1.263157894736842
v2fed-digits-c5-a005-s42,5,0.05,42,mlp,28800,26100,0.8416666666666667,0.7756410256410257,0.0,0.0,1.0
v2fed-digits-c5-a005-s42,5,0.05,42,mlp,41400,40500,0.8472222222222222,0.7564102564102564,0.0,-0.06711915535444946,1.2616822429906542
v2fed-digits-c5-a005-s42,5,0.05,42,mlp,53700,53700,0.7611111111111111,0.6805555555555556,-0.08611111111111114,-0.14297385620915026,2.057471264367816
v2fed-digits-c5-a005-s7,5,0.05,7,nearest,2700,2700,0.7916666666666666,0.6078431372549019,0.0,0.0,1.0
v2fed-digits-c5-a005-s7,5,0.05,7,nearest,10800,10200,0.9111111111111111,0.8055555555555556,-0.011111111111111183,-0.02777777777777779,1.2592592592592593
v2fed-digits-c5-a005-s7,5,0.05,7,nearest,19200,19200,0.9277777777777778,0.7638888888888888,-0.01388888888888884,-0.04166666666666674,1.2075471698113207
v2fed-digits-c5-a005-s7,5,0.05,7,nearest,27300,27000,0.9361111111111111,0.8194444444444444,-0.005555555555555536,0.01388888888888884,1.40625
v2fed-digits-c5-a005-s7,5,0.05,7,nearest,35400,35400,0.9722222222222222,0.9047619047619048,0.0,0.0,1.0
v2fed-digits-c5-a005-s7,5,0.05,7,logistic,2700,2700,0.7861111111111111,0.6078431372549019,0.0,0.0,1.0
v2fed-digits-c5-a005-s7,5,0.05,7,logistic,10800,10200,0.9,0.8194444444444444,-0.02777777777777779,-0.01388888888888895,2.0
v2fed-digits-c5-a005-s7,5,0.05,7,logistic,19200,19200,0.9138888888888889,0.8194444444444444,-0.01388888888888895,-0.01388888888888895,2.3703703703703702
v2fed-digits-c5-a005-s7,5,0.05,7,logistic,27300,27000,0.925,0.8333333333333334,-0.002777777777777768,0.0,3.3333333333333335
v2fed-digits-c5-a005-s7,5,0.05,7,logistic,35400,35400,0.9416666666666667,0.9166666666666666,0.0,0.0,1.2291666666666667
v2fed-digits-c5-a005-s7,5,0.05,7,mlp,2700,2700,0.6583333333333333,0.3137254901960784,0.0,0.0,1.0
v2fed-digits-c5-a005-s7,5,0.05,7,mlp,10800,10200,0.6861111111111111,0.6190476190476191,-0.08333333333333337,0.0357142857142857,1.7894736842105263
v2fed-digits-c5-a005-s7,5,0.05,7,mlp,19200,19200,0.7333333333333333,0.6111111111111112,-0.06944444444444453,-0.10317460317460314,2.909090909090909
v2fed-digits-c5-a005-s7,5,0.05,7,mlp,27300,27000,0.6944444444444444,0.3333333333333333,-0.10833333333333339,-0.380952380952381,4.7368421052631575
v2fed-digits-c5-a005-s7,5,0.05,7,mlp,35400,35400,0.8083333333333333,0.5952380952380952,0.0,0.0,1.0
v2fed-digits-c5-a010-s1,5,0.1,1,nearest,4500,4500,0.8805555555555555,0.8205128205128205,0.0,0.0,1.0
v2fed-digits-c5-a010-s1,5,0.1,1,nearest,13800,13200,0.9305555555555556,0.911504424778761,-0.008333333333333304,0.0,1.4193548387096775
v2fed-digits-c5-a010-s1,5,0.1,1,nearest,23400,21300,0.9472222222222222,0.9230769230769231,-0.008333333333333415,-0.02564102564102555,1.3396226415094339
v2fed-digits-c5-a010-s1,5,0.1,1,nearest,33000,32400,0.9777777777777777,0.9615384615384616,0.0,0.0,1.0
v2fed-digits-c5-a010-s1,5,0.1,1,nearest,42300,42300,0.9833333333333333,0.9692307692307692,0.0,0.0,1.0
v2fed-digits-c5-a010-s1,5,0.1,1,logistic,4500,4500,0.875,0.7948717948717948,0.0,0.0,1.0
v2fed-digits-c5-a010-s1,5,0.1,1,logistic,13800,13200,0.9222222222222223,0.9026548672566371,0.0,0.03085999546176532,1.4193548387096775
v2fed-digits-c5-a010-s1,5,0.1,1,logistic,23400,21300,0.9138888888888889,0.8717948717948718,-0.011111111111111183,0.0,2.2903225806451615
v2fed-digits-c5-a010-s1,5,0.1,1,logistic,33000,32400,0.9416666666666667,0.9090909090909091,0.0,0.0,1.0
v2fed-digits-c5-a010-s1,5,0.1,1,logistic,42300,42300,0.95,0.9090909090909091,0.0,0.0,1.0
v2fed-digits-c5-a010-s1,5,0.1,1,mlp,4500,4500,0.7972222222222223,0.7272727272727273,0.0,0.0,1.0
v2fed-digits-c5-a010-s1,5,0.1,1,mlp,13800,13200,0.7222222222222222,0.6461538461538462,-0.07500000000000007,-0.0811188811188811,2.933333333333333
v2fed-digits-c5-a010-s1,5,0.1,1,mlp,23400,21300,0.7472222222222222,0.6814159292035398,-0.050000000000000044,-0.04585679806918752,4.733333333333333
v2fed-digits-c5-a010-s1,5,0.1,1,mlp,33000,32400,0.8444444444444444,0.7769230769230769,0.0,0.0,1.0
v2fed-digits-c5-a010-s1,5,0.1,1,mlp,42300,42300,0.85,0.8153846153846154,0.0,0.0,1.0
v2fed-digits-c5-a010-s2026,5,0.1,2026,nearest,2700,2700,0.8222222222222222,0.6727272727272727,0.0,0.0,1.0
v2fed-digits-c5-a010-s2026,5,0.1,2026,nearest,12600,10800,0.925,0.6666666666666666,0.0,0.0,1.0
v2fed-digits-c5-a010-s2026,5,0.1,2026,nearest,22800,22500,0.9444444444444444,0.6944444444444444,0.005555555555555536,-0.02777777777777779,0.8152173913043478
v2fed-digits-c5-a010-s2026,5,0.1,2026,nearest,32700,30300,0.9666666666666667,0.8333333333333334,0.011111111111111072,0.08333333333333337,0.7112676056338029
v2fed-digits-c5-a010-s2026,5,0.1,2026,nearest,42600,42600,0.9694444444444444,0.8611111111111112,0.0,0.0,1.0
v2fed-digits-c5-a010-s2026,5,0.1,2026,logistic,2700,2700,0.8194444444444444,0.6727272727272727,0.0,0.0,1.0
v2fed-digits-c5-a010-s2026,5,0.1,2026,logistic,12600,10800,0.9111111111111111,0.75,0.0,0.0,1.0
v2fed-digits-c5-a010-s2026,5,0.1,2026,logistic,22800,22500,0.9277777777777778,0.75,0.002777777777777768,0.02777777777777779,1.0714285714285714
v2fed-digits-c5-a010-s2026,5,0.1,2026,logistic,32700,30300,0.9472222222222222,0.75,0.008333333333333304,-0.02777777777777779,
v2fed-digits-c5-a010-s2026,5,0.1,2026,logistic,42600,42600,0.9416666666666667,0.75,0.0,0.0,1.5434782608695652
v2fed-digits-c5-a010-s2026,5,0.1,2026,mlp,2700,2700,0.7138888888888889,0.42857142857142855,0.0,0.0,1.0
v2fed-digits-c5-a010-s2026,5,0.1,2026,mlp,12600,10800,0.7277777777777777,0.5357142857142857,-0.05833333333333335,0.06349206349206349,3.6
v2fed-digits-c5-a010-s2026,5,0.1,2026,mlp,22800,22500,0.7611111111111111,0.5555555555555556,-0.030555555555555558,0.0,6.818181818181818
v2fed-digits-c5-a010-s2026,5,0.1,2026,mlp,32700,30300,0.7916666666666666,0.6274509803921569,-0.005555555555555647,-0.039215686274509776,1.4428571428571428
v2fed-digits-c5-a010-s2026,5,0.1,2026,mlp,42600,42600,0.8472222222222222,0.6944444444444444,0.0,0.0,1.0
v2fed-digits-c5-a010-s21,5,0.1,21,nearest,4200,4200,0.8833333333333333,0.7307692307692307,0.0,0.0,1.0
v2fed-digits-c5-a010-s21,5,0.1,21,nearest,17400,17100,0.9472222222222222,0.9090909090909091,0.005555555555555536,0.0009276437847866026,0.9344262295081968
v2fed-digits-c5-a010-s21,5,0.1,21,nearest,30600,30000,0.9611111111111111,0.9272727272727272,0.008333333333333415,0.0,0.9090909090909091
v2fed-digits-c5-a010-s21,5,0.1,21,nearest,43800,43800,0.9666666666666667,0.9230769230769231,0.002777777777777768,0.0,1.0138888888888888
v2fed-digits-c5-a010-s21,5,0.1,21,nearest,57000,57000,0.9555555555555556,0.9230769230769231,-0.008333333333333304,0.0,2.345679012345679
v2fed-digits-c5-a010-s21,5,0.1,21,logistic,4200,4200,0.8472222222222222,0.7818181818181819,0.0,0.0,1.0
v2fed-digits-c5-a010-s21,5,0.1,21,logistic,17400,17100,0.9222222222222223,0.8653846153846154,0.005555555555555647,0.0,0.9344262295081968
v2fed-digits-c5-a010-s21,5,0.1,21,logistic,30600,30000,0.9305555555555556,0.8461538461538461,-0.011111111111111072,-0.05769230769230771,1.1764705882352942
v2fed-digits-c5-a010-s21,5,0.1,21,logistic,43800,43800,0.9472222222222222,0.8846153846153846,0.002777777777777768,-0.02447552447552448,1.3272727272727274
v2fed-digits-c5-a010-s21,5,0.1,21,logistic,57000,57000,0.95,0.8909090909090909,0.0,0.0,1.0
v2fed-digits-c5-a010-s21,5,0.1,21,mlp,4200,4200,0.7,0.6326530612244898,0.0,0.0,1.0
v2fed-digits-c5-a010-s21,5,0.1,21,mlp,17400,17100,0.8694444444444445,0.7884615384615384,0.06666666666666665,0.023155416012558883,
v2fed-digits-c5-a010-s21,5,0.1,21,mlp,30600,30000,0.7666666666666667,0.5769230769230769,-0.05833333333333324,-0.1346153846153847,3.8461538461538463
v2fed-digits-c5-a010-s21,5,0.1,21,mlp,43800,43800,0.7888888888888889,0.7272727272727273,-0.03888888888888886,-0.022727272727272707,5.615384615384615
v2fed-digits-c5-a010-s21,5,0.1,21,mlp,57000,57000,0.8361111111111111,0.7884615384615384,0.0,0.04933110367892979,1.1875
v2fed-digits-c5-a010-s42,5,0.1,42,nearest,3600,3600,0.7527777777777778,0.6451612903225806,0.0,0.0,1.0
v2fed-digits-c5-a010-s42,5,0.1,42,nearest,15900,15900,0.9305555555555556,0.9166666666666666,0.02777777777777779,0.17473118279569888,0.8688524590163934
v2fed-digits-c5-a010-s42,5,0.1,42,nearest,28200,27900,0.9472222222222222,0.8709677419354839,-0.005555555555555536,-0.049032258064516165,1.24
v2fed-digits-c5-a010-s42,5,0.1,42,nearest,40800,40200,0.9527777777777777,0.9032258064516129,-0.005555555555555647,0.0,1.7402597402597402
v2fed-digits-c5-a010-s42,5,0.1,42,nearest,53100,53100,0.9638888888888889,0.9032258064516129,0.0,0.0,1.0
v2fed-digits-c5-a010-s42,5,0.1,42,logistic,3600,3600,0.7611111111111111,0.6451612903225806,0.0,0.0,1.0
v2fed-digits-c5-a010-s42,5,0.1,42,logistic,15900,15900,0.9111111111111111,0.7419354838709677,0.011111111111111072,0.06451612903225812,0.8688524590163934
v2fed-digits-c5-a010-s42,5,0.1,42,logistic,28200,27900,0.9194444444444444,0.7096774193548387,0.002777777777777768,0.032258064516129115,1.5245901639344261
v2fed-digits-c5-a010-s42,5,0.1,42,logistic,40800,40200,0.9472222222222222,0.8709677419354839,0.002777777777777768,0.0,1.0151515151515151
v2fed-digits-c5-a010-s42,5,0.1,42,logistic,53100,53100,0.9583333333333334,0.8709677419354839,0.0,0.0,1.0
v2fed-digits-c5-a010-s42,5,0.1,42,mlp,3600,3600,0.6861111111111111,0.46,0.0,0.0,1.0
v2fed-digits-c5-a010-s42,5,0.1,42,mlp,15900,15900,0.7361111111111112,0.5161290322580645,0.01388888888888895,0.016129032258064502,0.8548387096774194
v2fed-digits-c5-a010-s42,5,0.1,42,mlp,28200,27900,0.7833333333333333,0.6774193548387096,0.02777777777777779,-0.04258064516129034,0.8303571428571429
v2fed-digits-c5-a010-s42,5,0.1,42,mlp,40800,40200,0.8083333333333333,0.7267441860465116,-0.011111111111111072,-0.05586450960566236,1.1964285714285714
v2fed-digits-c5-a010-s42,5,0.1,42,mlp,53100,53100,0.8194444444444444,0.6956521739130435,0.0,-0.08695652173913049,1.3409090909090908
v2fed-digits-c5-a010-s7,5,0.1,7,nearest,3600,3600,0.7972222222222223,0.664,0.0,0.0,1.0
v2fed-digits-c5-a010-s7,5,0.1,7,nearest,11400,11400,0.9583333333333334,0.9285714285714286,0.01666666666666672,0.017857142857142905,0.8636363636363636
v2fed-digits-c5-a010-s7,5,0.1,7,nearest,19200,17100,0.9611111111111111,0.936,0.0,0.0,1.0
v2fed-digits-c5-a010-s7,5,0.1,7,nearest,27300,27300,0.9527777777777777,0.9405940594059405,-0.008333333333333415,0.004594059405940487,2.0681818181818183
v2fed-digits-c5-a010-s7,5,0.1,7,nearest,35100,35100,0.9638888888888889,0.952,0.0,0.0,2.0526315789473686
v2fed-digits-c5-a010-s7,5,0.1,7,logistic,3600,3600,0.7944444444444444,0.68,0.0,0.0,1.0
v2fed-digits-c5-a010-s7,5,0.1,7,logistic,11400,11400,0.9277777777777778,0.904,0.002777777777777768,0.0,1.1875
v2fed-digits-c5-a010-s7,5,0.1,7,logistic,19200,17100,0.925,0.896,-0.002777777777777768,-0.008000000000000007,1.78125
v2fed-digits-c5-a010-s7,5,0.1,7,logistic,27300,27300,0.9361111111111111,0.928,-0.002777777777777768,0.03514285714285714,1.123456790123457
v2fed-digits-c5-a010-s7,5,0.1,7,logistic,35100,35100,0.9333333333333333,0.92,-0.005555555555555536,0.027142857142857135,1.4444444444444444
v2fed-digits-c5-a010-s7,5,0.1,7,mlp,3600,3600,0.5694444444444444,0.424,0.0,0.0,1.0
v2fed-digits-c5-a010-s7,5,0.1,7,mlp,11400,11400,0.7027777777777777,0.375,-0.05555555555555558,-0.1428571428571429,2.235294117647059
v2fed-digits-c5-a010-s7,5,0.1,7,mlp,19200,17100,0.7972222222222223,0.7111111111111111,0.0,0.0,1.0
v2fed-digits-c5-a010-s7,5,0.1,7,mlp,27300,27300,0.8027777777777778,0.6888888888888889,0.005555555555555536,-0.022222222222222254,0.7777777777777778
v2fed-digits-c5-a010-s7,5,0.1,7,mlp,35100,35100,0.8083333333333333,0.7111111111111111,0.0,0.0,1.0
v2fed-digits-c5-a030-s1,5,0.3,1,nearest,7800,7800,0.8666666666666667,0.7647058823529411,0.0,0.0,1.0
v2fed-digits-c5-a030-s1,5,0.3,1,nearest,20700,20700,0.9166666666666666,0.8809523809523809,-0.025000000000000022,0.02801120448179273,1.5
v2fed-digits-c5-a030-s1,5,0.3,1,nearest,33600,33000,0.95,0.8809523809523809,0.005555555555555536,0.023809523809523836,0.9243697478991597
v2fed-digits-c5-a030-s1,5,0.3,1,nearest,46800,46800,0.975,0.9705882352941176,0.002777777777777768,0.04201680672268904,1.2380952380952381
v2fed-digits-c5-a030-s1,5,0.3,1,nearest,59700,59700,0.975,0.96,-0.008333333333333304,0.0,1.5793650793650793
v2fed-digits-c5-a030-s1,5,0.3,1,logistic,7800,7800,0.8527777777777777,0.7352941176470589,0.0,0.0,1.0
v2fed-digits-c5-a030-s1,5,0.3,1,logistic,20700,20700,0.9083333333333333,0.7941176470588235,-0.019444444444444486,-0.02941176470588236,1.5
v2fed-digits-c5-a030-s1,5,0.3,1,logistic,33600,33000,0.95,0.9047619047619048,0.011111111111111072,0.022408963585434205,0.873015873015873
v2fed-digits-c5-a030-s1,5,0.3,1,logistic,46800,46800,0.9638888888888889,0.92,0.01666666666666672,0.008235294117647118,
v2fed-digits-c5-a030-s1,5,0.3,1,logistic,59700,59700,0.9555555555555556,0.9047619047619048,0.0,0.0,1.1775147928994083
v2fed-digits-c5-a030-s1,5,0.3,1,mlp,7800,7800,0.5805555555555556,0.5081967213114754,0.0,0.0,1.0
v2fed-digits-c5-a030-s1,5,0.3,1,mlp,20700,20700,0.8138888888888889,0.76,0.047222222222222165,0.005901639344262355,0.575
v2fed-digits-c5-a030-s1,5,0.3,1,mlp,33600,33000,0.8055555555555556,0.7466666666666667,0.0,0.026666666666666727,1.264367816091954
v2fed-digits-c5-a030-s1,5,0.3,1,mlp,46800,46800,0.8111111111111111,0.76,-0.033333333333333326,-0.053333333333333344,1.3
v2fed-digits-c5-a030-s1,5,0.3,1,mlp,59700,59700,0.85,0.7733333333333333,0.0,0.013333333333333308,1.1775147928994083
v2fed-digits-c5-a030-s2026,5,0.3,2026,nearest,3600,3600,0.7944444444444444,0.7129629629629629,0.0,0.0,1.0
v2fed-digits-c5-a030-s2026,5,0.3,2026,nearest,20700,20400,0.925,0.8796296296296297,-0.008333333333333304,-0.02777777777777779,1.3076923076923077
v2fed-digits-c5-a030-s2026,5,0.3,2026,nearest,37800,37800,0.9416666666666667,0.8796296296296297,-0.008333333333333304,-0.0537037037037037,1.2857142857142858
v2fed-digits-c5-a030-s2026,5,0.3,2026,nearest,55200,52800,0.95,0.8981481481481481,-0.008333333333333415,-0.04629629629629628,1.7959183673469388
v2fed-digits-c5-a030-s2026,5,0.3,2026,nearest,72300,72300,0.9833333333333333,0.96875,0.0,0.0,1.0
v2fed-digits-c5-a030-s2026,5,0.3,2026,logistic,3600,3600,0.8,0.7333333333333333,0.0,0.0,1.0
v2fed-digits-c5-a030-s2026,5,0.3,2026,logistic,20700,20400,0.9277777777777778,0.8833333333333333,0.0,0.016666666666666607,1.0303030303030303
v2fed-digits-c5-a030-s2026,5,0.3,2026,logistic,37800,37800,0.9388888888888889,0.8981481481481481,-0.002777777777777768,-0.0018518518518518823,1.2857142857142858
v2fed-digits-c5-a030-s2026,5,0.3,2026,logistic,55200,52800,0.95,0.9074074074074074,0.0,-0.025925925925925908,1.2222222222222223
v2fed-digits-c5-a030-s2026,5,0.3,2026,logistic,72300,72300,0.9583333333333334,0.95,0.0,0.0,1.175609756097561
v2fed-digits-c5-a030-s2026,5,0.3,2026,mlp,3600,3600,0.6555555555555556,0.5703125,0.0,0.0,1.0
v2fed-digits-c5-a030-s2026,5,0.3,2026,mlp,20700,20400,0.7305555555555555,0.65,-0.04444444444444451,-0.033333333333333326,2.9565217391304346
v2fed-digits-c5-a030-s2026,5,0.3,2026,mlp,37800,37800,0.8083333333333333,0.717391304347826,0.033333333333333326,0.034057971014492705,0.9197080291970803
v2fed-digits-c5-a030-s2026,5,0.3,2026,mlp,55200,52800,0.8388888888888889,0.8148148148148148,-0.03888888888888886,-0.0092592592592593,1.2846715328467153
v2fed-digits-c5-a030-s2026,5,0.3,2026,mlp,72300,72300,0.8833333333333333,0.8425925925925926,-0.01388888888888895,-0.02777777777777779,1.175609756097561
v2fed-digits-c5-a030-s21,5,0.3,21,nearest,10500,10500,0.9027777777777778,0.7333333333333333,0.0,0.0,1.0
v2fed-digits-c5-a030-s21,5,0.3,21,nearest,23700,23400,0.9472222222222222,0.9,0.011111111111111072,0.0052631578947368585,0.6190476190476191
v2fed-digits-c5-a030-s21,5,0.3,21,nearest,37200,36900,0.9416666666666667,0.8666666666666667,0.0,-0.014912280701754321,1.1941747572815533
v2fed-digits-c5-a030-s21,5,0.3,21,nearest,50400,49500,0.9527777777777777,0.8666666666666667,0.0,-0.033333333333333326,1.0784313725490196
v2fed-digits-c5-a030-s21,5,0.3,21,nearest,63600,63600,0.9638888888888889,0.9333333333333333,0.0,0.0,1.0
v2fed-digits-c5-a030-s21,5,0.3,21,logistic,10500,10500,0.8888888888888888,0.7333333333333333,0.0,0.0,1.0
v2fed-digits-c5-a030-s21,5,0.3,21,logistic,23700,23400,0.9222222222222223,0.8666666666666667,0.002777777777777879,0.06666666666666665,1.04
v2fed-digits-c5-a030-s21,5,0.3,21,logistic,37200,36900,0.9166666666666666,0.875,-0.011111111111111183,-0.025000000000000022,2.1206896551724137
v2fed-digits-c5-a030-s21,5,0.3,21,logistic,50400,49500,0.9305555555555556,0.8947368421052632,-0.008333333333333304,-0.02631578947368418,1.4864864864864864
v2fed-digits-c5-a030-s21,5,0.3,21,logistic,63600,63600,0.9333333333333333,0.9078947368421053,-0.005555555555555536,-0.013157894736842035,1.452054794520548
v2fed-digits-c5-a030-s21,5,0.3,21,mlp,10500,10500,0.7361111111111112,0.6,0.0,0.0,1.0
v2fed-digits-c5-a030-s21,5,0.3,21,mlp,23700,23400,0.7277777777777777,0.6333333333333333,-0.061111111111111116,-0.080952380952381,2.2285714285714286
v2fed-digits-c5-a030-s21,5,0.3,21,mlp,37200,36900,0.6777777777777778,0.6,-0.11111111111111105,-0.11428571428571432,3.5142857142857142
v2fed-digits-c5-a030-s21,5,0.3,21,mlp,50400,49500,0.8277777777777777,0.7763157894736842,0.022222222222222143,0.02631578947368418,0.7783018867924528
v2fed-digits-c5-a030-s21,5,0.3,21,mlp,63600,63600,0.8361111111111111,0.6973684210526315,0.0,0.0,1.0
v2fed-digits-c5-a030-s42,5,0.3,42,nearest,7800,7800,0.8305555555555556,0.7111111111111111,0.0,0.0,1.0
v2fed-digits-c5-a030-s42,5,0.3,42,nearest,22500,21900,0.9333333333333333,0.8444444444444444,0.005555555555555536,0.0,0.7849462365591398
v2fed-digits-c5-a030-s42,5,0.3,42,nearest,37200,36900,0.95,0.8888888888888888,-0.008333333333333415,-0.022222222222222254,1.1081081081081081
v2fed-digits-c5-a030-s42,5,0.3,42,nearest,51600,51000,0.9638888888888889,0.9333333333333333,0.002777777777777768,0.022222222222222254,1.2142857142857142
v2fed-digits-c5-a030-s42,5,0.3,42,nearest,66300,66300,0.975,0.9333333333333333,0.0,0.0,1.0
v2fed-digits-c5-a030-s42,5,0.3,42,logistic,7800,7800,0.8194444444444444,0.6666666666666666,0.0,0.0,1.0
v2fed-digits-c5-a030-s42,5,0.3,42,logistic,22500,21900,0.8888888888888888,0.8,-0.01388888888888895,0.022222222222222254,1.3518518518518519
v2fed-digits-c5-a030-s42,5,0.3,42,logistic,37200,36900,0.9361111111111111,0.8444444444444444,-0.002777777777777768,0.0,1.1081081081081081
v2fed-digits-c5-a030-s42,5,0.3,42,logistic,51600,51000,0.9305555555555556,0.8666666666666667,-0.016666666666666607,0.022222222222222254,1.5315315315315314
v2fed-digits-c5-a030-s42,5,0.3,42,logistic,66300,66300,0.9444444444444444,0.8666666666666667,-0.005555555555555536,0.0,1.5785714285714285
v2fed-digits-c5-a030-s42,5,0.3,42,mlp,7800,7800,0.6694444444444444,0.4888888888888889,0.0,0.0,1.0
v2fed-digits-c5-a030-s42,5,0.3,42,mlp,22500,21900,0.7861111111111111,0.6,0.01388888888888884,-0.06666666666666665,0.73
v2fed-digits-c5-a030-s42,5,0.3,42,mlp,37200,36900,0.7583333333333333,0.7111111111111111,-0.04444444444444451,0.022222222222222254,1.9523809523809523
v2fed-digits-c5-a030-s42,5,0.3,42,mlp,51600,51000,0.7972222222222223,0.6923076923076923,-0.033333333333333326,-0.0786846741045214,1.7
v2fed-digits-c5-a030-s42,5,0.3,42,mlp,66300,66300,0.8694444444444445,0.7884615384615384,-0.01388888888888884,0.05769230769230771,1.1218274111675126
v2fed-digits-c5-a030-s7,5,0.3,7,nearest,9000,9000,0.8944444444444445,0.8321678321678322,0.0,0.0,1.0
v2fed-digits-c5-a030-s7,5,0.3,7,nearest,21600,21300,0.9055555555555556,0.8321678321678322,-0.033333333333333326,-0.08991008991008986,2.0285714285714285
v2fed-digits-c5-a030-s7,5,0.3,7,nearest,34500,34500,0.9361111111111111,0.8741258741258742,-0.016666666666666607,-0.027834910187851336,2.017543859649123
v2fed-digits-c5-a030-s7,5,0.3,7,nearest,47400,44700,0.9611111111111111,0.9411764705882353,0.002777777777777768,0.0,1.128787878787879
v2fed-digits-c5-a030-s7,5,0.3,7,nearest,60000,60000,0.9611111111111111,0.9440559440559441,-0.002777777777777768,-0.006993006993006978,1.5151515151515151
v2fed-digits-c5-a030-s7,5,0.3,7,logistic,9000,9000,0.8805555555555555,0.8461538461538461,0.0,0.0,1.0
v2fed-digits-c5-a030-s7,5,0.3,7,logistic,21600,21300,0.9111111111111111,0.8531468531468531,-0.02777777777777779,-0.05594405594405594,1.5777777777777777
v2fed-digits-c5-a030-s7,5,0.3,7,logistic,34500,34500,0.9194444444444444,0.8531468531468531,-0.033333333333333326,-0.06993006993007,2.5555555555555554
v2fed-digits-c5-a030-s7,5,0.3,7,logistic,47400,44700,0.9555555555555556,0.935064935064935,0.002777777777777879,0.011988011988011915,1.8860759493670887
v2fed-digits-c5-a030-s7,5,0.3,7,logistic,60000,60000,0.9527777777777777,0.9230769230769231,-0.008333333333333415,-0.020979020979020935,2.5316455696202533
v2fed-digits-c5-a030-s7,5,0.3,7,mlp,9000,9000,0.6583333333333333,0.5844155844155844,0.0,0.0,1.0
v2fed-digits-c5-a030-s7,5,0.3,7,mlp,21600,21300,0.7333333333333333,0.6233766233766234,-0.005555555555555647,0.0867912575229648,1.5106382978723405
v2fed-digits-c5-a030-s7,5,0.3,7,mlp,34500,34500,0.8027777777777778,0.7342657342657343,0.03888888888888897,0.028383381324557755,0.8712121212121212
v2fed-digits-c5-a030-s7,5,0.3,7,mlp,47400,44700,0.8472222222222222,0.8111888111888111,0.033333333333333326,0.044955044955044876,0.8764705882352941
v2fed-digits-c5-a030-s7,5,0.3,7,mlp,60000,60000,0.8388888888888889,0.7792207792207793,-0.030555555555555558,-0.017982017982017928,1.2269938650306749
v2fed-digits-c5-a100-s1,5,1.0,1,nearest,9900,9900,0.8527777777777777,0.7833333333333333,0.0,0.0,1.0
v2fed-digits-c5-a100-s1,5,1.0,1,nearest,28200,28200,0.9388888888888889,0.8783783783783784,0.022222222222222254,0.013513513513513487,0.9215686274509803
v2fed-digits-c5-a100-s1,5,1.0,1,nearest,46800,46800,0.9694444444444444,0.95,0.002777777777777768,0.016666666666666607,1.0469798657718121
v2fed-digits-c5-a100-s1,5,1.0,1,nearest,65100,65100,0.9666666666666667,0.9459459459459459,-0.008333333333333304,-0.004054054054054013,1.4563758389261745
v2fed-digits-c5-a100-s1,5,1.0,1,nearest,83400,83400,0.9666666666666667,0.9459459459459459,-0.008333333333333304,-0.004054054054054013,1.8657718120805369
v2fed-digits-c5-a100-s1,5,1.0,1,logistic,9900,9900,0.8361111111111111,0.7416666666666667,0.0,0.0,1.0
v2fed-digits-c5-a100-s1,5,1.0,1,logistic,28200,28200,0.9305555555555556,0.881578947368421,0.005555555555555536,-0.013157894736842146,0.9215686274509803
v2fed-digits-c5-a100-s1,5,1.0,1,logistic,46800,46800,0.9472222222222222,0.9078947368421053,0.0,0.0,1.1908396946564885
v2fed-digits-c5-a100-s1,5,1.0,1,logistic,65100,65100,0.95,0.8947368421052632,-0.005555555555555647,-0.013157894736842146,1.643939393939394
v2fed-digits-c5-a100-s1,5,1.0,1,logistic,83400,83400,0.95,0.9210526315789473,-0.005555555555555647,0.013157894736842035,2.106060606060606
v2fed-digits-c5-a100-s1,5,1.0,1,mlp,9900,9900,0.7416666666666667,0.6052631578947368,0.0,0.0,1.0
v2fed-digits-c5-a100-s1,5,1.0,1,mlp,28200,28200,0.8611111111111112,0.7972972972972973,0.03888888888888897,0.019519519519519468,0.7175572519083969
v2fed-digits-c5-a100-s1,5,1.0,1,mlp,46800,46800,0.8694444444444445,0.8571428571428571,0.0,0.0071428571428571175,1.1908396946564885
v2fed-digits-c5-a100-s1,5,1.0,1,mlp,65100,65100,0.8444444444444444,0.7777777777777778,-0.047222222222222276,-0.07407407407407407,2.127450980392157
v2fed-digits-c5-a100-s1,5,1.0,1,mlp,83400,83400,0.8694444444444445,0.8518518518518519,-0.022222222222222254,0.0,2.122137404580153
v2fed-digits-c5-a100-s2026,5,1.0,2026,nearest,15000,15000,0.9222222222222223,0.8958333333333334,0.0,0.0,1.0
v2fed-digits-c5-a100-s2026,5,1.0,2026,nearest,32700,32700,0.9333333333333333,0.8947368421052632,0.0,-0.028340080971659964,1.2247191011235956
v2fed-digits-c5-a100-s2026,5,1.0,2026,nearest,50400,48600,0.9472222222222222,0.8958333333333334,0.002777777777777768,-0.02083333333333326,1.132867132867133
v2fed-digits-c5-a100-s2026,5,1.0,2026,nearest,67800,66300,0.9388888888888889,0.8958333333333334,-0.011111111111111072,0.0,1.5454545454545454
v2fed-digits-c5-a100-s2026,5,1.0,2026,nearest,85500,85500,0.9416666666666667,0.8958333333333334,-0.008333333333333304,0.0,1.993006993006993
v2fed-digits-c5-a100-s2026,5,1.0,2026,logistic,15000,15000,0.9083333333333333,0.8421052631578947,0.0,0.0,1.0
v2fed-digits-c5-a100-s2026,5,1.0,2026,logistic,32700,32700,0.9222222222222223,0.8421052631578947,-0.011111111111111072,0.0,1.8166666666666667
v2fed-digits-c5-a100-s2026,5,1.0,2026,logistic,50400,48600,0.9527777777777777,0.9166666666666666,0.011111111111111072,0.07456140350877194,
v2fed-digits-c5-a100-s2026,5,1.0,2026,logistic,67800,66300,0.9416666666666667,0.9166666666666666,-0.005555555555555536,0.0,1.5454545454545454
v2fed-digits-c5-a100-s2026,5,1.0,2026,logistic,85500,85500,0.9416666666666667,0.9166666666666666,-0.005555555555555536,0.0,1.993006993006993
v2fed-digits-c5-a100-s2026,5,1.0,2026,mlp,15000,15000,0.825,0.7916666666666666,0.0,0.0,1.0
v2fed-digits-c5-a100-s2026,5,1.0,2026,mlp,32700,32700,0.7888888888888889,0.7083333333333334,-0.04444444444444451,-0.08333333333333326,2.18
v2fed-digits-c5-a100-s2026,5,1.0,2026,mlp,50400,48600,0.8444444444444444,0.8321678321678322,-0.011111111111111072,0.002622377622377603,1.396551724137931
v2fed-digits-c5-a100-s2026,5,1.0,2026,mlp,67800,66300,0.8916666666666667,0.8421052631578947,0.03333333333333344,0.01952461799660432,
v2fed-digits-c5-a100-s2026,5,1.0,2026,mlp,85500,85500,0.8805555555555555,0.8387096774193549,-0.005555555555555536,0.005376344086021501,1.228448275862069
v2fed-digits-c5-a100-s21,5,1.0,21,nearest,12900,12900,0.875,0.8450704225352113,0.0,0.0,1.0
v2fed-digits-c5-a100-s21,5,1.0,21,nearest,30600,30600,0.9416666666666667,0.9107142857142857,0.002777777777777768,0.017857142857142794,1.2289156626506024
v2fed-digits-c5-a100-s21,5,1.0,21,nearest,48300,47400,0.9527777777777777,0.9295774647887324,-0.005555555555555647,-0.007042253521126751,1.3389830508474576
v2fed-digits-c5-a100-s21,5,1.0,21,nearest,66000,66000,0.9666666666666667,0.9534883720930233,0.008333333333333304,0.016868653783164156,
v2fed-digits-c5-a100-s21,5,1.0,21,nearest,83700,83700,0.9555555555555556,0.9302325581395349,-0.002777777777777768,-0.0063871601703242575,2.0364963503649633
v2fed-digits-c5-a100-s21,5,1.0,21,logistic,12900,12900,0.9111111111111111,0.875,0.0,0.0,1.0
v2fed-digits-c5-a100-s21,5,1.0,21,logistic,30600,30600,0.9277777777777778,0.9084507042253521,-0.01388888888888884,-0.002263581488933575,1.457142857142857
v2fed-digits-c5-a100-s21,5,1.0,21,logistic,48300,47400,0.9388888888888889,0.9107142857142857,-0.002777777777777768,0.0,2.257142857142857
v2fed-digits-c5-a100-s21,5,1.0,21,logistic,66000,66000,0.95,0.9107142857142857,-0.002777777777777768,-0.017857142857142905,1.0576923076923077
v2fed-digits-c5-a100-s21,5,1.0,21,logistic,83700,83700,0.9527777777777777,0.9285714285714286,0.0,0.0,1.3413461538461537
v2fed-digits-c5-a100-s21,5,1.0,21,mlp,12900,12900,0.7805555555555556,0.7394366197183099,0.0,0.0,1.0
v2fed-digits-c5-a100-s21,5,1.0,21,mlp,30600,30600,0.8083333333333333,0.75,-0.04166666666666663,0.0,1.7894736842105263
v2fed-digits-c5-a100-s21,5,1.0,21,mlp,48300,47400,0.8305555555555556,0.7678571428571429,-0.033333333333333326,-0.06312877263581484,2.7719298245614037
v2fed-digits-c5-a100-s21,5,1.0,21,mlp,66000,66000,0.8333333333333334,0.8035714285714286,-0.030555555555555558,-0.027414486921529146,3.142857142857143
v2fed-digits-c5-a100-s21,5,1.0,21,mlp,83700,83700,0.8666666666666667,0.8450704225352113,-0.016666666666666607,-0.014084507042253502,1.9647887323943662
v2fed-digits-c5-a100-s42,5,1.0,42,nearest,15300,15300,0.8777777777777778,0.851063829787234,0.0,0.0,1.0
v2fed-digits-c5-a100-s42,5,1.0,42,nearest,31800,31200,0.9194444444444444,0.8979591836734694,0.022222222222222143,0.025618758141554454,0.8
v2fed-digits-c5-a100-s42,5,1.0,42,nearest,48600,48300,0.9527777777777777,0.9285714285714286,0.002777777777777768,0.0,1.1180555555555556
v2fed-digits-c5-a100-s42,5,1.0,42,nearest,65400,65100,0.9638888888888889,0.9285714285714286,0.0,0.0,1.1361256544502618
v2fed-digits-c5-a100-s42,5,1.0,42,nearest,81900,81900,0.9638888888888889,0.9404761904761905,0.0,0.0,1.4293193717277486
v2fed-digits-c5-a100-s42,5,1.0,42,logistic,15300,15300,0.8611111111111112,0.8297872340425532,0.0,0.0,1.0
v2fed-digits-c5-a100-s42,5,1.0,42,logistic,31800,31200,0.8916666666666667,0.8503401360544217,0.0,-0.013605442176870763,1.0947368421052632
v2fed-digits-c5-a100-s42,5,1.0,42,logistic,48600,48300,0.8916666666666667,0.8435374149659864,-0.04166666666666663,-0.05007960631060926,1.694736842105263
v2fed-digits-c5-a100-s42,5,1.0,42,logistic,65400,65100,0.9361111111111111,0.8936170212765957,0.0,-0.021276595744680882,1.5069444444444444
v2fed-digits-c5-a100-s42,5,1.0,42,logistic,81900,81900,0.9388888888888889,0.8936170212765957,0.0,0.0,1.4293193717277486
v2fed-digits-c5-a100-s42,5,1.0,42,mlp,15300,15300,0.7416666666666667,0.6595744680851063,0.0,0.0,1.0
v2fed-digits-c5-a100-s42,5,1.0,42,mlp,31800,31200,0.7388888888888889,0.673469387755102,-0.002777777777777768,0.013894919669995676,2.0392156862745097
v2fed-digits-c5-a100-s42,5,1.0,42,mlp,48600,48300,0.8388888888888889,0.8095238095238095,0.03888888888888886,0.04029304029304026,0.8429319371727748
v2fed-digits-c5-a100-s42,5,1.0,42,mlp,65400,65100,0.8194444444444444,0.8027210884353742,-0.061111111111111116,-0.05442176870748294,1.1361256544502618
v2fed-digits-c5-a100-s42,5,1.0,42,mlp,81900,81900,0.8666666666666667,0.8297872340425532,-0.01388888888888884,-0.027355623100303927,1.325242718446602
v2fed-digits-c5-a100-s7,5,1.0,7,nearest,12600,12600,0.8666666666666667,0.8202247191011236,0.0,0.0,1.0
v2fed-digits-c5-a100-s7,5,1.0,7,nearest,31500,31500,0.9472222222222222,0.9076923076923077,-0.008333333333333415,-0.013656006914433916,1.1931818181818181
v2fed-digits-c5-a100-s7,5,1.0,7,nearest,50400,50100,0.9527777777777777,0.9325842696629213,-0.002777777777777879,0.011235955056179692,1.8977272727272727
v2fed-digits-c5-a100-s7,5,1.0,7,nearest,69000,69000,0.9583333333333334,0.9213483146067416,0.002777777777777768,0.0,2.3
v2fed-digits-c5-a100-s7,5,1.0,7,nearest,87900,87900,0.9666666666666667,0.9384615384615385,0.0,0.0,1.0
v2fed-digits-c5-a100-s7,5,1.0,7,logistic,12600,12600,0.8555555555555555,0.8153846153846154,0.0,0.0,1.0
v2fed-digits-c5-a100-s7,5,1.0,7,logistic,31500,31500,0.9222222222222223,0.8615384615384616,0.0,-0.0444444444444444,1.05
v2fed-digits-c5-a100-s7,5,1.0,7,logistic,50400,50100,0.9416666666666667,0.8923076923076924,0.0,0.0,1.1928571428571428
v2fed-digits-c5-a100-s7,5,1.0,7,logistic,69000,69000,0.9555555555555556,0.9101123595505618,-0.005555555555555536,-0.022471910112359494,1.116504854368932
v2fed-digits-c5-a100-s7,5,1.0,7,logistic,87900,87900,0.9555555555555556,0.9230769230769231,-0.005555555555555536,-0.009507346585998167,1.4223300970873787
v2fed-digits-c5-a100-s7,5,1.0,7,mlp,12600,12600,0.7027777777777777,0.6607142857142857,0.0,0.0,1.0
v2fed-digits-c5-a100-s7,5,1.0,7,mlp,31500,31500,0.8027777777777778,0.7538461538461538,-0.02499999999999991,-0.032478632478632474,1.8421052631578947
v2fed-digits-c5-a100-s7,5,1.0,7,mlp,50400,50100,0.8027777777777778,0.7321428571428571,-0.05833333333333335,-0.05247252747252751,2.9298245614035086
v2fed-digits-c5-a100-s7,5,1.0,7,mlp,69000,69000,0.8416666666666667,0.7640449438202247,-0.019444444444444486,-0.020570440795159906,1.5972222222222223
v2fed-digits-c5-a100-s7,5,1.0,7,mlp,87900,87900,0.875,0.8571428571428571,0.0,0.0,1.0
