dataset,source,seed,threshold,release,method,attack,n,d,classes,number_of_balls,mean_ball_size,median_ball_size,min_ball_size,max_ball_size,singleton_count,fraction_size_le_2,fraction_size_le_5,mean_radius,median_radius,purity_mean,purity_median,purity_q25,purity_q75,separation,density_ratio,minority_fraction,modes,dimension,redundant_fraction,label_noise,roc_auc,pr_auc,tpr_at_1pct_fpr,tpr_at_0_1pct_fpr
confirm_d60_redundant0_noise0.05,controlled_gaussian_mixture_confirmation,2,0.7,release_1,granular_ball,logistic,600,60,2,14,21.428571428571427,1.0,1,115,9,0.7142857142857143,0.7142857142857143,2.526997023436311,0.0,0.9639377303829288,1.0,0.9741379310344828,1.0,2.0,5.0,0.3,3,60,0.0,0.05,0.6481666666666668,0.6639350454896369,0.08,nan
confirm_d60_redundant0_noise0.05,controlled_gaussian_mixture_confirmation,2,0.7,release_1,granular_ball,random_forest,600,60,2,14,21.428571428571427,1.0,1,115,9,0.7142857142857143,0.7142857142857143,2.526997023436311,0.0,0.9639377303829288,1.0,0.9741379310344828,1.0,2.0,5.0,0.3,3,60,0.0,0.05,0.6711333333333334,0.6861008508611071,0.10333333333333333,nan
confirm_d60_redundant0_noise0.05,controlled_gaussian_mixture_confirmation,2,0.7,release_1,matched_kmeans,logistic,600,60,2,14,21.428571428571427,1.0,1,158,12,0.8571428571428571,0.8571428571428571,0.9969424824955312,0.0,0.9546459869244679,1.0,1.0,1.0,2.0,5.0,0.3,3,60,0.0,0.05,0.5954111111111111,0.5977037171425217,0.05,nan
confirm_d60_redundant0_noise0.05,controlled_gaussian_mixture_confirmation,2,0.7,release_1,matched_kmeans,random_forest,600,60,2,14,21.428571428571427,1.0,1,158,12,0.8571428571428571,0.8571428571428571,0.9969424824955312,0.0,0.9546459869244679,1.0,1.0,1.0,2.0,5.0,0.3,3,60,0.0,0.05,0.6354444444444445,0.6324915345977082,0.04666666666666667,nan
confirm_d60_redundant0_noise0.05,controlled_gaussian_mixture_confirmation,2,0.7,release_2,granular_ball,logistic,600,60,2,14,21.428571428571427,1.0,1,115,9,0.7142857142857143,0.7142857142857143,2.526997023436311,0.0,0.9639377303829288,1.0,0.9741379310344828,1.0,2.0,5.0,0.3,3,60,0.0,0.05,0.6775222222222221,0.6907927220034034,0.08,nan
confirm_d60_redundant0_noise0.05,controlled_gaussian_mixture_confirmation,2,0.7,release_2,granular_ball,random_forest,600,60,2,14,21.428571428571427,1.0,1,115,9,0.7142857142857143,0.7142857142857143,2.526997023436311,0.0,0.9639377303829288,1.0,0.9741379310344828,1.0,2.0,5.0,0.3,3,60,0.0,0.05,0.6537,0.653297116717924,0.03333333333333333,nan
confirm_d60_redundant0_noise0.05,controlled_gaussian_mixture_confirmation,2,0.7,release_2,matched_kmeans,logistic,600,60,2,14,21.428571428571427,1.0,1,158,12,0.8571428571428571,0.8571428571428571,0.9969424824955312,0.0,0.9546459869244679,1.0,1.0,1.0,2.0,5.0,0.3,3,60,0.0,0.05,0.6312,0.6538376602184872,0.10333333333333333,nan
confirm_d60_redundant0_noise0.05,controlled_gaussian_mixture_confirmation,2,0.7,release_2,matched_kmeans,random_forest,600,60,2,14,21.428571428571427,1.0,1,158,12,0.8571428571428571,0.8571428571428571,0.9969424824955312,0.0,0.9546459869244679,1.0,1.0,1.0,2.0,5.0,0.3,3,60,0.0,0.05,0.6391888888888889,0.639982905274606,0.05333333333333334,nan
confirm_d60_redundant0_noise0.05,controlled_gaussian_mixture_confirmation,2,0.7,release_3,granular_ball,logistic,600,60,2,14,21.428571428571427,1.0,1,115,9,0.7142857142857143,0.7142857142857143,2.526997023436311,0.0,0.9639377303829288,1.0,0.9741379310344828,1.0,2.0,5.0,0.3,3,60,0.0,0.05,0.6748333333333334,0.6841646637941023,0.09,nan
confirm_d60_redundant0_noise0.05,controlled_gaussian_mixture_confirmation,2,0.7,release_3,granular_ball,random_forest,600,60,2,14,21.428571428571427,1.0,1,115,9,0.7142857142857143,0.7142857142857143,2.526997023436311,0.0,0.9639377303829288,1.0,0.9741379310344828,1.0,2.0,5.0,0.3,3,60,0.0,0.05,0.6531,0.6602666447577487,0.04,nan
confirm_d60_redundant0_noise0.05,controlled_gaussian_mixture_confirmation,2,0.7,release_3,matched_kmeans,logistic,600,60,2,14,21.428571428571427,1.0,1,158,12,0.8571428571428571,0.8571428571428571,0.9969424824955312,0.0,0.9546459869244679,1.0,1.0,1.0,2.0,5.0,0.3,3,60,0.0,0.05,0.6312444444444445,0.6536339774980399,0.10333333333333333,nan
confirm_d60_redundant0_noise0.05,controlled_gaussian_mixture_confirmation,2,0.7,release_3,matched_kmeans,random_forest,600,60,2,14,21.428571428571427,1.0,1,158,12,0.8571428571428571,0.8571428571428571,0.9969424824955312,0.0,0.9546459869244679,1.0,1.0,1.0,2.0,5.0,0.3,3,60,0.0,0.05,0.6376999999999999,0.6388612185075019,0.056666666666666664,nan
confirm_d60_redundant0_noise0.05,controlled_gaussian_mixture_confirmation,2,0.8,release_1,granular_ball,logistic,600,60,2,27,11.11111111111111,1.0,1,95,18,0.7407407407407407,0.7777777777777778,1.945518564180681,0.0,0.971076661961417,1.0,1.0,1.0,2.0,5.0,0.3,3,60,0.0,0.05,0.7257111111111112,0.7405322741291333,0.13333333333333333,nan
confirm_d60_redundant0_noise0.05,controlled_gaussian_mixture_confirmation,2,0.8,release_1,granular_ball,random_forest,600,60,2,27,11.11111111111111,1.0,1,95,18,0.7407407407407407,0.7777777777777778,1.945518564180681,0.0,0.971076661961417,1.0,1.0,1.0,2.0,5.0,0.3,3,60,0.0,0.05,0.6903444444444445,0.7235221215721549,0.13666666666666666,nan
confirm_d60_redundant0_noise0.05,controlled_gaussian_mixture_confirmation,2,0.8,release_1,matched_kmeans,logistic,600,60,2,27,11.11111111111111,1.0,1,102,22,0.8148148148148148,0.8148148148148148,1.355771724700932,0.0,0.9573889334811247,1.0,1.0,1.0,2.0,5.0,0.3,3,60,0.0,0.05,0.7003111111111111,0.6983088180899659,0.11,nan
confirm_d60_redundant0_noise0.05,controlled_gaussian_mixture_confirmation,2,0.8,release_1,matched_kmeans,random_forest,600,60,2,27,11.11111111111111,1.0,1,102,22,0.8148148148148148,0.8148148148148148,1.355771724700932,0.0,0.9573889334811247,1.0,1.0,1.0,2.0,5.0,0.3,3,60,0.0,0.05,0.7276888888888888,0.7519645779980925,0.19,nan
confirm_d60_redundant0_noise0.05,controlled_gaussian_mixture_confirmation,2,0.8,release_2,granular_ball,logistic,600,60,2,27,11.11111111111111,1.0,1,95,18,0.7407407407407407,0.7777777777777778,1.945518564180681,0.0,0.971076661961417,1.0,1.0,1.0,2.0,5.0,0.3,3,60,0.0,0.05,0.7380555555555556,0.7557155968294241,0.18333333333333332,nan
confirm_d60_redundant0_noise0.05,controlled_gaussian_mixture_confirmation,2,0.8,release_2,granular_ball,random_forest,600,60,2,27,11.11111111111111,1.0,1,95,18,0.7407407407407407,0.7777777777777778,1.945518564180681,0.0,0.971076661961417,1.0,1.0,1.0,2.0,5.0,0.3,3,60,0.0,0.05,0.6919666666666666,0.710277259535901,0.09333333333333334,nan
confirm_d60_redundant0_noise0.05,controlled_gaussian_mixture_confirmation,2,0.8,release_2,matched_kmeans,logistic,600,60,2,27,11.11111111111111,1.0,1,102,22,0.8148148148148148,0.8148148148148148,1.355771724700932,0.0,0.9573889334811247,1.0,1.0,1.0,2.0,5.0,0.3,3,60,0.0,0.05,0.6820222222222223,0.7075543325250009,0.13666666666666666,nan
confirm_d60_redundant0_noise0.05,controlled_gaussian_mixture_confirmation,2,0.8,release_2,matched_kmeans,random_forest,600,60,2,27,11.11111111111111,1.0,1,102,22,0.8148148148148148,0.8148148148148148,1.355771724700932,0.0,0.9573889334811247,1.0,1.0,1.0,2.0,5.0,0.3,3,60,0.0,0.05,0.7228833333333334,0.7493572082715161,0.21,nan
confirm_d60_redundant0_noise0.05,controlled_gaussian_mixture_confirmation,2,0.8,release_3,granular_ball,logistic,600,60,2,27,11.11111111111111,1.0,1,95,18,0.7407407407407407,0.7777777777777778,1.945518564180681,0.0,0.971076661961417,1.0,1.0,1.0,2.0,5.0,0.3,3,60,0.0,0.05,0.7358777777777779,0.7504557206448621,0.16,nan
confirm_d60_redundant0_noise0.05,controlled_gaussian_mixture_confirmation,2,0.8,release_3,granular_ball,random_forest,600,60,2,27,11.11111111111111,1.0,1,95,18,0.7407407407407407,0.7777777777777778,1.945518564180681,0.0,0.971076661961417,1.0,1.0,1.0,2.0,5.0,0.3,3,60,0.0,0.05,0.6929,0.7116054560217373,0.11,nan
confirm_d60_redundant0_noise0.05,controlled_gaussian_mixture_confirmation,2,0.8,release_3,matched_kmeans,logistic,600,60,2,27,11.11111111111111,1.0,1,102,22,0.8148148148148148,0.8148148148148148,1.355771724700932,0.0,0.9573889334811247,1.0,1.0,1.0,2.0,5.0,0.3,3,60,0.0,0.05,0.6742111111111111,0.7036846465206866,0.13666666666666666,nan
confirm_d60_redundant0_noise0.05,controlled_gaussian_mixture_confirmation,2,0.8,release_3,matched_kmeans,random_forest,600,60,2,27,11.11111111111111,1.0,1,102,22,0.8148148148148148,0.8148148148148148,1.355771724700932,0.0,0.9573889334811247,1.0,1.0,1.0,2.0,5.0,0.3,3,60,0.0,0.05,0.7112555555555555,0.7419058643776619,0.17333333333333334,nan
confirm_d60_redundant0_noise0.05,controlled_gaussian_mixture_confirmation,2,0.9,release_1,granular_ball,logistic,600,60,2,38,7.894736842105263,1.0,1,95,28,0.8157894736842105,0.8421052631578947,1.4423587970997858,0.0,0.988268248863283,1.0,1.0,1.0,2.0,5.0,0.3,3,60,0.0,0.05,0.7341,0.7592728258374316,0.16333333333333333,nan
confirm_d60_redundant0_noise0.05,controlled_gaussian_mixture_confirmation,2,0.9,release_1,granular_ball,random_forest,600,60,2,38,7.894736842105263,1.0,1,95,28,0.8157894736842105,0.8421052631578947,1.4423587970997858,0.0,0.988268248863283,1.0,1.0,1.0,2.0,5.0,0.3,3,60,0.0,0.05,0.6627055555555555,0.7027780132552497,0.16333333333333333,nan
confirm_d60_redundant0_noise0.05,controlled_gaussian_mixture_confirmation,2,0.9,release_1,matched_kmeans,logistic,600,60,2,38,7.894736842105263,1.0,1,99,33,0.868421052631579,0.868421052631579,0.9547022656514921,0.0,0.9703073972810816,1.0,1.0,1.0,2.0,5.0,0.3,3,60,0.0,0.05,0.6994,0.7049614484923081,0.14666666666666667,nan
confirm_d60_redundant0_noise0.05,controlled_gaussian_mixture_confirmation,2,0.9,release_1,matched_kmeans,random_forest,600,60,2,38,7.894736842105263,1.0,1,99,33,0.868421052631579,0.868421052631579,0.9547022656514921,0.0,0.9703073972810816,1.0,1.0,1.0,2.0,5.0,0.3,3,60,0.0,0.05,0.7270000000000001,0.7361643884287707,0.15,nan
confirm_d60_redundant0_noise0.05,controlled_gaussian_mixture_confirmation,2,0.9,release_2,granular_ball,logistic,600,60,2,38,7.894736842105263,1.0,1,95,28,0.8157894736842105,0.8421052631578947,1.4423587970997858,0.0,0.988268248863283,1.0,1.0,1.0,2.0,5.0,0.3,3,60,0.0,0.05,0.7639555555555556,0.7787834339831778,0.22666666666666666,nan
confirm_d60_redundant0_noise0.05,controlled_gaussian_mixture_confirmation,2,0.9,release_2,granular_ball,random_forest,600,60,2,38,7.894736842105263,1.0,1,95,28,0.8157894736842105,0.8421052631578947,1.4423587970997858,0.0,0.988268248863283,1.0,1.0,1.0,2.0,5.0,0.3,3,60,0.0,0.05,0.7016666666666667,0.7247909700492309,0.12333333333333334,nan
confirm_d60_redundant0_noise0.05,controlled_gaussian_mixture_confirmation,2,0.9,release_2,matched_kmeans,logistic,600,60,2,38,7.894736842105263,1.0,1,99,33,0.868421052631579,0.868421052631579,0.9547022656514921,0.0,0.9703073972810816,1.0,1.0,1.0,2.0,5.0,0.3,3,60,0.0,0.05,0.6674666666666667,0.699237714396951,0.17666666666666667,nan
confirm_d60_redundant0_noise0.05,controlled_gaussian_mixture_confirmation,2,0.9,release_2,matched_kmeans,random_forest,600,60,2,38,7.894736842105263,1.0,1,99,33,0.868421052631579,0.868421052631579,0.9547022656514921,0.0,0.9703073972810816,1.0,1.0,1.0,2.0,5.0,0.3,3,60,0.0,0.05,0.7324999999999999,0.7503039918467203,0.17,nan
confirm_d60_redundant0_noise0.05,controlled_gaussian_mixture_confirmation,2,0.9,release_3,granular_ball,logistic,600,60,2,38,7.894736842105263,1.0,1,95,28,0.8157894736842105,0.8421052631578947,1.4423587970997858,0.0,0.988268248863283,1.0,1.0,1.0,2.0,5.0,0.3,3,60,0.0,0.05,0.7543,0.7573237375703303,0.15666666666666668,nan
confirm_d60_redundant0_noise0.05,controlled_gaussian_mixture_confirmation,2,0.9,release_3,granular_ball,random_forest,600,60,2,38,7.894736842105263,1.0,1,95,28,0.8157894736842105,0.8421052631578947,1.4423587970997858,0.0,0.988268248863283,1.0,1.0,1.0,2.0,5.0,0.3,3,60,0.0,0.05,0.6996444444444445,0.7259641214489038,0.13666666666666666,nan
confirm_d60_redundant0_noise0.05,controlled_gaussian_mixture_confirmation,2,0.9,release_3,matched_kmeans,logistic,600,60,2,38,7.894736842105263,1.0,1,99,33,0.868421052631579,0.868421052631579,0.9547022656514921,0.0,0.9703073972810816,1.0,1.0,1.0,2.0,5.0,0.3,3,60,0.0,0.05,0.6603888888888889,0.6933691698885107,0.15,nan
confirm_d60_redundant0_noise0.05,controlled_gaussian_mixture_confirmation,2,0.9,release_3,matched_kmeans,random_forest,600,60,2,38,7.894736842105263,1.0,1,99,33,0.868421052631579,0.868421052631579,0.9547022656514921,0.0,0.9703073972810816,1.0,1.0,1.0,2.0,5.0,0.3,3,60,0.0,0.05,0.7216222222222222,0.7435904461200031,0.16666666666666666,nan
confirm_d60_redundant0_noise0.05,controlled_gaussian_mixture_confirmation,2,0.95,release_1,granular_ball,logistic,600,60,2,93,3.225806451612903,2.0,1,29,45,0.6774193548387096,0.8924731182795699,2.7334302735097102,1.220007052288324,0.9514516338007818,1.0,1.0,1.0,2.0,5.0,0.3,3,60,0.0,0.05,0.9157555555555557,0.9321407246195411,0.59,nan
confirm_d60_redundant0_noise0.05,controlled_gaussian_mixture_confirmation,2,0.95,release_1,granular_ball,random_forest,600,60,2,93,3.225806451612903,2.0,1,29,45,0.6774193548387096,0.8924731182795699,2.7334302735097102,1.220007052288324,0.9514516338007818,1.0,1.0,1.0,2.0,5.0,0.3,3,60,0.0,0.05,0.9208055555555557,0.9372762083322508,0.6466666666666666,nan
confirm_d60_redundant0_noise0.05,controlled_gaussian_mixture_confirmation,2,0.95,release_1,matched_kmeans,logistic,600,60,2,93,3.225806451612903,1.0,1,61,83,0.9032258064516129,0.9032258064516129,0.7189780626346683,0.0,0.9920164391431798,1.0,1.0,1.0,2.0,5.0,0.3,3,60,0.0,0.05,0.8065666666666667,0.8142882934183497,0.30333333333333334,nan
confirm_d60_redundant0_noise0.05,controlled_gaussian_mixture_confirmation,2,0.95,release_1,matched_kmeans,random_forest,600,60,2,93,3.225806451612903,1.0,1,61,83,0.9032258064516129,0.9032258064516129,0.7189780626346683,0.0,0.9920164391431798,1.0,1.0,1.0,2.0,5.0,0.3,3,60,0.0,0.05,0.8546555555555555,0.8768066885242785,0.4533333333333333,nan
confirm_d60_redundant0_noise0.05,controlled_gaussian_mixture_confirmation,2,0.95,release_2,granular_ball,logistic,600,60,2,93,3.225806451612903,2.0,1,29,45,0.6774193548387096,0.8924731182795699,2.7334302735097102,1.220007052288324,0.9514516338007818,1.0,1.0,1.0,2.0,5.0,0.3,3,60,0.0,0.05,0.9335444444444445,0.9435278193519856,0.6066666666666667,nan
confirm_d60_redundant0_noise0.05,controlled_gaussian_mixture_confirmation,2,0.95,release_2,granular_ball,random_forest,600,60,2,93,3.225806451612903,2.0,1,29,45,0.6774193548387096,0.8924731182795699,2.7334302735097102,1.220007052288324,0.9514516338007818,1.0,1.0,1.0,2.0,5.0,0.3,3,60,0.0,0.05,0.9421888888888887,0.9465932327437913,0.6033333333333334,nan
confirm_d60_redundant0_noise0.05,controlled_gaussian_mixture_confirmation,2,0.95,release_2,matched_kmeans,logistic,600,60,2,93,3.225806451612903,1.0,1,61,83,0.9032258064516129,0.9032258064516129,0.7189780626346683,0.0,0.9920164391431798,1.0,1.0,1.0,2.0,5.0,0.3,3,60,0.0,0.05,0.8227,0.8466976047641912,0.3566666666666667,nan
confirm_d60_redundant0_noise0.05,controlled_gaussian_mixture_confirmation,2,0.95,release_2,matched_kmeans,random_forest,600,60,2,93,3.225806451612903,1.0,1,61,83,0.9032258064516129,0.9032258064516129,0.7189780626346683,0.0,0.9920164391431798,1.0,1.0,1.0,2.0,5.0,0.3,3,60,0.0,0.05,0.8475111111111111,0.8725993378962316,0.4866666666666667,nan
confirm_d60_redundant0_noise0.05,controlled_gaussian_mixture_confirmation,2,0.95,release_3,granular_ball,logistic,600,60,2,93,3.225806451612903,2.0,1,29,45,0.6774193548387096,0.8924731182795699,2.7334302735097102,1.220007052288324,0.9514516338007818,1.0,1.0,1.0,2.0,5.0,0.3,3,60,0.0,0.05,0.9292888888888889,0.9376789929939549,0.5333333333333333,nan
confirm_d60_redundant0_noise0.05,controlled_gaussian_mixture_confirmation,2,0.95,release_3,granular_ball,random_forest,600,60,2,93,3.225806451612903,2.0,1,29,45,0.6774193548387096,0.8924731182795699,2.7334302735097102,1.220007052288324,0.9514516338007818,1.0,1.0,1.0,2.0,5.0,0.3,3,60,0.0,0.05,0.9429777777777777,0.952616434670789,0.62,nan
confirm_d60_redundant0_noise0.05,controlled_gaussian_mixture_confirmation,2,0.95,release_3,matched_kmeans,logistic,600,60,2,93,3.225806451612903,1.0,1,61,83,0.9032258064516129,0.9032258064516129,0.7189780626346683,0.0,0.9920164391431798,1.0,1.0,1.0,2.0,5.0,0.3,3,60,0.0,0.05,0.8208333333333333,0.8449784295869367,0.3566666666666667,nan
confirm_d60_redundant0_noise0.05,controlled_gaussian_mixture_confirmation,2,0.95,release_3,matched_kmeans,random_forest,600,60,2,93,3.225806451612903,1.0,1,61,83,0.9032258064516129,0.9032258064516129,0.7189780626346683,0.0,0.9920164391431798,1.0,1.0,1.0,2.0,5.0,0.3,3,60,0.0,0.05,0.8437833333333333,0.8700024673954649,0.49333333333333335,nan
confirm_d60_redundant0_noise0.05,controlled_gaussian_mixture_confirmation,2,0.99,release_1,granular_ball,logistic,600,60,2,103,2.912621359223301,2.0,1,26,50,0.6699029126213593,0.883495145631068,2.7901842121992746,1.220007052288324,0.9524271844660194,1.0,1.0,1.0,2.0,5.0,0.3,3,60,0.0,0.05,0.9453666666666667,0.9555799337025064,0.6666666666666666,nan
confirm_d60_redundant0_noise0.05,controlled_gaussian_mixture_confirmation,2,0.99,release_1,granular_ball,random_forest,600,60,2,103,2.912621359223301,2.0,1,26,50,0.6699029126213593,0.883495145631068,2.7901842121992746,1.220007052288324,0.9524271844660194,1.0,1.0,1.0,2.0,5.0,0.3,3,60,0.0,0.05,0.9554222222222221,0.9646288907887691,0.75,nan
confirm_d60_redundant0_noise0.05,controlled_gaussian_mixture_confirmation,2,0.99,release_1,matched_kmeans,logistic,600,60,2,103,2.912621359223301,1.0,1,58,93,0.912621359223301,0.912621359223301,0.6414896512760928,0.0,0.9926643623342477,1.0,1.0,1.0,2.0,5.0,0.3,3,60,0.0,0.05,0.8227111111111112,0.8340013883795309,0.33666666666666667,nan
confirm_d60_redundant0_noise0.05,controlled_gaussian_mixture_confirmation,2,0.99,release_1,matched_kmeans,random_forest,600,60,2,103,2.912621359223301,1.0,1,58,93,0.912621359223301,0.912621359223301,0.6414896512760928,0.0,0.9926643623342477,1.0,1.0,1.0,2.0,5.0,0.3,3,60,0.0,0.05,0.8788777777777779,0.889910946962652,0.45,nan
confirm_d60_redundant0_noise0.05,controlled_gaussian_mixture_confirmation,2,0.99,release_2,granular_ball,logistic,600,60,2,103,2.912621359223301,2.0,1,26,50,0.6699029126213593,0.883495145631068,2.7901842121992746,1.220007052288324,0.9524271844660194,1.0,1.0,1.0,2.0,5.0,0.3,3,60,0.0,0.05,0.9628555555555556,0.9665260003363889,0.7,nan
confirm_d60_redundant0_noise0.05,controlled_gaussian_mixture_confirmation,2,0.99,release_2,granular_ball,random_forest,600,60,2,103,2.912621359223301,2.0,1,26,50,0.6699029126213593,0.883495145631068,2.7901842121992746,1.220007052288324,0.9524271844660194,1.0,1.0,1.0,2.0,5.0,0.3,3,60,0.0,0.05,0.9696611111111112,0.9749737921768734,0.7766666666666666,nan
confirm_d60_redundant0_noise0.05,controlled_gaussian_mixture_confirmation,2,0.99,release_2,matched_kmeans,logistic,600,60,2,103,2.912621359223301,1.0,1,58,93,0.912621359223301,0.912621359223301,0.6414896512760928,0.0,0.9926643623342477,1.0,1.0,1.0,2.0,5.0,0.3,3,60,0.0,0.05,0.8477777777777779,0.8655980287744853,0.3933333333333333,nan
confirm_d60_redundant0_noise0.05,controlled_gaussian_mixture_confirmation,2,0.99,release_2,matched_kmeans,random_forest,600,60,2,103,2.912621359223301,1.0,1,58,93,0.912621359223301,0.912621359223301,0.6414896512760928,0.0,0.9926643623342477,1.0,1.0,1.0,2.0,5.0,0.3,3,60,0.0,0.05,0.8757555555555555,0.8908721978058723,0.45,nan
confirm_d60_redundant0_noise0.05,controlled_gaussian_mixture_confirmation,2,0.99,release_3,granular_ball,logistic,600,60,2,103,2.912621359223301,2.0,1,26,50,0.6699029126213593,0.883495145631068,2.7901842121992746,1.220007052288324,0.9524271844660194,1.0,1.0,1.0,2.0,5.0,0.3,3,60,0.0,0.05,0.9632888888888889,0.967143471239779,0.69,nan
confirm_d60_redundant0_noise0.05,controlled_gaussian_mixture_confirmation,2,0.99,release_3,granular_ball,random_forest,600,60,2,103,2.912621359223301,2.0,1,26,50,0.6699029126213593,0.883495145631068,2.7901842121992746,1.220007052288324,0.9524271844660194,1.0,1.0,1.0,2.0,5.0,0.3,3,60,0.0,0.05,0.9687444444444444,0.9746468313271517,0.7833333333333333,nan
confirm_d60_redundant0_noise0.05,controlled_gaussian_mixture_confirmation,2,0.99,release_3,matched_kmeans,logistic,600,60,2,103,2.912621359223301,1.0,1,58,93,0.912621359223301,0.912621359223301,0.6414896512760928,0.0,0.9926643623342477,1.0,1.0,1.0,2.0,5.0,0.3,3,60,0.0,0.05,0.8463333333333334,0.8641439032979378,0.38,nan
confirm_d60_redundant0_noise0.05,controlled_gaussian_mixture_confirmation,2,0.99,release_3,matched_kmeans,random_forest,600,60,2,103,2.912621359223301,1.0,1,58,93,0.912621359223301,0.912621359223301,0.6414896512760928,0.0,0.9926643623342477,1.0,1.0,1.0,2.0,5.0,0.3,3,60,0.0,0.05,0.8736444444444443,0.8899363190051841,0.4766666666666667,nan
confirm_d60_redundant0_noise0.05,controlled_gaussian_mixture_confirmation,13,0.7,release_1,granular_ball,logistic,600,60,2,10,30.0,1.0,1,119,6,0.6,0.6,3.040654256939747,0.0,0.9611870196559282,1.0,0.9540942928039703,1.0,2.0,5.0,0.3,3,60,0.0,0.05,0.6415666666666667,0.6319363725150255,0.06333333333333334,nan
confirm_d60_redundant0_noise0.05,controlled_gaussian_mixture_confirmation,13,0.7,release_1,granular_ball,random_forest,600,60,2,10,30.0,1.0,1,119,6,0.6,0.6,3.040654256939747,0.0,0.9611870196559282,1.0,0.9540942928039703,1.0,2.0,5.0,0.3,3,60,0.0,0.05,0.5992,0.614950644695778,0.05333333333333334,nan
confirm_d60_redundant0_noise0.05,controlled_gaussian_mixture_confirmation,13,0.7,release_1,matched_kmeans,logistic,600,60,2,10,30.0,1.0,1,173,8,0.8,0.8,1.3946283975517932,0.0,0.9364307572740078,1.0,1.0,1.0,2.0,5.0,0.3,3,60,0.0,0.05,0.6346666666666667,0.6322606572599836,0.056666666666666664,nan
confirm_d60_redundant0_noise0.05,controlled_gaussian_mixture_confirmation,13,0.7,release_1,matched_kmeans,random_forest,600,60,2,10,30.0,1.0,1,173,8,0.8,0.8,1.3946283975517932,0.0,0.9364307572740078,1.0,1.0,1.0,2.0,5.0,0.3,3,60,0.0,0.05,0.6125722222222222,0.6118364468818019,0.06666666666666667,nan
confirm_d60_redundant0_noise0.05,controlled_gaussian_mixture_confirmation,13,0.7,release_2,granular_ball,logistic,600,60,2,10,30.0,1.0,1,119,6,0.6,0.6,3.040654256939747,0.0,0.9611870196559282,1.0,0.9540942928039703,1.0,2.0,5.0,0.3,3,60,0.0,0.05,0.6607444444444445,0.6533989620038781,0.03666666666666667,nan
confirm_d60_redundant0_noise0.05,controlled_gaussian_mixture_confirmation,13,0.7,release_2,granular_ball,random_forest,600,60,2,10,30.0,1.0,1,119,6,0.6,0.6,3.040654256939747,0.0,0.9611870196559282,1.0,0.9540942928039703,1.0,2.0,5.0,0.3,3,60,0.0,0.05,0.6182222222222222,0.6207842865769216,0.043333333333333335,nan
confirm_d60_redundant0_noise0.05,controlled_gaussian_mixture_confirmation,13,0.7,release_2,matched_kmeans,logistic,600,60,2,10,30.0,1.0,1,173,8,0.8,0.8,1.3946283975517932,0.0,0.9364307572740078,1.0,1.0,1.0,2.0,5.0,0.3,3,60,0.0,0.05,0.6307222222222222,0.6405539963661799,0.04,nan
confirm_d60_redundant0_noise0.05,controlled_gaussian_mixture_confirmation,13,0.7,release_2,matched_kmeans,random_forest,600,60,2,10,30.0,1.0,1,173,8,0.8,0.8,1.3946283975517932,0.0,0.9364307572740078,1.0,1.0,1.0,2.0,5.0,0.3,3,60,0.0,0.05,0.6031,0.6047508535167031,0.04,nan
confirm_d60_redundant0_noise0.05,controlled_gaussian_mixture_confirmation,13,0.7,release_3,granular_ball,logistic,600,60,2,10,30.0,1.0,1,119,6,0.6,0.6,3.040654256939747,0.0,0.9611870196559282,1.0,0.9540942928039703,1.0,2.0,5.0,0.3,3,60,0.0,0.05,0.6587111111111111,0.6537595670354439,0.05333333333333334,nan
confirm_d60_redundant0_noise0.05,controlled_gaussian_mixture_confirmation,13,0.7,release_3,granular_ball,random_forest,600,60,2,10,30.0,1.0,1,119,6,0.6,0.6,3.040654256939747,0.0,0.9611870196559282,1.0,0.9540942928039703,1.0,2.0,5.0,0.3,3,60,0.0,0.05,0.6210888888888889,0.6274750534121685,0.03333333333333333,nan
confirm_d60_redundant0_noise0.05,controlled_gaussian_mixture_confirmation,13,0.7,release_3,matched_kmeans,logistic,600,60,2,10,30.0,1.0,1,173,8,0.8,0.8,1.3946283975517932,0.0,0.9364307572740078,1.0,1.0,1.0,2.0,5.0,0.3,3,60,0.0,0.05,0.6300333333333333,0.6404247492161947,0.04,nan
confirm_d60_redundant0_noise0.05,controlled_gaussian_mixture_confirmation,13,0.7,release_3,matched_kmeans,random_forest,600,60,2,10,30.0,1.0,1,173,8,0.8,0.8,1.3946283975517932,0.0,0.9364307572740078,1.0,1.0,1.0,2.0,5.0,0.3,3,60,0.0,0.05,0.6035888888888888,0.6074985068347278,0.04666666666666667,nan
confirm_d60_redundant0_noise0.05,controlled_gaussian_mixture_confirmation,13,0.8,release_1,granular_ball,logistic,600,60,2,19,15.789473684210526,1.0,1,62,13,0.6842105263157895,0.7368421052631579,2.1259388127227377,0.0,0.9732870531069282,1.0,0.9807692307692308,1.0,2.0,5.0,0.3,3,60,0.0,0.05,0.6629888888888888,0.6460578237438559,0.07,nan
confirm_d60_redundant0_noise0.05,controlled_gaussian_mixture_confirmation,13,0.8,release_1,granular_ball,random_forest,600,60,2,19,15.789473684210526,1.0,1,62,13,0.6842105263157895,0.7368421052631579,2.1259388127227377,0.0,0.9732870531069282,1.0,0.9807692307692308,1.0,2.0,5.0,0.3,3,60,0.0,0.05,0.6967444444444444,0.7187096533605111,0.13333333333333333,nan
confirm_d60_redundant0_noise0.05,controlled_gaussian_mixture_confirmation,13,0.8,release_1,matched_kmeans,logistic,600,60,2,19,15.789473684210526,1.0,1,170,17,0.8947368421052632,0.8947368421052632,0.7224564761320984,0.0,0.9651223321186883,1.0,1.0,1.0,2.0,5.0,0.3,3,60,0.0,0.05,0.6385,0.6491996887966556,0.09666666666666666,nan
confirm_d60_redundant0_noise0.05,controlled_gaussian_mixture_confirmation,13,0.8,release_1,matched_kmeans,random_forest,600,60,2,19,15.789473684210526,1.0,1,170,17,0.8947368421052632,0.8947368421052632,0.7224564761320984,0.0,0.9651223321186883,1.0,1.0,1.0,2.0,5.0,0.3,3,60,0.0,0.05,0.6232555555555556,0.6372124303656277,0.09666666666666666,nan
confirm_d60_redundant0_noise0.05,controlled_gaussian_mixture_confirmation,13,0.8,release_2,granular_ball,logistic,600,60,2,19,15.789473684210526,1.0,1,62,13,0.6842105263157895,0.7368421052631579,2.1259388127227377,0.0,0.9732870531069282,1.0,0.9807692307692308,1.0,2.0,5.0,0.3,3,60,0.0,0.05,0.6781777777777778,0.673634985418708,0.07333333333333333,nan
confirm_d60_redundant0_noise0.05,controlled_gaussian_mixture_confirmation,13,0.8,release_2,granular_ball,random_forest,600,60,2,19,15.789473684210526,1.0,1,62,13,0.6842105263157895,0.7368421052631579,2.1259388127227377,0.0,0.9732870531069282,1.0,0.9807692307692308,1.0,2.0,5.0,0.3,3,60,0.0,0.05,0.7057333333333333,0.7054889599699747,0.08333333333333333,nan
confirm_d60_redundant0_noise0.05,controlled_gaussian_mixture_confirmation,13,0.8,release_2,matched_kmeans,logistic,600,60,2,19,15.789473684210526,1.0,1,170,17,0.8947368421052632,0.8947368421052632,0.7224564761320984,0.0,0.9651223321186883,1.0,1.0,1.0,2.0,5.0,0.3,3,60,0.0,0.05,0.6439666666666667,0.6671619468074406,0.08,nan
confirm_d60_redundant0_noise0.05,controlled_gaussian_mixture_confirmation,13,0.8,release_2,matched_kmeans,random_forest,600,60,2,19,15.789473684210526,1.0,1,170,17,0.8947368421052632,0.8947368421052632,0.7224564761320984,0.0,0.9651223321186883,1.0,1.0,1.0,2.0,5.0,0.3,3,60,0.0,0.05,0.6215222222222222,0.6363327588904015,0.1,nan
confirm_d60_redundant0_noise0.05,controlled_gaussian_mixture_confirmation,13,0.8,release_3,granular_ball,logistic,600,60,2,19,15.789473684210526,1.0,1,62,13,0.6842105263157895,0.7368421052631579,2.1259388127227377,0.0,0.9732870531069282,1.0,0.9807692307692308,1.0,2.0,5.0,0.3,3,60,0.0,0.05,0.6887777777777777,0.6856680658799691,0.08333333333333333,nan
confirm_d60_redundant0_noise0.05,controlled_gaussian_mixture_confirmation,13,0.8,release_3,granular_ball,random_forest,600,60,2,19,15.789473684210526,1.0,1,62,13,0.6842105263157895,0.7368421052631579,2.1259388127227377,0.0,0.9732870531069282,1.0,0.9807692307692308,1.0,2.0,5.0,0.3,3,60,0.0,0.05,0.7026555555555556,0.7033523612153593,0.05,nan
confirm_d60_redundant0_noise0.05,controlled_gaussian_mixture_confirmation,13,0.8,release_3,matched_kmeans,logistic,600,60,2,19,15.789473684210526,1.0,1,170,17,0.8947368421052632,0.8947368421052632,0.7224564761320984,0.0,0.9651223321186883,1.0,1.0,1.0,2.0,5.0,0.3,3,60,0.0,0.05,0.6428777777777779,0.6663493227942625,0.08,nan
confirm_d60_redundant0_noise0.05,controlled_gaussian_mixture_confirmation,13,0.8,release_3,matched_kmeans,random_forest,600,60,2,19,15.789473684210526,1.0,1,170,17,0.8947368421052632,0.8947368421052632,0.7224564761320984,0.0,0.9651223321186883,1.0,1.0,1.0,2.0,5.0,0.3,3,60,0.0,0.05,0.6256222222222222,0.6357262396862273,0.08666666666666667,nan
confirm_d60_redundant0_noise0.05,controlled_gaussian_mixture_confirmation,13,0.9,release_1,granular_ball,logistic,600,60,2,30,10.0,1.0,1,62,22,0.7333333333333333,0.8,1.5832813044281713,0.0,0.9886358105273578,1.0,1.0,1.0,2.0,5.0,0.3,3,60,0.0,0.05,0.7466777777777778,0.752263576748255,0.12666666666666668,nan
confirm_d60_redundant0_noise0.05,controlled_gaussian_mixture_confirmation,13,0.9,release_1,granular_ball,random_forest,600,60,2,30,10.0,1.0,1,62,22,0.7333333333333333,0.8,1.5832813044281713,0.0,0.9886358105273578,1.0,1.0,1.0,2.0,5.0,0.3,3,60,0.0,0.05,0.7180111111111112,0.7368103223404912,0.16666666666666666,nan
confirm_d60_redundant0_noise0.05,controlled_gaussian_mixture_confirmation,13,0.9,release_1,matched_kmeans,logistic,600,60,2,30,10.0,1.0,1,99,25,0.8333333333333334,0.8333333333333334,1.2006496231666957,0.0,0.966819177454232,1.0,1.0,1.0,2.0,5.0,0.3,3,60,0.0,0.05,0.7374888888888889,0.7320756447295832,0.12333333333333334,nan
confirm_d60_redundant0_noise0.05,controlled_gaussian_mixture_confirmation,13,0.9,release_1,matched_kmeans,random_forest,600,60,2,30,10.0,1.0,1,99,25,0.8333333333333334,0.8333333333333334,1.2006496231666957,0.0,0.966819177454232,1.0,1.0,1.0,2.0,5.0,0.3,3,60,0.0,0.05,0.7255833333333332,0.7472125829203109,0.15666666666666668,nan
confirm_d60_redundant0_noise0.05,controlled_gaussian_mixture_confirmation,13,0.9,release_2,granular_ball,logistic,600,60,2,30,10.0,1.0,1,62,22,0.7333333333333333,0.8,1.5832813044281713,0.0,0.9886358105273578,1.0,1.0,1.0,2.0,5.0,0.3,3,60,0.0,0.05,0.7657777777777779,0.7633268236951369,0.14333333333333334,nan
confirm_d60_redundant0_noise0.05,controlled_gaussian_mixture_confirmation,13,0.9,release_2,granular_ball,random_forest,600,60,2,30,10.0,1.0,1,62,22,0.7333333333333333,0.8,1.5832813044281713,0.0,0.9886358105273578,1.0,1.0,1.0,2.0,5.0,0.3,3,60,0.0,0.05,0.726488888888889,0.7203955658348209,0.13666666666666666,nan
confirm_d60_redundant0_noise0.05,controlled_gaussian_mixture_confirmation,13,0.9,release_2,matched_kmeans,logistic,600,60,2,30,10.0,1.0,1,99,25,0.8333333333333334,0.8333333333333334,1.2006496231666957,0.0,0.966819177454232,1.0,1.0,1.0,2.0,5.0,0.3,3,60,0.0,0.05,0.7126333333333333,0.7221181209552271,0.12,nan
confirm_d60_redundant0_noise0.05,controlled_gaussian_mixture_confirmation,13,0.9,release_2,matched_kmeans,random_forest,600,60,2,30,10.0,1.0,1,99,25,0.8333333333333334,0.8333333333333334,1.2006496231666957,0.0,0.966819177454232,1.0,1.0,1.0,2.0,5.0,0.3,3,60,0.0,0.05,0.7191277777777778,0.7305148890931142,0.13333333333333333,nan
confirm_d60_redundant0_noise0.05,controlled_gaussian_mixture_confirmation,13,0.9,release_3,granular_ball,logistic,600,60,2,30,10.0,1.0,1,62,22,0.7333333333333333,0.8,1.5832813044281713,0.0,0.9886358105273578,1.0,1.0,1.0,2.0,5.0,0.3,3,60,0.0,0.05,0.7620555555555555,0.7577901878099887,0.14333333333333334,nan
confirm_d60_redundant0_noise0.05,controlled_gaussian_mixture_confirmation,13,0.9,release_3,granular_ball,random_forest,600,60,2,30,10.0,1.0,1,62,22,0.7333333333333333,0.8,1.5832813044281713,0.0,0.9886358105273578,1.0,1.0,1.0,2.0,5.0,0.3,3,60,0.0,0.05,0.7281666666666666,0.7183445728789244,0.11333333333333333,nan
confirm_d60_redundant0_noise0.05,controlled_gaussian_mixture_confirmation,13,0.9,release_3,matched_kmeans,logistic,600,60,2,30,10.0,1.0,1,99,25,0.8333333333333334,0.8333333333333334,1.2006496231666957,0.0,0.966819177454232,1.0,1.0,1.0,2.0,5.0,0.3,3,60,0.0,0.05,0.7100111111111111,0.7185296651305745,0.12,nan
confirm_d60_redundant0_noise0.05,controlled_gaussian_mixture_confirmation,13,0.9,release_3,matched_kmeans,random_forest,600,60,2,30,10.0,1.0,1,99,25,0.8333333333333334,0.8333333333333334,1.2006496231666957,0.0,0.966819177454232,1.0,1.0,1.0,2.0,5.0,0.3,3,60,0.0,0.05,0.7193111111111111,0.7262371204062736,0.11666666666666667,nan
confirm_d60_redundant0_noise0.05,controlled_gaussian_mixture_confirmation,13,0.95,release_1,granular_ball,logistic,600,60,2,40,7.5,1.0,1,62,27,0.775,0.85,1.427147992886506,0.0,0.9829364852247109,1.0,1.0,1.0,2.0,5.0,0.3,3,60,0.0,0.05,0.7399666666666667,0.7519104198693258,0.16,nan
confirm_d60_redundant0_noise0.05,controlled_gaussian_mixture_confirmation,13,0.95,release_1,granular_ball,random_forest,600,60,2,40,7.5,1.0,1,62,27,0.775,0.85,1.427147992886506,0.0,0.9829364852247109,1.0,1.0,1.0,2.0,5.0,0.3,3,60,0.0,0.05,0.7280555555555556,0.7558468493463937,0.2,nan
confirm_d60_redundant0_noise0.05,controlled_gaussian_mixture_confirmation,13,0.95,release_1,matched_kmeans,logistic,600,60,2,40,7.5,1.0,1,87,34,0.85,0.85,1.0715468807096056,0.0,0.9769337809414846,1.0,1.0,1.0,2.0,5.0,0.3,3,60,0.0,0.05,0.7480666666666667,0.7528641142823347,0.13,nan
confirm_d60_redundant0_noise0.05,controlled_gaussian_mixture_confirmation,13,0.95,release_1,matched_kmeans,random_forest,600,60,2,40,7.5,1.0,1,87,34,0.85,0.85,1.0715468807096056,0.0,0.9769337809414846,1.0,1.0,1.0,2.0,5.0,0.3,3,60,0.0,0.05,0.7395333333333334,0.76495354873816,0.18666666666666668,nan
confirm_d60_redundant0_noise0.05,controlled_gaussian_mixture_confirmation,13,0.95,release_2,granular_ball,logistic,600,60,2,40,7.5,1.0,1,62,27,0.775,0.85,1.427147992886506,0.0,0.9829364852247109,1.0,1.0,1.0,2.0,5.0,0.3,3,60,0.0,0.05,0.7850222222222223,0.7884026360701919,0.17666666666666667,nan
confirm_d60_redundant0_noise0.05,controlled_gaussian_mixture_confirmation,13,0.95,release_2,granular_ball,random_forest,600,60,2,40,7.5,1.0,1,62,27,0.775,0.85,1.427147992886506,0.0,0.9829364852247109,1.0,1.0,1.0,2.0,5.0,0.3,3,60,0.0,0.05,0.7888222222222223,0.8022120736759214,0.19666666666666666,nan
confirm_d60_redundant0_noise0.05,controlled_gaussian_mixture_confirmation,13,0.95,release_2,matched_kmeans,logistic,600,60,2,40,7.5,1.0,1,87,34,0.85,0.85,1.0715468807096056,0.0,0.9769337809414846,1.0,1.0,1.0,2.0,5.0,0.3,3,60,0.0,0.05,0.7274222222222222,0.7488724933379683,0.14,nan
confirm_d60_redundant0_noise0.05,controlled_gaussian_mixture_confirmation,13,0.95,release_2,matched_kmeans,random_forest,600,60,2,40,7.5,1.0,1,87,34,0.85,0.85,1.0715468807096056,0.0,0.9769337809414846,1.0,1.0,1.0,2.0,5.0,0.3,3,60,0.0,0.05,0.7516944444444444,0.7655909554534428,0.16,nan
confirm_d60_redundant0_noise0.05,controlled_gaussian_mixture_confirmation,13,0.95,release_3,granular_ball,logistic,600,60,2,40,7.5,1.0,1,62,27,0.775,0.85,1.427147992886506,0.0,0.9829364852247109,1.0,1.0,1.0,2.0,5.0,0.3,3,60,0.0,0.05,0.7854666666666668,0.7882391743080068,0.18333333333333332,nan
confirm_d60_redundant0_noise0.05,controlled_gaussian_mixture_confirmation,13,0.95,release_3,granular_ball,random_forest,600,60,2,40,7.5,1.0,1,62,27,0.775,0.85,1.427147992886506,0.0,0.9829364852247109,1.0,1.0,1.0,2.0,5.0,0.3,3,60,0.0,0.05,0.7896222222222222,0.8065680016279894,0.23666666666666666,nan
confirm_d60_redundant0_noise0.05,controlled_gaussian_mixture_confirmation,13,0.95,release_3,matched_kmeans,logistic,600,60,2,40,7.5,1.0,1,87,34,0.85,0.85,1.0715468807096056,0.0,0.9769337809414846,1.0,1.0,1.0,2.0,5.0,0.3,3,60,0.0,0.05,0.7264666666666667,0.7451159237661134,0.14,nan
confirm_d60_redundant0_noise0.05,controlled_gaussian_mixture_confirmation,13,0.95,release_3,matched_kmeans,random_forest,600,60,2,40,7.5,1.0,1,87,34,0.85,0.85,1.0715468807096056,0.0,0.9769337809414846,1.0,1.0,1.0,2.0,5.0,0.3,3,60,0.0,0.05,0.7525777777777777,0.7676884116975339,0.17666666666666667,nan
confirm_d60_redundant0_noise0.05,controlled_gaussian_mixture_confirmation,13,0.99,release_1,granular_ball,logistic,600,60,2,79,3.7974683544303796,2.0,1,36,37,0.6708860759493671,0.8227848101265823,3.113293411274808,1.1755203689814937,0.9683544303797469,1.0,1.0,1.0,2.0,5.0,0.3,3,60,0.0,0.05,0.9120444444444444,0.9199429448113139,0.47333333333333333,nan
confirm_d60_redundant0_noise0.05,controlled_gaussian_mixture_confirmation,13,0.99,release_1,granular_ball,random_forest,600,60,2,79,3.7974683544303796,2.0,1,36,37,0.6708860759493671,0.8227848101265823,3.113293411274808,1.1755203689814937,0.9683544303797469,1.0,1.0,1.0,2.0,5.0,0.3,3,60,0.0,0.05,0.9174388888888889,0.9302059824258953,0.5833333333333334,nan
confirm_d60_redundant0_noise0.05,controlled_gaussian_mixture_confirmation,13,0.99,release_1,matched_kmeans,logistic,600,60,2,79,3.7974683544303796,1.0,1,82,74,0.9367088607594937,0.9367088607594937,0.43131536925007896,0.0,0.9898269868445849,1.0,1.0,1.0,2.0,5.0,0.3,3,60,0.0,0.05,0.7839555555555556,0.7971488697177908,0.25,nan
confirm_d60_redundant0_noise0.05,controlled_gaussian_mixture_confirmation,13,0.99,release_1,matched_kmeans,random_forest,600,60,2,79,3.7974683544303796,1.0,1,82,74,0.9367088607594937,0.9367088607594937,0.43131536925007896,0.0,0.9898269868445849,1.0,1.0,1.0,2.0,5.0,0.3,3,60,0.0,0.05,0.8029666666666665,0.824577063336068,0.27,nan
confirm_d60_redundant0_noise0.05,controlled_gaussian_mixture_confirmation,13,0.99,release_2,granular_ball,logistic,600,60,2,79,3.7974683544303796,2.0,1,36,37,0.6708860759493671,0.8227848101265823,3.113293411274808,1.1755203689814937,0.9683544303797469,1.0,1.0,1.0,2.0,5.0,0.3,3,60,0.0,0.05,0.9300888888888889,0.9372289448596444,0.5833333333333334,nan
confirm_d60_redundant0_noise0.05,controlled_gaussian_mixture_confirmation,13,0.99,release_2,granular_ball,random_forest,600,60,2,79,3.7974683544303796,2.0,1,36,37,0.6708860759493671,0.8227848101265823,3.113293411274808,1.1755203689814937,0.9683544303797469,1.0,1.0,1.0,2.0,5.0,0.3,3,60,0.0,0.05,0.9365833333333335,0.9419219176535822,0.5933333333333334,nan
confirm_d60_redundant0_noise0.05,controlled_gaussian_mixture_confirmation,13,0.99,release_2,matched_kmeans,logistic,600,60,2,79,3.7974683544303796,1.0,1,82,74,0.9367088607594937,0.9367088607594937,0.43131536925007896,0.0,0.9898269868445849,1.0,1.0,1.0,2.0,5.0,0.3,3,60,0.0,0.05,0.7829777777777778,0.804015133938188,0.25666666666666665,nan
confirm_d60_redundant0_noise0.05,controlled_gaussian_mixture_confirmation,13,0.99,release_2,matched_kmeans,random_forest,600,60,2,79,3.7974683544303796,1.0,1,82,74,0.9367088607594937,0.9367088607594937,0.43131536925007896,0.0,0.9898269868445849,1.0,1.0,1.0,2.0,5.0,0.3,3,60,0.0,0.05,0.8091111111111111,0.8331696304715261,0.29,nan
confirm_d60_redundant0_noise0.05,controlled_gaussian_mixture_confirmation,13,0.99,release_3,granular_ball,logistic,600,60,2,79,3.7974683544303796,2.0,1,36,37,0.6708860759493671,0.8227848101265823,3.113293411274808,1.1755203689814937,0.9683544303797469,1.0,1.0,1.0,2.0,5.0,0.3,3,60,0.0,0.05,0.9288444444444445,0.9367603677877411,0.6033333333333334,nan
confirm_d60_redundant0_noise0.05,controlled_gaussian_mixture_confirmation,13,0.99,release_3,granular_ball,random_forest,600,60,2,79,3.7974683544303796,2.0,1,36,37,0.6708860759493671,0.8227848101265823,3.113293411274808,1.1755203689814937,0.9683544303797469,1.0,1.0,1.0,2.0,5.0,0.3,3,60,0.0,0.05,0.937372222222222,0.9424414479176948,0.5766666666666667,nan
confirm_d60_redundant0_noise0.05,controlled_gaussian_mixture_confirmation,13,0.99,release_3,matched_kmeans,logistic,600,60,2,79,3.7974683544303796,1.0,1,82,74,0.9367088607594937,0.9367088607594937,0.43131536925007896,0.0,0.9898269868445849,1.0,1.0,1.0,2.0,5.0,0.3,3,60,0.0,0.05,0.7785555555555556,0.801052214672273,0.25666666666666665,nan
confirm_d60_redundant0_noise0.05,controlled_gaussian_mixture_confirmation,13,0.99,release_3,matched_kmeans,random_forest,600,60,2,79,3.7974683544303796,1.0,1,82,74,0.9367088607594937,0.9367088607594937,0.43131536925007896,0.0,0.9898269868445849,1.0,1.0,1.0,2.0,5.0,0.3,3,60,0.0,0.05,0.8100888888888889,0.8337831857006176,0.30666666666666664,nan
confirm_d60_redundant0_noise0.05,controlled_gaussian_mixture_confirmation,73,0.7,release_1,granular_ball,logistic,600,60,2,34,8.823529411764707,1.0,1,75,24,0.7941176470588235,0.7941176470588235,1.8993720693551461,0.0,0.9639154882701957,1.0,1.0,1.0,2.0,5.0,0.3,3,60,0.0,0.05,0.7127666666666667,0.7376191204246084,0.14666666666666667,nan
confirm_d60_redundant0_noise0.05,controlled_gaussian_mixture_confirmation,73,0.7,release_1,granular_ball,random_forest,600,60,2,34,8.823529411764707,1.0,1,75,24,0.7941176470588235,0.7941176470588235,1.8993720693551461,0.0,0.9639154882701957,1.0,1.0,1.0,2.0,5.0,0.3,3,60,0.0,0.05,0.7038222222222222,0.7402982172989871,0.16333333333333333,nan
confirm_d60_redundant0_noise0.05,controlled_gaussian_mixture_confirmation,73,0.7,release_1,matched_kmeans,logistic,600,60,2,34,8.823529411764707,1.0,1,92,29,0.8529411764705882,0.8529411764705882,1.0615734439774687,0.0,0.9714456952623536,1.0,1.0,1.0,2.0,5.0,0.3,3,60,0.0,0.05,0.7288555555555557,0.7241786702118016,0.11666666666666667,nan
confirm_d60_redundant0_noise0.05,controlled_gaussian_mixture_confirmation,73,0.7,release_1,matched_kmeans,random_forest,600,60,2,34,8.823529411764707,1.0,1,92,29,0.8529411764705882,0.8529411764705882,1.0615734439774687,0.0,0.9714456952623536,1.0,1.0,1.0,2.0,5.0,0.3,3,60,0.0,0.05,0.7375444444444444,0.7609299505791925,0.15333333333333332,nan
confirm_d60_redundant0_noise0.05,controlled_gaussian_mixture_confirmation,73,0.7,release_2,granular_ball,logistic,600,60,2,34,8.823529411764707,1.0,1,75,24,0.7941176470588235,0.7941176470588235,1.8993720693551461,0.0,0.9639154882701957,1.0,1.0,1.0,2.0,5.0,0.3,3,60,0.0,0.05,0.7551222222222221,0.779766604082371,0.22666666666666666,nan
confirm_d60_redundant0_noise0.05,controlled_gaussian_mixture_confirmation,73,0.7,release_2,granular_ball,random_forest,600,60,2,34,8.823529411764707,1.0,1,75,24,0.7941176470588235,0.7941176470588235,1.8993720693551461,0.0,0.9639154882701957,1.0,1.0,1.0,2.0,5.0,0.3,3,60,0.0,0.05,0.7306999999999999,0.7518265238966015,0.16333333333333333,nan
confirm_d60_redundant0_noise0.05,controlled_gaussian_mixture_confirmation,73,0.7,release_2,matched_kmeans,logistic,600,60,2,34,8.823529411764707,1.0,1,92,29,0.8529411764705882,0.8529411764705882,1.0615734439774687,0.0,0.9714456952623536,1.0,1.0,1.0,2.0,5.0,0.3,3,60,0.0,0.05,0.7133111111111111,0.7273562877400287,0.14333333333333334,nan
confirm_d60_redundant0_noise0.05,controlled_gaussian_mixture_confirmation,73,0.7,release_2,matched_kmeans,random_forest,600,60,2,34,8.823529411764707,1.0,1,92,29,0.8529411764705882,0.8529411764705882,1.0615734439774687,0.0,0.9714456952623536,1.0,1.0,1.0,2.0,5.0,0.3,3,60,0.0,0.05,0.7276666666666667,0.7431071559221119,0.1,nan
confirm_d60_redundant0_noise0.05,controlled_gaussian_mixture_confirmation,73,0.7,release_3,granular_ball,logistic,600,60,2,34,8.823529411764707,1.0,1,75,24,0.7941176470588235,0.7941176470588235,1.8993720693551461,0.0,0.9639154882701957,1.0,1.0,1.0,2.0,5.0,0.3,3,60,0.0,0.05,0.748488888888889,0.7698467748418991,0.21333333333333335,nan
confirm_d60_redundant0_noise0.05,controlled_gaussian_mixture_confirmation,73,0.7,release_3,granular_ball,random_forest,600,60,2,34,8.823529411764707,1.0,1,75,24,0.7941176470588235,0.7941176470588235,1.8993720693551461,0.0,0.9639154882701957,1.0,1.0,1.0,2.0,5.0,0.3,3,60,0.0,0.05,0.7395555555555555,0.7582421633399644,0.14666666666666667,nan
confirm_d60_redundant0_noise0.05,controlled_gaussian_mixture_confirmation,73,0.7,release_3,matched_kmeans,logistic,600,60,2,34,8.823529411764707,1.0,1,92,29,0.8529411764705882,0.8529411764705882,1.0615734439774687,0.0,0.9714456952623536,1.0,1.0,1.0,2.0,5.0,0.3,3,60,0.0,0.05,0.7025,0.7076636067417116,0.12333333333333334,nan
confirm_d60_redundant0_noise0.05,controlled_gaussian_mixture_confirmation,73,0.7,release_3,matched_kmeans,random_forest,600,60,2,34,8.823529411764707,1.0,1,92,29,0.8529411764705882,0.8529411764705882,1.0615734439774687,0.0,0.9714456952623536,1.0,1.0,1.0,2.0,5.0,0.3,3,60,0.0,0.05,0.7251333333333333,0.740033649141682,0.12,nan
confirm_d60_redundant0_noise0.05,controlled_gaussian_mixture_confirmation,73,0.8,release_1,granular_ball,logistic,600,60,2,39,7.6923076923076925,1.0,1,71,28,0.7948717948717948,0.7948717948717948,1.8142390300751976,0.0,0.9692633261889191,1.0,1.0,1.0,2.0,5.0,0.3,3,60,0.0,0.05,0.7328999999999999,0.7559501824173487,0.17333333333333334,nan
confirm_d60_redundant0_noise0.05,controlled_gaussian_mixture_confirmation,73,0.8,release_1,granular_ball,random_forest,600,60,2,39,7.6923076923076925,1.0,1,71,28,0.7948717948717948,0.7948717948717948,1.8142390300751976,0.0,0.9692633261889191,1.0,1.0,1.0,2.0,5.0,0.3,3,60,0.0,0.05,0.7327111111111111,0.7617832241849887,0.19,nan
confirm_d60_redundant0_noise0.05,controlled_gaussian_mixture_confirmation,73,0.8,release_1,matched_kmeans,logistic,600,60,2,39,7.6923076923076925,1.0,1,94,34,0.8717948717948718,0.8717948717948718,0.9175741778139743,0.0,0.9743698742543355,1.0,1.0,1.0,2.0,5.0,0.3,3,60,0.0,0.05,0.7477,0.7393082023961093,0.13333333333333333,nan
confirm_d60_redundant0_noise0.05,controlled_gaussian_mixture_confirmation,73,0.8,release_1,matched_kmeans,random_forest,600,60,2,39,7.6923076923076925,1.0,1,94,34,0.8717948717948718,0.8717948717948718,0.9175741778139743,0.0,0.9743698742543355,1.0,1.0,1.0,2.0,5.0,0.3,3,60,0.0,0.05,0.7736999999999999,0.7819607098524548,0.15666666666666668,nan
confirm_d60_redundant0_noise0.05,controlled_gaussian_mixture_confirmation,73,0.8,release_2,granular_ball,logistic,600,60,2,39,7.6923076923076925,1.0,1,71,28,0.7948717948717948,0.7948717948717948,1.8142390300751976,0.0,0.9692633261889191,1.0,1.0,1.0,2.0,5.0,0.3,3,60,0.0,0.05,0.7833777777777777,0.7877123391697046,0.22333333333333333,nan
confirm_d60_redundant0_noise0.05,controlled_gaussian_mixture_confirmation,73,0.8,release_2,granular_ball,random_forest,600,60,2,39,7.6923076923076925,1.0,1,71,28,0.7948717948717948,0.7948717948717948,1.8142390300751976,0.0,0.9692633261889191,1.0,1.0,1.0,2.0,5.0,0.3,3,60,0.0,0.05,0.7594222222222222,0.7744545241875864,0.14333333333333334,nan
confirm_d60_redundant0_noise0.05,controlled_gaussian_mixture_confirmation,73,0.8,release_2,matched_kmeans,logistic,600,60,2,39,7.6923076923076925,1.0,1,94,34,0.8717948717948718,0.8717948717948718,0.9175741778139743,0.0,0.9743698742543355,1.0,1.0,1.0,2.0,5.0,0.3,3,60,0.0,0.05,0.7237333333333333,0.7398517870963984,0.14666666666666667,nan
confirm_d60_redundant0_noise0.05,controlled_gaussian_mixture_confirmation,73,0.8,release_2,matched_kmeans,random_forest,600,60,2,39,7.6923076923076925,1.0,1,94,34,0.8717948717948718,0.8717948717948718,0.9175741778139743,0.0,0.9743698742543355,1.0,1.0,1.0,2.0,5.0,0.3,3,60,0.0,0.05,0.7559333333333333,0.7632636792708898,0.15,nan
confirm_d60_redundant0_noise0.05,controlled_gaussian_mixture_confirmation,73,0.8,release_3,granular_ball,logistic,600,60,2,39,7.6923076923076925,1.0,1,71,28,0.7948717948717948,0.7948717948717948,1.8142390300751976,0.0,0.9692633261889191,1.0,1.0,1.0,2.0,5.0,0.3,3,60,0.0,0.05,0.7871111111111111,0.7896054339127684,0.23,nan
confirm_d60_redundant0_noise0.05,controlled_gaussian_mixture_confirmation,73,0.8,release_3,granular_ball,random_forest,600,60,2,39,7.6923076923076925,1.0,1,71,28,0.7948717948717948,0.7948717948717948,1.8142390300751976,0.0,0.9692633261889191,1.0,1.0,1.0,2.0,5.0,0.3,3,60,0.0,0.05,0.7671222222222221,0.7762137595707392,0.15,nan
confirm_d60_redundant0_noise0.05,controlled_gaussian_mixture_confirmation,73,0.8,release_3,matched_kmeans,logistic,600,60,2,39,7.6923076923076925,1.0,1,94,34,0.8717948717948718,0.8717948717948718,0.9175741778139743,0.0,0.9743698742543355,1.0,1.0,1.0,2.0,5.0,0.3,3,60,0.0,0.05,0.7157111111111112,0.7206454732223604,0.14,nan
confirm_d60_redundant0_noise0.05,controlled_gaussian_mixture_confirmation,73,0.8,release_3,matched_kmeans,random_forest,600,60,2,39,7.6923076923076925,1.0,1,94,34,0.8717948717948718,0.8717948717948718,0.9175741778139743,0.0,0.9743698742543355,1.0,1.0,1.0,2.0,5.0,0.3,3,60,0.0,0.05,0.7523388888888889,0.7624414610011445,0.15333333333333332,nan
confirm_d60_redundant0_noise0.05,controlled_gaussian_mixture_confirmation,73,0.9,release_1,granular_ball,logistic,600,60,2,52,5.769230769230769,1.0,1,68,37,0.8076923076923077,0.8461538461538461,1.5164310279589812,0.0,0.9675085273586939,1.0,1.0,1.0,2.0,5.0,0.3,3,60,0.0,0.05,0.7959222222222222,0.8156571324604242,0.2733333333333333,nan
confirm_d60_redundant0_noise0.05,controlled_gaussian_mixture_confirmation,73,0.9,release_1,granular_ball,random_forest,600,60,2,52,5.769230769230769,1.0,1,68,37,0.8076923076923077,0.8461538461538461,1.5164310279589812,0.0,0.9675085273586939,1.0,1.0,1.0,2.0,5.0,0.3,3,60,0.0,0.05,0.7713222222222222,0.7970750661937491,0.22666666666666666,nan
confirm_d60_redundant0_noise0.05,controlled_gaussian_mixture_confirmation,73,0.9,release_1,matched_kmeans,logistic,600,60,2,52,5.769230769230769,1.0,1,92,47,0.9038461538461539,0.9038461538461539,0.6799503954248325,0.0,0.9793149409438449,1.0,1.0,1.0,2.0,5.0,0.3,3,60,0.0,0.05,0.7351777777777778,0.7357878300617188,0.16333333333333333,nan
confirm_d60_redundant0_noise0.05,controlled_gaussian_mixture_confirmation,73,0.9,release_1,matched_kmeans,random_forest,600,60,2,52,5.769230769230769,1.0,1,92,47,0.9038461538461539,0.9038461538461539,0.6799503954248325,0.0,0.9793149409438449,1.0,1.0,1.0,2.0,5.0,0.3,3,60,0.0,0.05,0.7521,0.7648008989031219,0.18333333333333332,nan
confirm_d60_redundant0_noise0.05,controlled_gaussian_mixture_confirmation,73,0.9,release_2,granular_ball,logistic,600,60,2,52,5.769230769230769,1.0,1,68,37,0.8076923076923077,0.8461538461538461,1.5164310279589812,0.0,0.9675085273586939,1.0,1.0,1.0,2.0,5.0,0.3,3,60,0.0,0.05,0.8295555555555556,0.8437853339323573,0.3233333333333333,nan
confirm_d60_redundant0_noise0.05,controlled_gaussian_mixture_confirmation,73,0.9,release_2,granular_ball,random_forest,600,60,2,52,5.769230769230769,1.0,1,68,37,0.8076923076923077,0.8461538461538461,1.5164310279589812,0.0,0.9675085273586939,1.0,1.0,1.0,2.0,5.0,0.3,3,60,0.0,0.05,0.809,0.8185972574263072,0.22666666666666666,nan
confirm_d60_redundant0_noise0.05,controlled_gaussian_mixture_confirmation,73,0.9,release_2,matched_kmeans,logistic,600,60,2,52,5.769230769230769,1.0,1,92,47,0.9038461538461539,0.9038461538461539,0.6799503954248325,0.0,0.9793149409438449,1.0,1.0,1.0,2.0,5.0,0.3,3,60,0.0,0.05,0.7062666666666667,0.718165278722076,0.18333333333333332,nan
confirm_d60_redundant0_noise0.05,controlled_gaussian_mixture_confirmation,73,0.9,release_2,matched_kmeans,random_forest,600,60,2,52,5.769230769230769,1.0,1,92,47,0.9038461538461539,0.9038461538461539,0.6799503954248325,0.0,0.9793149409438449,1.0,1.0,1.0,2.0,5.0,0.3,3,60,0.0,0.05,0.7366777777777777,0.752875223143711,0.2,nan
confirm_d60_redundant0_noise0.05,controlled_gaussian_mixture_confirmation,73,0.9,release_3,granular_ball,logistic,600,60,2,52,5.769230769230769,1.0,1,68,37,0.8076923076923077,0.8461538461538461,1.5164310279589812,0.0,0.9675085273586939,1.0,1.0,1.0,2.0,5.0,0.3,3,60,0.0,0.05,0.8306444444444444,0.8423487070616045,0.31,nan
confirm_d60_redundant0_noise0.05,controlled_gaussian_mixture_confirmation,73,0.9,release_3,granular_ball,random_forest,600,60,2,52,5.769230769230769,1.0,1,68,37,0.8076923076923077,0.8461538461538461,1.5164310279589812,0.0,0.9675085273586939,1.0,1.0,1.0,2.0,5.0,0.3,3,60,0.0,0.05,0.8153888888888889,0.8199107442775757,0.20333333333333334,nan
confirm_d60_redundant0_noise0.05,controlled_gaussian_mixture_confirmation,73,0.9,release_3,matched_kmeans,logistic,600,60,2,52,5.769230769230769,1.0,1,92,47,0.9038461538461539,0.9038461538461539,0.6799503954248325,0.0,0.9793149409438449,1.0,1.0,1.0,2.0,5.0,0.3,3,60,0.0,0.05,0.7037333333333333,0.7170954007778108,0.18333333333333332,nan
confirm_d60_redundant0_noise0.05,controlled_gaussian_mixture_confirmation,73,0.9,release_3,matched_kmeans,random_forest,600,60,2,52,5.769230769230769,1.0,1,92,47,0.9038461538461539,0.9038461538461539,0.6799503954248325,0.0,0.9793149409438449,1.0,1.0,1.0,2.0,5.0,0.3,3,60,0.0,0.05,0.7360777777777778,0.7520752279698926,0.19,nan
confirm_d60_redundant0_noise0.05,controlled_gaussian_mixture_confirmation,73,0.95,release_1,granular_ball,logistic,600,60,2,76,3.9473684210526314,1.0,1,53,46,0.7763157894736842,0.8552631578947368,1.9701541677207173,0.0,0.947834902062375,1.0,1.0,1.0,2.0,5.0,0.3,3,60,0.0,0.05,0.8657666666666667,0.8905816804707489,0.44333333333333336,nan
confirm_d60_redundant0_noise0.05,controlled_gaussian_mixture_confirmation,73,0.95,release_1,granular_ball,random_forest,600,60,2,76,3.9473684210526314,1.0,1,53,46,0.7763157894736842,0.8552631578947368,1.9701541677207173,0.0,0.947834902062375,1.0,1.0,1.0,2.0,5.0,0.3,3,60,0.0,0.05,0.835488888888889,0.8706100218292849,0.43333333333333335,nan
confirm_d60_redundant0_noise0.05,controlled_gaussian_mixture_confirmation,73,0.95,release_1,matched_kmeans,logistic,600,60,2,76,3.9473684210526314,1.0,1,75,70,0.9210526315789473,0.9210526315789473,0.5500811260959305,0.0,0.9863131805265674,1.0,1.0,1.0,2.0,5.0,0.3,3,60,0.0,0.05,0.7792888888888888,0.7814616358628359,0.25666666666666665,nan
confirm_d60_redundant0_noise0.05,controlled_gaussian_mixture_confirmation,73,0.95,release_1,matched_kmeans,random_forest,600,60,2,76,3.9473684210526314,1.0,1,75,70,0.9210526315789473,0.9210526315789473,0.5500811260959305,0.0,0.9863131805265674,1.0,1.0,1.0,2.0,5.0,0.3,3,60,0.0,0.05,0.8136222222222222,0.8353670407051412,0.38,nan
confirm_d60_redundant0_noise0.05,controlled_gaussian_mixture_confirmation,73,0.95,release_2,granular_ball,logistic,600,60,2,76,3.9473684210526314,1.0,1,53,46,0.7763157894736842,0.8552631578947368,1.9701541677207173,0.0,0.947834902062375,1.0,1.0,1.0,2.0,5.0,0.3,3,60,0.0,0.05,0.9016,0.9082166099956517,0.4666666666666667,nan
confirm_d60_redundant0_noise0.05,controlled_gaussian_mixture_confirmation,73,0.95,release_2,granular_ball,random_forest,600,60,2,76,3.9473684210526314,1.0,1,53,46,0.7763157894736842,0.8552631578947368,1.9701541677207173,0.0,0.947834902062375,1.0,1.0,1.0,2.0,5.0,0.3,3,60,0.0,0.05,0.889127777777778,0.8998330270977587,0.4266666666666667,nan
confirm_d60_redundant0_noise0.05,controlled_gaussian_mixture_confirmation,73,0.95,release_2,matched_kmeans,logistic,600,60,2,76,3.9473684210526314,1.0,1,75,70,0.9210526315789473,0.9210526315789473,0.5500811260959305,0.0,0.9863131805265674,1.0,1.0,1.0,2.0,5.0,0.3,3,60,0.0,0.05,0.7508444444444445,0.7669960961599728,0.25666666666666665,nan
confirm_d60_redundant0_noise0.05,controlled_gaussian_mixture_confirmation,73,0.95,release_2,matched_kmeans,random_forest,600,60,2,76,3.9473684210526314,1.0,1,75,70,0.9210526315789473,0.9210526315789473,0.5500811260959305,0.0,0.9863131805265674,1.0,1.0,1.0,2.0,5.0,0.3,3,60,0.0,0.05,0.8070555555555556,0.8279322654693253,0.37666666666666665,nan
confirm_d60_redundant0_noise0.05,controlled_gaussian_mixture_confirmation,73,0.95,release_3,granular_ball,logistic,600,60,2,76,3.9473684210526314,1.0,1,53,46,0.7763157894736842,0.8552631578947368,1.9701541677207173,0.0,0.947834902062375,1.0,1.0,1.0,2.0,5.0,0.3,3,60,0.0,0.05,0.9014777777777777,0.9087601662522355,0.43666666666666665,nan
confirm_d60_redundant0_noise0.05,controlled_gaussian_mixture_confirmation,73,0.95,release_3,granular_ball,random_forest,600,60,2,76,3.9473684210526314,1.0,1,53,46,0.7763157894736842,0.8552631578947368,1.9701541677207173,0.0,0.947834902062375,1.0,1.0,1.0,2.0,5.0,0.3,3,60,0.0,0.05,0.8896000000000001,0.8975185959198693,0.44333333333333336,nan
confirm_d60_redundant0_noise0.05,controlled_gaussian_mixture_confirmation,73,0.95,release_3,matched_kmeans,logistic,600,60,2,76,3.9473684210526314,1.0,1,75,70,0.9210526315789473,0.9210526315789473,0.5500811260959305,0.0,0.9863131805265674,1.0,1.0,1.0,2.0,5.0,0.3,3,60,0.0,0.05,0.758888888888889,0.7717641011428873,0.2833333333333333,nan
confirm_d60_redundant0_noise0.05,controlled_gaussian_mixture_confirmation,73,0.95,release_3,matched_kmeans,random_forest,600,60,2,76,3.9473684210526314,1.0,1,75,70,0.9210526315789473,0.9210526315789473,0.5500811260959305,0.0,0.9863131805265674,1.0,1.0,1.0,2.0,5.0,0.3,3,60,0.0,0.05,0.8056666666666668,0.8293654034829089,0.38666666666666666,nan
confirm_d60_redundant0_noise0.05,controlled_gaussian_mixture_confirmation,73,0.99,release_1,granular_ball,logistic,600,60,2,101,2.9702970297029703,1.0,1,30,54,0.7227722772277227,0.8712871287128713,2.3879982938424447,0.0,0.9471947194719471,1.0,1.0,1.0,2.0,5.0,0.3,3,60,0.0,0.05,0.9401444444444444,0.9474630707142401,0.6166666666666667,nan
confirm_d60_redundant0_noise0.05,controlled_gaussian_mixture_confirmation,73,0.99,release_1,granular_ball,random_forest,600,60,2,101,2.9702970297029703,1.0,1,30,54,0.7227722772277227,0.8712871287128713,2.3879982938424447,0.0,0.9471947194719471,1.0,1.0,1.0,2.0,5.0,0.3,3,60,0.0,0.05,0.941961111111111,0.9508136820101325,0.5833333333333334,nan
confirm_d60_redundant0_noise0.05,controlled_gaussian_mixture_confirmation,73,0.99,release_1,matched_kmeans,logistic,600,60,2,101,2.9702970297029703,1.0,1,65,94,0.9306930693069307,0.9306930693069307,0.47335175081057895,0.0,0.9914445290682914,1.0,1.0,1.0,2.0,5.0,0.3,3,60,0.0,0.05,0.8217111111111111,0.8230577555911703,0.33,nan
confirm_d60_redundant0_noise0.05,controlled_gaussian_mixture_confirmation,73,0.99,release_1,matched_kmeans,random_forest,600,60,2,101,2.9702970297029703,1.0,1,65,94,0.9306930693069307,0.9306930693069307,0.47335175081057895,0.0,0.9914445290682914,1.0,1.0,1.0,2.0,5.0,0.3,3,60,0.0,0.05,0.8635166666666667,0.8791561979911566,0.41,nan
confirm_d60_redundant0_noise0.05,controlled_gaussian_mixture_confirmation,73,0.99,release_2,granular_ball,logistic,600,60,2,101,2.9702970297029703,1.0,1,30,54,0.7227722772277227,0.8712871287128713,2.3879982938424447,0.0,0.9471947194719471,1.0,1.0,1.0,2.0,5.0,0.3,3,60,0.0,0.05,0.9551666666666666,0.9566883516570152,0.6266666666666667,nan
confirm_d60_redundant0_noise0.05,controlled_gaussian_mixture_confirmation,73,0.99,release_2,granular_ball,random_forest,600,60,2,101,2.9702970297029703,1.0,1,30,54,0.7227722772277227,0.8712871287128713,2.3879982938424447,0.0,0.9471947194719471,1.0,1.0,1.0,2.0,5.0,0.3,3,60,0.0,0.05,0.957777777777778,0.9624377057513022,0.65,nan
confirm_d60_redundant0_noise0.05,controlled_gaussian_mixture_confirmation,73,0.99,release_2,matched_kmeans,logistic,600,60,2,101,2.9702970297029703,1.0,1,65,94,0.9306930693069307,0.9306930693069307,0.47335175081057895,0.0,0.9914445290682914,1.0,1.0,1.0,2.0,5.0,0.3,3,60,0.0,0.05,0.8260444444444444,0.8422948339254097,0.3566666666666667,nan
confirm_d60_redundant0_noise0.05,controlled_gaussian_mixture_confirmation,73,0.99,release_2,matched_kmeans,random_forest,600,60,2,101,2.9702970297029703,1.0,1,65,94,0.9306930693069307,0.9306930693069307,0.47335175081057895,0.0,0.9914445290682914,1.0,1.0,1.0,2.0,5.0,0.3,3,60,0.0,0.05,0.8619777777777777,0.877587888891081,0.44,nan
confirm_d60_redundant0_noise0.05,controlled_gaussian_mixture_confirmation,73,0.99,release_3,granular_ball,logistic,600,60,2,101,2.9702970297029703,1.0,1,30,54,0.7227722772277227,0.8712871287128713,2.3879982938424447,0.0,0.9471947194719471,1.0,1.0,1.0,2.0,5.0,0.3,3,60,0.0,0.05,0.9579666666666666,0.9611337717012957,0.6133333333333333,nan
confirm_d60_redundant0_noise0.05,controlled_gaussian_mixture_confirmation,73,0.99,release_3,granular_ball,random_forest,600,60,2,101,2.9702970297029703,1.0,1,30,54,0.7227722772277227,0.8712871287128713,2.3879982938424447,0.0,0.9471947194719471,1.0,1.0,1.0,2.0,5.0,0.3,3,60,0.0,0.05,0.9590222222222221,0.9633737253543099,0.6733333333333333,nan
confirm_d60_redundant0_noise0.05,controlled_gaussian_mixture_confirmation,73,0.99,release_3,matched_kmeans,logistic,600,60,2,101,2.9702970297029703,1.0,1,65,94,0.9306930693069307,0.9306930693069307,0.47335175081057895,0.0,0.9914445290682914,1.0,1.0,1.0,2.0,5.0,0.3,3,60,0.0,0.05,0.8291555555555556,0.8430472081085599,0.38333333333333336,nan
confirm_d60_redundant0_noise0.05,controlled_gaussian_mixture_confirmation,73,0.99,release_3,matched_kmeans,random_forest,600,60,2,101,2.9702970297029703,1.0,1,65,94,0.9306930693069307,0.9306930693069307,0.47335175081057895,0.0,0.9914445290682914,1.0,1.0,1.0,2.0,5.0,0.3,3,60,0.0,0.05,0.8600722222222221,0.8755473483088462,0.44,nan
confirm_d60_redundant0_noise0.05,controlled_gaussian_mixture_confirmation,314,0.7,release_1,granular_ball,logistic,600,60,2,41,7.317073170731708,1.0,1,84,32,0.8048780487804879,0.8536585365853658,1.3867128771064772,0.0,0.9656929476271506,1.0,1.0,1.0,2.0,5.0,0.3,3,60,0.0,0.05,0.7177444444444444,0.7395466556571567,0.19333333333333333,nan
confirm_d60_redundant0_noise0.05,controlled_gaussian_mixture_confirmation,314,0.7,release_1,granular_ball,random_forest,600,60,2,41,7.317073170731708,1.0,1,84,32,0.8048780487804879,0.8536585365853658,1.3867128771064772,0.0,0.9656929476271506,1.0,1.0,1.0,2.0,5.0,0.3,3,60,0.0,0.05,0.6673777777777777,0.6895592894715981,0.13,nan
confirm_d60_redundant0_noise0.05,controlled_gaussian_mixture_confirmation,314,0.7,release_1,matched_kmeans,logistic,600,60,2,41,7.317073170731708,1.0,1,85,35,0.8536585365853658,0.8536585365853658,1.0579991509630564,0.0,0.9788837079547267,1.0,1.0,1.0,2.0,5.0,0.3,3,60,0.0,0.05,0.7356333333333334,0.7206287057936085,0.12333333333333334,nan
confirm_d60_redundant0_noise0.05,controlled_gaussian_mixture_confirmation,314,0.7,release_1,matched_kmeans,random_forest,600,60,2,41,7.317073170731708,1.0,1,85,35,0.8536585365853658,0.8536585365853658,1.0579991509630564,0.0,0.9788837079547267,1.0,1.0,1.0,2.0,5.0,0.3,3,60,0.0,0.05,0.7596777777777778,0.7629513128030666,0.17,nan
confirm_d60_redundant0_noise0.05,controlled_gaussian_mixture_confirmation,314,0.7,release_2,granular_ball,logistic,600,60,2,41,7.317073170731708,1.0,1,84,32,0.8048780487804879,0.8536585365853658,1.3867128771064772,0.0,0.9656929476271506,1.0,1.0,1.0,2.0,5.0,0.3,3,60,0.0,0.05,0.7209333333333334,0.7452223589542377,0.17666666666666667,nan
confirm_d60_redundant0_noise0.05,controlled_gaussian_mixture_confirmation,314,0.7,release_2,granular_ball,random_forest,600,60,2,41,7.317073170731708,1.0,1,84,32,0.8048780487804879,0.8536585365853658,1.3867128771064772,0.0,0.9656929476271506,1.0,1.0,1.0,2.0,5.0,0.3,3,60,0.0,0.05,0.6916333333333333,0.7060539023732568,0.13333333333333333,nan
confirm_d60_redundant0_noise0.05,controlled_gaussian_mixture_confirmation,314,0.7,release_2,matched_kmeans,logistic,600,60,2,41,7.317073170731708,1.0,1,85,35,0.8536585365853658,0.8536585365853658,1.0579991509630564,0.0,0.9788837079547267,1.0,1.0,1.0,2.0,5.0,0.3,3,60,0.0,0.05,0.7113222222222221,0.7238190095477812,0.13333333333333333,nan
confirm_d60_redundant0_noise0.05,controlled_gaussian_mixture_confirmation,314,0.7,release_2,matched_kmeans,random_forest,600,60,2,41,7.317073170731708,1.0,1,85,35,0.8536585365853658,0.8536585365853658,1.0579991509630564,0.0,0.9788837079547267,1.0,1.0,1.0,2.0,5.0,0.3,3,60,0.0,0.05,0.7575111111111111,0.7617652668655045,0.18,nan
confirm_d60_redundant0_noise0.05,controlled_gaussian_mixture_confirmation,314,0.7,release_3,granular_ball,logistic,600,60,2,41,7.317073170731708,1.0,1,84,32,0.8048780487804879,0.8536585365853658,1.3867128771064772,0.0,0.9656929476271506,1.0,1.0,1.0,2.0,5.0,0.3,3,60,0.0,0.05,0.7160444444444444,0.7397634211180508,0.16,nan
confirm_d60_redundant0_noise0.05,controlled_gaussian_mixture_confirmation,314,0.7,release_3,granular_ball,random_forest,600,60,2,41,7.317073170731708,1.0,1,84,32,0.8048780487804879,0.8536585365853658,1.3867128771064772,0.0,0.9656929476271506,1.0,1.0,1.0,2.0,5.0,0.3,3,60,0.0,0.05,0.6878111111111112,0.7023200475192954,0.14,nan
confirm_d60_redundant0_noise0.05,controlled_gaussian_mixture_confirmation,314,0.7,release_3,matched_kmeans,logistic,600,60,2,41,7.317073170731708,1.0,1,85,35,0.8536585365853658,0.8536585365853658,1.0579991509630564,0.0,0.9788837079547267,1.0,1.0,1.0,2.0,5.0,0.3,3,60,0.0,0.05,0.7166333333333333,0.7273617734934374,0.13333333333333333,nan
confirm_d60_redundant0_noise0.05,controlled_gaussian_mixture_confirmation,314,0.7,release_3,matched_kmeans,random_forest,600,60,2,41,7.317073170731708,1.0,1,85,35,0.8536585365853658,0.8536585365853658,1.0579991509630564,0.0,0.9788837079547267,1.0,1.0,1.0,2.0,5.0,0.3,3,60,0.0,0.05,0.7541,0.7594841769996209,0.16333333333333333,nan
confirm_d60_redundant0_noise0.05,controlled_gaussian_mixture_confirmation,314,0.8,release_1,granular_ball,logistic,600,60,2,53,5.660377358490566,1.0,1,84,44,0.8490566037735849,0.8867924528301887,1.0348200454949386,0.0,0.9778424572632559,1.0,1.0,1.0,2.0,5.0,0.3,3,60,0.0,0.05,0.7411000000000001,0.7669382343807332,0.23666666666666666,nan
confirm_d60_redundant0_noise0.05,controlled_gaussian_mixture_confirmation,314,0.8,release_1,granular_ball,random_forest,600,60,2,53,5.660377358490566,1.0,1,84,44,0.8490566037735849,0.8867924528301887,1.0348200454949386,0.0,0.9778424572632559,1.0,1.0,1.0,2.0,5.0,0.3,3,60,0.0,0.05,0.7121666666666667,0.750491505819147,0.21,nan
confirm_d60_redundant0_noise0.05,controlled_gaussian_mixture_confirmation,314,0.8,release_1,matched_kmeans,logistic,600,60,2,53,5.660377358490566,1.0,1,77,46,0.8679245283018868,0.8679245283018868,0.9464549675278447,0.0,0.9860056224536303,1.0,1.0,1.0,2.0,5.0,0.3,3,60,0.0,0.05,0.7451555555555556,0.7387277442344884,0.15666666666666668,nan
confirm_d60_redundant0_noise0.05,controlled_gaussian_mixture_confirmation,314,0.8,release_1,matched_kmeans,random_forest,600,60,2,53,5.660377358490566,1.0,1,77,46,0.8679245283018868,0.8679245283018868,0.9464549675278447,0.0,0.9860056224536303,1.0,1.0,1.0,2.0,5.0,0.3,3,60,0.0,0.05,0.7758,0.7811329994813485,0.18,nan
confirm_d60_redundant0_noise0.05,controlled_gaussian_mixture_confirmation,314,0.8,release_2,granular_ball,logistic,600,60,2,53,5.660377358490566,1.0,1,84,44,0.8490566037735849,0.8867924528301887,1.0348200454949386,0.0,0.9778424572632559,1.0,1.0,1.0,2.0,5.0,0.3,3,60,0.0,0.05,0.7559222222222222,0.7823606417579876,0.23666666666666666,nan
confirm_d60_redundant0_noise0.05,controlled_gaussian_mixture_confirmation,314,0.8,release_2,granular_ball,random_forest,600,60,2,53,5.660377358490566,1.0,1,84,44,0.8490566037735849,0.8867924528301887,1.0348200454949386,0.0,0.9778424572632559,1.0,1.0,1.0,2.0,5.0,0.3,3,60,0.0,0.05,0.7258666666666667,0.7563229573425372,0.19333333333333333,nan
confirm_d60_redundant0_noise0.05,controlled_gaussian_mixture_confirmation,314,0.8,release_2,matched_kmeans,logistic,600,60,2,53,5.660377358490566,1.0,1,77,46,0.8679245283018868,0.8679245283018868,0.9464549675278447,0.0,0.9860056224536303,1.0,1.0,1.0,2.0,5.0,0.3,3,60,0.0,0.05,0.7270666666666666,0.7423286194672593,0.16666666666666666,nan
confirm_d60_redundant0_noise0.05,controlled_gaussian_mixture_confirmation,314,0.8,release_2,matched_kmeans,random_forest,600,60,2,53,5.660377358490566,1.0,1,77,46,0.8679245283018868,0.8679245283018868,0.9464549675278447,0.0,0.9860056224536303,1.0,1.0,1.0,2.0,5.0,0.3,3,60,0.0,0.05,0.7601333333333333,0.770327527104274,0.22,nan
confirm_d60_redundant0_noise0.05,controlled_gaussian_mixture_confirmation,314,0.8,release_3,granular_ball,logistic,600,60,2,53,5.660377358490566,1.0,1,84,44,0.8490566037735849,0.8867924528301887,1.0348200454949386,0.0,0.9778424572632559,1.0,1.0,1.0,2.0,5.0,0.3,3,60,0.0,0.05,0.7488333333333334,0.7614157243112881,0.21,nan
confirm_d60_redundant0_noise0.05,controlled_gaussian_mixture_confirmation,314,0.8,release_3,granular_ball,random_forest,600,60,2,53,5.660377358490566,1.0,1,84,44,0.8490566037735849,0.8867924528301887,1.0348200454949386,0.0,0.9778424572632559,1.0,1.0,1.0,2.0,5.0,0.3,3,60,0.0,0.05,0.7327333333333333,0.7641322715048636,0.21666666666666667,nan
confirm_d60_redundant0_noise0.05,controlled_gaussian_mixture_confirmation,314,0.8,release_3,matched_kmeans,logistic,600,60,2,53,5.660377358490566,1.0,1,77,46,0.8679245283018868,0.8679245283018868,0.9464549675278447,0.0,0.9860056224536303,1.0,1.0,1.0,2.0,5.0,0.3,3,60,0.0,0.05,0.7279333333333334,0.7445371957007647,0.17,nan
confirm_d60_redundant0_noise0.05,controlled_gaussian_mixture_confirmation,314,0.8,release_3,matched_kmeans,random_forest,600,60,2,53,5.660377358490566,1.0,1,77,46,0.8679245283018868,0.8679245283018868,0.9464549675278447,0.0,0.9860056224536303,1.0,1.0,1.0,2.0,5.0,0.3,3,60,0.0,0.05,0.7498611111111112,0.7611767512853,0.20333333333333334,nan
confirm_d60_redundant0_noise0.05,controlled_gaussian_mixture_confirmation,314,0.9,release_1,granular_ball,logistic,600,60,2,58,5.172413793103448,1.0,1,84,48,0.8448275862068966,0.896551724137931,1.042344445749744,0.0,0.9837459252856205,1.0,1.0,1.0,2.0,5.0,0.3,3,60,0.0,0.05,0.7505666666666666,0.7706232483621518,0.24,nan
confirm_d60_redundant0_noise0.05,controlled_gaussian_mixture_confirmation,314,0.9,release_1,granular_ball,random_forest,600,60,2,58,5.172413793103448,1.0,1,84,48,0.8448275862068966,0.896551724137931,1.042344445749744,0.0,0.9837459252856205,1.0,1.0,1.0,2.0,5.0,0.3,3,60,0.0,0.05,0.7122444444444445,0.7345399516279253,0.21333333333333335,nan
confirm_d60_redundant0_noise0.05,controlled_gaussian_mixture_confirmation,314,0.9,release_1,matched_kmeans,logistic,600,60,2,58,5.172413793103448,1.0,1,88,53,0.9137931034482759,0.9137931034482759,0.5877596614099353,0.0,0.9864299167943039,1.0,1.0,1.0,2.0,5.0,0.3,3,60,0.0,0.05,0.7224333333333334,0.7243896183065656,0.18666666666666668,nan
confirm_d60_redundant0_noise0.05,controlled_gaussian_mixture_confirmation,314,0.9,release_1,matched_kmeans,random_forest,600,60,2,58,5.172413793103448,1.0,1,88,53,0.9137931034482759,0.9137931034482759,0.5877596614099353,0.0,0.9864299167943039,1.0,1.0,1.0,2.0,5.0,0.3,3,60,0.0,0.05,0.7084722222222222,0.7411480368326129,0.21333333333333335,nan
confirm_d60_redundant0_noise0.05,controlled_gaussian_mixture_confirmation,314,0.9,release_2,granular_ball,logistic,600,60,2,58,5.172413793103448,1.0,1,84,48,0.8448275862068966,0.896551724137931,1.042344445749744,0.0,0.9837459252856205,1.0,1.0,1.0,2.0,5.0,0.3,3,60,0.0,0.05,0.7704333333333333,0.789972047067377,0.25333333333333335,nan
confirm_d60_redundant0_noise0.05,controlled_gaussian_mixture_confirmation,314,0.9,release_2,granular_ball,random_forest,600,60,2,58,5.172413793103448,1.0,1,84,48,0.8448275862068966,0.896551724137931,1.042344445749744,0.0,0.9837459252856205,1.0,1.0,1.0,2.0,5.0,0.3,3,60,0.0,0.05,0.7226555555555554,0.7425805496719271,0.19333333333333333,nan
confirm_d60_redundant0_noise0.05,controlled_gaussian_mixture_confirmation,314,0.9,release_2,matched_kmeans,logistic,600,60,2,58,5.172413793103448,1.0,1,88,53,0.9137931034482759,0.9137931034482759,0.5877596614099353,0.0,0.9864299167943039,1.0,1.0,1.0,2.0,5.0,0.3,3,60,0.0,0.05,0.7028333333333332,0.7263225468067706,0.18666666666666668,nan
confirm_d60_redundant0_noise0.05,controlled_gaussian_mixture_confirmation,314,0.9,release_2,matched_kmeans,random_forest,600,60,2,58,5.172413793103448,1.0,1,88,53,0.9137931034482759,0.9137931034482759,0.5877596614099353,0.0,0.9864299167943039,1.0,1.0,1.0,2.0,5.0,0.3,3,60,0.0,0.05,0.7061666666666667,0.7348669602236421,0.22666666666666666,nan
confirm_d60_redundant0_noise0.05,controlled_gaussian_mixture_confirmation,314,0.9,release_3,granular_ball,logistic,600,60,2,58,5.172413793103448,1.0,1,84,48,0.8448275862068966,0.896551724137931,1.042344445749744,0.0,0.9837459252856205,1.0,1.0,1.0,2.0,5.0,0.3,3,60,0.0,0.05,0.7663222222222222,0.7801493616992419,0.24,nan
confirm_d60_redundant0_noise0.05,controlled_gaussian_mixture_confirmation,314,0.9,release_3,granular_ball,random_forest,600,60,2,58,5.172413793103448,1.0,1,84,48,0.8448275862068966,0.896551724137931,1.042344445749744,0.0,0.9837459252856205,1.0,1.0,1.0,2.0,5.0,0.3,3,60,0.0,0.05,0.7250000000000001,0.7434670316305898,0.18666666666666668,nan
confirm_d60_redundant0_noise0.05,controlled_gaussian_mixture_confirmation,314,0.9,release_3,matched_kmeans,logistic,600,60,2,58,5.172413793103448,1.0,1,88,53,0.9137931034482759,0.9137931034482759,0.5877596614099353,0.0,0.9864299167943039,1.0,1.0,1.0,2.0,5.0,0.3,3,60,0.0,0.05,0.7024888888888889,0.7254389119043327,0.18666666666666668,nan
confirm_d60_redundant0_noise0.05,controlled_gaussian_mixture_confirmation,314,0.9,release_3,matched_kmeans,random_forest,600,60,2,58,5.172413793103448,1.0,1,88,53,0.9137931034482759,0.9137931034482759,0.5877596614099353,0.0,0.9864299167943039,1.0,1.0,1.0,2.0,5.0,0.3,3,60,0.0,0.05,0.7053499999999999,0.7312648428840489,0.20333333333333334,nan
confirm_d60_redundant0_noise0.05,controlled_gaussian_mixture_confirmation,314,0.95,release_1,granular_ball,logistic,600,60,2,67,4.477611940298507,1.0,1,84,53,0.835820895522388,0.8955223880597015,0.9777435359105191,0.0,0.9728411442615084,1.0,1.0,1.0,2.0,5.0,0.3,3,60,0.0,0.05,0.7355555555555556,0.7722179261316908,0.25333333333333335,nan
confirm_d60_redundant0_noise0.05,controlled_gaussian_mixture_confirmation,314,0.95,release_1,granular_ball,random_forest,600,60,2,67,4.477611940298507,1.0,1,84,53,0.835820895522388,0.8955223880597015,0.9777435359105191,0.0,0.9728411442615084,1.0,1.0,1.0,2.0,5.0,0.3,3,60,0.0,0.05,0.6832666666666667,0.7419395913610509,0.29333333333333333,nan
confirm_d60_redundant0_noise0.05,controlled_gaussian_mixture_confirmation,314,0.95,release_1,matched_kmeans,logistic,600,60,2,67,4.477611940298507,1.0,1,93,62,0.9253731343283582,0.9253731343283582,0.5052197690975878,0.0,0.9889413818006739,1.0,1.0,1.0,2.0,5.0,0.3,3,60,0.0,0.05,0.7515555555555556,0.7508003866392314,0.21666666666666667,nan
confirm_d60_redundant0_noise0.05,controlled_gaussian_mixture_confirmation,314,0.95,release_1,matched_kmeans,random_forest,600,60,2,67,4.477611940298507,1.0,1,93,62,0.9253731343283582,0.9253731343283582,0.5052197690975878,0.0,0.9889413818006739,1.0,1.0,1.0,2.0,5.0,0.3,3,60,0.0,0.05,0.7760777777777779,0.7850385949009204,0.22666666666666666,nan
confirm_d60_redundant0_noise0.05,controlled_gaussian_mixture_confirmation,314,0.95,release_2,granular_ball,logistic,600,60,2,67,4.477611940298507,1.0,1,84,53,0.835820895522388,0.8955223880597015,0.9777435359105191,0.0,0.9728411442615084,1.0,1.0,1.0,2.0,5.0,0.3,3,60,0.0,0.05,0.7657777777777779,0.7922482401601931,0.28,nan
confirm_d60_redundant0_noise0.05,controlled_gaussian_mixture_confirmation,314,0.95,release_2,granular_ball,random_forest,600,60,2,67,4.477611940298507,1.0,1,84,53,0.835820895522388,0.8955223880597015,0.9777435359105191,0.0,0.9728411442615084,1.0,1.0,1.0,2.0,5.0,0.3,3,60,0.0,0.05,0.7229,0.7609901959380164,0.2633333333333333,nan
confirm_d60_redundant0_noise0.05,controlled_gaussian_mixture_confirmation,314,0.95,release_2,matched_kmeans,logistic,600,60,2,67,4.477611940298507,1.0,1,93,62,0.9253731343283582,0.9253731343283582,0.5052197690975878,0.0,0.9889413818006739,1.0,1.0,1.0,2.0,5.0,0.3,3,60,0.0,0.05,0.7151111111111113,0.7408546492363999,0.21333333333333335,nan
confirm_d60_redundant0_noise0.05,controlled_gaussian_mixture_confirmation,314,0.95,release_2,matched_kmeans,random_forest,600,60,2,67,4.477611940298507,1.0,1,93,62,0.9253731343283582,0.9253731343283582,0.5052197690975878,0.0,0.9889413818006739,1.0,1.0,1.0,2.0,5.0,0.3,3,60,0.0,0.05,0.7685555555555555,0.7843060353745483,0.24,nan
confirm_d60_redundant0_noise0.05,controlled_gaussian_mixture_confirmation,314,0.95,release_3,granular_ball,logistic,600,60,2,67,4.477611940298507,1.0,1,84,53,0.835820895522388,0.8955223880597015,0.9777435359105191,0.0,0.9728411442615084,1.0,1.0,1.0,2.0,5.0,0.3,3,60,0.0,0.05,0.7673666666666666,0.7933637750864145,0.31,nan
confirm_d60_redundant0_noise0.05,controlled_gaussian_mixture_confirmation,314,0.95,release_3,granular_ball,random_forest,600,60,2,67,4.477611940298507,1.0,1,84,53,0.835820895522388,0.8955223880597015,0.9777435359105191,0.0,0.9728411442615084,1.0,1.0,1.0,2.0,5.0,0.3,3,60,0.0,0.05,0.7319,0.7658745136492571,0.2733333333333333,nan
confirm_d60_redundant0_noise0.05,controlled_gaussian_mixture_confirmation,314,0.95,release_3,matched_kmeans,logistic,600,60,2,67,4.477611940298507,1.0,1,93,62,0.9253731343283582,0.9253731343283582,0.5052197690975878,0.0,0.9889413818006739,1.0,1.0,1.0,2.0,5.0,0.3,3,60,0.0,0.05,0.7128777777777777,0.7398460655492758,0.21333333333333335,nan
confirm_d60_redundant0_noise0.05,controlled_gaussian_mixture_confirmation,314,0.95,release_3,matched_kmeans,random_forest,600,60,2,67,4.477611940298507,1.0,1,93,62,0.9253731343283582,0.9253731343283582,0.5052197690975878,0.0,0.9889413818006739,1.0,1.0,1.0,2.0,5.0,0.3,3,60,0.0,0.05,0.7626666666666667,0.7787006644337102,0.23666666666666666,nan
confirm_d60_redundant0_noise0.05,controlled_gaussian_mixture_confirmation,314,0.99,release_1,granular_ball,logistic,600,60,2,78,3.8461538461538463,1.0,1,40,54,0.7692307692307693,0.8333333333333334,1.8055283900775454,0.0,0.9647435897435898,1.0,1.0,1.0,2.0,5.0,0.3,3,60,0.0,0.05,0.8543,0.8644372798924648,0.37666666666666665,nan
confirm_d60_redundant0_noise0.05,controlled_gaussian_mixture_confirmation,314,0.99,release_1,granular_ball,random_forest,600,60,2,78,3.8461538461538463,1.0,1,40,54,0.7692307692307693,0.8333333333333334,1.8055283900775454,0.0,0.9647435897435898,1.0,1.0,1.0,2.0,5.0,0.3,3,60,0.0,0.05,0.8354333333333334,0.8609076666153869,0.4066666666666667,nan
confirm_d60_redundant0_noise0.05,controlled_gaussian_mixture_confirmation,314,0.99,release_1,matched_kmeans,logistic,600,60,2,78,3.8461538461538463,1.0,1,80,73,0.9358974358974359,0.9358974358974359,0.42024217832822747,0.0,0.9917735042735043,1.0,1.0,1.0,2.0,5.0,0.3,3,60,0.0,0.05,0.7745555555555554,0.7750391846397243,0.2633333333333333,nan
confirm_d60_redundant0_noise0.05,controlled_gaussian_mixture_confirmation,314,0.99,release_1,matched_kmeans,random_forest,600,60,2,78,3.8461538461538463,1.0,1,80,73,0.9358974358974359,0.9358974358974359,0.42024217832822747,0.0,0.9917735042735043,1.0,1.0,1.0,2.0,5.0,0.3,3,60,0.0,0.05,0.7787833333333334,0.8005595840549578,0.3,nan
confirm_d60_redundant0_noise0.05,controlled_gaussian_mixture_confirmation,314,0.99,release_2,granular_ball,logistic,600,60,2,78,3.8461538461538463,1.0,1,40,54,0.7692307692307693,0.8333333333333334,1.8055283900775454,0.0,0.9647435897435898,1.0,1.0,1.0,2.0,5.0,0.3,3,60,0.0,0.05,0.8677333333333332,0.8834916026054978,0.4633333333333333,nan
confirm_d60_redundant0_noise0.05,controlled_gaussian_mixture_confirmation,314,0.99,release_2,granular_ball,random_forest,600,60,2,78,3.8461538461538463,1.0,1,40,54,0.7692307692307693,0.8333333333333334,1.8055283900775454,0.0,0.9647435897435898,1.0,1.0,1.0,2.0,5.0,0.3,3,60,0.0,0.05,0.8644111111111111,0.8776431352857054,0.36333333333333334,nan
confirm_d60_redundant0_noise0.05,controlled_gaussian_mixture_confirmation,314,0.99,release_2,matched_kmeans,logistic,600,60,2,78,3.8461538461538463,1.0,1,80,73,0.9358974358974359,0.9358974358974359,0.42024217832822747,0.0,0.9917735042735043,1.0,1.0,1.0,2.0,5.0,0.3,3,60,0.0,0.05,0.7511333333333332,0.7699632667609604,0.25,nan
confirm_d60_redundant0_noise0.05,controlled_gaussian_mixture_confirmation,314,0.99,release_2,matched_kmeans,random_forest,600,60,2,78,3.8461538461538463,1.0,1,80,73,0.9358974358974359,0.9358974358974359,0.42024217832822747,0.0,0.9917735042735043,1.0,1.0,1.0,2.0,5.0,0.3,3,60,0.0,0.05,0.7985055555555555,0.8185981228751458,0.31666666666666665,nan
confirm_d60_redundant0_noise0.05,controlled_gaussian_mixture_confirmation,314,0.99,release_3,granular_ball,logistic,600,60,2,78,3.8461538461538463,1.0,1,40,54,0.7692307692307693,0.8333333333333334,1.8055283900775454,0.0,0.9647435897435898,1.0,1.0,1.0,2.0,5.0,0.3,3,60,0.0,0.05,0.8691111111111112,0.8842238732310493,0.4866666666666667,nan
confirm_d60_redundant0_noise0.05,controlled_gaussian_mixture_confirmation,314,0.99,release_3,granular_ball,random_forest,600,60,2,78,3.8461538461538463,1.0,1,40,54,0.7692307692307693,0.8333333333333334,1.8055283900775454,0.0,0.9647435897435898,1.0,1.0,1.0,2.0,5.0,0.3,3,60,0.0,0.05,0.8605166666666667,0.8747304604956982,0.4,nan
confirm_d60_redundant0_noise0.05,controlled_gaussian_mixture_confirmation,314,0.99,release_3,matched_kmeans,logistic,600,60,2,78,3.8461538461538463,1.0,1,80,73,0.9358974358974359,0.9358974358974359,0.42024217832822747,0.0,0.9917735042735043,1.0,1.0,1.0,2.0,5.0,0.3,3,60,0.0,0.05,0.7466444444444444,0.7667589261845944,0.24333333333333335,nan
confirm_d60_redundant0_noise0.05,controlled_gaussian_mixture_confirmation,314,0.99,release_3,matched_kmeans,random_forest,600,60,2,78,3.8461538461538463,1.0,1,80,73,0.9358974358974359,0.9358974358974359,0.42024217832822747,0.0,0.9917735042735043,1.0,1.0,1.0,2.0,5.0,0.3,3,60,0.0,0.05,0.7958611111111111,0.813700738146146,0.30333333333333334,nan
confirm_d60_redundant0_noise0.05,controlled_gaussian_mixture_confirmation,808,0.7,release_1,granular_ball,logistic,600,60,2,21,14.285714285714286,1.0,1,67,11,0.5238095238095238,0.5714285714285714,3.386555237913651,0.0,0.9509037264324657,1.0,0.9545454545454546,1.0,2.0,5.0,0.3,3,60,0.0,0.05,0.6993444444444444,0.7159033654780327,0.12333333333333334,nan
confirm_d60_redundant0_noise0.05,controlled_gaussian_mixture_confirmation,808,0.7,release_1,granular_ball,random_forest,600,60,2,21,14.285714285714286,1.0,1,67,11,0.5238095238095238,0.5714285714285714,3.386555237913651,0.0,0.9509037264324657,1.0,0.9545454545454546,1.0,2.0,5.0,0.3,3,60,0.0,0.05,0.6994277777777778,0.7140665101754302,0.10666666666666667,nan
confirm_d60_redundant0_noise0.05,controlled_gaussian_mixture_confirmation,808,0.7,release_1,matched_kmeans,logistic,600,60,2,21,14.285714285714286,1.0,1,128,17,0.8571428571428571,0.8571428571428571,1.227713803393705,0.0,0.9589096749811036,1.0,1.0,1.0,2.0,5.0,0.3,3,60,0.0,0.05,0.6525111111111112,0.6569450411199698,0.07666666666666666,nan
confirm_d60_redundant0_noise0.05,controlled_gaussian_mixture_confirmation,808,0.7,release_1,matched_kmeans,random_forest,600,60,2,21,14.285714285714286,1.0,1,128,17,0.8571428571428571,0.8571428571428571,1.227713803393705,0.0,0.9589096749811036,1.0,1.0,1.0,2.0,5.0,0.3,3,60,0.0,0.05,0.6328111111111111,0.6578095098528696,0.10666666666666667,nan
confirm_d60_redundant0_noise0.05,controlled_gaussian_mixture_confirmation,808,0.7,release_2,granular_ball,logistic,600,60,2,21,14.285714285714286,1.0,1,67,11,0.5238095238095238,0.5714285714285714,3.386555237913651,0.0,0.9509037264324657,1.0,0.9545454545454546,1.0,2.0,5.0,0.3,3,60,0.0,0.05,0.7183666666666666,0.7374565536145987,0.15,nan
confirm_d60_redundant0_noise0.05,controlled_gaussian_mixture_confirmation,808,0.7,release_2,granular_ball,random_forest,600,60,2,21,14.285714285714286,1.0,1,67,11,0.5238095238095238,0.5714285714285714,3.386555237913651,0.0,0.9509037264324657,1.0,0.9545454545454546,1.0,2.0,5.0,0.3,3,60,0.0,0.05,0.6976222222222223,0.7165032097996118,0.09,nan
confirm_d60_redundant0_noise0.05,controlled_gaussian_mixture_confirmation,808,0.7,release_2,matched_kmeans,logistic,600,60,2,21,14.285714285714286,1.0,1,128,17,0.8571428571428571,0.8571428571428571,1.227713803393705,0.0,0.9589096749811036,1.0,1.0,1.0,2.0,5.0,0.3,3,60,0.0,0.05,0.6430666666666668,0.6613705380075834,0.1,nan
confirm_d60_redundant0_noise0.05,controlled_gaussian_mixture_confirmation,808,0.7,release_2,matched_kmeans,random_forest,600,60,2,21,14.285714285714286,1.0,1,128,17,0.8571428571428571,0.8571428571428571,1.227713803393705,0.0,0.9589096749811036,1.0,1.0,1.0,2.0,5.0,0.3,3,60,0.0,0.05,0.6416999999999999,0.6617515533275689,0.07666666666666666,nan
confirm_d60_redundant0_noise0.05,controlled_gaussian_mixture_confirmation,808,0.7,release_3,granular_ball,logistic,600,60,2,21,14.285714285714286,1.0,1,67,11,0.5238095238095238,0.5714285714285714,3.386555237913651,0.0,0.9509037264324657,1.0,0.9545454545454546,1.0,2.0,5.0,0.3,3,60,0.0,0.05,0.7166888888888889,0.7293032539166948,0.13666666666666666,nan
confirm_d60_redundant0_noise0.05,controlled_gaussian_mixture_confirmation,808,0.7,release_3,granular_ball,random_forest,600,60,2,21,14.285714285714286,1.0,1,67,11,0.5238095238095238,0.5714285714285714,3.386555237913651,0.0,0.9509037264324657,1.0,0.9545454545454546,1.0,2.0,5.0,0.3,3,60,0.0,0.05,0.6972111111111112,0.712806875498322,0.07333333333333333,nan
confirm_d60_redundant0_noise0.05,controlled_gaussian_mixture_confirmation,808,0.7,release_3,matched_kmeans,logistic,600,60,2,21,14.285714285714286,1.0,1,128,17,0.8571428571428571,0.8571428571428571,1.227713803393705,0.0,0.9589096749811036,1.0,1.0,1.0,2.0,5.0,0.3,3,60,0.0,0.05,0.6401444444444445,0.6595833722477699,0.09333333333333334,nan
confirm_d60_redundant0_noise0.05,controlled_gaussian_mixture_confirmation,808,0.7,release_3,matched_kmeans,random_forest,600,60,2,21,14.285714285714286,1.0,1,128,17,0.8571428571428571,0.8571428571428571,1.227713803393705,0.0,0.9589096749811036,1.0,1.0,1.0,2.0,5.0,0.3,3,60,0.0,0.05,0.6402666666666665,0.6644240716253332,0.07333333333333333,nan
confirm_d60_redundant0_noise0.05,controlled_gaussian_mixture_confirmation,808,0.8,release_1,granular_ball,logistic,600,60,2,32,9.375,1.0,1,57,19,0.65625,0.6875,2.7568486255622964,0.0,0.9599196578884079,1.0,0.9886363636363636,1.0,2.0,5.0,0.3,3,60,0.0,0.05,0.7074555555555555,0.7342743211275689,0.15666666666666668,nan
confirm_d60_redundant0_noise0.05,controlled_gaussian_mixture_confirmation,808,0.8,release_1,granular_ball,random_forest,600,60,2,32,9.375,1.0,1,57,19,0.65625,0.6875,2.7568486255622964,0.0,0.9599196578884079,1.0,0.9886363636363636,1.0,2.0,5.0,0.3,3,60,0.0,0.05,0.7007555555555556,0.7423487200600278,0.20666666666666667,nan
confirm_d60_redundant0_noise0.05,controlled_gaussian_mixture_confirmation,808,0.8,release_1,matched_kmeans,logistic,600,60,2,32,9.375,1.0,1,93,27,0.875,0.875,1.0218677111379217,0.0,0.9661099171119056,1.0,1.0,1.0,2.0,5.0,0.3,3,60,0.0,0.05,0.6809333333333334,0.6892885437382854,0.10666666666666667,nan
confirm_d60_redundant0_noise0.05,controlled_gaussian_mixture_confirmation,808,0.8,release_1,matched_kmeans,random_forest,600,60,2,32,9.375,1.0,1,93,27,0.875,0.875,1.0218677111379217,0.0,0.9661099171119056,1.0,1.0,1.0,2.0,5.0,0.3,3,60,0.0,0.05,0.6872111111111112,0.6991912157618334,0.11,nan
confirm_d60_redundant0_noise0.05,controlled_gaussian_mixture_confirmation,808,0.8,release_2,granular_ball,logistic,600,60,2,32,9.375,1.0,1,57,19,0.65625,0.6875,2.7568486255622964,0.0,0.9599196578884079,1.0,0.9886363636363636,1.0,2.0,5.0,0.3,3,60,0.0,0.05,0.7565666666666667,0.774682443683161,0.21,nan
confirm_d60_redundant0_noise0.05,controlled_gaussian_mixture_confirmation,808,0.8,release_2,granular_ball,random_forest,600,60,2,32,9.375,1.0,1,57,19,0.65625,0.6875,2.7568486255622964,0.0,0.9599196578884079,1.0,0.9886363636363636,1.0,2.0,5.0,0.3,3,60,0.0,0.05,0.7343666666666667,0.7598623494378278,0.21,nan
confirm_d60_redundant0_noise0.05,controlled_gaussian_mixture_confirmation,808,0.8,release_2,matched_kmeans,logistic,600,60,2,32,9.375,1.0,1,93,27,0.875,0.875,1.0218677111379217,0.0,0.9661099171119056,1.0,1.0,1.0,2.0,5.0,0.3,3,60,0.0,0.05,0.6621333333333335,0.684838286857687,0.12333333333333334,nan
confirm_d60_redundant0_noise0.05,controlled_gaussian_mixture_confirmation,808,0.8,release_2,matched_kmeans,random_forest,600,60,2,32,9.375,1.0,1,93,27,0.875,0.875,1.0218677111379217,0.0,0.9661099171119056,1.0,1.0,1.0,2.0,5.0,0.3,3,60,0.0,0.05,0.6866333333333333,0.7027086983592465,0.13,nan
confirm_d60_redundant0_noise0.05,controlled_gaussian_mixture_confirmation,808,0.8,release_3,granular_ball,logistic,600,60,2,32,9.375,1.0,1,57,19,0.65625,0.6875,2.7568486255622964,0.0,0.9599196578884079,1.0,0.9886363636363636,1.0,2.0,5.0,0.3,3,60,0.0,0.05,0.7578333333333334,0.7694344854090405,0.2,nan
confirm_d60_redundant0_noise0.05,controlled_gaussian_mixture_confirmation,808,0.8,release_3,granular_ball,random_forest,600,60,2,32,9.375,1.0,1,57,19,0.65625,0.6875,2.7568486255622964,0.0,0.9599196578884079,1.0,0.9886363636363636,1.0,2.0,5.0,0.3,3,60,0.0,0.05,0.7390888888888889,0.7568603123874452,0.16666666666666666,nan
confirm_d60_redundant0_noise0.05,controlled_gaussian_mixture_confirmation,808,0.8,release_3,matched_kmeans,logistic,600,60,2,32,9.375,1.0,1,93,27,0.875,0.875,1.0218677111379217,0.0,0.9661099171119056,1.0,1.0,1.0,2.0,5.0,0.3,3,60,0.0,0.05,0.6604666666666668,0.6823936970288612,0.12333333333333334,nan
confirm_d60_redundant0_noise0.05,controlled_gaussian_mixture_confirmation,808,0.8,release_3,matched_kmeans,random_forest,600,60,2,32,9.375,1.0,1,93,27,0.875,0.875,1.0218677111379217,0.0,0.9661099171119056,1.0,1.0,1.0,2.0,5.0,0.3,3,60,0.0,0.05,0.6839222222222223,0.7032877327631419,0.12666666666666668,nan
confirm_d60_redundant0_noise0.05,controlled_gaussian_mixture_confirmation,808,0.9,release_1,granular_ball,logistic,600,60,2,58,5.172413793103448,2.0,1,57,27,0.7068965517241379,0.8793103448275862,2.263945589041461,1.0369196325590357,0.9172750493440148,1.0,1.0,1.0,2.0,5.0,0.3,3,60,0.0,0.05,0.8233666666666667,0.8496892409533872,0.3433333333333333,nan
confirm_d60_redundant0_noise0.05,controlled_gaussian_mixture_confirmation,808,0.9,release_1,granular_ball,random_forest,600,60,2,58,5.172413793103448,2.0,1,57,27,0.7068965517241379,0.8793103448275862,2.263945589041461,1.0369196325590357,0.9172750493440148,1.0,1.0,1.0,2.0,5.0,0.3,3,60,0.0,0.05,0.7970722222222223,0.8314769824911623,0.33666666666666667,nan
confirm_d60_redundant0_noise0.05,controlled_gaussian_mixture_confirmation,808,0.9,release_1,matched_kmeans,logistic,600,60,2,58,5.172413793103448,1.0,1,80,52,0.896551724137931,0.896551724137931,0.7316805417124012,0.0,0.9820628345985467,1.0,1.0,1.0,2.0,5.0,0.3,3,60,0.0,0.05,0.7608000000000001,0.754763181151341,0.18666666666666668,nan
confirm_d60_redundant0_noise0.05,controlled_gaussian_mixture_confirmation,808,0.9,release_1,matched_kmeans,random_forest,600,60,2,58,5.172413793103448,1.0,1,80,52,0.896551724137931,0.896551724137931,0.7316805417124012,0.0,0.9820628345985467,1.0,1.0,1.0,2.0,5.0,0.3,3,60,0.0,0.05,0.8480666666666666,0.8548425647854543,0.29,nan
confirm_d60_redundant0_noise0.05,controlled_gaussian_mixture_confirmation,808,0.9,release_2,granular_ball,logistic,600,60,2,58,5.172413793103448,2.0,1,57,27,0.7068965517241379,0.8793103448275862,2.263945589041461,1.0369196325590357,0.9172750493440148,1.0,1.0,1.0,2.0,5.0,0.3,3,60,0.0,0.05,0.8509666666666666,0.8626726080711461,0.31666666666666665,nan
confirm_d60_redundant0_noise0.05,controlled_gaussian_mixture_confirmation,808,0.9,release_2,granular_ball,random_forest,600,60,2,58,5.172413793103448,2.0,1,57,27,0.7068965517241379,0.8793103448275862,2.263945589041461,1.0369196325590357,0.9172750493440148,1.0,1.0,1.0,2.0,5.0,0.3,3,60,0.0,0.05,0.83075,0.846904907771691,0.2833333333333333,nan
confirm_d60_redundant0_noise0.05,controlled_gaussian_mixture_confirmation,808,0.9,release_2,matched_kmeans,logistic,600,60,2,58,5.172413793103448,1.0,1,80,52,0.896551724137931,0.896551724137931,0.7316805417124012,0.0,0.9820628345985467,1.0,1.0,1.0,2.0,5.0,0.3,3,60,0.0,0.05,0.7434777777777778,0.766013741956814,0.2,nan
confirm_d60_redundant0_noise0.05,controlled_gaussian_mixture_confirmation,808,0.9,release_2,matched_kmeans,random_forest,600,60,2,58,5.172413793103448,1.0,1,80,52,0.896551724137931,0.896551724137931,0.7316805417124012,0.0,0.9820628345985467,1.0,1.0,1.0,2.0,5.0,0.3,3,60,0.0,0.05,0.8428333333333333,0.8456762296891461,0.26666666666666666,nan
confirm_d60_redundant0_noise0.05,controlled_gaussian_mixture_confirmation,808,0.9,release_3,granular_ball,logistic,600,60,2,58,5.172413793103448,2.0,1,57,27,0.7068965517241379,0.8793103448275862,2.263945589041461,1.0369196325590357,0.9172750493440148,1.0,1.0,1.0,2.0,5.0,0.3,3,60,0.0,0.05,0.8490444444444444,0.8606159428670039,0.31666666666666665,nan
confirm_d60_redundant0_noise0.05,controlled_gaussian_mixture_confirmation,808,0.9,release_3,granular_ball,random_forest,600,60,2,58,5.172413793103448,2.0,1,57,27,0.7068965517241379,0.8793103448275862,2.263945589041461,1.0369196325590357,0.9172750493440148,1.0,1.0,1.0,2.0,5.0,0.3,3,60,0.0,0.05,0.8314277777777777,0.8495472971548148,0.31666666666666665,nan
confirm_d60_redundant0_noise0.05,controlled_gaussian_mixture_confirmation,808,0.9,release_3,matched_kmeans,logistic,600,60,2,58,5.172413793103448,1.0,1,80,52,0.896551724137931,0.896551724137931,0.7316805417124012,0.0,0.9820628345985467,1.0,1.0,1.0,2.0,5.0,0.3,3,60,0.0,0.05,0.7429222222222223,0.7653863491491646,0.22333333333333333,nan
confirm_d60_redundant0_noise0.05,controlled_gaussian_mixture_confirmation,808,0.9,release_3,matched_kmeans,random_forest,600,60,2,58,5.172413793103448,1.0,1,80,52,0.896551724137931,0.896551724137931,0.7316805417124012,0.0,0.9820628345985467,1.0,1.0,1.0,2.0,5.0,0.3,3,60,0.0,0.05,0.8433444444444445,0.8466230032094813,0.25666666666666665,nan
confirm_d60_redundant0_noise0.05,controlled_gaussian_mixture_confirmation,808,0.95,release_1,granular_ball,logistic,600,60,2,69,4.3478260869565215,2.0,1,57,31,0.7246376811594203,0.8840579710144928,2.3478067878262534,1.0948014779543005,0.9184849556005441,1.0,1.0,1.0,2.0,5.0,0.3,3,60,0.0,0.05,0.8518666666666665,0.8733325365323231,0.37666666666666665,nan
confirm_d60_redundant0_noise0.05,controlled_gaussian_mixture_confirmation,808,0.95,release_1,granular_ball,random_forest,600,60,2,69,4.3478260869565215,2.0,1,57,31,0.7246376811594203,0.8840579710144928,2.3478067878262534,1.0948014779543005,0.9184849556005441,1.0,1.0,1.0,2.0,5.0,0.3,3,60,0.0,0.05,0.8427444444444445,0.8662304224627589,0.39,nan
confirm_d60_redundant0_noise0.05,controlled_gaussian_mixture_confirmation,808,0.95,release_1,matched_kmeans,logistic,600,60,2,69,4.3478260869565215,1.0,1,72,62,0.8985507246376812,0.8985507246376812,0.7093780416222376,0.0,0.9867531421879248,1.0,1.0,1.0,2.0,5.0,0.3,3,60,0.0,0.05,0.7392333333333334,0.7475945584057773,0.21333333333333335,nan
confirm_d60_redundant0_noise0.05,controlled_gaussian_mixture_confirmation,808,0.95,release_1,matched_kmeans,random_forest,600,60,2,69,4.3478260869565215,1.0,1,72,62,0.8985507246376812,0.8985507246376812,0.7093780416222376,0.0,0.9867531421879248,1.0,1.0,1.0,2.0,5.0,0.3,3,60,0.0,0.05,0.7962777777777778,0.806448791448733,0.24666666666666667,nan
confirm_d60_redundant0_noise0.05,controlled_gaussian_mixture_confirmation,808,0.95,release_2,granular_ball,logistic,600,60,2,69,4.3478260869565215,2.0,1,57,31,0.7246376811594203,0.8840579710144928,2.3478067878262534,1.0948014779543005,0.9184849556005441,1.0,1.0,1.0,2.0,5.0,0.3,3,60,0.0,0.05,0.8744666666666667,0.8848876612184653,0.4166666666666667,nan
confirm_d60_redundant0_noise0.05,controlled_gaussian_mixture_confirmation,808,0.95,release_2,granular_ball,random_forest,600,60,2,69,4.3478260869565215,2.0,1,57,31,0.7246376811594203,0.8840579710144928,2.3478067878262534,1.0948014779543005,0.9184849556005441,1.0,1.0,1.0,2.0,5.0,0.3,3,60,0.0,0.05,0.8743722222222222,0.885730670945345,0.37666666666666665,nan
confirm_d60_redundant0_noise0.05,controlled_gaussian_mixture_confirmation,808,0.95,release_2,matched_kmeans,logistic,600,60,2,69,4.3478260869565215,1.0,1,72,62,0.8985507246376812,0.8985507246376812,0.7093780416222376,0.0,0.9867531421879248,1.0,1.0,1.0,2.0,5.0,0.3,3,60,0.0,0.05,0.7271000000000001,0.7545266556400322,0.22,nan
confirm_d60_redundant0_noise0.05,controlled_gaussian_mixture_confirmation,808,0.95,release_2,matched_kmeans,random_forest,600,60,2,69,4.3478260869565215,1.0,1,72,62,0.8985507246376812,0.8985507246376812,0.7093780416222376,0.0,0.9867531421879248,1.0,1.0,1.0,2.0,5.0,0.3,3,60,0.0,0.05,0.7967,0.8058707647523208,0.2866666666666667,nan
confirm_d60_redundant0_noise0.05,controlled_gaussian_mixture_confirmation,808,0.95,release_3,granular_ball,logistic,600,60,2,69,4.3478260869565215,2.0,1,57,31,0.7246376811594203,0.8840579710144928,2.3478067878262534,1.0948014779543005,0.9184849556005441,1.0,1.0,1.0,2.0,5.0,0.3,3,60,0.0,0.05,0.8736333333333333,0.8843682919770252,0.42333333333333334,nan
confirm_d60_redundant0_noise0.05,controlled_gaussian_mixture_confirmation,808,0.95,release_3,granular_ball,random_forest,600,60,2,69,4.3478260869565215,2.0,1,57,31,0.7246376811594203,0.8840579710144928,2.3478067878262534,1.0948014779543005,0.9184849556005441,1.0,1.0,1.0,2.0,5.0,0.3,3,60,0.0,0.05,0.8778222222222223,0.8885847624346463,0.39,nan
confirm_d60_redundant0_noise0.05,controlled_gaussian_mixture_confirmation,808,0.95,release_3,matched_kmeans,logistic,600,60,2,69,4.3478260869565215,1.0,1,72,62,0.8985507246376812,0.8985507246376812,0.7093780416222376,0.0,0.9867531421879248,1.0,1.0,1.0,2.0,5.0,0.3,3,60,0.0,0.05,0.7276,0.7525965843822753,0.21333333333333335,nan
confirm_d60_redundant0_noise0.05,controlled_gaussian_mixture_confirmation,808,0.95,release_3,matched_kmeans,random_forest,600,60,2,69,4.3478260869565215,1.0,1,72,62,0.8985507246376812,0.8985507246376812,0.7093780416222376,0.0,0.9867531421879248,1.0,1.0,1.0,2.0,5.0,0.3,3,60,0.0,0.05,0.7998555555555555,0.8076602499147221,0.26,nan
confirm_d60_redundant0_noise0.05,controlled_gaussian_mixture_confirmation,808,0.99,release_1,granular_ball,logistic,600,60,2,85,3.5294117647058822,2.0,1,57,37,0.7176470588235294,0.8941176470588236,2.607023928852202,1.149007900193495,0.9352941176470588,1.0,1.0,1.0,2.0,5.0,0.3,3,60,0.0,0.05,0.8815111111111111,0.9085069376693754,0.57,nan
confirm_d60_redundant0_noise0.05,controlled_gaussian_mixture_confirmation,808,0.99,release_1,granular_ball,random_forest,600,60,2,85,3.5294117647058822,2.0,1,57,37,0.7176470588235294,0.8941176470588236,2.607023928852202,1.149007900193495,0.9352941176470588,1.0,1.0,1.0,2.0,5.0,0.3,3,60,0.0,0.05,0.8741000000000001,0.8978115993010466,0.5166666666666667,nan
confirm_d60_redundant0_noise0.05,controlled_gaussian_mixture_confirmation,808,0.99,release_1,matched_kmeans,logistic,600,60,2,85,3.5294117647058822,1.0,1,70,78,0.9176470588235294,0.9176470588235294,0.5650512130662156,0.0,0.988734932569519,1.0,1.0,1.0,2.0,5.0,0.3,3,60,0.0,0.05,0.7820555555555555,0.790623926341979,0.27,nan
confirm_d60_redundant0_noise0.05,controlled_gaussian_mixture_confirmation,808,0.99,release_1,matched_kmeans,random_forest,600,60,2,85,3.5294117647058822,1.0,1,70,78,0.9176470588235294,0.9176470588235294,0.5650512130662156,0.0,0.988734932569519,1.0,1.0,1.0,2.0,5.0,0.3,3,60,0.0,0.05,0.8434888888888891,0.8601668738699062,0.41333333333333333,nan
confirm_d60_redundant0_noise0.05,controlled_gaussian_mixture_confirmation,808,0.99,release_2,granular_ball,logistic,600,60,2,85,3.5294117647058822,2.0,1,57,37,0.7176470588235294,0.8941176470588236,2.607023928852202,1.149007900193495,0.9352941176470588,1.0,1.0,1.0,2.0,5.0,0.3,3,60,0.0,0.05,0.9124,0.923079340985562,0.5233333333333333,nan
confirm_d60_redundant0_noise0.05,controlled_gaussian_mixture_confirmation,808,0.99,release_2,granular_ball,random_forest,600,60,2,85,3.5294117647058822,2.0,1,57,37,0.7176470588235294,0.8941176470588236,2.607023928852202,1.149007900193495,0.9352941176470588,1.0,1.0,1.0,2.0,5.0,0.3,3,60,0.0,0.05,0.9072277777777777,0.9189622742203842,0.54,nan
confirm_d60_redundant0_noise0.05,controlled_gaussian_mixture_confirmation,808,0.99,release_2,matched_kmeans,logistic,600,60,2,85,3.5294117647058822,1.0,1,70,78,0.9176470588235294,0.9176470588235294,0.5650512130662156,0.0,0.988734932569519,1.0,1.0,1.0,2.0,5.0,0.3,3,60,0.0,0.05,0.7796,0.8023069946514125,0.2733333333333333,nan
confirm_d60_redundant0_noise0.05,controlled_gaussian_mixture_confirmation,808,0.99,release_2,matched_kmeans,random_forest,600,60,2,85,3.5294117647058822,1.0,1,70,78,0.9176470588235294,0.9176470588235294,0.5650512130662156,0.0,0.988734932569519,1.0,1.0,1.0,2.0,5.0,0.3,3,60,0.0,0.05,0.8426333333333333,0.8593445789222869,0.37333333333333335,nan
confirm_d60_redundant0_noise0.05,controlled_gaussian_mixture_confirmation,808,0.99,release_3,granular_ball,logistic,600,60,2,85,3.5294117647058822,2.0,1,57,37,0.7176470588235294,0.8941176470588236,2.607023928852202,1.149007900193495,0.9352941176470588,1.0,1.0,1.0,2.0,5.0,0.3,3,60,0.0,0.05,0.9090777777777779,0.920138280080294,0.51,nan
confirm_d60_redundant0_noise0.05,controlled_gaussian_mixture_confirmation,808,0.99,release_3,granular_ball,random_forest,600,60,2,85,3.5294117647058822,2.0,1,57,37,0.7176470588235294,0.8941176470588236,2.607023928852202,1.149007900193495,0.9352941176470588,1.0,1.0,1.0,2.0,5.0,0.3,3,60,0.0,0.05,0.9076444444444445,0.9193274461218812,0.5133333333333333,nan
confirm_d60_redundant0_noise0.05,controlled_gaussian_mixture_confirmation,808,0.99,release_3,matched_kmeans,logistic,600,60,2,85,3.5294117647058822,1.0,1,70,78,0.9176470588235294,0.9176470588235294,0.5650512130662156,0.0,0.988734932569519,1.0,1.0,1.0,2.0,5.0,0.3,3,60,0.0,0.05,0.7804333333333333,0.8030238789294344,0.26666666666666666,nan
confirm_d60_redundant0_noise0.05,controlled_gaussian_mixture_confirmation,808,0.99,release_3,matched_kmeans,random_forest,600,60,2,85,3.5294117647058822,1.0,1,70,78,0.9176470588235294,0.9176470588235294,0.5650512130662156,0.0,0.988734932569519,1.0,1.0,1.0,2.0,5.0,0.3,3,60,0.0,0.05,0.843488888888889,0.8575976742466473,0.3566666666666667,nan
confirm_d60_redundant0.1_noise0.15,controlled_gaussian_mixture_confirmation,2,0.7,release_1,granular_ball,logistic,600,60,2,25,12.0,1.0,1,87,16,0.68,0.76,2.3932648505965664,0.0,0.9505568982370985,1.0,0.9375,1.0,2.0,5.0,0.3,3,60,0.1,0.15,0.6633666666666669,0.6906978056029661,0.11333333333333333,nan
confirm_d60_redundant0.1_noise0.15,controlled_gaussian_mixture_confirmation,2,0.7,release_1,granular_ball,random_forest,600,60,2,25,12.0,1.0,1,87,16,0.68,0.76,2.3932648505965664,0.0,0.9505568982370985,1.0,0.9375,1.0,2.0,5.0,0.3,3,60,0.1,0.15,0.6316499999999999,0.6477153565409004,0.06,nan
confirm_d60_redundant0.1_noise0.15,controlled_gaussian_mixture_confirmation,2,0.7,release_1,matched_kmeans,logistic,600,60,2,25,12.0,1.0,1,84,17,0.76,0.76,2.1467442290006495,0.0,0.9445406162464987,1.0,1.0,1.0,2.0,5.0,0.3,3,60,0.1,0.15,0.6944333333333332,0.6834106953557901,0.08333333333333333,nan
confirm_d60_redundant0.1_noise0.15,controlled_gaussian_mixture_confirmation,2,0.7,release_1,matched_kmeans,random_forest,600,60,2,25,12.0,1.0,1,84,17,0.76,0.76,2.1467442290006495,0.0,0.9445406162464987,1.0,1.0,1.0,2.0,5.0,0.3,3,60,0.1,0.15,0.6930777777777777,0.6885470421110109,0.06666666666666667,nan
confirm_d60_redundant0.1_noise0.15,controlled_gaussian_mixture_confirmation,2,0.7,release_2,granular_ball,logistic,600,60,2,25,12.0,1.0,1,87,16,0.68,0.76,2.3932648505965664,0.0,0.9505568982370985,1.0,0.9375,1.0,2.0,5.0,0.3,3,60,0.1,0.15,0.6976333333333333,0.7100891709807764,0.10666666666666667,nan
confirm_d60_redundant0.1_noise0.15,controlled_gaussian_mixture_confirmation,2,0.7,release_2,granular_ball,random_forest,600,60,2,25,12.0,1.0,1,87,16,0.68,0.76,2.3932648505965664,0.0,0.9505568982370985,1.0,0.9375,1.0,2.0,5.0,0.3,3,60,0.1,0.15,0.6423777777777777,0.6387765127590281,0.05,nan
confirm_d60_redundant0.1_noise0.15,controlled_gaussian_mixture_confirmation,2,0.7,release_2,matched_kmeans,logistic,600,60,2,25,12.0,1.0,1,84,17,0.76,0.76,2.1467442290006495,0.0,0.9445406162464987,1.0,1.0,1.0,2.0,5.0,0.3,3,60,0.1,0.15,0.6904444444444444,0.6932003700449468,0.08,nan
confirm_d60_redundant0.1_noise0.15,controlled_gaussian_mixture_confirmation,2,0.7,release_2,matched_kmeans,random_forest,600,60,2,25,12.0,1.0,1,84,17,0.76,0.76,2.1467442290006495,0.0,0.9445406162464987,1.0,1.0,1.0,2.0,5.0,0.3,3,60,0.1,0.15,0.7090888888888889,0.7172975816856193,0.12,nan
confirm_d60_redundant0.1_noise0.15,controlled_gaussian_mixture_confirmation,2,0.7,release_3,granular_ball,logistic,600,60,2,25,12.0,1.0,1,87,16,0.68,0.76,2.3932648505965664,0.0,0.9505568982370985,1.0,0.9375,1.0,2.0,5.0,0.3,3,60,0.1,0.15,0.6937777777777778,0.6997057670434091,0.09333333333333334,nan
confirm_d60_redundant0.1_noise0.15,controlled_gaussian_mixture_confirmation,2,0.7,release_3,granular_ball,random_forest,600,60,2,25,12.0,1.0,1,87,16,0.68,0.76,2.3932648505965664,0.0,0.9505568982370985,1.0,0.9375,1.0,2.0,5.0,0.3,3,60,0.1,0.15,0.6345111111111111,0.6385937349862757,0.07333333333333333,nan
confirm_d60_redundant0.1_noise0.15,controlled_gaussian_mixture_confirmation,2,0.7,release_3,matched_kmeans,logistic,600,60,2,25,12.0,1.0,1,84,17,0.76,0.76,2.1467442290006495,0.0,0.9445406162464987,1.0,1.0,1.0,2.0,5.0,0.3,3,60,0.1,0.15,0.6811888888888888,0.688776859956119,0.08,nan
confirm_d60_redundant0.1_noise0.15,controlled_gaussian_mixture_confirmation,2,0.7,release_3,matched_kmeans,random_forest,600,60,2,25,12.0,1.0,1,84,17,0.76,0.76,2.1467442290006495,0.0,0.9445406162464987,1.0,1.0,1.0,2.0,5.0,0.3,3,60,0.1,0.15,0.7126777777777777,0.7274165262919919,0.13666666666666666,nan
confirm_d60_redundant0.1_noise0.15,controlled_gaussian_mixture_confirmation,2,0.8,release_1,granular_ball,logistic,600,60,2,40,7.5,1.0,1,87,24,0.725,0.85,2.1977285767050776,0.0,0.911876959247649,1.0,0.8295454545454546,1.0,2.0,5.0,0.3,3,60,0.1,0.15,0.6962555555555556,0.7241522132619994,0.16666666666666666,nan
confirm_d60_redundant0.1_noise0.15,controlled_gaussian_mixture_confirmation,2,0.8,release_1,granular_ball,random_forest,600,60,2,40,7.5,1.0,1,87,24,0.725,0.85,2.1977285767050776,0.0,0.911876959247649,1.0,0.8295454545454546,1.0,2.0,5.0,0.3,3,60,0.1,0.15,0.6848,0.7139485791656828,0.16666666666666666,nan
confirm_d60_redundant0.1_noise0.15,controlled_gaussian_mixture_confirmation,2,0.8,release_1,matched_kmeans,logistic,600,60,2,40,7.5,1.0,1,75,32,0.85,0.85,1.3212036590490444,0.0,0.9657862795575894,1.0,1.0,1.0,2.0,5.0,0.3,3,60,0.1,0.15,0.7226444444444444,0.717184617535013,0.14333333333333334,nan
confirm_d60_redundant0.1_noise0.15,controlled_gaussian_mixture_confirmation,2,0.8,release_1,matched_kmeans,random_forest,600,60,2,40,7.5,1.0,1,75,32,0.85,0.85,1.3212036590490444,0.0,0.9657862795575894,1.0,1.0,1.0,2.0,5.0,0.3,3,60,0.1,0.15,0.7415166666666666,0.7435037149513899,0.14666666666666667,nan
confirm_d60_redundant0.1_noise0.15,controlled_gaussian_mixture_confirmation,2,0.8,release_2,granular_ball,logistic,600,60,2,40,7.5,1.0,1,87,24,0.725,0.85,2.1977285767050776,0.0,0.911876959247649,1.0,0.8295454545454546,1.0,2.0,5.0,0.3,3,60,0.1,0.15,0.7209333333333333,0.7469895441315393,0.18,nan
confirm_d60_redundant0.1_noise0.15,controlled_gaussian_mixture_confirmation,2,0.8,release_2,granular_ball,random_forest,600,60,2,40,7.5,1.0,1,87,24,0.725,0.85,2.1977285767050776,0.0,0.911876959247649,1.0,0.8295454545454546,1.0,2.0,5.0,0.3,3,60,0.1,0.15,0.7225444444444443,0.7289249326840235,0.13333333333333333,nan
confirm_d60_redundant0.1_noise0.15,controlled_gaussian_mixture_confirmation,2,0.8,release_2,matched_kmeans,logistic,600,60,2,40,7.5,1.0,1,75,32,0.85,0.85,1.3212036590490444,0.0,0.9657862795575894,1.0,1.0,1.0,2.0,5.0,0.3,3,60,0.1,0.15,0.7116777777777779,0.7241027486477751,0.15333333333333332,nan
confirm_d60_redundant0.1_noise0.15,controlled_gaussian_mixture_confirmation,2,0.8,release_2,matched_kmeans,random_forest,600,60,2,40,7.5,1.0,1,75,32,0.85,0.85,1.3212036590490444,0.0,0.9657862795575894,1.0,1.0,1.0,2.0,5.0,0.3,3,60,0.1,0.15,0.7597777777777779,0.7727055604353084,0.16666666666666666,nan
confirm_d60_redundant0.1_noise0.15,controlled_gaussian_mixture_confirmation,2,0.8,release_3,granular_ball,logistic,600,60,2,40,7.5,1.0,1,87,24,0.725,0.85,2.1977285767050776,0.0,0.911876959247649,1.0,0.8295454545454546,1.0,2.0,5.0,0.3,3,60,0.1,0.15,0.7144555555555556,0.7450489589113518,0.20333333333333334,nan
confirm_d60_redundant0.1_noise0.15,controlled_gaussian_mixture_confirmation,2,0.8,release_3,granular_ball,random_forest,600,60,2,40,7.5,1.0,1,87,24,0.725,0.85,2.1977285767050776,0.0,0.911876959247649,1.0,0.8295454545454546,1.0,2.0,5.0,0.3,3,60,0.1,0.15,0.7242611111111112,0.7341973541868512,0.15,nan
confirm_d60_redundant0.1_noise0.15,controlled_gaussian_mixture_confirmation,2,0.8,release_3,matched_kmeans,logistic,600,60,2,40,7.5,1.0,1,75,32,0.85,0.85,1.3212036590490444,0.0,0.9657862795575894,1.0,1.0,1.0,2.0,5.0,0.3,3,60,0.1,0.15,0.7064999999999999,0.7197006632520582,0.14333333333333334,nan
confirm_d60_redundant0.1_noise0.15,controlled_gaussian_mixture_confirmation,2,0.8,release_3,matched_kmeans,random_forest,600,60,2,40,7.5,1.0,1,75,32,0.85,0.85,1.3212036590490444,0.0,0.9657862795575894,1.0,1.0,1.0,2.0,5.0,0.3,3,60,0.1,0.15,0.7595111111111111,0.7752529378982912,0.21,nan
confirm_d60_redundant0.1_noise0.15,controlled_gaussian_mixture_confirmation,2,0.9,release_1,granular_ball,logistic,600,60,2,97,3.0927835051546393,1.0,1,61,55,0.8144329896907216,0.9175257731958762,2.0240010031294267,0.0,0.9178510400663172,1.0,1.0,1.0,2.0,5.0,0.3,3,60,0.1,0.15,0.8808333333333332,0.9084851851966177,0.5466666666666666,nan
confirm_d60_redundant0.1_noise0.15,controlled_gaussian_mixture_confirmation,2,0.9,release_1,granular_ball,random_forest,600,60,2,97,3.0927835051546393,1.0,1,61,55,0.8144329896907216,0.9175257731958762,2.0240010031294267,0.0,0.9178510400663172,1.0,1.0,1.0,2.0,5.0,0.3,3,60,0.1,0.15,0.8609888888888889,0.8940577386052567,0.4866666666666667,nan
confirm_d60_redundant0.1_noise0.15,controlled_gaussian_mixture_confirmation,2,0.9,release_1,matched_kmeans,logistic,600,60,2,97,3.0927835051546393,1.0,1,48,89,0.9175257731958762,0.9175257731958762,0.5394640545053065,0.0,0.9796864831597358,1.0,1.0,1.0,2.0,5.0,0.3,3,60,0.1,0.15,0.8356444444444444,0.8463842796716377,0.3566666666666667,nan
confirm_d60_redundant0.1_noise0.15,controlled_gaussian_mixture_confirmation,2,0.9,release_1,matched_kmeans,random_forest,600,60,2,97,3.0927835051546393,1.0,1,48,89,0.9175257731958762,0.9175257731958762,0.5394640545053065,0.0,0.9796864831597358,1.0,1.0,1.0,2.0,5.0,0.3,3,60,0.1,0.15,0.8525777777777777,0.8761679308114598,0.4666666666666667,nan
confirm_d60_redundant0.1_noise0.15,controlled_gaussian_mixture_confirmation,2,0.9,release_2,granular_ball,logistic,600,60,2,97,3.0927835051546393,1.0,1,61,55,0.8144329896907216,0.9175257731958762,2.0240010031294267,0.0,0.9178510400663172,1.0,1.0,1.0,2.0,5.0,0.3,3,60,0.1,0.15,0.8939555555555554,0.914172013250052,0.49666666666666665,nan
confirm_d60_redundant0.1_noise0.15,controlled_gaussian_mixture_confirmation,2,0.9,release_2,granular_ball,random_forest,600,60,2,97,3.0927835051546393,1.0,1,61,55,0.8144329896907216,0.9175257731958762,2.0240010031294267,0.0,0.9178510400663172,1.0,1.0,1.0,2.0,5.0,0.3,3,60,0.1,0.15,0.8901055555555556,0.9119897175567196,0.4766666666666667,nan
confirm_d60_redundant0.1_noise0.15,controlled_gaussian_mixture_confirmation,2,0.9,release_2,matched_kmeans,logistic,600,60,2,97,3.0927835051546393,1.0,1,48,89,0.9175257731958762,0.9175257731958762,0.5394640545053065,0.0,0.9796864831597358,1.0,1.0,1.0,2.0,5.0,0.3,3,60,0.1,0.15,0.8443333333333334,0.8665642282105895,0.4166666666666667,nan
confirm_d60_redundant0.1_noise0.15,controlled_gaussian_mixture_confirmation,2,0.9,release_2,matched_kmeans,random_forest,600,60,2,97,3.0927835051546393,1.0,1,48,89,0.9175257731958762,0.9175257731958762,0.5394640545053065,0.0,0.9796864831597358,1.0,1.0,1.0,2.0,5.0,0.3,3,60,0.1,0.15,0.8512111111111111,0.8744641538042535,0.4533333333333333,nan
confirm_d60_redundant0.1_noise0.15,controlled_gaussian_mixture_confirmation,2,0.9,release_3,granular_ball,logistic,600,60,2,97,3.0927835051546393,1.0,1,61,55,0.8144329896907216,0.9175257731958762,2.0240010031294267,0.0,0.9178510400663172,1.0,1.0,1.0,2.0,5.0,0.3,3,60,0.1,0.15,0.8944777777777778,0.9126054904216543,0.49333333333333335,nan
confirm_d60_redundant0.1_noise0.15,controlled_gaussian_mixture_confirmation,2,0.9,release_3,granular_ball,random_forest,600,60,2,97,3.0927835051546393,1.0,1,61,55,0.8144329896907216,0.9175257731958762,2.0240010031294267,0.0,0.9178510400663172,1.0,1.0,1.0,2.0,5.0,0.3,3,60,0.1,0.15,0.8928666666666667,0.9141645635295466,0.49333333333333335,nan
confirm_d60_redundant0.1_noise0.15,controlled_gaussian_mixture_confirmation,2,0.9,release_3,matched_kmeans,logistic,600,60,2,97,3.0927835051546393,1.0,1,48,89,0.9175257731958762,0.9175257731958762,0.5394640545053065,0.0,0.9796864831597358,1.0,1.0,1.0,2.0,5.0,0.3,3,60,0.1,0.15,0.8385555555555556,0.8563237929525644,0.36333333333333334,nan
confirm_d60_redundant0.1_noise0.15,controlled_gaussian_mixture_confirmation,2,0.9,release_3,matched_kmeans,random_forest,600,60,2,97,3.0927835051546393,1.0,1,48,89,0.9175257731958762,0.9175257731958762,0.5394640545053065,0.0,0.9796864831597358,1.0,1.0,1.0,2.0,5.0,0.3,3,60,0.1,0.15,0.8424777777777778,0.8652609837297577,0.43666666666666665,nan
confirm_d60_redundant0.1_noise0.15,controlled_gaussian_mixture_confirmation,2,0.95,release_1,granular_ball,logistic,600,60,2,138,2.1739130434782608,2.0,1,14,68,0.782608695652174,0.927536231884058,2.387452239654756,0.9812212514306207,0.9202898550724637,1.0,1.0,1.0,2.0,5.0,0.3,3,60,0.1,0.15,0.9715444444444444,0.97745100883335,0.8266666666666667,nan
confirm_d60_redundant0.1_noise0.15,controlled_gaussian_mixture_confirmation,2,0.95,release_1,granular_ball,random_forest,600,60,2,138,2.1739130434782608,2.0,1,14,68,0.782608695652174,0.927536231884058,2.387452239654756,0.9812212514306207,0.9202898550724637,1.0,1.0,1.0,2.0,5.0,0.3,3,60,0.1,0.15,0.9689055555555557,0.9773971581965731,0.85,nan
confirm_d60_redundant0.1_noise0.15,controlled_gaussian_mixture_confirmation,2,0.95,release_1,matched_kmeans,logistic,600,60,2,138,2.1739130434782608,1.0,1,43,130,0.9420289855072463,0.9492753623188406,0.3482886390407237,0.0,0.989787732811605,1.0,1.0,1.0,2.0,5.0,0.3,3,60,0.1,0.15,0.8775333333333334,0.8851495246450297,0.4633333333333333,nan
confirm_d60_redundant0.1_noise0.15,controlled_gaussian_mixture_confirmation,2,0.95,release_1,matched_kmeans,random_forest,600,60,2,138,2.1739130434782608,1.0,1,43,130,0.9420289855072463,0.9492753623188406,0.3482886390407237,0.0,0.989787732811605,1.0,1.0,1.0,2.0,5.0,0.3,3,60,0.1,0.15,0.9041222222222223,0.9117570374191819,0.5066666666666667,nan
confirm_d60_redundant0.1_noise0.15,controlled_gaussian_mixture_confirmation,2,0.95,release_2,granular_ball,logistic,600,60,2,138,2.1739130434782608,2.0,1,14,68,0.782608695652174,0.927536231884058,2.387452239654756,0.9812212514306207,0.9202898550724637,1.0,1.0,1.0,2.0,5.0,0.3,3,60,0.1,0.15,0.9798777777777778,0.9835763559297951,0.7966666666666666,nan
confirm_d60_redundant0.1_noise0.15,controlled_gaussian_mixture_confirmation,2,0.95,release_2,granular_ball,random_forest,600,60,2,138,2.1739130434782608,2.0,1,14,68,0.782608695652174,0.927536231884058,2.387452239654756,0.9812212514306207,0.9202898550724637,1.0,1.0,1.0,2.0,5.0,0.3,3,60,0.1,0.15,0.9792888888888889,0.984201530848419,0.88,nan
confirm_d60_redundant0.1_noise0.15,controlled_gaussian_mixture_confirmation,2,0.95,release_2,matched_kmeans,logistic,600,60,2,138,2.1739130434782608,1.0,1,43,130,0.9420289855072463,0.9492753623188406,0.3482886390407237,0.0,0.989787732811605,1.0,1.0,1.0,2.0,5.0,0.3,3,60,0.1,0.15,0.8706777777777779,0.8513384830563264,0.48333333333333334,nan
confirm_d60_redundant0.1_noise0.15,controlled_gaussian_mixture_confirmation,2,0.95,release_2,matched_kmeans,random_forest,600,60,2,138,2.1739130434782608,1.0,1,43,130,0.9420289855072463,0.9492753623188406,0.3482886390407237,0.0,0.989787732811605,1.0,1.0,1.0,2.0,5.0,0.3,3,60,0.1,0.15,0.8963333333333334,0.9054626512009266,0.51,nan
confirm_d60_redundant0.1_noise0.15,controlled_gaussian_mixture_confirmation,2,0.95,release_3,granular_ball,logistic,600,60,2,138,2.1739130434782608,2.0,1,14,68,0.782608695652174,0.927536231884058,2.387452239654756,0.9812212514306207,0.9202898550724637,1.0,1.0,1.0,2.0,5.0,0.3,3,60,0.1,0.15,0.9806111111111111,0.9840089571059907,0.7833333333333333,nan
confirm_d60_redundant0.1_noise0.15,controlled_gaussian_mixture_confirmation,2,0.95,release_3,granular_ball,random_forest,600,60,2,138,2.1739130434782608,2.0,1,14,68,0.782608695652174,0.927536231884058,2.387452239654756,0.9812212514306207,0.9202898550724637,1.0,1.0,1.0,2.0,5.0,0.3,3,60,0.1,0.15,0.9805333333333334,0.9851762159657045,0.88,nan
confirm_d60_redundant0.1_noise0.15,controlled_gaussian_mixture_confirmation,2,0.95,release_3,matched_kmeans,logistic,600,60,2,138,2.1739130434782608,1.0,1,43,130,0.9420289855072463,0.9492753623188406,0.3482886390407237,0.0,0.989787732811605,1.0,1.0,1.0,2.0,5.0,0.3,3,60,0.1,0.15,0.8748666666666666,0.8889723350219536,0.49666666666666665,nan
confirm_d60_redundant0.1_noise0.15,controlled_gaussian_mixture_confirmation,2,0.95,release_3,matched_kmeans,random_forest,600,60,2,138,2.1739130434782608,1.0,1,43,130,0.9420289855072463,0.9492753623188406,0.3482886390407237,0.0,0.989787732811605,1.0,1.0,1.0,2.0,5.0,0.3,3,60,0.1,0.15,0.8946722222222221,0.9042690840984269,0.5066666666666667,nan
confirm_d60_redundant0.1_noise0.15,controlled_gaussian_mixture_confirmation,2,0.99,release_1,granular_ball,logistic,600,60,2,138,2.1739130434782608,2.0,1,14,68,0.782608695652174,0.927536231884058,2.387452239654756,0.9812212514306207,0.9202898550724637,1.0,1.0,1.0,2.0,5.0,0.3,3,60,0.1,0.15,0.9715444444444444,0.97745100883335,0.8266666666666667,nan
confirm_d60_redundant0.1_noise0.15,controlled_gaussian_mixture_confirmation,2,0.99,release_1,granular_ball,random_forest,600,60,2,138,2.1739130434782608,2.0,1,14,68,0.782608695652174,0.927536231884058,2.387452239654756,0.9812212514306207,0.9202898550724637,1.0,1.0,1.0,2.0,5.0,0.3,3,60,0.1,0.15,0.9689055555555557,0.9773971581965731,0.85,nan
confirm_d60_redundant0.1_noise0.15,controlled_gaussian_mixture_confirmation,2,0.99,release_1,matched_kmeans,logistic,600,60,2,138,2.1739130434782608,1.0,1,43,130,0.9420289855072463,0.9492753623188406,0.3482886390407237,0.0,0.989787732811605,1.0,1.0,1.0,2.0,5.0,0.3,3,60,0.1,0.15,0.8775333333333334,0.8851495246450297,0.4633333333333333,nan
confirm_d60_redundant0.1_noise0.15,controlled_gaussian_mixture_confirmation,2,0.99,release_1,matched_kmeans,random_forest,600,60,2,138,2.1739130434782608,1.0,1,43,130,0.9420289855072463,0.9492753623188406,0.3482886390407237,0.0,0.989787732811605,1.0,1.0,1.0,2.0,5.0,0.3,3,60,0.1,0.15,0.9041222222222223,0.9117570374191819,0.5066666666666667,nan
confirm_d60_redundant0.1_noise0.15,controlled_gaussian_mixture_confirmation,2,0.99,release_2,granular_ball,logistic,600,60,2,138,2.1739130434782608,2.0,1,14,68,0.782608695652174,0.927536231884058,2.387452239654756,0.9812212514306207,0.9202898550724637,1.0,1.0,1.0,2.0,5.0,0.3,3,60,0.1,0.15,0.9798777777777778,0.9835763559297951,0.7966666666666666,nan
confirm_d60_redundant0.1_noise0.15,controlled_gaussian_mixture_confirmation,2,0.99,release_2,granular_ball,random_forest,600,60,2,138,2.1739130434782608,2.0,1,14,68,0.782608695652174,0.927536231884058,2.387452239654756,0.9812212514306207,0.9202898550724637,1.0,1.0,1.0,2.0,5.0,0.3,3,60,0.1,0.15,0.9792888888888889,0.984201530848419,0.88,nan
confirm_d60_redundant0.1_noise0.15,controlled_gaussian_mixture_confirmation,2,0.99,release_2,matched_kmeans,logistic,600,60,2,138,2.1739130434782608,1.0,1,43,130,0.9420289855072463,0.9492753623188406,0.3482886390407237,0.0,0.989787732811605,1.0,1.0,1.0,2.0,5.0,0.3,3,60,0.1,0.15,0.8706777777777779,0.8513384830563264,0.48333333333333334,nan
confirm_d60_redundant0.1_noise0.15,controlled_gaussian_mixture_confirmation,2,0.99,release_2,matched_kmeans,random_forest,600,60,2,138,2.1739130434782608,1.0,1,43,130,0.9420289855072463,0.9492753623188406,0.3482886390407237,0.0,0.989787732811605,1.0,1.0,1.0,2.0,5.0,0.3,3,60,0.1,0.15,0.8963333333333334,0.9054626512009266,0.51,nan
confirm_d60_redundant0.1_noise0.15,controlled_gaussian_mixture_confirmation,2,0.99,release_3,granular_ball,logistic,600,60,2,138,2.1739130434782608,2.0,1,14,68,0.782608695652174,0.927536231884058,2.387452239654756,0.9812212514306207,0.9202898550724637,1.0,1.0,1.0,2.0,5.0,0.3,3,60,0.1,0.15,0.9806111111111111,0.9840089571059907,0.7833333333333333,nan
confirm_d60_redundant0.1_noise0.15,controlled_gaussian_mixture_confirmation,2,0.99,release_3,granular_ball,random_forest,600,60,2,138,2.1739130434782608,2.0,1,14,68,0.782608695652174,0.927536231884058,2.387452239654756,0.9812212514306207,0.9202898550724637,1.0,1.0,1.0,2.0,5.0,0.3,3,60,0.1,0.15,0.9805333333333334,0.9851762159657045,0.88,nan
confirm_d60_redundant0.1_noise0.15,controlled_gaussian_mixture_confirmation,2,0.99,release_3,matched_kmeans,logistic,600,60,2,138,2.1739130434782608,1.0,1,43,130,0.9420289855072463,0.9492753623188406,0.3482886390407237,0.0,0.989787732811605,1.0,1.0,1.0,2.0,5.0,0.3,3,60,0.1,0.15,0.8748666666666666,0.8889723350219536,0.49666666666666665,nan
confirm_d60_redundant0.1_noise0.15,controlled_gaussian_mixture_confirmation,2,0.99,release_3,matched_kmeans,random_forest,600,60,2,138,2.1739130434782608,1.0,1,43,130,0.9420289855072463,0.9492753623188406,0.3482886390407237,0.0,0.989787732811605,1.0,1.0,1.0,2.0,5.0,0.3,3,60,0.1,0.15,0.8946722222222221,0.9042690840984269,0.5066666666666667,nan
confirm_d60_redundant0.1_noise0.15,controlled_gaussian_mixture_confirmation,13,0.7,release_1,granular_ball,logistic,600,60,2,12,25.0,3.0,1,110,6,0.5,0.5833333333333334,3.228670923257868,1.4468451840634136,0.9239453431558694,1.0,0.8432900432900432,1.0,2.0,5.0,0.3,3,60,0.1,0.15,0.6248555555555555,0.6275519383365713,0.04666666666666667,nan
confirm_d60_redundant0.1_noise0.15,controlled_gaussian_mixture_confirmation,13,0.7,release_1,granular_ball,random_forest,600,60,2,12,25.0,3.0,1,110,6,0.5,0.5833333333333334,3.228670923257868,1.4468451840634136,0.9239453431558694,1.0,0.8432900432900432,1.0,2.0,5.0,0.3,3,60,0.1,0.15,0.5960555555555556,0.616553458427482,0.06,nan
confirm_d60_redundant0.1_noise0.15,controlled_gaussian_mixture_confirmation,13,0.7,release_1,matched_kmeans,logistic,600,60,2,12,25.0,1.0,1,162,8,0.6666666666666666,0.8333333333333334,2.225496827087305,0.0,0.9026711331928134,1.0,0.8277439024390244,1.0,2.0,5.0,0.3,3,60,0.1,0.15,0.5447,0.5643282308060901,0.056666666666666664,nan
confirm_d60_redundant0.1_noise0.15,controlled_gaussian_mixture_confirmation,13,0.7,release_1,matched_kmeans,random_forest,600,60,2,12,25.0,1.0,1,162,8,0.6666666666666666,0.8333333333333334,2.225496827087305,0.0,0.9026711331928134,1.0,0.8277439024390244,1.0,2.0,5.0,0.3,3,60,0.1,0.15,0.5494222222222223,0.5682582011432595,0.06,nan
confirm_d60_redundant0.1_noise0.15,controlled_gaussian_mixture_confirmation,13,0.7,release_2,granular_ball,logistic,600,60,2,12,25.0,3.0,1,110,6,0.5,0.5833333333333334,3.228670923257868,1.4468451840634136,0.9239453431558694,1.0,0.8432900432900432,1.0,2.0,5.0,0.3,3,60,0.1,0.15,0.622588888888889,0.626583350863903,0.043333333333333335,nan
confirm_d60_redundant0.1_noise0.15,controlled_gaussian_mixture_confirmation,13,0.7,release_2,granular_ball,random_forest,600,60,2,12,25.0,3.0,1,110,6,0.5,0.5833333333333334,3.228670923257868,1.4468451840634136,0.9239453431558694,1.0,0.8432900432900432,1.0,2.0,5.0,0.3,3,60,0.1,0.15,0.6150277777777777,0.6352091908336677,0.07333333333333333,nan
confirm_d60_redundant0.1_noise0.15,controlled_gaussian_mixture_confirmation,13,0.7,release_2,matched_kmeans,logistic,600,60,2,12,25.0,1.0,1,162,8,0.6666666666666666,0.8333333333333334,2.225496827087305,0.0,0.9026711331928134,1.0,0.8277439024390244,1.0,2.0,5.0,0.3,3,60,0.1,0.15,0.5468666666666666,0.5744813154804262,0.06666666666666667,nan
confirm_d60_redundant0.1_noise0.15,controlled_gaussian_mixture_confirmation,13,0.7,release_2,matched_kmeans,random_forest,600,60,2,12,25.0,1.0,1,162,8,0.6666666666666666,0.8333333333333334,2.225496827087305,0.0,0.9026711331928134,1.0,0.8277439024390244,1.0,2.0,5.0,0.3,3,60,0.1,0.15,0.5715555555555556,0.5828341888674051,0.04666666666666667,nan
confirm_d60_redundant0.1_noise0.15,controlled_gaussian_mixture_confirmation,13,0.7,release_3,granular_ball,logistic,600,60,2,12,25.0,3.0,1,110,6,0.5,0.5833333333333334,3.228670923257868,1.4468451840634136,0.9239453431558694,1.0,0.8432900432900432,1.0,2.0,5.0,0.3,3,60,0.1,0.15,0.6234000000000001,0.6283795649272377,0.06,nan
confirm_d60_redundant0.1_noise0.15,controlled_gaussian_mixture_confirmation,13,0.7,release_3,granular_ball,random_forest,600,60,2,12,25.0,3.0,1,110,6,0.5,0.5833333333333334,3.228670923257868,1.4468451840634136,0.9239453431558694,1.0,0.8432900432900432,1.0,2.0,5.0,0.3,3,60,0.1,0.15,0.6189666666666667,0.6370991937874363,0.06333333333333334,nan
confirm_d60_redundant0.1_noise0.15,controlled_gaussian_mixture_confirmation,13,0.7,release_3,matched_kmeans,logistic,600,60,2,12,25.0,1.0,1,162,8,0.6666666666666666,0.8333333333333334,2.225496827087305,0.0,0.9026711331928134,1.0,0.8277439024390244,1.0,2.0,5.0,0.3,3,60,0.1,0.15,0.5355222222222222,0.5579980729511242,0.05333333333333334,nan
confirm_d60_redundant0.1_noise0.15,controlled_gaussian_mixture_confirmation,13,0.7,release_3,matched_kmeans,random_forest,600,60,2,12,25.0,1.0,1,162,8,0.6666666666666666,0.8333333333333334,2.225496827087305,0.0,0.9026711331928134,1.0,0.8277439024390244,1.0,2.0,5.0,0.3,3,60,0.1,0.15,0.5792888888888889,0.5890637935995926,0.043333333333333335,nan
confirm_d60_redundant0.1_noise0.15,controlled_gaussian_mixture_confirmation,13,0.8,release_1,granular_ball,logistic,600,60,2,20,15.0,1.0,1,110,14,0.7,0.75,1.8864746463095734,0.0,0.9584580549474166,1.0,0.9722222222222222,1.0,2.0,5.0,0.3,3,60,0.1,0.15,0.6371111111111112,0.6473484013789088,0.07333333333333333,nan
confirm_d60_redundant0.1_noise0.15,controlled_gaussian_mixture_confirmation,13,0.8,release_1,granular_ball,random_forest,600,60,2,20,15.0,1.0,1,110,14,0.7,0.75,1.8864746463095734,0.0,0.9584580549474166,1.0,0.9722222222222222,1.0,2.0,5.0,0.3,3,60,0.1,0.15,0.6074555555555556,0.6412084329849372,0.07666666666666666,nan
confirm_d60_redundant0.1_noise0.15,controlled_gaussian_mixture_confirmation,13,0.8,release_1,matched_kmeans,logistic,600,60,2,20,15.0,1.0,1,128,15,0.75,0.85,1.6658355669278258,0.0,0.9396132099824687,1.0,0.9753521126760564,1.0,2.0,5.0,0.3,3,60,0.1,0.15,0.6036222222222223,0.614402909846386,0.09333333333333334,nan
confirm_d60_redundant0.1_noise0.15,controlled_gaussian_mixture_confirmation,13,0.8,release_1,matched_kmeans,random_forest,600,60,2,20,15.0,1.0,1,128,15,0.75,0.85,1.6658355669278258,0.0,0.9396132099824687,1.0,0.9753521126760564,1.0,2.0,5.0,0.3,3,60,0.1,0.15,0.6076111111111111,0.6160530776018747,0.06,nan
confirm_d60_redundant0.1_noise0.15,controlled_gaussian_mixture_confirmation,13,0.8,release_2,granular_ball,logistic,600,60,2,20,15.0,1.0,1,110,14,0.7,0.75,1.8864746463095734,0.0,0.9584580549474166,1.0,0.9722222222222222,1.0,2.0,5.0,0.3,3,60,0.1,0.15,0.6428111111111112,0.653317128432587,0.08666666666666667,nan
confirm_d60_redundant0.1_noise0.15,controlled_gaussian_mixture_confirmation,13,0.8,release_2,granular_ball,random_forest,600,60,2,20,15.0,1.0,1,110,14,0.7,0.75,1.8864746463095734,0.0,0.9584580549474166,1.0,0.9722222222222222,1.0,2.0,5.0,0.3,3,60,0.1,0.15,0.6512666666666667,0.6757434418673282,0.08,nan
confirm_d60_redundant0.1_noise0.15,controlled_gaussian_mixture_confirmation,13,0.8,release_2,matched_kmeans,logistic,600,60,2,20,15.0,1.0,1,128,15,0.75,0.85,1.6658355669278258,0.0,0.9396132099824687,1.0,0.9753521126760564,1.0,2.0,5.0,0.3,3,60,0.1,0.15,0.5953333333333333,0.6108503244112484,0.08333333333333333,nan
confirm_d60_redundant0.1_noise0.15,controlled_gaussian_mixture_confirmation,13,0.8,release_2,matched_kmeans,random_forest,600,60,2,20,15.0,1.0,1,128,15,0.75,0.85,1.6658355669278258,0.0,0.9396132099824687,1.0,0.9753521126760564,1.0,2.0,5.0,0.3,3,60,0.1,0.15,0.5994555555555555,0.6060958219348862,0.06333333333333334,nan
confirm_d60_redundant0.1_noise0.15,controlled_gaussian_mixture_confirmation,13,0.8,release_3,granular_ball,logistic,600,60,2,20,15.0,1.0,1,110,14,0.7,0.75,1.8864746463095734,0.0,0.9584580549474166,1.0,0.9722222222222222,1.0,2.0,5.0,0.3,3,60,0.1,0.15,0.6415777777777778,0.6551601044908826,0.10666666666666667,nan
confirm_d60_redundant0.1_noise0.15,controlled_gaussian_mixture_confirmation,13,0.8,release_3,granular_ball,random_forest,600,60,2,20,15.0,1.0,1,110,14,0.7,0.75,1.8864746463095734,0.0,0.9584580549474166,1.0,0.9722222222222222,1.0,2.0,5.0,0.3,3,60,0.1,0.15,0.6616555555555556,0.6774840085038139,0.08,nan
confirm_d60_redundant0.1_noise0.15,controlled_gaussian_mixture_confirmation,13,0.8,release_3,matched_kmeans,logistic,600,60,2,20,15.0,1.0,1,128,15,0.75,0.85,1.6658355669278258,0.0,0.9396132099824687,1.0,0.9753521126760564,1.0,2.0,5.0,0.3,3,60,0.1,0.15,0.5871333333333334,0.6003654364066693,0.07666666666666666,nan
confirm_d60_redundant0.1_noise0.15,controlled_gaussian_mixture_confirmation,13,0.8,release_3,matched_kmeans,random_forest,600,60,2,20,15.0,1.0,1,128,15,0.75,0.85,1.6658355669278258,0.0,0.9396132099824687,1.0,0.9753521126760564,1.0,2.0,5.0,0.3,3,60,0.1,0.15,0.5970222222222222,0.6118678518440448,0.07,nan
confirm_d60_redundant0.1_noise0.15,controlled_gaussian_mixture_confirmation,13,0.9,release_1,granular_ball,logistic,600,60,2,110,2.727272727272727,2.0,1,42,53,0.8181818181818182,0.9181818181818182,2.648320326333339,1.0363018111401565,0.9222865013774105,1.0,1.0,1.0,2.0,5.0,0.3,3,60,0.1,0.15,0.9279666666666667,0.9375018699924396,0.5833333333333334,nan
confirm_d60_redundant0.1_noise0.15,controlled_gaussian_mixture_confirmation,13,0.9,release_1,granular_ball,random_forest,600,60,2,110,2.727272727272727,2.0,1,42,53,0.8181818181818182,0.9181818181818182,2.648320326333339,1.0363018111401565,0.9222865013774105,1.0,1.0,1.0,2.0,5.0,0.3,3,60,0.1,0.15,0.9328666666666666,0.9448458349266975,0.6566666666666666,nan
confirm_d60_redundant0.1_noise0.15,controlled_gaussian_mixture_confirmation,13,0.9,release_1,matched_kmeans,logistic,600,60,2,110,2.727272727272727,1.0,1,66,101,0.9363636363636364,0.9454545454545454,0.47552477586581243,0.0,0.9817875180375181,1.0,1.0,1.0,2.0,5.0,0.3,3,60,0.1,0.15,0.8276111111111111,0.8437620499994994,0.37333333333333335,nan
confirm_d60_redundant0.1_noise0.15,controlled_gaussian_mixture_confirmation,13,0.9,release_1,matched_kmeans,random_forest,600,60,2,110,2.727272727272727,1.0,1,66,101,0.9363636363636364,0.9454545454545454,0.47552477586581243,0.0,0.9817875180375181,1.0,1.0,1.0,2.0,5.0,0.3,3,60,0.1,0.15,0.8537,0.87572089403791,0.38,nan
confirm_d60_redundant0.1_noise0.15,controlled_gaussian_mixture_confirmation,13,0.9,release_2,granular_ball,logistic,600,60,2,110,2.727272727272727,2.0,1,42,53,0.8181818181818182,0.9181818181818182,2.648320326333339,1.0363018111401565,0.9222865013774105,1.0,1.0,1.0,2.0,5.0,0.3,3,60,0.1,0.15,0.9311555555555556,0.9420569695520532,0.58,nan
confirm_d60_redundant0.1_noise0.15,controlled_gaussian_mixture_confirmation,13,0.9,release_2,granular_ball,random_forest,600,60,2,110,2.727272727272727,2.0,1,42,53,0.8181818181818182,0.9181818181818182,2.648320326333339,1.0363018111401565,0.9222865013774105,1.0,1.0,1.0,2.0,5.0,0.3,3,60,0.1,0.15,0.9396722222222221,0.9481958231154777,0.6333333333333333,nan
confirm_d60_redundant0.1_noise0.15,controlled_gaussian_mixture_confirmation,13,0.9,release_2,matched_kmeans,logistic,600,60,2,110,2.727272727272727,1.0,1,66,101,0.9363636363636364,0.9454545454545454,0.47552477586581243,0.0,0.9817875180375181,1.0,1.0,1.0,2.0,5.0,0.3,3,60,0.1,0.15,0.8216111111111111,0.840996167861412,0.38,nan
confirm_d60_redundant0.1_noise0.15,controlled_gaussian_mixture_confirmation,13,0.9,release_2,matched_kmeans,random_forest,600,60,2,110,2.727272727272727,1.0,1,66,101,0.9363636363636364,0.9454545454545454,0.47552477586581243,0.0,0.9817875180375181,1.0,1.0,1.0,2.0,5.0,0.3,3,60,0.1,0.15,0.8493388888888891,0.8697473064911738,0.36333333333333334,nan
confirm_d60_redundant0.1_noise0.15,controlled_gaussian_mixture_confirmation,13,0.9,release_3,granular_ball,logistic,600,60,2,110,2.727272727272727,2.0,1,42,53,0.8181818181818182,0.9181818181818182,2.648320326333339,1.0363018111401565,0.9222865013774105,1.0,1.0,1.0,2.0,5.0,0.3,3,60,0.1,0.15,0.9322555555555555,0.9446073298560558,0.6333333333333333,nan
confirm_d60_redundant0.1_noise0.15,controlled_gaussian_mixture_confirmation,13,0.9,release_3,granular_ball,random_forest,600,60,2,110,2.727272727272727,2.0,1,42,53,0.8181818181818182,0.9181818181818182,2.648320326333339,1.0363018111401565,0.9222865013774105,1.0,1.0,1.0,2.0,5.0,0.3,3,60,0.1,0.15,0.9400055555555555,0.9490786970687551,0.6566666666666666,nan
confirm_d60_redundant0.1_noise0.15,controlled_gaussian_mixture_confirmation,13,0.9,release_3,matched_kmeans,logistic,600,60,2,110,2.727272727272727,1.0,1,66,101,0.9363636363636364,0.9454545454545454,0.47552477586581243,0.0,0.9817875180375181,1.0,1.0,1.0,2.0,5.0,0.3,3,60,0.1,0.15,0.823,0.8428414301224383,0.39,nan
confirm_d60_redundant0.1_noise0.15,controlled_gaussian_mixture_confirmation,13,0.9,release_3,matched_kmeans,random_forest,600,60,2,110,2.727272727272727,1.0,1,66,101,0.9363636363636364,0.9454545454545454,0.47552477586581243,0.0,0.9817875180375181,1.0,1.0,1.0,2.0,5.0,0.3,3,60,0.1,0.15,0.8478666666666665,0.8668513636480513,0.37666666666666665,nan
confirm_d60_redundant0.1_noise0.15,controlled_gaussian_mixture_confirmation,13,0.95,release_1,granular_ball,logistic,600,60,2,143,2.097902097902098,2.0,1,15,69,0.8321678321678322,0.9440559440559441,2.4074589998959386,0.9894248788447216,0.9195804195804196,1.0,1.0,1.0,2.0,5.0,0.3,3,60,0.1,0.15,0.977,0.9818528906812517,0.8766666666666667,nan
confirm_d60_redundant0.1_noise0.15,controlled_gaussian_mixture_confirmation,13,0.95,release_1,granular_ball,random_forest,600,60,2,143,2.097902097902098,2.0,1,15,69,0.8321678321678322,0.9440559440559441,2.4074589998959386,0.9894248788447216,0.9195804195804196,1.0,1.0,1.0,2.0,5.0,0.3,3,60,0.1,0.15,0.974138888888889,0.9799691059736445,0.8633333333333333,nan
confirm_d60_redundant0.1_noise0.15,controlled_gaussian_mixture_confirmation,13,0.95,release_1,matched_kmeans,logistic,600,60,2,143,2.097902097902098,1.0,1,63,135,0.958041958041958,0.958041958041958,0.3109274172260255,0.0,0.9832713794661423,1.0,1.0,1.0,2.0,5.0,0.3,3,60,0.1,0.15,0.8715222222222221,0.8839611417245602,0.4766666666666667,nan
confirm_d60_redundant0.1_noise0.15,controlled_gaussian_mixture_confirmation,13,0.95,release_1,matched_kmeans,random_forest,600,60,2,143,2.097902097902098,1.0,1,63,135,0.958041958041958,0.958041958041958,0.3109274172260255,0.0,0.9832713794661423,1.0,1.0,1.0,2.0,5.0,0.3,3,60,0.1,0.15,0.9040111111111111,0.9158051971818406,0.4866666666666667,nan
confirm_d60_redundant0.1_noise0.15,controlled_gaussian_mixture_confirmation,13,0.95,release_2,granular_ball,logistic,600,60,2,143,2.097902097902098,2.0,1,15,69,0.8321678321678322,0.9440559440559441,2.4074589998959386,0.9894248788447216,0.9195804195804196,1.0,1.0,1.0,2.0,5.0,0.3,3,60,0.1,0.15,0.9818777777777778,0.9862127317943639,0.8766666666666667,nan
confirm_d60_redundant0.1_noise0.15,controlled_gaussian_mixture_confirmation,13,0.95,release_2,granular_ball,random_forest,600,60,2,143,2.097902097902098,2.0,1,15,69,0.8321678321678322,0.9440559440559441,2.4074589998959386,0.9894248788447216,0.9195804195804196,1.0,1.0,1.0,2.0,5.0,0.3,3,60,0.1,0.15,0.9843500000000001,0.9866472447975156,0.8566666666666667,nan
confirm_d60_redundant0.1_noise0.15,controlled_gaussian_mixture_confirmation,13,0.95,release_2,matched_kmeans,logistic,600,60,2,143,2.097902097902098,1.0,1,63,135,0.958041958041958,0.958041958041958,0.3109274172260255,0.0,0.9832713794661423,1.0,1.0,1.0,2.0,5.0,0.3,3,60,0.1,0.15,0.8805111111111111,0.8917491687600659,0.4766666666666667,nan
confirm_d60_redundant0.1_noise0.15,controlled_gaussian_mixture_confirmation,13,0.95,release_2,matched_kmeans,random_forest,600,60,2,143,2.097902097902098,1.0,1,63,135,0.958041958041958,0.958041958041958,0.3109274172260255,0.0,0.9832713794661423,1.0,1.0,1.0,2.0,5.0,0.3,3,60,0.1,0.15,0.8997666666666666,0.9131377574108686,0.5333333333333333,nan
confirm_d60_redundant0.1_noise0.15,controlled_gaussian_mixture_confirmation,13,0.95,release_3,granular_ball,logistic,600,60,2,143,2.097902097902098,2.0,1,15,69,0.8321678321678322,0.9440559440559441,2.4074589998959386,0.9894248788447216,0.9195804195804196,1.0,1.0,1.0,2.0,5.0,0.3,3,60,0.1,0.15,0.9812666666666666,0.9856472515522,0.8766666666666667,nan
confirm_d60_redundant0.1_noise0.15,controlled_gaussian_mixture_confirmation,13,0.95,release_3,granular_ball,random_forest,600,60,2,143,2.097902097902098,2.0,1,15,69,0.8321678321678322,0.9440559440559441,2.4074589998959386,0.9894248788447216,0.9195804195804196,1.0,1.0,1.0,2.0,5.0,0.3,3,60,0.1,0.15,0.9846222222222223,0.9866451565447214,0.8533333333333334,nan
confirm_d60_redundant0.1_noise0.15,controlled_gaussian_mixture_confirmation,13,0.95,release_3,matched_kmeans,logistic,600,60,2,143,2.097902097902098,1.0,1,63,135,0.958041958041958,0.958041958041958,0.3109274172260255,0.0,0.9832713794661423,1.0,1.0,1.0,2.0,5.0,0.3,3,60,0.1,0.15,0.8786666666666667,0.8910927985271759,0.48,nan
confirm_d60_redundant0.1_noise0.15,controlled_gaussian_mixture_confirmation,13,0.95,release_3,matched_kmeans,random_forest,600,60,2,143,2.097902097902098,1.0,1,63,135,0.958041958041958,0.958041958041958,0.3109274172260255,0.0,0.9832713794661423,1.0,1.0,1.0,2.0,5.0,0.3,3,60,0.1,0.15,0.9003444444444444,0.9139569397288294,0.55,nan
confirm_d60_redundant0.1_noise0.15,controlled_gaussian_mixture_confirmation,13,0.99,release_1,granular_ball,logistic,600,60,2,143,2.097902097902098,2.0,1,15,69,0.8321678321678322,0.9440559440559441,2.4074589998959386,0.9894248788447216,0.9195804195804196,1.0,1.0,1.0,2.0,5.0,0.3,3,60,0.1,0.15,0.977,0.9818528906812517,0.8766666666666667,nan
confirm_d60_redundant0.1_noise0.15,controlled_gaussian_mixture_confirmation,13,0.99,release_1,granular_ball,random_forest,600,60,2,143,2.097902097902098,2.0,1,15,69,0.8321678321678322,0.9440559440559441,2.4074589998959386,0.9894248788447216,0.9195804195804196,1.0,1.0,1.0,2.0,5.0,0.3,3,60,0.1,0.15,0.974138888888889,0.9799691059736445,0.8633333333333333,nan
confirm_d60_redundant0.1_noise0.15,controlled_gaussian_mixture_confirmation,13,0.99,release_1,matched_kmeans,logistic,600,60,2,143,2.097902097902098,1.0,1,63,135,0.958041958041958,0.958041958041958,0.3109274172260255,0.0,0.9832713794661423,1.0,1.0,1.0,2.0,5.0,0.3,3,60,0.1,0.15,0.8715222222222221,0.8839611417245602,0.4766666666666667,nan
confirm_d60_redundant0.1_noise0.15,controlled_gaussian_mixture_confirmation,13,0.99,release_1,matched_kmeans,random_forest,600,60,2,143,2.097902097902098,1.0,1,63,135,0.958041958041958,0.958041958041958,0.3109274172260255,0.0,0.9832713794661423,1.0,1.0,1.0,2.0,5.0,0.3,3,60,0.1,0.15,0.9040111111111111,0.9158051971818406,0.4866666666666667,nan
confirm_d60_redundant0.1_noise0.15,controlled_gaussian_mixture_confirmation,13,0.99,release_2,granular_ball,logistic,600,60,2,143,2.097902097902098,2.0,1,15,69,0.8321678321678322,0.9440559440559441,2.4074589998959386,0.9894248788447216,0.9195804195804196,1.0,1.0,1.0,2.0,5.0,0.3,3,60,0.1,0.15,0.9818777777777778,0.9862127317943639,0.8766666666666667,nan
confirm_d60_redundant0.1_noise0.15,controlled_gaussian_mixture_confirmation,13,0.99,release_2,granular_ball,random_forest,600,60,2,143,2.097902097902098,2.0,1,15,69,0.8321678321678322,0.9440559440559441,2.4074589998959386,0.9894248788447216,0.9195804195804196,1.0,1.0,1.0,2.0,5.0,0.3,3,60,0.1,0.15,0.9843500000000001,0.9866472447975156,0.8566666666666667,nan
confirm_d60_redundant0.1_noise0.15,controlled_gaussian_mixture_confirmation,13,0.99,release_2,matched_kmeans,logistic,600,60,2,143,2.097902097902098,1.0,1,63,135,0.958041958041958,0.958041958041958,0.3109274172260255,0.0,0.9832713794661423,1.0,1.0,1.0,2.0,5.0,0.3,3,60,0.1,0.15,0.8805111111111111,0.8917491687600659,0.4766666666666667,nan
confirm_d60_redundant0.1_noise0.15,controlled_gaussian_mixture_confirmation,13,0.99,release_2,matched_kmeans,random_forest,600,60,2,143,2.097902097902098,1.0,1,63,135,0.958041958041958,0.958041958041958,0.3109274172260255,0.0,0.9832713794661423,1.0,1.0,1.0,2.0,5.0,0.3,3,60,0.1,0.15,0.8997666666666666,0.9131377574108686,0.5333333333333333,nan
confirm_d60_redundant0.1_noise0.15,controlled_gaussian_mixture_confirmation,13,0.99,release_3,granular_ball,logistic,600,60,2,143,2.097902097902098,2.0,1,15,69,0.8321678321678322,0.9440559440559441,2.4074589998959386,0.9894248788447216,0.9195804195804196,1.0,1.0,1.0,2.0,5.0,0.3,3,60,0.1,0.15,0.9812666666666666,0.9856472515522,0.8766666666666667,nan
confirm_d60_redundant0.1_noise0.15,controlled_gaussian_mixture_confirmation,13,0.99,release_3,granular_ball,random_forest,600,60,2,143,2.097902097902098,2.0,1,15,69,0.8321678321678322,0.9440559440559441,2.4074589998959386,0.9894248788447216,0.9195804195804196,1.0,1.0,1.0,2.0,5.0,0.3,3,60,0.1,0.15,0.9846222222222223,0.9866451565447214,0.8533333333333334,nan
confirm_d60_redundant0.1_noise0.15,controlled_gaussian_mixture_confirmation,13,0.99,release_3,matched_kmeans,logistic,600,60,2,143,2.097902097902098,1.0,1,63,135,0.958041958041958,0.958041958041958,0.3109274172260255,0.0,0.9832713794661423,1.0,1.0,1.0,2.0,5.0,0.3,3,60,0.1,0.15,0.8786666666666667,0.8910927985271759,0.48,nan
confirm_d60_redundant0.1_noise0.15,controlled_gaussian_mixture_confirmation,13,0.99,release_3,matched_kmeans,random_forest,600,60,2,143,2.097902097902098,1.0,1,63,135,0.958041958041958,0.958041958041958,0.3109274172260255,0.0,0.9832713794661423,1.0,1.0,1.0,2.0,5.0,0.3,3,60,0.1,0.15,0.9003444444444444,0.9139569397288294,0.55,nan
confirm_d60_redundant0.1_noise0.15,controlled_gaussian_mixture_confirmation,73,0.7,release_1,granular_ball,logistic,600,60,2,21,14.285714285714286,1.0,1,98,12,0.5714285714285714,0.7142857142857143,2.77079204051877,0.0,0.9316523282084507,1.0,0.8615384615384616,1.0,2.0,5.0,0.3,3,60,0.1,0.15,0.6793222222222223,0.7056882099050399,0.12666666666666668,nan
confirm_d60_redundant0.1_noise0.15,controlled_gaussian_mixture_confirmation,73,0.7,release_1,granular_ball,random_forest,600,60,2,21,14.285714285714286,1.0,1,98,12,0.5714285714285714,0.7142857142857143,2.77079204051877,0.0,0.9316523282084507,1.0,0.8615384615384616,1.0,2.0,5.0,0.3,3,60,0.1,0.15,0.6740222222222222,0.705657956608928,0.13,nan
confirm_d60_redundant0.1_noise0.15,controlled_gaussian_mixture_confirmation,73,0.7,release_1,matched_kmeans,logistic,600,60,2,21,14.285714285714286,1.0,1,78,15,0.7619047619047619,0.7619047619047619,1.904613248169606,0.0,0.9349816849816849,1.0,1.0,1.0,2.0,5.0,0.3,3,60,0.1,0.15,0.6839888888888889,0.6977764786864721,0.12666666666666668,nan
confirm_d60_redundant0.1_noise0.15,controlled_gaussian_mixture_confirmation,73,0.7,release_1,matched_kmeans,random_forest,600,60,2,21,14.285714285714286,1.0,1,78,15,0.7619047619047619,0.7619047619047619,1.904613248169606,0.0,0.9349816849816849,1.0,1.0,1.0,2.0,5.0,0.3,3,60,0.1,0.15,0.7260722222222222,0.7410114852765002,0.15666666666666668,nan
confirm_d60_redundant0.1_noise0.15,controlled_gaussian_mixture_confirmation,73,0.7,release_2,granular_ball,logistic,600,60,2,21,14.285714285714286,1.0,1,98,12,0.5714285714285714,0.7142857142857143,2.77079204051877,0.0,0.9316523282084507,1.0,0.8615384615384616,1.0,2.0,5.0,0.3,3,60,0.1,0.15,0.7221333333333333,0.7300490735533783,0.09333333333333334,nan
confirm_d60_redundant0.1_noise0.15,controlled_gaussian_mixture_confirmation,73,0.7,release_2,granular_ball,random_forest,600,60,2,21,14.285714285714286,1.0,1,98,12,0.5714285714285714,0.7142857142857143,2.77079204051877,0.0,0.9316523282084507,1.0,0.8615384615384616,1.0,2.0,5.0,0.3,3,60,0.1,0.15,0.7011444444444445,0.7087764227054998,0.13,nan
confirm_d60_redundant0.1_noise0.15,controlled_gaussian_mixture_confirmation,73,0.7,release_2,matched_kmeans,logistic,600,60,2,21,14.285714285714286,1.0,1,78,15,0.7619047619047619,0.7619047619047619,1.904613248169606,0.0,0.9349816849816849,1.0,1.0,1.0,2.0,5.0,0.3,3,60,0.1,0.15,0.6900444444444445,0.7111156327913573,0.12,nan
confirm_d60_redundant0.1_noise0.15,controlled_gaussian_mixture_confirmation,73,0.7,release_2,matched_kmeans,random_forest,600,60,2,21,14.285714285714286,1.0,1,78,15,0.7619047619047619,0.7619047619047619,1.904613248169606,0.0,0.9349816849816849,1.0,1.0,1.0,2.0,5.0,0.3,3,60,0.1,0.15,0.7041333333333333,0.7193296691117981,0.09666666666666666,nan
confirm_d60_redundant0.1_noise0.15,controlled_gaussian_mixture_confirmation,73,0.7,release_3,granular_ball,logistic,600,60,2,21,14.285714285714286,1.0,1,98,12,0.5714285714285714,0.7142857142857143,2.77079204051877,0.0,0.9316523282084507,1.0,0.8615384615384616,1.0,2.0,5.0,0.3,3,60,0.1,0.15,0.7284777777777777,0.7452290389017522,0.09,nan
confirm_d60_redundant0.1_noise0.15,controlled_gaussian_mixture_confirmation,73,0.7,release_3,granular_ball,random_forest,600,60,2,21,14.285714285714286,1.0,1,98,12,0.5714285714285714,0.7142857142857143,2.77079204051877,0.0,0.9316523282084507,1.0,0.8615384615384616,1.0,2.0,5.0,0.3,3,60,0.1,0.15,0.7084999999999999,0.7141387141279533,0.10333333333333333,nan
confirm_d60_redundant0.1_noise0.15,controlled_gaussian_mixture_confirmation,73,0.7,release_3,matched_kmeans,logistic,600,60,2,21,14.285714285714286,1.0,1,78,15,0.7619047619047619,0.7619047619047619,1.904613248169606,0.0,0.9349816849816849,1.0,1.0,1.0,2.0,5.0,0.3,3,60,0.1,0.15,0.6970777777777779,0.7184563438861717,0.10666666666666667,nan
confirm_d60_redundant0.1_noise0.15,controlled_gaussian_mixture_confirmation,73,0.7,release_3,matched_kmeans,random_forest,600,60,2,21,14.285714285714286,1.0,1,78,15,0.7619047619047619,0.7619047619047619,1.904613248169606,0.0,0.9349816849816849,1.0,1.0,1.0,2.0,5.0,0.3,3,60,0.1,0.15,0.69475,0.7185103133205502,0.13333333333333333,nan
confirm_d60_redundant0.1_noise0.15,controlled_gaussian_mixture_confirmation,73,0.8,release_1,granular_ball,logistic,600,60,2,63,4.761904761904762,1.0,1,65,35,0.7301587301587301,0.8571428571428571,2.3697952215319007,0.0,0.9457819184009659,1.0,1.0,1.0,2.0,5.0,0.3,3,60,0.1,0.15,0.8319333333333333,0.8570752310739074,0.36333333333333334,nan
confirm_d60_redundant0.1_noise0.15,controlled_gaussian_mixture_confirmation,73,0.8,release_1,granular_ball,random_forest,600,60,2,63,4.761904761904762,1.0,1,65,35,0.7301587301587301,0.8571428571428571,2.3697952215319007,0.0,0.9457819184009659,1.0,1.0,1.0,2.0,5.0,0.3,3,60,0.1,0.15,0.8173611111111112,0.847592884296591,0.37333333333333335,nan
confirm_d60_redundant0.1_noise0.15,controlled_gaussian_mixture_confirmation,73,0.8,release_1,matched_kmeans,logistic,600,60,2,63,4.761904761904762,1.0,1,72,55,0.8888888888888888,0.8888888888888888,0.841567522725496,0.0,0.9668586540402709,1.0,1.0,1.0,2.0,5.0,0.3,3,60,0.1,0.15,0.7703111111111112,0.7834756586459357,0.19,nan
confirm_d60_redundant0.1_noise0.15,controlled_gaussian_mixture_confirmation,73,0.8,release_1,matched_kmeans,random_forest,600,60,2,63,4.761904761904762,1.0,1,72,55,0.8888888888888888,0.8888888888888888,0.841567522725496,0.0,0.9668586540402709,1.0,1.0,1.0,2.0,5.0,0.3,3,60,0.1,0.15,0.7887333333333333,0.8085954617608033,0.28,nan
confirm_d60_redundant0.1_noise0.15,controlled_gaussian_mixture_confirmation,73,0.8,release_2,granular_ball,logistic,600,60,2,63,4.761904761904762,1.0,1,65,35,0.7301587301587301,0.8571428571428571,2.3697952215319007,0.0,0.9457819184009659,1.0,1.0,1.0,2.0,5.0,0.3,3,60,0.1,0.15,0.8476,0.8666926988357362,0.33,nan
confirm_d60_redundant0.1_noise0.15,controlled_gaussian_mixture_confirmation,73,0.8,release_2,granular_ball,random_forest,600,60,2,63,4.761904761904762,1.0,1,65,35,0.7301587301587301,0.8571428571428571,2.3697952215319007,0.0,0.9457819184009659,1.0,1.0,1.0,2.0,5.0,0.3,3,60,0.1,0.15,0.8457333333333333,0.8656055184627997,0.3466666666666667,nan
confirm_d60_redundant0.1_noise0.15,controlled_gaussian_mixture_confirmation,73,0.8,release_2,matched_kmeans,logistic,600,60,2,63,4.761904761904762,1.0,1,72,55,0.8888888888888888,0.8888888888888888,0.841567522725496,0.0,0.9668586540402709,1.0,1.0,1.0,2.0,5.0,0.3,3,60,0.1,0.15,0.7693000000000001,0.7739419747398202,0.22,nan
confirm_d60_redundant0.1_noise0.15,controlled_gaussian_mixture_confirmation,73,0.8,release_2,matched_kmeans,random_forest,600,60,2,63,4.761904761904762,1.0,1,72,55,0.8888888888888888,0.8888888888888888,0.841567522725496,0.0,0.9668586540402709,1.0,1.0,1.0,2.0,5.0,0.3,3,60,0.1,0.15,0.7814611111111112,0.8120800117558984,0.30666666666666664,nan
confirm_d60_redundant0.1_noise0.15,controlled_gaussian_mixture_confirmation,73,0.8,release_3,granular_ball,logistic,600,60,2,63,4.761904761904762,1.0,1,65,35,0.7301587301587301,0.8571428571428571,2.3697952215319007,0.0,0.9457819184009659,1.0,1.0,1.0,2.0,5.0,0.3,3,60,0.1,0.15,0.8480333333333333,0.8662687703085689,0.3466666666666667,nan
confirm_d60_redundant0.1_noise0.15,controlled_gaussian_mixture_confirmation,73,0.8,release_3,granular_ball,random_forest,600,60,2,63,4.761904761904762,1.0,1,65,35,0.7301587301587301,0.8571428571428571,2.3697952215319007,0.0,0.9457819184009659,1.0,1.0,1.0,2.0,5.0,0.3,3,60,0.1,0.15,0.8437777777777778,0.8639417193940855,0.35333333333333333,nan
confirm_d60_redundant0.1_noise0.15,controlled_gaussian_mixture_confirmation,73,0.8,release_3,matched_kmeans,logistic,600,60,2,63,4.761904761904762,1.0,1,72,55,0.8888888888888888,0.8888888888888888,0.841567522725496,0.0,0.9668586540402709,1.0,1.0,1.0,2.0,5.0,0.3,3,60,0.1,0.15,0.7643444444444443,0.770714439002784,0.21666666666666667,nan
confirm_d60_redundant0.1_noise0.15,controlled_gaussian_mixture_confirmation,73,0.8,release_3,matched_kmeans,random_forest,600,60,2,63,4.761904761904762,1.0,1,72,55,0.8888888888888888,0.8888888888888888,0.841567522725496,0.0,0.9668586540402709,1.0,1.0,1.0,2.0,5.0,0.3,3,60,0.1,0.15,0.782,0.8122697082416992,0.31333333333333335,nan
confirm_d60_redundant0.1_noise0.15,controlled_gaussian_mixture_confirmation,73,0.9,release_1,granular_ball,logistic,600,60,2,134,2.2388059701492535,1.0,1,18,72,0.8134328358208955,0.9402985074626866,2.17276181748914,0.0,0.9443279844728484,1.0,1.0,1.0,2.0,5.0,0.3,3,60,0.1,0.15,0.9584999999999999,0.9683068064082978,0.7833333333333333,nan
confirm_d60_redundant0.1_noise0.15,controlled_gaussian_mixture_confirmation,73,0.9,release_1,granular_ball,random_forest,600,60,2,134,2.2388059701492535,1.0,1,18,72,0.8134328358208955,0.9402985074626866,2.17276181748914,0.0,0.9443279844728484,1.0,1.0,1.0,2.0,5.0,0.3,3,60,0.1,0.15,0.9640444444444445,0.9713365971342668,0.7933333333333333,nan
confirm_d60_redundant0.1_noise0.15,controlled_gaussian_mixture_confirmation,73,0.9,release_1,matched_kmeans,logistic,600,60,2,134,2.2388059701492535,1.0,1,46,126,0.9402985074626866,0.9402985074626866,0.3546088183278957,0.0,0.985890799769655,1.0,1.0,1.0,2.0,5.0,0.3,3,60,0.1,0.15,0.8653000000000001,0.8757958977135227,0.44333333333333336,nan
confirm_d60_redundant0.1_noise0.15,controlled_gaussian_mixture_confirmation,73,0.9,release_1,matched_kmeans,random_forest,600,60,2,134,2.2388059701492535,1.0,1,46,126,0.9402985074626866,0.9402985074626866,0.3546088183278957,0.0,0.985890799769655,1.0,1.0,1.0,2.0,5.0,0.3,3,60,0.1,0.15,0.8857055555555555,0.8988850545373845,0.4866666666666667,nan
confirm_d60_redundant0.1_noise0.15,controlled_gaussian_mixture_confirmation,73,0.9,release_2,granular_ball,logistic,600,60,2,134,2.2388059701492535,1.0,1,18,72,0.8134328358208955,0.9402985074626866,2.17276181748914,0.0,0.9443279844728484,1.0,1.0,1.0,2.0,5.0,0.3,3,60,0.1,0.15,0.9781777777777777,0.9809816234439547,0.7933333333333333,nan
confirm_d60_redundant0.1_noise0.15,controlled_gaussian_mixture_confirmation,73,0.9,release_2,granular_ball,random_forest,600,60,2,134,2.2388059701492535,1.0,1,18,72,0.8134328358208955,0.9402985074626866,2.17276181748914,0.0,0.9443279844728484,1.0,1.0,1.0,2.0,5.0,0.3,3,60,0.1,0.15,0.9747444444444445,0.9789469289573478,0.78,nan
confirm_d60_redundant0.1_noise0.15,controlled_gaussian_mixture_confirmation,73,0.9,release_2,matched_kmeans,logistic,600,60,2,134,2.2388059701492535,1.0,1,46,126,0.9402985074626866,0.9402985074626866,0.3546088183278957,0.0,0.985890799769655,1.0,1.0,1.0,2.0,5.0,0.3,3,60,0.1,0.15,0.8767444444444445,0.8936573690793236,0.48,nan
confirm_d60_redundant0.1_noise0.15,controlled_gaussian_mixture_confirmation,73,0.9,release_2,matched_kmeans,random_forest,600,60,2,134,2.2388059701492535,1.0,1,46,126,0.9402985074626866,0.9402985074626866,0.3546088183278957,0.0,0.985890799769655,1.0,1.0,1.0,2.0,5.0,0.3,3,60,0.1,0.15,0.8855222222222223,0.9018488506354785,0.5533333333333333,nan
confirm_d60_redundant0.1_noise0.15,controlled_gaussian_mixture_confirmation,73,0.9,release_3,granular_ball,logistic,600,60,2,134,2.2388059701492535,1.0,1,18,72,0.8134328358208955,0.9402985074626866,2.17276181748914,0.0,0.9443279844728484,1.0,1.0,1.0,2.0,5.0,0.3,3,60,0.1,0.15,0.9759777777777777,0.9789938053298116,0.7433333333333333,nan
confirm_d60_redundant0.1_noise0.15,controlled_gaussian_mixture_confirmation,73,0.9,release_3,granular_ball,random_forest,600,60,2,134,2.2388059701492535,1.0,1,18,72,0.8134328358208955,0.9402985074626866,2.17276181748914,0.0,0.9443279844728484,1.0,1.0,1.0,2.0,5.0,0.3,3,60,0.1,0.15,0.974988888888889,0.9793071198452149,0.7866666666666666,nan
confirm_d60_redundant0.1_noise0.15,controlled_gaussian_mixture_confirmation,73,0.9,release_3,matched_kmeans,logistic,600,60,2,134,2.2388059701492535,1.0,1,46,126,0.9402985074626866,0.9402985074626866,0.3546088183278957,0.0,0.985890799769655,1.0,1.0,1.0,2.0,5.0,0.3,3,60,0.1,0.15,0.8748888888888889,0.891240847156962,0.4633333333333333,nan
confirm_d60_redundant0.1_noise0.15,controlled_gaussian_mixture_confirmation,73,0.9,release_3,matched_kmeans,random_forest,600,60,2,134,2.2388059701492535,1.0,1,46,126,0.9402985074626866,0.9402985074626866,0.3546088183278957,0.0,0.985890799769655,1.0,1.0,1.0,2.0,5.0,0.3,3,60,0.1,0.15,0.8865777777777779,0.9018135514146328,0.53,nan
confirm_d60_redundant0.1_noise0.15,controlled_gaussian_mixture_confirmation,73,0.95,release_1,granular_ball,logistic,600,60,2,157,1.910828025477707,1.0,1,10,81,0.8089171974522293,0.9617834394904459,2.2732083121763123,0.0,0.945859872611465,1.0,1.0,1.0,2.0,5.0,0.3,3,60,0.1,0.15,0.9912888888888888,0.9937769722058308,0.95,nan
confirm_d60_redundant0.1_noise0.15,controlled_gaussian_mixture_confirmation,73,0.95,release_1,granular_ball,random_forest,600,60,2,157,1.910828025477707,1.0,1,10,81,0.8089171974522293,0.9617834394904459,2.2732083121763123,0.0,0.945859872611465,1.0,1.0,1.0,2.0,5.0,0.3,3,60,0.1,0.15,0.9909,0.9935233324147719,0.9666666666666667,nan
confirm_d60_redundant0.1_noise0.15,controlled_gaussian_mixture_confirmation,73,0.95,release_1,matched_kmeans,logistic,600,60,2,157,1.910828025477707,1.0,1,61,150,0.9554140127388535,0.9554140127388535,0.2693726692023638,0.0,0.9912264356714602,1.0,1.0,1.0,2.0,5.0,0.3,3,60,0.1,0.15,0.8939555555555556,0.9035295469977263,0.52,nan
confirm_d60_redundant0.1_noise0.15,controlled_gaussian_mixture_confirmation,73,0.95,release_1,matched_kmeans,random_forest,600,60,2,157,1.910828025477707,1.0,1,61,150,0.9554140127388535,0.9554140127388535,0.2693726692023638,0.0,0.9912264356714602,1.0,1.0,1.0,2.0,5.0,0.3,3,60,0.1,0.15,0.9030444444444443,0.9174856553874616,0.5833333333333334,nan
confirm_d60_redundant0.1_noise0.15,controlled_gaussian_mixture_confirmation,73,0.95,release_2,granular_ball,logistic,600,60,2,157,1.910828025477707,1.0,1,10,81,0.8089171974522293,0.9617834394904459,2.2732083121763123,0.0,0.945859872611465,1.0,1.0,1.0,2.0,5.0,0.3,3,60,0.1,0.15,0.9973333333333333,0.9973894122338053,0.9466666666666667,nan
confirm_d60_redundant0.1_noise0.15,controlled_gaussian_mixture_confirmation,73,0.95,release_2,granular_ball,random_forest,600,60,2,157,1.910828025477707,1.0,1,10,81,0.8089171974522293,0.9617834394904459,2.2732083121763123,0.0,0.945859872611465,1.0,1.0,1.0,2.0,5.0,0.3,3,60,0.1,0.15,0.9978777777777779,0.9980053093518696,0.96,nan
confirm_d60_redundant0.1_noise0.15,controlled_gaussian_mixture_confirmation,73,0.95,release_2,matched_kmeans,logistic,600,60,2,157,1.910828025477707,1.0,1,61,150,0.9554140127388535,0.9554140127388535,0.2693726692023638,0.0,0.9912264356714602,1.0,1.0,1.0,2.0,5.0,0.3,3,60,0.1,0.15,0.9001111111111111,0.9087703350376855,0.5266666666666666,nan
confirm_d60_redundant0.1_noise0.15,controlled_gaussian_mixture_confirmation,73,0.95,release_2,matched_kmeans,random_forest,600,60,2,157,1.910828025477707,1.0,1,61,150,0.9554140127388535,0.9554140127388535,0.2693726692023638,0.0,0.9912264356714602,1.0,1.0,1.0,2.0,5.0,0.3,3,60,0.1,0.15,0.9011,0.9155752429105415,0.5766666666666667,nan
confirm_d60_redundant0.1_noise0.15,controlled_gaussian_mixture_confirmation,73,0.95,release_3,granular_ball,logistic,600,60,2,157,1.910828025477707,1.0,1,10,81,0.8089171974522293,0.9617834394904459,2.2732083121763123,0.0,0.945859872611465,1.0,1.0,1.0,2.0,5.0,0.3,3,60,0.1,0.15,0.9967444444444444,0.9967676773888253,0.9333333333333333,nan
confirm_d60_redundant0.1_noise0.15,controlled_gaussian_mixture_confirmation,73,0.95,release_3,granular_ball,random_forest,600,60,2,157,1.910828025477707,1.0,1,10,81,0.8089171974522293,0.9617834394904459,2.2732083121763123,0.0,0.945859872611465,1.0,1.0,1.0,2.0,5.0,0.3,3,60,0.1,0.15,0.9978444444444444,0.9979612596887917,0.9533333333333334,nan
confirm_d60_redundant0.1_noise0.15,controlled_gaussian_mixture_confirmation,73,0.95,release_3,matched_kmeans,logistic,600,60,2,157,1.910828025477707,1.0,1,61,150,0.9554140127388535,0.9554140127388535,0.2693726692023638,0.0,0.9912264356714602,1.0,1.0,1.0,2.0,5.0,0.3,3,60,0.1,0.15,0.8995666666666666,0.9104775166000808,0.5333333333333333,nan
confirm_d60_redundant0.1_noise0.15,controlled_gaussian_mixture_confirmation,73,0.95,release_3,matched_kmeans,random_forest,600,60,2,157,1.910828025477707,1.0,1,61,150,0.9554140127388535,0.9554140127388535,0.2693726692023638,0.0,0.9912264356714602,1.0,1.0,1.0,2.0,5.0,0.3,3,60,0.1,0.15,0.898888888888889,0.9137101300379628,0.5733333333333334,nan
confirm_d60_redundant0.1_noise0.15,controlled_gaussian_mixture_confirmation,73,0.99,release_1,granular_ball,logistic,600,60,2,157,1.910828025477707,1.0,1,10,81,0.8089171974522293,0.9617834394904459,2.2732083121763123,0.0,0.945859872611465,1.0,1.0,1.0,2.0,5.0,0.3,3,60,0.1,0.15,0.9912888888888888,0.9937769722058308,0.95,nan
confirm_d60_redundant0.1_noise0.15,controlled_gaussian_mixture_confirmation,73,0.99,release_1,granular_ball,random_forest,600,60,2,157,1.910828025477707,1.0,1,10,81,0.8089171974522293,0.9617834394904459,2.2732083121763123,0.0,0.945859872611465,1.0,1.0,1.0,2.0,5.0,0.3,3,60,0.1,0.15,0.9909,0.9935233324147719,0.9666666666666667,nan
confirm_d60_redundant0.1_noise0.15,controlled_gaussian_mixture_confirmation,73,0.99,release_1,matched_kmeans,logistic,600,60,2,157,1.910828025477707,1.0,1,61,150,0.9554140127388535,0.9554140127388535,0.2693726692023638,0.0,0.9912264356714602,1.0,1.0,1.0,2.0,5.0,0.3,3,60,0.1,0.15,0.8939555555555556,0.9035295469977263,0.52,nan
confirm_d60_redundant0.1_noise0.15,controlled_gaussian_mixture_confirmation,73,0.99,release_1,matched_kmeans,random_forest,600,60,2,157,1.910828025477707,1.0,1,61,150,0.9554140127388535,0.9554140127388535,0.2693726692023638,0.0,0.9912264356714602,1.0,1.0,1.0,2.0,5.0,0.3,3,60,0.1,0.15,0.9030444444444443,0.9174856553874616,0.5833333333333334,nan
confirm_d60_redundant0.1_noise0.15,controlled_gaussian_mixture_confirmation,73,0.99,release_2,granular_ball,logistic,600,60,2,157,1.910828025477707,1.0,1,10,81,0.8089171974522293,0.9617834394904459,2.2732083121763123,0.0,0.945859872611465,1.0,1.0,1.0,2.0,5.0,0.3,3,60,0.1,0.15,0.9973333333333333,0.9973894122338053,0.9466666666666667,nan
confirm_d60_redundant0.1_noise0.15,controlled_gaussian_mixture_confirmation,73,0.99,release_2,granular_ball,random_forest,600,60,2,157,1.910828025477707,1.0,1,10,81,0.8089171974522293,0.9617834394904459,2.2732083121763123,0.0,0.945859872611465,1.0,1.0,1.0,2.0,5.0,0.3,3,60,0.1,0.15,0.9978777777777779,0.9980053093518696,0.96,nan
confirm_d60_redundant0.1_noise0.15,controlled_gaussian_mixture_confirmation,73,0.99,release_2,matched_kmeans,logistic,600,60,2,157,1.910828025477707,1.0,1,61,150,0.9554140127388535,0.9554140127388535,0.2693726692023638,0.0,0.9912264356714602,1.0,1.0,1.0,2.0,5.0,0.3,3,60,0.1,0.15,0.9001111111111111,0.9087703350376855,0.5266666666666666,nan
confirm_d60_redundant0.1_noise0.15,controlled_gaussian_mixture_confirmation,73,0.99,release_2,matched_kmeans,random_forest,600,60,2,157,1.910828025477707,1.0,1,61,150,0.9554140127388535,0.9554140127388535,0.2693726692023638,0.0,0.9912264356714602,1.0,1.0,1.0,2.0,5.0,0.3,3,60,0.1,0.15,0.9011,0.9155752429105415,0.5766666666666667,nan
confirm_d60_redundant0.1_noise0.15,controlled_gaussian_mixture_confirmation,73,0.99,release_3,granular_ball,logistic,600,60,2,157,1.910828025477707,1.0,1,10,81,0.8089171974522293,0.9617834394904459,2.2732083121763123,0.0,0.945859872611465,1.0,1.0,1.0,2.0,5.0,0.3,3,60,0.1,0.15,0.9967444444444444,0.9967676773888253,0.9333333333333333,nan
confirm_d60_redundant0.1_noise0.15,controlled_gaussian_mixture_confirmation,73,0.99,release_3,granular_ball,random_forest,600,60,2,157,1.910828025477707,1.0,1,10,81,0.8089171974522293,0.9617834394904459,2.2732083121763123,0.0,0.945859872611465,1.0,1.0,1.0,2.0,5.0,0.3,3,60,0.1,0.15,0.9978444444444444,0.9979612596887917,0.9533333333333334,nan
confirm_d60_redundant0.1_noise0.15,controlled_gaussian_mixture_confirmation,73,0.99,release_3,matched_kmeans,logistic,600,60,2,157,1.910828025477707,1.0,1,61,150,0.9554140127388535,0.9554140127388535,0.2693726692023638,0.0,0.9912264356714602,1.0,1.0,1.0,2.0,5.0,0.3,3,60,0.1,0.15,0.8995666666666666,0.9104775166000808,0.5333333333333333,nan
confirm_d60_redundant0.1_noise0.15,controlled_gaussian_mixture_confirmation,73,0.99,release_3,matched_kmeans,random_forest,600,60,2,157,1.910828025477707,1.0,1,61,150,0.9554140127388535,0.9554140127388535,0.2693726692023638,0.0,0.9912264356714602,1.0,1.0,1.0,2.0,5.0,0.3,3,60,0.1,0.15,0.898888888888889,0.9137101300379628,0.5733333333333334,nan
confirm_d60_redundant0.1_noise0.15,controlled_gaussian_mixture_confirmation,314,0.7,release_1,granular_ball,logistic,600,60,2,47,6.382978723404255,1.0,1,44,37,0.8297872340425532,0.8297872340425532,1.3160828284318904,0.0,0.9566553439387904,1.0,1.0,1.0,2.0,5.0,0.3,3,60,0.1,0.15,0.706188888888889,0.7299551489607327,0.20666666666666667,nan
confirm_d60_redundant0.1_noise0.15,controlled_gaussian_mixture_confirmation,314,0.7,release_1,granular_ball,random_forest,600,60,2,47,6.382978723404255,1.0,1,44,37,0.8297872340425532,0.8297872340425532,1.3160828284318904,0.0,0.9566553439387904,1.0,1.0,1.0,2.0,5.0,0.3,3,60,0.1,0.15,0.7007666666666666,0.7392688016096695,0.21333333333333335,nan
confirm_d60_redundant0.1_noise0.15,controlled_gaussian_mixture_confirmation,314,0.7,release_1,matched_kmeans,logistic,600,60,2,47,6.382978723404255,1.0,1,76,39,0.851063829787234,0.851063829787234,1.1722944661481975,0.0,0.964218874359755,1.0,1.0,1.0,2.0,5.0,0.3,3,60,0.1,0.15,0.6991222222222222,0.7090853075927452,0.14666666666666667,nan
confirm_d60_redundant0.1_noise0.15,controlled_gaussian_mixture_confirmation,314,0.7,release_1,matched_kmeans,random_forest,600,60,2,47,6.382978723404255,1.0,1,76,39,0.851063829787234,0.851063829787234,1.1722944661481975,0.0,0.964218874359755,1.0,1.0,1.0,2.0,5.0,0.3,3,60,0.1,0.15,0.7420222222222222,0.7566103546025924,0.14,nan
confirm_d60_redundant0.1_noise0.15,controlled_gaussian_mixture_confirmation,314,0.7,release_2,granular_ball,logistic,600,60,2,47,6.382978723404255,1.0,1,44,37,0.8297872340425532,0.8297872340425532,1.3160828284318904,0.0,0.9566553439387904,1.0,1.0,1.0,2.0,5.0,0.3,3,60,0.1,0.15,0.6984888888888888,0.719917598177595,0.21333333333333335,nan
confirm_d60_redundant0.1_noise0.15,controlled_gaussian_mixture_confirmation,314,0.7,release_2,granular_ball,random_forest,600,60,2,47,6.382978723404255,1.0,1,44,37,0.8297872340425532,0.8297872340425532,1.3160828284318904,0.0,0.9566553439387904,1.0,1.0,1.0,2.0,5.0,0.3,3,60,0.1,0.15,0.7204666666666667,0.7466421056070605,0.20333333333333334,nan
confirm_d60_redundant0.1_noise0.15,controlled_gaussian_mixture_confirmation,314,0.7,release_2,matched_kmeans,logistic,600,60,2,47,6.382978723404255,1.0,1,76,39,0.851063829787234,0.851063829787234,1.1722944661481975,0.0,0.964218874359755,1.0,1.0,1.0,2.0,5.0,0.3,3,60,0.1,0.15,0.6833222222222222,0.7098769298650599,0.16666666666666666,nan
confirm_d60_redundant0.1_noise0.15,controlled_gaussian_mixture_confirmation,314,0.7,release_2,matched_kmeans,random_forest,600,60,2,47,6.382978723404255,1.0,1,76,39,0.851063829787234,0.851063829787234,1.1722944661481975,0.0,0.964218874359755,1.0,1.0,1.0,2.0,5.0,0.3,3,60,0.1,0.15,0.7364722222222222,0.7465457975440027,0.14,nan
confirm_d60_redundant0.1_noise0.15,controlled_gaussian_mixture_confirmation,314,0.7,release_3,granular_ball,logistic,600,60,2,47,6.382978723404255,1.0,1,44,37,0.8297872340425532,0.8297872340425532,1.3160828284318904,0.0,0.9566553439387904,1.0,1.0,1.0,2.0,5.0,0.3,3,60,0.1,0.15,0.6967111111111112,0.7184269202753866,0.20333333333333334,nan
confirm_d60_redundant0.1_noise0.15,controlled_gaussian_mixture_confirmation,314,0.7,release_3,granular_ball,random_forest,600,60,2,47,6.382978723404255,1.0,1,44,37,0.8297872340425532,0.8297872340425532,1.3160828284318904,0.0,0.9566553439387904,1.0,1.0,1.0,2.0,5.0,0.3,3,60,0.1,0.15,0.7229222222222222,0.7415997657594309,0.17666666666666667,nan
confirm_d60_redundant0.1_noise0.15,controlled_gaussian_mixture_confirmation,314,0.7,release_3,matched_kmeans,logistic,600,60,2,47,6.382978723404255,1.0,1,76,39,0.851063829787234,0.851063829787234,1.1722944661481975,0.0,0.964218874359755,1.0,1.0,1.0,2.0,5.0,0.3,3,60,0.1,0.15,0.680911111111111,0.7105024760860053,0.15,nan
confirm_d60_redundant0.1_noise0.15,controlled_gaussian_mixture_confirmation,314,0.7,release_3,matched_kmeans,random_forest,600,60,2,47,6.382978723404255,1.0,1,76,39,0.851063829787234,0.851063829787234,1.1722944661481975,0.0,0.964218874359755,1.0,1.0,1.0,2.0,5.0,0.3,3,60,0.1,0.15,0.7385833333333334,0.7507420512101771,0.14666666666666667,nan
confirm_d60_redundant0.1_noise0.15,controlled_gaussian_mixture_confirmation,314,0.8,release_1,granular_ball,logistic,600,60,2,83,3.6144578313253013,1.0,1,44,64,0.8554216867469879,0.9036144578313253,1.2583063112884973,0.0,0.9685542243451298,1.0,1.0,1.0,2.0,5.0,0.3,3,60,0.1,0.15,0.7963777777777779,0.8185741408613041,0.35333333333333333,nan
confirm_d60_redundant0.1_noise0.15,controlled_gaussian_mixture_confirmation,314,0.8,release_1,granular_ball,random_forest,600,60,2,83,3.6144578313253013,1.0,1,44,64,0.8554216867469879,0.9036144578313253,1.2583063112884973,0.0,0.9685542243451298,1.0,1.0,1.0,2.0,5.0,0.3,3,60,0.1,0.15,0.7785,0.810146787517116,0.31666666666666665,nan
confirm_d60_redundant0.1_noise0.15,controlled_gaussian_mixture_confirmation,314,0.8,release_1,matched_kmeans,logistic,600,60,2,83,3.6144578313253013,1.0,1,80,75,0.9156626506024096,0.927710843373494,0.6228072311333557,0.0,0.9813135600874261,1.0,1.0,1.0,2.0,5.0,0.3,3,60,0.1,0.15,0.7537,0.7687515234970856,0.27666666666666667,nan
confirm_d60_redundant0.1_noise0.15,controlled_gaussian_mixture_confirmation,314,0.8,release_1,matched_kmeans,random_forest,600,60,2,83,3.6144578313253013,1.0,1,80,75,0.9156626506024096,0.927710843373494,0.6228072311333557,0.0,0.9813135600874261,1.0,1.0,1.0,2.0,5.0,0.3,3,60,0.1,0.15,0.8246666666666667,0.8446120440022853,0.36,nan
confirm_d60_redundant0.1_noise0.15,controlled_gaussian_mixture_confirmation,314,0.8,release_2,granular_ball,logistic,600,60,2,83,3.6144578313253013,1.0,1,44,64,0.8554216867469879,0.9036144578313253,1.2583063112884973,0.0,0.9685542243451298,1.0,1.0,1.0,2.0,5.0,0.3,3,60,0.1,0.15,0.7993666666666667,0.8261914503029169,0.38333333333333336,nan
confirm_d60_redundant0.1_noise0.15,controlled_gaussian_mixture_confirmation,314,0.8,release_2,granular_ball,random_forest,600,60,2,83,3.6144578313253013,1.0,1,44,64,0.8554216867469879,0.9036144578313253,1.2583063112884973,0.0,0.9685542243451298,1.0,1.0,1.0,2.0,5.0,0.3,3,60,0.1,0.15,0.8044777777777778,0.8224436342096515,0.31666666666666665,nan
confirm_d60_redundant0.1_noise0.15,controlled_gaussian_mixture_confirmation,314,0.8,release_2,matched_kmeans,logistic,600,60,2,83,3.6144578313253013,1.0,1,80,75,0.9156626506024096,0.927710843373494,0.6228072311333557,0.0,0.9813135600874261,1.0,1.0,1.0,2.0,5.0,0.3,3,60,0.1,0.15,0.7450111111111112,0.7634240482099777,0.27666666666666667,nan
confirm_d60_redundant0.1_noise0.15,controlled_gaussian_mixture_confirmation,314,0.8,release_2,matched_kmeans,random_forest,600,60,2,83,3.6144578313253013,1.0,1,80,75,0.9156626506024096,0.927710843373494,0.6228072311333557,0.0,0.9813135600874261,1.0,1.0,1.0,2.0,5.0,0.3,3,60,0.1,0.15,0.820388888888889,0.8426013842165179,0.31666666666666665,nan
confirm_d60_redundant0.1_noise0.15,controlled_gaussian_mixture_confirmation,314,0.8,release_3,granular_ball,logistic,600,60,2,83,3.6144578313253013,1.0,1,44,64,0.8554216867469879,0.9036144578313253,1.2583063112884973,0.0,0.9685542243451298,1.0,1.0,1.0,2.0,5.0,0.3,3,60,0.1,0.15,0.7993111111111111,0.8254616466525232,0.36666666666666664,nan
confirm_d60_redundant0.1_noise0.15,controlled_gaussian_mixture_confirmation,314,0.8,release_3,granular_ball,random_forest,600,60,2,83,3.6144578313253013,1.0,1,44,64,0.8554216867469879,0.9036144578313253,1.2583063112884973,0.0,0.9685542243451298,1.0,1.0,1.0,2.0,5.0,0.3,3,60,0.1,0.15,0.8054611111111112,0.8224811922909769,0.29,nan
confirm_d60_redundant0.1_noise0.15,controlled_gaussian_mixture_confirmation,314,0.8,release_3,matched_kmeans,logistic,600,60,2,83,3.6144578313253013,1.0,1,80,75,0.9156626506024096,0.927710843373494,0.6228072311333557,0.0,0.9813135600874261,1.0,1.0,1.0,2.0,5.0,0.3,3,60,0.1,0.15,0.725388888888889,0.750699604542625,0.27666666666666667,nan
confirm_d60_redundant0.1_noise0.15,controlled_gaussian_mixture_confirmation,314,0.8,release_3,matched_kmeans,random_forest,600,60,2,83,3.6144578313253013,1.0,1,80,75,0.9156626506024096,0.927710843373494,0.6228072311333557,0.0,0.9813135600874261,1.0,1.0,1.0,2.0,5.0,0.3,3,60,0.1,0.15,0.8196222222222223,0.843993873947178,0.36,nan
confirm_d60_redundant0.1_noise0.15,controlled_gaussian_mixture_confirmation,314,0.9,release_1,granular_ball,logistic,600,60,2,116,2.586206896551724,1.0,1,44,76,0.8362068965517241,0.9396551724137931,1.6631740888392699,0.0,0.950494470099587,1.0,1.0,1.0,2.0,5.0,0.3,3,60,0.1,0.15,0.8826444444444446,0.9000321118928066,0.49666666666666665,nan
confirm_d60_redundant0.1_noise0.15,controlled_gaussian_mixture_confirmation,314,0.9,release_1,granular_ball,random_forest,600,60,2,116,2.586206896551724,1.0,1,44,76,0.8362068965517241,0.9396551724137931,1.6631740888392699,0.0,0.950494470099587,1.0,1.0,1.0,2.0,5.0,0.3,3,60,0.1,0.15,0.8814555555555557,0.9055798846681935,0.4866666666666667,nan
confirm_d60_redundant0.1_noise0.15,controlled_gaussian_mixture_confirmation,314,0.9,release_1,matched_kmeans,logistic,600,60,2,116,2.586206896551724,1.0,1,51,108,0.9396551724137931,0.9396551724137931,0.40775707368085323,0.0,0.9837020088122478,1.0,1.0,1.0,2.0,5.0,0.3,3,60,0.1,0.15,0.8142555555555555,0.8283256627947543,0.37666666666666665,nan
confirm_d60_redundant0.1_noise0.15,controlled_gaussian_mixture_confirmation,314,0.9,release_1,matched_kmeans,random_forest,600,60,2,116,2.586206896551724,1.0,1,51,108,0.9396551724137931,0.9396551724137931,0.40775707368085323,0.0,0.9837020088122478,1.0,1.0,1.0,2.0,5.0,0.3,3,60,0.1,0.15,0.8524555555555555,0.8715273952158291,0.43,nan
confirm_d60_redundant0.1_noise0.15,controlled_gaussian_mixture_confirmation,314,0.9,release_2,granular_ball,logistic,600,60,2,116,2.586206896551724,1.0,1,44,76,0.8362068965517241,0.9396551724137931,1.6631740888392699,0.0,0.950494470099587,1.0,1.0,1.0,2.0,5.0,0.3,3,60,0.1,0.15,0.8935111111111111,0.9068462444763925,0.54,nan
confirm_d60_redundant0.1_noise0.15,controlled_gaussian_mixture_confirmation,314,0.9,release_2,granular_ball,random_forest,600,60,2,116,2.586206896551724,1.0,1,44,76,0.8362068965517241,0.9396551724137931,1.6631740888392699,0.0,0.950494470099587,1.0,1.0,1.0,2.0,5.0,0.3,3,60,0.1,0.15,0.9053111111111112,0.9204528168251777,0.5233333333333333,nan
confirm_d60_redundant0.1_noise0.15,controlled_gaussian_mixture_confirmation,314,0.9,release_2,matched_kmeans,logistic,600,60,2,116,2.586206896551724,1.0,1,51,108,0.9396551724137931,0.9396551724137931,0.40775707368085323,0.0,0.9837020088122478,1.0,1.0,1.0,2.0,5.0,0.3,3,60,0.1,0.15,0.8027555555555557,0.8253224722646066,0.39,nan
confirm_d60_redundant0.1_noise0.15,controlled_gaussian_mixture_confirmation,314,0.9,release_2,matched_kmeans,random_forest,600,60,2,116,2.586206896551724,1.0,1,51,108,0.9396551724137931,0.9396551724137931,0.40775707368085323,0.0,0.9837020088122478,1.0,1.0,1.0,2.0,5.0,0.3,3,60,0.1,0.15,0.8530111111111112,0.8744777684733949,0.4633333333333333,nan
confirm_d60_redundant0.1_noise0.15,controlled_gaussian_mixture_confirmation,314,0.9,release_3,granular_ball,logistic,600,60,2,116,2.586206896551724,1.0,1,44,76,0.8362068965517241,0.9396551724137931,1.6631740888392699,0.0,0.950494470099587,1.0,1.0,1.0,2.0,5.0,0.3,3,60,0.1,0.15,0.898411111111111,0.9127816138984679,0.5766666666666667,nan
confirm_d60_redundant0.1_noise0.15,controlled_gaussian_mixture_confirmation,314,0.9,release_3,granular_ball,random_forest,600,60,2,116,2.586206896551724,1.0,1,44,76,0.8362068965517241,0.9396551724137931,1.6631740888392699,0.0,0.950494470099587,1.0,1.0,1.0,2.0,5.0,0.3,3,60,0.1,0.15,0.9074222222222222,0.9213032300859961,0.51,nan
confirm_d60_redundant0.1_noise0.15,controlled_gaussian_mixture_confirmation,314,0.9,release_3,matched_kmeans,logistic,600,60,2,116,2.586206896551724,1.0,1,51,108,0.9396551724137931,0.9396551724137931,0.40775707368085323,0.0,0.9837020088122478,1.0,1.0,1.0,2.0,5.0,0.3,3,60,0.1,0.15,0.8053111111111111,0.8276669959256078,0.39,nan
confirm_d60_redundant0.1_noise0.15,controlled_gaussian_mixture_confirmation,314,0.9,release_3,matched_kmeans,random_forest,600,60,2,116,2.586206896551724,1.0,1,51,108,0.9396551724137931,0.9396551724137931,0.40775707368085323,0.0,0.9837020088122478,1.0,1.0,1.0,2.0,5.0,0.3,3,60,0.1,0.15,0.8535444444444444,0.87508317005734,0.45666666666666667,nan
confirm_d60_redundant0.1_noise0.15,controlled_gaussian_mixture_confirmation,314,0.95,release_1,granular_ball,logistic,600,60,2,133,2.255639097744361,1.0,1,31,83,0.8045112781954887,0.9398496240601504,1.8994121583973744,0.0,0.9512401074370515,1.0,1.0,1.0,2.0,5.0,0.3,3,60,0.1,0.15,0.9325888888888889,0.9380576837946564,0.5966666666666667,nan
confirm_d60_redundant0.1_noise0.15,controlled_gaussian_mixture_confirmation,314,0.95,release_1,granular_ball,random_forest,600,60,2,133,2.255639097744361,1.0,1,31,83,0.8045112781954887,0.9398496240601504,1.8994121583973744,0.0,0.9512401074370515,1.0,1.0,1.0,2.0,5.0,0.3,3,60,0.1,0.15,0.9404666666666668,0.948960670871741,0.6033333333333334,nan
confirm_d60_redundant0.1_noise0.15,controlled_gaussian_mixture_confirmation,314,0.95,release_1,matched_kmeans,logistic,600,60,2,133,2.255639097744361,1.0,1,51,126,0.9473684210526315,0.9473684210526315,0.3139553614143798,0.0,0.9857175678322003,1.0,1.0,1.0,2.0,5.0,0.3,3,60,0.1,0.15,0.8344666666666667,0.8492668562312449,0.43333333333333335,nan
confirm_d60_redundant0.1_noise0.15,controlled_gaussian_mixture_confirmation,314,0.95,release_1,matched_kmeans,random_forest,600,60,2,133,2.255639097744361,1.0,1,51,126,0.9473684210526315,0.9473684210526315,0.3139553614143798,0.0,0.9857175678322003,1.0,1.0,1.0,2.0,5.0,0.3,3,60,0.1,0.15,0.8767666666666667,0.8919811888804317,0.51,nan
confirm_d60_redundant0.1_noise0.15,controlled_gaussian_mixture_confirmation,314,0.95,release_2,granular_ball,logistic,600,60,2,133,2.255639097744361,1.0,1,31,83,0.8045112781954887,0.9398496240601504,1.8994121583973744,0.0,0.9512401074370515,1.0,1.0,1.0,2.0,5.0,0.3,3,60,0.1,0.15,0.9348555555555556,0.9416572107591512,0.59,nan
confirm_d60_redundant0.1_noise0.15,controlled_gaussian_mixture_confirmation,314,0.95,release_2,granular_ball,random_forest,600,60,2,133,2.255639097744361,1.0,1,31,83,0.8045112781954887,0.9398496240601504,1.8994121583973744,0.0,0.9512401074370515,1.0,1.0,1.0,2.0,5.0,0.3,3,60,0.1,0.15,0.9474111111111112,0.953347402277144,0.64,nan
confirm_d60_redundant0.1_noise0.15,controlled_gaussian_mixture_confirmation,314,0.95,release_2,matched_kmeans,logistic,600,60,2,133,2.255639097744361,1.0,1,51,126,0.9473684210526315,0.9473684210526315,0.3139553614143798,0.0,0.9857175678322003,1.0,1.0,1.0,2.0,5.0,0.3,3,60,0.1,0.15,0.8318444444444446,0.8515333313451204,0.45,nan
confirm_d60_redundant0.1_noise0.15,controlled_gaussian_mixture_confirmation,314,0.95,release_2,matched_kmeans,random_forest,600,60,2,133,2.255639097744361,1.0,1,51,126,0.9473684210526315,0.9473684210526315,0.3139553614143798,0.0,0.9857175678322003,1.0,1.0,1.0,2.0,5.0,0.3,3,60,0.1,0.15,0.8650777777777778,0.8808200292587794,0.49,nan
confirm_d60_redundant0.1_noise0.15,controlled_gaussian_mixture_confirmation,314,0.95,release_3,granular_ball,logistic,600,60,2,133,2.255639097744361,1.0,1,31,83,0.8045112781954887,0.9398496240601504,1.8994121583973744,0.0,0.9512401074370515,1.0,1.0,1.0,2.0,5.0,0.3,3,60,0.1,0.15,0.9348444444444445,0.9444767206953376,0.6533333333333333,nan
confirm_d60_redundant0.1_noise0.15,controlled_gaussian_mixture_confirmation,314,0.95,release_3,granular_ball,random_forest,600,60,2,133,2.255639097744361,1.0,1,31,83,0.8045112781954887,0.9398496240601504,1.8994121583973744,0.0,0.9512401074370515,1.0,1.0,1.0,2.0,5.0,0.3,3,60,0.1,0.15,0.94645,0.9535652148908303,0.6433333333333333,nan
confirm_d60_redundant0.1_noise0.15,controlled_gaussian_mixture_confirmation,314,0.95,release_3,matched_kmeans,logistic,600,60,2,133,2.255639097744361,1.0,1,51,126,0.9473684210526315,0.9473684210526315,0.3139553614143798,0.0,0.9857175678322003,1.0,1.0,1.0,2.0,5.0,0.3,3,60,0.1,0.15,0.8258222222222222,0.8478281817752417,0.43666666666666665,nan
confirm_d60_redundant0.1_noise0.15,controlled_gaussian_mixture_confirmation,314,0.95,release_3,matched_kmeans,random_forest,600,60,2,133,2.255639097744361,1.0,1,51,126,0.9473684210526315,0.9473684210526315,0.3139553614143798,0.0,0.9857175678322003,1.0,1.0,1.0,2.0,5.0,0.3,3,60,0.1,0.15,0.8588555555555557,0.8764312106143438,0.49666666666666665,nan
confirm_d60_redundant0.1_noise0.15,controlled_gaussian_mixture_confirmation,314,0.99,release_1,granular_ball,logistic,600,60,2,133,2.255639097744361,1.0,1,31,83,0.8045112781954887,0.9398496240601504,1.8994121583973744,0.0,0.9512401074370515,1.0,1.0,1.0,2.0,5.0,0.3,3,60,0.1,0.15,0.9325888888888889,0.9380576837946564,0.5966666666666667,nan
confirm_d60_redundant0.1_noise0.15,controlled_gaussian_mixture_confirmation,314,0.99,release_1,granular_ball,random_forest,600,60,2,133,2.255639097744361,1.0,1,31,83,0.8045112781954887,0.9398496240601504,1.8994121583973744,0.0,0.9512401074370515,1.0,1.0,1.0,2.0,5.0,0.3,3,60,0.1,0.15,0.9404666666666668,0.948960670871741,0.6033333333333334,nan
confirm_d60_redundant0.1_noise0.15,controlled_gaussian_mixture_confirmation,314,0.99,release_1,matched_kmeans,logistic,600,60,2,133,2.255639097744361,1.0,1,51,126,0.9473684210526315,0.9473684210526315,0.3139553614143798,0.0,0.9857175678322003,1.0,1.0,1.0,2.0,5.0,0.3,3,60,0.1,0.15,0.8344666666666667,0.8492668562312449,0.43333333333333335,nan
confirm_d60_redundant0.1_noise0.15,controlled_gaussian_mixture_confirmation,314,0.99,release_1,matched_kmeans,random_forest,600,60,2,133,2.255639097744361,1.0,1,51,126,0.9473684210526315,0.9473684210526315,0.3139553614143798,0.0,0.9857175678322003,1.0,1.0,1.0,2.0,5.0,0.3,3,60,0.1,0.15,0.8767666666666667,0.8919811888804317,0.51,nan
confirm_d60_redundant0.1_noise0.15,controlled_gaussian_mixture_confirmation,314,0.99,release_2,granular_ball,logistic,600,60,2,133,2.255639097744361,1.0,1,31,83,0.8045112781954887,0.9398496240601504,1.8994121583973744,0.0,0.9512401074370515,1.0,1.0,1.0,2.0,5.0,0.3,3,60,0.1,0.15,0.9348555555555556,0.9416572107591512,0.59,nan
confirm_d60_redundant0.1_noise0.15,controlled_gaussian_mixture_confirmation,314,0.99,release_2,granular_ball,random_forest,600,60,2,133,2.255639097744361,1.0,1,31,83,0.8045112781954887,0.9398496240601504,1.8994121583973744,0.0,0.9512401074370515,1.0,1.0,1.0,2.0,5.0,0.3,3,60,0.1,0.15,0.9474111111111112,0.953347402277144,0.64,nan
confirm_d60_redundant0.1_noise0.15,controlled_gaussian_mixture_confirmation,314,0.99,release_2,matched_kmeans,logistic,600,60,2,133,2.255639097744361,1.0,1,51,126,0.9473684210526315,0.9473684210526315,0.3139553614143798,0.0,0.9857175678322003,1.0,1.0,1.0,2.0,5.0,0.3,3,60,0.1,0.15,0.8318444444444446,0.8515333313451204,0.45,nan
confirm_d60_redundant0.1_noise0.15,controlled_gaussian_mixture_confirmation,314,0.99,release_2,matched_kmeans,random_forest,600,60,2,133,2.255639097744361,1.0,1,51,126,0.9473684210526315,0.9473684210526315,0.3139553614143798,0.0,0.9857175678322003,1.0,1.0,1.0,2.0,5.0,0.3,3,60,0.1,0.15,0.8650777777777778,0.8808200292587794,0.49,nan
confirm_d60_redundant0.1_noise0.15,controlled_gaussian_mixture_confirmation,314,0.99,release_3,granular_ball,logistic,600,60,2,133,2.255639097744361,1.0,1,31,83,0.8045112781954887,0.9398496240601504,1.8994121583973744,0.0,0.9512401074370515,1.0,1.0,1.0,2.0,5.0,0.3,3,60,0.1,0.15,0.9348444444444445,0.9444767206953376,0.6533333333333333,nan
confirm_d60_redundant0.1_noise0.15,controlled_gaussian_mixture_confirmation,314,0.99,release_3,granular_ball,random_forest,600,60,2,133,2.255639097744361,1.0,1,31,83,0.8045112781954887,0.9398496240601504,1.8994121583973744,0.0,0.9512401074370515,1.0,1.0,1.0,2.0,5.0,0.3,3,60,0.1,0.15,0.94645,0.9535652148908303,0.6433333333333333,nan
confirm_d60_redundant0.1_noise0.15,controlled_gaussian_mixture_confirmation,314,0.99,release_3,matched_kmeans,logistic,600,60,2,133,2.255639097744361,1.0,1,51,126,0.9473684210526315,0.9473684210526315,0.3139553614143798,0.0,0.9857175678322003,1.0,1.0,1.0,2.0,5.0,0.3,3,60,0.1,0.15,0.8258222222222222,0.8478281817752417,0.43666666666666665,nan
confirm_d60_redundant0.1_noise0.15,controlled_gaussian_mixture_confirmation,314,0.99,release_3,matched_kmeans,random_forest,600,60,2,133,2.255639097744361,1.0,1,51,126,0.9473684210526315,0.9473684210526315,0.3139553614143798,0.0,0.9857175678322003,1.0,1.0,1.0,2.0,5.0,0.3,3,60,0.1,0.15,0.8588555555555557,0.8764312106143438,0.49666666666666665,nan
confirm_d60_redundant0.1_noise0.15,controlled_gaussian_mixture_confirmation,808,0.7,release_1,granular_ball,logistic,600,60,2,12,25.0,1.0,1,66,7,0.5833333333333334,0.5833333333333334,2.7557672839345297,0.0,0.9234878160534779,1.0,0.8795454545454546,1.0,2.0,5.0,0.3,3,60,0.1,0.15,0.6507000000000001,0.6399729947721113,0.05,nan
confirm_d60_redundant0.1_noise0.15,controlled_gaussian_mixture_confirmation,808,0.7,release_1,granular_ball,random_forest,600,60,2,12,25.0,1.0,1,66,7,0.5833333333333334,0.5833333333333334,2.7557672839345297,0.0,0.9234878160534779,1.0,0.8795454545454546,1.0,2.0,5.0,0.3,3,60,0.1,0.15,0.5741555555555555,0.5896782597070276,0.05,nan
confirm_d60_redundant0.1_noise0.15,controlled_gaussian_mixture_confirmation,808,0.7,release_1,matched_kmeans,logistic,600,60,2,12,25.0,1.0,1,162,10,0.8333333333333334,0.8333333333333334,1.1516882191545885,0.0,0.9391557355967078,1.0,1.0,1.0,2.0,5.0,0.3,3,60,0.1,0.15,0.6187,0.6315816634817244,0.07333333333333333,nan
confirm_d60_redundant0.1_noise0.15,controlled_gaussian_mixture_confirmation,808,0.7,release_1,matched_kmeans,random_forest,600,60,2,12,25.0,1.0,1,162,10,0.8333333333333334,0.8333333333333334,1.1516882191545885,0.0,0.9391557355967078,1.0,1.0,1.0,2.0,5.0,0.3,3,60,0.1,0.15,0.5846777777777779,0.5832081281350522,0.043333333333333335,nan
confirm_d60_redundant0.1_noise0.15,controlled_gaussian_mixture_confirmation,808,0.7,release_2,granular_ball,logistic,600,60,2,12,25.0,1.0,1,66,7,0.5833333333333334,0.5833333333333334,2.7557672839345297,0.0,0.9234878160534779,1.0,0.8795454545454546,1.0,2.0,5.0,0.3,3,60,0.1,0.15,0.6370777777777779,0.6345780522053317,0.06333333333333334,nan
confirm_d60_redundant0.1_noise0.15,controlled_gaussian_mixture_confirmation,808,0.7,release_2,granular_ball,random_forest,600,60,2,12,25.0,1.0,1,66,7,0.5833333333333334,0.5833333333333334,2.7557672839345297,0.0,0.9234878160534779,1.0,0.8795454545454546,1.0,2.0,5.0,0.3,3,60,0.1,0.15,0.5785,0.5796065551682799,0.03666666666666667,nan
confirm_d60_redundant0.1_noise0.15,controlled_gaussian_mixture_confirmation,808,0.7,release_2,matched_kmeans,logistic,600,60,2,12,25.0,1.0,1,162,10,0.8333333333333334,0.8333333333333334,1.1516882191545885,0.0,0.9391557355967078,1.0,1.0,1.0,2.0,5.0,0.3,3,60,0.1,0.15,0.6120555555555556,0.6292104230967182,0.07666666666666666,nan
confirm_d60_redundant0.1_noise0.15,controlled_gaussian_mixture_confirmation,808,0.7,release_2,matched_kmeans,random_forest,600,60,2,12,25.0,1.0,1,162,10,0.8333333333333334,0.8333333333333334,1.1516882191545885,0.0,0.9391557355967078,1.0,1.0,1.0,2.0,5.0,0.3,3,60,0.1,0.15,0.5853666666666666,0.5794673924051595,0.043333333333333335,nan
confirm_d60_redundant0.1_noise0.15,controlled_gaussian_mixture_confirmation,808,0.7,release_3,granular_ball,logistic,600,60,2,12,25.0,1.0,1,66,7,0.5833333333333334,0.5833333333333334,2.7557672839345297,0.0,0.9234878160534779,1.0,0.8795454545454546,1.0,2.0,5.0,0.3,3,60,0.1,0.15,0.6394222222222222,0.639976222655614,0.06333333333333334,nan
confirm_d60_redundant0.1_noise0.15,controlled_gaussian_mixture_confirmation,808,0.7,release_3,granular_ball,random_forest,600,60,2,12,25.0,1.0,1,66,7,0.5833333333333334,0.5833333333333334,2.7557672839345297,0.0,0.9234878160534779,1.0,0.8795454545454546,1.0,2.0,5.0,0.3,3,60,0.1,0.15,0.5760888888888889,0.5829420322201957,0.03333333333333333,nan
confirm_d60_redundant0.1_noise0.15,controlled_gaussian_mixture_confirmation,808,0.7,release_3,matched_kmeans,logistic,600,60,2,12,25.0,1.0,1,162,10,0.8333333333333334,0.8333333333333334,1.1516882191545885,0.0,0.9391557355967078,1.0,1.0,1.0,2.0,5.0,0.3,3,60,0.1,0.15,0.6112,0.6289103033018277,0.07666666666666666,nan
confirm_d60_redundant0.1_noise0.15,controlled_gaussian_mixture_confirmation,808,0.7,release_3,matched_kmeans,random_forest,600,60,2,12,25.0,1.0,1,162,10,0.8333333333333334,0.8333333333333334,1.1516882191545885,0.0,0.9391557355967078,1.0,1.0,1.0,2.0,5.0,0.3,3,60,0.1,0.15,0.5963888888888889,0.5859541759205437,0.04,nan
confirm_d60_redundant0.1_noise0.15,controlled_gaussian_mixture_confirmation,808,0.8,release_1,granular_ball,logistic,600,60,2,29,10.344827586206897,1.0,1,66,19,0.7586206896551724,0.7931034482758621,1.4786337956840527,0.0,0.9273130200920403,1.0,0.9,1.0,2.0,5.0,0.3,3,60,0.1,0.15,0.7128000000000001,0.7181909795007311,0.10666666666666667,nan
confirm_d60_redundant0.1_noise0.15,controlled_gaussian_mixture_confirmation,808,0.8,release_1,granular_ball,random_forest,600,60,2,29,10.344827586206897,1.0,1,66,19,0.7586206896551724,0.7931034482758621,1.4786337956840527,0.0,0.9273130200920403,1.0,0.9,1.0,2.0,5.0,0.3,3,60,0.1,0.15,0.6075222222222223,0.6403251340714964,0.09,nan
confirm_d60_redundant0.1_noise0.15,controlled_gaussian_mixture_confirmation,808,0.8,release_1,matched_kmeans,logistic,600,60,2,29,10.344827586206897,1.0,1,66,22,0.7586206896551724,0.7586206896551724,1.7168326379516003,0.0,0.9527097743193869,1.0,1.0,1.0,2.0,5.0,0.3,3,60,0.1,0.15,0.718288888888889,0.7263237816048909,0.12,nan
confirm_d60_redundant0.1_noise0.15,controlled_gaussian_mixture_confirmation,808,0.8,release_1,matched_kmeans,random_forest,600,60,2,29,10.344827586206897,1.0,1,66,22,0.7586206896551724,0.7586206896551724,1.7168326379516003,0.0,0.9527097743193869,1.0,1.0,1.0,2.0,5.0,0.3,3,60,0.1,0.15,0.6877444444444444,0.6869166417774426,0.09,nan
confirm_d60_redundant0.1_noise0.15,controlled_gaussian_mixture_confirmation,808,0.8,release_2,granular_ball,logistic,600,60,2,29,10.344827586206897,1.0,1,66,19,0.7586206896551724,0.7931034482758621,1.4786337956840527,0.0,0.9273130200920403,1.0,0.9,1.0,2.0,5.0,0.3,3,60,0.1,0.15,0.7114111111111112,0.7133968162995628,0.10666666666666667,nan
confirm_d60_redundant0.1_noise0.15,controlled_gaussian_mixture_confirmation,808,0.8,release_2,granular_ball,random_forest,600,60,2,29,10.344827586206897,1.0,1,66,19,0.7586206896551724,0.7931034482758621,1.4786337956840527,0.0,0.9273130200920403,1.0,0.9,1.0,2.0,5.0,0.3,3,60,0.1,0.15,0.6299222222222223,0.639523062568372,0.09,nan
confirm_d60_redundant0.1_noise0.15,controlled_gaussian_mixture_confirmation,808,0.8,release_2,matched_kmeans,logistic,600,60,2,29,10.344827586206897,1.0,1,66,22,0.7586206896551724,0.7586206896551724,1.7168326379516003,0.0,0.9527097743193869,1.0,1.0,1.0,2.0,5.0,0.3,3,60,0.1,0.15,0.7167888888888889,0.7302734123047229,0.13666666666666666,nan
confirm_d60_redundant0.1_noise0.15,controlled_gaussian_mixture_confirmation,808,0.8,release_2,matched_kmeans,random_forest,600,60,2,29,10.344827586206897,1.0,1,66,22,0.7586206896551724,0.7586206896551724,1.7168326379516003,0.0,0.9527097743193869,1.0,1.0,1.0,2.0,5.0,0.3,3,60,0.1,0.15,0.6903888888888889,0.7013731146571103,0.1,nan
confirm_d60_redundant0.1_noise0.15,controlled_gaussian_mixture_confirmation,808,0.8,release_3,granular_ball,logistic,600,60,2,29,10.344827586206897,1.0,1,66,19,0.7586206896551724,0.7931034482758621,1.4786337956840527,0.0,0.9273130200920403,1.0,0.9,1.0,2.0,5.0,0.3,3,60,0.1,0.15,0.7072777777777777,0.7116023177870711,0.10666666666666667,nan
confirm_d60_redundant0.1_noise0.15,controlled_gaussian_mixture_confirmation,808,0.8,release_3,granular_ball,random_forest,600,60,2,29,10.344827586206897,1.0,1,66,19,0.7586206896551724,0.7931034482758621,1.4786337956840527,0.0,0.9273130200920403,1.0,0.9,1.0,2.0,5.0,0.3,3,60,0.1,0.15,0.6276111111111111,0.6376278338553398,0.09,nan
confirm_d60_redundant0.1_noise0.15,controlled_gaussian_mixture_confirmation,808,0.8,release_3,matched_kmeans,logistic,600,60,2,29,10.344827586206897,1.0,1,66,22,0.7586206896551724,0.7586206896551724,1.7168326379516003,0.0,0.9527097743193869,1.0,1.0,1.0,2.0,5.0,0.3,3,60,0.1,0.15,0.7147333333333334,0.7244771292048764,0.11,nan
confirm_d60_redundant0.1_noise0.15,controlled_gaussian_mixture_confirmation,808,0.8,release_3,matched_kmeans,random_forest,600,60,2,29,10.344827586206897,1.0,1,66,22,0.7586206896551724,0.7586206896551724,1.7168326379516003,0.0,0.9527097743193869,1.0,1.0,1.0,2.0,5.0,0.3,3,60,0.1,0.15,0.6942222222222223,0.7033312589426097,0.10333333333333333,nan
confirm_d60_redundant0.1_noise0.15,controlled_gaussian_mixture_confirmation,808,0.9,release_1,granular_ball,logistic,600,60,2,73,4.109589041095891,1.0,1,61,39,0.7945205479452054,0.863013698630137,2.011052412318793,0.0,0.9098090130154495,1.0,0.9285714285714286,1.0,2.0,5.0,0.3,3,60,0.1,0.15,0.8214555555555556,0.8654974695046864,0.4166666666666667,nan
confirm_d60_redundant0.1_noise0.15,controlled_gaussian_mixture_confirmation,808,0.9,release_1,granular_ball,random_forest,600,60,2,73,4.109589041095891,1.0,1,61,39,0.7945205479452054,0.863013698630137,2.011052412318793,0.0,0.9098090130154495,1.0,0.9285714285714286,1.0,2.0,5.0,0.3,3,60,0.1,0.15,0.8159666666666666,0.859540902555551,0.41,nan
confirm_d60_redundant0.1_noise0.15,controlled_gaussian_mixture_confirmation,808,0.9,release_1,matched_kmeans,logistic,600,60,2,73,4.109589041095891,1.0,1,71,66,0.9178082191780822,0.9178082191780822,0.6038469112723086,0.0,0.9764518194520124,1.0,1.0,1.0,2.0,5.0,0.3,3,60,0.1,0.15,0.7872444444444444,0.7971810805563746,0.24666666666666667,nan
confirm_d60_redundant0.1_noise0.15,controlled_gaussian_mixture_confirmation,808,0.9,release_1,matched_kmeans,random_forest,600,60,2,73,4.109589041095891,1.0,1,71,66,0.9178082191780822,0.9178082191780822,0.6038469112723086,0.0,0.9764518194520124,1.0,1.0,1.0,2.0,5.0,0.3,3,60,0.1,0.15,0.7795611111111111,0.8099255451731479,0.36,nan
confirm_d60_redundant0.1_noise0.15,controlled_gaussian_mixture_confirmation,808,0.9,release_2,granular_ball,logistic,600,60,2,73,4.109589041095891,1.0,1,61,39,0.7945205479452054,0.863013698630137,2.011052412318793,0.0,0.9098090130154495,1.0,0.9285714285714286,1.0,2.0,5.0,0.3,3,60,0.1,0.15,0.8497777777777779,0.87576246427186,0.41333333333333333,nan
confirm_d60_redundant0.1_noise0.15,controlled_gaussian_mixture_confirmation,808,0.9,release_2,granular_ball,random_forest,600,60,2,73,4.109589041095891,1.0,1,61,39,0.7945205479452054,0.863013698630137,2.011052412318793,0.0,0.9098090130154495,1.0,0.9285714285714286,1.0,2.0,5.0,0.3,3,60,0.1,0.15,0.8526333333333334,0.880527693529861,0.49333333333333335,nan
confirm_d60_redundant0.1_noise0.15,controlled_gaussian_mixture_confirmation,808,0.9,release_2,matched_kmeans,logistic,600,60,2,73,4.109589041095891,1.0,1,71,66,0.9178082191780822,0.9178082191780822,0.6038469112723086,0.0,0.9764518194520124,1.0,1.0,1.0,2.0,5.0,0.3,3,60,0.1,0.15,0.7828444444444445,0.7997143938287046,0.25,nan
confirm_d60_redundant0.1_noise0.15,controlled_gaussian_mixture_confirmation,808,0.9,release_2,matched_kmeans,random_forest,600,60,2,73,4.109589041095891,1.0,1,71,66,0.9178082191780822,0.9178082191780822,0.6038469112723086,0.0,0.9764518194520124,1.0,1.0,1.0,2.0,5.0,0.3,3,60,0.1,0.15,0.7768222222222223,0.807522962891171,0.32666666666666666,nan
confirm_d60_redundant0.1_noise0.15,controlled_gaussian_mixture_confirmation,808,0.9,release_3,granular_ball,logistic,600,60,2,73,4.109589041095891,1.0,1,61,39,0.7945205479452054,0.863013698630137,2.011052412318793,0.0,0.9098090130154495,1.0,0.9285714285714286,1.0,2.0,5.0,0.3,3,60,0.1,0.15,0.8633111111111111,0.8836017761653084,0.38666666666666666,nan
confirm_d60_redundant0.1_noise0.15,controlled_gaussian_mixture_confirmation,808,0.9,release_3,granular_ball,random_forest,600,60,2,73,4.109589041095891,1.0,1,61,39,0.7945205479452054,0.863013698630137,2.011052412318793,0.0,0.9098090130154495,1.0,0.9285714285714286,1.0,2.0,5.0,0.3,3,60,0.1,0.15,0.8504999999999999,0.8778279330118336,0.4266666666666667,nan
confirm_d60_redundant0.1_noise0.15,controlled_gaussian_mixture_confirmation,808,0.9,release_3,matched_kmeans,logistic,600,60,2,73,4.109589041095891,1.0,1,71,66,0.9178082191780822,0.9178082191780822,0.6038469112723086,0.0,0.9764518194520124,1.0,1.0,1.0,2.0,5.0,0.3,3,60,0.1,0.15,0.7730555555555556,0.792533140841216,0.24666666666666667,nan
confirm_d60_redundant0.1_noise0.15,controlled_gaussian_mixture_confirmation,808,0.9,release_3,matched_kmeans,random_forest,600,60,2,73,4.109589041095891,1.0,1,71,66,0.9178082191780822,0.9178082191780822,0.6038469112723086,0.0,0.9764518194520124,1.0,1.0,1.0,2.0,5.0,0.3,3,60,0.1,0.15,0.7724666666666666,0.8054392108501001,0.32,nan
confirm_d60_redundant0.1_noise0.15,controlled_gaussian_mixture_confirmation,808,0.95,release_1,granular_ball,logistic,600,60,2,127,2.3622047244094486,2.0,1,30,61,0.7874015748031497,0.9291338582677166,2.3208845534681877,1.0709025114598534,0.9183727034120736,1.0,1.0,1.0,2.0,5.0,0.3,3,60,0.1,0.15,0.9580888888888889,0.9709469538557172,0.85,nan
confirm_d60_redundant0.1_noise0.15,controlled_gaussian_mixture_confirmation,808,0.95,release_1,granular_ball,random_forest,600,60,2,127,2.3622047244094486,2.0,1,30,61,0.7874015748031497,0.9291338582677166,2.3208845534681877,1.0709025114598534,0.9183727034120736,1.0,1.0,1.0,2.0,5.0,0.3,3,60,0.1,0.15,0.9635833333333332,0.9736408330099706,0.7933333333333333,nan
confirm_d60_redundant0.1_noise0.15,controlled_gaussian_mixture_confirmation,808,0.95,release_1,matched_kmeans,logistic,600,60,2,127,2.3622047244094486,1.0,1,67,120,0.952755905511811,0.952755905511811,0.3213158882563702,0.0,0.9882942714427896,1.0,1.0,1.0,2.0,5.0,0.3,3,60,0.1,0.15,0.859088888888889,0.8709273787605756,0.42,nan
confirm_d60_redundant0.1_noise0.15,controlled_gaussian_mixture_confirmation,808,0.95,release_1,matched_kmeans,random_forest,600,60,2,127,2.3622047244094486,1.0,1,67,120,0.952755905511811,0.952755905511811,0.3213158882563702,0.0,0.9882942714427896,1.0,1.0,1.0,2.0,5.0,0.3,3,60,0.1,0.15,0.8551,0.8795214685193944,0.47333333333333333,nan
confirm_d60_redundant0.1_noise0.15,controlled_gaussian_mixture_confirmation,808,0.95,release_2,granular_ball,logistic,600,60,2,127,2.3622047244094486,2.0,1,30,61,0.7874015748031497,0.9291338582677166,2.3208845534681877,1.0709025114598534,0.9183727034120736,1.0,1.0,1.0,2.0,5.0,0.3,3,60,0.1,0.15,0.9663222222222222,0.976340556928888,0.8433333333333334,nan
confirm_d60_redundant0.1_noise0.15,controlled_gaussian_mixture_confirmation,808,0.95,release_2,granular_ball,random_forest,600,60,2,127,2.3622047244094486,2.0,1,30,61,0.7874015748031497,0.9291338582677166,2.3208845534681877,1.0709025114598534,0.9183727034120736,1.0,1.0,1.0,2.0,5.0,0.3,3,60,0.1,0.15,0.9655777777777778,0.9747482006791215,0.7666666666666667,nan
confirm_d60_redundant0.1_noise0.15,controlled_gaussian_mixture_confirmation,808,0.95,release_2,matched_kmeans,logistic,600,60,2,127,2.3622047244094486,1.0,1,67,120,0.952755905511811,0.952755905511811,0.3213158882563702,0.0,0.9882942714427896,1.0,1.0,1.0,2.0,5.0,0.3,3,60,0.1,0.15,0.8603333333333334,0.8752047690526765,0.4166666666666667,nan
confirm_d60_redundant0.1_noise0.15,controlled_gaussian_mixture_confirmation,808,0.95,release_2,matched_kmeans,random_forest,600,60,2,127,2.3622047244094486,1.0,1,67,120,0.952755905511811,0.952755905511811,0.3213158882563702,0.0,0.9882942714427896,1.0,1.0,1.0,2.0,5.0,0.3,3,60,0.1,0.15,0.8533999999999999,0.8780610950526408,0.49333333333333335,nan
confirm_d60_redundant0.1_noise0.15,controlled_gaussian_mixture_confirmation,808,0.95,release_3,granular_ball,logistic,600,60,2,127,2.3622047244094486,2.0,1,30,61,0.7874015748031497,0.9291338582677166,2.3208845534681877,1.0709025114598534,0.9183727034120736,1.0,1.0,1.0,2.0,5.0,0.3,3,60,0.1,0.15,0.9660999999999998,0.9755635952016718,0.8266666666666667,nan
confirm_d60_redundant0.1_noise0.15,controlled_gaussian_mixture_confirmation,808,0.95,release_3,granular_ball,random_forest,600,60,2,127,2.3622047244094486,2.0,1,30,61,0.7874015748031497,0.9291338582677166,2.3208845534681877,1.0709025114598534,0.9183727034120736,1.0,1.0,1.0,2.0,5.0,0.3,3,60,0.1,0.15,0.96575,0.9744649360793576,0.76,nan
confirm_d60_redundant0.1_noise0.15,controlled_gaussian_mixture_confirmation,808,0.95,release_3,matched_kmeans,logistic,600,60,2,127,2.3622047244094486,1.0,1,67,120,0.952755905511811,0.952755905511811,0.3213158882563702,0.0,0.9882942714427896,1.0,1.0,1.0,2.0,5.0,0.3,3,60,0.1,0.15,0.8591333333333333,0.8742449794891588,0.4266666666666667,nan
confirm_d60_redundant0.1_noise0.15,controlled_gaussian_mixture_confirmation,808,0.95,release_3,matched_kmeans,random_forest,600,60,2,127,2.3622047244094486,1.0,1,67,120,0.952755905511811,0.952755905511811,0.3213158882563702,0.0,0.9882942714427896,1.0,1.0,1.0,2.0,5.0,0.3,3,60,0.1,0.15,0.8523611111111111,0.8763037301296317,0.4766666666666667,nan
confirm_d60_redundant0.1_noise0.15,controlled_gaussian_mixture_confirmation,808,0.99,release_1,granular_ball,logistic,600,60,2,132,2.272727272727273,2.0,1,20,64,0.7878787878787878,0.9318181818181818,2.3278478063139576,1.06859303511711,0.9179292929292928,1.0,1.0,1.0,2.0,5.0,0.3,3,60,0.1,0.15,0.9717555555555556,0.9802335012527124,0.8733333333333333,nan
confirm_d60_redundant0.1_noise0.15,controlled_gaussian_mixture_confirmation,808,0.99,release_1,granular_ball,random_forest,600,60,2,132,2.272727272727273,2.0,1,20,64,0.7878787878787878,0.9318181818181818,2.3278478063139576,1.06859303511711,0.9179292929292928,1.0,1.0,1.0,2.0,5.0,0.3,3,60,0.1,0.15,0.9713555555555555,0.9789143448843298,0.7933333333333333,nan
confirm_d60_redundant0.1_noise0.15,controlled_gaussian_mixture_confirmation,808,0.99,release_1,matched_kmeans,logistic,600,60,2,132,2.272727272727273,1.0,1,66,125,0.9545454545454546,0.9545454545454546,0.3082506151197943,0.0,0.9879732021704818,1.0,1.0,1.0,2.0,5.0,0.3,3,60,0.1,0.15,0.8669,0.8789689096710185,0.44,nan
confirm_d60_redundant0.1_noise0.15,controlled_gaussian_mixture_confirmation,808,0.99,release_1,matched_kmeans,random_forest,600,60,2,132,2.272727272727273,1.0,1,66,125,0.9545454545454546,0.9545454545454546,0.3082506151197943,0.0,0.9879732021704818,1.0,1.0,1.0,2.0,5.0,0.3,3,60,0.1,0.15,0.8689666666666669,0.8872384443706507,0.5,nan
confirm_d60_redundant0.1_noise0.15,controlled_gaussian_mixture_confirmation,808,0.99,release_2,granular_ball,logistic,600,60,2,132,2.272727272727273,2.0,1,20,64,0.7878787878787878,0.9318181818181818,2.3278478063139576,1.06859303511711,0.9179292929292928,1.0,1.0,1.0,2.0,5.0,0.3,3,60,0.1,0.15,0.9784444444444444,0.9845548842908277,0.8533333333333334,nan
confirm_d60_redundant0.1_noise0.15,controlled_gaussian_mixture_confirmation,808,0.99,release_2,granular_ball,random_forest,600,60,2,132,2.272727272727273,2.0,1,20,64,0.7878787878787878,0.9318181818181818,2.3278478063139576,1.06859303511711,0.9179292929292928,1.0,1.0,1.0,2.0,5.0,0.3,3,60,0.1,0.15,0.9770222222222222,0.9825069630844578,0.79,nan
confirm_d60_redundant0.1_noise0.15,controlled_gaussian_mixture_confirmation,808,0.99,release_2,matched_kmeans,logistic,600,60,2,132,2.272727272727273,1.0,1,66,125,0.9545454545454546,0.9545454545454546,0.3082506151197943,0.0,0.9879732021704818,1.0,1.0,1.0,2.0,5.0,0.3,3,60,0.1,0.15,0.8646,0.8804701377730482,0.44333333333333336,nan
confirm_d60_redundant0.1_noise0.15,controlled_gaussian_mixture_confirmation,808,0.99,release_2,matched_kmeans,random_forest,600,60,2,132,2.272727272727273,1.0,1,66,125,0.9545454545454546,0.9545454545454546,0.3082506151197943,0.0,0.9879732021704818,1.0,1.0,1.0,2.0,5.0,0.3,3,60,0.1,0.15,0.8624888888888889,0.8820715984683101,0.5033333333333333,nan
confirm_d60_redundant0.1_noise0.15,controlled_gaussian_mixture_confirmation,808,0.99,release_3,granular_ball,logistic,600,60,2,132,2.272727272727273,2.0,1,20,64,0.7878787878787878,0.9318181818181818,2.3278478063139576,1.06859303511711,0.9179292929292928,1.0,1.0,1.0,2.0,5.0,0.3,3,60,0.1,0.15,0.9766555555555556,0.9831972996368621,0.8266666666666667,nan
confirm_d60_redundant0.1_noise0.15,controlled_gaussian_mixture_confirmation,808,0.99,release_3,granular_ball,random_forest,600,60,2,132,2.272727272727273,2.0,1,20,64,0.7878787878787878,0.9318181818181818,2.3278478063139576,1.06859303511711,0.9179292929292928,1.0,1.0,1.0,2.0,5.0,0.3,3,60,0.1,0.15,0.9752611111111111,0.9813185494853333,0.79,nan
confirm_d60_redundant0.1_noise0.15,controlled_gaussian_mixture_confirmation,808,0.99,release_3,matched_kmeans,logistic,600,60,2,132,2.272727272727273,1.0,1,66,125,0.9545454545454546,0.9545454545454546,0.3082506151197943,0.0,0.9879732021704818,1.0,1.0,1.0,2.0,5.0,0.3,3,60,0.1,0.15,0.8629333333333333,0.8793039845046651,0.44,nan
confirm_d60_redundant0.1_noise0.15,controlled_gaussian_mixture_confirmation,808,0.99,release_3,matched_kmeans,random_forest,600,60,2,132,2.272727272727273,1.0,1,66,125,0.9545454545454546,0.9545454545454546,0.3082506151197943,0.0,0.9879732021704818,1.0,1.0,1.0,2.0,5.0,0.3,3,60,0.1,0.15,0.8621222222222222,0.8819476813222926,0.5166666666666667,nan
confirm_d100_redundant0_noise0.05,controlled_gaussian_mixture_confirmation,2,0.7,release_1,granular_ball,logistic,600,100,2,16,18.75,1.0,1,112,10,0.625,0.625,3.8233792491561926,0.0,0.9687035031547226,1.0,0.944215557020435,1.0,2.0,5.0,0.3,3,100,0.0,0.05,0.6957777777777777,0.7139524936212982,0.13333333333333333,nan
confirm_d100_redundant0_noise0.05,controlled_gaussian_mixture_confirmation,2,0.7,release_1,granular_ball,random_forest,600,100,2,16,18.75,1.0,1,112,10,0.625,0.625,3.8233792491561926,0.0,0.9687035031547226,1.0,0.944215557020435,1.0,2.0,5.0,0.3,3,100,0.0,0.05,0.727,0.7449178522250731,0.18,nan
confirm_d100_redundant0_noise0.05,controlled_gaussian_mixture_confirmation,2,0.7,release_1,matched_kmeans,logistic,600,100,2,16,18.75,1.0,1,214,14,0.875,0.875,1.2165130012022651,0.0,0.9682145638629283,1.0,1.0,1.0,2.0,5.0,0.3,3,100,0.0,0.05,0.6389333333333332,0.6361181502312395,0.07,nan
confirm_d100_redundant0_noise0.05,controlled_gaussian_mixture_confirmation,2,0.7,release_1,matched_kmeans,random_forest,600,100,2,16,18.75,1.0,1,214,14,0.875,0.875,1.2165130012022651,0.0,0.9682145638629283,1.0,1.0,1.0,2.0,5.0,0.3,3,100,0.0,0.05,0.6181,0.6379027377717301,0.07,nan
confirm_d100_redundant0_noise0.05,controlled_gaussian_mixture_confirmation,2,0.7,release_2,granular_ball,logistic,600,100,2,16,18.75,1.0,1,112,10,0.625,0.625,3.8233792491561926,0.0,0.9687035031547226,1.0,0.944215557020435,1.0,2.0,5.0,0.3,3,100,0.0,0.05,0.7360333333333333,0.7556733928181627,0.19,nan
confirm_d100_redundant0_noise0.05,controlled_gaussian_mixture_confirmation,2,0.7,release_2,granular_ball,random_forest,600,100,2,16,18.75,1.0,1,112,10,0.625,0.625,3.8233792491561926,0.0,0.9687035031547226,1.0,0.944215557020435,1.0,2.0,5.0,0.3,3,100,0.0,0.05,0.7568277777777779,0.7713015924033773,0.18666666666666668,nan
confirm_d100_redundant0_noise0.05,controlled_gaussian_mixture_confirmation,2,0.7,release_2,matched_kmeans,logistic,600,100,2,16,18.75,1.0,1,214,14,0.875,0.875,1.2165130012022651,0.0,0.9682145638629283,1.0,1.0,1.0,2.0,5.0,0.3,3,100,0.0,0.05,0.6169666666666667,0.6293394129367287,0.08,nan
confirm_d100_redundant0_noise0.05,controlled_gaussian_mixture_confirmation,2,0.7,release_2,matched_kmeans,random_forest,600,100,2,16,18.75,1.0,1,214,14,0.875,0.875,1.2165130012022651,0.0,0.9682145638629283,1.0,1.0,1.0,2.0,5.0,0.3,3,100,0.0,0.05,0.6380888888888889,0.6553573672925656,0.07333333333333333,nan
confirm_d100_redundant0_noise0.05,controlled_gaussian_mixture_confirmation,2,0.7,release_3,granular_ball,logistic,600,100,2,16,18.75,1.0,1,112,10,0.625,0.625,3.8233792491561926,0.0,0.9687035031547226,1.0,0.944215557020435,1.0,2.0,5.0,0.3,3,100,0.0,0.05,0.7384333333333334,0.7480879443257572,0.11333333333333333,nan
confirm_d100_redundant0_noise0.05,controlled_gaussian_mixture_confirmation,2,0.7,release_3,granular_ball,random_forest,600,100,2,16,18.75,1.0,1,112,10,0.625,0.625,3.8233792491561926,0.0,0.9687035031547226,1.0,0.944215557020435,1.0,2.0,5.0,0.3,3,100,0.0,0.05,0.7493277777777778,0.7653954821703457,0.16,nan
confirm_d100_redundant0_noise0.05,controlled_gaussian_mixture_confirmation,2,0.7,release_3,matched_kmeans,logistic,600,100,2,16,18.75,1.0,1,214,14,0.875,0.875,1.2165130012022651,0.0,0.9682145638629283,1.0,1.0,1.0,2.0,5.0,0.3,3,100,0.0,0.05,0.616611111111111,0.6286835310825434,0.07666666666666666,nan
confirm_d100_redundant0_noise0.05,controlled_gaussian_mixture_confirmation,2,0.7,release_3,matched_kmeans,random_forest,600,100,2,16,18.75,1.0,1,214,14,0.875,0.875,1.2165130012022651,0.0,0.9682145638629283,1.0,1.0,1.0,2.0,5.0,0.3,3,100,0.0,0.05,0.6406555555555555,0.6609513063250863,0.07666666666666666,nan
confirm_d100_redundant0_noise0.05,controlled_gaussian_mixture_confirmation,2,0.8,release_1,granular_ball,logistic,600,100,2,22,13.636363636363637,1.0,1,82,15,0.6818181818181818,0.6818181818181818,2.9332761113169554,0.0,0.970391177532802,1.0,0.9594594594594594,1.0,2.0,5.0,0.3,3,100,0.0,0.05,0.7180666666666667,0.7343796832039848,0.11333333333333333,nan
confirm_d100_redundant0_noise0.05,controlled_gaussian_mixture_confirmation,2,0.8,release_1,granular_ball,random_forest,600,100,2,22,13.636363636363637,1.0,1,82,15,0.6818181818181818,0.6818181818181818,2.9332761113169554,0.0,0.970391177532802,1.0,0.9594594594594594,1.0,2.0,5.0,0.3,3,100,0.0,0.05,0.7806611111111111,0.8058549502488558,0.29333333333333333,nan
confirm_d100_redundant0_noise0.05,controlled_gaussian_mixture_confirmation,2,0.8,release_1,matched_kmeans,logistic,600,100,2,22,13.636363636363637,1.0,1,103,17,0.7727272727272727,0.7727272727272727,2.198987841629599,0.0,0.9541239184297702,1.0,1.0,1.0,2.0,5.0,0.3,3,100,0.0,0.05,0.7265222222222221,0.7020477304218188,0.07,nan
confirm_d100_redundant0_noise0.05,controlled_gaussian_mixture_confirmation,2,0.8,release_1,matched_kmeans,random_forest,600,100,2,22,13.636363636363637,1.0,1,103,17,0.7727272727272727,0.7727272727272727,2.198987841629599,0.0,0.9541239184297702,1.0,1.0,1.0,2.0,5.0,0.3,3,100,0.0,0.05,0.7489555555555556,0.7741778594145947,0.17666666666666667,nan
confirm_d100_redundant0_noise0.05,controlled_gaussian_mixture_confirmation,2,0.8,release_2,granular_ball,logistic,600,100,2,22,13.636363636363637,1.0,1,82,15,0.6818181818181818,0.6818181818181818,2.9332761113169554,0.0,0.970391177532802,1.0,0.9594594594594594,1.0,2.0,5.0,0.3,3,100,0.0,0.05,0.7719888888888888,0.7856560788557166,0.16333333333333333,nan
confirm_d100_redundant0_noise0.05,controlled_gaussian_mixture_confirmation,2,0.8,release_2,granular_ball,random_forest,600,100,2,22,13.636363636363637,1.0,1,82,15,0.6818181818181818,0.6818181818181818,2.9332761113169554,0.0,0.970391177532802,1.0,0.9594594594594594,1.0,2.0,5.0,0.3,3,100,0.0,0.05,0.7985444444444446,0.8068910959390169,0.20666666666666667,nan
confirm_d100_redundant0_noise0.05,controlled_gaussian_mixture_confirmation,2,0.8,release_2,matched_kmeans,logistic,600,100,2,22,13.636363636363637,1.0,1,103,17,0.7727272727272727,0.7727272727272727,2.198987841629599,0.0,0.9541239184297702,1.0,1.0,1.0,2.0,5.0,0.3,3,100,0.0,0.05,0.6875777777777777,0.7044636611749249,0.13666666666666666,nan
confirm_d100_redundant0_noise0.05,controlled_gaussian_mixture_confirmation,2,0.8,release_2,matched_kmeans,random_forest,600,100,2,22,13.636363636363637,1.0,1,103,17,0.7727272727272727,0.7727272727272727,2.198987841629599,0.0,0.9541239184297702,1.0,1.0,1.0,2.0,5.0,0.3,3,100,0.0,0.05,0.7551,0.7658779986880955,0.10666666666666667,nan
confirm_d100_redundant0_noise0.05,controlled_gaussian_mixture_confirmation,2,0.8,release_3,granular_ball,logistic,600,100,2,22,13.636363636363637,1.0,1,82,15,0.6818181818181818,0.6818181818181818,2.9332761113169554,0.0,0.970391177532802,1.0,0.9594594594594594,1.0,2.0,5.0,0.3,3,100,0.0,0.05,0.7706999999999999,0.7744085728646578,0.16666666666666666,nan
confirm_d100_redundant0_noise0.05,controlled_gaussian_mixture_confirmation,2,0.8,release_3,granular_ball,random_forest,600,100,2,22,13.636363636363637,1.0,1,82,15,0.6818181818181818,0.6818181818181818,2.9332761113169554,0.0,0.970391177532802,1.0,0.9594594594594594,1.0,2.0,5.0,0.3,3,100,0.0,0.05,0.7939222222222222,0.8007949849210992,0.22333333333333333,nan
confirm_d100_redundant0_noise0.05,controlled_gaussian_mixture_confirmation,2,0.8,release_3,matched_kmeans,logistic,600,100,2,22,13.636363636363637,1.0,1,103,17,0.7727272727272727,0.7727272727272727,2.198987841629599,0.0,0.9541239184297702,1.0,1.0,1.0,2.0,5.0,0.3,3,100,0.0,0.05,0.6878,0.7121415830638134,0.14333333333333334,nan
confirm_d100_redundant0_noise0.05,controlled_gaussian_mixture_confirmation,2,0.8,release_3,matched_kmeans,random_forest,600,100,2,22,13.636363636363637,1.0,1,103,17,0.7727272727272727,0.7727272727272727,2.198987841629599,0.0,0.9541239184297702,1.0,1.0,1.0,2.0,5.0,0.3,3,100,0.0,0.05,0.7514,0.7584091785219034,0.10333333333333333,nan
confirm_d100_redundant0_noise0.05,controlled_gaussian_mixture_confirmation,2,0.9,release_1,granular_ball,logistic,600,100,2,37,8.108108108108109,1.0,1,82,25,0.7567567567567568,0.8108108108108109,2.1323011394007247,0.0,0.9614572867987073,1.0,1.0,1.0,2.0,5.0,0.3,3,100,0.0,0.05,0.7731333333333335,0.797261040220477,0.22,nan
confirm_d100_redundant0_noise0.05,controlled_gaussian_mixture_confirmation,2,0.9,release_1,granular_ball,random_forest,600,100,2,37,8.108108108108109,1.0,1,82,25,0.7567567567567568,0.8108108108108109,2.1323011394007247,0.0,0.9614572867987073,1.0,1.0,1.0,2.0,5.0,0.3,3,100,0.0,0.05,0.7938555555555554,0.8246764962149247,0.31,nan
confirm_d100_redundant0_noise0.05,controlled_gaussian_mixture_confirmation,2,0.9,release_1,matched_kmeans,logistic,600,100,2,37,8.108108108108109,1.0,1,136,32,0.8648648648648649,0.8648648648648649,1.3707507800865206,0.0,0.9864931405598302,1.0,1.0,1.0,2.0,5.0,0.3,3,100,0.0,0.05,0.6993999999999999,0.6963067622875221,0.11666666666666667,nan
confirm_d100_redundant0_noise0.05,controlled_gaussian_mixture_confirmation,2,0.9,release_1,matched_kmeans,random_forest,600,100,2,37,8.108108108108109,1.0,1,136,32,0.8648648648648649,0.8648648648648649,1.3707507800865206,0.0,0.9864931405598302,1.0,1.0,1.0,2.0,5.0,0.3,3,100,0.0,0.05,0.7842444444444445,0.8045085428594596,0.23666666666666666,nan
confirm_d100_redundant0_noise0.05,controlled_gaussian_mixture_confirmation,2,0.9,release_2,granular_ball,logistic,600,100,2,37,8.108108108108109,1.0,1,82,25,0.7567567567567568,0.8108108108108109,2.1323011394007247,0.0,0.9614572867987073,1.0,1.0,1.0,2.0,5.0,0.3,3,100,0.0,0.05,0.8182666666666667,0.8289793753369875,0.23333333333333334,nan
confirm_d100_redundant0_noise0.05,controlled_gaussian_mixture_confirmation,2,0.9,release_2,granular_ball,random_forest,600,100,2,37,8.108108108108109,1.0,1,82,25,0.7567567567567568,0.8108108108108109,2.1323011394007247,0.0,0.9614572867987073,1.0,1.0,1.0,2.0,5.0,0.3,3,100,0.0,0.05,0.8373777777777778,0.8504457023938317,0.2966666666666667,nan
confirm_d100_redundant0_noise0.05,controlled_gaussian_mixture_confirmation,2,0.9,release_2,matched_kmeans,logistic,600,100,2,37,8.108108108108109,1.0,1,136,32,0.8648648648648649,0.8648648648648649,1.3707507800865206,0.0,0.9864931405598302,1.0,1.0,1.0,2.0,5.0,0.3,3,100,0.0,0.05,0.7115222222222222,0.7450250931945406,0.18333333333333332,nan
confirm_d100_redundant0_noise0.05,controlled_gaussian_mixture_confirmation,2,0.9,release_2,matched_kmeans,random_forest,600,100,2,37,8.108108108108109,1.0,1,136,32,0.8648648648648649,0.8648648648648649,1.3707507800865206,0.0,0.9864931405598302,1.0,1.0,1.0,2.0,5.0,0.3,3,100,0.0,0.05,0.7707444444444445,0.795258459205529,0.2633333333333333,nan
confirm_d100_redundant0_noise0.05,controlled_gaussian_mixture_confirmation,2,0.9,release_3,granular_ball,logistic,600,100,2,37,8.108108108108109,1.0,1,82,25,0.7567567567567568,0.8108108108108109,2.1323011394007247,0.0,0.9614572867987073,1.0,1.0,1.0,2.0,5.0,0.3,3,100,0.0,0.05,0.8149888888888889,0.8259190631657611,0.24,nan
confirm_d100_redundant0_noise0.05,controlled_gaussian_mixture_confirmation,2,0.9,release_3,granular_ball,random_forest,600,100,2,37,8.108108108108109,1.0,1,82,25,0.7567567567567568,0.8108108108108109,2.1323011394007247,0.0,0.9614572867987073,1.0,1.0,1.0,2.0,5.0,0.3,3,100,0.0,0.05,0.8348555555555555,0.8472573775359465,0.27666666666666667,nan
confirm_d100_redundant0_noise0.05,controlled_gaussian_mixture_confirmation,2,0.9,release_3,matched_kmeans,logistic,600,100,2,37,8.108108108108109,1.0,1,136,32,0.8648648648648649,0.8648648648648649,1.3707507800865206,0.0,0.9864931405598302,1.0,1.0,1.0,2.0,5.0,0.3,3,100,0.0,0.05,0.7074888888888888,0.7413428040182453,0.19666666666666666,nan
confirm_d100_redundant0_noise0.05,controlled_gaussian_mixture_confirmation,2,0.9,release_3,matched_kmeans,random_forest,600,100,2,37,8.108108108108109,1.0,1,136,32,0.8648648648648649,0.8648648648648649,1.3707507800865206,0.0,0.9864931405598302,1.0,1.0,1.0,2.0,5.0,0.3,3,100,0.0,0.05,0.7648555555555556,0.7912600660544151,0.21333333333333335,nan
confirm_d100_redundant0_noise0.05,controlled_gaussian_mixture_confirmation,2,0.95,release_1,granular_ball,logistic,600,100,2,69,4.3478260869565215,1.0,1,56,42,0.8115942028985508,0.855072463768116,2.553040890207041,0.0,0.9540315159880377,1.0,1.0,1.0,2.0,5.0,0.3,3,100,0.0,0.05,0.8550666666666668,0.876861918055193,0.39666666666666667,nan
confirm_d100_redundant0_noise0.05,controlled_gaussian_mixture_confirmation,2,0.95,release_1,granular_ball,random_forest,600,100,2,69,4.3478260869565215,1.0,1,56,42,0.8115942028985508,0.855072463768116,2.553040890207041,0.0,0.9540315159880377,1.0,1.0,1.0,2.0,5.0,0.3,3,100,0.0,0.05,0.8460333333333332,0.8842755629912892,0.4866666666666667,nan
confirm_d100_redundant0_noise0.05,controlled_gaussian_mixture_confirmation,2,0.95,release_1,matched_kmeans,logistic,600,100,2,69,4.3478260869565215,1.0,1,89,63,0.9130434782608695,0.9130434782608695,0.8059260541118288,0.0,0.9876105368698036,1.0,1.0,1.0,2.0,5.0,0.3,3,100,0.0,0.05,0.811288888888889,0.8069531223107338,0.23,nan
confirm_d100_redundant0_noise0.05,controlled_gaussian_mixture_confirmation,2,0.95,release_1,matched_kmeans,random_forest,600,100,2,69,4.3478260869565215,1.0,1,89,63,0.9130434782608695,0.9130434782608695,0.8059260541118288,0.0,0.9876105368698036,1.0,1.0,1.0,2.0,5.0,0.3,3,100,0.0,0.05,0.8410333333333333,0.8533961685515312,0.36666666666666664,nan
confirm_d100_redundant0_noise0.05,controlled_gaussian_mixture_confirmation,2,0.95,release_2,granular_ball,logistic,600,100,2,69,4.3478260869565215,1.0,1,56,42,0.8115942028985508,0.855072463768116,2.553040890207041,0.0,0.9540315159880377,1.0,1.0,1.0,2.0,5.0,0.3,3,100,0.0,0.05,0.8872222222222222,0.9037867298443016,0.4866666666666667,nan
confirm_d100_redundant0_noise0.05,controlled_gaussian_mixture_confirmation,2,0.95,release_2,granular_ball,random_forest,600,100,2,69,4.3478260869565215,1.0,1,56,42,0.8115942028985508,0.855072463768116,2.553040890207041,0.0,0.9540315159880377,1.0,1.0,1.0,2.0,5.0,0.3,3,100,0.0,0.05,0.8906777777777778,0.9119585109699101,0.5033333333333333,nan
confirm_d100_redundant0_noise0.05,controlled_gaussian_mixture_confirmation,2,0.95,release_2,matched_kmeans,logistic,600,100,2,69,4.3478260869565215,1.0,1,89,63,0.9130434782608695,0.9130434782608695,0.8059260541118288,0.0,0.9876105368698036,1.0,1.0,1.0,2.0,5.0,0.3,3,100,0.0,0.05,0.7867999999999999,0.8077847898133047,0.23666666666666666,nan
confirm_d100_redundant0_noise0.05,controlled_gaussian_mixture_confirmation,2,0.95,release_2,matched_kmeans,random_forest,600,100,2,69,4.3478260869565215,1.0,1,89,63,0.9130434782608695,0.9130434782608695,0.8059260541118288,0.0,0.9876105368698036,1.0,1.0,1.0,2.0,5.0,0.3,3,100,0.0,0.05,0.8430833333333332,0.8555471348971093,0.36666666666666664,nan
confirm_d100_redundant0_noise0.05,controlled_gaussian_mixture_confirmation,2,0.95,release_3,granular_ball,logistic,600,100,2,69,4.3478260869565215,1.0,1,56,42,0.8115942028985508,0.855072463768116,2.553040890207041,0.0,0.9540315159880377,1.0,1.0,1.0,2.0,5.0,0.3,3,100,0.0,0.05,0.8806,0.9002156673859723,0.5466666666666666,nan
confirm_d100_redundant0_noise0.05,controlled_gaussian_mixture_confirmation,2,0.95,release_3,granular_ball,random_forest,600,100,2,69,4.3478260869565215,1.0,1,56,42,0.8115942028985508,0.855072463768116,2.553040890207041,0.0,0.9540315159880377,1.0,1.0,1.0,2.0,5.0,0.3,3,100,0.0,0.05,0.8925555555555555,0.913113349870974,0.5133333333333333,nan
confirm_d100_redundant0_noise0.05,controlled_gaussian_mixture_confirmation,2,0.95,release_3,matched_kmeans,logistic,600,100,2,69,4.3478260869565215,1.0,1,89,63,0.9130434782608695,0.9130434782608695,0.8059260541118288,0.0,0.9876105368698036,1.0,1.0,1.0,2.0,5.0,0.3,3,100,0.0,0.05,0.7813555555555556,0.8013487792533365,0.23333333333333334,nan
confirm_d100_redundant0_noise0.05,controlled_gaussian_mixture_confirmation,2,0.95,release_3,matched_kmeans,random_forest,600,100,2,69,4.3478260869565215,1.0,1,89,63,0.9130434782608695,0.9130434782608695,0.8059260541118288,0.0,0.9876105368698036,1.0,1.0,1.0,2.0,5.0,0.3,3,100,0.0,0.05,0.8422333333333333,0.855430906896108,0.37333333333333335,nan
confirm_d100_redundant0_noise0.05,controlled_gaussian_mixture_confirmation,2,0.99,release_1,granular_ball,logistic,600,100,2,90,3.3333333333333335,1.0,1,43,50,0.7555555555555555,0.8666666666666667,3.0169152543832336,0.0,0.9666666666666667,1.0,1.0,1.0,2.0,5.0,0.3,3,100,0.0,0.05,0.9204333333333332,0.9271775750641115,0.5,nan
confirm_d100_redundant0_noise0.05,controlled_gaussian_mixture_confirmation,2,0.99,release_1,granular_ball,random_forest,600,100,2,90,3.3333333333333335,1.0,1,43,50,0.7555555555555555,0.8666666666666667,3.0169152543832336,0.0,0.9666666666666667,1.0,1.0,1.0,2.0,5.0,0.3,3,100,0.0,0.05,0.9293999999999999,0.9451050144440728,0.6866666666666666,nan
confirm_d100_redundant0_noise0.05,controlled_gaussian_mixture_confirmation,2,0.99,release_1,matched_kmeans,logistic,600,100,2,90,3.3333333333333335,1.0,1,85,84,0.9333333333333333,0.9333333333333333,0.6002887737523557,0.0,0.9914030058617043,1.0,1.0,1.0,2.0,5.0,0.3,3,100,0.0,0.05,0.8157888888888889,0.8198468001343906,0.3,nan
confirm_d100_redundant0_noise0.05,controlled_gaussian_mixture_confirmation,2,0.99,release_1,matched_kmeans,random_forest,600,100,2,90,3.3333333333333335,1.0,1,85,84,0.9333333333333333,0.9333333333333333,0.6002887737523557,0.0,0.9914030058617043,1.0,1.0,1.0,2.0,5.0,0.3,3,100,0.0,0.05,0.8560555555555555,0.8733009558692403,0.4766666666666667,nan
confirm_d100_redundant0_noise0.05,controlled_gaussian_mixture_confirmation,2,0.99,release_2,granular_ball,logistic,600,100,2,90,3.3333333333333335,1.0,1,43,50,0.7555555555555555,0.8666666666666667,3.0169152543832336,0.0,0.9666666666666667,1.0,1.0,1.0,2.0,5.0,0.3,3,100,0.0,0.05,0.9471333333333334,0.9497122958002682,0.54,nan
confirm_d100_redundant0_noise0.05,controlled_gaussian_mixture_confirmation,2,0.99,release_2,granular_ball,random_forest,600,100,2,90,3.3333333333333335,1.0,1,43,50,0.7555555555555555,0.8666666666666667,3.0169152543832336,0.0,0.9666666666666667,1.0,1.0,1.0,2.0,5.0,0.3,3,100,0.0,0.05,0.9566944444444446,0.9599227007313504,0.6133333333333333,nan
confirm_d100_redundant0_noise0.05,controlled_gaussian_mixture_confirmation,2,0.99,release_2,matched_kmeans,logistic,600,100,2,90,3.3333333333333335,1.0,1,85,84,0.9333333333333333,0.9333333333333333,0.6002887737523557,0.0,0.9914030058617043,1.0,1.0,1.0,2.0,5.0,0.3,3,100,0.0,0.05,0.8078000000000001,0.8310977630644227,0.31,nan
confirm_d100_redundant0_noise0.05,controlled_gaussian_mixture_confirmation,2,0.99,release_2,matched_kmeans,random_forest,600,100,2,90,3.3333333333333335,1.0,1,85,84,0.9333333333333333,0.9333333333333333,0.6002887737523557,0.0,0.9914030058617043,1.0,1.0,1.0,2.0,5.0,0.3,3,100,0.0,0.05,0.8630333333333334,0.8784823749745981,0.4633333333333333,nan
confirm_d100_redundant0_noise0.05,controlled_gaussian_mixture_confirmation,2,0.99,release_3,granular_ball,logistic,600,100,2,90,3.3333333333333335,1.0,1,43,50,0.7555555555555555,0.8666666666666667,3.0169152543832336,0.0,0.9666666666666667,1.0,1.0,1.0,2.0,5.0,0.3,3,100,0.0,0.05,0.9431,0.9473703662741595,0.5366666666666666,nan
confirm_d100_redundant0_noise0.05,controlled_gaussian_mixture_confirmation,2,0.99,release_3,granular_ball,random_forest,600,100,2,90,3.3333333333333335,1.0,1,43,50,0.7555555555555555,0.8666666666666667,3.0169152543832336,0.0,0.9666666666666667,1.0,1.0,1.0,2.0,5.0,0.3,3,100,0.0,0.05,0.9575833333333333,0.9600218143357409,0.5866666666666667,nan
confirm_d100_redundant0_noise0.05,controlled_gaussian_mixture_confirmation,2,0.99,release_3,matched_kmeans,logistic,600,100,2,90,3.3333333333333335,1.0,1,85,84,0.9333333333333333,0.9333333333333333,0.6002887737523557,0.0,0.9914030058617043,1.0,1.0,1.0,2.0,5.0,0.3,3,100,0.0,0.05,0.8047555555555557,0.8273130001931617,0.3,nan
confirm_d100_redundant0_noise0.05,controlled_gaussian_mixture_confirmation,2,0.99,release_3,matched_kmeans,random_forest,600,100,2,90,3.3333333333333335,1.0,1,85,84,0.9333333333333333,0.9333333333333333,0.6002887737523557,0.0,0.9914030058617043,1.0,1.0,1.0,2.0,5.0,0.3,3,100,0.0,0.05,0.8586333333333334,0.8755902600871166,0.48333333333333334,nan
confirm_d100_redundant0_noise0.05,controlled_gaussian_mixture_confirmation,13,0.7,release_1,granular_ball,logistic,600,100,2,33,9.090909090909092,1.0,1,77,25,0.7575757575757576,0.7575757575757576,2.292719439902477,0.0,0.9852464034282216,1.0,1.0,1.0,2.0,5.0,0.3,3,100,0.0,0.05,0.7612222222222222,0.7691850249802684,0.18666666666666668,nan
confirm_d100_redundant0_noise0.05,controlled_gaussian_mixture_confirmation,13,0.7,release_1,granular_ball,random_forest,600,100,2,33,9.090909090909092,1.0,1,77,25,0.7575757575757576,0.7575757575757576,2.292719439902477,0.0,0.9852464034282216,1.0,1.0,1.0,2.0,5.0,0.3,3,100,0.0,0.05,0.7736888888888888,0.7891183368254807,0.18,nan
confirm_d100_redundant0_noise0.05,controlled_gaussian_mixture_confirmation,13,0.7,release_1,matched_kmeans,logistic,600,100,2,33,9.090909090909092,1.0,1,99,29,0.8787878787878788,0.8787878787878788,1.1319547661192313,0.0,0.9683904998218346,1.0,1.0,1.0,2.0,5.0,0.3,3,100,0.0,0.05,0.7772222222222223,0.7616861528108397,0.14333333333333334,nan
confirm_d100_redundant0_noise0.05,controlled_gaussian_mixture_confirmation,13,0.7,release_1,matched_kmeans,random_forest,600,100,2,33,9.090909090909092,1.0,1,99,29,0.8787878787878788,0.8787878787878788,1.1319547661192313,0.0,0.9683904998218346,1.0,1.0,1.0,2.0,5.0,0.3,3,100,0.0,0.05,0.8077777777777779,0.8097866073329865,0.14666666666666667,nan
confirm_d100_redundant0_noise0.05,controlled_gaussian_mixture_confirmation,13,0.7,release_2,granular_ball,logistic,600,100,2,33,9.090909090909092,1.0,1,77,25,0.7575757575757576,0.7575757575757576,2.292719439902477,0.0,0.9852464034282216,1.0,1.0,1.0,2.0,5.0,0.3,3,100,0.0,0.05,0.7785444444444445,0.7971475057395495,0.20333333333333334,nan
confirm_d100_redundant0_noise0.05,controlled_gaussian_mixture_confirmation,13,0.7,release_2,granular_ball,random_forest,600,100,2,33,9.090909090909092,1.0,1,77,25,0.7575757575757576,0.7575757575757576,2.292719439902477,0.0,0.9852464034282216,1.0,1.0,1.0,2.0,5.0,0.3,3,100,0.0,0.05,0.7735333333333332,0.78617838578061,0.16333333333333333,nan
confirm_d100_redundant0_noise0.05,controlled_gaussian_mixture_confirmation,13,0.7,release_2,matched_kmeans,logistic,600,100,2,33,9.090909090909092,1.0,1,99,29,0.8787878787878788,0.8787878787878788,1.1319547661192313,0.0,0.9683904998218346,1.0,1.0,1.0,2.0,5.0,0.3,3,100,0.0,0.05,0.7427333333333334,0.7537500318160311,0.18333333333333332,nan
confirm_d100_redundant0_noise0.05,controlled_gaussian_mixture_confirmation,13,0.7,release_2,matched_kmeans,random_forest,600,100,2,33,9.090909090909092,1.0,1,99,29,0.8787878787878788,0.8787878787878788,1.1319547661192313,0.0,0.9683904998218346,1.0,1.0,1.0,2.0,5.0,0.3,3,100,0.0,0.05,0.8015222222222224,0.7973518969743947,0.14,nan
confirm_d100_redundant0_noise0.05,controlled_gaussian_mixture_confirmation,13,0.7,release_3,granular_ball,logistic,600,100,2,33,9.090909090909092,1.0,1,77,25,0.7575757575757576,0.7575757575757576,2.292719439902477,0.0,0.9852464034282216,1.0,1.0,1.0,2.0,5.0,0.3,3,100,0.0,0.05,0.7762777777777777,0.7895964382254322,0.18666666666666668,nan
confirm_d100_redundant0_noise0.05,controlled_gaussian_mixture_confirmation,13,0.7,release_3,granular_ball,random_forest,600,100,2,33,9.090909090909092,1.0,1,77,25,0.7575757575757576,0.7575757575757576,2.292719439902477,0.0,0.9852464034282216,1.0,1.0,1.0,2.0,5.0,0.3,3,100,0.0,0.05,0.7796000000000001,0.7955336448594119,0.18,nan
confirm_d100_redundant0_noise0.05,controlled_gaussian_mixture_confirmation,13,0.7,release_3,matched_kmeans,logistic,600,100,2,33,9.090909090909092,1.0,1,99,29,0.8787878787878788,0.8787878787878788,1.1319547661192313,0.0,0.9683904998218346,1.0,1.0,1.0,2.0,5.0,0.3,3,100,0.0,0.05,0.7424666666666666,0.7534503823037985,0.18,nan
confirm_d100_redundant0_noise0.05,controlled_gaussian_mixture_confirmation,13,0.7,release_3,matched_kmeans,random_forest,600,100,2,33,9.090909090909092,1.0,1,99,29,0.8787878787878788,0.8787878787878788,1.1319547661192313,0.0,0.9683904998218346,1.0,1.0,1.0,2.0,5.0,0.3,3,100,0.0,0.05,0.7944666666666667,0.7898427036782533,0.12666666666666668,nan
confirm_d100_redundant0_noise0.05,controlled_gaussian_mixture_confirmation,13,0.8,release_1,granular_ball,logistic,600,100,2,38,7.894736842105263,1.0,1,77,30,0.7894736842105263,0.7894736842105263,1.9718494243816047,0.0,0.9890631356725436,1.0,1.0,1.0,2.0,5.0,0.3,3,100,0.0,0.05,0.764,0.7729286041467724,0.17666666666666667,nan
confirm_d100_redundant0_noise0.05,controlled_gaussian_mixture_confirmation,13,0.8,release_1,granular_ball,random_forest,600,100,2,38,7.894736842105263,1.0,1,77,30,0.7894736842105263,0.7894736842105263,1.9718494243816047,0.0,0.9890631356725436,1.0,1.0,1.0,2.0,5.0,0.3,3,100,0.0,0.05,0.7781555555555556,0.7953175098770893,0.15666666666666668,nan
confirm_d100_redundant0_noise0.05,controlled_gaussian_mixture_confirmation,13,0.8,release_1,matched_kmeans,logistic,600,100,2,38,7.894736842105263,1.0,1,102,33,0.868421052631579,0.868421052631579,1.2543188487504289,0.0,0.9761563421006145,1.0,1.0,1.0,2.0,5.0,0.3,3,100,0.0,0.05,0.7969333333333334,0.7817778247700665,0.14666666666666667,nan
confirm_d100_redundant0_noise0.05,controlled_gaussian_mixture_confirmation,13,0.8,release_1,matched_kmeans,random_forest,600,100,2,38,7.894736842105263,1.0,1,102,33,0.868421052631579,0.868421052631579,1.2543188487504289,0.0,0.9761563421006145,1.0,1.0,1.0,2.0,5.0,0.3,3,100,0.0,0.05,0.813988888888889,0.8381050270272676,0.32666666666666666,nan
confirm_d100_redundant0_noise0.05,controlled_gaussian_mixture_confirmation,13,0.8,release_2,granular_ball,logistic,600,100,2,38,7.894736842105263,1.0,1,77,30,0.7894736842105263,0.7894736842105263,1.9718494243816047,0.0,0.9890631356725436,1.0,1.0,1.0,2.0,5.0,0.3,3,100,0.0,0.05,0.7863222222222223,0.8045910530094462,0.22,nan
confirm_d100_redundant0_noise0.05,controlled_gaussian_mixture_confirmation,13,0.8,release_2,granular_ball,random_forest,600,100,2,38,7.894736842105263,1.0,1,77,30,0.7894736842105263,0.7894736842105263,1.9718494243816047,0.0,0.9890631356725436,1.0,1.0,1.0,2.0,5.0,0.3,3,100,0.0,0.05,0.7895,0.8018450975104935,0.23666666666666666,nan
confirm_d100_redundant0_noise0.05,controlled_gaussian_mixture_confirmation,13,0.8,release_2,matched_kmeans,logistic,600,100,2,38,7.894736842105263,1.0,1,102,33,0.868421052631579,0.868421052631579,1.2543188487504289,0.0,0.9761563421006145,1.0,1.0,1.0,2.0,5.0,0.3,3,100,0.0,0.05,0.7524555555555557,0.7674322610359307,0.19,nan
confirm_d100_redundant0_noise0.05,controlled_gaussian_mixture_confirmation,13,0.8,release_2,matched_kmeans,random_forest,600,100,2,38,7.894736842105263,1.0,1,102,33,0.868421052631579,0.868421052631579,1.2543188487504289,0.0,0.9761563421006145,1.0,1.0,1.0,2.0,5.0,0.3,3,100,0.0,0.05,0.8170333333333333,0.8384407351895815,0.3333333333333333,nan
confirm_d100_redundant0_noise0.05,controlled_gaussian_mixture_confirmation,13,0.8,release_3,granular_ball,logistic,600,100,2,38,7.894736842105263,1.0,1,77,30,0.7894736842105263,0.7894736842105263,1.9718494243816047,0.0,0.9890631356725436,1.0,1.0,1.0,2.0,5.0,0.3,3,100,0.0,0.05,0.7831444444444445,0.7977133385639505,0.21666666666666667,nan
confirm_d100_redundant0_noise0.05,controlled_gaussian_mixture_confirmation,13,0.8,release_3,granular_ball,random_forest,600,100,2,38,7.894736842105263,1.0,1,77,30,0.7894736842105263,0.7894736842105263,1.9718494243816047,0.0,0.9890631356725436,1.0,1.0,1.0,2.0,5.0,0.3,3,100,0.0,0.05,0.7911666666666666,0.804716587495879,0.21333333333333335,nan
confirm_d100_redundant0_noise0.05,controlled_gaussian_mixture_confirmation,13,0.8,release_3,matched_kmeans,logistic,600,100,2,38,7.894736842105263,1.0,1,102,33,0.868421052631579,0.868421052631579,1.2543188487504289,0.0,0.9761563421006145,1.0,1.0,1.0,2.0,5.0,0.3,3,100,0.0,0.05,0.7626111111111112,0.7784741656563934,0.19666666666666666,nan
confirm_d100_redundant0_noise0.05,controlled_gaussian_mixture_confirmation,13,0.8,release_3,matched_kmeans,random_forest,600,100,2,38,7.894736842105263,1.0,1,102,33,0.868421052631579,0.868421052631579,1.2543188487504289,0.0,0.9761563421006145,1.0,1.0,1.0,2.0,5.0,0.3,3,100,0.0,0.05,0.8187888888888889,0.8353707340545422,0.30666666666666664,nan
confirm_d100_redundant0_noise0.05,controlled_gaussian_mixture_confirmation,13,0.9,release_1,granular_ball,logistic,600,100,2,49,6.122448979591836,1.0,1,77,41,0.8367346938775511,0.8367346938775511,1.4915903094375929,0.0,0.9951495932161882,1.0,1.0,1.0,2.0,5.0,0.3,3,100,0.0,0.05,0.7742666666666667,0.7868109871673745,0.22666666666666666,nan
confirm_d100_redundant0_noise0.05,controlled_gaussian_mixture_confirmation,13,0.9,release_1,granular_ball,random_forest,600,100,2,49,6.122448979591836,1.0,1,77,41,0.8367346938775511,0.8367346938775511,1.4915903094375929,0.0,0.9951495932161882,1.0,1.0,1.0,2.0,5.0,0.3,3,100,0.0,0.05,0.7946,0.8201059736204157,0.28,nan
confirm_d100_redundant0_noise0.05,controlled_gaussian_mixture_confirmation,13,0.9,release_1,matched_kmeans,logistic,600,100,2,49,6.122448979591836,1.0,1,97,44,0.8979591836734694,0.8979591836734694,0.9618171683199439,0.0,0.9823657245232027,1.0,1.0,1.0,2.0,5.0,0.3,3,100,0.0,0.05,0.7950555555555556,0.7813375630848443,0.16333333333333333,nan
confirm_d100_redundant0_noise0.05,controlled_gaussian_mixture_confirmation,13,0.9,release_1,matched_kmeans,random_forest,600,100,2,49,6.122448979591836,1.0,1,97,44,0.8979591836734694,0.8979591836734694,0.9618171683199439,0.0,0.9823657245232027,1.0,1.0,1.0,2.0,5.0,0.3,3,100,0.0,0.05,0.7964055555555556,0.8148503204973003,0.21666666666666667,nan
confirm_d100_redundant0_noise0.05,controlled_gaussian_mixture_confirmation,13,0.9,release_2,granular_ball,logistic,600,100,2,49,6.122448979591836,1.0,1,77,41,0.8367346938775511,0.8367346938775511,1.4915903094375929,0.0,0.9951495932161882,1.0,1.0,1.0,2.0,5.0,0.3,3,100,0.0,0.05,0.8119444444444446,0.8270433648063557,0.2733333333333333,nan
confirm_d100_redundant0_noise0.05,controlled_gaussian_mixture_confirmation,13,0.9,release_2,granular_ball,random_forest,600,100,2,49,6.122448979591836,1.0,1,77,41,0.8367346938775511,0.8367346938775511,1.4915903094375929,0.0,0.9951495932161882,1.0,1.0,1.0,2.0,5.0,0.3,3,100,0.0,0.05,0.8216777777777778,0.8307703213913677,0.30666666666666664,nan
confirm_d100_redundant0_noise0.05,controlled_gaussian_mixture_confirmation,13,0.9,release_2,matched_kmeans,logistic,600,100,2,49,6.122448979591836,1.0,1,97,44,0.8979591836734694,0.8979591836734694,0.9618171683199439,0.0,0.9823657245232027,1.0,1.0,1.0,2.0,5.0,0.3,3,100,0.0,0.05,0.7564000000000001,0.7755210291572068,0.18666666666666668,nan
confirm_d100_redundant0_noise0.05,controlled_gaussian_mixture_confirmation,13,0.9,release_2,matched_kmeans,random_forest,600,100,2,49,6.122448979591836,1.0,1,97,44,0.8979591836734694,0.8979591836734694,0.9618171683199439,0.0,0.9823657245232027,1.0,1.0,1.0,2.0,5.0,0.3,3,100,0.0,0.05,0.8085444444444446,0.8230767994417577,0.23,nan
confirm_d100_redundant0_noise0.05,controlled_gaussian_mixture_confirmation,13,0.9,release_3,granular_ball,logistic,600,100,2,49,6.122448979591836,1.0,1,77,41,0.8367346938775511,0.8367346938775511,1.4915903094375929,0.0,0.9951495932161882,1.0,1.0,1.0,2.0,5.0,0.3,3,100,0.0,0.05,0.8043111111111111,0.8142061575136736,0.24666666666666667,nan
confirm_d100_redundant0_noise0.05,controlled_gaussian_mixture_confirmation,13,0.9,release_3,granular_ball,random_forest,600,100,2,49,6.122448979591836,1.0,1,77,41,0.8367346938775511,0.8367346938775511,1.4915903094375929,0.0,0.9951495932161882,1.0,1.0,1.0,2.0,5.0,0.3,3,100,0.0,0.05,0.8222999999999999,0.8333346500211228,0.2633333333333333,nan
confirm_d100_redundant0_noise0.05,controlled_gaussian_mixture_confirmation,13,0.9,release_3,matched_kmeans,logistic,600,100,2,49,6.122448979591836,1.0,1,97,44,0.8979591836734694,0.8979591836734694,0.9618171683199439,0.0,0.9823657245232027,1.0,1.0,1.0,2.0,5.0,0.3,3,100,0.0,0.05,0.7585777777777778,0.7718878511979144,0.19666666666666666,nan
confirm_d100_redundant0_noise0.05,controlled_gaussian_mixture_confirmation,13,0.9,release_3,matched_kmeans,random_forest,600,100,2,49,6.122448979591836,1.0,1,97,44,0.8979591836734694,0.8979591836734694,0.9618171683199439,0.0,0.9823657245232027,1.0,1.0,1.0,2.0,5.0,0.3,3,100,0.0,0.05,0.8059555555555555,0.8211471115048096,0.23666666666666666,nan
confirm_d100_redundant0_noise0.05,controlled_gaussian_mixture_confirmation,13,0.95,release_1,granular_ball,logistic,600,100,2,54,5.555555555555555,1.0,1,77,45,0.8333333333333334,0.8333333333333334,1.3777939166432334,0.0,0.9966836282625756,1.0,1.0,1.0,2.0,5.0,0.3,3,100,0.0,0.05,0.8094000000000001,0.8150493120191776,0.25,nan
confirm_d100_redundant0_noise0.05,controlled_gaussian_mixture_confirmation,13,0.95,release_1,granular_ball,random_forest,600,100,2,54,5.555555555555555,1.0,1,77,45,0.8333333333333334,0.8333333333333334,1.3777939166432334,0.0,0.9966836282625756,1.0,1.0,1.0,2.0,5.0,0.3,3,100,0.0,0.05,0.8037,0.8190463709092584,0.23333333333333334,nan
confirm_d100_redundant0_noise0.05,controlled_gaussian_mixture_confirmation,13,0.95,release_1,matched_kmeans,logistic,600,100,2,54,5.555555555555555,1.0,1,95,49,0.9074074074074074,0.9074074074074074,0.8686136174198885,0.0,0.9836489371577092,1.0,1.0,1.0,2.0,5.0,0.3,3,100,0.0,0.05,0.7997,0.7877752241750624,0.19,nan
confirm_d100_redundant0_noise0.05,controlled_gaussian_mixture_confirmation,13,0.95,release_1,matched_kmeans,random_forest,600,100,2,54,5.555555555555555,1.0,1,95,49,0.9074074074074074,0.9074074074074074,0.8686136174198885,0.0,0.9836489371577092,1.0,1.0,1.0,2.0,5.0,0.3,3,100,0.0,0.05,0.8148111111111112,0.823001296882014,0.20333333333333334,nan
confirm_d100_redundant0_noise0.05,controlled_gaussian_mixture_confirmation,13,0.95,release_2,granular_ball,logistic,600,100,2,54,5.555555555555555,1.0,1,77,45,0.8333333333333334,0.8333333333333334,1.3777939166432334,0.0,0.9966836282625756,1.0,1.0,1.0,2.0,5.0,0.3,3,100,0.0,0.05,0.8359999999999999,0.842809413350285,0.26,nan
confirm_d100_redundant0_noise0.05,controlled_gaussian_mixture_confirmation,13,0.95,release_2,granular_ball,random_forest,600,100,2,54,5.555555555555555,1.0,1,77,45,0.8333333333333334,0.8333333333333334,1.3777939166432334,0.0,0.9966836282625756,1.0,1.0,1.0,2.0,5.0,0.3,3,100,0.0,0.05,0.8348666666666665,0.837688471577953,0.27,nan
confirm_d100_redundant0_noise0.05,controlled_gaussian_mixture_confirmation,13,0.95,release_2,matched_kmeans,logistic,600,100,2,54,5.555555555555555,1.0,1,95,49,0.9074074074074074,0.9074074074074074,0.8686136174198885,0.0,0.9836489371577092,1.0,1.0,1.0,2.0,5.0,0.3,3,100,0.0,0.05,0.7625555555555555,0.7793227368425697,0.20666666666666667,nan
confirm_d100_redundant0_noise0.05,controlled_gaussian_mixture_confirmation,13,0.95,release_2,matched_kmeans,random_forest,600,100,2,54,5.555555555555555,1.0,1,95,49,0.9074074074074074,0.9074074074074074,0.8686136174198885,0.0,0.9836489371577092,1.0,1.0,1.0,2.0,5.0,0.3,3,100,0.0,0.05,0.815838888888889,0.8195154992663441,0.2,nan
confirm_d100_redundant0_noise0.05,controlled_gaussian_mixture_confirmation,13,0.95,release_3,granular_ball,logistic,600,100,2,54,5.555555555555555,1.0,1,77,45,0.8333333333333334,0.8333333333333334,1.3777939166432334,0.0,0.9966836282625756,1.0,1.0,1.0,2.0,5.0,0.3,3,100,0.0,0.05,0.8237333333333333,0.8277274416014608,0.27,nan
confirm_d100_redundant0_noise0.05,controlled_gaussian_mixture_confirmation,13,0.95,release_3,granular_ball,random_forest,600,100,2,54,5.555555555555555,1.0,1,77,45,0.8333333333333334,0.8333333333333334,1.3777939166432334,0.0,0.9966836282625756,1.0,1.0,1.0,2.0,5.0,0.3,3,100,0.0,0.05,0.8377,0.8425086213652189,0.23,nan
confirm_d100_redundant0_noise0.05,controlled_gaussian_mixture_confirmation,13,0.95,release_3,matched_kmeans,logistic,600,100,2,54,5.555555555555555,1.0,1,95,49,0.9074074074074074,0.9074074074074074,0.8686136174198885,0.0,0.9836489371577092,1.0,1.0,1.0,2.0,5.0,0.3,3,100,0.0,0.05,0.7660222222222222,0.7790766798818538,0.21333333333333335,nan
confirm_d100_redundant0_noise0.05,controlled_gaussian_mixture_confirmation,13,0.95,release_3,matched_kmeans,random_forest,600,100,2,54,5.555555555555555,1.0,1,95,49,0.9074074074074074,0.9074074074074074,0.8686136174198885,0.0,0.9836489371577092,1.0,1.0,1.0,2.0,5.0,0.3,3,100,0.0,0.05,0.8167833333333333,0.8184074665540841,0.18333333333333332,nan
confirm_d100_redundant0_noise0.05,controlled_gaussian_mixture_confirmation,13,0.99,release_1,granular_ball,logistic,600,100,2,66,4.545454545454546,1.0,1,57,49,0.7575757575757576,0.8181818181818182,1.9404587451368693,0.0,0.9968766613503456,1.0,1.0,1.0,2.0,5.0,0.3,3,100,0.0,0.05,0.8735777777777778,0.8792332451651069,0.37333333333333335,nan
confirm_d100_redundant0_noise0.05,controlled_gaussian_mixture_confirmation,13,0.99,release_1,granular_ball,random_forest,600,100,2,66,4.545454545454546,1.0,1,57,49,0.7575757575757576,0.8181818181818182,1.9404587451368693,0.0,0.9968766613503456,1.0,1.0,1.0,2.0,5.0,0.3,3,100,0.0,0.05,0.8937,0.9064964049514916,0.4666666666666667,nan
confirm_d100_redundant0_noise0.05,controlled_gaussian_mixture_confirmation,13,0.99,release_1,matched_kmeans,logistic,600,100,2,66,4.545454545454546,1.0,1,87,59,0.8939393939393939,0.8939393939393939,0.9986604377906956,0.0,0.9880719849983944,1.0,1.0,1.0,2.0,5.0,0.3,3,100,0.0,0.05,0.8143,0.8132487786400588,0.29,nan
confirm_d100_redundant0_noise0.05,controlled_gaussian_mixture_confirmation,13,0.99,release_1,matched_kmeans,random_forest,600,100,2,66,4.545454545454546,1.0,1,87,59,0.8939393939393939,0.8939393939393939,0.9986604377906956,0.0,0.9880719849983944,1.0,1.0,1.0,2.0,5.0,0.3,3,100,0.0,0.05,0.8263111111111111,0.8441404216862826,0.34,nan
confirm_d100_redundant0_noise0.05,controlled_gaussian_mixture_confirmation,13,0.99,release_2,granular_ball,logistic,600,100,2,66,4.545454545454546,1.0,1,57,49,0.7575757575757576,0.8181818181818182,1.9404587451368693,0.0,0.9968766613503456,1.0,1.0,1.0,2.0,5.0,0.3,3,100,0.0,0.05,0.8931111111111111,0.8965073647948316,0.39666666666666667,nan
confirm_d100_redundant0_noise0.05,controlled_gaussian_mixture_confirmation,13,0.99,release_2,granular_ball,random_forest,600,100,2,66,4.545454545454546,1.0,1,57,49,0.7575757575757576,0.8181818181818182,1.9404587451368693,0.0,0.9968766613503456,1.0,1.0,1.0,2.0,5.0,0.3,3,100,0.0,0.05,0.9068388888888889,0.9135936034109349,0.41333333333333333,nan
confirm_d100_redundant0_noise0.05,controlled_gaussian_mixture_confirmation,13,0.99,release_2,matched_kmeans,logistic,600,100,2,66,4.545454545454546,1.0,1,87,59,0.8939393939393939,0.8939393939393939,0.9986604377906956,0.0,0.9880719849983944,1.0,1.0,1.0,2.0,5.0,0.3,3,100,0.0,0.05,0.7924666666666667,0.8195750717383041,0.32,nan
confirm_d100_redundant0_noise0.05,controlled_gaussian_mixture_confirmation,13,0.99,release_2,matched_kmeans,random_forest,600,100,2,66,4.545454545454546,1.0,1,87,59,0.8939393939393939,0.8939393939393939,0.9986604377906956,0.0,0.9880719849983944,1.0,1.0,1.0,2.0,5.0,0.3,3,100,0.0,0.05,0.8254111111111112,0.84305302951931,0.33666666666666667,nan
confirm_d100_redundant0_noise0.05,controlled_gaussian_mixture_confirmation,13,0.99,release_3,granular_ball,logistic,600,100,2,66,4.545454545454546,1.0,1,57,49,0.7575757575757576,0.8181818181818182,1.9404587451368693,0.0,0.9968766613503456,1.0,1.0,1.0,2.0,5.0,0.3,3,100,0.0,0.05,0.8898777777777777,0.8940395571911923,0.39666666666666667,nan
confirm_d100_redundant0_noise0.05,controlled_gaussian_mixture_confirmation,13,0.99,release_3,granular_ball,random_forest,600,100,2,66,4.545454545454546,1.0,1,57,49,0.7575757575757576,0.8181818181818182,1.9404587451368693,0.0,0.9968766613503456,1.0,1.0,1.0,2.0,5.0,0.3,3,100,0.0,0.05,0.9052444444444444,0.9131945002882244,0.4533333333333333,nan
confirm_d100_redundant0_noise0.05,controlled_gaussian_mixture_confirmation,13,0.99,release_3,matched_kmeans,logistic,600,100,2,66,4.545454545454546,1.0,1,87,59,0.8939393939393939,0.8939393939393939,0.9986604377906956,0.0,0.9880719849983944,1.0,1.0,1.0,2.0,5.0,0.3,3,100,0.0,0.05,0.7933111111111112,0.8194542558450899,0.3233333333333333,nan
confirm_d100_redundant0_noise0.05,controlled_gaussian_mixture_confirmation,13,0.99,release_3,matched_kmeans,random_forest,600,100,2,66,4.545454545454546,1.0,1,87,59,0.8939393939393939,0.8939393939393939,0.9986604377906956,0.0,0.9880719849983944,1.0,1.0,1.0,2.0,5.0,0.3,3,100,0.0,0.05,0.8277888888888889,0.8446453733239443,0.29,nan
confirm_d100_redundant0_noise0.05,controlled_gaussian_mixture_confirmation,73,0.7,release_1,granular_ball,logistic,600,100,2,28,10.714285714285714,1.0,1,65,20,0.7142857142857143,0.7142857142857143,2.7467444954641884,0.0,0.975690083725798,1.0,1.0,1.0,2.0,5.0,0.3,3,100,0.0,0.05,0.7226000000000001,0.7363461308428395,0.12,nan
confirm_d100_redundant0_noise0.05,controlled_gaussian_mixture_confirmation,73,0.7,release_1,granular_ball,random_forest,600,100,2,28,10.714285714285714,1.0,1,65,20,0.7142857142857143,0.7142857142857143,2.7467444954641884,0.0,0.975690083725798,1.0,1.0,1.0,2.0,5.0,0.3,3,100,0.0,0.05,0.778788888888889,0.7992350722511663,0.18,nan
confirm_d100_redundant0_noise0.05,controlled_gaussian_mixture_confirmation,73,0.7,release_1,matched_kmeans,logistic,600,100,2,28,10.714285714285714,1.0,1,103,23,0.8214285714285714,0.8214285714285714,1.718973740222241,0.0,0.962569975175675,1.0,1.0,1.0,2.0,5.0,0.3,3,100,0.0,0.05,0.7128888888888889,0.6965868087840262,0.08333333333333333,nan
confirm_d100_redundant0_noise0.05,controlled_gaussian_mixture_confirmation,73,0.7,release_1,matched_kmeans,random_forest,600,100,2,28,10.714285714285714,1.0,1,103,23,0.8214285714285714,0.8214285714285714,1.718973740222241,0.0,0.962569975175675,1.0,1.0,1.0,2.0,5.0,0.3,3,100,0.0,0.05,0.7292277777777777,0.7237279598560233,0.09,nan
confirm_d100_redundant0_noise0.05,controlled_gaussian_mixture_confirmation,73,0.7,release_2,granular_ball,logistic,600,100,2,28,10.714285714285714,1.0,1,65,20,0.7142857142857143,0.7142857142857143,2.7467444954641884,0.0,0.975690083725798,1.0,1.0,1.0,2.0,5.0,0.3,3,100,0.0,0.05,0.7737111111111112,0.80214988964821,0.25333333333333335,nan
confirm_d100_redundant0_noise0.05,controlled_gaussian_mixture_confirmation,73,0.7,release_2,granular_ball,random_forest,600,100,2,28,10.714285714285714,1.0,1,65,20,0.7142857142857143,0.7142857142857143,2.7467444954641884,0.0,0.975690083725798,1.0,1.0,1.0,2.0,5.0,0.3,3,100,0.0,0.05,0.7782833333333333,0.7875891388985349,0.16666666666666666,nan
confirm_d100_redundant0_noise0.05,controlled_gaussian_mixture_confirmation,73,0.7,release_2,matched_kmeans,logistic,600,100,2,28,10.714285714285714,1.0,1,103,23,0.8214285714285714,0.8214285714285714,1.718973740222241,0.0,0.962569975175675,1.0,1.0,1.0,2.0,5.0,0.3,3,100,0.0,0.05,0.6830222222222223,0.6866206309987195,0.08333333333333333,nan
confirm_d100_redundant0_noise0.05,controlled_gaussian_mixture_confirmation,73,0.7,release_2,matched_kmeans,random_forest,600,100,2,28,10.714285714285714,1.0,1,103,23,0.8214285714285714,0.8214285714285714,1.718973740222241,0.0,0.962569975175675,1.0,1.0,1.0,2.0,5.0,0.3,3,100,0.0,0.05,0.7268,0.72760164963234,0.08333333333333333,nan
confirm_d100_redundant0_noise0.05,controlled_gaussian_mixture_confirmation,73,0.7,release_3,granular_ball,logistic,600,100,2,28,10.714285714285714,1.0,1,65,20,0.7142857142857143,0.7142857142857143,2.7467444954641884,0.0,0.975690083725798,1.0,1.0,1.0,2.0,5.0,0.3,3,100,0.0,0.05,0.7744444444444444,0.8029320054583341,0.26666666666666666,nan
confirm_d100_redundant0_noise0.05,controlled_gaussian_mixture_confirmation,73,0.7,release_3,granular_ball,random_forest,600,100,2,28,10.714285714285714,1.0,1,65,20,0.7142857142857143,0.7142857142857143,2.7467444954641884,0.0,0.975690083725798,1.0,1.0,1.0,2.0,5.0,0.3,3,100,0.0,0.05,0.7761666666666668,0.783438317087672,0.17,nan
confirm_d100_redundant0_noise0.05,controlled_gaussian_mixture_confirmation,73,0.7,release_3,matched_kmeans,logistic,600,100,2,28,10.714285714285714,1.0,1,103,23,0.8214285714285714,0.8214285714285714,1.718973740222241,0.0,0.962569975175675,1.0,1.0,1.0,2.0,5.0,0.3,3,100,0.0,0.05,0.673,0.6785740347931322,0.08333333333333333,nan
confirm_d100_redundant0_noise0.05,controlled_gaussian_mixture_confirmation,73,0.7,release_3,matched_kmeans,random_forest,600,100,2,28,10.714285714285714,1.0,1,103,23,0.8214285714285714,0.8214285714285714,1.718973740222241,0.0,0.962569975175675,1.0,1.0,1.0,2.0,5.0,0.3,3,100,0.0,0.05,0.7254777777777779,0.7298387108039169,0.11666666666666667,nan
confirm_d100_redundant0_noise0.05,controlled_gaussian_mixture_confirmation,73,0.8,release_1,granular_ball,logistic,600,100,2,36,8.333333333333334,1.0,1,57,28,0.7777777777777778,0.7777777777777778,2.10912697955992,0.0,0.9838513216802691,1.0,1.0,1.0,2.0,5.0,0.3,3,100,0.0,0.05,0.7276222222222222,0.7454903893114,0.16666666666666666,nan
confirm_d100_redundant0_noise0.05,controlled_gaussian_mixture_confirmation,73,0.8,release_1,granular_ball,random_forest,600,100,2,36,8.333333333333334,1.0,1,57,28,0.7777777777777778,0.7777777777777778,2.10912697955992,0.0,0.9838513216802691,1.0,1.0,1.0,2.0,5.0,0.3,3,100,0.0,0.05,0.7681444444444444,0.7934720416867107,0.18333333333333332,nan
confirm_d100_redundant0_noise0.05,controlled_gaussian_mixture_confirmation,73,0.8,release_1,matched_kmeans,logistic,600,100,2,36,8.333333333333334,1.0,1,127,30,0.8333333333333334,0.8333333333333334,1.719637504625558,0.0,0.983342696608463,1.0,1.0,1.0,2.0,5.0,0.3,3,100,0.0,0.05,0.7161111111111111,0.7267940315540486,0.13333333333333333,nan
confirm_d100_redundant0_noise0.05,controlled_gaussian_mixture_confirmation,73,0.8,release_1,matched_kmeans,random_forest,600,100,2,36,8.333333333333334,1.0,1,127,30,0.8333333333333334,0.8333333333333334,1.719637504625558,0.0,0.983342696608463,1.0,1.0,1.0,2.0,5.0,0.3,3,100,0.0,0.05,0.7143388888888889,0.751627516359771,0.22333333333333333,nan
confirm_d100_redundant0_noise0.05,controlled_gaussian_mixture_confirmation,73,0.8,release_2,granular_ball,logistic,600,100,2,36,8.333333333333334,1.0,1,57,28,0.7777777777777778,0.7777777777777778,2.10912697955992,0.0,0.9838513216802691,1.0,1.0,1.0,2.0,5.0,0.3,3,100,0.0,0.05,0.7906444444444445,0.8188047633139697,0.30666666666666664,nan
confirm_d100_redundant0_noise0.05,controlled_gaussian_mixture_confirmation,73,0.8,release_2,granular_ball,random_forest,600,100,2,36,8.333333333333334,1.0,1,57,28,0.7777777777777778,0.7777777777777778,2.10912697955992,0.0,0.9838513216802691,1.0,1.0,1.0,2.0,5.0,0.3,3,100,0.0,0.05,0.769988888888889,0.7874363458965477,0.16,nan
confirm_d100_redundant0_noise0.05,controlled_gaussian_mixture_confirmation,73,0.8,release_2,matched_kmeans,logistic,600,100,2,36,8.333333333333334,1.0,1,127,30,0.8333333333333334,0.8333333333333334,1.719637504625558,0.0,0.983342696608463,1.0,1.0,1.0,2.0,5.0,0.3,3,100,0.0,0.05,0.7246222222222223,0.7609261290807358,0.20333333333333334,nan
confirm_d100_redundant0_noise0.05,controlled_gaussian_mixture_confirmation,73,0.8,release_2,matched_kmeans,random_forest,600,100,2,36,8.333333333333334,1.0,1,127,30,0.8333333333333334,0.8333333333333334,1.719637504625558,0.0,0.983342696608463,1.0,1.0,1.0,2.0,5.0,0.3,3,100,0.0,0.05,0.7178777777777778,0.7471160730880952,0.20666666666666667,nan
confirm_d100_redundant0_noise0.05,controlled_gaussian_mixture_confirmation,73,0.8,release_3,granular_ball,logistic,600,100,2,36,8.333333333333334,1.0,1,57,28,0.7777777777777778,0.7777777777777778,2.10912697955992,0.0,0.9838513216802691,1.0,1.0,1.0,2.0,5.0,0.3,3,100,0.0,0.05,0.7902666666666668,0.8178930702592344,0.31,nan
confirm_d100_redundant0_noise0.05,controlled_gaussian_mixture_confirmation,73,0.8,release_3,granular_ball,random_forest,600,100,2,36,8.333333333333334,1.0,1,57,28,0.7777777777777778,0.7777777777777778,2.10912697955992,0.0,0.9838513216802691,1.0,1.0,1.0,2.0,5.0,0.3,3,100,0.0,0.05,0.7701555555555556,0.785905386409705,0.17,nan
confirm_d100_redundant0_noise0.05,controlled_gaussian_mixture_confirmation,73,0.8,release_3,matched_kmeans,logistic,600,100,2,36,8.333333333333334,1.0,1,127,30,0.8333333333333334,0.8333333333333334,1.719637504625558,0.0,0.983342696608463,1.0,1.0,1.0,2.0,5.0,0.3,3,100,0.0,0.05,0.7208666666666665,0.7563882550957055,0.19,nan
confirm_d100_redundant0_noise0.05,controlled_gaussian_mixture_confirmation,73,0.8,release_3,matched_kmeans,random_forest,600,100,2,36,8.333333333333334,1.0,1,127,30,0.8333333333333334,0.8333333333333334,1.719637504625558,0.0,0.983342696608463,1.0,1.0,1.0,2.0,5.0,0.3,3,100,0.0,0.05,0.7189555555555556,0.7477471514585111,0.19666666666666666,nan
confirm_d100_redundant0_noise0.05,controlled_gaussian_mixture_confirmation,73,0.9,release_1,granular_ball,logistic,600,100,2,53,5.660377358490566,1.0,1,51,41,0.8301886792452831,0.8301886792452831,2.0028567895846576,0.0,0.9926021351937001,1.0,1.0,1.0,2.0,5.0,0.3,3,100,0.0,0.05,0.7656666666666667,0.7854344870844825,0.22,nan
confirm_d100_redundant0_noise0.05,controlled_gaussian_mixture_confirmation,73,0.9,release_1,granular_ball,random_forest,600,100,2,53,5.660377358490566,1.0,1,51,41,0.8301886792452831,0.8301886792452831,2.0028567895846576,0.0,0.9926021351937001,1.0,1.0,1.0,2.0,5.0,0.3,3,100,0.0,0.05,0.8239666666666667,0.8412894616585258,0.31666666666666665,nan
confirm_d100_redundant0_noise0.05,controlled_gaussian_mixture_confirmation,73,0.9,release_1,matched_kmeans,logistic,600,100,2,53,5.660377358490566,1.0,1,98,47,0.8867924528301887,0.8867924528301887,1.1007175977363015,0.0,0.9805373721815771,1.0,1.0,1.0,2.0,5.0,0.3,3,100,0.0,0.05,0.7713444444444445,0.7572774281530328,0.16333333333333333,nan
confirm_d100_redundant0_noise0.05,controlled_gaussian_mixture_confirmation,73,0.9,release_1,matched_kmeans,random_forest,600,100,2,53,5.660377358490566,1.0,1,98,47,0.8867924528301887,0.8867924528301887,1.1007175977363015,0.0,0.9805373721815771,1.0,1.0,1.0,2.0,5.0,0.3,3,100,0.0,0.05,0.788511111111111,0.8090141920022393,0.25333333333333335,nan
confirm_d100_redundant0_noise0.05,controlled_gaussian_mixture_confirmation,73,0.9,release_2,granular_ball,logistic,600,100,2,53,5.660377358490566,1.0,1,51,41,0.8301886792452831,0.8301886792452831,2.0028567895846576,0.0,0.9926021351937001,1.0,1.0,1.0,2.0,5.0,0.3,3,100,0.0,0.05,0.8245444444444445,0.8501127596603648,0.42333333333333334,nan
confirm_d100_redundant0_noise0.05,controlled_gaussian_mixture_confirmation,73,0.9,release_2,granular_ball,random_forest,600,100,2,53,5.660377358490566,1.0,1,51,41,0.8301886792452831,0.8301886792452831,2.0028567895846576,0.0,0.9926021351937001,1.0,1.0,1.0,2.0,5.0,0.3,3,100,0.0,0.05,0.8373666666666667,0.8492865346581526,0.33,nan
confirm_d100_redundant0_noise0.05,controlled_gaussian_mixture_confirmation,73,0.9,release_2,matched_kmeans,logistic,600,100,2,53,5.660377358490566,1.0,1,98,47,0.8867924528301887,0.8867924528301887,1.1007175977363015,0.0,0.9805373721815771,1.0,1.0,1.0,2.0,5.0,0.3,3,100,0.0,0.05,0.7216000000000001,0.7422351514833302,0.17333333333333334,nan
confirm_d100_redundant0_noise0.05,controlled_gaussian_mixture_confirmation,73,0.9,release_2,matched_kmeans,random_forest,600,100,2,53,5.660377358490566,1.0,1,98,47,0.8867924528301887,0.8867924528301887,1.1007175977363015,0.0,0.9805373721815771,1.0,1.0,1.0,2.0,5.0,0.3,3,100,0.0,0.05,0.7826388888888889,0.7990942418264977,0.22,nan
confirm_d100_redundant0_noise0.05,controlled_gaussian_mixture_confirmation,73,0.9,release_3,granular_ball,logistic,600,100,2,53,5.660377358490566,1.0,1,51,41,0.8301886792452831,0.8301886792452831,2.0028567895846576,0.0,0.9926021351937001,1.0,1.0,1.0,2.0,5.0,0.3,3,100,0.0,0.05,0.8219000000000001,0.8468279402886316,0.36666666666666664,nan
confirm_d100_redundant0_noise0.05,controlled_gaussian_mixture_confirmation,73,0.9,release_3,granular_ball,random_forest,600,100,2,53,5.660377358490566,1.0,1,51,41,0.8301886792452831,0.8301886792452831,2.0028567895846576,0.0,0.9926021351937001,1.0,1.0,1.0,2.0,5.0,0.3,3,100,0.0,0.05,0.8355611111111112,0.8474341938391096,0.30333333333333334,nan
confirm_d100_redundant0_noise0.05,controlled_gaussian_mixture_confirmation,73,0.9,release_3,matched_kmeans,logistic,600,100,2,53,5.660377358490566,1.0,1,98,47,0.8867924528301887,0.8867924528301887,1.1007175977363015,0.0,0.9805373721815771,1.0,1.0,1.0,2.0,5.0,0.3,3,100,0.0,0.05,0.719088888888889,0.7397661874729318,0.17333333333333334,nan
confirm_d100_redundant0_noise0.05,controlled_gaussian_mixture_confirmation,73,0.9,release_3,matched_kmeans,random_forest,600,100,2,53,5.660377358490566,1.0,1,98,47,0.8867924528301887,0.8867924528301887,1.1007175977363015,0.0,0.9805373721815771,1.0,1.0,1.0,2.0,5.0,0.3,3,100,0.0,0.05,0.7845000000000001,0.8011561066764367,0.26,nan
confirm_d100_redundant0_noise0.05,controlled_gaussian_mixture_confirmation,73,0.95,release_1,granular_ball,logistic,600,100,2,84,3.5714285714285716,1.0,1,48,52,0.7857142857142857,0.8452380952380952,2.9818866256355268,0.0,0.9607683982683984,1.0,1.0,1.0,2.0,5.0,0.3,3,100,0.0,0.05,0.9083,0.9166430830516676,0.5166666666666667,nan
confirm_d100_redundant0_noise0.05,controlled_gaussian_mixture_confirmation,73,0.95,release_1,granular_ball,random_forest,600,100,2,84,3.5714285714285716,1.0,1,48,52,0.7857142857142857,0.8452380952380952,2.9818866256355268,0.0,0.9607683982683984,1.0,1.0,1.0,2.0,5.0,0.3,3,100,0.0,0.05,0.9216111111111112,0.9358276161771839,0.6233333333333333,nan
confirm_d100_redundant0_noise0.05,controlled_gaussian_mixture_confirmation,73,0.95,release_1,matched_kmeans,logistic,600,100,2,84,3.5714285714285716,1.0,1,92,77,0.9166666666666666,0.9285714285714286,0.7720313430488991,0.0,0.9889457534265886,1.0,1.0,1.0,2.0,5.0,0.3,3,100,0.0,0.05,0.8207333333333333,0.8178525311031557,0.2733333333333333,nan
confirm_d100_redundant0_noise0.05,controlled_gaussian_mixture_confirmation,73,0.95,release_1,matched_kmeans,random_forest,600,100,2,84,3.5714285714285716,1.0,1,92,77,0.9166666666666666,0.9285714285714286,0.7720313430488991,0.0,0.9889457534265886,1.0,1.0,1.0,2.0,5.0,0.3,3,100,0.0,0.05,0.8418,0.8647904850120605,0.42333333333333334,nan
confirm_d100_redundant0_noise0.05,controlled_gaussian_mixture_confirmation,73,0.95,release_2,granular_ball,logistic,600,100,2,84,3.5714285714285716,1.0,1,48,52,0.7857142857142857,0.8452380952380952,2.9818866256355268,0.0,0.9607683982683984,1.0,1.0,1.0,2.0,5.0,0.3,3,100,0.0,0.05,0.9179222222222221,0.9285097217644653,0.6033333333333334,nan
confirm_d100_redundant0_noise0.05,controlled_gaussian_mixture_confirmation,73,0.95,release_2,granular_ball,random_forest,600,100,2,84,3.5714285714285716,1.0,1,48,52,0.7857142857142857,0.8452380952380952,2.9818866256355268,0.0,0.9607683982683984,1.0,1.0,1.0,2.0,5.0,0.3,3,100,0.0,0.05,0.9321888888888888,0.9404509457277928,0.6066666666666667,nan
confirm_d100_redundant0_noise0.05,controlled_gaussian_mixture_confirmation,73,0.95,release_2,matched_kmeans,logistic,600,100,2,84,3.5714285714285716,1.0,1,92,77,0.9166666666666666,0.9285714285714286,0.7720313430488991,0.0,0.9889457534265886,1.0,1.0,1.0,2.0,5.0,0.3,3,100,0.0,0.05,0.8044,0.8318751452608935,0.3433333333333333,nan
confirm_d100_redundant0_noise0.05,controlled_gaussian_mixture_confirmation,73,0.95,release_2,matched_kmeans,random_forest,600,100,2,84,3.5714285714285716,1.0,1,92,77,0.9166666666666666,0.9285714285714286,0.7720313430488991,0.0,0.9889457534265886,1.0,1.0,1.0,2.0,5.0,0.3,3,100,0.0,0.05,0.83245,0.8542307077558356,0.38666666666666666,nan
confirm_d100_redundant0_noise0.05,controlled_gaussian_mixture_confirmation,73,0.95,release_3,granular_ball,logistic,600,100,2,84,3.5714285714285716,1.0,1,48,52,0.7857142857142857,0.8452380952380952,2.9818866256355268,0.0,0.9607683982683984,1.0,1.0,1.0,2.0,5.0,0.3,3,100,0.0,0.05,0.915688888888889,0.9283552377099787,0.5766666666666667,nan
confirm_d100_redundant0_noise0.05,controlled_gaussian_mixture_confirmation,73,0.95,release_3,granular_ball,random_forest,600,100,2,84,3.5714285714285716,1.0,1,48,52,0.7857142857142857,0.8452380952380952,2.9818866256355268,0.0,0.9607683982683984,1.0,1.0,1.0,2.0,5.0,0.3,3,100,0.0,0.05,0.9331722222222222,0.9402212576190205,0.58,nan
confirm_d100_redundant0_noise0.05,controlled_gaussian_mixture_confirmation,73,0.95,release_3,matched_kmeans,logistic,600,100,2,84,3.5714285714285716,1.0,1,92,77,0.9166666666666666,0.9285714285714286,0.7720313430488991,0.0,0.9889457534265886,1.0,1.0,1.0,2.0,5.0,0.3,3,100,0.0,0.05,0.8018666666666667,0.8298004288508434,0.3466666666666667,nan
confirm_d100_redundant0_noise0.05,controlled_gaussian_mixture_confirmation,73,0.95,release_3,matched_kmeans,random_forest,600,100,2,84,3.5714285714285716,1.0,1,92,77,0.9166666666666666,0.9285714285714286,0.7720313430488991,0.0,0.9889457534265886,1.0,1.0,1.0,2.0,5.0,0.3,3,100,0.0,0.05,0.8277555555555556,0.8489159912898179,0.36666666666666664,nan
confirm_d100_redundant0_noise0.05,controlled_gaussian_mixture_confirmation,73,0.99,release_1,granular_ball,logistic,600,100,2,93,3.225806451612903,1.0,1,20,56,0.7634408602150538,0.8279569892473119,2.889240364411431,0.0,0.9649723036819812,1.0,1.0,1.0,2.0,5.0,0.3,3,100,0.0,0.05,0.9317666666666666,0.9415250052365596,0.6433333333333333,nan
confirm_d100_redundant0_noise0.05,controlled_gaussian_mixture_confirmation,73,0.99,release_1,granular_ball,random_forest,600,100,2,93,3.225806451612903,1.0,1,20,56,0.7634408602150538,0.8279569892473119,2.889240364411431,0.0,0.9649723036819812,1.0,1.0,1.0,2.0,5.0,0.3,3,100,0.0,0.05,0.9470777777777779,0.9566244982199423,0.6866666666666666,nan
confirm_d100_redundant0_noise0.05,controlled_gaussian_mixture_confirmation,73,0.99,release_1,matched_kmeans,logistic,600,100,2,93,3.225806451612903,1.0,1,110,86,0.9354838709677419,0.9354838709677419,0.7111170648199403,0.0,0.9950581079613338,1.0,1.0,1.0,2.0,5.0,0.3,3,100,0.0,0.05,0.788,0.7966694521187276,0.2966666666666667,nan
confirm_d100_redundant0_noise0.05,controlled_gaussian_mixture_confirmation,73,0.99,release_1,matched_kmeans,random_forest,600,100,2,93,3.225806451612903,1.0,1,110,86,0.9354838709677419,0.9354838709677419,0.7111170648199403,0.0,0.9950581079613338,1.0,1.0,1.0,2.0,5.0,0.3,3,100,0.0,0.05,0.8374833333333334,0.8564946060229112,0.37,nan
confirm_d100_redundant0_noise0.05,controlled_gaussian_mixture_confirmation,73,0.99,release_2,granular_ball,logistic,600,100,2,93,3.225806451612903,1.0,1,20,56,0.7634408602150538,0.8279569892473119,2.889240364411431,0.0,0.9649723036819812,1.0,1.0,1.0,2.0,5.0,0.3,3,100,0.0,0.05,0.9496444444444444,0.9536774837256337,0.6366666666666667,nan
confirm_d100_redundant0_noise0.05,controlled_gaussian_mixture_confirmation,73,0.99,release_2,granular_ball,random_forest,600,100,2,93,3.225806451612903,1.0,1,20,56,0.7634408602150538,0.8279569892473119,2.889240364411431,0.0,0.9649723036819812,1.0,1.0,1.0,2.0,5.0,0.3,3,100,0.0,0.05,0.9600333333333333,0.964963932089316,0.67,nan
confirm_d100_redundant0_noise0.05,controlled_gaussian_mixture_confirmation,73,0.99,release_2,matched_kmeans,logistic,600,100,2,93,3.225806451612903,1.0,1,110,86,0.9354838709677419,0.9354838709677419,0.7111170648199403,0.0,0.9950581079613338,1.0,1.0,1.0,2.0,5.0,0.3,3,100,0.0,0.05,0.8380000000000001,0.8573265943513538,0.36,nan
confirm_d100_redundant0_noise0.05,controlled_gaussian_mixture_confirmation,73,0.99,release_2,matched_kmeans,random_forest,600,100,2,93,3.225806451612903,1.0,1,110,86,0.9354838709677419,0.9354838709677419,0.7111170648199403,0.0,0.9950581079613338,1.0,1.0,1.0,2.0,5.0,0.3,3,100,0.0,0.05,0.8461333333333333,0.8659704555876168,0.4,nan
confirm_d100_redundant0_noise0.05,controlled_gaussian_mixture_confirmation,73,0.99,release_3,granular_ball,logistic,600,100,2,93,3.225806451612903,1.0,1,20,56,0.7634408602150538,0.8279569892473119,2.889240364411431,0.0,0.9649723036819812,1.0,1.0,1.0,2.0,5.0,0.3,3,100,0.0,0.05,0.9308555555555555,0.9377884636520329,0.5833333333333334,nan
confirm_d100_redundant0_noise0.05,controlled_gaussian_mixture_confirmation,73,0.99,release_3,granular_ball,random_forest,600,100,2,93,3.225806451612903,1.0,1,20,56,0.7634408602150538,0.8279569892473119,2.889240364411431,0.0,0.9649723036819812,1.0,1.0,1.0,2.0,5.0,0.3,3,100,0.0,0.05,0.9580666666666666,0.9630379829465704,0.63,nan
confirm_d100_redundant0_noise0.05,controlled_gaussian_mixture_confirmation,73,0.99,release_3,matched_kmeans,logistic,600,100,2,93,3.225806451612903,1.0,1,110,86,0.9354838709677419,0.9354838709677419,0.7111170648199403,0.0,0.9950581079613338,1.0,1.0,1.0,2.0,5.0,0.3,3,100,0.0,0.05,0.8286888888888889,0.8463380269911625,0.36333333333333334,nan
confirm_d100_redundant0_noise0.05,controlled_gaussian_mixture_confirmation,73,0.99,release_3,matched_kmeans,random_forest,600,100,2,93,3.225806451612903,1.0,1,110,86,0.9354838709677419,0.9354838709677419,0.7111170648199403,0.0,0.9950581079613338,1.0,1.0,1.0,2.0,5.0,0.3,3,100,0.0,0.05,0.8442,0.8643457289329114,0.43,nan
confirm_d100_redundant0_noise0.05,controlled_gaussian_mixture_confirmation,314,0.7,release_1,granular_ball,logistic,600,100,2,18,16.666666666666668,1.0,1,98,12,0.7222222222222222,0.7222222222222222,2.924316644704131,0.0,0.9543354892213984,1.0,0.9741379310344828,1.0,2.0,5.0,0.3,3,100,0.0,0.05,0.6990666666666667,0.7018728162716188,0.08,nan
confirm_d100_redundant0_noise0.05,controlled_gaussian_mixture_confirmation,314,0.7,release_1,granular_ball,random_forest,600,100,2,18,16.666666666666668,1.0,1,98,12,0.7222222222222222,0.7222222222222222,2.924316644704131,0.0,0.9543354892213984,1.0,0.9741379310344828,1.0,2.0,5.0,0.3,3,100,0.0,0.05,0.6973333333333334,0.7260144399280758,0.11666666666666667,nan
confirm_d100_redundant0_noise0.05,controlled_gaussian_mixture_confirmation,314,0.7,release_1,matched_kmeans,logistic,600,100,2,18,16.666666666666668,1.0,1,93,14,0.7777777777777778,0.7777777777777778,2.060153012478691,0.0,0.9468965026107349,1.0,1.0,1.0,2.0,5.0,0.3,3,100,0.0,0.05,0.6773,0.6640253833326208,0.06333333333333334,nan
confirm_d100_redundant0_noise0.05,controlled_gaussian_mixture_confirmation,314,0.7,release_1,matched_kmeans,random_forest,600,100,2,18,16.666666666666668,1.0,1,93,14,0.7777777777777778,0.7777777777777778,2.060153012478691,0.0,0.9468965026107349,1.0,1.0,1.0,2.0,5.0,0.3,3,100,0.0,0.05,0.6932222222222222,0.7166073761592806,0.10333333333333333,nan
confirm_d100_redundant0_noise0.05,controlled_gaussian_mixture_confirmation,314,0.7,release_2,granular_ball,logistic,600,100,2,18,16.666666666666668,1.0,1,98,12,0.7222222222222222,0.7222222222222222,2.924316644704131,0.0,0.9543354892213984,1.0,0.9741379310344828,1.0,2.0,5.0,0.3,3,100,0.0,0.05,0.7269555555555556,0.7352893360907021,0.10333333333333333,nan
confirm_d100_redundant0_noise0.05,controlled_gaussian_mixture_confirmation,314,0.7,release_2,granular_ball,random_forest,600,100,2,18,16.666666666666668,1.0,1,98,12,0.7222222222222222,0.7222222222222222,2.924316644704131,0.0,0.9543354892213984,1.0,0.9741379310344828,1.0,2.0,5.0,0.3,3,100,0.0,0.05,0.7087555555555556,0.7121620486470145,0.1,nan
confirm_d100_redundant0_noise0.05,controlled_gaussian_mixture_confirmation,314,0.7,release_2,matched_kmeans,logistic,600,100,2,18,16.666666666666668,1.0,1,93,14,0.7777777777777778,0.7777777777777778,2.060153012478691,0.0,0.9468965026107349,1.0,1.0,1.0,2.0,5.0,0.3,3,100,0.0,0.05,0.6627666666666666,0.6745221241564575,0.09666666666666666,nan
confirm_d100_redundant0_noise0.05,controlled_gaussian_mixture_confirmation,314,0.7,release_2,matched_kmeans,random_forest,600,100,2,18,16.666666666666668,1.0,1,93,14,0.7777777777777778,0.7777777777777778,2.060153012478691,0.0,0.9468965026107349,1.0,1.0,1.0,2.0,5.0,0.3,3,100,0.0,0.05,0.7090888888888889,0.7140337828055627,0.08,nan
confirm_d100_redundant0_noise0.05,controlled_gaussian_mixture_confirmation,314,0.7,release_3,granular_ball,logistic,600,100,2,18,16.666666666666668,1.0,1,98,12,0.7222222222222222,0.7222222222222222,2.924316644704131,0.0,0.9543354892213984,1.0,0.9741379310344828,1.0,2.0,5.0,0.3,3,100,0.0,0.05,0.7253333333333334,0.7278580560923303,0.08666666666666667,nan
confirm_d100_redundant0_noise0.05,controlled_gaussian_mixture_confirmation,314,0.7,release_3,granular_ball,random_forest,600,100,2,18,16.666666666666668,1.0,1,98,12,0.7222222222222222,0.7222222222222222,2.924316644704131,0.0,0.9543354892213984,1.0,0.9741379310344828,1.0,2.0,5.0,0.3,3,100,0.0,0.05,0.7069888888888889,0.7124381520432383,0.11,nan
confirm_d100_redundant0_noise0.05,controlled_gaussian_mixture_confirmation,314,0.7,release_3,matched_kmeans,logistic,600,100,2,18,16.666666666666668,1.0,1,93,14,0.7777777777777778,0.7777777777777778,2.060153012478691,0.0,0.9468965026107349,1.0,1.0,1.0,2.0,5.0,0.3,3,100,0.0,0.05,0.658,0.6778703786236211,0.09666666666666666,nan
confirm_d100_redundant0_noise0.05,controlled_gaussian_mixture_confirmation,314,0.7,release_3,matched_kmeans,random_forest,600,100,2,18,16.666666666666668,1.0,1,93,14,0.7777777777777778,0.7777777777777778,2.060153012478691,0.0,0.9468965026107349,1.0,1.0,1.0,2.0,5.0,0.3,3,100,0.0,0.05,0.7135555555555554,0.7192081819219192,0.09,nan
confirm_d100_redundant0_noise0.05,controlled_gaussian_mixture_confirmation,314,0.8,release_1,granular_ball,logistic,600,100,2,29,10.344827586206897,1.0,1,98,22,0.7931034482758621,0.7931034482758621,2.101296999414478,0.0,0.9786881776095298,1.0,1.0,1.0,2.0,5.0,0.3,3,100,0.0,0.05,0.7136888888888889,0.7223058118147915,0.14333333333333334,nan
confirm_d100_redundant0_noise0.05,controlled_gaussian_mixture_confirmation,314,0.8,release_1,granular_ball,random_forest,600,100,2,29,10.344827586206897,1.0,1,98,22,0.7931034482758621,0.7931034482758621,2.101296999414478,0.0,0.9786881776095298,1.0,1.0,1.0,2.0,5.0,0.3,3,100,0.0,0.05,0.7162111111111112,0.7276087554120448,0.13,nan
confirm_d100_redundant0_noise0.05,controlled_gaussian_mixture_confirmation,314,0.8,release_1,matched_kmeans,logistic,600,100,2,29,10.344827586206897,1.0,1,96,25,0.8620689655172413,0.8620689655172413,1.2427011298882777,0.0,0.966557684414992,1.0,1.0,1.0,2.0,5.0,0.3,3,100,0.0,0.05,0.7189444444444444,0.7108395791394424,0.11,nan
confirm_d100_redundant0_noise0.05,controlled_gaussian_mixture_confirmation,314,0.8,release_1,matched_kmeans,random_forest,600,100,2,29,10.344827586206897,1.0,1,96,25,0.8620689655172413,0.8620689655172413,1.2427011298882777,0.0,0.966557684414992,1.0,1.0,1.0,2.0,5.0,0.3,3,100,0.0,0.05,0.7455777777777778,0.7509532678268176,0.12333333333333334,nan
confirm_d100_redundant0_noise0.05,controlled_gaussian_mixture_confirmation,314,0.8,release_2,granular_ball,logistic,600,100,2,29,10.344827586206897,1.0,1,98,22,0.7931034482758621,0.7931034482758621,2.101296999414478,0.0,0.9786881776095298,1.0,1.0,1.0,2.0,5.0,0.3,3,100,0.0,0.05,0.7525111111111111,0.767750365823017,0.17,nan
confirm_d100_redundant0_noise0.05,controlled_gaussian_mixture_confirmation,314,0.8,release_2,granular_ball,random_forest,600,100,2,29,10.344827586206897,1.0,1,98,22,0.7931034482758621,0.7931034482758621,2.101296999414478,0.0,0.9786881776095298,1.0,1.0,1.0,2.0,5.0,0.3,3,100,0.0,0.05,0.7511555555555556,0.7441847583226938,0.12333333333333334,nan
confirm_d100_redundant0_noise0.05,controlled_gaussian_mixture_confirmation,314,0.8,release_2,matched_kmeans,logistic,600,100,2,29,10.344827586206897,1.0,1,96,25,0.8620689655172413,0.8620689655172413,1.2427011298882777,0.0,0.966557684414992,1.0,1.0,1.0,2.0,5.0,0.3,3,100,0.0,0.05,0.7145555555555555,0.7263434348068945,0.11333333333333333,nan
confirm_d100_redundant0_noise0.05,controlled_gaussian_mixture_confirmation,314,0.8,release_2,matched_kmeans,random_forest,600,100,2,29,10.344827586206897,1.0,1,96,25,0.8620689655172413,0.8620689655172413,1.2427011298882777,0.0,0.966557684414992,1.0,1.0,1.0,2.0,5.0,0.3,3,100,0.0,0.05,0.7845333333333333,0.7989902950319294,0.18,nan
confirm_d100_redundant0_noise0.05,controlled_gaussian_mixture_confirmation,314,0.8,release_3,granular_ball,logistic,600,100,2,29,10.344827586206897,1.0,1,98,22,0.7931034482758621,0.7931034482758621,2.101296999414478,0.0,0.9786881776095298,1.0,1.0,1.0,2.0,5.0,0.3,3,100,0.0,0.05,0.7501888888888888,0.7632795631428737,0.17666666666666667,nan
confirm_d100_redundant0_noise0.05,controlled_gaussian_mixture_confirmation,314,0.8,release_3,granular_ball,random_forest,600,100,2,29,10.344827586206897,1.0,1,98,22,0.7931034482758621,0.7931034482758621,2.101296999414478,0.0,0.9786881776095298,1.0,1.0,1.0,2.0,5.0,0.3,3,100,0.0,0.05,0.7500444444444445,0.7478032952367697,0.14333333333333334,nan
confirm_d100_redundant0_noise0.05,controlled_gaussian_mixture_confirmation,314,0.8,release_3,matched_kmeans,logistic,600,100,2,29,10.344827586206897,1.0,1,96,25,0.8620689655172413,0.8620689655172413,1.2427011298882777,0.0,0.966557684414992,1.0,1.0,1.0,2.0,5.0,0.3,3,100,0.0,0.05,0.7079333333333333,0.722914363866571,0.14,nan
confirm_d100_redundant0_noise0.05,controlled_gaussian_mixture_confirmation,314,0.8,release_3,matched_kmeans,random_forest,600,100,2,29,10.344827586206897,1.0,1,96,25,0.8620689655172413,0.8620689655172413,1.2427011298882777,0.0,0.966557684414992,1.0,1.0,1.0,2.0,5.0,0.3,3,100,0.0,0.05,0.7801444444444443,0.7977354496795566,0.22333333333333333,nan
confirm_d100_redundant0_noise0.05,controlled_gaussian_mixture_confirmation,314,0.9,release_1,granular_ball,logistic,600,100,2,49,6.122448979591836,1.0,1,98,31,0.7959183673469388,0.8571428571428571,1.9491846267573922,0.0,0.9505934727867221,1.0,1.0,1.0,2.0,5.0,0.3,3,100,0.0,0.05,0.7623666666666669,0.7973094111782729,0.23333333333333334,nan
confirm_d100_redundant0_noise0.05,controlled_gaussian_mixture_confirmation,314,0.9,release_1,granular_ball,random_forest,600,100,2,49,6.122448979591836,1.0,1,98,31,0.7959183673469388,0.8571428571428571,1.9491846267573922,0.0,0.9505934727867221,1.0,1.0,1.0,2.0,5.0,0.3,3,100,0.0,0.05,0.753611111111111,0.7880458301461136,0.25333333333333335,nan
confirm_d100_redundant0_noise0.05,controlled_gaussian_mixture_confirmation,314,0.9,release_1,matched_kmeans,logistic,600,100,2,49,6.122448979591836,1.0,1,71,44,0.8979591836734694,0.8979591836734694,0.9212497201069043,0.0,0.9821164966736546,1.0,1.0,1.0,2.0,5.0,0.3,3,100,0.0,0.05,0.7669888888888888,0.744892209662448,0.15333333333333332,nan
confirm_d100_redundant0_noise0.05,controlled_gaussian_mixture_confirmation,314,0.9,release_1,matched_kmeans,random_forest,600,100,2,49,6.122448979591836,1.0,1,71,44,0.8979591836734694,0.8979591836734694,0.9212497201069043,0.0,0.9821164966736546,1.0,1.0,1.0,2.0,5.0,0.3,3,100,0.0,0.05,0.8138555555555557,0.8341687031041287,0.31,nan
confirm_d100_redundant0_noise0.05,controlled_gaussian_mixture_confirmation,314,0.9,release_2,granular_ball,logistic,600,100,2,49,6.122448979591836,1.0,1,98,31,0.7959183673469388,0.8571428571428571,1.9491846267573922,0.0,0.9505934727867221,1.0,1.0,1.0,2.0,5.0,0.3,3,100,0.0,0.05,0.7879555555555555,0.7974540551597774,0.21,nan
confirm_d100_redundant0_noise0.05,controlled_gaussian_mixture_confirmation,314,0.9,release_2,granular_ball,random_forest,600,100,2,49,6.122448979591836,1.0,1,98,31,0.7959183673469388,0.8571428571428571,1.9491846267573922,0.0,0.9505934727867221,1.0,1.0,1.0,2.0,5.0,0.3,3,100,0.0,0.05,0.8127666666666666,0.8127751295510615,0.22333333333333333,nan
confirm_d100_redundant0_noise0.05,controlled_gaussian_mixture_confirmation,314,0.9,release_2,matched_kmeans,logistic,600,100,2,49,6.122448979591836,1.0,1,71,44,0.8979591836734694,0.8979591836734694,0.9212497201069043,0.0,0.9821164966736546,1.0,1.0,1.0,2.0,5.0,0.3,3,100,0.0,0.05,0.7580222222222224,0.7904143707056961,0.26,nan
confirm_d100_redundant0_noise0.05,controlled_gaussian_mixture_confirmation,314,0.9,release_2,matched_kmeans,random_forest,600,100,2,49,6.122448979591836,1.0,1,71,44,0.8979591836734694,0.8979591836734694,0.9212497201069043,0.0,0.9821164966736546,1.0,1.0,1.0,2.0,5.0,0.3,3,100,0.0,0.05,0.8205055555555556,0.8462889003090068,0.3466666666666667,nan
confirm_d100_redundant0_noise0.05,controlled_gaussian_mixture_confirmation,314,0.9,release_3,granular_ball,logistic,600,100,2,49,6.122448979591836,1.0,1,98,31,0.7959183673469388,0.8571428571428571,1.9491846267573922,0.0,0.9505934727867221,1.0,1.0,1.0,2.0,5.0,0.3,3,100,0.0,0.05,0.7859666666666667,0.7999123292546466,0.23333333333333334,nan
confirm_d100_redundant0_noise0.05,controlled_gaussian_mixture_confirmation,314,0.9,release_3,granular_ball,random_forest,600,100,2,49,6.122448979591836,1.0,1,98,31,0.7959183673469388,0.8571428571428571,1.9491846267573922,0.0,0.9505934727867221,1.0,1.0,1.0,2.0,5.0,0.3,3,100,0.0,0.05,0.8160833333333334,0.8152165351560201,0.22666666666666666,nan
confirm_d100_redundant0_noise0.05,controlled_gaussian_mixture_confirmation,314,0.9,release_3,matched_kmeans,logistic,600,100,2,49,6.122448979591836,1.0,1,71,44,0.8979591836734694,0.8979591836734694,0.9212497201069043,0.0,0.9821164966736546,1.0,1.0,1.0,2.0,5.0,0.3,3,100,0.0,0.05,0.7628888888888888,0.7866668922367425,0.20333333333333334,nan
confirm_d100_redundant0_noise0.05,controlled_gaussian_mixture_confirmation,314,0.9,release_3,matched_kmeans,random_forest,600,100,2,49,6.122448979591836,1.0,1,71,44,0.8979591836734694,0.8979591836734694,0.9212497201069043,0.0,0.9821164966736546,1.0,1.0,1.0,2.0,5.0,0.3,3,100,0.0,0.05,0.823,0.8459245376781466,0.30666666666666664,nan
confirm_d100_redundant0_noise0.05,controlled_gaussian_mixture_confirmation,314,0.95,release_1,granular_ball,logistic,600,100,2,61,4.918032786885246,1.0,1,58,37,0.7704918032786885,0.8688524590163934,2.2925672427114328,0.0,0.955657590707941,1.0,1.0,1.0,2.0,5.0,0.3,3,100,0.0,0.05,0.8300444444444445,0.8523861756690094,0.29333333333333333,nan
confirm_d100_redundant0_noise0.05,controlled_gaussian_mixture_confirmation,314,0.95,release_1,granular_ball,random_forest,600,100,2,61,4.918032786885246,1.0,1,58,37,0.7704918032786885,0.8688524590163934,2.2925672427114328,0.0,0.955657590707941,1.0,1.0,1.0,2.0,5.0,0.3,3,100,0.0,0.05,0.8408055555555556,0.8695205257924707,0.43333333333333335,nan
confirm_d100_redundant0_noise0.05,controlled_gaussian_mixture_confirmation,314,0.95,release_1,matched_kmeans,logistic,600,100,2,61,4.918032786885246,1.0,1,108,54,0.8852459016393442,0.8852459016393442,1.1494099902609225,0.0,0.9899636165152879,1.0,1.0,1.0,2.0,5.0,0.3,3,100,0.0,0.05,0.7403222222222222,0.7384500553043749,0.2,nan
confirm_d100_redundant0_noise0.05,controlled_gaussian_mixture_confirmation,314,0.95,release_1,matched_kmeans,random_forest,600,100,2,61,4.918032786885246,1.0,1,108,54,0.8852459016393442,0.8852459016393442,1.1494099902609225,0.0,0.9899636165152879,1.0,1.0,1.0,2.0,5.0,0.3,3,100,0.0,0.05,0.8318000000000001,0.8538030788348421,0.41333333333333333,nan
confirm_d100_redundant0_noise0.05,controlled_gaussian_mixture_confirmation,314,0.95,release_2,granular_ball,logistic,600,100,2,61,4.918032786885246,1.0,1,58,37,0.7704918032786885,0.8688524590163934,2.2925672427114328,0.0,0.955657590707941,1.0,1.0,1.0,2.0,5.0,0.3,3,100,0.0,0.05,0.8424,0.8532065541237084,0.32666666666666666,nan
confirm_d100_redundant0_noise0.05,controlled_gaussian_mixture_confirmation,314,0.95,release_2,granular_ball,random_forest,600,100,2,61,4.918032786885246,1.0,1,58,37,0.7704918032786885,0.8688524590163934,2.2925672427114328,0.0,0.955657590707941,1.0,1.0,1.0,2.0,5.0,0.3,3,100,0.0,0.05,0.8828166666666667,0.8942305288598611,0.47,nan
confirm_d100_redundant0_noise0.05,controlled_gaussian_mixture_confirmation,314,0.95,release_2,matched_kmeans,logistic,600,100,2,61,4.918032786885246,1.0,1,108,54,0.8852459016393442,0.8852459016393442,1.1494099902609225,0.0,0.9899636165152879,1.0,1.0,1.0,2.0,5.0,0.3,3,100,0.0,0.05,0.7970777777777778,0.8221731372219453,0.33666666666666667,nan
confirm_d100_redundant0_noise0.05,controlled_gaussian_mixture_confirmation,314,0.95,release_2,matched_kmeans,random_forest,600,100,2,61,4.918032786885246,1.0,1,108,54,0.8852459016393442,0.8852459016393442,1.1494099902609225,0.0,0.9899636165152879,1.0,1.0,1.0,2.0,5.0,0.3,3,100,0.0,0.05,0.8322333333333334,0.8538455575763729,0.4,nan
confirm_d100_redundant0_noise0.05,controlled_gaussian_mixture_confirmation,314,0.95,release_3,granular_ball,logistic,600,100,2,61,4.918032786885246,1.0,1,58,37,0.7704918032786885,0.8688524590163934,2.2925672427114328,0.0,0.955657590707941,1.0,1.0,1.0,2.0,5.0,0.3,3,100,0.0,0.05,0.8446555555555555,0.8538031707881868,0.3433333333333333,nan
confirm_d100_redundant0_noise0.05,controlled_gaussian_mixture_confirmation,314,0.95,release_3,granular_ball,random_forest,600,100,2,61,4.918032786885246,1.0,1,58,37,0.7704918032786885,0.8688524590163934,2.2925672427114328,0.0,0.955657590707941,1.0,1.0,1.0,2.0,5.0,0.3,3,100,0.0,0.05,0.8849055555555555,0.8966204518164537,0.45,nan
confirm_d100_redundant0_noise0.05,controlled_gaussian_mixture_confirmation,314,0.95,release_3,matched_kmeans,logistic,600,100,2,61,4.918032786885246,1.0,1,108,54,0.8852459016393442,0.8852459016393442,1.1494099902609225,0.0,0.9899636165152879,1.0,1.0,1.0,2.0,5.0,0.3,3,100,0.0,0.05,0.7767333333333333,0.8039904694235112,0.29333333333333333,nan
confirm_d100_redundant0_noise0.05,controlled_gaussian_mixture_confirmation,314,0.95,release_3,matched_kmeans,random_forest,600,100,2,61,4.918032786885246,1.0,1,108,54,0.8852459016393442,0.8852459016393442,1.1494099902609225,0.0,0.9899636165152879,1.0,1.0,1.0,2.0,5.0,0.3,3,100,0.0,0.05,0.8319111111111112,0.8527833134650797,0.39,nan
confirm_d100_redundant0_noise0.05,controlled_gaussian_mixture_confirmation,314,0.99,release_1,granular_ball,logistic,600,100,2,88,3.409090909090909,1.0,1,35,48,0.75,0.875,3.1555646694935784,0.0,0.9545454545454546,1.0,1.0,1.0,2.0,5.0,0.3,3,100,0.0,0.05,0.9058555555555554,0.9172555723127254,0.4666666666666667,nan
confirm_d100_redundant0_noise0.05,controlled_gaussian_mixture_confirmation,314,0.99,release_1,granular_ball,random_forest,600,100,2,88,3.409090909090909,1.0,1,35,48,0.75,0.875,3.1555646694935784,0.0,0.9545454545454546,1.0,1.0,1.0,2.0,5.0,0.3,3,100,0.0,0.05,0.9216388888888889,0.9385437651289879,0.6466666666666666,nan
confirm_d100_redundant0_noise0.05,controlled_gaussian_mixture_confirmation,314,0.99,release_1,matched_kmeans,logistic,600,100,2,88,3.409090909090909,1.0,1,89,81,0.9204545454545454,0.9204545454545454,0.7324109589436826,0.0,0.9893833185074964,1.0,1.0,1.0,2.0,5.0,0.3,3,100,0.0,0.05,0.8240888888888889,0.8207140137289142,0.28,nan
confirm_d100_redundant0_noise0.05,controlled_gaussian_mixture_confirmation,314,0.99,release_1,matched_kmeans,random_forest,600,100,2,88,3.409090909090909,1.0,1,89,81,0.9204545454545454,0.9204545454545454,0.7324109589436826,0.0,0.9893833185074964,1.0,1.0,1.0,2.0,5.0,0.3,3,100,0.0,0.05,0.8544,0.8744468921211002,0.4633333333333333,nan
confirm_d100_redundant0_noise0.05,controlled_gaussian_mixture_confirmation,314,0.99,release_2,granular_ball,logistic,600,100,2,88,3.409090909090909,1.0,1,35,48,0.75,0.875,3.1555646694935784,0.0,0.9545454545454546,1.0,1.0,1.0,2.0,5.0,0.3,3,100,0.0,0.05,0.9249666666666666,0.9383035703931466,0.6,nan
confirm_d100_redundant0_noise0.05,controlled_gaussian_mixture_confirmation,314,0.99,release_2,granular_ball,random_forest,600,100,2,88,3.409090909090909,1.0,1,35,48,0.75,0.875,3.1555646694935784,0.0,0.9545454545454546,1.0,1.0,1.0,2.0,5.0,0.3,3,100,0.0,0.05,0.9317,0.9440733212021465,0.68,nan
confirm_d100_redundant0_noise0.05,controlled_gaussian_mixture_confirmation,314,0.99,release_2,matched_kmeans,logistic,600,100,2,88,3.409090909090909,1.0,1,89,81,0.9204545454545454,0.9204545454545454,0.7324109589436826,0.0,0.9893833185074964,1.0,1.0,1.0,2.0,5.0,0.3,3,100,0.0,0.05,0.8182333333333334,0.8403039162248116,0.30333333333333334,nan
confirm_d100_redundant0_noise0.05,controlled_gaussian_mixture_confirmation,314,0.99,release_2,matched_kmeans,random_forest,600,100,2,88,3.409090909090909,1.0,1,89,81,0.9204545454545454,0.9204545454545454,0.7324109589436826,0.0,0.9893833185074964,1.0,1.0,1.0,2.0,5.0,0.3,3,100,0.0,0.05,0.8568222222222223,0.876563428852483,0.46,nan
confirm_d100_redundant0_noise0.05,controlled_gaussian_mixture_confirmation,314,0.99,release_3,granular_ball,logistic,600,100,2,88,3.409090909090909,1.0,1,35,48,0.75,0.875,3.1555646694935784,0.0,0.9545454545454546,1.0,1.0,1.0,2.0,5.0,0.3,3,100,0.0,0.05,0.9266333333333333,0.9374927334327068,0.6066666666666667,nan
confirm_d100_redundant0_noise0.05,controlled_gaussian_mixture_confirmation,314,0.99,release_3,granular_ball,random_forest,600,100,2,88,3.409090909090909,1.0,1,35,48,0.75,0.875,3.1555646694935784,0.0,0.9545454545454546,1.0,1.0,1.0,2.0,5.0,0.3,3,100,0.0,0.05,0.9361222222222221,0.9483207935720602,0.7166666666666667,nan
confirm_d100_redundant0_noise0.05,controlled_gaussian_mixture_confirmation,314,0.99,release_3,matched_kmeans,logistic,600,100,2,88,3.409090909090909,1.0,1,89,81,0.9204545454545454,0.9204545454545454,0.7324109589436826,0.0,0.9893833185074964,1.0,1.0,1.0,2.0,5.0,0.3,3,100,0.0,0.05,0.8142222222222222,0.8359950884618019,0.31666666666666665,nan
confirm_d100_redundant0_noise0.05,controlled_gaussian_mixture_confirmation,314,0.99,release_3,matched_kmeans,random_forest,600,100,2,88,3.409090909090909,1.0,1,89,81,0.9204545454545454,0.9204545454545454,0.7324109589436826,0.0,0.9893833185074964,1.0,1.0,1.0,2.0,5.0,0.3,3,100,0.0,0.05,0.8514666666666667,0.8715939693398662,0.44,nan
confirm_d100_redundant0_noise0.05,controlled_gaussian_mixture_confirmation,808,0.7,release_1,granular_ball,logistic,600,100,2,29,10.344827586206897,1.0,1,62,22,0.7586206896551724,0.7586206896551724,2.233593803087687,0.0,0.9810755186737412,1.0,1.0,1.0,2.0,5.0,0.3,3,100,0.0,0.05,0.7323,0.7108396990025236,0.08666666666666667,nan
confirm_d100_redundant0_noise0.05,controlled_gaussian_mixture_confirmation,808,0.7,release_1,granular_ball,random_forest,600,100,2,29,10.344827586206897,1.0,1,62,22,0.7586206896551724,0.7586206896551724,2.233593803087687,0.0,0.9810755186737412,1.0,1.0,1.0,2.0,5.0,0.3,3,100,0.0,0.05,0.7261277777777777,0.7535398274101385,0.18,nan
confirm_d100_redundant0_noise0.05,controlled_gaussian_mixture_confirmation,808,0.7,release_1,matched_kmeans,logistic,600,100,2,29,10.344827586206897,1.0,1,94,24,0.8275862068965517,0.8275862068965517,1.6476649317301078,0.0,0.9675313573280114,1.0,1.0,1.0,2.0,5.0,0.3,3,100,0.0,0.05,0.7366222222222222,0.7127070784218157,0.1,nan
confirm_d100_redundant0_noise0.05,controlled_gaussian_mixture_confirmation,808,0.7,release_1,matched_kmeans,random_forest,600,100,2,29,10.344827586206897,1.0,1,94,24,0.8275862068965517,0.8275862068965517,1.6476649317301078,0.0,0.9675313573280114,1.0,1.0,1.0,2.0,5.0,0.3,3,100,0.0,0.05,0.7443,0.7614734722620852,0.15333333333333332,nan
confirm_d100_redundant0_noise0.05,controlled_gaussian_mixture_confirmation,808,0.7,release_2,granular_ball,logistic,600,100,2,29,10.344827586206897,1.0,1,62,22,0.7586206896551724,0.7586206896551724,2.233593803087687,0.0,0.9810755186737412,1.0,1.0,1.0,2.0,5.0,0.3,3,100,0.0,0.05,0.7489444444444444,0.7615976917916942,0.18,nan
confirm_d100_redundant0_noise0.05,controlled_gaussian_mixture_confirmation,808,0.7,release_2,granular_ball,random_forest,600,100,2,29,10.344827586206897,1.0,1,62,22,0.7586206896551724,0.7586206896551724,2.233593803087687,0.0,0.9810755186737412,1.0,1.0,1.0,2.0,5.0,0.3,3,100,0.0,0.05,0.7729555555555555,0.7825298970958068,0.2,nan
confirm_d100_redundant0_noise0.05,controlled_gaussian_mixture_confirmation,808,0.7,release_2,matched_kmeans,logistic,600,100,2,29,10.344827586206897,1.0,1,94,24,0.8275862068965517,0.8275862068965517,1.6476649317301078,0.0,0.9675313573280114,1.0,1.0,1.0,2.0,5.0,0.3,3,100,0.0,0.05,0.7103333333333334,0.7334729788511359,0.18333333333333332,nan
confirm_d100_redundant0_noise0.05,controlled_gaussian_mixture_confirmation,808,0.7,release_2,matched_kmeans,random_forest,600,100,2,29,10.344827586206897,1.0,1,94,24,0.8275862068965517,0.8275862068965517,1.6476649317301078,0.0,0.9675313573280114,1.0,1.0,1.0,2.0,5.0,0.3,3,100,0.0,0.05,0.7476777777777778,0.7554457596958125,0.15666666666666668,nan
confirm_d100_redundant0_noise0.05,controlled_gaussian_mixture_confirmation,808,0.7,release_3,granular_ball,logistic,600,100,2,29,10.344827586206897,1.0,1,62,22,0.7586206896551724,0.7586206896551724,2.233593803087687,0.0,0.9810755186737412,1.0,1.0,1.0,2.0,5.0,0.3,3,100,0.0,0.05,0.7476888888888888,0.7595561808784398,0.19333333333333333,nan
confirm_d100_redundant0_noise0.05,controlled_gaussian_mixture_confirmation,808,0.7,release_3,granular_ball,random_forest,600,100,2,29,10.344827586206897,1.0,1,62,22,0.7586206896551724,0.7586206896551724,2.233593803087687,0.0,0.9810755186737412,1.0,1.0,1.0,2.0,5.0,0.3,3,100,0.0,0.05,0.7739500000000001,0.7818738593943528,0.18333333333333332,nan
confirm_d100_redundant0_noise0.05,controlled_gaussian_mixture_confirmation,808,0.7,release_3,matched_kmeans,logistic,600,100,2,29,10.344827586206897,1.0,1,94,24,0.8275862068965517,0.8275862068965517,1.6476649317301078,0.0,0.9675313573280114,1.0,1.0,1.0,2.0,5.0,0.3,3,100,0.0,0.05,0.7117555555555556,0.7361443031090835,0.16666666666666666,nan
confirm_d100_redundant0_noise0.05,controlled_gaussian_mixture_confirmation,808,0.7,release_3,matched_kmeans,random_forest,600,100,2,29,10.344827586206897,1.0,1,94,24,0.8275862068965517,0.8275862068965517,1.6476649317301078,0.0,0.9675313573280114,1.0,1.0,1.0,2.0,5.0,0.3,3,100,0.0,0.05,0.7499,0.7544977671786997,0.16666666666666666,nan
confirm_d100_redundant0_noise0.05,controlled_gaussian_mixture_confirmation,808,0.8,release_1,granular_ball,logistic,600,100,2,35,8.571428571428571,1.0,1,62,28,0.8,0.8,1.8196317472493466,0.0,0.9870087911027805,1.0,1.0,1.0,2.0,5.0,0.3,3,100,0.0,0.05,0.731788888888889,0.7195524421674147,0.11,nan
confirm_d100_redundant0_noise0.05,controlled_gaussian_mixture_confirmation,808,0.8,release_1,granular_ball,random_forest,600,100,2,35,8.571428571428571,1.0,1,62,28,0.8,0.8,1.8196317472493466,0.0,0.9870087911027805,1.0,1.0,1.0,2.0,5.0,0.3,3,100,0.0,0.05,0.757738888888889,0.780664841913141,0.20333333333333334,nan
confirm_d100_redundant0_noise0.05,controlled_gaussian_mixture_confirmation,808,0.8,release_1,matched_kmeans,logistic,600,100,2,35,8.571428571428571,1.0,1,101,29,0.8285714285714286,0.8285714285714286,1.6770685271873575,0.0,0.972456829356405,1.0,1.0,1.0,2.0,5.0,0.3,3,100,0.0,0.05,0.7489,0.7260865832590401,0.11666666666666667,nan
confirm_d100_redundant0_noise0.05,controlled_gaussian_mixture_confirmation,808,0.8,release_1,matched_kmeans,random_forest,600,100,2,35,8.571428571428571,1.0,1,101,29,0.8285714285714286,0.8285714285714286,1.6770685271873575,0.0,0.972456829356405,1.0,1.0,1.0,2.0,5.0,0.3,3,100,0.0,0.05,0.794988888888889,0.8009817239854156,0.22,nan
confirm_d100_redundant0_noise0.05,controlled_gaussian_mixture_confirmation,808,0.8,release_2,granular_ball,logistic,600,100,2,35,8.571428571428571,1.0,1,62,28,0.8,0.8,1.8196317472493466,0.0,0.9870087911027805,1.0,1.0,1.0,2.0,5.0,0.3,3,100,0.0,0.05,0.7597222222222223,0.773070617439309,0.19333333333333333,nan
confirm_d100_redundant0_noise0.05,controlled_gaussian_mixture_confirmation,808,0.8,release_2,granular_ball,random_forest,600,100,2,35,8.571428571428571,1.0,1,62,28,0.8,0.8,1.8196317472493466,0.0,0.9870087911027805,1.0,1.0,1.0,2.0,5.0,0.3,3,100,0.0,0.05,0.7770722222222223,0.7883900706108462,0.18,nan
confirm_d100_redundant0_noise0.05,controlled_gaussian_mixture_confirmation,808,0.8,release_2,matched_kmeans,logistic,600,100,2,35,8.571428571428571,1.0,1,101,29,0.8285714285714286,0.8285714285714286,1.6770685271873575,0.0,0.972456829356405,1.0,1.0,1.0,2.0,5.0,0.3,3,100,0.0,0.05,0.7133333333333334,0.7386172680093981,0.17666666666666667,nan
confirm_d100_redundant0_noise0.05,controlled_gaussian_mixture_confirmation,808,0.8,release_2,matched_kmeans,random_forest,600,100,2,35,8.571428571428571,1.0,1,101,29,0.8285714285714286,0.8285714285714286,1.6770685271873575,0.0,0.972456829356405,1.0,1.0,1.0,2.0,5.0,0.3,3,100,0.0,0.05,0.7989666666666667,0.8038265738185577,0.22,nan
confirm_d100_redundant0_noise0.05,controlled_gaussian_mixture_confirmation,808,0.8,release_3,granular_ball,logistic,600,100,2,35,8.571428571428571,1.0,1,62,28,0.8,0.8,1.8196317472493466,0.0,0.9870087911027805,1.0,1.0,1.0,2.0,5.0,0.3,3,100,0.0,0.05,0.7549666666666666,0.7708785612286331,0.23,nan
confirm_d100_redundant0_noise0.05,controlled_gaussian_mixture_confirmation,808,0.8,release_3,granular_ball,random_forest,600,100,2,35,8.571428571428571,1.0,1,62,28,0.8,0.8,1.8196317472493466,0.0,0.9870087911027805,1.0,1.0,1.0,2.0,5.0,0.3,3,100,0.0,0.05,0.7759055555555556,0.7842177214097131,0.16333333333333333,nan
confirm_d100_redundant0_noise0.05,controlled_gaussian_mixture_confirmation,808,0.8,release_3,matched_kmeans,logistic,600,100,2,35,8.571428571428571,1.0,1,101,29,0.8285714285714286,0.8285714285714286,1.6770685271873575,0.0,0.972456829356405,1.0,1.0,1.0,2.0,5.0,0.3,3,100,0.0,0.05,0.7102666666666666,0.7424543489312556,0.19666666666666666,nan
confirm_d100_redundant0_noise0.05,controlled_gaussian_mixture_confirmation,808,0.8,release_3,matched_kmeans,random_forest,600,100,2,35,8.571428571428571,1.0,1,101,29,0.8285714285714286,0.8285714285714286,1.6770685271873575,0.0,0.972456829356405,1.0,1.0,1.0,2.0,5.0,0.3,3,100,0.0,0.05,0.7977333333333334,0.8016479756220569,0.19,nan
confirm_d100_redundant0_noise0.05,controlled_gaussian_mixture_confirmation,808,0.9,release_1,granular_ball,logistic,600,100,2,40,7.5,1.0,1,61,32,0.825,0.825,1.7695320022790884,0.0,0.9914962564666515,1.0,1.0,1.0,2.0,5.0,0.3,3,100,0.0,0.05,0.7348888888888889,0.7285542979882579,0.14,nan
confirm_d100_redundant0_noise0.05,controlled_gaussian_mixture_confirmation,808,0.9,release_1,granular_ball,random_forest,600,100,2,40,7.5,1.0,1,61,32,0.825,0.825,1.7695320022790884,0.0,0.9914962564666515,1.0,1.0,1.0,2.0,5.0,0.3,3,100,0.0,0.05,0.7660888888888888,0.7806063463548076,0.15666666666666668,nan
confirm_d100_redundant0_noise0.05,controlled_gaussian_mixture_confirmation,808,0.9,release_1,matched_kmeans,logistic,600,100,2,40,7.5,1.0,1,96,34,0.85,0.85,1.4554196910311812,0.0,0.9764303221288515,1.0,1.0,1.0,2.0,5.0,0.3,3,100,0.0,0.05,0.7678111111111111,0.7408858313269566,0.13333333333333333,nan
confirm_d100_redundant0_noise0.05,controlled_gaussian_mixture_confirmation,808,0.9,release_1,matched_kmeans,random_forest,600,100,2,40,7.5,1.0,1,96,34,0.85,0.85,1.4554196910311812,0.0,0.9764303221288515,1.0,1.0,1.0,2.0,5.0,0.3,3,100,0.0,0.05,0.7916722222222222,0.804519621574707,0.22333333333333333,nan
confirm_d100_redundant0_noise0.05,controlled_gaussian_mixture_confirmation,808,0.9,release_2,granular_ball,logistic,600,100,2,40,7.5,1.0,1,61,32,0.825,0.825,1.7695320022790884,0.0,0.9914962564666515,1.0,1.0,1.0,2.0,5.0,0.3,3,100,0.0,0.05,0.7692666666666665,0.7774333574452891,0.22333333333333333,nan
confirm_d100_redundant0_noise0.05,controlled_gaussian_mixture_confirmation,808,0.9,release_2,granular_ball,random_forest,600,100,2,40,7.5,1.0,1,61,32,0.825,0.825,1.7695320022790884,0.0,0.9914962564666515,1.0,1.0,1.0,2.0,5.0,0.3,3,100,0.0,0.05,0.7883833333333334,0.7906249433742212,0.16666666666666666,nan
confirm_d100_redundant0_noise0.05,controlled_gaussian_mixture_confirmation,808,0.9,release_2,matched_kmeans,logistic,600,100,2,40,7.5,1.0,1,96,34,0.85,0.85,1.4554196910311812,0.0,0.9764303221288515,1.0,1.0,1.0,2.0,5.0,0.3,3,100,0.0,0.05,0.7291222222222221,0.7510184015572443,0.19333333333333333,nan
confirm_d100_redundant0_noise0.05,controlled_gaussian_mixture_confirmation,808,0.9,release_2,matched_kmeans,random_forest,600,100,2,40,7.5,1.0,1,96,34,0.85,0.85,1.4554196910311812,0.0,0.9764303221288515,1.0,1.0,1.0,2.0,5.0,0.3,3,100,0.0,0.05,0.8068,0.8133294278637331,0.19,nan
confirm_d100_redundant0_noise0.05,controlled_gaussian_mixture_confirmation,808,0.9,release_3,granular_ball,logistic,600,100,2,40,7.5,1.0,1,61,32,0.825,0.825,1.7695320022790884,0.0,0.9914962564666515,1.0,1.0,1.0,2.0,5.0,0.3,3,100,0.0,0.05,0.7630333333333333,0.7715013907101901,0.19,nan
confirm_d100_redundant0_noise0.05,controlled_gaussian_mixture_confirmation,808,0.9,release_3,granular_ball,random_forest,600,100,2,40,7.5,1.0,1,61,32,0.825,0.825,1.7695320022790884,0.0,0.9914962564666515,1.0,1.0,1.0,2.0,5.0,0.3,3,100,0.0,0.05,0.7911444444444444,0.7927771234258676,0.16333333333333333,nan
confirm_d100_redundant0_noise0.05,controlled_gaussian_mixture_confirmation,808,0.9,release_3,matched_kmeans,logistic,600,100,2,40,7.5,1.0,1,96,34,0.85,0.85,1.4554196910311812,0.0,0.9764303221288515,1.0,1.0,1.0,2.0,5.0,0.3,3,100,0.0,0.05,0.7231000000000001,0.7507435738370649,0.21333333333333335,nan
confirm_d100_redundant0_noise0.05,controlled_gaussian_mixture_confirmation,808,0.9,release_3,matched_kmeans,random_forest,600,100,2,40,7.5,1.0,1,96,34,0.85,0.85,1.4554196910311812,0.0,0.9764303221288515,1.0,1.0,1.0,2.0,5.0,0.3,3,100,0.0,0.05,0.8043999999999999,0.8101289586920171,0.20333333333333334,nan
confirm_d100_redundant0_noise0.05,controlled_gaussian_mixture_confirmation,808,0.95,release_1,granular_ball,logistic,600,100,2,56,5.357142857142857,1.0,1,57,39,0.8214285714285714,0.8392857142857143,1.7840560132468273,0.0,0.9789334337943382,1.0,1.0,1.0,2.0,5.0,0.3,3,100,0.0,0.05,0.8319666666666667,0.8545282980100144,0.33666666666666667,nan
confirm_d100_redundant0_noise0.05,controlled_gaussian_mixture_confirmation,808,0.95,release_1,granular_ball,random_forest,600,100,2,56,5.357142857142857,1.0,1,57,39,0.8214285714285714,0.8392857142857143,1.7840560132468273,0.0,0.9789334337943382,1.0,1.0,1.0,2.0,5.0,0.3,3,100,0.0,0.05,0.8125777777777776,0.8380774810600289,0.26,nan
confirm_d100_redundant0_noise0.05,controlled_gaussian_mixture_confirmation,808,0.95,release_1,matched_kmeans,logistic,600,100,2,56,5.357142857142857,1.0,1,84,50,0.8928571428571429,0.8928571428571429,0.9928795859473413,0.0,0.9868764172335601,1.0,1.0,1.0,2.0,5.0,0.3,3,100,0.0,0.05,0.8087333333333333,0.7924387631394031,0.17333333333333334,nan
confirm_d100_redundant0_noise0.05,controlled_gaussian_mixture_confirmation,808,0.95,release_1,matched_kmeans,random_forest,600,100,2,56,5.357142857142857,1.0,1,84,50,0.8928571428571429,0.8928571428571429,0.9928795859473413,0.0,0.9868764172335601,1.0,1.0,1.0,2.0,5.0,0.3,3,100,0.0,0.05,0.834688888888889,0.8483556383960159,0.2733333333333333,nan
confirm_d100_redundant0_noise0.05,controlled_gaussian_mixture_confirmation,808,0.95,release_2,granular_ball,logistic,600,100,2,56,5.357142857142857,1.0,1,57,39,0.8214285714285714,0.8392857142857143,1.7840560132468273,0.0,0.9789334337943382,1.0,1.0,1.0,2.0,5.0,0.3,3,100,0.0,0.05,0.8567444444444444,0.8644725211779073,0.29,nan
confirm_d100_redundant0_noise0.05,controlled_gaussian_mixture_confirmation,808,0.95,release_2,granular_ball,random_forest,600,100,2,56,5.357142857142857,1.0,1,57,39,0.8214285714285714,0.8392857142857143,1.7840560132468273,0.0,0.9789334337943382,1.0,1.0,1.0,2.0,5.0,0.3,3,100,0.0,0.05,0.8472888888888888,0.8555819160364477,0.31333333333333335,nan
confirm_d100_redundant0_noise0.05,controlled_gaussian_mixture_confirmation,808,0.95,release_2,matched_kmeans,logistic,600,100,2,56,5.357142857142857,1.0,1,84,50,0.8928571428571429,0.8928571428571429,0.9928795859473413,0.0,0.9868764172335601,1.0,1.0,1.0,2.0,5.0,0.3,3,100,0.0,0.05,0.7902,0.8034856579853633,0.18666666666666668,nan
confirm_d100_redundant0_noise0.05,controlled_gaussian_mixture_confirmation,808,0.95,release_2,matched_kmeans,random_forest,600,100,2,56,5.357142857142857,1.0,1,84,50,0.8928571428571429,0.8928571428571429,0.9928795859473413,0.0,0.9868764172335601,1.0,1.0,1.0,2.0,5.0,0.3,3,100,0.0,0.05,0.8382,0.8518369149463079,0.27,nan
confirm_d100_redundant0_noise0.05,controlled_gaussian_mixture_confirmation,808,0.95,release_3,granular_ball,logistic,600,100,2,56,5.357142857142857,1.0,1,57,39,0.8214285714285714,0.8392857142857143,1.7840560132468273,0.0,0.9789334337943382,1.0,1.0,1.0,2.0,5.0,0.3,3,100,0.0,0.05,0.8532555555555557,0.8619106442959695,0.30333333333333334,nan
confirm_d100_redundant0_noise0.05,controlled_gaussian_mixture_confirmation,808,0.95,release_3,granular_ball,random_forest,600,100,2,56,5.357142857142857,1.0,1,57,39,0.8214285714285714,0.8392857142857143,1.7840560132468273,0.0,0.9789334337943382,1.0,1.0,1.0,2.0,5.0,0.3,3,100,0.0,0.05,0.8470666666666666,0.8578051120886007,0.30333333333333334,nan
confirm_d100_redundant0_noise0.05,controlled_gaussian_mixture_confirmation,808,0.95,release_3,matched_kmeans,logistic,600,100,2,56,5.357142857142857,1.0,1,84,50,0.8928571428571429,0.8928571428571429,0.9928795859473413,0.0,0.9868764172335601,1.0,1.0,1.0,2.0,5.0,0.3,3,100,0.0,0.05,0.7906000000000001,0.8019531866022689,0.19,nan
confirm_d100_redundant0_noise0.05,controlled_gaussian_mixture_confirmation,808,0.95,release_3,matched_kmeans,random_forest,600,100,2,56,5.357142857142857,1.0,1,84,50,0.8928571428571429,0.8928571428571429,0.9928795859473413,0.0,0.9868764172335601,1.0,1.0,1.0,2.0,5.0,0.3,3,100,0.0,0.05,0.8370666666666667,0.8499577754389207,0.32,nan
confirm_d100_redundant0_noise0.05,controlled_gaussian_mixture_confirmation,808,0.99,release_1,granular_ball,logistic,600,100,2,84,3.5714285714285716,1.0,1,37,51,0.7619047619047619,0.8214285714285714,2.82385266750278,0.0,0.9758687258687259,1.0,1.0,1.0,2.0,5.0,0.3,3,100,0.0,0.05,0.9294222222222223,0.9362519471036,0.5433333333333333,nan
confirm_d100_redundant0_noise0.05,controlled_gaussian_mixture_confirmation,808,0.99,release_1,granular_ball,random_forest,600,100,2,84,3.5714285714285716,1.0,1,37,51,0.7619047619047619,0.8214285714285714,2.82385266750278,0.0,0.9758687258687259,1.0,1.0,1.0,2.0,5.0,0.3,3,100,0.0,0.05,0.9365666666666667,0.9434752974880344,0.48333333333333334,nan
confirm_d100_redundant0_noise0.05,controlled_gaussian_mixture_confirmation,808,0.99,release_1,matched_kmeans,logistic,600,100,2,84,3.5714285714285716,1.0,1,79,78,0.9285714285714286,0.9285714285714286,0.6405694530178201,0.0,0.992397505917401,1.0,1.0,1.0,2.0,5.0,0.3,3,100,0.0,0.05,0.8172111111111111,0.8156555262615017,0.26666666666666666,nan
confirm_d100_redundant0_noise0.05,controlled_gaussian_mixture_confirmation,808,0.99,release_1,matched_kmeans,random_forest,600,100,2,84,3.5714285714285716,1.0,1,79,78,0.9285714285714286,0.9285714285714286,0.6405694530178201,0.0,0.992397505917401,1.0,1.0,1.0,2.0,5.0,0.3,3,100,0.0,0.05,0.8328888888888889,0.8406303685200207,0.3333333333333333,nan
confirm_d100_redundant0_noise0.05,controlled_gaussian_mixture_confirmation,808,0.99,release_2,granular_ball,logistic,600,100,2,84,3.5714285714285716,1.0,1,37,51,0.7619047619047619,0.8214285714285714,2.82385266750278,0.0,0.9758687258687259,1.0,1.0,1.0,2.0,5.0,0.3,3,100,0.0,0.05,0.9534777777777778,0.9576620752935,0.6633333333333333,nan
confirm_d100_redundant0_noise0.05,controlled_gaussian_mixture_confirmation,808,0.99,release_2,granular_ball,random_forest,600,100,2,84,3.5714285714285716,1.0,1,37,51,0.7619047619047619,0.8214285714285714,2.82385266750278,0.0,0.9758687258687259,1.0,1.0,1.0,2.0,5.0,0.3,3,100,0.0,0.05,0.9476444444444444,0.950541553330125,0.52,nan
confirm_d100_redundant0_noise0.05,controlled_gaussian_mixture_confirmation,808,0.99,release_2,matched_kmeans,logistic,600,100,2,84,3.5714285714285716,1.0,1,79,78,0.9285714285714286,0.9285714285714286,0.6405694530178201,0.0,0.992397505917401,1.0,1.0,1.0,2.0,5.0,0.3,3,100,0.0,0.05,0.8127111111111112,0.8285788941217034,0.2833333333333333,nan
confirm_d100_redundant0_noise0.05,controlled_gaussian_mixture_confirmation,808,0.99,release_2,matched_kmeans,random_forest,600,100,2,84,3.5714285714285716,1.0,1,79,78,0.9285714285714286,0.9285714285714286,0.6405694530178201,0.0,0.992397505917401,1.0,1.0,1.0,2.0,5.0,0.3,3,100,0.0,0.05,0.8434777777777778,0.8501038635421075,0.3333333333333333,nan
confirm_d100_redundant0_noise0.05,controlled_gaussian_mixture_confirmation,808,0.99,release_3,granular_ball,logistic,600,100,2,84,3.5714285714285716,1.0,1,37,51,0.7619047619047619,0.8214285714285714,2.82385266750278,0.0,0.9758687258687259,1.0,1.0,1.0,2.0,5.0,0.3,3,100,0.0,0.05,0.9521444444444445,0.9570008402150738,0.6966666666666667,nan
confirm_d100_redundant0_noise0.05,controlled_gaussian_mixture_confirmation,808,0.99,release_3,granular_ball,random_forest,600,100,2,84,3.5714285714285716,1.0,1,37,51,0.7619047619047619,0.8214285714285714,2.82385266750278,0.0,0.9758687258687259,1.0,1.0,1.0,2.0,5.0,0.3,3,100,0.0,0.05,0.9480777777777778,0.9502294718220337,0.47,nan
confirm_d100_redundant0_noise0.05,controlled_gaussian_mixture_confirmation,808,0.99,release_3,matched_kmeans,logistic,600,100,2,84,3.5714285714285716,1.0,1,79,78,0.9285714285714286,0.9285714285714286,0.6405694530178201,0.0,0.992397505917401,1.0,1.0,1.0,2.0,5.0,0.3,3,100,0.0,0.05,0.8193333333333335,0.8333112072231563,0.2733333333333333,nan
confirm_d100_redundant0_noise0.05,controlled_gaussian_mixture_confirmation,808,0.99,release_3,matched_kmeans,random_forest,600,100,2,84,3.5714285714285716,1.0,1,79,78,0.9285714285714286,0.9285714285714286,0.6405694530178201,0.0,0.992397505917401,1.0,1.0,1.0,2.0,5.0,0.3,3,100,0.0,0.05,0.8427222222222222,0.8506586202487756,0.3466666666666667,nan
confirm_d100_redundant0.1_noise0.15,controlled_gaussian_mixture_confirmation,2,0.7,release_1,granular_ball,logistic,600,100,2,26,11.538461538461538,1.0,1,73,17,0.6923076923076923,0.6923076923076923,3.1539686124003734,0.0,0.9426017104174303,1.0,0.9280821917808219,1.0,2.0,5.0,0.3,3,100,0.1,0.15,0.7472666666666667,0.7573732101434313,0.17666666666666667,nan
confirm_d100_redundant0.1_noise0.15,controlled_gaussian_mixture_confirmation,2,0.7,release_1,granular_ball,random_forest,600,100,2,26,11.538461538461538,1.0,1,73,17,0.6923076923076923,0.6923076923076923,3.1539686124003734,0.0,0.9426017104174303,1.0,0.9280821917808219,1.0,2.0,5.0,0.3,3,100,0.1,0.15,0.7620666666666668,0.7664107267077132,0.13,nan
confirm_d100_redundant0.1_noise0.15,controlled_gaussian_mixture_confirmation,2,0.7,release_1,matched_kmeans,logistic,600,100,2,26,11.538461538461538,1.0,1,104,22,0.8461538461538461,0.8461538461538461,1.4325774945045768,0.0,0.9544840842917766,1.0,1.0,1.0,2.0,5.0,0.3,3,100,0.1,0.15,0.7093333333333334,0.7126921568209185,0.08333333333333333,nan
confirm_d100_redundant0.1_noise0.15,controlled_gaussian_mixture_confirmation,2,0.7,release_1,matched_kmeans,random_forest,600,100,2,26,11.538461538461538,1.0,1,104,22,0.8461538461538461,0.8461538461538461,1.4325774945045768,0.0,0.9544840842917766,1.0,1.0,1.0,2.0,5.0,0.3,3,100,0.1,0.15,0.6862666666666667,0.7135356775818021,0.17333333333333334,nan
confirm_d100_redundant0.1_noise0.15,controlled_gaussian_mixture_confirmation,2,0.7,release_2,granular_ball,logistic,600,100,2,26,11.538461538461538,1.0,1,73,17,0.6923076923076923,0.6923076923076923,3.1539686124003734,0.0,0.9426017104174303,1.0,0.9280821917808219,1.0,2.0,5.0,0.3,3,100,0.1,0.15,0.7583666666666666,0.7797063455467862,0.23333333333333334,nan
confirm_d100_redundant0.1_noise0.15,controlled_gaussian_mixture_confirmation,2,0.7,release_2,granular_ball,random_forest,600,100,2,26,11.538461538461538,1.0,1,73,17,0.6923076923076923,0.6923076923076923,3.1539686124003734,0.0,0.9426017104174303,1.0,0.9280821917808219,1.0,2.0,5.0,0.3,3,100,0.1,0.15,0.7538777777777779,0.7574732908884451,0.11333333333333333,nan
confirm_d100_redundant0.1_noise0.15,controlled_gaussian_mixture_confirmation,2,0.7,release_2,matched_kmeans,logistic,600,100,2,26,11.538461538461538,1.0,1,104,22,0.8461538461538461,0.8461538461538461,1.4325774945045768,0.0,0.9544840842917766,1.0,1.0,1.0,2.0,5.0,0.3,3,100,0.1,0.15,0.7044222222222223,0.7176039245591976,0.09333333333333334,nan
confirm_d100_redundant0.1_noise0.15,controlled_gaussian_mixture_confirmation,2,0.7,release_2,matched_kmeans,random_forest,600,100,2,26,11.538461538461538,1.0,1,104,22,0.8461538461538461,0.8461538461538461,1.4325774945045768,0.0,0.9544840842917766,1.0,1.0,1.0,2.0,5.0,0.3,3,100,0.1,0.15,0.6956222222222223,0.7098298589077436,0.12666666666666668,nan
confirm_d100_redundant0.1_noise0.15,controlled_gaussian_mixture_confirmation,2,0.7,release_3,granular_ball,logistic,600,100,2,26,11.538461538461538,1.0,1,73,17,0.6923076923076923,0.6923076923076923,3.1539686124003734,0.0,0.9426017104174303,1.0,0.9280821917808219,1.0,2.0,5.0,0.3,3,100,0.1,0.15,0.752988888888889,0.7753163882611426,0.21666666666666667,nan
confirm_d100_redundant0.1_noise0.15,controlled_gaussian_mixture_confirmation,2,0.7,release_3,granular_ball,random_forest,600,100,2,26,11.538461538461538,1.0,1,73,17,0.6923076923076923,0.6923076923076923,3.1539686124003734,0.0,0.9426017104174303,1.0,0.9280821917808219,1.0,2.0,5.0,0.3,3,100,0.1,0.15,0.7498444444444445,0.7549814028785296,0.13333333333333333,nan
confirm_d100_redundant0.1_noise0.15,controlled_gaussian_mixture_confirmation,2,0.7,release_3,matched_kmeans,logistic,600,100,2,26,11.538461538461538,1.0,1,104,22,0.8461538461538461,0.8461538461538461,1.4325774945045768,0.0,0.9544840842917766,1.0,1.0,1.0,2.0,5.0,0.3,3,100,0.1,0.15,0.6928666666666667,0.7061684184330663,0.09333333333333334,nan
confirm_d100_redundant0.1_noise0.15,controlled_gaussian_mixture_confirmation,2,0.7,release_3,matched_kmeans,random_forest,600,100,2,26,11.538461538461538,1.0,1,104,22,0.8461538461538461,0.8461538461538461,1.4325774945045768,0.0,0.9544840842917766,1.0,1.0,1.0,2.0,5.0,0.3,3,100,0.1,0.15,0.692011111111111,0.7076766262101304,0.11,nan
confirm_d100_redundant0.1_noise0.15,controlled_gaussian_mixture_confirmation,2,0.8,release_1,granular_ball,logistic,600,100,2,61,4.918032786885246,1.0,1,73,39,0.819672131147541,0.8360655737704918,2.694992301599618,0.0,0.930453252182178,1.0,1.0,1.0,2.0,5.0,0.3,3,100,0.1,0.15,0.8455777777777778,0.8602474141065339,0.34,nan
confirm_d100_redundant0.1_noise0.15,controlled_gaussian_mixture_confirmation,2,0.8,release_1,granular_ball,random_forest,600,100,2,61,4.918032786885246,1.0,1,73,39,0.819672131147541,0.8360655737704918,2.694992301599618,0.0,0.930453252182178,1.0,1.0,1.0,2.0,5.0,0.3,3,100,0.1,0.15,0.8318222222222222,0.8526768953953074,0.32,nan
confirm_d100_redundant0.1_noise0.15,controlled_gaussian_mixture_confirmation,2,0.8,release_1,matched_kmeans,logistic,600,100,2,61,4.918032786885246,1.0,1,68,54,0.8852459016393442,0.8852459016393442,1.0707853931071956,0.0,0.9790155795399287,1.0,1.0,1.0,2.0,5.0,0.3,3,100,0.1,0.15,0.7791777777777779,0.7823293591022918,0.20666666666666667,nan
confirm_d100_redundant0.1_noise0.15,controlled_gaussian_mixture_confirmation,2,0.8,release_1,matched_kmeans,random_forest,600,100,2,61,4.918032786885246,1.0,1,68,54,0.8852459016393442,0.8852459016393442,1.0707853931071956,0.0,0.9790155795399287,1.0,1.0,1.0,2.0,5.0,0.3,3,100,0.1,0.15,0.8008277777777777,0.8272880831229161,0.3,nan
confirm_d100_redundant0.1_noise0.15,controlled_gaussian_mixture_confirmation,2,0.8,release_2,granular_ball,logistic,600,100,2,61,4.918032786885246,1.0,1,73,39,0.819672131147541,0.8360655737704918,2.694992301599618,0.0,0.930453252182178,1.0,1.0,1.0,2.0,5.0,0.3,3,100,0.1,0.15,0.8525555555555557,0.8664724914616748,0.36666666666666664,nan
confirm_d100_redundant0.1_noise0.15,controlled_gaussian_mixture_confirmation,2,0.8,release_2,granular_ball,random_forest,600,100,2,61,4.918032786885246,1.0,1,73,39,0.819672131147541,0.8360655737704918,2.694992301599618,0.0,0.930453252182178,1.0,1.0,1.0,2.0,5.0,0.3,3,100,0.1,0.15,0.8583666666666667,0.868838570212511,0.34,nan
confirm_d100_redundant0.1_noise0.15,controlled_gaussian_mixture_confirmation,2,0.8,release_2,matched_kmeans,logistic,600,100,2,61,4.918032786885246,1.0,1,68,54,0.8852459016393442,0.8852459016393442,1.0707853931071956,0.0,0.9790155795399287,1.0,1.0,1.0,2.0,5.0,0.3,3,100,0.1,0.15,0.7424888888888889,0.777942236728188,0.25333333333333335,nan
confirm_d100_redundant0.1_noise0.15,controlled_gaussian_mixture_confirmation,2,0.8,release_2,matched_kmeans,random_forest,600,100,2,61,4.918032786885246,1.0,1,68,54,0.8852459016393442,0.8852459016393442,1.0707853931071956,0.0,0.9790155795399287,1.0,1.0,1.0,2.0,5.0,0.3,3,100,0.1,0.15,0.8125,0.8376688306007536,0.30666666666666664,nan
confirm_d100_redundant0.1_noise0.15,controlled_gaussian_mixture_confirmation,2,0.8,release_3,granular_ball,logistic,600,100,2,61,4.918032786885246,1.0,1,73,39,0.819672131147541,0.8360655737704918,2.694992301599618,0.0,0.930453252182178,1.0,1.0,1.0,2.0,5.0,0.3,3,100,0.1,0.15,0.8436888888888888,0.860475959185868,0.3466666666666667,nan
confirm_d100_redundant0.1_noise0.15,controlled_gaussian_mixture_confirmation,2,0.8,release_3,granular_ball,random_forest,600,100,2,61,4.918032786885246,1.0,1,73,39,0.819672131147541,0.8360655737704918,2.694992301599618,0.0,0.930453252182178,1.0,1.0,1.0,2.0,5.0,0.3,3,100,0.1,0.15,0.8568166666666667,0.8692159799888151,0.35333333333333333,nan
confirm_d100_redundant0.1_noise0.15,controlled_gaussian_mixture_confirmation,2,0.8,release_3,matched_kmeans,logistic,600,100,2,61,4.918032786885246,1.0,1,68,54,0.8852459016393442,0.8852459016393442,1.0707853931071956,0.0,0.9790155795399287,1.0,1.0,1.0,2.0,5.0,0.3,3,100,0.1,0.15,0.7320444444444445,0.770551990731,0.25,nan
confirm_d100_redundant0.1_noise0.15,controlled_gaussian_mixture_confirmation,2,0.8,release_3,matched_kmeans,random_forest,600,100,2,61,4.918032786885246,1.0,1,68,54,0.8852459016393442,0.8852459016393442,1.0707853931071956,0.0,0.9790155795399287,1.0,1.0,1.0,2.0,5.0,0.3,3,100,0.1,0.15,0.8125555555555556,0.8361342215692356,0.33,nan
confirm_d100_redundant0.1_noise0.15,controlled_gaussian_mixture_confirmation,2,0.9,release_1,granular_ball,logistic,600,100,2,101,2.9702970297029703,1.0,1,73,60,0.8316831683168316,0.9207920792079208,2.6538605521966288,0.0,0.9451336193460731,1.0,1.0,1.0,2.0,5.0,0.3,3,100,0.1,0.15,0.8894777777777778,0.9138751221548426,0.5266666666666666,nan
confirm_d100_redundant0.1_noise0.15,controlled_gaussian_mixture_confirmation,2,0.9,release_1,granular_ball,random_forest,600,100,2,101,2.9702970297029703,1.0,1,73,60,0.8316831683168316,0.9207920792079208,2.6538605521966288,0.0,0.9451336193460731,1.0,1.0,1.0,2.0,5.0,0.3,3,100,0.1,0.15,0.910088888888889,0.9291314865809285,0.5333333333333333,nan
confirm_d100_redundant0.1_noise0.15,controlled_gaussian_mixture_confirmation,2,0.9,release_1,matched_kmeans,logistic,600,100,2,101,2.9702970297029703,1.0,1,63,94,0.9306930693069307,0.9306930693069307,0.6208998031629532,0.0,0.9877963751367304,1.0,1.0,1.0,2.0,5.0,0.3,3,100,0.1,0.15,0.8255555555555555,0.8311619143437423,0.35,nan
confirm_d100_redundant0.1_noise0.15,controlled_gaussian_mixture_confirmation,2,0.9,release_1,matched_kmeans,random_forest,600,100,2,101,2.9702970297029703,1.0,1,63,94,0.9306930693069307,0.9306930693069307,0.6208998031629532,0.0,0.9877963751367304,1.0,1.0,1.0,2.0,5.0,0.3,3,100,0.1,0.15,0.8659222222222223,0.8841000483282053,0.42,nan
confirm_d100_redundant0.1_noise0.15,controlled_gaussian_mixture_confirmation,2,0.9,release_2,granular_ball,logistic,600,100,2,101,2.9702970297029703,1.0,1,73,60,0.8316831683168316,0.9207920792079208,2.6538605521966288,0.0,0.9451336193460731,1.0,1.0,1.0,2.0,5.0,0.3,3,100,0.1,0.15,0.9194555555555555,0.9272991949407122,0.53,nan
confirm_d100_redundant0.1_noise0.15,controlled_gaussian_mixture_confirmation,2,0.9,release_2,granular_ball,random_forest,600,100,2,101,2.9702970297029703,1.0,1,73,60,0.8316831683168316,0.9207920792079208,2.6538605521966288,0.0,0.9451336193460731,1.0,1.0,1.0,2.0,5.0,0.3,3,100,0.1,0.15,0.9383333333333334,0.9481786291456222,0.6,nan
confirm_d100_redundant0.1_noise0.15,controlled_gaussian_mixture_confirmation,2,0.9,release_2,matched_kmeans,logistic,600,100,2,101,2.9702970297029703,1.0,1,63,94,0.9306930693069307,0.9306930693069307,0.6208998031629532,0.0,0.9877963751367304,1.0,1.0,1.0,2.0,5.0,0.3,3,100,0.1,0.15,0.8135777777777777,0.8439978195562514,0.37333333333333335,nan
confirm_d100_redundant0.1_noise0.15,controlled_gaussian_mixture_confirmation,2,0.9,release_2,matched_kmeans,random_forest,600,100,2,101,2.9702970297029703,1.0,1,63,94,0.9306930693069307,0.9306930693069307,0.6208998031629532,0.0,0.9877963751367304,1.0,1.0,1.0,2.0,5.0,0.3,3,100,0.1,0.15,0.8584666666666667,0.8756197527491395,0.42,nan
confirm_d100_redundant0.1_noise0.15,controlled_gaussian_mixture_confirmation,2,0.9,release_3,granular_ball,logistic,600,100,2,101,2.9702970297029703,1.0,1,73,60,0.8316831683168316,0.9207920792079208,2.6538605521966288,0.0,0.9451336193460731,1.0,1.0,1.0,2.0,5.0,0.3,3,100,0.1,0.15,0.9048222222222222,0.9154216923981225,0.5066666666666667,nan
confirm_d100_redundant0.1_noise0.15,controlled_gaussian_mixture_confirmation,2,0.9,release_3,granular_ball,random_forest,600,100,2,101,2.9702970297029703,1.0,1,73,60,0.8316831683168316,0.9207920792079208,2.6538605521966288,0.0,0.9451336193460731,1.0,1.0,1.0,2.0,5.0,0.3,3,100,0.1,0.15,0.9362833333333334,0.9470735085760665,0.5733333333333334,nan
confirm_d100_redundant0.1_noise0.15,controlled_gaussian_mixture_confirmation,2,0.9,release_3,matched_kmeans,logistic,600,100,2,101,2.9702970297029703,1.0,1,63,94,0.9306930693069307,0.9306930693069307,0.6208998031629532,0.0,0.9877963751367304,1.0,1.0,1.0,2.0,5.0,0.3,3,100,0.1,0.15,0.8072777777777778,0.841715498194983,0.38666666666666666,nan
confirm_d100_redundant0.1_noise0.15,controlled_gaussian_mixture_confirmation,2,0.9,release_3,matched_kmeans,random_forest,600,100,2,101,2.9702970297029703,1.0,1,63,94,0.9306930693069307,0.9306930693069307,0.6208998031629532,0.0,0.9877963751367304,1.0,1.0,1.0,2.0,5.0,0.3,3,100,0.1,0.15,0.8537777777777777,0.8721963737519205,0.42,nan
confirm_d100_redundant0.1_noise0.15,controlled_gaussian_mixture_confirmation,2,0.95,release_1,granular_ball,logistic,600,100,2,129,2.3255813953488373,1.0,1,22,73,0.813953488372093,0.9147286821705426,2.9129462061712923,0.0,0.9428940568475452,1.0,1.0,1.0,2.0,5.0,0.3,3,100,0.1,0.15,0.9708777777777777,0.978151481761143,0.8433333333333334,nan
confirm_d100_redundant0.1_noise0.15,controlled_gaussian_mixture_confirmation,2,0.95,release_1,granular_ball,random_forest,600,100,2,129,2.3255813953488373,1.0,1,22,73,0.813953488372093,0.9147286821705426,2.9129462061712923,0.0,0.9428940568475452,1.0,1.0,1.0,2.0,5.0,0.3,3,100,0.1,0.15,0.9772222222222222,0.982458304520759,0.84,nan
confirm_d100_redundant0.1_noise0.15,controlled_gaussian_mixture_confirmation,2,0.95,release_1,matched_kmeans,logistic,600,100,2,129,2.3255813953488373,1.0,1,60,122,0.9457364341085271,0.9457364341085271,0.4677125551467953,0.0,0.9916408741990138,1.0,1.0,1.0,2.0,5.0,0.3,3,100,0.1,0.15,0.8513333333333333,0.8598418735147115,0.44666666666666666,nan
confirm_d100_redundant0.1_noise0.15,controlled_gaussian_mixture_confirmation,2,0.95,release_1,matched_kmeans,random_forest,600,100,2,129,2.3255813953488373,1.0,1,60,122,0.9457364341085271,0.9457364341085271,0.4677125551467953,0.0,0.9916408741990138,1.0,1.0,1.0,2.0,5.0,0.3,3,100,0.1,0.15,0.9063388888888888,0.9178431807944271,0.4866666666666667,nan
confirm_d100_redundant0.1_noise0.15,controlled_gaussian_mixture_confirmation,2,0.95,release_2,granular_ball,logistic,600,100,2,129,2.3255813953488373,1.0,1,22,73,0.813953488372093,0.9147286821705426,2.9129462061712923,0.0,0.9428940568475452,1.0,1.0,1.0,2.0,5.0,0.3,3,100,0.1,0.15,0.9769777777777777,0.9803617118984251,0.7266666666666667,nan
confirm_d100_redundant0.1_noise0.15,controlled_gaussian_mixture_confirmation,2,0.95,release_2,granular_ball,random_forest,600,100,2,129,2.3255813953488373,1.0,1,22,73,0.813953488372093,0.9147286821705426,2.9129462061712923,0.0,0.9428940568475452,1.0,1.0,1.0,2.0,5.0,0.3,3,100,0.1,0.15,0.9796,0.9831484225855871,0.8033333333333333,nan
confirm_d100_redundant0.1_noise0.15,controlled_gaussian_mixture_confirmation,2,0.95,release_2,matched_kmeans,logistic,600,100,2,129,2.3255813953488373,1.0,1,60,122,0.9457364341085271,0.9457364341085271,0.4677125551467953,0.0,0.9916408741990138,1.0,1.0,1.0,2.0,5.0,0.3,3,100,0.1,0.15,0.8731777777777778,0.8927295442541384,0.47333333333333333,nan
confirm_d100_redundant0.1_noise0.15,controlled_gaussian_mixture_confirmation,2,0.95,release_2,matched_kmeans,random_forest,600,100,2,129,2.3255813953488373,1.0,1,60,122,0.9457364341085271,0.9457364341085271,0.4677125551467953,0.0,0.9916408741990138,1.0,1.0,1.0,2.0,5.0,0.3,3,100,0.1,0.15,0.903411111111111,0.914912768046356,0.55,nan
confirm_d100_redundant0.1_noise0.15,controlled_gaussian_mixture_confirmation,2,0.95,release_3,granular_ball,logistic,600,100,2,129,2.3255813953488373,1.0,1,22,73,0.813953488372093,0.9147286821705426,2.9129462061712923,0.0,0.9428940568475452,1.0,1.0,1.0,2.0,5.0,0.3,3,100,0.1,0.15,0.9653666666666666,0.9703817163271017,0.7666666666666667,nan
confirm_d100_redundant0.1_noise0.15,controlled_gaussian_mixture_confirmation,2,0.95,release_3,granular_ball,random_forest,600,100,2,129,2.3255813953488373,1.0,1,22,73,0.813953488372093,0.9147286821705426,2.9129462061712923,0.0,0.9428940568475452,1.0,1.0,1.0,2.0,5.0,0.3,3,100,0.1,0.15,0.9794666666666666,0.9827566734210315,0.7833333333333333,nan
confirm_d100_redundant0.1_noise0.15,controlled_gaussian_mixture_confirmation,2,0.95,release_3,matched_kmeans,logistic,600,100,2,129,2.3255813953488373,1.0,1,60,122,0.9457364341085271,0.9457364341085271,0.4677125551467953,0.0,0.9916408741990138,1.0,1.0,1.0,2.0,5.0,0.3,3,100,0.1,0.15,0.871688888888889,0.8920471311221699,0.5,nan
confirm_d100_redundant0.1_noise0.15,controlled_gaussian_mixture_confirmation,2,0.95,release_3,matched_kmeans,random_forest,600,100,2,129,2.3255813953488373,1.0,1,60,122,0.9457364341085271,0.9457364341085271,0.4677125551467953,0.0,0.9916408741990138,1.0,1.0,1.0,2.0,5.0,0.3,3,100,0.1,0.15,0.9031944444444444,0.9150093820759311,0.5466666666666666,nan
confirm_d100_redundant0.1_noise0.15,controlled_gaussian_mixture_confirmation,2,0.99,release_1,granular_ball,logistic,600,100,2,129,2.3255813953488373,1.0,1,22,73,0.813953488372093,0.9147286821705426,2.9129462061712923,0.0,0.9428940568475452,1.0,1.0,1.0,2.0,5.0,0.3,3,100,0.1,0.15,0.9708777777777777,0.978151481761143,0.8433333333333334,nan
confirm_d100_redundant0.1_noise0.15,controlled_gaussian_mixture_confirmation,2,0.99,release_1,granular_ball,random_forest,600,100,2,129,2.3255813953488373,1.0,1,22,73,0.813953488372093,0.9147286821705426,2.9129462061712923,0.0,0.9428940568475452,1.0,1.0,1.0,2.0,5.0,0.3,3,100,0.1,0.15,0.9772222222222222,0.982458304520759,0.84,nan
confirm_d100_redundant0.1_noise0.15,controlled_gaussian_mixture_confirmation,2,0.99,release_1,matched_kmeans,logistic,600,100,2,129,2.3255813953488373,1.0,1,60,122,0.9457364341085271,0.9457364341085271,0.4677125551467953,0.0,0.9916408741990138,1.0,1.0,1.0,2.0,5.0,0.3,3,100,0.1,0.15,0.8513333333333333,0.8598418735147115,0.44666666666666666,nan
confirm_d100_redundant0.1_noise0.15,controlled_gaussian_mixture_confirmation,2,0.99,release_1,matched_kmeans,random_forest,600,100,2,129,2.3255813953488373,1.0,1,60,122,0.9457364341085271,0.9457364341085271,0.4677125551467953,0.0,0.9916408741990138,1.0,1.0,1.0,2.0,5.0,0.3,3,100,0.1,0.15,0.9063388888888888,0.9178431807944271,0.4866666666666667,nan
confirm_d100_redundant0.1_noise0.15,controlled_gaussian_mixture_confirmation,2,0.99,release_2,granular_ball,logistic,600,100,2,129,2.3255813953488373,1.0,1,22,73,0.813953488372093,0.9147286821705426,2.9129462061712923,0.0,0.9428940568475452,1.0,1.0,1.0,2.0,5.0,0.3,3,100,0.1,0.15,0.9769777777777777,0.9803617118984251,0.7266666666666667,nan
confirm_d100_redundant0.1_noise0.15,controlled_gaussian_mixture_confirmation,2,0.99,release_2,granular_ball,random_forest,600,100,2,129,2.3255813953488373,1.0,1,22,73,0.813953488372093,0.9147286821705426,2.9129462061712923,0.0,0.9428940568475452,1.0,1.0,1.0,2.0,5.0,0.3,3,100,0.1,0.15,0.9796,0.9831484225855871,0.8033333333333333,nan
confirm_d100_redundant0.1_noise0.15,controlled_gaussian_mixture_confirmation,2,0.99,release_2,matched_kmeans,logistic,600,100,2,129,2.3255813953488373,1.0,1,60,122,0.9457364341085271,0.9457364341085271,0.4677125551467953,0.0,0.9916408741990138,1.0,1.0,1.0,2.0,5.0,0.3,3,100,0.1,0.15,0.8731777777777778,0.8927295442541384,0.47333333333333333,nan
confirm_d100_redundant0.1_noise0.15,controlled_gaussian_mixture_confirmation,2,0.99,release_2,matched_kmeans,random_forest,600,100,2,129,2.3255813953488373,1.0,1,60,122,0.9457364341085271,0.9457364341085271,0.4677125551467953,0.0,0.9916408741990138,1.0,1.0,1.0,2.0,5.0,0.3,3,100,0.1,0.15,0.903411111111111,0.914912768046356,0.55,nan
confirm_d100_redundant0.1_noise0.15,controlled_gaussian_mixture_confirmation,2,0.99,release_3,granular_ball,logistic,600,100,2,129,2.3255813953488373,1.0,1,22,73,0.813953488372093,0.9147286821705426,2.9129462061712923,0.0,0.9428940568475452,1.0,1.0,1.0,2.0,5.0,0.3,3,100,0.1,0.15,0.9653666666666666,0.9703817163271017,0.7666666666666667,nan
confirm_d100_redundant0.1_noise0.15,controlled_gaussian_mixture_confirmation,2,0.99,release_3,granular_ball,random_forest,600,100,2,129,2.3255813953488373,1.0,1,22,73,0.813953488372093,0.9147286821705426,2.9129462061712923,0.0,0.9428940568475452,1.0,1.0,1.0,2.0,5.0,0.3,3,100,0.1,0.15,0.9794666666666666,0.9827566734210315,0.7833333333333333,nan
confirm_d100_redundant0.1_noise0.15,controlled_gaussian_mixture_confirmation,2,0.99,release_3,matched_kmeans,logistic,600,100,2,129,2.3255813953488373,1.0,1,60,122,0.9457364341085271,0.9457364341085271,0.4677125551467953,0.0,0.9916408741990138,1.0,1.0,1.0,2.0,5.0,0.3,3,100,0.1,0.15,0.871688888888889,0.8920471311221699,0.5,nan
confirm_d100_redundant0.1_noise0.15,controlled_gaussian_mixture_confirmation,2,0.99,release_3,matched_kmeans,random_forest,600,100,2,129,2.3255813953488373,1.0,1,60,122,0.9457364341085271,0.9457364341085271,0.4677125551467953,0.0,0.9916408741990138,1.0,1.0,1.0,2.0,5.0,0.3,3,100,0.1,0.15,0.9031944444444444,0.9150093820759311,0.5466666666666666,nan
confirm_d100_redundant0.1_noise0.15,controlled_gaussian_mixture_confirmation,13,0.7,release_1,granular_ball,logistic,600,100,2,19,15.789473684210526,1.0,1,95,14,0.7368421052631579,0.7368421052631579,2.2433755357136356,0.0,0.9499990232064162,1.0,0.9423076923076923,1.0,2.0,5.0,0.3,3,100,0.1,0.15,0.6936222222222221,0.6857684633938228,0.07666666666666666,nan
confirm_d100_redundant0.1_noise0.15,controlled_gaussian_mixture_confirmation,13,0.7,release_1,granular_ball,random_forest,600,100,2,19,15.789473684210526,1.0,1,95,14,0.7368421052631579,0.7368421052631579,2.2433755357136356,0.0,0.9499990232064162,1.0,0.9423076923076923,1.0,2.0,5.0,0.3,3,100,0.1,0.15,0.6973222222222223,0.7057036725149581,0.10333333333333333,nan
confirm_d100_redundant0.1_noise0.15,controlled_gaussian_mixture_confirmation,13,0.7,release_1,matched_kmeans,logistic,600,100,2,19,15.789473684210526,1.0,1,135,15,0.7894736842105263,0.7894736842105263,2.0917448964811447,0.0,0.956521592442645,1.0,1.0,1.0,2.0,5.0,0.3,3,100,0.1,0.15,0.6522222222222223,0.6587046947011486,0.09666666666666666,nan
confirm_d100_redundant0.1_noise0.15,controlled_gaussian_mixture_confirmation,13,0.7,release_1,matched_kmeans,random_forest,600,100,2,19,15.789473684210526,1.0,1,135,15,0.7894736842105263,0.7894736842105263,2.0917448964811447,0.0,0.956521592442645,1.0,1.0,1.0,2.0,5.0,0.3,3,100,0.1,0.15,0.712488888888889,0.7291502534392102,0.14,nan
confirm_d100_redundant0.1_noise0.15,controlled_gaussian_mixture_confirmation,13,0.7,release_2,granular_ball,logistic,600,100,2,19,15.789473684210526,1.0,1,95,14,0.7368421052631579,0.7368421052631579,2.2433755357136356,0.0,0.9499990232064162,1.0,0.9423076923076923,1.0,2.0,5.0,0.3,3,100,0.1,0.15,0.7148111111111112,0.7221375815402638,0.10333333333333333,nan
confirm_d100_redundant0.1_noise0.15,controlled_gaussian_mixture_confirmation,13,0.7,release_2,granular_ball,random_forest,600,100,2,19,15.789473684210526,1.0,1,95,14,0.7368421052631579,0.7368421052631579,2.2433755357136356,0.0,0.9499990232064162,1.0,0.9423076923076923,1.0,2.0,5.0,0.3,3,100,0.1,0.15,0.7132666666666666,0.7114014247383338,0.06,nan
confirm_d100_redundant0.1_noise0.15,controlled_gaussian_mixture_confirmation,13,0.7,release_2,matched_kmeans,logistic,600,100,2,19,15.789473684210526,1.0,1,135,15,0.7894736842105263,0.7894736842105263,2.0917448964811447,0.0,0.956521592442645,1.0,1.0,1.0,2.0,5.0,0.3,3,100,0.1,0.15,0.6822444444444445,0.7050952207834766,0.1,nan
confirm_d100_redundant0.1_noise0.15,controlled_gaussian_mixture_confirmation,13,0.7,release_2,matched_kmeans,random_forest,600,100,2,19,15.789473684210526,1.0,1,135,15,0.7894736842105263,0.7894736842105263,2.0917448964811447,0.0,0.956521592442645,1.0,1.0,1.0,2.0,5.0,0.3,3,100,0.1,0.15,0.7231222222222221,0.7331848118030859,0.13,nan
confirm_d100_redundant0.1_noise0.15,controlled_gaussian_mixture_confirmation,13,0.7,release_3,granular_ball,logistic,600,100,2,19,15.789473684210526,1.0,1,95,14,0.7368421052631579,0.7368421052631579,2.2433755357136356,0.0,0.9499990232064162,1.0,0.9423076923076923,1.0,2.0,5.0,0.3,3,100,0.1,0.15,0.7217888888888888,0.7261401435971461,0.09666666666666666,nan
confirm_d100_redundant0.1_noise0.15,controlled_gaussian_mixture_confirmation,13,0.7,release_3,granular_ball,random_forest,600,100,2,19,15.789473684210526,1.0,1,95,14,0.7368421052631579,0.7368421052631579,2.2433755357136356,0.0,0.9499990232064162,1.0,0.9423076923076923,1.0,2.0,5.0,0.3,3,100,0.1,0.15,0.7096444444444444,0.7160305046935193,0.10333333333333333,nan
confirm_d100_redundant0.1_noise0.15,controlled_gaussian_mixture_confirmation,13,0.7,release_3,matched_kmeans,logistic,600,100,2,19,15.789473684210526,1.0,1,135,15,0.7894736842105263,0.7894736842105263,2.0917448964811447,0.0,0.956521592442645,1.0,1.0,1.0,2.0,5.0,0.3,3,100,0.1,0.15,0.6772777777777778,0.7075399688820238,0.15,nan
confirm_d100_redundant0.1_noise0.15,controlled_gaussian_mixture_confirmation,13,0.7,release_3,matched_kmeans,random_forest,600,100,2,19,15.789473684210526,1.0,1,135,15,0.7894736842105263,0.7894736842105263,2.0917448964811447,0.0,0.956521592442645,1.0,1.0,1.0,2.0,5.0,0.3,3,100,0.1,0.15,0.7213444444444445,0.7330048509974988,0.12666666666666668,nan
confirm_d100_redundant0.1_noise0.15,controlled_gaussian_mixture_confirmation,13,0.8,release_1,granular_ball,logistic,600,100,2,38,7.894736842105263,1.0,1,95,30,0.7894736842105263,0.8157894736842105,1.201180029890401,0.0,0.9574796189754639,1.0,1.0,1.0,2.0,5.0,0.3,3,100,0.1,0.15,0.7356777777777779,0.7154519164586075,0.10333333333333333,nan
confirm_d100_redundant0.1_noise0.15,controlled_gaussian_mixture_confirmation,13,0.8,release_1,granular_ball,random_forest,600,100,2,38,7.894736842105263,1.0,1,95,30,0.7894736842105263,0.8157894736842105,1.201180029890401,0.0,0.9574796189754639,1.0,1.0,1.0,2.0,5.0,0.3,3,100,0.1,0.15,0.7351777777777778,0.7660536204492883,0.19333333333333333,nan
confirm_d100_redundant0.1_noise0.15,controlled_gaussian_mixture_confirmation,13,0.8,release_1,matched_kmeans,logistic,600,100,2,38,7.894736842105263,1.0,1,122,33,0.868421052631579,0.868421052631579,1.3083119571959692,0.0,0.9793027834189079,1.0,1.0,1.0,2.0,5.0,0.3,3,100,0.1,0.15,0.7127111111111111,0.7258402619573807,0.15333333333333332,nan
confirm_d100_redundant0.1_noise0.15,controlled_gaussian_mixture_confirmation,13,0.8,release_1,matched_kmeans,random_forest,600,100,2,38,7.894736842105263,1.0,1,122,33,0.868421052631579,0.868421052631579,1.3083119571959692,0.0,0.9793027834189079,1.0,1.0,1.0,2.0,5.0,0.3,3,100,0.1,0.15,0.7476222222222222,0.7671064767191469,0.14666666666666667,nan
confirm_d100_redundant0.1_noise0.15,controlled_gaussian_mixture_confirmation,13,0.8,release_2,granular_ball,logistic,600,100,2,38,7.894736842105263,1.0,1,95,30,0.7894736842105263,0.8157894736842105,1.201180029890401,0.0,0.9574796189754639,1.0,1.0,1.0,2.0,5.0,0.3,3,100,0.1,0.15,0.7187,0.7213511513390707,0.13,nan
confirm_d100_redundant0.1_noise0.15,controlled_gaussian_mixture_confirmation,13,0.8,release_2,granular_ball,random_forest,600,100,2,38,7.894736842105263,1.0,1,95,30,0.7894736842105263,0.8157894736842105,1.201180029890401,0.0,0.9574796189754639,1.0,1.0,1.0,2.0,5.0,0.3,3,100,0.1,0.15,0.7726444444444444,0.7838558275729053,0.18,nan
confirm_d100_redundant0.1_noise0.15,controlled_gaussian_mixture_confirmation,13,0.8,release_2,matched_kmeans,logistic,600,100,2,38,7.894736842105263,1.0,1,122,33,0.868421052631579,0.868421052631579,1.3083119571959692,0.0,0.9793027834189079,1.0,1.0,1.0,2.0,5.0,0.3,3,100,0.1,0.15,0.7336111111111111,0.7579974366359881,0.19,nan
confirm_d100_redundant0.1_noise0.15,controlled_gaussian_mixture_confirmation,13,0.8,release_2,matched_kmeans,random_forest,600,100,2,38,7.894736842105263,1.0,1,122,33,0.868421052631579,0.868421052631579,1.3083119571959692,0.0,0.9793027834189079,1.0,1.0,1.0,2.0,5.0,0.3,3,100,0.1,0.15,0.7551111111111111,0.7808570134949308,0.21666666666666667,nan
confirm_d100_redundant0.1_noise0.15,controlled_gaussian_mixture_confirmation,13,0.8,release_3,granular_ball,logistic,600,100,2,38,7.894736842105263,1.0,1,95,30,0.7894736842105263,0.8157894736842105,1.201180029890401,0.0,0.9574796189754639,1.0,1.0,1.0,2.0,5.0,0.3,3,100,0.1,0.15,0.7316444444444444,0.7408644954290227,0.17333333333333334,nan
confirm_d100_redundant0.1_noise0.15,controlled_gaussian_mixture_confirmation,13,0.8,release_3,granular_ball,random_forest,600,100,2,38,7.894736842105263,1.0,1,95,30,0.7894736842105263,0.8157894736842105,1.201180029890401,0.0,0.9574796189754639,1.0,1.0,1.0,2.0,5.0,0.3,3,100,0.1,0.15,0.769561111111111,0.7810811112184646,0.19333333333333333,nan
confirm_d100_redundant0.1_noise0.15,controlled_gaussian_mixture_confirmation,13,0.8,release_3,matched_kmeans,logistic,600,100,2,38,7.894736842105263,1.0,1,122,33,0.868421052631579,0.868421052631579,1.3083119571959692,0.0,0.9793027834189079,1.0,1.0,1.0,2.0,5.0,0.3,3,100,0.1,0.15,0.7269555555555556,0.7534393812247708,0.19666666666666666,nan
confirm_d100_redundant0.1_noise0.15,controlled_gaussian_mixture_confirmation,13,0.8,release_3,matched_kmeans,random_forest,600,100,2,38,7.894736842105263,1.0,1,122,33,0.868421052631579,0.868421052631579,1.3083119571959692,0.0,0.9793027834189079,1.0,1.0,1.0,2.0,5.0,0.3,3,100,0.1,0.15,0.7557444444444443,0.7807739101774043,0.2633333333333333,nan
confirm_d100_redundant0.1_noise0.15,controlled_gaussian_mixture_confirmation,13,0.9,release_1,granular_ball,logistic,600,100,2,84,3.5714285714285716,1.0,1,45,50,0.8095238095238095,0.8928571428571429,2.5453623874624656,0.0,0.9231657317603892,1.0,1.0,1.0,2.0,5.0,0.3,3,100,0.1,0.15,0.8597777777777779,0.8854202848895776,0.4266666666666667,nan
confirm_d100_redundant0.1_noise0.15,controlled_gaussian_mixture_confirmation,13,0.9,release_1,granular_ball,random_forest,600,100,2,84,3.5714285714285716,1.0,1,45,50,0.8095238095238095,0.8928571428571429,2.5453623874624656,0.0,0.9231657317603892,1.0,1.0,1.0,2.0,5.0,0.3,3,100,0.1,0.15,0.8794055555555556,0.9015614261169446,0.46,nan
confirm_d100_redundant0.1_noise0.15,controlled_gaussian_mixture_confirmation,13,0.9,release_1,matched_kmeans,logistic,600,100,2,84,3.5714285714285716,1.0,1,72,78,0.9285714285714286,0.9285714285714286,0.6380281752186903,0.0,0.9839658489658489,1.0,1.0,1.0,2.0,5.0,0.3,3,100,0.1,0.15,0.7980444444444444,0.8074241369267388,0.2966666666666667,nan
confirm_d100_redundant0.1_noise0.15,controlled_gaussian_mixture_confirmation,13,0.9,release_1,matched_kmeans,random_forest,600,100,2,84,3.5714285714285716,1.0,1,72,78,0.9285714285714286,0.9285714285714286,0.6380281752186903,0.0,0.9839658489658489,1.0,1.0,1.0,2.0,5.0,0.3,3,100,0.1,0.15,0.8381000000000001,0.8594093299574204,0.41333333333333333,nan
confirm_d100_redundant0.1_noise0.15,controlled_gaussian_mixture_confirmation,13,0.9,release_2,granular_ball,logistic,600,100,2,84,3.5714285714285716,1.0,1,45,50,0.8095238095238095,0.8928571428571429,2.5453623874624656,0.0,0.9231657317603892,1.0,1.0,1.0,2.0,5.0,0.3,3,100,0.1,0.15,0.8978777777777778,0.9101206055634525,0.48,nan
confirm_d100_redundant0.1_noise0.15,controlled_gaussian_mixture_confirmation,13,0.9,release_2,granular_ball,random_forest,600,100,2,84,3.5714285714285716,1.0,1,45,50,0.8095238095238095,0.8928571428571429,2.5453623874624656,0.0,0.9231657317603892,1.0,1.0,1.0,2.0,5.0,0.3,3,100,0.1,0.15,0.9118222222222222,0.9243216217063679,0.5066666666666667,nan
confirm_d100_redundant0.1_noise0.15,controlled_gaussian_mixture_confirmation,13,0.9,release_2,matched_kmeans,logistic,600,100,2,84,3.5714285714285716,1.0,1,72,78,0.9285714285714286,0.9285714285714286,0.6380281752186903,0.0,0.9839658489658489,1.0,1.0,1.0,2.0,5.0,0.3,3,100,0.1,0.15,0.7830999999999999,0.809483475202644,0.31666666666666665,nan
confirm_d100_redundant0.1_noise0.15,controlled_gaussian_mixture_confirmation,13,0.9,release_2,matched_kmeans,random_forest,600,100,2,84,3.5714285714285716,1.0,1,72,78,0.9285714285714286,0.9285714285714286,0.6380281752186903,0.0,0.9839658489658489,1.0,1.0,1.0,2.0,5.0,0.3,3,100,0.1,0.15,0.8467666666666667,0.8719571663633242,0.4533333333333333,nan
confirm_d100_redundant0.1_noise0.15,controlled_gaussian_mixture_confirmation,13,0.9,release_3,granular_ball,logistic,600,100,2,84,3.5714285714285716,1.0,1,45,50,0.8095238095238095,0.8928571428571429,2.5453623874624656,0.0,0.9231657317603892,1.0,1.0,1.0,2.0,5.0,0.3,3,100,0.1,0.15,0.8966222222222222,0.9091649722500196,0.4866666666666667,nan
confirm_d100_redundant0.1_noise0.15,controlled_gaussian_mixture_confirmation,13,0.9,release_3,granular_ball,random_forest,600,100,2,84,3.5714285714285716,1.0,1,45,50,0.8095238095238095,0.8928571428571429,2.5453623874624656,0.0,0.9231657317603892,1.0,1.0,1.0,2.0,5.0,0.3,3,100,0.1,0.15,0.9075277777777777,0.921850442450465,0.52,nan
confirm_d100_redundant0.1_noise0.15,controlled_gaussian_mixture_confirmation,13,0.9,release_3,matched_kmeans,logistic,600,100,2,84,3.5714285714285716,1.0,1,72,78,0.9285714285714286,0.9285714285714286,0.6380281752186903,0.0,0.9839658489658489,1.0,1.0,1.0,2.0,5.0,0.3,3,100,0.1,0.15,0.7743222222222222,0.8018926419119133,0.31333333333333335,nan
confirm_d100_redundant0.1_noise0.15,controlled_gaussian_mixture_confirmation,13,0.9,release_3,matched_kmeans,random_forest,600,100,2,84,3.5714285714285716,1.0,1,72,78,0.9285714285714286,0.9285714285714286,0.6380281752186903,0.0,0.9839658489658489,1.0,1.0,1.0,2.0,5.0,0.3,3,100,0.1,0.15,0.8450333333333333,0.8711910320105868,0.42,nan
confirm_d100_redundant0.1_noise0.15,controlled_gaussian_mixture_confirmation,13,0.95,release_1,granular_ball,logistic,600,100,2,121,2.479338842975207,1.0,1,27,70,0.8016528925619835,0.9256198347107438,2.844751262287089,0.0,0.9287193409723054,1.0,1.0,1.0,2.0,5.0,0.3,3,100,0.1,0.15,0.9484,0.9549755626779187,0.6466666666666666,nan
confirm_d100_redundant0.1_noise0.15,controlled_gaussian_mixture_confirmation,13,0.95,release_1,granular_ball,random_forest,600,100,2,121,2.479338842975207,1.0,1,27,70,0.8016528925619835,0.9256198347107438,2.844751262287089,0.0,0.9287193409723054,1.0,1.0,1.0,2.0,5.0,0.3,3,100,0.1,0.15,0.9556500000000001,0.9640831365366458,0.7366666666666667,nan
confirm_d100_redundant0.1_noise0.15,controlled_gaussian_mixture_confirmation,13,0.95,release_1,matched_kmeans,logistic,600,100,2,121,2.479338842975207,1.0,1,67,115,0.9504132231404959,0.9586776859504132,0.418859594894451,0.0,0.9900302138581462,1.0,1.0,1.0,2.0,5.0,0.3,3,100,0.1,0.15,0.8539555555555555,0.8578623731085785,0.4033333333333333,nan
confirm_d100_redundant0.1_noise0.15,controlled_gaussian_mixture_confirmation,13,0.95,release_1,matched_kmeans,random_forest,600,100,2,121,2.479338842975207,1.0,1,67,115,0.9504132231404959,0.9586776859504132,0.418859594894451,0.0,0.9900302138581462,1.0,1.0,1.0,2.0,5.0,0.3,3,100,0.1,0.15,0.904061111111111,0.9112176640796256,0.45,nan
confirm_d100_redundant0.1_noise0.15,controlled_gaussian_mixture_confirmation,13,0.95,release_2,granular_ball,logistic,600,100,2,121,2.479338842975207,1.0,1,27,70,0.8016528925619835,0.9256198347107438,2.844751262287089,0.0,0.9287193409723054,1.0,1.0,1.0,2.0,5.0,0.3,3,100,0.1,0.15,0.9578999999999999,0.9630004410147253,0.7,nan
confirm_d100_redundant0.1_noise0.15,controlled_gaussian_mixture_confirmation,13,0.95,release_2,granular_ball,random_forest,600,100,2,121,2.479338842975207,1.0,1,27,70,0.8016528925619835,0.9256198347107438,2.844751262287089,0.0,0.9287193409723054,1.0,1.0,1.0,2.0,5.0,0.3,3,100,0.1,0.15,0.9664444444444444,0.9717137627886427,0.7766666666666666,nan
confirm_d100_redundant0.1_noise0.15,controlled_gaussian_mixture_confirmation,13,0.95,release_2,matched_kmeans,logistic,600,100,2,121,2.479338842975207,1.0,1,67,115,0.9504132231404959,0.9586776859504132,0.418859594894451,0.0,0.9900302138581462,1.0,1.0,1.0,2.0,5.0,0.3,3,100,0.1,0.15,0.8470222222222222,0.8596709134310886,0.41333333333333333,nan
confirm_d100_redundant0.1_noise0.15,controlled_gaussian_mixture_confirmation,13,0.95,release_2,matched_kmeans,random_forest,600,100,2,121,2.479338842975207,1.0,1,67,115,0.9504132231404959,0.9586776859504132,0.418859594894451,0.0,0.9900302138581462,1.0,1.0,1.0,2.0,5.0,0.3,3,100,0.1,0.15,0.9099222222222222,0.9179264080612674,0.45,nan
confirm_d100_redundant0.1_noise0.15,controlled_gaussian_mixture_confirmation,13,0.95,release_3,granular_ball,logistic,600,100,2,121,2.479338842975207,1.0,1,27,70,0.8016528925619835,0.9256198347107438,2.844751262287089,0.0,0.9287193409723054,1.0,1.0,1.0,2.0,5.0,0.3,3,100,0.1,0.15,0.9593,0.9650727059094981,0.71,nan
confirm_d100_redundant0.1_noise0.15,controlled_gaussian_mixture_confirmation,13,0.95,release_3,granular_ball,random_forest,600,100,2,121,2.479338842975207,1.0,1,27,70,0.8016528925619835,0.9256198347107438,2.844751262287089,0.0,0.9287193409723054,1.0,1.0,1.0,2.0,5.0,0.3,3,100,0.1,0.15,0.9663611111111113,0.9722963104730603,0.7766666666666666,nan
confirm_d100_redundant0.1_noise0.15,controlled_gaussian_mixture_confirmation,13,0.95,release_3,matched_kmeans,logistic,600,100,2,121,2.479338842975207,1.0,1,67,115,0.9504132231404959,0.9586776859504132,0.418859594894451,0.0,0.9900302138581462,1.0,1.0,1.0,2.0,5.0,0.3,3,100,0.1,0.15,0.8486333333333334,0.8631442454833445,0.4033333333333333,nan
confirm_d100_redundant0.1_noise0.15,controlled_gaussian_mixture_confirmation,13,0.95,release_3,matched_kmeans,random_forest,600,100,2,121,2.479338842975207,1.0,1,67,115,0.9504132231404959,0.9586776859504132,0.418859594894451,0.0,0.9900302138581462,1.0,1.0,1.0,2.0,5.0,0.3,3,100,0.1,0.15,0.9073222222222223,0.9164406237561278,0.4533333333333333,nan
confirm_d100_redundant0.1_noise0.15,controlled_gaussian_mixture_confirmation,13,0.99,release_1,granular_ball,logistic,600,100,2,127,2.3622047244094486,1.0,1,21,71,0.7952755905511811,0.9291338582677166,2.828482537929756,0.0,0.9248468941382326,1.0,1.0,1.0,2.0,5.0,0.3,3,100,0.1,0.15,0.9681333333333332,0.9746749418265706,0.8233333333333334,nan
confirm_d100_redundant0.1_noise0.15,controlled_gaussian_mixture_confirmation,13,0.99,release_1,granular_ball,random_forest,600,100,2,127,2.3622047244094486,1.0,1,21,71,0.7952755905511811,0.9291338582677166,2.828482537929756,0.0,0.9248468941382326,1.0,1.0,1.0,2.0,5.0,0.3,3,100,0.1,0.15,0.9758111111111113,0.9819967050787122,0.85,nan
confirm_d100_redundant0.1_noise0.15,controlled_gaussian_mixture_confirmation,13,0.99,release_1,matched_kmeans,logistic,600,100,2,127,2.3622047244094486,1.0,1,68,121,0.952755905511811,0.9606299212598425,0.39467521666407723,0.0,0.9904990591346361,1.0,1.0,1.0,2.0,5.0,0.3,3,100,0.1,0.15,0.8636222222222221,0.8689833992877989,0.43,nan
confirm_d100_redundant0.1_noise0.15,controlled_gaussian_mixture_confirmation,13,0.99,release_1,matched_kmeans,random_forest,600,100,2,127,2.3622047244094486,1.0,1,68,121,0.952755905511811,0.9606299212598425,0.39467521666407723,0.0,0.9904990591346361,1.0,1.0,1.0,2.0,5.0,0.3,3,100,0.1,0.15,0.9131444444444444,0.9210743851050134,0.49,nan
confirm_d100_redundant0.1_noise0.15,controlled_gaussian_mixture_confirmation,13,0.99,release_2,granular_ball,logistic,600,100,2,127,2.3622047244094486,1.0,1,21,71,0.7952755905511811,0.9291338582677166,2.828482537929756,0.0,0.9248468941382326,1.0,1.0,1.0,2.0,5.0,0.3,3,100,0.1,0.15,0.9764555555555554,0.9800145033088838,0.7333333333333333,nan
confirm_d100_redundant0.1_noise0.15,controlled_gaussian_mixture_confirmation,13,0.99,release_2,granular_ball,random_forest,600,100,2,127,2.3622047244094486,1.0,1,21,71,0.7952755905511811,0.9291338582677166,2.828482537929756,0.0,0.9248468941382326,1.0,1.0,1.0,2.0,5.0,0.3,3,100,0.1,0.15,0.9788055555555555,0.9839305331774199,0.83,nan
confirm_d100_redundant0.1_noise0.15,controlled_gaussian_mixture_confirmation,13,0.99,release_2,matched_kmeans,logistic,600,100,2,127,2.3622047244094486,1.0,1,68,121,0.952755905511811,0.9606299212598425,0.39467521666407723,0.0,0.9904990591346361,1.0,1.0,1.0,2.0,5.0,0.3,3,100,0.1,0.15,0.8569111111111112,0.8692762099040394,0.45,nan
confirm_d100_redundant0.1_noise0.15,controlled_gaussian_mixture_confirmation,13,0.99,release_2,matched_kmeans,random_forest,600,100,2,127,2.3622047244094486,1.0,1,68,121,0.952755905511811,0.9606299212598425,0.39467521666407723,0.0,0.9904990591346361,1.0,1.0,1.0,2.0,5.0,0.3,3,100,0.1,0.15,0.910511111111111,0.9188015801748302,0.48333333333333334,nan
confirm_d100_redundant0.1_noise0.15,controlled_gaussian_mixture_confirmation,13,0.99,release_3,granular_ball,logistic,600,100,2,127,2.3622047244094486,1.0,1,21,71,0.7952755905511811,0.9291338582677166,2.828482537929756,0.0,0.9248468941382326,1.0,1.0,1.0,2.0,5.0,0.3,3,100,0.1,0.15,0.9731111111111111,0.9769773417098957,0.74,nan
confirm_d100_redundant0.1_noise0.15,controlled_gaussian_mixture_confirmation,13,0.99,release_3,granular_ball,random_forest,600,100,2,127,2.3622047244094486,1.0,1,21,71,0.7952755905511811,0.9291338582677166,2.828482537929756,0.0,0.9248468941382326,1.0,1.0,1.0,2.0,5.0,0.3,3,100,0.1,0.15,0.977388888888889,0.9837296170886685,0.86,nan
confirm_d100_redundant0.1_noise0.15,controlled_gaussian_mixture_confirmation,13,0.99,release_3,matched_kmeans,logistic,600,100,2,127,2.3622047244094486,1.0,1,68,121,0.952755905511811,0.9606299212598425,0.39467521666407723,0.0,0.9904990591346361,1.0,1.0,1.0,2.0,5.0,0.3,3,100,0.1,0.15,0.8526999999999999,0.8657523636289065,0.43,nan
confirm_d100_redundant0.1_noise0.15,controlled_gaussian_mixture_confirmation,13,0.99,release_3,matched_kmeans,random_forest,600,100,2,127,2.3622047244094486,1.0,1,68,121,0.952755905511811,0.9606299212598425,0.39467521666407723,0.0,0.9904990591346361,1.0,1.0,1.0,2.0,5.0,0.3,3,100,0.1,0.15,0.9104777777777779,0.9242573444762082,0.5233333333333333,nan
confirm_d100_redundant0.1_noise0.15,controlled_gaussian_mixture_confirmation,73,0.7,release_1,granular_ball,logistic,600,100,2,16,18.75,1.0,1,121,11,0.6875,0.6875,3.1274362997414946,0.0,0.9452753134074157,1.0,0.8896875,1.0,2.0,5.0,0.3,3,100,0.1,0.15,0.6866111111111112,0.70417324370623,0.12,nan
confirm_d100_redundant0.1_noise0.15,controlled_gaussian_mixture_confirmation,73,0.7,release_1,granular_ball,random_forest,600,100,2,16,18.75,1.0,1,121,11,0.6875,0.6875,3.1274362997414946,0.0,0.9452753134074157,1.0,0.8896875,1.0,2.0,5.0,0.3,3,100,0.1,0.15,0.7067555555555556,0.6982710707941296,0.06,nan
confirm_d100_redundant0.1_noise0.15,controlled_gaussian_mixture_confirmation,73,0.7,release_1,matched_kmeans,logistic,600,100,2,16,18.75,1.0,1,167,13,0.8125,0.8125,1.8518297402298645,0.0,0.9582477757907583,1.0,1.0,1.0,2.0,5.0,0.3,3,100,0.1,0.15,0.5838111111111111,0.6122977505179159,0.08333333333333333,nan
confirm_d100_redundant0.1_noise0.15,controlled_gaussian_mixture_confirmation,73,0.7,release_1,matched_kmeans,random_forest,600,100,2,16,18.75,1.0,1,167,13,0.8125,0.8125,1.8518297402298645,0.0,0.9582477757907583,1.0,1.0,1.0,2.0,5.0,0.3,3,100,0.1,0.15,0.6508611111111111,0.6610284746067521,0.05,nan
confirm_d100_redundant0.1_noise0.15,controlled_gaussian_mixture_confirmation,73,0.7,release_2,granular_ball,logistic,600,100,2,16,18.75,1.0,1,121,11,0.6875,0.6875,3.1274362997414946,0.0,0.9452753134074157,1.0,0.8896875,1.0,2.0,5.0,0.3,3,100,0.1,0.15,0.6970111111111112,0.7165911527950471,0.14666666666666667,nan
confirm_d100_redundant0.1_noise0.15,controlled_gaussian_mixture_confirmation,73,0.7,release_2,granular_ball,random_forest,600,100,2,16,18.75,1.0,1,121,11,0.6875,0.6875,3.1274362997414946,0.0,0.9452753134074157,1.0,0.8896875,1.0,2.0,5.0,0.3,3,100,0.1,0.15,0.7078555555555557,0.7119346968853885,0.08333333333333333,nan
confirm_d100_redundant0.1_noise0.15,controlled_gaussian_mixture_confirmation,73,0.7,release_2,matched_kmeans,logistic,600,100,2,16,18.75,1.0,1,167,13,0.8125,0.8125,1.8518297402298645,0.0,0.9582477757907583,1.0,1.0,1.0,2.0,5.0,0.3,3,100,0.1,0.15,0.5937666666666666,0.6222560891162668,0.09666666666666666,nan
confirm_d100_redundant0.1_noise0.15,controlled_gaussian_mixture_confirmation,73,0.7,release_2,matched_kmeans,random_forest,600,100,2,16,18.75,1.0,1,167,13,0.8125,0.8125,1.8518297402298645,0.0,0.9582477757907583,1.0,1.0,1.0,2.0,5.0,0.3,3,100,0.1,0.15,0.6692444444444445,0.6812608063082337,0.07,nan
confirm_d100_redundant0.1_noise0.15,controlled_gaussian_mixture_confirmation,73,0.7,release_3,granular_ball,logistic,600,100,2,16,18.75,1.0,1,121,11,0.6875,0.6875,3.1274362997414946,0.0,0.9452753134074157,1.0,0.8896875,1.0,2.0,5.0,0.3,3,100,0.1,0.15,0.6911333333333334,0.7099596306918756,0.13333333333333333,nan
confirm_d100_redundant0.1_noise0.15,controlled_gaussian_mixture_confirmation,73,0.7,release_3,granular_ball,random_forest,600,100,2,16,18.75,1.0,1,121,11,0.6875,0.6875,3.1274362997414946,0.0,0.9452753134074157,1.0,0.8896875,1.0,2.0,5.0,0.3,3,100,0.1,0.15,0.7040444444444445,0.7124754342412749,0.09,nan
confirm_d100_redundant0.1_noise0.15,controlled_gaussian_mixture_confirmation,73,0.7,release_3,matched_kmeans,logistic,600,100,2,16,18.75,1.0,1,167,13,0.8125,0.8125,1.8518297402298645,0.0,0.9582477757907583,1.0,1.0,1.0,2.0,5.0,0.3,3,100,0.1,0.15,0.5961777777777778,0.6206960621601263,0.08666666666666667,nan
confirm_d100_redundant0.1_noise0.15,controlled_gaussian_mixture_confirmation,73,0.7,release_3,matched_kmeans,random_forest,600,100,2,16,18.75,1.0,1,167,13,0.8125,0.8125,1.8518297402298645,0.0,0.9582477757907583,1.0,1.0,1.0,2.0,5.0,0.3,3,100,0.1,0.15,0.6678222222222222,0.6828346467628581,0.10333333333333333,nan
confirm_d100_redundant0.1_noise0.15,controlled_gaussian_mixture_confirmation,73,0.8,release_1,granular_ball,logistic,600,100,2,33,9.090909090909092,1.0,1,74,25,0.7878787878787878,0.8181818181818182,2.1121136742824427,0.0,0.9712271849771851,1.0,1.0,1.0,2.0,5.0,0.3,3,100,0.1,0.15,0.7511333333333334,0.7723993233852178,0.15666666666666668,nan
confirm_d100_redundant0.1_noise0.15,controlled_gaussian_mixture_confirmation,73,0.8,release_1,granular_ball,random_forest,600,100,2,33,9.090909090909092,1.0,1,74,25,0.7878787878787878,0.8181818181818182,2.1121136742824427,0.0,0.9712271849771851,1.0,1.0,1.0,2.0,5.0,0.3,3,100,0.1,0.15,0.777511111111111,0.7770789681658993,0.12333333333333334,nan
confirm_d100_redundant0.1_noise0.15,controlled_gaussian_mixture_confirmation,73,0.8,release_1,matched_kmeans,logistic,600,100,2,33,9.090909090909092,1.0,1,118,28,0.8484848484848485,0.8484848484848485,1.4993220801619604,0.0,0.9708293519005652,1.0,1.0,1.0,2.0,5.0,0.3,3,100,0.1,0.15,0.6910444444444445,0.7074943486385441,0.17,nan
confirm_d100_redundant0.1_noise0.15,controlled_gaussian_mixture_confirmation,73,0.8,release_1,matched_kmeans,random_forest,600,100,2,33,9.090909090909092,1.0,1,118,28,0.8484848484848485,0.8484848484848485,1.4993220801619604,0.0,0.9708293519005652,1.0,1.0,1.0,2.0,5.0,0.3,3,100,0.1,0.15,0.7720833333333333,0.7640596253712022,0.09666666666666666,nan
confirm_d100_redundant0.1_noise0.15,controlled_gaussian_mixture_confirmation,73,0.8,release_2,granular_ball,logistic,600,100,2,33,9.090909090909092,1.0,1,74,25,0.7878787878787878,0.8181818181818182,2.1121136742824427,0.0,0.9712271849771851,1.0,1.0,1.0,2.0,5.0,0.3,3,100,0.1,0.15,0.7709555555555556,0.7903087124035799,0.21333333333333335,nan
confirm_d100_redundant0.1_noise0.15,controlled_gaussian_mixture_confirmation,73,0.8,release_2,granular_ball,random_forest,600,100,2,33,9.090909090909092,1.0,1,74,25,0.7878787878787878,0.8181818181818182,2.1121136742824427,0.0,0.9712271849771851,1.0,1.0,1.0,2.0,5.0,0.3,3,100,0.1,0.15,0.7745555555555556,0.7777899445406283,0.16333333333333333,nan
confirm_d100_redundant0.1_noise0.15,controlled_gaussian_mixture_confirmation,73,0.8,release_2,matched_kmeans,logistic,600,100,2,33,9.090909090909092,1.0,1,118,28,0.8484848484848485,0.8484848484848485,1.4993220801619604,0.0,0.9708293519005652,1.0,1.0,1.0,2.0,5.0,0.3,3,100,0.1,0.15,0.7072888888888887,0.7330618212264612,0.15333333333333332,nan
confirm_d100_redundant0.1_noise0.15,controlled_gaussian_mixture_confirmation,73,0.8,release_2,matched_kmeans,random_forest,600,100,2,33,9.090909090909092,1.0,1,118,28,0.8484848484848485,0.8484848484848485,1.4993220801619604,0.0,0.9708293519005652,1.0,1.0,1.0,2.0,5.0,0.3,3,100,0.1,0.15,0.7797833333333334,0.772197166240844,0.12666666666666668,nan
confirm_d100_redundant0.1_noise0.15,controlled_gaussian_mixture_confirmation,73,0.8,release_3,granular_ball,logistic,600,100,2,33,9.090909090909092,1.0,1,74,25,0.7878787878787878,0.8181818181818182,2.1121136742824427,0.0,0.9712271849771851,1.0,1.0,1.0,2.0,5.0,0.3,3,100,0.1,0.15,0.7631888888888889,0.7817672251415877,0.19333333333333333,nan
confirm_d100_redundant0.1_noise0.15,controlled_gaussian_mixture_confirmation,73,0.8,release_3,granular_ball,random_forest,600,100,2,33,9.090909090909092,1.0,1,74,25,0.7878787878787878,0.8181818181818182,2.1121136742824427,0.0,0.9712271849771851,1.0,1.0,1.0,2.0,5.0,0.3,3,100,0.1,0.15,0.7649555555555556,0.768737314866047,0.2,nan
confirm_d100_redundant0.1_noise0.15,controlled_gaussian_mixture_confirmation,73,0.8,release_3,matched_kmeans,logistic,600,100,2,33,9.090909090909092,1.0,1,118,28,0.8484848484848485,0.8484848484848485,1.4993220801619604,0.0,0.9708293519005652,1.0,1.0,1.0,2.0,5.0,0.3,3,100,0.1,0.15,0.7038777777777778,0.7298574925657048,0.16333333333333333,nan
confirm_d100_redundant0.1_noise0.15,controlled_gaussian_mixture_confirmation,73,0.8,release_3,matched_kmeans,random_forest,600,100,2,33,9.090909090909092,1.0,1,118,28,0.8484848484848485,0.8484848484848485,1.4993220801619604,0.0,0.9708293519005652,1.0,1.0,1.0,2.0,5.0,0.3,3,100,0.1,0.15,0.7784111111111113,0.7760392053753083,0.15333333333333332,nan
confirm_d100_redundant0.1_noise0.15,controlled_gaussian_mixture_confirmation,73,0.9,release_1,granular_ball,logistic,600,100,2,98,3.061224489795918,2.0,1,32,48,0.7959183673469388,0.8775510204081632,3.558396537340464,1.494426764893975,0.9071762308819631,1.0,0.9558823529411764,1.0,2.0,5.0,0.3,3,100,0.1,0.15,0.9248777777777779,0.9354858995321426,0.58,nan
confirm_d100_redundant0.1_noise0.15,controlled_gaussian_mixture_confirmation,73,0.9,release_1,granular_ball,random_forest,600,100,2,98,3.061224489795918,2.0,1,32,48,0.7959183673469388,0.8775510204081632,3.558396537340464,1.494426764893975,0.9071762308819631,1.0,0.9558823529411764,1.0,2.0,5.0,0.3,3,100,0.1,0.15,0.9315055555555556,0.9434192028105443,0.59,nan
confirm_d100_redundant0.1_noise0.15,controlled_gaussian_mixture_confirmation,73,0.9,release_1,matched_kmeans,logistic,600,100,2,98,3.061224489795918,1.0,1,123,94,0.9591836734693877,0.9591836734693877,0.3778754430851145,0.0,0.990757156331704,1.0,1.0,1.0,2.0,5.0,0.3,3,100,0.1,0.15,0.7712000000000001,0.7874137081073471,0.31666666666666665,nan
confirm_d100_redundant0.1_noise0.15,controlled_gaussian_mixture_confirmation,73,0.9,release_1,matched_kmeans,random_forest,600,100,2,98,3.061224489795918,1.0,1,123,94,0.9591836734693877,0.9591836734693877,0.3778754430851145,0.0,0.990757156331704,1.0,1.0,1.0,2.0,5.0,0.3,3,100,0.1,0.15,0.853488888888889,0.8779385098798186,0.4266666666666667,nan
confirm_d100_redundant0.1_noise0.15,controlled_gaussian_mixture_confirmation,73,0.9,release_2,granular_ball,logistic,600,100,2,98,3.061224489795918,2.0,1,32,48,0.7959183673469388,0.8775510204081632,3.558396537340464,1.494426764893975,0.9071762308819631,1.0,0.9558823529411764,1.0,2.0,5.0,0.3,3,100,0.1,0.15,0.9407444444444445,0.9448737557341993,0.61,nan
confirm_d100_redundant0.1_noise0.15,controlled_gaussian_mixture_confirmation,73,0.9,release_2,granular_ball,random_forest,600,100,2,98,3.061224489795918,2.0,1,32,48,0.7959183673469388,0.8775510204081632,3.558396537340464,1.494426764893975,0.9071762308819631,1.0,0.9558823529411764,1.0,2.0,5.0,0.3,3,100,0.1,0.15,0.9496944444444445,0.9542632178205289,0.64,nan
confirm_d100_redundant0.1_noise0.15,controlled_gaussian_mixture_confirmation,73,0.9,release_2,matched_kmeans,logistic,600,100,2,98,3.061224489795918,1.0,1,123,94,0.9591836734693877,0.9591836734693877,0.3778754430851145,0.0,0.990757156331704,1.0,1.0,1.0,2.0,5.0,0.3,3,100,0.1,0.15,0.767511111111111,0.7941163676234386,0.3233333333333333,nan
confirm_d100_redundant0.1_noise0.15,controlled_gaussian_mixture_confirmation,73,0.9,release_2,matched_kmeans,random_forest,600,100,2,98,3.061224489795918,1.0,1,123,94,0.9591836734693877,0.9591836734693877,0.3778754430851145,0.0,0.990757156331704,1.0,1.0,1.0,2.0,5.0,0.3,3,100,0.1,0.15,0.8550777777777778,0.8798334277809639,0.44666666666666666,nan
confirm_d100_redundant0.1_noise0.15,controlled_gaussian_mixture_confirmation,73,0.9,release_3,granular_ball,logistic,600,100,2,98,3.061224489795918,2.0,1,32,48,0.7959183673469388,0.8775510204081632,3.558396537340464,1.494426764893975,0.9071762308819631,1.0,0.9558823529411764,1.0,2.0,5.0,0.3,3,100,0.1,0.15,0.9428666666666666,0.9480117650220101,0.5933333333333334,nan
confirm_d100_redundant0.1_noise0.15,controlled_gaussian_mixture_confirmation,73,0.9,release_3,granular_ball,random_forest,600,100,2,98,3.061224489795918,2.0,1,32,48,0.7959183673469388,0.8775510204081632,3.558396537340464,1.494426764893975,0.9071762308819631,1.0,0.9558823529411764,1.0,2.0,5.0,0.3,3,100,0.1,0.15,0.9491777777777777,0.9526673366570181,0.6166666666666667,nan
confirm_d100_redundant0.1_noise0.15,controlled_gaussian_mixture_confirmation,73,0.9,release_3,matched_kmeans,logistic,600,100,2,98,3.061224489795918,1.0,1,123,94,0.9591836734693877,0.9591836734693877,0.3778754430851145,0.0,0.990757156331704,1.0,1.0,1.0,2.0,5.0,0.3,3,100,0.1,0.15,0.7579,0.7897920039210926,0.32666666666666666,nan
confirm_d100_redundant0.1_noise0.15,controlled_gaussian_mixture_confirmation,73,0.9,release_3,matched_kmeans,random_forest,600,100,2,98,3.061224489795918,1.0,1,123,94,0.9591836734693877,0.9591836734693877,0.3778754430851145,0.0,0.990757156331704,1.0,1.0,1.0,2.0,5.0,0.3,3,100,0.1,0.15,0.8528,0.8798017513983695,0.44666666666666666,nan
confirm_d100_redundant0.1_noise0.15,controlled_gaussian_mixture_confirmation,73,0.95,release_1,granular_ball,logistic,600,100,2,132,2.272727272727273,2.0,1,17,65,0.7954545454545454,0.9242424242424242,3.3059689891001387,1.494426764893975,0.9250946969696969,1.0,1.0,1.0,2.0,5.0,0.3,3,100,0.1,0.15,0.9753111111111111,0.9814627478076647,0.8833333333333333,nan
confirm_d100_redundant0.1_noise0.15,controlled_gaussian_mixture_confirmation,73,0.95,release_1,granular_ball,random_forest,600,100,2,132,2.272727272727273,2.0,1,17,65,0.7954545454545454,0.9242424242424242,3.3059689891001387,1.494426764893975,0.9250946969696969,1.0,1.0,1.0,2.0,5.0,0.3,3,100,0.1,0.15,0.9839777777777778,0.9874016694111271,0.89,nan
confirm_d100_redundant0.1_noise0.15,controlled_gaussian_mixture_confirmation,73,0.95,release_1,matched_kmeans,logistic,600,100,2,132,2.272727272727273,1.0,1,71,127,0.9621212121212122,0.9621212121212122,0.31470995272339547,0.0,0.9914787797731393,1.0,1.0,1.0,2.0,5.0,0.3,3,100,0.1,0.15,0.8539888888888889,0.8642651493108526,0.43333333333333335,nan
confirm_d100_redundant0.1_noise0.15,controlled_gaussian_mixture_confirmation,73,0.95,release_1,matched_kmeans,random_forest,600,100,2,132,2.272727272727273,1.0,1,71,127,0.9621212121212122,0.9621212121212122,0.31470995272339547,0.0,0.9914787797731393,1.0,1.0,1.0,2.0,5.0,0.3,3,100,0.1,0.15,0.9112222222222223,0.9195971624500918,0.5533333333333333,nan
confirm_d100_redundant0.1_noise0.15,controlled_gaussian_mixture_confirmation,73,0.95,release_2,granular_ball,logistic,600,100,2,132,2.272727272727273,2.0,1,17,65,0.7954545454545454,0.9242424242424242,3.3059689891001387,1.494426764893975,0.9250946969696969,1.0,1.0,1.0,2.0,5.0,0.3,3,100,0.1,0.15,0.9878333333333333,0.989784083648812,0.8566666666666667,nan
confirm_d100_redundant0.1_noise0.15,controlled_gaussian_mixture_confirmation,73,0.95,release_2,granular_ball,random_forest,600,100,2,132,2.272727272727273,2.0,1,17,65,0.7954545454545454,0.9242424242424242,3.3059689891001387,1.494426764893975,0.9250946969696969,1.0,1.0,1.0,2.0,5.0,0.3,3,100,0.1,0.15,0.9868611111111112,0.9892222791090048,0.8766666666666667,nan
confirm_d100_redundant0.1_noise0.15,controlled_gaussian_mixture_confirmation,73,0.95,release_2,matched_kmeans,logistic,600,100,2,132,2.272727272727273,1.0,1,71,127,0.9621212121212122,0.9621212121212122,0.31470995272339547,0.0,0.9914787797731393,1.0,1.0,1.0,2.0,5.0,0.3,3,100,0.1,0.15,0.8496000000000001,0.8676882537042152,0.44666666666666666,nan
confirm_d100_redundant0.1_noise0.15,controlled_gaussian_mixture_confirmation,73,0.95,release_2,matched_kmeans,random_forest,600,100,2,132,2.272727272727273,1.0,1,71,127,0.9621212121212122,0.9621212121212122,0.31470995272339547,0.0,0.9914787797731393,1.0,1.0,1.0,2.0,5.0,0.3,3,100,0.1,0.15,0.9040777777777776,0.9128563658857234,0.5566666666666666,nan
confirm_d100_redundant0.1_noise0.15,controlled_gaussian_mixture_confirmation,73,0.95,release_3,granular_ball,logistic,600,100,2,132,2.272727272727273,2.0,1,17,65,0.7954545454545454,0.9242424242424242,3.3059689891001387,1.494426764893975,0.9250946969696969,1.0,1.0,1.0,2.0,5.0,0.3,3,100,0.1,0.15,0.9757,0.9790536305250648,0.8066666666666666,nan
confirm_d100_redundant0.1_noise0.15,controlled_gaussian_mixture_confirmation,73,0.95,release_3,granular_ball,random_forest,600,100,2,132,2.272727272727273,2.0,1,17,65,0.7954545454545454,0.9242424242424242,3.3059689891001387,1.494426764893975,0.9250946969696969,1.0,1.0,1.0,2.0,5.0,0.3,3,100,0.1,0.15,0.9866333333333334,0.9891022944768134,0.8866666666666667,nan
confirm_d100_redundant0.1_noise0.15,controlled_gaussian_mixture_confirmation,73,0.95,release_3,matched_kmeans,logistic,600,100,2,132,2.272727272727273,1.0,1,71,127,0.9621212121212122,0.9621212121212122,0.31470995272339547,0.0,0.9914787797731393,1.0,1.0,1.0,2.0,5.0,0.3,3,100,0.1,0.15,0.8485222222222222,0.8684686200565545,0.4533333333333333,nan
confirm_d100_redundant0.1_noise0.15,controlled_gaussian_mixture_confirmation,73,0.95,release_3,matched_kmeans,random_forest,600,100,2,132,2.272727272727273,1.0,1,71,127,0.9621212121212122,0.9621212121212122,0.31470995272339547,0.0,0.9914787797731393,1.0,1.0,1.0,2.0,5.0,0.3,3,100,0.1,0.15,0.9015111111111112,0.9103705598723683,0.5366666666666666,nan
confirm_d100_redundant0.1_noise0.15,controlled_gaussian_mixture_confirmation,73,0.99,release_1,granular_ball,logistic,600,100,2,132,2.272727272727273,2.0,1,17,65,0.7954545454545454,0.9242424242424242,3.3059689891001387,1.494426764893975,0.9250946969696969,1.0,1.0,1.0,2.0,5.0,0.3,3,100,0.1,0.15,0.9753111111111111,0.9814627478076647,0.8833333333333333,nan
confirm_d100_redundant0.1_noise0.15,controlled_gaussian_mixture_confirmation,73,0.99,release_1,granular_ball,random_forest,600,100,2,132,2.272727272727273,2.0,1,17,65,0.7954545454545454,0.9242424242424242,3.3059689891001387,1.494426764893975,0.9250946969696969,1.0,1.0,1.0,2.0,5.0,0.3,3,100,0.1,0.15,0.9839777777777778,0.9874016694111271,0.89,nan
confirm_d100_redundant0.1_noise0.15,controlled_gaussian_mixture_confirmation,73,0.99,release_1,matched_kmeans,logistic,600,100,2,132,2.272727272727273,1.0,1,71,127,0.9621212121212122,0.9621212121212122,0.31470995272339547,0.0,0.9914787797731393,1.0,1.0,1.0,2.0,5.0,0.3,3,100,0.1,0.15,0.8539888888888889,0.8642651493108526,0.43333333333333335,nan
confirm_d100_redundant0.1_noise0.15,controlled_gaussian_mixture_confirmation,73,0.99,release_1,matched_kmeans,random_forest,600,100,2,132,2.272727272727273,1.0,1,71,127,0.9621212121212122,0.9621212121212122,0.31470995272339547,0.0,0.9914787797731393,1.0,1.0,1.0,2.0,5.0,0.3,3,100,0.1,0.15,0.9112222222222223,0.9195971624500918,0.5533333333333333,nan
confirm_d100_redundant0.1_noise0.15,controlled_gaussian_mixture_confirmation,73,0.99,release_2,granular_ball,logistic,600,100,2,132,2.272727272727273,2.0,1,17,65,0.7954545454545454,0.9242424242424242,3.3059689891001387,1.494426764893975,0.9250946969696969,1.0,1.0,1.0,2.0,5.0,0.3,3,100,0.1,0.15,0.9878333333333333,0.989784083648812,0.8566666666666667,nan
confirm_d100_redundant0.1_noise0.15,controlled_gaussian_mixture_confirmation,73,0.99,release_2,granular_ball,random_forest,600,100,2,132,2.272727272727273,2.0,1,17,65,0.7954545454545454,0.9242424242424242,3.3059689891001387,1.494426764893975,0.9250946969696969,1.0,1.0,1.0,2.0,5.0,0.3,3,100,0.1,0.15,0.9868611111111112,0.9892222791090048,0.8766666666666667,nan
confirm_d100_redundant0.1_noise0.15,controlled_gaussian_mixture_confirmation,73,0.99,release_2,matched_kmeans,logistic,600,100,2,132,2.272727272727273,1.0,1,71,127,0.9621212121212122,0.9621212121212122,0.31470995272339547,0.0,0.9914787797731393,1.0,1.0,1.0,2.0,5.0,0.3,3,100,0.1,0.15,0.8496000000000001,0.8676882537042152,0.44666666666666666,nan
confirm_d100_redundant0.1_noise0.15,controlled_gaussian_mixture_confirmation,73,0.99,release_2,matched_kmeans,random_forest,600,100,2,132,2.272727272727273,1.0,1,71,127,0.9621212121212122,0.9621212121212122,0.31470995272339547,0.0,0.9914787797731393,1.0,1.0,1.0,2.0,5.0,0.3,3,100,0.1,0.15,0.9040777777777776,0.9128563658857234,0.5566666666666666,nan
confirm_d100_redundant0.1_noise0.15,controlled_gaussian_mixture_confirmation,73,0.99,release_3,granular_ball,logistic,600,100,2,132,2.272727272727273,2.0,1,17,65,0.7954545454545454,0.9242424242424242,3.3059689891001387,1.494426764893975,0.9250946969696969,1.0,1.0,1.0,2.0,5.0,0.3,3,100,0.1,0.15,0.9757,0.9790536305250648,0.8066666666666666,nan
confirm_d100_redundant0.1_noise0.15,controlled_gaussian_mixture_confirmation,73,0.99,release_3,granular_ball,random_forest,600,100,2,132,2.272727272727273,2.0,1,17,65,0.7954545454545454,0.9242424242424242,3.3059689891001387,1.494426764893975,0.9250946969696969,1.0,1.0,1.0,2.0,5.0,0.3,3,100,0.1,0.15,0.9866333333333334,0.9891022944768134,0.8866666666666667,nan
confirm_d100_redundant0.1_noise0.15,controlled_gaussian_mixture_confirmation,73,0.99,release_3,matched_kmeans,logistic,600,100,2,132,2.272727272727273,1.0,1,71,127,0.9621212121212122,0.9621212121212122,0.31470995272339547,0.0,0.9914787797731393,1.0,1.0,1.0,2.0,5.0,0.3,3,100,0.1,0.15,0.8485222222222222,0.8684686200565545,0.4533333333333333,nan
confirm_d100_redundant0.1_noise0.15,controlled_gaussian_mixture_confirmation,73,0.99,release_3,matched_kmeans,random_forest,600,100,2,132,2.272727272727273,1.0,1,71,127,0.9621212121212122,0.9621212121212122,0.31470995272339547,0.0,0.9914787797731393,1.0,1.0,1.0,2.0,5.0,0.3,3,100,0.1,0.15,0.9015111111111112,0.9103705598723683,0.5366666666666666,nan
confirm_d100_redundant0.1_noise0.15,controlled_gaussian_mixture_confirmation,314,0.7,release_1,granular_ball,logistic,600,100,2,28,10.714285714285714,1.0,1,73,19,0.75,0.7857142857142857,2.864600279302991,0.0,0.9611482422877727,1.0,1.0,1.0,2.0,5.0,0.3,3,100,0.1,0.15,0.7180333333333334,0.7341449736226688,0.15666666666666668,nan
confirm_d100_redundant0.1_noise0.15,controlled_gaussian_mixture_confirmation,314,0.7,release_1,granular_ball,random_forest,600,100,2,28,10.714285714285714,1.0,1,73,19,0.75,0.7857142857142857,2.864600279302991,0.0,0.9611482422877727,1.0,1.0,1.0,2.0,5.0,0.3,3,100,0.1,0.15,0.7083,0.726485414329601,0.10666666666666667,nan
confirm_d100_redundant0.1_noise0.15,controlled_gaussian_mixture_confirmation,314,0.7,release_1,matched_kmeans,logistic,600,100,2,28,10.714285714285714,1.0,1,120,25,0.8928571428571429,0.8928571428571429,0.9666296120180154,0.0,0.9642071222428366,1.0,1.0,1.0,2.0,5.0,0.3,3,100,0.1,0.15,0.6798666666666667,0.6861618235554506,0.10333333333333333,nan
confirm_d100_redundant0.1_noise0.15,controlled_gaussian_mixture_confirmation,314,0.7,release_1,matched_kmeans,random_forest,600,100,2,28,10.714285714285714,1.0,1,120,25,0.8928571428571429,0.8928571428571429,0.9666296120180154,0.0,0.9642071222428366,1.0,1.0,1.0,2.0,5.0,0.3,3,100,0.1,0.15,0.7022611111111112,0.7104602304398583,0.12,nan
confirm_d100_redundant0.1_noise0.15,controlled_gaussian_mixture_confirmation,314,0.7,release_2,granular_ball,logistic,600,100,2,28,10.714285714285714,1.0,1,73,19,0.75,0.7857142857142857,2.864600279302991,0.0,0.9611482422877727,1.0,1.0,1.0,2.0,5.0,0.3,3,100,0.1,0.15,0.7443777777777778,0.7609023290930128,0.21333333333333335,nan
confirm_d100_redundant0.1_noise0.15,controlled_gaussian_mixture_confirmation,314,0.7,release_2,granular_ball,random_forest,600,100,2,28,10.714285714285714,1.0,1,73,19,0.75,0.7857142857142857,2.864600279302991,0.0,0.9611482422877727,1.0,1.0,1.0,2.0,5.0,0.3,3,100,0.1,0.15,0.7256,0.7418261479521726,0.17666666666666667,nan
confirm_d100_redundant0.1_noise0.15,controlled_gaussian_mixture_confirmation,314,0.7,release_2,matched_kmeans,logistic,600,100,2,28,10.714285714285714,1.0,1,120,25,0.8928571428571429,0.8928571428571429,0.9666296120180154,0.0,0.9642071222428366,1.0,1.0,1.0,2.0,5.0,0.3,3,100,0.1,0.15,0.6596888888888889,0.6784590505292265,0.10666666666666667,nan
confirm_d100_redundant0.1_noise0.15,controlled_gaussian_mixture_confirmation,314,0.7,release_2,matched_kmeans,random_forest,600,100,2,28,10.714285714285714,1.0,1,120,25,0.8928571428571429,0.8928571428571429,0.9666296120180154,0.0,0.9642071222428366,1.0,1.0,1.0,2.0,5.0,0.3,3,100,0.1,0.15,0.7041444444444445,0.7139155569642662,0.11,nan
confirm_d100_redundant0.1_noise0.15,controlled_gaussian_mixture_confirmation,314,0.7,release_3,granular_ball,logistic,600,100,2,28,10.714285714285714,1.0,1,73,19,0.75,0.7857142857142857,2.864600279302991,0.0,0.9611482422877727,1.0,1.0,1.0,2.0,5.0,0.3,3,100,0.1,0.15,0.7449777777777777,0.7603439356538373,0.17666666666666667,nan
confirm_d100_redundant0.1_noise0.15,controlled_gaussian_mixture_confirmation,314,0.7,release_3,granular_ball,random_forest,600,100,2,28,10.714285714285714,1.0,1,73,19,0.75,0.7857142857142857,2.864600279302991,0.0,0.9611482422877727,1.0,1.0,1.0,2.0,5.0,0.3,3,100,0.1,0.15,0.7288555555555556,0.7403998757757777,0.15333333333333332,nan
confirm_d100_redundant0.1_noise0.15,controlled_gaussian_mixture_confirmation,314,0.7,release_3,matched_kmeans,logistic,600,100,2,28,10.714285714285714,1.0,1,120,25,0.8928571428571429,0.8928571428571429,0.9666296120180154,0.0,0.9642071222428366,1.0,1.0,1.0,2.0,5.0,0.3,3,100,0.1,0.15,0.6646222222222222,0.6852131997505793,0.1,nan
confirm_d100_redundant0.1_noise0.15,controlled_gaussian_mixture_confirmation,314,0.7,release_3,matched_kmeans,random_forest,600,100,2,28,10.714285714285714,1.0,1,120,25,0.8928571428571429,0.8928571428571429,0.9666296120180154,0.0,0.9642071222428366,1.0,1.0,1.0,2.0,5.0,0.3,3,100,0.1,0.15,0.6964777777777778,0.7102077260808596,0.10333333333333333,nan
confirm_d100_redundant0.1_noise0.15,controlled_gaussian_mixture_confirmation,314,0.8,release_1,granular_ball,logistic,600,100,2,48,6.25,1.0,1,73,30,0.7083333333333334,0.7916666666666666,2.1657850349576333,0.0,0.9513400305207766,1.0,0.9765625,1.0,2.0,5.0,0.3,3,100,0.1,0.15,0.8036888888888889,0.8349337533759197,0.4166666666666667,nan
confirm_d100_redundant0.1_noise0.15,controlled_gaussian_mixture_confirmation,314,0.8,release_1,granular_ball,random_forest,600,100,2,48,6.25,1.0,1,73,30,0.7083333333333334,0.7916666666666666,2.1657850349576333,0.0,0.9513400305207766,1.0,0.9765625,1.0,2.0,5.0,0.3,3,100,0.1,0.15,0.807838888888889,0.8299296719616385,0.18,nan
confirm_d100_redundant0.1_noise0.15,controlled_gaussian_mixture_confirmation,314,0.8,release_1,matched_kmeans,logistic,600,100,2,48,6.25,1.0,1,83,42,0.875,0.875,1.1601761038098963,0.0,0.9719091516656778,1.0,1.0,1.0,2.0,5.0,0.3,3,100,0.1,0.15,0.7797222222222222,0.7764297273902648,0.17333333333333334,nan
confirm_d100_redundant0.1_noise0.15,controlled_gaussian_mixture_confirmation,314,0.8,release_1,matched_kmeans,random_forest,600,100,2,48,6.25,1.0,1,83,42,0.875,0.875,1.1601761038098963,0.0,0.9719091516656778,1.0,1.0,1.0,2.0,5.0,0.3,3,100,0.1,0.15,0.7975833333333333,0.8138878274733076,0.22,nan
confirm_d100_redundant0.1_noise0.15,controlled_gaussian_mixture_confirmation,314,0.8,release_2,granular_ball,logistic,600,100,2,48,6.25,1.0,1,73,30,0.7083333333333334,0.7916666666666666,2.1657850349576333,0.0,0.9513400305207766,1.0,0.9765625,1.0,2.0,5.0,0.3,3,100,0.1,0.15,0.8366777777777779,0.8480695463645158,0.26666666666666666,nan
confirm_d100_redundant0.1_noise0.15,controlled_gaussian_mixture_confirmation,314,0.8,release_2,granular_ball,random_forest,600,100,2,48,6.25,1.0,1,73,30,0.7083333333333334,0.7916666666666666,2.1657850349576333,0.0,0.9513400305207766,1.0,0.9765625,1.0,2.0,5.0,0.3,3,100,0.1,0.15,0.84405,0.857863704292847,0.25666666666666665,nan
confirm_d100_redundant0.1_noise0.15,controlled_gaussian_mixture_confirmation,314,0.8,release_2,matched_kmeans,logistic,600,100,2,48,6.25,1.0,1,83,42,0.875,0.875,1.1601761038098963,0.0,0.9719091516656778,1.0,1.0,1.0,2.0,5.0,0.3,3,100,0.1,0.15,0.7619666666666667,0.7792765406141966,0.20666666666666667,nan
confirm_d100_redundant0.1_noise0.15,controlled_gaussian_mixture_confirmation,314,0.8,release_2,matched_kmeans,random_forest,600,100,2,48,6.25,1.0,1,83,42,0.875,0.875,1.1601761038098963,0.0,0.9719091516656778,1.0,1.0,1.0,2.0,5.0,0.3,3,100,0.1,0.15,0.8063444444444444,0.8183967820929959,0.23,nan
confirm_d100_redundant0.1_noise0.15,controlled_gaussian_mixture_confirmation,314,0.8,release_3,granular_ball,logistic,600,100,2,48,6.25,1.0,1,73,30,0.7083333333333334,0.7916666666666666,2.1657850349576333,0.0,0.9513400305207766,1.0,0.9765625,1.0,2.0,5.0,0.3,3,100,0.1,0.15,0.8285555555555556,0.8376650417158864,0.25333333333333335,nan
confirm_d100_redundant0.1_noise0.15,controlled_gaussian_mixture_confirmation,314,0.8,release_3,granular_ball,random_forest,600,100,2,48,6.25,1.0,1,73,30,0.7083333333333334,0.7916666666666666,2.1657850349576333,0.0,0.9513400305207766,1.0,0.9765625,1.0,2.0,5.0,0.3,3,100,0.1,0.15,0.8386666666666667,0.8567582953717356,0.2966666666666667,nan
confirm_d100_redundant0.1_noise0.15,controlled_gaussian_mixture_confirmation,314,0.8,release_3,matched_kmeans,logistic,600,100,2,48,6.25,1.0,1,83,42,0.875,0.875,1.1601761038098963,0.0,0.9719091516656778,1.0,1.0,1.0,2.0,5.0,0.3,3,100,0.1,0.15,0.7588,0.7739117273334217,0.19,nan
confirm_d100_redundant0.1_noise0.15,controlled_gaussian_mixture_confirmation,314,0.8,release_3,matched_kmeans,random_forest,600,100,2,48,6.25,1.0,1,83,42,0.875,0.875,1.1601761038098963,0.0,0.9719091516656778,1.0,1.0,1.0,2.0,5.0,0.3,3,100,0.1,0.15,0.7993555555555556,0.8088839879496423,0.19666666666666666,nan
confirm_d100_redundant0.1_noise0.15,controlled_gaussian_mixture_confirmation,314,0.9,release_1,granular_ball,logistic,600,100,2,90,3.3333333333333335,1.0,1,36,51,0.7666666666666667,0.8444444444444444,2.9897228123242825,0.0,0.9294791705208373,1.0,1.0,1.0,2.0,5.0,0.3,3,100,0.1,0.15,0.9244555555555556,0.9379525336750524,0.6633333333333333,nan
confirm_d100_redundant0.1_noise0.15,controlled_gaussian_mixture_confirmation,314,0.9,release_1,granular_ball,random_forest,600,100,2,90,3.3333333333333335,1.0,1,36,51,0.7666666666666667,0.8444444444444444,2.9897228123242825,0.0,0.9294791705208373,1.0,1.0,1.0,2.0,5.0,0.3,3,100,0.1,0.15,0.9213666666666667,0.9348840514024009,0.66,nan
confirm_d100_redundant0.1_noise0.15,controlled_gaussian_mixture_confirmation,314,0.9,release_1,matched_kmeans,logistic,600,100,2,90,3.3333333333333335,1.0,1,81,84,0.9333333333333333,0.9333333333333333,0.5941706237488561,0.0,0.983722586153803,1.0,1.0,1.0,2.0,5.0,0.3,3,100,0.1,0.15,0.8012555555555555,0.8089810881767485,0.29333333333333333,nan
confirm_d100_redundant0.1_noise0.15,controlled_gaussian_mixture_confirmation,314,0.9,release_1,matched_kmeans,random_forest,600,100,2,90,3.3333333333333335,1.0,1,81,84,0.9333333333333333,0.9333333333333333,0.5941706237488561,0.0,0.983722586153803,1.0,1.0,1.0,2.0,5.0,0.3,3,100,0.1,0.15,0.8418666666666667,0.8610806597925527,0.39666666666666667,nan
confirm_d100_redundant0.1_noise0.15,controlled_gaussian_mixture_confirmation,314,0.9,release_2,granular_ball,logistic,600,100,2,90,3.3333333333333335,1.0,1,36,51,0.7666666666666667,0.8444444444444444,2.9897228123242825,0.0,0.9294791705208373,1.0,1.0,1.0,2.0,5.0,0.3,3,100,0.1,0.15,0.9488444444444445,0.9570418677502159,0.5466666666666666,nan
confirm_d100_redundant0.1_noise0.15,controlled_gaussian_mixture_confirmation,314,0.9,release_2,granular_ball,random_forest,600,100,2,90,3.3333333333333335,1.0,1,36,51,0.7666666666666667,0.8444444444444444,2.9897228123242825,0.0,0.9294791705208373,1.0,1.0,1.0,2.0,5.0,0.3,3,100,0.1,0.15,0.9494999999999999,0.9591683174939444,0.6766666666666666,nan
confirm_d100_redundant0.1_noise0.15,controlled_gaussian_mixture_confirmation,314,0.9,release_2,matched_kmeans,logistic,600,100,2,90,3.3333333333333335,1.0,1,81,84,0.9333333333333333,0.9333333333333333,0.5941706237488561,0.0,0.983722586153803,1.0,1.0,1.0,2.0,5.0,0.3,3,100,0.1,0.15,0.8043777777777777,0.8213302219800944,0.31333333333333335,nan
confirm_d100_redundant0.1_noise0.15,controlled_gaussian_mixture_confirmation,314,0.9,release_2,matched_kmeans,random_forest,600,100,2,90,3.3333333333333335,1.0,1,81,84,0.9333333333333333,0.9333333333333333,0.5941706237488561,0.0,0.983722586153803,1.0,1.0,1.0,2.0,5.0,0.3,3,100,0.1,0.15,0.843288888888889,0.8592153556089717,0.42,nan
confirm_d100_redundant0.1_noise0.15,controlled_gaussian_mixture_confirmation,314,0.9,release_3,granular_ball,logistic,600,100,2,90,3.3333333333333335,1.0,1,36,51,0.7666666666666667,0.8444444444444444,2.9897228123242825,0.0,0.9294791705208373,1.0,1.0,1.0,2.0,5.0,0.3,3,100,0.1,0.15,0.9385444444444444,0.9460976547218947,0.5433333333333333,nan
confirm_d100_redundant0.1_noise0.15,controlled_gaussian_mixture_confirmation,314,0.9,release_3,granular_ball,random_forest,600,100,2,90,3.3333333333333335,1.0,1,36,51,0.7666666666666667,0.8444444444444444,2.9897228123242825,0.0,0.9294791705208373,1.0,1.0,1.0,2.0,5.0,0.3,3,100,0.1,0.15,0.9507111111111112,0.9596520834824724,0.6566666666666666,nan
confirm_d100_redundant0.1_noise0.15,controlled_gaussian_mixture_confirmation,314,0.9,release_3,matched_kmeans,logistic,600,100,2,90,3.3333333333333335,1.0,1,81,84,0.9333333333333333,0.9333333333333333,0.5941706237488561,0.0,0.983722586153803,1.0,1.0,1.0,2.0,5.0,0.3,3,100,0.1,0.15,0.8013222222222222,0.8184163810408422,0.31333333333333335,nan
confirm_d100_redundant0.1_noise0.15,controlled_gaussian_mixture_confirmation,314,0.9,release_3,matched_kmeans,random_forest,600,100,2,90,3.3333333333333335,1.0,1,81,84,0.9333333333333333,0.9333333333333333,0.5941706237488561,0.0,0.983722586153803,1.0,1.0,1.0,2.0,5.0,0.3,3,100,0.1,0.15,0.8436666666666668,0.860571779527826,0.42,nan
confirm_d100_redundant0.1_noise0.15,controlled_gaussian_mixture_confirmation,314,0.95,release_1,granular_ball,logistic,600,100,2,119,2.5210084033613445,1.0,1,36,61,0.7478991596638656,0.8991596638655462,3.3480484907025763,0.0,0.9259036948112579,1.0,1.0,1.0,2.0,5.0,0.3,3,100,0.1,0.15,0.9649555555555556,0.9712921376386776,0.7866666666666666,nan
confirm_d100_redundant0.1_noise0.15,controlled_gaussian_mixture_confirmation,314,0.95,release_1,granular_ball,random_forest,600,100,2,119,2.5210084033613445,1.0,1,36,61,0.7478991596638656,0.8991596638655462,3.3480484907025763,0.0,0.9259036948112579,1.0,1.0,1.0,2.0,5.0,0.3,3,100,0.1,0.15,0.9675888888888888,0.9743628160448088,0.8166666666666667,nan
confirm_d100_redundant0.1_noise0.15,controlled_gaussian_mixture_confirmation,314,0.95,release_1,matched_kmeans,logistic,600,100,2,119,2.5210084033613445,1.0,1,81,113,0.9495798319327731,0.9495798319327731,0.43334662605448815,0.0,0.9885417268511684,1.0,1.0,1.0,2.0,5.0,0.3,3,100,0.1,0.15,0.8471333333333333,0.8549351684450381,0.39,nan
confirm_d100_redundant0.1_noise0.15,controlled_gaussian_mixture_confirmation,314,0.95,release_1,matched_kmeans,random_forest,600,100,2,119,2.5210084033613445,1.0,1,81,113,0.9495798319327731,0.9495798319327731,0.43334662605448815,0.0,0.9885417268511684,1.0,1.0,1.0,2.0,5.0,0.3,3,100,0.1,0.15,0.8816611111111111,0.8911475427230189,0.44333333333333336,nan
confirm_d100_redundant0.1_noise0.15,controlled_gaussian_mixture_confirmation,314,0.95,release_2,granular_ball,logistic,600,100,2,119,2.5210084033613445,1.0,1,36,61,0.7478991596638656,0.8991596638655462,3.3480484907025763,0.0,0.9259036948112579,1.0,1.0,1.0,2.0,5.0,0.3,3,100,0.1,0.15,0.9786666666666667,0.9798681987032255,0.72,nan
confirm_d100_redundant0.1_noise0.15,controlled_gaussian_mixture_confirmation,314,0.95,release_2,granular_ball,random_forest,600,100,2,119,2.5210084033613445,1.0,1,36,61,0.7478991596638656,0.8991596638655462,3.3480484907025763,0.0,0.9259036948112579,1.0,1.0,1.0,2.0,5.0,0.3,3,100,0.1,0.15,0.9796444444444444,0.9827403941419591,0.8166666666666667,nan
confirm_d100_redundant0.1_noise0.15,controlled_gaussian_mixture_confirmation,314,0.95,release_2,matched_kmeans,logistic,600,100,2,119,2.5210084033613445,1.0,1,81,113,0.9495798319327731,0.9495798319327731,0.43334662605448815,0.0,0.9885417268511684,1.0,1.0,1.0,2.0,5.0,0.3,3,100,0.1,0.15,0.8433555555555556,0.8596555758688116,0.3933333333333333,nan
confirm_d100_redundant0.1_noise0.15,controlled_gaussian_mixture_confirmation,314,0.95,release_2,matched_kmeans,random_forest,600,100,2,119,2.5210084033613445,1.0,1,81,113,0.9495798319327731,0.9495798319327731,0.43334662605448815,0.0,0.9885417268511684,1.0,1.0,1.0,2.0,5.0,0.3,3,100,0.1,0.15,0.8934777777777778,0.9021861262969044,0.5,nan
confirm_d100_redundant0.1_noise0.15,controlled_gaussian_mixture_confirmation,314,0.95,release_3,granular_ball,logistic,600,100,2,119,2.5210084033613445,1.0,1,36,61,0.7478991596638656,0.8991596638655462,3.3480484907025763,0.0,0.9259036948112579,1.0,1.0,1.0,2.0,5.0,0.3,3,100,0.1,0.15,0.971488888888889,0.9739117167719897,0.75,nan
confirm_d100_redundant0.1_noise0.15,controlled_gaussian_mixture_confirmation,314,0.95,release_3,granular_ball,random_forest,600,100,2,119,2.5210084033613445,1.0,1,36,61,0.7478991596638656,0.8991596638655462,3.3480484907025763,0.0,0.9259036948112579,1.0,1.0,1.0,2.0,5.0,0.3,3,100,0.1,0.15,0.9818444444444445,0.9838946908534171,0.82,nan
confirm_d100_redundant0.1_noise0.15,controlled_gaussian_mixture_confirmation,314,0.95,release_3,matched_kmeans,logistic,600,100,2,119,2.5210084033613445,1.0,1,81,113,0.9495798319327731,0.9495798319327731,0.43334662605448815,0.0,0.9885417268511684,1.0,1.0,1.0,2.0,5.0,0.3,3,100,0.1,0.15,0.8367111111111112,0.8527685796193791,0.38666666666666666,nan
confirm_d100_redundant0.1_noise0.15,controlled_gaussian_mixture_confirmation,314,0.95,release_3,matched_kmeans,random_forest,600,100,2,119,2.5210084033613445,1.0,1,81,113,0.9495798319327731,0.9495798319327731,0.43334662605448815,0.0,0.9885417268511684,1.0,1.0,1.0,2.0,5.0,0.3,3,100,0.1,0.15,0.8933555555555555,0.9032837402230202,0.48,nan
confirm_d100_redundant0.1_noise0.15,controlled_gaussian_mixture_confirmation,314,0.99,release_1,granular_ball,logistic,600,100,2,119,2.5210084033613445,1.0,1,36,61,0.7478991596638656,0.8991596638655462,3.3480484907025763,0.0,0.9259036948112579,1.0,1.0,1.0,2.0,5.0,0.3,3,100,0.1,0.15,0.9649555555555556,0.9712921376386776,0.7866666666666666,nan
confirm_d100_redundant0.1_noise0.15,controlled_gaussian_mixture_confirmation,314,0.99,release_1,granular_ball,random_forest,600,100,2,119,2.5210084033613445,1.0,1,36,61,0.7478991596638656,0.8991596638655462,3.3480484907025763,0.0,0.9259036948112579,1.0,1.0,1.0,2.0,5.0,0.3,3,100,0.1,0.15,0.9675888888888888,0.9743628160448088,0.8166666666666667,nan
confirm_d100_redundant0.1_noise0.15,controlled_gaussian_mixture_confirmation,314,0.99,release_1,matched_kmeans,logistic,600,100,2,119,2.5210084033613445,1.0,1,81,113,0.9495798319327731,0.9495798319327731,0.43334662605448815,0.0,0.9885417268511684,1.0,1.0,1.0,2.0,5.0,0.3,3,100,0.1,0.15,0.8471333333333333,0.8549351684450381,0.39,nan
confirm_d100_redundant0.1_noise0.15,controlled_gaussian_mixture_confirmation,314,0.99,release_1,matched_kmeans,random_forest,600,100,2,119,2.5210084033613445,1.0,1,81,113,0.9495798319327731,0.9495798319327731,0.43334662605448815,0.0,0.9885417268511684,1.0,1.0,1.0,2.0,5.0,0.3,3,100,0.1,0.15,0.8816611111111111,0.8911475427230189,0.44333333333333336,nan
confirm_d100_redundant0.1_noise0.15,controlled_gaussian_mixture_confirmation,314,0.99,release_2,granular_ball,logistic,600,100,2,119,2.5210084033613445,1.0,1,36,61,0.7478991596638656,0.8991596638655462,3.3480484907025763,0.0,0.9259036948112579,1.0,1.0,1.0,2.0,5.0,0.3,3,100,0.1,0.15,0.9786666666666667,0.9798681987032255,0.72,nan
confirm_d100_redundant0.1_noise0.15,controlled_gaussian_mixture_confirmation,314,0.99,release_2,granular_ball,random_forest,600,100,2,119,2.5210084033613445,1.0,1,36,61,0.7478991596638656,0.8991596638655462,3.3480484907025763,0.0,0.9259036948112579,1.0,1.0,1.0,2.0,5.0,0.3,3,100,0.1,0.15,0.9796444444444444,0.9827403941419591,0.8166666666666667,nan
confirm_d100_redundant0.1_noise0.15,controlled_gaussian_mixture_confirmation,314,0.99,release_2,matched_kmeans,logistic,600,100,2,119,2.5210084033613445,1.0,1,81,113,0.9495798319327731,0.9495798319327731,0.43334662605448815,0.0,0.9885417268511684,1.0,1.0,1.0,2.0,5.0,0.3,3,100,0.1,0.15,0.8433555555555556,0.8596555758688116,0.3933333333333333,nan
confirm_d100_redundant0.1_noise0.15,controlled_gaussian_mixture_confirmation,314,0.99,release_2,matched_kmeans,random_forest,600,100,2,119,2.5210084033613445,1.0,1,81,113,0.9495798319327731,0.9495798319327731,0.43334662605448815,0.0,0.9885417268511684,1.0,1.0,1.0,2.0,5.0,0.3,3,100,0.1,0.15,0.8934777777777778,0.9021861262969044,0.5,nan
confirm_d100_redundant0.1_noise0.15,controlled_gaussian_mixture_confirmation,314,0.99,release_3,granular_ball,logistic,600,100,2,119,2.5210084033613445,1.0,1,36,61,0.7478991596638656,0.8991596638655462,3.3480484907025763,0.0,0.9259036948112579,1.0,1.0,1.0,2.0,5.0,0.3,3,100,0.1,0.15,0.971488888888889,0.9739117167719897,0.75,nan
confirm_d100_redundant0.1_noise0.15,controlled_gaussian_mixture_confirmation,314,0.99,release_3,granular_ball,random_forest,600,100,2,119,2.5210084033613445,1.0,1,36,61,0.7478991596638656,0.8991596638655462,3.3480484907025763,0.0,0.9259036948112579,1.0,1.0,1.0,2.0,5.0,0.3,3,100,0.1,0.15,0.9818444444444445,0.9838946908534171,0.82,nan
confirm_d100_redundant0.1_noise0.15,controlled_gaussian_mixture_confirmation,314,0.99,release_3,matched_kmeans,logistic,600,100,2,119,2.5210084033613445,1.0,1,81,113,0.9495798319327731,0.9495798319327731,0.43334662605448815,0.0,0.9885417268511684,1.0,1.0,1.0,2.0,5.0,0.3,3,100,0.1,0.15,0.8367111111111112,0.8527685796193791,0.38666666666666666,nan
confirm_d100_redundant0.1_noise0.15,controlled_gaussian_mixture_confirmation,314,0.99,release_3,matched_kmeans,random_forest,600,100,2,119,2.5210084033613445,1.0,1,81,113,0.9495798319327731,0.9495798319327731,0.43334662605448815,0.0,0.9885417268511684,1.0,1.0,1.0,2.0,5.0,0.3,3,100,0.1,0.15,0.8933555555555555,0.9032837402230202,0.48,nan
confirm_d100_redundant0.1_noise0.15,controlled_gaussian_mixture_confirmation,808,0.7,release_1,granular_ball,logistic,600,100,2,32,9.375,1.0,1,89,27,0.84375,0.875,1.2824721523094973,0.0,0.9675265293383271,1.0,1.0,1.0,2.0,5.0,0.3,3,100,0.1,0.15,0.7122555555555555,0.7072362739037831,0.11666666666666667,nan
confirm_d100_redundant0.1_noise0.15,controlled_gaussian_mixture_confirmation,808,0.7,release_1,granular_ball,random_forest,600,100,2,32,9.375,1.0,1,89,27,0.84375,0.875,1.2824721523094973,0.0,0.9675265293383271,1.0,1.0,1.0,2.0,5.0,0.3,3,100,0.1,0.15,0.7081833333333334,0.7210072587223078,0.15333333333333332,nan
confirm_d100_redundant0.1_noise0.15,controlled_gaussian_mixture_confirmation,808,0.7,release_1,matched_kmeans,logistic,600,100,2,32,9.375,1.0,1,84,26,0.8125,0.8125,1.7806707859279223,0.0,0.9620541525183928,1.0,1.0,1.0,2.0,5.0,0.3,3,100,0.1,0.15,0.7248555555555556,0.7070363470300671,0.09333333333333334,nan
confirm_d100_redundant0.1_noise0.15,controlled_gaussian_mixture_confirmation,808,0.7,release_1,matched_kmeans,random_forest,600,100,2,32,9.375,1.0,1,84,26,0.8125,0.8125,1.7806707859279223,0.0,0.9620541525183928,1.0,1.0,1.0,2.0,5.0,0.3,3,100,0.1,0.15,0.7411888888888889,0.7719009641352139,0.13,nan
confirm_d100_redundant0.1_noise0.15,controlled_gaussian_mixture_confirmation,808,0.7,release_2,granular_ball,logistic,600,100,2,32,9.375,1.0,1,89,27,0.84375,0.875,1.2824721523094973,0.0,0.9675265293383271,1.0,1.0,1.0,2.0,5.0,0.3,3,100,0.1,0.15,0.6950444444444444,0.7049893496964543,0.12,nan
confirm_d100_redundant0.1_noise0.15,controlled_gaussian_mixture_confirmation,808,0.7,release_2,granular_ball,random_forest,600,100,2,32,9.375,1.0,1,89,27,0.84375,0.875,1.2824721523094973,0.0,0.9675265293383271,1.0,1.0,1.0,2.0,5.0,0.3,3,100,0.1,0.15,0.701011111111111,0.7168448503357079,0.13,nan
confirm_d100_redundant0.1_noise0.15,controlled_gaussian_mixture_confirmation,808,0.7,release_2,matched_kmeans,logistic,600,100,2,32,9.375,1.0,1,84,26,0.8125,0.8125,1.7806707859279223,0.0,0.9620541525183928,1.0,1.0,1.0,2.0,5.0,0.3,3,100,0.1,0.15,0.6978333333333333,0.697418916273274,0.1,nan
confirm_d100_redundant0.1_noise0.15,controlled_gaussian_mixture_confirmation,808,0.7,release_2,matched_kmeans,random_forest,600,100,2,32,9.375,1.0,1,84,26,0.8125,0.8125,1.7806707859279223,0.0,0.9620541525183928,1.0,1.0,1.0,2.0,5.0,0.3,3,100,0.1,0.15,0.7569555555555556,0.7782966666558087,0.16666666666666666,nan
confirm_d100_redundant0.1_noise0.15,controlled_gaussian_mixture_confirmation,808,0.7,release_3,granular_ball,logistic,600,100,2,32,9.375,1.0,1,89,27,0.84375,0.875,1.2824721523094973,0.0,0.9675265293383271,1.0,1.0,1.0,2.0,5.0,0.3,3,100,0.1,0.15,0.6938666666666669,0.7137040862343695,0.13333333333333333,nan
confirm_d100_redundant0.1_noise0.15,controlled_gaussian_mixture_confirmation,808,0.7,release_3,granular_ball,random_forest,600,100,2,32,9.375,1.0,1,89,27,0.84375,0.875,1.2824721523094973,0.0,0.9675265293383271,1.0,1.0,1.0,2.0,5.0,0.3,3,100,0.1,0.15,0.6978777777777778,0.710691848525333,0.12666666666666668,nan
confirm_d100_redundant0.1_noise0.15,controlled_gaussian_mixture_confirmation,808,0.7,release_3,matched_kmeans,logistic,600,100,2,32,9.375,1.0,1,84,26,0.8125,0.8125,1.7806707859279223,0.0,0.9620541525183928,1.0,1.0,1.0,2.0,5.0,0.3,3,100,0.1,0.15,0.6953777777777778,0.6928372072550837,0.09666666666666666,nan
confirm_d100_redundant0.1_noise0.15,controlled_gaussian_mixture_confirmation,808,0.7,release_3,matched_kmeans,random_forest,600,100,2,32,9.375,1.0,1,84,26,0.8125,0.8125,1.7806707859279223,0.0,0.9620541525183928,1.0,1.0,1.0,2.0,5.0,0.3,3,100,0.1,0.15,0.7560555555555555,0.7749832770827699,0.15,nan
confirm_d100_redundant0.1_noise0.15,controlled_gaussian_mixture_confirmation,808,0.8,release_1,granular_ball,logistic,600,100,2,45,6.666666666666667,1.0,1,89,37,0.8888888888888888,0.8888888888888888,1.2571787653891446,0.0,0.9811703804587698,1.0,1.0,1.0,2.0,5.0,0.3,3,100,0.1,0.15,0.763588888888889,0.7750545530944198,0.21333333333333335,nan
confirm_d100_redundant0.1_noise0.15,controlled_gaussian_mixture_confirmation,808,0.8,release_1,granular_ball,random_forest,600,100,2,45,6.666666666666667,1.0,1,89,37,0.8888888888888888,0.8888888888888888,1.2571787653891446,0.0,0.9811703804587698,1.0,1.0,1.0,2.0,5.0,0.3,3,100,0.1,0.15,0.7561333333333333,0.7825815907737579,0.21333333333333335,nan
confirm_d100_redundant0.1_noise0.15,controlled_gaussian_mixture_confirmation,808,0.8,release_1,matched_kmeans,logistic,600,100,2,45,6.666666666666667,1.0,1,84,39,0.8666666666666667,0.8666666666666667,1.249302404932195,0.0,0.9727886099429365,1.0,1.0,1.0,2.0,5.0,0.3,3,100,0.1,0.15,0.7441888888888889,0.7288366155140446,0.14333333333333334,nan
confirm_d100_redundant0.1_noise0.15,controlled_gaussian_mixture_confirmation,808,0.8,release_1,matched_kmeans,random_forest,600,100,2,45,6.666666666666667,1.0,1,84,39,0.8666666666666667,0.8666666666666667,1.249302404932195,0.0,0.9727886099429365,1.0,1.0,1.0,2.0,5.0,0.3,3,100,0.1,0.15,0.7794333333333333,0.7808205332650906,0.15666666666666668,nan
confirm_d100_redundant0.1_noise0.15,controlled_gaussian_mixture_confirmation,808,0.8,release_2,granular_ball,logistic,600,100,2,45,6.666666666666667,1.0,1,89,37,0.8888888888888888,0.8888888888888888,1.2571787653891446,0.0,0.9811703804587698,1.0,1.0,1.0,2.0,5.0,0.3,3,100,0.1,0.15,0.7631444444444444,0.7843792476885172,0.25333333333333335,nan
confirm_d100_redundant0.1_noise0.15,controlled_gaussian_mixture_confirmation,808,0.8,release_2,granular_ball,random_forest,600,100,2,45,6.666666666666667,1.0,1,89,37,0.8888888888888888,0.8888888888888888,1.2571787653891446,0.0,0.9811703804587698,1.0,1.0,1.0,2.0,5.0,0.3,3,100,0.1,0.15,0.7598,0.7774180972463589,0.19,nan
confirm_d100_redundant0.1_noise0.15,controlled_gaussian_mixture_confirmation,808,0.8,release_2,matched_kmeans,logistic,600,100,2,45,6.666666666666667,1.0,1,84,39,0.8666666666666667,0.8666666666666667,1.249302404932195,0.0,0.9727886099429365,1.0,1.0,1.0,2.0,5.0,0.3,3,100,0.1,0.15,0.7107666666666667,0.7189063066878222,0.14666666666666667,nan
confirm_d100_redundant0.1_noise0.15,controlled_gaussian_mixture_confirmation,808,0.8,release_2,matched_kmeans,random_forest,600,100,2,45,6.666666666666667,1.0,1,84,39,0.8666666666666667,0.8666666666666667,1.249302404932195,0.0,0.9727886099429365,1.0,1.0,1.0,2.0,5.0,0.3,3,100,0.1,0.15,0.792788888888889,0.7919851541946197,0.17,nan
confirm_d100_redundant0.1_noise0.15,controlled_gaussian_mixture_confirmation,808,0.8,release_3,granular_ball,logistic,600,100,2,45,6.666666666666667,1.0,1,89,37,0.8888888888888888,0.8888888888888888,1.2571787653891446,0.0,0.9811703804587698,1.0,1.0,1.0,2.0,5.0,0.3,3,100,0.1,0.15,0.7580888888888889,0.7795748079176914,0.24333333333333335,nan
confirm_d100_redundant0.1_noise0.15,controlled_gaussian_mixture_confirmation,808,0.8,release_3,granular_ball,random_forest,600,100,2,45,6.666666666666667,1.0,1,89,37,0.8888888888888888,0.8888888888888888,1.2571787653891446,0.0,0.9811703804587698,1.0,1.0,1.0,2.0,5.0,0.3,3,100,0.1,0.15,0.7549888888888889,0.7708123730767851,0.19333333333333333,nan
confirm_d100_redundant0.1_noise0.15,controlled_gaussian_mixture_confirmation,808,0.8,release_3,matched_kmeans,logistic,600,100,2,45,6.666666666666667,1.0,1,84,39,0.8666666666666667,0.8666666666666667,1.249302404932195,0.0,0.9727886099429365,1.0,1.0,1.0,2.0,5.0,0.3,3,100,0.1,0.15,0.7064888888888889,0.7169832180102162,0.14666666666666667,nan
confirm_d100_redundant0.1_noise0.15,controlled_gaussian_mixture_confirmation,808,0.8,release_3,matched_kmeans,random_forest,600,100,2,45,6.666666666666667,1.0,1,84,39,0.8666666666666667,0.8666666666666667,1.249302404932195,0.0,0.9727886099429365,1.0,1.0,1.0,2.0,5.0,0.3,3,100,0.1,0.15,0.7944888888888888,0.7940178536759432,0.17333333333333334,nan
confirm_d100_redundant0.1_noise0.15,controlled_gaussian_mixture_confirmation,808,0.9,release_1,granular_ball,logistic,600,100,2,66,4.545454545454546,1.0,1,60,46,0.8484848484848485,0.8787878787878788,1.8676314650027557,0.0,0.9547660977802408,1.0,1.0,1.0,2.0,5.0,0.3,3,100,0.1,0.15,0.836488888888889,0.8572354533002555,0.3466666666666667,nan
confirm_d100_redundant0.1_noise0.15,controlled_gaussian_mixture_confirmation,808,0.9,release_1,granular_ball,random_forest,600,100,2,66,4.545454545454546,1.0,1,60,46,0.8484848484848485,0.8787878787878788,1.8676314650027557,0.0,0.9547660977802408,1.0,1.0,1.0,2.0,5.0,0.3,3,100,0.1,0.15,0.847088888888889,0.8650884620108231,0.3466666666666667,nan
confirm_d100_redundant0.1_noise0.15,controlled_gaussian_mixture_confirmation,808,0.9,release_1,matched_kmeans,logistic,600,100,2,66,4.545454545454546,1.0,1,92,61,0.9242424242424242,0.9242424242424242,0.6986314230953893,0.0,0.981880850326173,1.0,1.0,1.0,2.0,5.0,0.3,3,100,0.1,0.15,0.7684222222222221,0.7629504403307739,0.21333333333333335,nan
confirm_d100_redundant0.1_noise0.15,controlled_gaussian_mixture_confirmation,808,0.9,release_1,matched_kmeans,random_forest,600,100,2,66,4.545454545454546,1.0,1,92,61,0.9242424242424242,0.9242424242424242,0.6986314230953893,0.0,0.981880850326173,1.0,1.0,1.0,2.0,5.0,0.3,3,100,0.1,0.15,0.7604666666666666,0.7735636803135514,0.28,nan
confirm_d100_redundant0.1_noise0.15,controlled_gaussian_mixture_confirmation,808,0.9,release_2,granular_ball,logistic,600,100,2,66,4.545454545454546,1.0,1,60,46,0.8484848484848485,0.8787878787878788,1.8676314650027557,0.0,0.9547660977802408,1.0,1.0,1.0,2.0,5.0,0.3,3,100,0.1,0.15,0.8468222222222223,0.8567465271032737,0.3,nan
confirm_d100_redundant0.1_noise0.15,controlled_gaussian_mixture_confirmation,808,0.9,release_2,granular_ball,random_forest,600,100,2,66,4.545454545454546,1.0,1,60,46,0.8484848484848485,0.8787878787878788,1.8676314650027557,0.0,0.9547660977802408,1.0,1.0,1.0,2.0,5.0,0.3,3,100,0.1,0.15,0.8546444444444444,0.8640836653775475,0.3233333333333333,nan
confirm_d100_redundant0.1_noise0.15,controlled_gaussian_mixture_confirmation,808,0.9,release_2,matched_kmeans,logistic,600,100,2,66,4.545454545454546,1.0,1,92,61,0.9242424242424242,0.9242424242424242,0.6986314230953893,0.0,0.981880850326173,1.0,1.0,1.0,2.0,5.0,0.3,3,100,0.1,0.15,0.7545444444444446,0.7571896876817438,0.21,nan
confirm_d100_redundant0.1_noise0.15,controlled_gaussian_mixture_confirmation,808,0.9,release_2,matched_kmeans,random_forest,600,100,2,66,4.545454545454546,1.0,1,92,61,0.9242424242424242,0.9242424242424242,0.6986314230953893,0.0,0.981880850326173,1.0,1.0,1.0,2.0,5.0,0.3,3,100,0.1,0.15,0.7879333333333334,0.7956878769889836,0.27666666666666667,nan
confirm_d100_redundant0.1_noise0.15,controlled_gaussian_mixture_confirmation,808,0.9,release_3,granular_ball,logistic,600,100,2,66,4.545454545454546,1.0,1,60,46,0.8484848484848485,0.8787878787878788,1.8676314650027557,0.0,0.9547660977802408,1.0,1.0,1.0,2.0,5.0,0.3,3,100,0.1,0.15,0.8436555555555556,0.8546693351903493,0.3233333333333333,nan
confirm_d100_redundant0.1_noise0.15,controlled_gaussian_mixture_confirmation,808,0.9,release_3,granular_ball,random_forest,600,100,2,66,4.545454545454546,1.0,1,60,46,0.8484848484848485,0.8787878787878788,1.8676314650027557,0.0,0.9547660977802408,1.0,1.0,1.0,2.0,5.0,0.3,3,100,0.1,0.15,0.854161111111111,0.8637000106160204,0.3566666666666667,nan
confirm_d100_redundant0.1_noise0.15,controlled_gaussian_mixture_confirmation,808,0.9,release_3,matched_kmeans,logistic,600,100,2,66,4.545454545454546,1.0,1,92,61,0.9242424242424242,0.9242424242424242,0.6986314230953893,0.0,0.981880850326173,1.0,1.0,1.0,2.0,5.0,0.3,3,100,0.1,0.15,0.7500555555555556,0.7562282625175031,0.21333333333333335,nan
confirm_d100_redundant0.1_noise0.15,controlled_gaussian_mixture_confirmation,808,0.9,release_3,matched_kmeans,random_forest,600,100,2,66,4.545454545454546,1.0,1,92,61,0.9242424242424242,0.9242424242424242,0.6986314230953893,0.0,0.981880850326173,1.0,1.0,1.0,2.0,5.0,0.3,3,100,0.1,0.15,0.7928333333333333,0.8014964367447599,0.24666666666666667,nan
confirm_d100_redundant0.1_noise0.15,controlled_gaussian_mixture_confirmation,808,0.95,release_1,granular_ball,logistic,600,100,2,116,2.586206896551724,1.0,1,45,66,0.8275862068965517,0.9224137931034483,2.8884991581087034,0.0,0.9475643130815545,1.0,1.0,1.0,2.0,5.0,0.3,3,100,0.1,0.15,0.9429222222222223,0.9513885174913854,0.6566666666666666,nan
confirm_d100_redundant0.1_noise0.15,controlled_gaussian_mixture_confirmation,808,0.95,release_1,granular_ball,random_forest,600,100,2,116,2.586206896551724,1.0,1,45,66,0.8275862068965517,0.9224137931034483,2.8884991581087034,0.0,0.9475643130815545,1.0,1.0,1.0,2.0,5.0,0.3,3,100,0.1,0.15,0.9560277777777778,0.9641999652477362,0.7133333333333334,nan
confirm_d100_redundant0.1_noise0.15,controlled_gaussian_mixture_confirmation,808,0.95,release_1,matched_kmeans,logistic,600,100,2,116,2.586206896551724,1.0,1,62,110,0.9482758620689655,0.9482758620689655,0.43794316848890413,0.0,0.9915124971490974,1.0,1.0,1.0,2.0,5.0,0.3,3,100,0.1,0.15,0.846588888888889,0.8501916944042321,0.38,nan
confirm_d100_redundant0.1_noise0.15,controlled_gaussian_mixture_confirmation,808,0.95,release_1,matched_kmeans,random_forest,600,100,2,116,2.586206896551724,1.0,1,62,110,0.9482758620689655,0.9482758620689655,0.43794316848890413,0.0,0.9915124971490974,1.0,1.0,1.0,2.0,5.0,0.3,3,100,0.1,0.15,0.8756944444444443,0.8903568282703008,0.45666666666666667,nan
confirm_d100_redundant0.1_noise0.15,controlled_gaussian_mixture_confirmation,808,0.95,release_2,granular_ball,logistic,600,100,2,116,2.586206896551724,1.0,1,45,66,0.8275862068965517,0.9224137931034483,2.8884991581087034,0.0,0.9475643130815545,1.0,1.0,1.0,2.0,5.0,0.3,3,100,0.1,0.15,0.9520444444444445,0.9584865959565981,0.64,nan
confirm_d100_redundant0.1_noise0.15,controlled_gaussian_mixture_confirmation,808,0.95,release_2,granular_ball,random_forest,600,100,2,116,2.586206896551724,1.0,1,45,66,0.8275862068965517,0.9224137931034483,2.8884991581087034,0.0,0.9475643130815545,1.0,1.0,1.0,2.0,5.0,0.3,3,100,0.1,0.15,0.9591722222222222,0.9663167812441946,0.7033333333333334,nan
confirm_d100_redundant0.1_noise0.15,controlled_gaussian_mixture_confirmation,808,0.95,release_2,matched_kmeans,logistic,600,100,2,116,2.586206896551724,1.0,1,62,110,0.9482758620689655,0.9482758620689655,0.43794316848890413,0.0,0.9915124971490974,1.0,1.0,1.0,2.0,5.0,0.3,3,100,0.1,0.15,0.8299333333333333,0.8474925971672761,0.38,nan
confirm_d100_redundant0.1_noise0.15,controlled_gaussian_mixture_confirmation,808,0.95,release_2,matched_kmeans,random_forest,600,100,2,116,2.586206896551724,1.0,1,62,110,0.9482758620689655,0.9482758620689655,0.43794316848890413,0.0,0.9915124971490974,1.0,1.0,1.0,2.0,5.0,0.3,3,100,0.1,0.15,0.8885500000000001,0.902159334508588,0.49333333333333335,nan
confirm_d100_redundant0.1_noise0.15,controlled_gaussian_mixture_confirmation,808,0.95,release_3,granular_ball,logistic,600,100,2,116,2.586206896551724,1.0,1,45,66,0.8275862068965517,0.9224137931034483,2.8884991581087034,0.0,0.9475643130815545,1.0,1.0,1.0,2.0,5.0,0.3,3,100,0.1,0.15,0.9503666666666668,0.9579374279709578,0.63,nan
confirm_d100_redundant0.1_noise0.15,controlled_gaussian_mixture_confirmation,808,0.95,release_3,granular_ball,random_forest,600,100,2,116,2.586206896551724,1.0,1,45,66,0.8275862068965517,0.9224137931034483,2.8884991581087034,0.0,0.9475643130815545,1.0,1.0,1.0,2.0,5.0,0.3,3,100,0.1,0.15,0.9591666666666667,0.9657874164673041,0.7166666666666667,nan
confirm_d100_redundant0.1_noise0.15,controlled_gaussian_mixture_confirmation,808,0.95,release_3,matched_kmeans,logistic,600,100,2,116,2.586206896551724,1.0,1,62,110,0.9482758620689655,0.9482758620689655,0.43794316848890413,0.0,0.9915124971490974,1.0,1.0,1.0,2.0,5.0,0.3,3,100,0.1,0.15,0.8300222222222222,0.8489180973150926,0.39666666666666667,nan
confirm_d100_redundant0.1_noise0.15,controlled_gaussian_mixture_confirmation,808,0.95,release_3,matched_kmeans,random_forest,600,100,2,116,2.586206896551724,1.0,1,62,110,0.9482758620689655,0.9482758620689655,0.43794316848890413,0.0,0.9915124971490974,1.0,1.0,1.0,2.0,5.0,0.3,3,100,0.1,0.15,0.8924166666666666,0.9051601308051245,0.5,nan
confirm_d100_redundant0.1_noise0.15,controlled_gaussian_mixture_confirmation,808,0.99,release_1,granular_ball,logistic,600,100,2,116,2.586206896551724,1.0,1,45,66,0.8275862068965517,0.9224137931034483,2.8884991581087034,0.0,0.9475643130815545,1.0,1.0,1.0,2.0,5.0,0.3,3,100,0.1,0.15,0.9429222222222223,0.9513885174913854,0.6566666666666666,nan
confirm_d100_redundant0.1_noise0.15,controlled_gaussian_mixture_confirmation,808,0.99,release_1,granular_ball,random_forest,600,100,2,116,2.586206896551724,1.0,1,45,66,0.8275862068965517,0.9224137931034483,2.8884991581087034,0.0,0.9475643130815545,1.0,1.0,1.0,2.0,5.0,0.3,3,100,0.1,0.15,0.9560277777777778,0.9641999652477362,0.7133333333333334,nan
confirm_d100_redundant0.1_noise0.15,controlled_gaussian_mixture_confirmation,808,0.99,release_1,matched_kmeans,logistic,600,100,2,116,2.586206896551724,1.0,1,62,110,0.9482758620689655,0.9482758620689655,0.43794316848890413,0.0,0.9915124971490974,1.0,1.0,1.0,2.0,5.0,0.3,3,100,0.1,0.15,0.846588888888889,0.8501916944042321,0.38,nan
confirm_d100_redundant0.1_noise0.15,controlled_gaussian_mixture_confirmation,808,0.99,release_1,matched_kmeans,random_forest,600,100,2,116,2.586206896551724,1.0,1,62,110,0.9482758620689655,0.9482758620689655,0.43794316848890413,0.0,0.9915124971490974,1.0,1.0,1.0,2.0,5.0,0.3,3,100,0.1,0.15,0.8756944444444443,0.8903568282703008,0.45666666666666667,nan
confirm_d100_redundant0.1_noise0.15,controlled_gaussian_mixture_confirmation,808,0.99,release_2,granular_ball,logistic,600,100,2,116,2.586206896551724,1.0,1,45,66,0.8275862068965517,0.9224137931034483,2.8884991581087034,0.0,0.9475643130815545,1.0,1.0,1.0,2.0,5.0,0.3,3,100,0.1,0.15,0.9520444444444445,0.9584865959565981,0.64,nan
confirm_d100_redundant0.1_noise0.15,controlled_gaussian_mixture_confirmation,808,0.99,release_2,granular_ball,random_forest,600,100,2,116,2.586206896551724,1.0,1,45,66,0.8275862068965517,0.9224137931034483,2.8884991581087034,0.0,0.9475643130815545,1.0,1.0,1.0,2.0,5.0,0.3,3,100,0.1,0.15,0.9591722222222222,0.9663167812441946,0.7033333333333334,nan
confirm_d100_redundant0.1_noise0.15,controlled_gaussian_mixture_confirmation,808,0.99,release_2,matched_kmeans,logistic,600,100,2,116,2.586206896551724,1.0,1,62,110,0.9482758620689655,0.9482758620689655,0.43794316848890413,0.0,0.9915124971490974,1.0,1.0,1.0,2.0,5.0,0.3,3,100,0.1,0.15,0.8299333333333333,0.8474925971672761,0.38,nan
confirm_d100_redundant0.1_noise0.15,controlled_gaussian_mixture_confirmation,808,0.99,release_2,matched_kmeans,random_forest,600,100,2,116,2.586206896551724,1.0,1,62,110,0.9482758620689655,0.9482758620689655,0.43794316848890413,0.0,0.9915124971490974,1.0,1.0,1.0,2.0,5.0,0.3,3,100,0.1,0.15,0.8885500000000001,0.902159334508588,0.49333333333333335,nan
confirm_d100_redundant0.1_noise0.15,controlled_gaussian_mixture_confirmation,808,0.99,release_3,granular_ball,logistic,600,100,2,116,2.586206896551724,1.0,1,45,66,0.8275862068965517,0.9224137931034483,2.8884991581087034,0.0,0.9475643130815545,1.0,1.0,1.0,2.0,5.0,0.3,3,100,0.1,0.15,0.9503666666666668,0.9579374279709578,0.63,nan
confirm_d100_redundant0.1_noise0.15,controlled_gaussian_mixture_confirmation,808,0.99,release_3,granular_ball,random_forest,600,100,2,116,2.586206896551724,1.0,1,45,66,0.8275862068965517,0.9224137931034483,2.8884991581087034,0.0,0.9475643130815545,1.0,1.0,1.0,2.0,5.0,0.3,3,100,0.1,0.15,0.9591666666666667,0.9657874164673041,0.7166666666666667,nan
confirm_d100_redundant0.1_noise0.15,controlled_gaussian_mixture_confirmation,808,0.99,release_3,matched_kmeans,logistic,600,100,2,116,2.586206896551724,1.0,1,62,110,0.9482758620689655,0.9482758620689655,0.43794316848890413,0.0,0.9915124971490974,1.0,1.0,1.0,2.0,5.0,0.3,3,100,0.1,0.15,0.8300222222222222,0.8489180973150926,0.39666666666666667,nan
confirm_d100_redundant0.1_noise0.15,controlled_gaussian_mixture_confirmation,808,0.99,release_3,matched_kmeans,random_forest,600,100,2,116,2.586206896551724,1.0,1,62,110,0.9482758620689655,0.9482758620689655,0.43794316848890413,0.0,0.9915124971490974,1.0,1.0,1.0,2.0,5.0,0.3,3,100,0.1,0.15,0.8924166666666666,0.9051601308051245,0.5,nan
