source_dataset_id,task_id,parent_dataset,outer_seed,shadow_release_count,target_release_id,attack_protocol,method,release,attack,threshold,candidate_pool_size,negative_count,number_of_balls,small_ball_ratio,loader_note,roc_auc,pr_auc,tpr_at_1pct_fpr,tpr_at_0_1pct_fpr
uci-51,uci-51_labeled_train_validation,uci-51,1,6,0,real_independent_shadow_target_cross_release,granular_ball,release_1,logistic,0.9,1200,600,20,0.2,"official UCI ad.data; all 1,558 documented numeric fields retained; '?' is unknown and handled only by per-scope median imputation",0.5425319444444444,0.5409791523892528,0.018333333333333333,
uci-51,uci-51_labeled_train_validation,uci-51,1,6,0,real_independent_shadow_target_cross_release,granular_ball,release_1,random_forest,0.9,1200,600,20,0.2,"official UCI ad.data; all 1,558 documented numeric fields retained; '?' is unknown and handled only by per-scope median imputation",0.5186666666666667,0.5229133926310379,0.015,
uci-51,uci-51_labeled_train_validation,uci-51,1,6,0,real_independent_shadow_target_cross_release,matched_kmeans,release_1,logistic,0.9,1200,600,20,0.2,"official UCI ad.data; all 1,558 documented numeric fields retained; '?' is unknown and handled only by per-scope median imputation",0.5360875,0.5368936904400166,0.025,
uci-51,uci-51_labeled_train_validation,uci-51,1,6,0,real_independent_shadow_target_cross_release,matched_kmeans,release_1,random_forest,0.9,1200,600,20,0.2,"official UCI ad.data; all 1,558 documented numeric fields retained; '?' is unknown and handled only by per-scope median imputation",0.5105347222222222,0.5048858188973677,0.006666666666666667,
uci-51,uci-51_labeled_train_validation,uci-51,1,6,1,real_independent_shadow_target_cross_release,granular_ball,release_1,logistic,0.9,1200,600,34,0.23529411764705882,"official UCI ad.data; all 1,558 documented numeric fields retained; '?' is unknown and handled only by per-scope median imputation",0.5386083333333334,0.549698461784417,0.021666666666666667,
uci-51,uci-51_labeled_train_validation,uci-51,1,6,1,real_independent_shadow_target_cross_release,granular_ball,release_1,random_forest,0.9,1200,600,34,0.23529411764705882,"official UCI ad.data; all 1,558 documented numeric fields retained; '?' is unknown and handled only by per-scope median imputation",0.48149861111111114,0.5118748297905867,0.03,
uci-51,uci-51_labeled_train_validation,uci-51,1,6,1,real_independent_shadow_target_cross_release,matched_kmeans,release_1,logistic,0.9,1200,600,34,0.08823529411764706,"official UCI ad.data; all 1,558 documented numeric fields retained; '?' is unknown and handled only by per-scope median imputation",0.5496944444444445,0.5646166829480374,0.03333333333333333,
uci-51,uci-51_labeled_train_validation,uci-51,1,6,1,real_independent_shadow_target_cross_release,matched_kmeans,release_1,random_forest,0.9,1200,600,34,0.08823529411764706,"official UCI ad.data; all 1,558 documented numeric fields retained; '?' is unknown and handled only by per-scope median imputation",0.5624722222222223,0.5661359679356894,0.028333333333333332,
uci-51,uci-51_labeled_train_validation,uci-51,1,6,2,real_independent_shadow_target_cross_release,granular_ball,release_1,logistic,0.9,1200,600,32,0.25,"official UCI ad.data; all 1,558 documented numeric fields retained; '?' is unknown and handled only by per-scope median imputation",0.5420013888888888,0.541504052484528,0.006666666666666667,
uci-51,uci-51_labeled_train_validation,uci-51,1,6,2,real_independent_shadow_target_cross_release,granular_ball,release_1,random_forest,0.9,1200,600,32,0.25,"official UCI ad.data; all 1,558 documented numeric fields retained; '?' is unknown and handled only by per-scope median imputation",0.5325694444444444,0.5290643813048085,0.025,
uci-51,uci-51_labeled_train_validation,uci-51,1,6,2,real_independent_shadow_target_cross_release,matched_kmeans,release_1,logistic,0.9,1200,600,32,0.15625,"official UCI ad.data; all 1,558 documented numeric fields retained; '?' is unknown and handled only by per-scope median imputation",0.5379388888888889,0.5358983538988656,0.011666666666666667,
uci-51,uci-51_labeled_train_validation,uci-51,1,6,2,real_independent_shadow_target_cross_release,matched_kmeans,release_1,random_forest,0.9,1200,600,32,0.15625,"official UCI ad.data; all 1,558 documented numeric fields retained; '?' is unknown and handled only by per-scope median imputation",0.5103305555555555,0.5191392938089034,0.02,
uci-51,uci-51_labeled_train_validation,uci-51,1,6,3,real_independent_shadow_target_cross_release,granular_ball,release_1,logistic,0.9,1200,600,35,0.3142857142857143,"official UCI ad.data; all 1,558 documented numeric fields retained; '?' is unknown and handled only by per-scope median imputation",0.571375,0.5764222806869997,0.023333333333333334,
uci-51,uci-51_labeled_train_validation,uci-51,1,6,3,real_independent_shadow_target_cross_release,granular_ball,release_1,random_forest,0.9,1200,600,35,0.3142857142857143,"official UCI ad.data; all 1,558 documented numeric fields retained; '?' is unknown and handled only by per-scope median imputation",0.5189194444444444,0.5379488574820531,0.028333333333333332,
uci-51,uci-51_labeled_train_validation,uci-51,1,6,3,real_independent_shadow_target_cross_release,matched_kmeans,release_1,logistic,0.9,1200,600,35,0.22857142857142856,"official UCI ad.data; all 1,558 documented numeric fields retained; '?' is unknown and handled only by per-scope median imputation",0.5580625,0.5673940628207693,0.02666666666666667,
uci-51,uci-51_labeled_train_validation,uci-51,1,6,3,real_independent_shadow_target_cross_release,matched_kmeans,release_1,random_forest,0.9,1200,600,35,0.22857142857142856,"official UCI ad.data; all 1,558 documented numeric fields retained; '?' is unknown and handled only by per-scope median imputation",0.5312416666666666,0.5417891859477322,0.023333333333333334,
uci-51,uci-51_labeled_train_validation,uci-51,1,6,4,real_independent_shadow_target_cross_release,granular_ball,release_1,logistic,0.9,1200,600,32,0.3125,"official UCI ad.data; all 1,558 documented numeric fields retained; '?' is unknown and handled only by per-scope median imputation",0.5648111111111112,0.5600121406639351,0.03166666666666667,
uci-51,uci-51_labeled_train_validation,uci-51,1,6,4,real_independent_shadow_target_cross_release,granular_ball,release_1,random_forest,0.9,1200,600,32,0.3125,"official UCI ad.data; all 1,558 documented numeric fields retained; '?' is unknown and handled only by per-scope median imputation",0.5493819444444444,0.5521997469827347,0.023333333333333334,
uci-51,uci-51_labeled_train_validation,uci-51,1,6,4,real_independent_shadow_target_cross_release,matched_kmeans,release_1,logistic,0.9,1200,600,32,0.28125,"official UCI ad.data; all 1,558 documented numeric fields retained; '?' is unknown and handled only by per-scope median imputation",0.5665319444444444,0.5603206544366311,0.01,
uci-51,uci-51_labeled_train_validation,uci-51,1,6,4,real_independent_shadow_target_cross_release,matched_kmeans,release_1,random_forest,0.9,1200,600,32,0.28125,"official UCI ad.data; all 1,558 documented numeric fields retained; '?' is unknown and handled only by per-scope median imputation",0.5693166666666667,0.5729689290376002,0.021666666666666667,
uci-51,uci-51_labeled_train_validation,uci-51,1,6,0,real_independent_shadow_target_cross_release,granular_ball,release_2,logistic,0.9,1200,600,20,0.2,"official UCI ad.data; all 1,558 documented numeric fields retained; '?' is unknown and handled only by per-scope median imputation",0.5400624999999999,0.5418014252927849,0.018333333333333333,
uci-51,uci-51_labeled_train_validation,uci-51,1,6,0,real_independent_shadow_target_cross_release,granular_ball,release_2,random_forest,0.9,1200,600,20,0.2,"official UCI ad.data; all 1,558 documented numeric fields retained; '?' is unknown and handled only by per-scope median imputation",0.5342430555555555,0.539175063477732,0.021666666666666667,
uci-51,uci-51_labeled_train_validation,uci-51,1,6,0,real_independent_shadow_target_cross_release,matched_kmeans,release_2,logistic,0.9,1200,600,20,0.2,"official UCI ad.data; all 1,558 documented numeric fields retained; '?' is unknown and handled only by per-scope median imputation",0.5460763888888889,0.5438129486819561,0.021666666666666667,
uci-51,uci-51_labeled_train_validation,uci-51,1,6,0,real_independent_shadow_target_cross_release,matched_kmeans,release_2,random_forest,0.9,1200,600,20,0.2,"official UCI ad.data; all 1,558 documented numeric fields retained; '?' is unknown and handled only by per-scope median imputation",0.5448319444444444,0.5483727565643299,0.035,
uci-51,uci-51_labeled_train_validation,uci-51,1,6,1,real_independent_shadow_target_cross_release,granular_ball,release_2,logistic,0.9,1200,600,34,0.23529411764705882,"official UCI ad.data; all 1,558 documented numeric fields retained; '?' is unknown and handled only by per-scope median imputation",0.5467444444444445,0.5625726029203008,0.02666666666666667,
uci-51,uci-51_labeled_train_validation,uci-51,1,6,1,real_independent_shadow_target_cross_release,granular_ball,release_2,random_forest,0.9,1200,600,34,0.23529411764705882,"official UCI ad.data; all 1,558 documented numeric fields retained; '?' is unknown and handled only by per-scope median imputation",0.5307972222222221,0.5479779270315615,0.03,
uci-51,uci-51_labeled_train_validation,uci-51,1,6,1,real_independent_shadow_target_cross_release,matched_kmeans,release_2,logistic,0.9,1200,600,34,0.08823529411764706,"official UCI ad.data; all 1,558 documented numeric fields retained; '?' is unknown and handled only by per-scope median imputation",0.538675,0.5617336813585423,0.04,
uci-51,uci-51_labeled_train_validation,uci-51,1,6,1,real_independent_shadow_target_cross_release,matched_kmeans,release_2,random_forest,0.9,1200,600,34,0.08823529411764706,"official UCI ad.data; all 1,558 documented numeric fields retained; '?' is unknown and handled only by per-scope median imputation",0.5811805555555556,0.5808871729974405,0.028333333333333332,
uci-51,uci-51_labeled_train_validation,uci-51,1,6,2,real_independent_shadow_target_cross_release,granular_ball,release_2,logistic,0.9,1200,600,32,0.25,"official UCI ad.data; all 1,558 documented numeric fields retained; '?' is unknown and handled only by per-scope median imputation",0.548575,0.547472686635791,0.008333333333333333,
uci-51,uci-51_labeled_train_validation,uci-51,1,6,2,real_independent_shadow_target_cross_release,granular_ball,release_2,random_forest,0.9,1200,600,32,0.25,"official UCI ad.data; all 1,558 documented numeric fields retained; '?' is unknown and handled only by per-scope median imputation",0.5461319444444445,0.5511976229482829,0.02666666666666667,
uci-51,uci-51_labeled_train_validation,uci-51,1,6,2,real_independent_shadow_target_cross_release,matched_kmeans,release_2,logistic,0.9,1200,600,32,0.15625,"official UCI ad.data; all 1,558 documented numeric fields retained; '?' is unknown and handled only by per-scope median imputation",0.5509861111111112,0.5467994634309832,0.016666666666666666,
uci-51,uci-51_labeled_train_validation,uci-51,1,6,2,real_independent_shadow_target_cross_release,matched_kmeans,release_2,random_forest,0.9,1200,600,32,0.15625,"official UCI ad.data; all 1,558 documented numeric fields retained; '?' is unknown and handled only by per-scope median imputation",0.5522847222222222,0.569604758266498,0.02,
uci-51,uci-51_labeled_train_validation,uci-51,1,6,3,real_independent_shadow_target_cross_release,granular_ball,release_2,logistic,0.9,1200,600,35,0.3142857142857143,"official UCI ad.data; all 1,558 documented numeric fields retained; '?' is unknown and handled only by per-scope median imputation",0.5763041666666666,0.5802772467341523,0.025,
uci-51,uci-51_labeled_train_validation,uci-51,1,6,3,real_independent_shadow_target_cross_release,granular_ball,release_2,random_forest,0.9,1200,600,35,0.3142857142857143,"official UCI ad.data; all 1,558 documented numeric fields retained; '?' is unknown and handled only by per-scope median imputation",0.5388555555555555,0.5492976223963427,0.03166666666666667,
uci-51,uci-51_labeled_train_validation,uci-51,1,6,3,real_independent_shadow_target_cross_release,matched_kmeans,release_2,logistic,0.9,1200,600,35,0.22857142857142856,"official UCI ad.data; all 1,558 documented numeric fields retained; '?' is unknown and handled only by per-scope median imputation",0.5647652777777777,0.5690601849054342,0.015,
uci-51,uci-51_labeled_train_validation,uci-51,1,6,3,real_independent_shadow_target_cross_release,matched_kmeans,release_2,random_forest,0.9,1200,600,35,0.22857142857142856,"official UCI ad.data; all 1,558 documented numeric fields retained; '?' is unknown and handled only by per-scope median imputation",0.5502833333333335,0.5497160319132158,0.021666666666666667,
uci-51,uci-51_labeled_train_validation,uci-51,1,6,4,real_independent_shadow_target_cross_release,granular_ball,release_2,logistic,0.9,1200,600,32,0.3125,"official UCI ad.data; all 1,558 documented numeric fields retained; '?' is unknown and handled only by per-scope median imputation",0.5683236111111111,0.5596870829331876,0.03,
uci-51,uci-51_labeled_train_validation,uci-51,1,6,4,real_independent_shadow_target_cross_release,granular_ball,release_2,random_forest,0.9,1200,600,32,0.3125,"official UCI ad.data; all 1,558 documented numeric fields retained; '?' is unknown and handled only by per-scope median imputation",0.5842083333333333,0.5789161717276854,0.03166666666666667,
uci-51,uci-51_labeled_train_validation,uci-51,1,6,4,real_independent_shadow_target_cross_release,matched_kmeans,release_2,logistic,0.9,1200,600,32,0.28125,"official UCI ad.data; all 1,558 documented numeric fields retained; '?' is unknown and handled only by per-scope median imputation",0.5662875,0.5617235388454529,0.041666666666666664,
uci-51,uci-51_labeled_train_validation,uci-51,1,6,4,real_independent_shadow_target_cross_release,matched_kmeans,release_2,random_forest,0.9,1200,600,32,0.28125,"official UCI ad.data; all 1,558 documented numeric fields retained; '?' is unknown and handled only by per-scope median imputation",0.5790152777777777,0.5823252440727715,0.021666666666666667,
uci-51,uci-51_labeled_train_validation,uci-51,1,6,0,real_independent_shadow_target_cross_release,granular_ball,release_3,logistic,0.9,1200,600,20,0.2,"official UCI ad.data; all 1,558 documented numeric fields retained; '?' is unknown and handled only by per-scope median imputation",0.5331027777777778,0.5354581151303294,0.011666666666666667,
uci-51,uci-51_labeled_train_validation,uci-51,1,6,0,real_independent_shadow_target_cross_release,granular_ball,release_3,random_forest,0.9,1200,600,20,0.2,"official UCI ad.data; all 1,558 documented numeric fields retained; '?' is unknown and handled only by per-scope median imputation",0.5346291666666667,0.5427675893291666,0.028333333333333332,
uci-51,uci-51_labeled_train_validation,uci-51,1,6,0,real_independent_shadow_target_cross_release,matched_kmeans,release_3,logistic,0.9,1200,600,20,0.2,"official UCI ad.data; all 1,558 documented numeric fields retained; '?' is unknown and handled only by per-scope median imputation",0.5441680555555556,0.5401572363204539,0.025,
uci-51,uci-51_labeled_train_validation,uci-51,1,6,0,real_independent_shadow_target_cross_release,matched_kmeans,release_3,random_forest,0.9,1200,600,20,0.2,"official UCI ad.data; all 1,558 documented numeric fields retained; '?' is unknown and handled only by per-scope median imputation",0.5478194444444445,0.5499839552371476,0.04,
uci-51,uci-51_labeled_train_validation,uci-51,1,6,1,real_independent_shadow_target_cross_release,granular_ball,release_3,logistic,0.9,1200,600,34,0.23529411764705882,"official UCI ad.data; all 1,558 documented numeric fields retained; '?' is unknown and handled only by per-scope median imputation",0.5450027777777777,0.5660236765073845,0.03333333333333333,
uci-51,uci-51_labeled_train_validation,uci-51,1,6,1,real_independent_shadow_target_cross_release,granular_ball,release_3,random_forest,0.9,1200,600,34,0.23529411764705882,"official UCI ad.data; all 1,558 documented numeric fields retained; '?' is unknown and handled only by per-scope median imputation",0.5483888888888888,0.5675080694405726,0.03333333333333333,
uci-51,uci-51_labeled_train_validation,uci-51,1,6,1,real_independent_shadow_target_cross_release,matched_kmeans,release_3,logistic,0.9,1200,600,34,0.08823529411764706,"official UCI ad.data; all 1,558 documented numeric fields retained; '?' is unknown and handled only by per-scope median imputation",0.5408888888888889,0.5666721447536718,0.03833333333333333,
uci-51,uci-51_labeled_train_validation,uci-51,1,6,1,real_independent_shadow_target_cross_release,matched_kmeans,release_3,random_forest,0.9,1200,600,34,0.08823529411764706,"official UCI ad.data; all 1,558 documented numeric fields retained; '?' is unknown and handled only by per-scope median imputation",0.575576388888889,0.578300760348138,0.021666666666666667,
uci-51,uci-51_labeled_train_validation,uci-51,1,6,2,real_independent_shadow_target_cross_release,granular_ball,release_3,logistic,0.9,1200,600,32,0.25,"official UCI ad.data; all 1,558 documented numeric fields retained; '?' is unknown and handled only by per-scope median imputation",0.5508388888888889,0.549921249212121,0.015,
uci-51,uci-51_labeled_train_validation,uci-51,1,6,2,real_independent_shadow_target_cross_release,granular_ball,release_3,random_forest,0.9,1200,600,32,0.25,"official UCI ad.data; all 1,558 documented numeric fields retained; '?' is unknown and handled only by per-scope median imputation",0.5627166666666666,0.5729457475123543,0.02666666666666667,
uci-51,uci-51_labeled_train_validation,uci-51,1,6,2,real_independent_shadow_target_cross_release,matched_kmeans,release_3,logistic,0.9,1200,600,32,0.15625,"official UCI ad.data; all 1,558 documented numeric fields retained; '?' is unknown and handled only by per-scope median imputation",0.5494222222222221,0.5463925968634421,0.011666666666666667,
uci-51,uci-51_labeled_train_validation,uci-51,1,6,2,real_independent_shadow_target_cross_release,matched_kmeans,release_3,random_forest,0.9,1200,600,32,0.15625,"official UCI ad.data; all 1,558 documented numeric fields retained; '?' is unknown and handled only by per-scope median imputation",0.5555930555555555,0.5706391980051249,0.02666666666666667,
uci-51,uci-51_labeled_train_validation,uci-51,1,6,3,real_independent_shadow_target_cross_release,granular_ball,release_3,logistic,0.9,1200,600,35,0.3142857142857143,"official UCI ad.data; all 1,558 documented numeric fields retained; '?' is unknown and handled only by per-scope median imputation",0.5674194444444445,0.5746143542639657,0.03,
uci-51,uci-51_labeled_train_validation,uci-51,1,6,3,real_independent_shadow_target_cross_release,granular_ball,release_3,random_forest,0.9,1200,600,35,0.3142857142857143,"official UCI ad.data; all 1,558 documented numeric fields retained; '?' is unknown and handled only by per-scope median imputation",0.5361402777777777,0.5501736336451641,0.03666666666666667,
uci-51,uci-51_labeled_train_validation,uci-51,1,6,3,real_independent_shadow_target_cross_release,matched_kmeans,release_3,logistic,0.9,1200,600,35,0.22857142857142856,"official UCI ad.data; all 1,558 documented numeric fields retained; '?' is unknown and handled only by per-scope median imputation",0.555998611111111,0.5534151426608014,0.02,
uci-51,uci-51_labeled_train_validation,uci-51,1,6,3,real_independent_shadow_target_cross_release,matched_kmeans,release_3,random_forest,0.9,1200,600,35,0.22857142857142856,"official UCI ad.data; all 1,558 documented numeric fields retained; '?' is unknown and handled only by per-scope median imputation",0.5546041666666667,0.5544563121531201,0.03833333333333333,
uci-51,uci-51_labeled_train_validation,uci-51,1,6,4,real_independent_shadow_target_cross_release,granular_ball,release_3,logistic,0.9,1200,600,32,0.3125,"official UCI ad.data; all 1,558 documented numeric fields retained; '?' is unknown and handled only by per-scope median imputation",0.5677763888888888,0.5628180371506437,0.028333333333333332,
uci-51,uci-51_labeled_train_validation,uci-51,1,6,4,real_independent_shadow_target_cross_release,granular_ball,release_3,random_forest,0.9,1200,600,32,0.3125,"official UCI ad.data; all 1,558 documented numeric fields retained; '?' is unknown and handled only by per-scope median imputation",0.5770402777777778,0.5739801846976743,0.028333333333333332,
uci-51,uci-51_labeled_train_validation,uci-51,1,6,4,real_independent_shadow_target_cross_release,matched_kmeans,release_3,logistic,0.9,1200,600,32,0.28125,"official UCI ad.data; all 1,558 documented numeric fields retained; '?' is unknown and handled only by per-scope median imputation",0.5615097222222223,0.5620747793701559,0.013333333333333334,
uci-51,uci-51_labeled_train_validation,uci-51,1,6,4,real_independent_shadow_target_cross_release,matched_kmeans,release_3,random_forest,0.9,1200,600,32,0.28125,"official UCI ad.data; all 1,558 documented numeric fields retained; '?' is unknown and handled only by per-scope median imputation",0.6075277777777778,0.6087767449899578,0.056666666666666664,
uci-51,uci-51_labeled_train_validation,uci-51,1,6,0,real_independent_shadow_target_cross_release,granular_ball,release_1,logistic,0.95,1200,600,35,0.2571428571428571,"official UCI ad.data; all 1,558 documented numeric fields retained; '?' is unknown and handled only by per-scope median imputation",0.5613180555555556,0.5566852848540262,0.02,
uci-51,uci-51_labeled_train_validation,uci-51,1,6,0,real_independent_shadow_target_cross_release,granular_ball,release_1,random_forest,0.95,1200,600,35,0.2571428571428571,"official UCI ad.data; all 1,558 documented numeric fields retained; '?' is unknown and handled only by per-scope median imputation",0.5266013888888889,0.529857760469474,0.016666666666666666,
uci-51,uci-51_labeled_train_validation,uci-51,1,6,0,real_independent_shadow_target_cross_release,matched_kmeans,release_1,logistic,0.95,1200,600,35,0.2571428571428571,"official UCI ad.data; all 1,558 documented numeric fields retained; '?' is unknown and handled only by per-scope median imputation",0.5569041666666666,0.5519006442083216,0.018333333333333333,
uci-51,uci-51_labeled_train_validation,uci-51,1,6,0,real_independent_shadow_target_cross_release,matched_kmeans,release_1,random_forest,0.95,1200,600,35,0.2571428571428571,"official UCI ad.data; all 1,558 documented numeric fields retained; '?' is unknown and handled only by per-scope median imputation",0.5166236111111111,0.5188996201206653,0.025,
uci-51,uci-51_labeled_train_validation,uci-51,1,6,1,real_independent_shadow_target_cross_release,granular_ball,release_1,logistic,0.95,1200,600,34,0.23529411764705882,"official UCI ad.data; all 1,558 documented numeric fields retained; '?' is unknown and handled only by per-scope median imputation",0.5368194444444444,0.548698734483505,0.021666666666666667,
uci-51,uci-51_labeled_train_validation,uci-51,1,6,1,real_independent_shadow_target_cross_release,granular_ball,release_1,random_forest,0.95,1200,600,34,0.23529411764705882,"official UCI ad.data; all 1,558 documented numeric fields retained; '?' is unknown and handled only by per-scope median imputation",0.47905277777777777,0.5165352762258073,0.02666666666666667,
uci-51,uci-51_labeled_train_validation,uci-51,1,6,1,real_independent_shadow_target_cross_release,matched_kmeans,release_1,logistic,0.95,1200,600,34,0.08823529411764706,"official UCI ad.data; all 1,558 documented numeric fields retained; '?' is unknown and handled only by per-scope median imputation",0.5486833333333333,0.5631801399577931,0.035,
uci-51,uci-51_labeled_train_validation,uci-51,1,6,1,real_independent_shadow_target_cross_release,matched_kmeans,release_1,random_forest,0.95,1200,600,34,0.08823529411764706,"official UCI ad.data; all 1,558 documented numeric fields retained; '?' is unknown and handled only by per-scope median imputation",0.5555736111111111,0.5605554575364928,0.025,
uci-51,uci-51_labeled_train_validation,uci-51,1,6,2,real_independent_shadow_target_cross_release,granular_ball,release_1,logistic,0.95,1200,600,32,0.25,"official UCI ad.data; all 1,558 documented numeric fields retained; '?' is unknown and handled only by per-scope median imputation",0.5418624999999999,0.5415992239328264,0.008333333333333333,
uci-51,uci-51_labeled_train_validation,uci-51,1,6,2,real_independent_shadow_target_cross_release,granular_ball,release_1,random_forest,0.95,1200,600,32,0.25,"official UCI ad.data; all 1,558 documented numeric fields retained; '?' is unknown and handled only by per-scope median imputation",0.5311027777777777,0.5322788179334964,0.02,
uci-51,uci-51_labeled_train_validation,uci-51,1,6,2,real_independent_shadow_target_cross_release,matched_kmeans,release_1,logistic,0.95,1200,600,32,0.15625,"official UCI ad.data; all 1,558 documented numeric fields retained; '?' is unknown and handled only by per-scope median imputation",0.5377666666666666,0.53709866476276,0.016666666666666666,
uci-51,uci-51_labeled_train_validation,uci-51,1,6,2,real_independent_shadow_target_cross_release,matched_kmeans,release_1,random_forest,0.95,1200,600,32,0.15625,"official UCI ad.data; all 1,558 documented numeric fields retained; '?' is unknown and handled only by per-scope median imputation",0.5144083333333334,0.5303225100932839,0.041666666666666664,
uci-51,uci-51_labeled_train_validation,uci-51,1,6,3,real_independent_shadow_target_cross_release,granular_ball,release_1,logistic,0.95,1200,600,35,0.3142857142857143,"official UCI ad.data; all 1,558 documented numeric fields retained; '?' is unknown and handled only by per-scope median imputation",0.5712361111111111,0.5759308451175216,0.023333333333333334,
uci-51,uci-51_labeled_train_validation,uci-51,1,6,3,real_independent_shadow_target_cross_release,granular_ball,release_1,random_forest,0.95,1200,600,35,0.3142857142857143,"official UCI ad.data; all 1,558 documented numeric fields retained; '?' is unknown and handled only by per-scope median imputation",0.5274083333333333,0.5457447216027658,0.041666666666666664,
uci-51,uci-51_labeled_train_validation,uci-51,1,6,3,real_independent_shadow_target_cross_release,matched_kmeans,release_1,logistic,0.95,1200,600,35,0.22857142857142856,"official UCI ad.data; all 1,558 documented numeric fields retained; '?' is unknown and handled only by per-scope median imputation",0.5601097222222222,0.5700228170469156,0.025,
uci-51,uci-51_labeled_train_validation,uci-51,1,6,3,real_independent_shadow_target_cross_release,matched_kmeans,release_1,random_forest,0.95,1200,600,35,0.22857142857142856,"official UCI ad.data; all 1,558 documented numeric fields retained; '?' is unknown and handled only by per-scope median imputation",0.5348694444444445,0.549693570535243,0.03,
uci-51,uci-51_labeled_train_validation,uci-51,1,6,4,real_independent_shadow_target_cross_release,granular_ball,release_1,logistic,0.95,1200,600,32,0.3125,"official UCI ad.data; all 1,558 documented numeric fields retained; '?' is unknown and handled only by per-scope median imputation",0.5644638888888889,0.5602185264600492,0.035,
uci-51,uci-51_labeled_train_validation,uci-51,1,6,4,real_independent_shadow_target_cross_release,granular_ball,release_1,random_forest,0.95,1200,600,32,0.3125,"official UCI ad.data; all 1,558 documented numeric fields retained; '?' is unknown and handled only by per-scope median imputation",0.5550166666666667,0.5597065826258476,0.02666666666666667,
uci-51,uci-51_labeled_train_validation,uci-51,1,6,4,real_independent_shadow_target_cross_release,matched_kmeans,release_1,logistic,0.95,1200,600,32,0.28125,"official UCI ad.data; all 1,558 documented numeric fields retained; '?' is unknown and handled only by per-scope median imputation",0.5680569444444445,0.5622882195904959,0.01,
uci-51,uci-51_labeled_train_validation,uci-51,1,6,4,real_independent_shadow_target_cross_release,matched_kmeans,release_1,random_forest,0.95,1200,600,32,0.28125,"official UCI ad.data; all 1,558 documented numeric fields retained; '?' is unknown and handled only by per-scope median imputation",0.5699902777777778,0.5714430792071281,0.025,
uci-51,uci-51_labeled_train_validation,uci-51,1,6,0,real_independent_shadow_target_cross_release,granular_ball,release_2,logistic,0.95,1200,600,35,0.2571428571428571,"official UCI ad.data; all 1,558 documented numeric fields retained; '?' is unknown and handled only by per-scope median imputation",0.5540624999999999,0.5572554971558548,0.018333333333333333,
uci-51,uci-51_labeled_train_validation,uci-51,1,6,0,real_independent_shadow_target_cross_release,granular_ball,release_2,random_forest,0.95,1200,600,35,0.2571428571428571,"official UCI ad.data; all 1,558 documented numeric fields retained; '?' is unknown and handled only by per-scope median imputation",0.5652736111111111,0.5613089986872846,0.025,
uci-51,uci-51_labeled_train_validation,uci-51,1,6,0,real_independent_shadow_target_cross_release,matched_kmeans,release_2,logistic,0.95,1200,600,35,0.2571428571428571,"official UCI ad.data; all 1,558 documented numeric fields retained; '?' is unknown and handled only by per-scope median imputation",0.569101388888889,0.5595677036291651,0.023333333333333334,
uci-51,uci-51_labeled_train_validation,uci-51,1,6,0,real_independent_shadow_target_cross_release,matched_kmeans,release_2,random_forest,0.95,1200,600,35,0.2571428571428571,"official UCI ad.data; all 1,558 documented numeric fields retained; '?' is unknown and handled only by per-scope median imputation",0.5451208333333333,0.5420902842131603,0.018333333333333333,
uci-51,uci-51_labeled_train_validation,uci-51,1,6,1,real_independent_shadow_target_cross_release,granular_ball,release_2,logistic,0.95,1200,600,34,0.23529411764705882,"official UCI ad.data; all 1,558 documented numeric fields retained; '?' is unknown and handled only by per-scope median imputation",0.5444472222222222,0.5609953266910476,0.025,
uci-51,uci-51_labeled_train_validation,uci-51,1,6,1,real_independent_shadow_target_cross_release,granular_ball,release_2,random_forest,0.95,1200,600,34,0.23529411764705882,"official UCI ad.data; all 1,558 documented numeric fields retained; '?' is unknown and handled only by per-scope median imputation",0.5346652777777778,0.5459995853715973,0.02666666666666667,
uci-51,uci-51_labeled_train_validation,uci-51,1,6,1,real_independent_shadow_target_cross_release,matched_kmeans,release_2,logistic,0.95,1200,600,34,0.08823529411764706,"official UCI ad.data; all 1,558 documented numeric fields retained; '?' is unknown and handled only by per-scope median imputation",0.538025,0.5618395499853686,0.04,
uci-51,uci-51_labeled_train_validation,uci-51,1,6,1,real_independent_shadow_target_cross_release,matched_kmeans,release_2,random_forest,0.95,1200,600,34,0.08823529411764706,"official UCI ad.data; all 1,558 documented numeric fields retained; '?' is unknown and handled only by per-scope median imputation",0.5735638888888889,0.5721513278285975,0.023333333333333334,
uci-51,uci-51_labeled_train_validation,uci-51,1,6,2,real_independent_shadow_target_cross_release,granular_ball,release_2,logistic,0.95,1200,600,32,0.25,"official UCI ad.data; all 1,558 documented numeric fields retained; '?' is unknown and handled only by per-scope median imputation",0.5491333333333334,0.5482406598716877,0.011666666666666667,
uci-51,uci-51_labeled_train_validation,uci-51,1,6,2,real_independent_shadow_target_cross_release,granular_ball,release_2,random_forest,0.95,1200,600,32,0.25,"official UCI ad.data; all 1,558 documented numeric fields retained; '?' is unknown and handled only by per-scope median imputation",0.5448166666666667,0.5403237147033804,0.015,
uci-51,uci-51_labeled_train_validation,uci-51,1,6,2,real_independent_shadow_target_cross_release,matched_kmeans,release_2,logistic,0.95,1200,600,32,0.15625,"official UCI ad.data; all 1,558 documented numeric fields retained; '?' is unknown and handled only by per-scope median imputation",0.5496944444444445,0.5465185049148579,0.008333333333333333,
uci-51,uci-51_labeled_train_validation,uci-51,1,6,2,real_independent_shadow_target_cross_release,matched_kmeans,release_2,random_forest,0.95,1200,600,32,0.15625,"official UCI ad.data; all 1,558 documented numeric fields retained; '?' is unknown and handled only by per-scope median imputation",0.5486638888888888,0.566877992569768,0.023333333333333334,
uci-51,uci-51_labeled_train_validation,uci-51,1,6,3,real_independent_shadow_target_cross_release,granular_ball,release_2,logistic,0.95,1200,600,35,0.3142857142857143,"official UCI ad.data; all 1,558 documented numeric fields retained; '?' is unknown and handled only by per-scope median imputation",0.5752166666666667,0.5788845049586342,0.023333333333333334,
uci-51,uci-51_labeled_train_validation,uci-51,1,6,3,real_independent_shadow_target_cross_release,granular_ball,release_2,random_forest,0.95,1200,600,35,0.3142857142857143,"official UCI ad.data; all 1,558 documented numeric fields retained; '?' is unknown and handled only by per-scope median imputation",0.5291638888888889,0.5406212349905387,0.02666666666666667,
uci-51,uci-51_labeled_train_validation,uci-51,1,6,3,real_independent_shadow_target_cross_release,matched_kmeans,release_2,logistic,0.95,1200,600,35,0.22857142857142856,"official UCI ad.data; all 1,558 documented numeric fields retained; '?' is unknown and handled only by per-scope median imputation",0.5671513888888888,0.5740428177917488,0.028333333333333332,
uci-51,uci-51_labeled_train_validation,uci-51,1,6,3,real_independent_shadow_target_cross_release,matched_kmeans,release_2,random_forest,0.95,1200,600,35,0.22857142857142856,"official UCI ad.data; all 1,558 documented numeric fields retained; '?' is unknown and handled only by per-scope median imputation",0.5526555555555556,0.564582321133966,0.028333333333333332,
uci-51,uci-51_labeled_train_validation,uci-51,1,6,4,real_independent_shadow_target_cross_release,granular_ball,release_2,logistic,0.95,1200,600,32,0.3125,"official UCI ad.data; all 1,558 documented numeric fields retained; '?' is unknown and handled only by per-scope median imputation",0.5684819444444444,0.5588409694040347,0.02666666666666667,
uci-51,uci-51_labeled_train_validation,uci-51,1,6,4,real_independent_shadow_target_cross_release,granular_ball,release_2,random_forest,0.95,1200,600,32,0.3125,"official UCI ad.data; all 1,558 documented numeric fields retained; '?' is unknown and handled only by per-scope median imputation",0.5868319444444444,0.5941002857606791,0.04666666666666667,
uci-51,uci-51_labeled_train_validation,uci-51,1,6,4,real_independent_shadow_target_cross_release,matched_kmeans,release_2,logistic,0.95,1200,600,32,0.28125,"official UCI ad.data; all 1,558 documented numeric fields retained; '?' is unknown and handled only by per-scope median imputation",0.5659958333333333,0.5635878158665761,0.04,
uci-51,uci-51_labeled_train_validation,uci-51,1,6,4,real_independent_shadow_target_cross_release,matched_kmeans,release_2,random_forest,0.95,1200,600,32,0.28125,"official UCI ad.data; all 1,558 documented numeric fields retained; '?' is unknown and handled only by per-scope median imputation",0.5806138888888889,0.5849828970617812,0.03833333333333333,
uci-51,uci-51_labeled_train_validation,uci-51,1,6,0,real_independent_shadow_target_cross_release,granular_ball,release_3,logistic,0.95,1200,600,35,0.2571428571428571,"official UCI ad.data; all 1,558 documented numeric fields retained; '?' is unknown and handled only by per-scope median imputation",0.5438069444444444,0.5488699198560572,0.023333333333333334,
uci-51,uci-51_labeled_train_validation,uci-51,1,6,0,real_independent_shadow_target_cross_release,granular_ball,release_3,random_forest,0.95,1200,600,35,0.2571428571428571,"official UCI ad.data; all 1,558 documented numeric fields retained; '?' is unknown and handled only by per-scope median imputation",0.5648555555555556,0.5582677766812354,0.025,
uci-51,uci-51_labeled_train_validation,uci-51,1,6,0,real_independent_shadow_target_cross_release,matched_kmeans,release_3,logistic,0.95,1200,600,35,0.2571428571428571,"official UCI ad.data; all 1,558 documented numeric fields retained; '?' is unknown and handled only by per-scope median imputation",0.5656569444444444,0.557924084721873,0.015,
uci-51,uci-51_labeled_train_validation,uci-51,1,6,0,real_independent_shadow_target_cross_release,matched_kmeans,release_3,random_forest,0.95,1200,600,35,0.2571428571428571,"official UCI ad.data; all 1,558 documented numeric fields retained; '?' is unknown and handled only by per-scope median imputation",0.5472166666666667,0.5507528052895324,0.028333333333333332,
uci-51,uci-51_labeled_train_validation,uci-51,1,6,1,real_independent_shadow_target_cross_release,granular_ball,release_3,logistic,0.95,1200,600,34,0.23529411764705882,"official UCI ad.data; all 1,558 documented numeric fields retained; '?' is unknown and handled only by per-scope median imputation",0.5434722222222222,0.5663774011242791,0.03166666666666667,
uci-51,uci-51_labeled_train_validation,uci-51,1,6,1,real_independent_shadow_target_cross_release,granular_ball,release_3,random_forest,0.95,1200,600,34,0.23529411764705882,"official UCI ad.data; all 1,558 documented numeric fields retained; '?' is unknown and handled only by per-scope median imputation",0.5386555555555556,0.5632402558189216,0.045,
uci-51,uci-51_labeled_train_validation,uci-51,1,6,1,real_independent_shadow_target_cross_release,matched_kmeans,release_3,logistic,0.95,1200,600,34,0.08823529411764706,"official UCI ad.data; all 1,558 documented numeric fields retained; '?' is unknown and handled only by per-scope median imputation",0.5413277777777779,0.566851301058085,0.04,
uci-51,uci-51_labeled_train_validation,uci-51,1,6,1,real_independent_shadow_target_cross_release,matched_kmeans,release_3,random_forest,0.95,1200,600,34,0.08823529411764706,"official UCI ad.data; all 1,558 documented numeric fields retained; '?' is unknown and handled only by per-scope median imputation",0.5663111111111111,0.5764361270416711,0.02666666666666667,
uci-51,uci-51_labeled_train_validation,uci-51,1,6,2,real_independent_shadow_target_cross_release,granular_ball,release_3,logistic,0.95,1200,600,32,0.25,"official UCI ad.data; all 1,558 documented numeric fields retained; '?' is unknown and handled only by per-scope median imputation",0.5501916666666666,0.5499345477742676,0.01,
uci-51,uci-51_labeled_train_validation,uci-51,1,6,2,real_independent_shadow_target_cross_release,granular_ball,release_3,random_forest,0.95,1200,600,32,0.25,"official UCI ad.data; all 1,558 documented numeric fields retained; '?' is unknown and handled only by per-scope median imputation",0.5556277777777778,0.5623872277749555,0.028333333333333332,
uci-51,uci-51_labeled_train_validation,uci-51,1,6,2,real_independent_shadow_target_cross_release,matched_kmeans,release_3,logistic,0.95,1200,600,32,0.15625,"official UCI ad.data; all 1,558 documented numeric fields retained; '?' is unknown and handled only by per-scope median imputation",0.5490305555555556,0.5480139407926516,0.011666666666666667,
uci-51,uci-51_labeled_train_validation,uci-51,1,6,2,real_independent_shadow_target_cross_release,matched_kmeans,release_3,random_forest,0.95,1200,600,32,0.15625,"official UCI ad.data; all 1,558 documented numeric fields retained; '?' is unknown and handled only by per-scope median imputation",0.5596902777777778,0.572286647894644,0.023333333333333334,
uci-51,uci-51_labeled_train_validation,uci-51,1,6,3,real_independent_shadow_target_cross_release,granular_ball,release_3,logistic,0.95,1200,600,35,0.3142857142857143,"official UCI ad.data; all 1,558 documented numeric fields retained; '?' is unknown and handled only by per-scope median imputation",0.5668111111111112,0.5771825607080472,0.03666666666666667,
uci-51,uci-51_labeled_train_validation,uci-51,1,6,3,real_independent_shadow_target_cross_release,granular_ball,release_3,random_forest,0.95,1200,600,35,0.3142857142857143,"official UCI ad.data; all 1,558 documented numeric fields retained; '?' is unknown and handled only by per-scope median imputation",0.5260513888888888,0.550324105872248,0.04833333333333333,
uci-51,uci-51_labeled_train_validation,uci-51,1,6,3,real_independent_shadow_target_cross_release,matched_kmeans,release_3,logistic,0.95,1200,600,35,0.22857142857142856,"official UCI ad.data; all 1,558 documented numeric fields retained; '?' is unknown and handled only by per-scope median imputation",0.5592791666666668,0.561824956616753,0.023333333333333334,
uci-51,uci-51_labeled_train_validation,uci-51,1,6,3,real_independent_shadow_target_cross_release,matched_kmeans,release_3,random_forest,0.95,1200,600,35,0.22857142857142856,"official UCI ad.data; all 1,558 documented numeric fields retained; '?' is unknown and handled only by per-scope median imputation",0.5616847222222222,0.5644528658112711,0.035,
uci-51,uci-51_labeled_train_validation,uci-51,1,6,4,real_independent_shadow_target_cross_release,granular_ball,release_3,logistic,0.95,1200,600,32,0.3125,"official UCI ad.data; all 1,558 documented numeric fields retained; '?' is unknown and handled only by per-scope median imputation",0.5677347222222222,0.5618039846694373,0.02666666666666667,
uci-51,uci-51_labeled_train_validation,uci-51,1,6,4,real_independent_shadow_target_cross_release,granular_ball,release_3,random_forest,0.95,1200,600,32,0.3125,"official UCI ad.data; all 1,558 documented numeric fields retained; '?' is unknown and handled only by per-scope median imputation",0.5772430555555556,0.5796517088481028,0.03333333333333333,
uci-51,uci-51_labeled_train_validation,uci-51,1,6,4,real_independent_shadow_target_cross_release,matched_kmeans,release_3,logistic,0.95,1200,600,32,0.28125,"official UCI ad.data; all 1,558 documented numeric fields retained; '?' is unknown and handled only by per-scope median imputation",0.5634319444444444,0.5643240017360918,0.015,
uci-51,uci-51_labeled_train_validation,uci-51,1,6,4,real_independent_shadow_target_cross_release,matched_kmeans,release_3,random_forest,0.95,1200,600,32,0.28125,"official UCI ad.data; all 1,558 documented numeric fields retained; '?' is unknown and handled only by per-scope median imputation",0.5907944444444444,0.5930974760872064,0.028333333333333332,
uci-51,uci-51_labeled_train_validation,uci-51,1,6,0,real_independent_shadow_target_cross_release,granular_ball,release_1,logistic,0.99,1200,600,35,0.2571428571428571,"official UCI ad.data; all 1,558 documented numeric fields retained; '?' is unknown and handled only by per-scope median imputation",0.5617013888888889,0.5577822704013145,0.02,
uci-51,uci-51_labeled_train_validation,uci-51,1,6,0,real_independent_shadow_target_cross_release,granular_ball,release_1,random_forest,0.99,1200,600,35,0.2571428571428571,"official UCI ad.data; all 1,558 documented numeric fields retained; '?' is unknown and handled only by per-scope median imputation",0.5280944444444444,0.5276123630597221,0.01,
uci-51,uci-51_labeled_train_validation,uci-51,1,6,0,real_independent_shadow_target_cross_release,matched_kmeans,release_1,logistic,0.99,1200,600,35,0.2571428571428571,"official UCI ad.data; all 1,558 documented numeric fields retained; '?' is unknown and handled only by per-scope median imputation",0.5567458333333334,0.5519748080279375,0.025,
uci-51,uci-51_labeled_train_validation,uci-51,1,6,0,real_independent_shadow_target_cross_release,matched_kmeans,release_1,random_forest,0.99,1200,600,35,0.2571428571428571,"official UCI ad.data; all 1,558 documented numeric fields retained; '?' is unknown and handled only by per-scope median imputation",0.5191791666666666,0.5222002926770895,0.018333333333333333,
uci-51,uci-51_labeled_train_validation,uci-51,1,6,1,real_independent_shadow_target_cross_release,granular_ball,release_1,logistic,0.99,1200,600,34,0.23529411764705882,"official UCI ad.data; all 1,558 documented numeric fields retained; '?' is unknown and handled only by per-scope median imputation",0.5362166666666666,0.5481829898319173,0.021666666666666667,
uci-51,uci-51_labeled_train_validation,uci-51,1,6,1,real_independent_shadow_target_cross_release,granular_ball,release_1,random_forest,0.99,1200,600,34,0.23529411764705882,"official UCI ad.data; all 1,558 documented numeric fields retained; '?' is unknown and handled only by per-scope median imputation",0.4851833333333333,0.5188047429845862,0.02666666666666667,
uci-51,uci-51_labeled_train_validation,uci-51,1,6,1,real_independent_shadow_target_cross_release,matched_kmeans,release_1,logistic,0.99,1200,600,34,0.08823529411764706,"official UCI ad.data; all 1,558 documented numeric fields retained; '?' is unknown and handled only by per-scope median imputation",0.5483027777777778,0.562563526084296,0.035,
uci-51,uci-51_labeled_train_validation,uci-51,1,6,1,real_independent_shadow_target_cross_release,matched_kmeans,release_1,random_forest,0.99,1200,600,34,0.08823529411764706,"official UCI ad.data; all 1,558 documented numeric fields retained; '?' is unknown and handled only by per-scope median imputation",0.5554361111111111,0.5594621698556667,0.023333333333333334,
uci-51,uci-51_labeled_train_validation,uci-51,1,6,2,real_independent_shadow_target_cross_release,granular_ball,release_1,logistic,0.99,1200,600,32,0.25,"official UCI ad.data; all 1,558 documented numeric fields retained; '?' is unknown and handled only by per-scope median imputation",0.5422277777777778,0.5415589539029447,0.008333333333333333,
uci-51,uci-51_labeled_train_validation,uci-51,1,6,2,real_independent_shadow_target_cross_release,granular_ball,release_1,random_forest,0.99,1200,600,32,0.25,"official UCI ad.data; all 1,558 documented numeric fields retained; '?' is unknown and handled only by per-scope median imputation",0.5284638888888888,0.5280261857058777,0.018333333333333333,
uci-51,uci-51_labeled_train_validation,uci-51,1,6,2,real_independent_shadow_target_cross_release,matched_kmeans,release_1,logistic,0.99,1200,600,32,0.15625,"official UCI ad.data; all 1,558 documented numeric fields retained; '?' is unknown and handled only by per-scope median imputation",0.5378527777777777,0.5375530348165953,0.016666666666666666,
uci-51,uci-51_labeled_train_validation,uci-51,1,6,2,real_independent_shadow_target_cross_release,matched_kmeans,release_1,random_forest,0.99,1200,600,32,0.15625,"official UCI ad.data; all 1,558 documented numeric fields retained; '?' is unknown and handled only by per-scope median imputation",0.5111708333333334,0.531115245506653,0.03,
uci-51,uci-51_labeled_train_validation,uci-51,1,6,3,real_independent_shadow_target_cross_release,granular_ball,release_1,logistic,0.99,1200,600,35,0.3142857142857143,"official UCI ad.data; all 1,558 documented numeric fields retained; '?' is unknown and handled only by per-scope median imputation",0.5711277777777778,0.5765366034082844,0.023333333333333334,
uci-51,uci-51_labeled_train_validation,uci-51,1,6,3,real_independent_shadow_target_cross_release,granular_ball,release_1,random_forest,0.99,1200,600,35,0.3142857142857143,"official UCI ad.data; all 1,558 documented numeric fields retained; '?' is unknown and handled only by per-scope median imputation",0.5249472222222222,0.5476769829519103,0.04,
uci-51,uci-51_labeled_train_validation,uci-51,1,6,3,real_independent_shadow_target_cross_release,matched_kmeans,release_1,logistic,0.99,1200,600,35,0.22857142857142856,"official UCI ad.data; all 1,558 documented numeric fields retained; '?' is unknown and handled only by per-scope median imputation",0.5603486111111111,0.5697025314715807,0.018333333333333333,
uci-51,uci-51_labeled_train_validation,uci-51,1,6,3,real_independent_shadow_target_cross_release,matched_kmeans,release_1,random_forest,0.99,1200,600,35,0.22857142857142856,"official UCI ad.data; all 1,558 documented numeric fields retained; '?' is unknown and handled only by per-scope median imputation",0.5382777777777777,0.5491634241217058,0.023333333333333334,
uci-51,uci-51_labeled_train_validation,uci-51,1,6,4,real_independent_shadow_target_cross_release,granular_ball,release_1,logistic,0.99,1200,600,32,0.3125,"official UCI ad.data; all 1,558 documented numeric fields retained; '?' is unknown and handled only by per-scope median imputation",0.5644680555555555,0.560616639235178,0.03666666666666667,
uci-51,uci-51_labeled_train_validation,uci-51,1,6,4,real_independent_shadow_target_cross_release,granular_ball,release_1,random_forest,0.99,1200,600,32,0.3125,"official UCI ad.data; all 1,558 documented numeric fields retained; '?' is unknown and handled only by per-scope median imputation",0.553476388888889,0.5574628935361198,0.025,
uci-51,uci-51_labeled_train_validation,uci-51,1,6,4,real_independent_shadow_target_cross_release,matched_kmeans,release_1,logistic,0.99,1200,600,32,0.28125,"official UCI ad.data; all 1,558 documented numeric fields retained; '?' is unknown and handled only by per-scope median imputation",0.5683958333333333,0.5619040834627335,0.01,
uci-51,uci-51_labeled_train_validation,uci-51,1,6,4,real_independent_shadow_target_cross_release,matched_kmeans,release_1,random_forest,0.99,1200,600,32,0.28125,"official UCI ad.data; all 1,558 documented numeric fields retained; '?' is unknown and handled only by per-scope median imputation",0.5747319444444444,0.572774620851754,0.02666666666666667,
uci-51,uci-51_labeled_train_validation,uci-51,1,6,0,real_independent_shadow_target_cross_release,granular_ball,release_2,logistic,0.99,1200,600,35,0.2571428571428571,"official UCI ad.data; all 1,558 documented numeric fields retained; '?' is unknown and handled only by per-scope median imputation",0.5522569444444445,0.5553620310069642,0.018333333333333333,
uci-51,uci-51_labeled_train_validation,uci-51,1,6,0,real_independent_shadow_target_cross_release,granular_ball,release_2,random_forest,0.99,1200,600,35,0.2571428571428571,"official UCI ad.data; all 1,558 documented numeric fields retained; '?' is unknown and handled only by per-scope median imputation",0.5787916666666666,0.568313323136035,0.021666666666666667,
uci-51,uci-51_labeled_train_validation,uci-51,1,6,0,real_independent_shadow_target_cross_release,matched_kmeans,release_2,logistic,0.99,1200,600,35,0.2571428571428571,"official UCI ad.data; all 1,558 documented numeric fields retained; '?' is unknown and handled only by per-scope median imputation",0.5689236111111111,0.5593254050515817,0.021666666666666667,
uci-51,uci-51_labeled_train_validation,uci-51,1,6,0,real_independent_shadow_target_cross_release,matched_kmeans,release_2,random_forest,0.99,1200,600,35,0.2571428571428571,"official UCI ad.data; all 1,558 documented numeric fields retained; '?' is unknown and handled only by per-scope median imputation",0.5448472222222223,0.541445929349111,0.015,
uci-51,uci-51_labeled_train_validation,uci-51,1,6,1,real_independent_shadow_target_cross_release,granular_ball,release_2,logistic,0.99,1200,600,34,0.23529411764705882,"official UCI ad.data; all 1,558 documented numeric fields retained; '?' is unknown and handled only by per-scope median imputation",0.542325,0.5587348007862771,0.023333333333333334,
uci-51,uci-51_labeled_train_validation,uci-51,1,6,1,real_independent_shadow_target_cross_release,granular_ball,release_2,random_forest,0.99,1200,600,34,0.23529411764705882,"official UCI ad.data; all 1,558 documented numeric fields retained; '?' is unknown and handled only by per-scope median imputation",0.5384583333333334,0.5518288913487874,0.03,
uci-51,uci-51_labeled_train_validation,uci-51,1,6,1,real_independent_shadow_target_cross_release,matched_kmeans,release_2,logistic,0.99,1200,600,34,0.08823529411764706,"official UCI ad.data; all 1,558 documented numeric fields retained; '?' is unknown and handled only by per-scope median imputation",0.5380722222222223,0.5616808945971572,0.041666666666666664,
uci-51,uci-51_labeled_train_validation,uci-51,1,6,1,real_independent_shadow_target_cross_release,matched_kmeans,release_2,random_forest,0.99,1200,600,34,0.08823529411764706,"official UCI ad.data; all 1,558 documented numeric fields retained; '?' is unknown and handled only by per-scope median imputation",0.5757083333333333,0.5765920865427474,0.03,
uci-51,uci-51_labeled_train_validation,uci-51,1,6,2,real_independent_shadow_target_cross_release,granular_ball,release_2,logistic,0.99,1200,600,32,0.25,"official UCI ad.data; all 1,558 documented numeric fields retained; '?' is unknown and handled only by per-scope median imputation",0.5496472222222223,0.5483089657959583,0.011666666666666667,
uci-51,uci-51_labeled_train_validation,uci-51,1,6,2,real_independent_shadow_target_cross_release,granular_ball,release_2,random_forest,0.99,1200,600,32,0.25,"official UCI ad.data; all 1,558 documented numeric fields retained; '?' is unknown and handled only by per-scope median imputation",0.5388291666666667,0.5413242233808194,0.016666666666666666,
uci-51,uci-51_labeled_train_validation,uci-51,1,6,2,real_independent_shadow_target_cross_release,matched_kmeans,release_2,logistic,0.99,1200,600,32,0.15625,"official UCI ad.data; all 1,558 documented numeric fields retained; '?' is unknown and handled only by per-scope median imputation",0.5495472222222222,0.5463690102241958,0.008333333333333333,
uci-51,uci-51_labeled_train_validation,uci-51,1,6,2,real_independent_shadow_target_cross_release,matched_kmeans,release_2,random_forest,0.99,1200,600,32,0.15625,"official UCI ad.data; all 1,558 documented numeric fields retained; '?' is unknown and handled only by per-scope median imputation",0.5455291666666666,0.5583636468519025,0.023333333333333334,
uci-51,uci-51_labeled_train_validation,uci-51,1,6,3,real_independent_shadow_target_cross_release,granular_ball,release_2,logistic,0.99,1200,600,35,0.3142857142857143,"official UCI ad.data; all 1,558 documented numeric fields retained; '?' is unknown and handled only by per-scope median imputation",0.5741375,0.5780742077420329,0.03,
uci-51,uci-51_labeled_train_validation,uci-51,1,6,3,real_independent_shadow_target_cross_release,granular_ball,release_2,random_forest,0.99,1200,600,35,0.3142857142857143,"official UCI ad.data; all 1,558 documented numeric fields retained; '?' is unknown and handled only by per-scope median imputation",0.5385527777777778,0.5472105283677678,0.03,
uci-51,uci-51_labeled_train_validation,uci-51,1,6,3,real_independent_shadow_target_cross_release,matched_kmeans,release_2,logistic,0.99,1200,600,35,0.22857142857142856,"official UCI ad.data; all 1,558 documented numeric fields retained; '?' is unknown and handled only by per-scope median imputation",0.5673819444444445,0.5742543287830326,0.03,
uci-51,uci-51_labeled_train_validation,uci-51,1,6,3,real_independent_shadow_target_cross_release,matched_kmeans,release_2,random_forest,0.99,1200,600,35,0.22857142857142856,"official UCI ad.data; all 1,558 documented numeric fields retained; '?' is unknown and handled only by per-scope median imputation",0.5629458333333334,0.5706105442760965,0.03333333333333333,
uci-51,uci-51_labeled_train_validation,uci-51,1,6,4,real_independent_shadow_target_cross_release,granular_ball,release_2,logistic,0.99,1200,600,32,0.3125,"official UCI ad.data; all 1,558 documented numeric fields retained; '?' is unknown and handled only by per-scope median imputation",0.5674569444444444,0.5573382687478162,0.018333333333333333,
uci-51,uci-51_labeled_train_validation,uci-51,1,6,4,real_independent_shadow_target_cross_release,granular_ball,release_2,random_forest,0.99,1200,600,32,0.3125,"official UCI ad.data; all 1,558 documented numeric fields retained; '?' is unknown and handled only by per-scope median imputation",0.5879902777777777,0.5908978656719015,0.03666666666666667,
uci-51,uci-51_labeled_train_validation,uci-51,1,6,4,real_independent_shadow_target_cross_release,matched_kmeans,release_2,logistic,0.99,1200,600,32,0.28125,"official UCI ad.data; all 1,558 documented numeric fields retained; '?' is unknown and handled only by per-scope median imputation",0.5659763888888889,0.5635260701832656,0.04,
uci-51,uci-51_labeled_train_validation,uci-51,1,6,4,real_independent_shadow_target_cross_release,matched_kmeans,release_2,random_forest,0.99,1200,600,32,0.28125,"official UCI ad.data; all 1,558 documented numeric fields retained; '?' is unknown and handled only by per-scope median imputation",0.5854805555555556,0.5845140373169777,0.045,
uci-51,uci-51_labeled_train_validation,uci-51,1,6,0,real_independent_shadow_target_cross_release,granular_ball,release_3,logistic,0.99,1200,600,35,0.2571428571428571,"official UCI ad.data; all 1,558 documented numeric fields retained; '?' is unknown and handled only by per-scope median imputation",0.5435513888888889,0.5492207484137102,0.02666666666666667,
uci-51,uci-51_labeled_train_validation,uci-51,1,6,0,real_independent_shadow_target_cross_release,granular_ball,release_3,random_forest,0.99,1200,600,35,0.2571428571428571,"official UCI ad.data; all 1,558 documented numeric fields retained; '?' is unknown and handled only by per-scope median imputation",0.5621319444444445,0.5610316247478317,0.028333333333333332,
uci-51,uci-51_labeled_train_validation,uci-51,1,6,0,real_independent_shadow_target_cross_release,matched_kmeans,release_3,logistic,0.99,1200,600,35,0.2571428571428571,"official UCI ad.data; all 1,558 documented numeric fields retained; '?' is unknown and handled only by per-scope median imputation",0.5656763888888888,0.5582515846224138,0.015,
uci-51,uci-51_labeled_train_validation,uci-51,1,6,0,real_independent_shadow_target_cross_release,matched_kmeans,release_3,random_forest,0.99,1200,600,35,0.2571428571428571,"official UCI ad.data; all 1,558 documented numeric fields retained; '?' is unknown and handled only by per-scope median imputation",0.5504027777777778,0.5537703664201865,0.028333333333333332,
uci-51,uci-51_labeled_train_validation,uci-51,1,6,1,real_independent_shadow_target_cross_release,granular_ball,release_3,logistic,0.99,1200,600,34,0.23529411764705882,"official UCI ad.data; all 1,558 documented numeric fields retained; '?' is unknown and handled only by per-scope median imputation",0.5467111111111111,0.5679836074970003,0.035,
uci-51,uci-51_labeled_train_validation,uci-51,1,6,1,real_independent_shadow_target_cross_release,granular_ball,release_3,random_forest,0.99,1200,600,34,0.23529411764705882,"official UCI ad.data; all 1,558 documented numeric fields retained; '?' is unknown and handled only by per-scope median imputation",0.5354194444444444,0.5637470710914289,0.041666666666666664,
uci-51,uci-51_labeled_train_validation,uci-51,1,6,1,real_independent_shadow_target_cross_release,matched_kmeans,release_3,logistic,0.99,1200,600,34,0.08823529411764706,"official UCI ad.data; all 1,558 documented numeric fields retained; '?' is unknown and handled only by per-scope median imputation",0.5409611111111111,0.5656334055910324,0.035,
uci-51,uci-51_labeled_train_validation,uci-51,1,6,1,real_independent_shadow_target_cross_release,matched_kmeans,release_3,random_forest,0.99,1200,600,34,0.08823529411764706,"official UCI ad.data; all 1,558 documented numeric fields retained; '?' is unknown and handled only by per-scope median imputation",0.6015861111111112,0.603233005100653,0.023333333333333334,
uci-51,uci-51_labeled_train_validation,uci-51,1,6,2,real_independent_shadow_target_cross_release,granular_ball,release_3,logistic,0.99,1200,600,32,0.25,"official UCI ad.data; all 1,558 documented numeric fields retained; '?' is unknown and handled only by per-scope median imputation",0.5504277777777778,0.5513709636050753,0.013333333333333334,
uci-51,uci-51_labeled_train_validation,uci-51,1,6,2,real_independent_shadow_target_cross_release,granular_ball,release_3,random_forest,0.99,1200,600,32,0.25,"official UCI ad.data; all 1,558 documented numeric fields retained; '?' is unknown and handled only by per-scope median imputation",0.5521972222222222,0.5575673775789614,0.016666666666666666,
uci-51,uci-51_labeled_train_validation,uci-51,1,6,2,real_independent_shadow_target_cross_release,matched_kmeans,release_3,logistic,0.99,1200,600,32,0.15625,"official UCI ad.data; all 1,558 documented numeric fields retained; '?' is unknown and handled only by per-scope median imputation",0.548875,0.5476517324516832,0.011666666666666667,
uci-51,uci-51_labeled_train_validation,uci-51,1,6,2,real_independent_shadow_target_cross_release,matched_kmeans,release_3,random_forest,0.99,1200,600,32,0.15625,"official UCI ad.data; all 1,558 documented numeric fields retained; '?' is unknown and handled only by per-scope median imputation",0.5577861111111111,0.57180028141817,0.03166666666666667,
uci-51,uci-51_labeled_train_validation,uci-51,1,6,3,real_independent_shadow_target_cross_release,granular_ball,release_3,logistic,0.99,1200,600,35,0.3142857142857143,"official UCI ad.data; all 1,558 documented numeric fields retained; '?' is unknown and handled only by per-scope median imputation",0.5687277777777777,0.5771290790629147,0.028333333333333332,
uci-51,uci-51_labeled_train_validation,uci-51,1,6,3,real_independent_shadow_target_cross_release,granular_ball,release_3,random_forest,0.99,1200,600,35,0.3142857142857143,"official UCI ad.data; all 1,558 documented numeric fields retained; '?' is unknown and handled only by per-scope median imputation",0.5319097222222222,0.5518402942168978,0.05333333333333334,
uci-51,uci-51_labeled_train_validation,uci-51,1,6,3,real_independent_shadow_target_cross_release,matched_kmeans,release_3,logistic,0.99,1200,600,35,0.22857142857142856,"official UCI ad.data; all 1,558 documented numeric fields retained; '?' is unknown and handled only by per-scope median imputation",0.5588930555555556,0.5611979997461355,0.021666666666666667,
uci-51,uci-51_labeled_train_validation,uci-51,1,6,3,real_independent_shadow_target_cross_release,matched_kmeans,release_3,random_forest,0.99,1200,600,35,0.22857142857142856,"official UCI ad.data; all 1,558 documented numeric fields retained; '?' is unknown and handled only by per-scope median imputation",0.5635430555555556,0.5701863517827472,0.03833333333333333,
uci-51,uci-51_labeled_train_validation,uci-51,1,6,4,real_independent_shadow_target_cross_release,granular_ball,release_3,logistic,0.99,1200,600,32,0.3125,"official UCI ad.data; all 1,558 documented numeric fields retained; '?' is unknown and handled only by per-scope median imputation",0.5680069444444444,0.5618754197939548,0.02666666666666667,
uci-51,uci-51_labeled_train_validation,uci-51,1,6,4,real_independent_shadow_target_cross_release,granular_ball,release_3,random_forest,0.99,1200,600,32,0.3125,"official UCI ad.data; all 1,558 documented numeric fields retained; '?' is unknown and handled only by per-scope median imputation",0.5880972222222223,0.5906793796289161,0.04,
uci-51,uci-51_labeled_train_validation,uci-51,1,6,4,real_independent_shadow_target_cross_release,matched_kmeans,release_3,logistic,0.99,1200,600,32,0.28125,"official UCI ad.data; all 1,558 documented numeric fields retained; '?' is unknown and handled only by per-scope median imputation",0.5622458333333333,0.561620167975248,0.015,
uci-51,uci-51_labeled_train_validation,uci-51,1,6,4,real_independent_shadow_target_cross_release,matched_kmeans,release_3,random_forest,0.99,1200,600,32,0.28125,"official UCI ad.data; all 1,558 documented numeric fields retained; '?' is unknown and handled only by per-scope median imputation",0.5873180555555555,0.5840532822761744,0.016666666666666666,
uci-51,uci-51_labeled_train_validation,uci-51,7,6,0,real_independent_shadow_target_cross_release,granular_ball,release_1,logistic,0.9,1200,600,33,0.18181818181818182,"official UCI ad.data; all 1,558 documented numeric fields retained; '?' is unknown and handled only by per-scope median imputation",0.5467222222222222,0.548687203266211,0.01,
uci-51,uci-51_labeled_train_validation,uci-51,7,6,0,real_independent_shadow_target_cross_release,granular_ball,release_1,random_forest,0.9,1200,600,33,0.18181818181818182,"official UCI ad.data; all 1,558 documented numeric fields retained; '?' is unknown and handled only by per-scope median imputation",0.5322430555555556,0.5350425912895636,0.02,
uci-51,uci-51_labeled_train_validation,uci-51,7,6,0,real_independent_shadow_target_cross_release,matched_kmeans,release_1,logistic,0.9,1200,600,33,0.18181818181818182,"official UCI ad.data; all 1,558 documented numeric fields retained; '?' is unknown and handled only by per-scope median imputation",0.55205,0.5506493111024545,0.006666666666666667,
uci-51,uci-51_labeled_train_validation,uci-51,7,6,0,real_independent_shadow_target_cross_release,matched_kmeans,release_1,random_forest,0.9,1200,600,33,0.18181818181818182,"official UCI ad.data; all 1,558 documented numeric fields retained; '?' is unknown and handled only by per-scope median imputation",0.5293583333333334,0.5490122882879371,0.03333333333333333,
uci-51,uci-51_labeled_train_validation,uci-51,7,6,1,real_independent_shadow_target_cross_release,granular_ball,release_1,logistic,0.9,1200,600,21,0.47619047619047616,"official UCI ad.data; all 1,558 documented numeric fields retained; '?' is unknown and handled only by per-scope median imputation",0.5148861111111112,0.5267391656127822,0.025,
uci-51,uci-51_labeled_train_validation,uci-51,7,6,1,real_independent_shadow_target_cross_release,granular_ball,release_1,random_forest,0.9,1200,600,21,0.47619047619047616,"official UCI ad.data; all 1,558 documented numeric fields retained; '?' is unknown and handled only by per-scope median imputation",0.4995847222222223,0.5237778386682909,0.03,
uci-51,uci-51_labeled_train_validation,uci-51,7,6,1,real_independent_shadow_target_cross_release,matched_kmeans,release_1,logistic,0.9,1200,600,21,0.2857142857142857,"official UCI ad.data; all 1,558 documented numeric fields retained; '?' is unknown and handled only by per-scope median imputation",0.5391527777777778,0.551300938518496,0.018333333333333333,
uci-51,uci-51_labeled_train_validation,uci-51,7,6,1,real_independent_shadow_target_cross_release,matched_kmeans,release_1,random_forest,0.9,1200,600,21,0.2857142857142857,"official UCI ad.data; all 1,558 documented numeric fields retained; '?' is unknown and handled only by per-scope median imputation",0.5159819444444445,0.5270832029998793,0.018333333333333333,
uci-51,uci-51_labeled_train_validation,uci-51,7,6,2,real_independent_shadow_target_cross_release,granular_ball,release_1,logistic,0.9,1200,600,31,0.1935483870967742,"official UCI ad.data; all 1,558 documented numeric fields retained; '?' is unknown and handled only by per-scope median imputation",0.5649888888888889,0.5822676488297318,0.058333333333333334,
uci-51,uci-51_labeled_train_validation,uci-51,7,6,2,real_independent_shadow_target_cross_release,granular_ball,release_1,random_forest,0.9,1200,600,31,0.1935483870967742,"official UCI ad.data; all 1,558 documented numeric fields retained; '?' is unknown and handled only by per-scope median imputation",0.5340111111111111,0.5489914862449886,0.03833333333333333,
uci-51,uci-51_labeled_train_validation,uci-51,7,6,2,real_independent_shadow_target_cross_release,matched_kmeans,release_1,logistic,0.9,1200,600,31,0.1935483870967742,"official UCI ad.data; all 1,558 documented numeric fields retained; '?' is unknown and handled only by per-scope median imputation",0.5727777777777777,0.5765655635905509,0.016666666666666666,
uci-51,uci-51_labeled_train_validation,uci-51,7,6,2,real_independent_shadow_target_cross_release,matched_kmeans,release_1,random_forest,0.9,1200,600,31,0.1935483870967742,"official UCI ad.data; all 1,558 documented numeric fields retained; '?' is unknown and handled only by per-scope median imputation",0.5429972222222222,0.5480588830189705,0.03,
uci-51,uci-51_labeled_train_validation,uci-51,7,6,3,real_independent_shadow_target_cross_release,granular_ball,release_1,logistic,0.9,1200,600,19,0.21052631578947367,"official UCI ad.data; all 1,558 documented numeric fields retained; '?' is unknown and handled only by per-scope median imputation",0.527075,0.5288208597668986,0.018333333333333333,
uci-51,uci-51_labeled_train_validation,uci-51,7,6,3,real_independent_shadow_target_cross_release,granular_ball,release_1,random_forest,0.9,1200,600,19,0.21052631578947367,"official UCI ad.data; all 1,558 documented numeric fields retained; '?' is unknown and handled only by per-scope median imputation",0.5429833333333333,0.5419591233641994,0.021666666666666667,
uci-51,uci-51_labeled_train_validation,uci-51,7,6,3,real_independent_shadow_target_cross_release,matched_kmeans,release_1,logistic,0.9,1200,600,19,0.21052631578947367,"official UCI ad.data; all 1,558 documented numeric fields retained; '?' is unknown and handled only by per-scope median imputation",0.5278027777777778,0.5379145803198611,0.011666666666666667,
uci-51,uci-51_labeled_train_validation,uci-51,7,6,3,real_independent_shadow_target_cross_release,matched_kmeans,release_1,random_forest,0.9,1200,600,19,0.21052631578947367,"official UCI ad.data; all 1,558 documented numeric fields retained; '?' is unknown and handled only by per-scope median imputation",0.5552458333333333,0.5495908234063435,0.025,
uci-51,uci-51_labeled_train_validation,uci-51,7,6,4,real_independent_shadow_target_cross_release,granular_ball,release_1,logistic,0.9,1200,600,33,0.24242424242424243,"official UCI ad.data; all 1,558 documented numeric fields retained; '?' is unknown and handled only by per-scope median imputation",0.5458472222222222,0.5774724985019897,0.045,
uci-51,uci-51_labeled_train_validation,uci-51,7,6,4,real_independent_shadow_target_cross_release,granular_ball,release_1,random_forest,0.9,1200,600,33,0.24242424242424243,"official UCI ad.data; all 1,558 documented numeric fields retained; '?' is unknown and handled only by per-scope median imputation",0.5143194444444444,0.5383834314406835,0.03333333333333333,
uci-51,uci-51_labeled_train_validation,uci-51,7,6,4,real_independent_shadow_target_cross_release,matched_kmeans,release_1,logistic,0.9,1200,600,33,0.24242424242424243,"official UCI ad.data; all 1,558 documented numeric fields retained; '?' is unknown and handled only by per-scope median imputation",0.5427277777777778,0.5751904605862437,0.03333333333333333,
uci-51,uci-51_labeled_train_validation,uci-51,7,6,4,real_independent_shadow_target_cross_release,matched_kmeans,release_1,random_forest,0.9,1200,600,33,0.24242424242424243,"official UCI ad.data; all 1,558 documented numeric fields retained; '?' is unknown and handled only by per-scope median imputation",0.5487763888888889,0.5503760984161266,0.041666666666666664,
uci-51,uci-51_labeled_train_validation,uci-51,7,6,0,real_independent_shadow_target_cross_release,granular_ball,release_2,logistic,0.9,1200,600,33,0.18181818181818182,"official UCI ad.data; all 1,558 documented numeric fields retained; '?' is unknown and handled only by per-scope median imputation",0.5556388888888889,0.5553472751108306,0.01,
uci-51,uci-51_labeled_train_validation,uci-51,7,6,0,real_independent_shadow_target_cross_release,granular_ball,release_2,random_forest,0.9,1200,600,33,0.18181818181818182,"official UCI ad.data; all 1,558 documented numeric fields retained; '?' is unknown and handled only by per-scope median imputation",0.5589555555555555,0.5679321251019411,0.028333333333333332,
uci-51,uci-51_labeled_train_validation,uci-51,7,6,0,real_independent_shadow_target_cross_release,matched_kmeans,release_2,logistic,0.9,1200,600,33,0.18181818181818182,"official UCI ad.data; all 1,558 documented numeric fields retained; '?' is unknown and handled only by per-scope median imputation",0.558425,0.5594453624527086,0.013333333333333334,
uci-51,uci-51_labeled_train_validation,uci-51,7,6,0,real_independent_shadow_target_cross_release,matched_kmeans,release_2,random_forest,0.9,1200,600,33,0.18181818181818182,"official UCI ad.data; all 1,558 documented numeric fields retained; '?' is unknown and handled only by per-scope median imputation",0.5585763888888888,0.5671774182849509,0.04,
uci-51,uci-51_labeled_train_validation,uci-51,7,6,1,real_independent_shadow_target_cross_release,granular_ball,release_2,logistic,0.9,1200,600,21,0.47619047619047616,"official UCI ad.data; all 1,558 documented numeric fields retained; '?' is unknown and handled only by per-scope median imputation",0.5070555555555556,0.5230383837726877,0.03,
uci-51,uci-51_labeled_train_validation,uci-51,7,6,1,real_independent_shadow_target_cross_release,granular_ball,release_2,random_forest,0.9,1200,600,21,0.47619047619047616,"official UCI ad.data; all 1,558 documented numeric fields retained; '?' is unknown and handled only by per-scope median imputation",0.5236166666666667,0.537284738791155,0.03333333333333333,
uci-51,uci-51_labeled_train_validation,uci-51,7,6,1,real_independent_shadow_target_cross_release,matched_kmeans,release_2,logistic,0.9,1200,600,21,0.2857142857142857,"official UCI ad.data; all 1,558 documented numeric fields retained; '?' is unknown and handled only by per-scope median imputation",0.5403083333333334,0.5534049899257527,0.021666666666666667,
uci-51,uci-51_labeled_train_validation,uci-51,7,6,1,real_independent_shadow_target_cross_release,matched_kmeans,release_2,random_forest,0.9,1200,600,21,0.2857142857142857,"official UCI ad.data; all 1,558 documented numeric fields retained; '?' is unknown and handled only by per-scope median imputation",0.5089874999999999,0.5292690499858282,0.04,
uci-51,uci-51_labeled_train_validation,uci-51,7,6,2,real_independent_shadow_target_cross_release,granular_ball,release_2,logistic,0.9,1200,600,31,0.1935483870967742,"official UCI ad.data; all 1,558 documented numeric fields retained; '?' is unknown and handled only by per-scope median imputation",0.5561777777777778,0.5795613091632708,0.065,
uci-51,uci-51_labeled_train_validation,uci-51,7,6,2,real_independent_shadow_target_cross_release,granular_ball,release_2,random_forest,0.9,1200,600,31,0.1935483870967742,"official UCI ad.data; all 1,558 documented numeric fields retained; '?' is unknown and handled only by per-scope median imputation",0.5795694444444445,0.5896834583001875,0.04833333333333333,
uci-51,uci-51_labeled_train_validation,uci-51,7,6,2,real_independent_shadow_target_cross_release,matched_kmeans,release_2,logistic,0.9,1200,600,31,0.1935483870967742,"official UCI ad.data; all 1,558 documented numeric fields retained; '?' is unknown and handled only by per-scope median imputation",0.5786166666666667,0.5831958472944441,0.02,
uci-51,uci-51_labeled_train_validation,uci-51,7,6,2,real_independent_shadow_target_cross_release,matched_kmeans,release_2,random_forest,0.9,1200,600,31,0.1935483870967742,"official UCI ad.data; all 1,558 documented numeric fields retained; '?' is unknown and handled only by per-scope median imputation",0.5547986111111112,0.5685740725053574,0.03833333333333333,
uci-51,uci-51_labeled_train_validation,uci-51,7,6,3,real_independent_shadow_target_cross_release,granular_ball,release_2,logistic,0.9,1200,600,19,0.21052631578947367,"official UCI ad.data; all 1,558 documented numeric fields retained; '?' is unknown and handled only by per-scope median imputation",0.5382777777777777,0.5403525085956091,0.02,
uci-51,uci-51_labeled_train_validation,uci-51,7,6,3,real_independent_shadow_target_cross_release,granular_ball,release_2,random_forest,0.9,1200,600,19,0.21052631578947367,"official UCI ad.data; all 1,558 documented numeric fields retained; '?' is unknown and handled only by per-scope median imputation",0.5495833333333333,0.5492204441392238,0.02,
uci-51,uci-51_labeled_train_validation,uci-51,7,6,3,real_independent_shadow_target_cross_release,matched_kmeans,release_2,logistic,0.9,1200,600,19,0.21052631578947367,"official UCI ad.data; all 1,558 documented numeric fields retained; '?' is unknown and handled only by per-scope median imputation",0.5285,0.5368796707332126,0.02,
uci-51,uci-51_labeled_train_validation,uci-51,7,6,3,real_independent_shadow_target_cross_release,matched_kmeans,release_2,random_forest,0.9,1200,600,19,0.21052631578947367,"official UCI ad.data; all 1,558 documented numeric fields retained; '?' is unknown and handled only by per-scope median imputation",0.5417694444444444,0.5520936889863644,0.03833333333333333,
uci-51,uci-51_labeled_train_validation,uci-51,7,6,4,real_independent_shadow_target_cross_release,granular_ball,release_2,logistic,0.9,1200,600,33,0.24242424242424243,"official UCI ad.data; all 1,558 documented numeric fields retained; '?' is unknown and handled only by per-scope median imputation",0.5713166666666667,0.5945179416185288,0.04833333333333333,
uci-51,uci-51_labeled_train_validation,uci-51,7,6,4,real_independent_shadow_target_cross_release,granular_ball,release_2,random_forest,0.9,1200,600,33,0.24242424242424243,"official UCI ad.data; all 1,558 documented numeric fields retained; '?' is unknown and handled only by per-scope median imputation",0.5668194444444445,0.5812359790167398,0.04666666666666667,
uci-51,uci-51_labeled_train_validation,uci-51,7,6,4,real_independent_shadow_target_cross_release,matched_kmeans,release_2,logistic,0.9,1200,600,33,0.24242424242424243,"official UCI ad.data; all 1,558 documented numeric fields retained; '?' is unknown and handled only by per-scope median imputation",0.5452694444444445,0.5720769786622315,0.028333333333333332,
uci-51,uci-51_labeled_train_validation,uci-51,7,6,4,real_independent_shadow_target_cross_release,matched_kmeans,release_2,random_forest,0.9,1200,600,33,0.24242424242424243,"official UCI ad.data; all 1,558 documented numeric fields retained; '?' is unknown and handled only by per-scope median imputation",0.5680805555555556,0.571299022895978,0.04,
uci-51,uci-51_labeled_train_validation,uci-51,7,6,0,real_independent_shadow_target_cross_release,granular_ball,release_3,logistic,0.9,1200,600,33,0.18181818181818182,"official UCI ad.data; all 1,558 documented numeric fields retained; '?' is unknown and handled only by per-scope median imputation",0.5558749999999999,0.5605387383920878,0.023333333333333334,
uci-51,uci-51_labeled_train_validation,uci-51,7,6,0,real_independent_shadow_target_cross_release,granular_ball,release_3,random_forest,0.9,1200,600,33,0.18181818181818182,"official UCI ad.data; all 1,558 documented numeric fields retained; '?' is unknown and handled only by per-scope median imputation",0.5833555555555556,0.5845678243340076,0.035,
uci-51,uci-51_labeled_train_validation,uci-51,7,6,0,real_independent_shadow_target_cross_release,matched_kmeans,release_3,logistic,0.9,1200,600,33,0.18181818181818182,"official UCI ad.data; all 1,558 documented numeric fields retained; '?' is unknown and handled only by per-scope median imputation",0.557625,0.5608427311443043,0.015,
uci-51,uci-51_labeled_train_validation,uci-51,7,6,0,real_independent_shadow_target_cross_release,matched_kmeans,release_3,random_forest,0.9,1200,600,33,0.18181818181818182,"official UCI ad.data; all 1,558 documented numeric fields retained; '?' is unknown and handled only by per-scope median imputation",0.5738263888888889,0.5806226670296828,0.041666666666666664,
uci-51,uci-51_labeled_train_validation,uci-51,7,6,1,real_independent_shadow_target_cross_release,granular_ball,release_3,logistic,0.9,1200,600,21,0.47619047619047616,"official UCI ad.data; all 1,558 documented numeric fields retained; '?' is unknown and handled only by per-scope median imputation",0.5097527777777777,0.5270906632147982,0.03,
uci-51,uci-51_labeled_train_validation,uci-51,7,6,1,real_independent_shadow_target_cross_release,granular_ball,release_3,random_forest,0.9,1200,600,21,0.47619047619047616,"official UCI ad.data; all 1,558 documented numeric fields retained; '?' is unknown and handled only by per-scope median imputation",0.5188861111111112,0.5370956109732739,0.03,
uci-51,uci-51_labeled_train_validation,uci-51,7,6,1,real_independent_shadow_target_cross_release,matched_kmeans,release_3,logistic,0.9,1200,600,21,0.2857142857142857,"official UCI ad.data; all 1,558 documented numeric fields retained; '?' is unknown and handled only by per-scope median imputation",0.5396944444444445,0.5485228153340196,0.016666666666666666,
uci-51,uci-51_labeled_train_validation,uci-51,7,6,1,real_independent_shadow_target_cross_release,matched_kmeans,release_3,random_forest,0.9,1200,600,21,0.2857142857142857,"official UCI ad.data; all 1,558 documented numeric fields retained; '?' is unknown and handled only by per-scope median imputation",0.5086916666666667,0.539227633100708,0.04833333333333333,
uci-51,uci-51_labeled_train_validation,uci-51,7,6,2,real_independent_shadow_target_cross_release,granular_ball,release_3,logistic,0.9,1200,600,31,0.1935483870967742,"official UCI ad.data; all 1,558 documented numeric fields retained; '?' is unknown and handled only by per-scope median imputation",0.5474277777777778,0.5735287352574815,0.06,
uci-51,uci-51_labeled_train_validation,uci-51,7,6,2,real_independent_shadow_target_cross_release,granular_ball,release_3,random_forest,0.9,1200,600,31,0.1935483870967742,"official UCI ad.data; all 1,558 documented numeric fields retained; '?' is unknown and handled only by per-scope median imputation",0.5920041666666667,0.5996966877834793,0.051666666666666666,
uci-51,uci-51_labeled_train_validation,uci-51,7,6,2,real_independent_shadow_target_cross_release,matched_kmeans,release_3,logistic,0.9,1200,600,31,0.1935483870967742,"official UCI ad.data; all 1,558 documented numeric fields retained; '?' is unknown and handled only by per-scope median imputation",0.5769166666666666,0.5829062965383968,0.015,
uci-51,uci-51_labeled_train_validation,uci-51,7,6,2,real_independent_shadow_target_cross_release,matched_kmeans,release_3,random_forest,0.9,1200,600,31,0.1935483870967742,"official UCI ad.data; all 1,558 documented numeric fields retained; '?' is unknown and handled only by per-scope median imputation",0.5355944444444445,0.5628381782460221,0.03166666666666667,
uci-51,uci-51_labeled_train_validation,uci-51,7,6,3,real_independent_shadow_target_cross_release,granular_ball,release_3,logistic,0.9,1200,600,19,0.21052631578947367,"official UCI ad.data; all 1,558 documented numeric fields retained; '?' is unknown and handled only by per-scope median imputation",0.5405805555555556,0.5464987630729571,0.02,
uci-51,uci-51_labeled_train_validation,uci-51,7,6,3,real_independent_shadow_target_cross_release,granular_ball,release_3,random_forest,0.9,1200,600,19,0.21052631578947367,"official UCI ad.data; all 1,558 documented numeric fields retained; '?' is unknown and handled only by per-scope median imputation",0.5712930555555555,0.5759109267921579,0.03666666666666667,
uci-51,uci-51_labeled_train_validation,uci-51,7,6,3,real_independent_shadow_target_cross_release,matched_kmeans,release_3,logistic,0.9,1200,600,19,0.21052631578947367,"official UCI ad.data; all 1,558 documented numeric fields retained; '?' is unknown and handled only by per-scope median imputation",0.5244694444444444,0.5284452298225479,0.011666666666666667,
uci-51,uci-51_labeled_train_validation,uci-51,7,6,3,real_independent_shadow_target_cross_release,matched_kmeans,release_3,random_forest,0.9,1200,600,19,0.21052631578947367,"official UCI ad.data; all 1,558 documented numeric fields retained; '?' is unknown and handled only by per-scope median imputation",0.5323458333333334,0.5275757907441924,0.028333333333333332,
uci-51,uci-51_labeled_train_validation,uci-51,7,6,4,real_independent_shadow_target_cross_release,granular_ball,release_3,logistic,0.9,1200,600,33,0.24242424242424243,"official UCI ad.data; all 1,558 documented numeric fields retained; '?' is unknown and handled only by per-scope median imputation",0.5607694444444444,0.5888169103970925,0.05333333333333334,
uci-51,uci-51_labeled_train_validation,uci-51,7,6,4,real_independent_shadow_target_cross_release,granular_ball,release_3,random_forest,0.9,1200,600,33,0.24242424242424243,"official UCI ad.data; all 1,558 documented numeric fields retained; '?' is unknown and handled only by per-scope median imputation",0.5977097222222222,0.6137512762052585,0.075,
uci-51,uci-51_labeled_train_validation,uci-51,7,6,4,real_independent_shadow_target_cross_release,matched_kmeans,release_3,logistic,0.9,1200,600,33,0.24242424242424243,"official UCI ad.data; all 1,558 documented numeric fields retained; '?' is unknown and handled only by per-scope median imputation",0.5411861111111111,0.5671929905813822,0.03,
uci-51,uci-51_labeled_train_validation,uci-51,7,6,4,real_independent_shadow_target_cross_release,matched_kmeans,release_3,random_forest,0.9,1200,600,33,0.24242424242424243,"official UCI ad.data; all 1,558 documented numeric fields retained; '?' is unknown and handled only by per-scope median imputation",0.5821333333333333,0.5928860536884253,0.04833333333333333,
uci-51,uci-51_labeled_train_validation,uci-51,7,6,0,real_independent_shadow_target_cross_release,granular_ball,release_1,logistic,0.95,1200,600,34,0.20588235294117646,"official UCI ad.data; all 1,558 documented numeric fields retained; '?' is unknown and handled only by per-scope median imputation",0.550661111111111,0.551053522343987,0.011666666666666667,
uci-51,uci-51_labeled_train_validation,uci-51,7,6,0,real_independent_shadow_target_cross_release,granular_ball,release_1,random_forest,0.95,1200,600,34,0.20588235294117646,"official UCI ad.data; all 1,558 documented numeric fields retained; '?' is unknown and handled only by per-scope median imputation",0.5455013888888889,0.5469788475937902,0.016666666666666666,
uci-51,uci-51_labeled_train_validation,uci-51,7,6,0,real_independent_shadow_target_cross_release,matched_kmeans,release_1,logistic,0.95,1200,600,34,0.20588235294117646,"official UCI ad.data; all 1,558 documented numeric fields retained; '?' is unknown and handled only by per-scope median imputation",0.5509944444444445,0.55073287645241,0.01,
uci-51,uci-51_labeled_train_validation,uci-51,7,6,0,real_independent_shadow_target_cross_release,matched_kmeans,release_1,random_forest,0.95,1200,600,34,0.20588235294117646,"official UCI ad.data; all 1,558 documented numeric fields retained; '?' is unknown and handled only by per-scope median imputation",0.5360694444444445,0.5489472099204642,0.03,
uci-51,uci-51_labeled_train_validation,uci-51,7,6,1,real_independent_shadow_target_cross_release,granular_ball,release_1,logistic,0.95,1200,600,39,0.4358974358974359,"official UCI ad.data; all 1,558 documented numeric fields retained; '?' is unknown and handled only by per-scope median imputation",0.5605388888888889,0.570148287461655,0.02,
uci-51,uci-51_labeled_train_validation,uci-51,7,6,1,real_independent_shadow_target_cross_release,granular_ball,release_1,random_forest,0.95,1200,600,39,0.4358974358974359,"official UCI ad.data; all 1,558 documented numeric fields retained; '?' is unknown and handled only by per-scope median imputation",0.5514402777777778,0.5843337080717923,0.06,
uci-51,uci-51_labeled_train_validation,uci-51,7,6,1,real_independent_shadow_target_cross_release,matched_kmeans,release_1,logistic,0.95,1200,600,39,0.41025641025641024,"official UCI ad.data; all 1,558 documented numeric fields retained; '?' is unknown and handled only by per-scope median imputation",0.5520666666666667,0.5567188445315647,0.013333333333333334,
uci-51,uci-51_labeled_train_validation,uci-51,7,6,1,real_independent_shadow_target_cross_release,matched_kmeans,release_1,random_forest,0.95,1200,600,39,0.41025641025641024,"official UCI ad.data; all 1,558 documented numeric fields retained; '?' is unknown and handled only by per-scope median imputation",0.5313930555555556,0.5491141012159083,0.03833333333333333,
uci-51,uci-51_labeled_train_validation,uci-51,7,6,2,real_independent_shadow_target_cross_release,granular_ball,release_1,logistic,0.95,1200,600,32,0.21875,"official UCI ad.data; all 1,558 documented numeric fields retained; '?' is unknown and handled only by per-scope median imputation",0.5625152777777778,0.5807978336658914,0.058333333333333334,
uci-51,uci-51_labeled_train_validation,uci-51,7,6,2,real_independent_shadow_target_cross_release,granular_ball,release_1,random_forest,0.95,1200,600,32,0.21875,"official UCI ad.data; all 1,558 documented numeric fields retained; '?' is unknown and handled only by per-scope median imputation",0.5333319444444444,0.5649775370814991,0.04833333333333333,
uci-51,uci-51_labeled_train_validation,uci-51,7,6,2,real_independent_shadow_target_cross_release,matched_kmeans,release_1,logistic,0.95,1200,600,32,0.1875,"official UCI ad.data; all 1,558 documented numeric fields retained; '?' is unknown and handled only by per-scope median imputation",0.5792027777777777,0.5821705092761338,0.016666666666666666,
uci-51,uci-51_labeled_train_validation,uci-51,7,6,2,real_independent_shadow_target_cross_release,matched_kmeans,release_1,random_forest,0.95,1200,600,32,0.1875,"official UCI ad.data; all 1,558 documented numeric fields retained; '?' is unknown and handled only by per-scope median imputation",0.5483444444444445,0.5556709744658166,0.041666666666666664,
uci-51,uci-51_labeled_train_validation,uci-51,7,6,3,real_independent_shadow_target_cross_release,granular_ball,release_1,logistic,0.95,1200,600,34,0.2647058823529412,"official UCI ad.data; all 1,558 documented numeric fields retained; '?' is unknown and handled only by per-scope median imputation",0.5509,0.554404763374883,0.021666666666666667,
uci-51,uci-51_labeled_train_validation,uci-51,7,6,3,real_independent_shadow_target_cross_release,granular_ball,release_1,random_forest,0.95,1200,600,34,0.2647058823529412,"official UCI ad.data; all 1,558 documented numeric fields retained; '?' is unknown and handled only by per-scope median imputation",0.5291513888888889,0.5416882940171235,0.021666666666666667,
uci-51,uci-51_labeled_train_validation,uci-51,7,6,3,real_independent_shadow_target_cross_release,matched_kmeans,release_1,logistic,0.95,1200,600,34,0.17647058823529413,"official UCI ad.data; all 1,558 documented numeric fields retained; '?' is unknown and handled only by per-scope median imputation",0.5673819444444445,0.5645072144765234,0.013333333333333334,
uci-51,uci-51_labeled_train_validation,uci-51,7,6,3,real_independent_shadow_target_cross_release,matched_kmeans,release_1,random_forest,0.95,1200,600,34,0.17647058823529413,"official UCI ad.data; all 1,558 documented numeric fields retained; '?' is unknown and handled only by per-scope median imputation",0.5844472222222222,0.5770606040402413,0.028333333333333332,
uci-51,uci-51_labeled_train_validation,uci-51,7,6,4,real_independent_shadow_target_cross_release,granular_ball,release_1,logistic,0.95,1200,600,33,0.24242424242424243,"official UCI ad.data; all 1,558 documented numeric fields retained; '?' is unknown and handled only by per-scope median imputation",0.5447166666666667,0.5775855233387696,0.045,
uci-51,uci-51_labeled_train_validation,uci-51,7,6,4,real_independent_shadow_target_cross_release,granular_ball,release_1,random_forest,0.95,1200,600,33,0.24242424242424243,"official UCI ad.data; all 1,558 documented numeric fields retained; '?' is unknown and handled only by per-scope median imputation",0.5174972222222223,0.5391435970523858,0.03666666666666667,
uci-51,uci-51_labeled_train_validation,uci-51,7,6,4,real_independent_shadow_target_cross_release,matched_kmeans,release_1,logistic,0.95,1200,600,33,0.24242424242424243,"official UCI ad.data; all 1,558 documented numeric fields retained; '?' is unknown and handled only by per-scope median imputation",0.5440027777777778,0.5748719626815029,0.03166666666666667,
uci-51,uci-51_labeled_train_validation,uci-51,7,6,4,real_independent_shadow_target_cross_release,matched_kmeans,release_1,random_forest,0.95,1200,600,33,0.24242424242424243,"official UCI ad.data; all 1,558 documented numeric fields retained; '?' is unknown and handled only by per-scope median imputation",0.5401583333333333,0.5462684251648672,0.025,
uci-51,uci-51_labeled_train_validation,uci-51,7,6,0,real_independent_shadow_target_cross_release,granular_ball,release_2,logistic,0.95,1200,600,34,0.20588235294117646,"official UCI ad.data; all 1,558 documented numeric fields retained; '?' is unknown and handled only by per-scope median imputation",0.5583638888888889,0.5577710220618602,0.013333333333333334,
uci-51,uci-51_labeled_train_validation,uci-51,7,6,0,real_independent_shadow_target_cross_release,granular_ball,release_2,random_forest,0.95,1200,600,34,0.20588235294117646,"official UCI ad.data; all 1,558 documented numeric fields retained; '?' is unknown and handled only by per-scope median imputation",0.5671263888888889,0.5744858691636413,0.03166666666666667,
uci-51,uci-51_labeled_train_validation,uci-51,7,6,0,real_independent_shadow_target_cross_release,matched_kmeans,release_2,logistic,0.95,1200,600,34,0.20588235294117646,"official UCI ad.data; all 1,558 documented numeric fields retained; '?' is unknown and handled only by per-scope median imputation",0.5558583333333333,0.5569719997969749,0.01,
uci-51,uci-51_labeled_train_validation,uci-51,7,6,0,real_independent_shadow_target_cross_release,matched_kmeans,release_2,random_forest,0.95,1200,600,34,0.20588235294117646,"official UCI ad.data; all 1,558 documented numeric fields retained; '?' is unknown and handled only by per-scope median imputation",0.5636680555555555,0.5843367904891452,0.043333333333333335,
uci-51,uci-51_labeled_train_validation,uci-51,7,6,1,real_independent_shadow_target_cross_release,granular_ball,release_2,logistic,0.95,1200,600,39,0.4358974358974359,"official UCI ad.data; all 1,558 documented numeric fields retained; '?' is unknown and handled only by per-scope median imputation",0.5706833333333334,0.5818783046466989,0.021666666666666667,
uci-51,uci-51_labeled_train_validation,uci-51,7,6,1,real_independent_shadow_target_cross_release,granular_ball,release_2,random_forest,0.95,1200,600,39,0.4358974358974359,"official UCI ad.data; all 1,558 documented numeric fields retained; '?' is unknown and handled only by per-scope median imputation",0.5732708333333334,0.6016363144036745,0.045,
uci-51,uci-51_labeled_train_validation,uci-51,7,6,1,real_independent_shadow_target_cross_release,matched_kmeans,release_2,logistic,0.95,1200,600,39,0.41025641025641024,"official UCI ad.data; all 1,558 documented numeric fields retained; '?' is unknown and handled only by per-scope median imputation",0.5578611111111111,0.5614963547823812,0.013333333333333334,
uci-51,uci-51_labeled_train_validation,uci-51,7,6,1,real_independent_shadow_target_cross_release,matched_kmeans,release_2,random_forest,0.95,1200,600,39,0.41025641025641024,"official UCI ad.data; all 1,558 documented numeric fields retained; '?' is unknown and handled only by per-scope median imputation",0.5546291666666667,0.5727920031852949,0.06166666666666667,
uci-51,uci-51_labeled_train_validation,uci-51,7,6,2,real_independent_shadow_target_cross_release,granular_ball,release_2,logistic,0.95,1200,600,32,0.21875,"official UCI ad.data; all 1,558 documented numeric fields retained; '?' is unknown and handled only by per-scope median imputation",0.5551194444444444,0.5787350067610322,0.065,
uci-51,uci-51_labeled_train_validation,uci-51,7,6,2,real_independent_shadow_target_cross_release,granular_ball,release_2,random_forest,0.95,1200,600,32,0.21875,"official UCI ad.data; all 1,558 documented numeric fields retained; '?' is unknown and handled only by per-scope median imputation",0.5818472222222222,0.5920112495217394,0.04833333333333333,
uci-51,uci-51_labeled_train_validation,uci-51,7,6,2,real_independent_shadow_target_cross_release,matched_kmeans,release_2,logistic,0.95,1200,600,32,0.1875,"official UCI ad.data; all 1,558 documented numeric fields retained; '?' is unknown and handled only by per-scope median imputation",0.5827777777777777,0.5853779167557854,0.016666666666666666,
uci-51,uci-51_labeled_train_validation,uci-51,7,6,2,real_independent_shadow_target_cross_release,matched_kmeans,release_2,random_forest,0.95,1200,600,32,0.1875,"official UCI ad.data; all 1,558 documented numeric fields retained; '?' is unknown and handled only by per-scope median imputation",0.5507833333333334,0.5736650791254101,0.035,
uci-51,uci-51_labeled_train_validation,uci-51,7,6,3,real_independent_shadow_target_cross_release,granular_ball,release_2,logistic,0.95,1200,600,34,0.2647058823529412,"official UCI ad.data; all 1,558 documented numeric fields retained; '?' is unknown and handled only by per-scope median imputation",0.562813888888889,0.5629044820629651,0.021666666666666667,
uci-51,uci-51_labeled_train_validation,uci-51,7,6,3,real_independent_shadow_target_cross_release,granular_ball,release_2,random_forest,0.95,1200,600,34,0.2647058823529412,"official UCI ad.data; all 1,558 documented numeric fields retained; '?' is unknown and handled only by per-scope median imputation",0.5659777777777777,0.5648258500813906,0.013333333333333334,
uci-51,uci-51_labeled_train_validation,uci-51,7,6,3,real_independent_shadow_target_cross_release,matched_kmeans,release_2,logistic,0.95,1200,600,34,0.17647058823529413,"official UCI ad.data; all 1,558 documented numeric fields retained; '?' is unknown and handled only by per-scope median imputation",0.5762319444444444,0.5732280460789756,0.02,
uci-51,uci-51_labeled_train_validation,uci-51,7,6,3,real_independent_shadow_target_cross_release,matched_kmeans,release_2,random_forest,0.95,1200,600,34,0.17647058823529413,"official UCI ad.data; all 1,558 documented numeric fields retained; '?' is unknown and handled only by per-scope median imputation",0.5992680555555555,0.5911740863176571,0.03666666666666667,
uci-51,uci-51_labeled_train_validation,uci-51,7,6,4,real_independent_shadow_target_cross_release,granular_ball,release_2,logistic,0.95,1200,600,33,0.24242424242424243,"official UCI ad.data; all 1,558 documented numeric fields retained; '?' is unknown and handled only by per-scope median imputation",0.5689444444444445,0.5940433694784734,0.043333333333333335,
uci-51,uci-51_labeled_train_validation,uci-51,7,6,4,real_independent_shadow_target_cross_release,granular_ball,release_2,random_forest,0.95,1200,600,33,0.24242424242424243,"official UCI ad.data; all 1,558 documented numeric fields retained; '?' is unknown and handled only by per-scope median imputation",0.5823111111111111,0.5945132091414573,0.06,
uci-51,uci-51_labeled_train_validation,uci-51,7,6,4,real_independent_shadow_target_cross_release,matched_kmeans,release_2,logistic,0.95,1200,600,33,0.24242424242424243,"official UCI ad.data; all 1,558 documented numeric fields retained; '?' is unknown and handled only by per-scope median imputation",0.5446527777777779,0.572454120524942,0.028333333333333332,
uci-51,uci-51_labeled_train_validation,uci-51,7,6,4,real_independent_shadow_target_cross_release,matched_kmeans,release_2,random_forest,0.95,1200,600,33,0.24242424242424243,"official UCI ad.data; all 1,558 documented numeric fields retained; '?' is unknown and handled only by per-scope median imputation",0.5486819444444444,0.5673178045229748,0.041666666666666664,
uci-51,uci-51_labeled_train_validation,uci-51,7,6,0,real_independent_shadow_target_cross_release,granular_ball,release_3,logistic,0.95,1200,600,34,0.20588235294117646,"official UCI ad.data; all 1,558 documented numeric fields retained; '?' is unknown and handled only by per-scope median imputation",0.5562888888888888,0.5613663445218591,0.025,
uci-51,uci-51_labeled_train_validation,uci-51,7,6,0,real_independent_shadow_target_cross_release,granular_ball,release_3,random_forest,0.95,1200,600,34,0.20588235294117646,"official UCI ad.data; all 1,558 documented numeric fields retained; '?' is unknown and handled only by per-scope median imputation",0.5758972222222223,0.5844611173761414,0.03333333333333333,
uci-51,uci-51_labeled_train_validation,uci-51,7,6,0,real_independent_shadow_target_cross_release,matched_kmeans,release_3,logistic,0.95,1200,600,34,0.20588235294117646,"official UCI ad.data; all 1,558 documented numeric fields retained; '?' is unknown and handled only by per-scope median imputation",0.556475,0.560655414188577,0.015,
uci-51,uci-51_labeled_train_validation,uci-51,7,6,0,real_independent_shadow_target_cross_release,matched_kmeans,release_3,random_forest,0.95,1200,600,34,0.20588235294117646,"official UCI ad.data; all 1,558 documented numeric fields retained; '?' is unknown and handled only by per-scope median imputation",0.5740666666666667,0.5838348050833079,0.043333333333333335,
uci-51,uci-51_labeled_train_validation,uci-51,7,6,1,real_independent_shadow_target_cross_release,granular_ball,release_3,logistic,0.95,1200,600,39,0.4358974358974359,"official UCI ad.data; all 1,558 documented numeric fields retained; '?' is unknown and handled only by per-scope median imputation",0.569463888888889,0.5811473085949619,0.023333333333333334,
uci-51,uci-51_labeled_train_validation,uci-51,7,6,1,real_independent_shadow_target_cross_release,granular_ball,release_3,random_forest,0.95,1200,600,39,0.4358974358974359,"official UCI ad.data; all 1,558 documented numeric fields retained; '?' is unknown and handled only by per-scope median imputation",0.5678097222222223,0.5988316853276245,0.04666666666666667,
uci-51,uci-51_labeled_train_validation,uci-51,7,6,1,real_independent_shadow_target_cross_release,matched_kmeans,release_3,logistic,0.95,1200,600,39,0.41025641025641024,"official UCI ad.data; all 1,558 documented numeric fields retained; '?' is unknown and handled only by per-scope median imputation",0.5554333333333333,0.5558584406966949,0.013333333333333334,
uci-51,uci-51_labeled_train_validation,uci-51,7,6,1,real_independent_shadow_target_cross_release,matched_kmeans,release_3,random_forest,0.95,1200,600,39,0.41025641025641024,"official UCI ad.data; all 1,558 documented numeric fields retained; '?' is unknown and handled only by per-scope median imputation",0.5626208333333333,0.5855958840083647,0.06,
uci-51,uci-51_labeled_train_validation,uci-51,7,6,2,real_independent_shadow_target_cross_release,granular_ball,release_3,logistic,0.95,1200,600,32,0.21875,"official UCI ad.data; all 1,558 documented numeric fields retained; '?' is unknown and handled only by per-scope median imputation",0.54715,0.571184349851018,0.035,
uci-51,uci-51_labeled_train_validation,uci-51,7,6,2,real_independent_shadow_target_cross_release,granular_ball,release_3,random_forest,0.95,1200,600,32,0.21875,"official UCI ad.data; all 1,558 documented numeric fields retained; '?' is unknown and handled only by per-scope median imputation",0.5941569444444446,0.6006686846676044,0.056666666666666664,
uci-51,uci-51_labeled_train_validation,uci-51,7,6,2,real_independent_shadow_target_cross_release,matched_kmeans,release_3,logistic,0.95,1200,600,32,0.1875,"official UCI ad.data; all 1,558 documented numeric fields retained; '?' is unknown and handled only by per-scope median imputation",0.5826555555555555,0.5883386739505196,0.013333333333333334,
uci-51,uci-51_labeled_train_validation,uci-51,7,6,2,real_independent_shadow_target_cross_release,matched_kmeans,release_3,random_forest,0.95,1200,600,32,0.1875,"official UCI ad.data; all 1,558 documented numeric fields retained; '?' is unknown and handled only by per-scope median imputation",0.5338625,0.5691113660238933,0.04666666666666667,
uci-51,uci-51_labeled_train_validation,uci-51,7,6,3,real_independent_shadow_target_cross_release,granular_ball,release_3,logistic,0.95,1200,600,34,0.2647058823529412,"official UCI ad.data; all 1,558 documented numeric fields retained; '?' is unknown and handled only by per-scope median imputation",0.5629416666666667,0.564808525785311,0.018333333333333333,
uci-51,uci-51_labeled_train_validation,uci-51,7,6,3,real_independent_shadow_target_cross_release,granular_ball,release_3,random_forest,0.95,1200,600,34,0.2647058823529412,"official UCI ad.data; all 1,558 documented numeric fields retained; '?' is unknown and handled only by per-scope median imputation",0.5976902777777778,0.5979759163052978,0.05,
uci-51,uci-51_labeled_train_validation,uci-51,7,6,3,real_independent_shadow_target_cross_release,matched_kmeans,release_3,logistic,0.95,1200,600,34,0.17647058823529413,"official UCI ad.data; all 1,558 documented numeric fields retained; '?' is unknown and handled only by per-scope median imputation",0.5746569444444445,0.5684009734014763,0.016666666666666666,
uci-51,uci-51_labeled_train_validation,uci-51,7,6,3,real_independent_shadow_target_cross_release,matched_kmeans,release_3,random_forest,0.95,1200,600,34,0.17647058823529413,"official UCI ad.data; all 1,558 documented numeric fields retained; '?' is unknown and handled only by per-scope median imputation",0.597125,0.5925817332275829,0.03833333333333333,
uci-51,uci-51_labeled_train_validation,uci-51,7,6,4,real_independent_shadow_target_cross_release,granular_ball,release_3,logistic,0.95,1200,600,33,0.24242424242424243,"official UCI ad.data; all 1,558 documented numeric fields retained; '?' is unknown and handled only by per-scope median imputation",0.5619194444444444,0.5906166640068455,0.05333333333333334,
uci-51,uci-51_labeled_train_validation,uci-51,7,6,4,real_independent_shadow_target_cross_release,granular_ball,release_3,random_forest,0.95,1200,600,33,0.24242424242424243,"official UCI ad.data; all 1,558 documented numeric fields retained; '?' is unknown and handled only by per-scope median imputation",0.6077041666666667,0.6263372431198293,0.07166666666666667,
uci-51,uci-51_labeled_train_validation,uci-51,7,6,4,real_independent_shadow_target_cross_release,matched_kmeans,release_3,logistic,0.95,1200,600,33,0.24242424242424243,"official UCI ad.data; all 1,558 documented numeric fields retained; '?' is unknown and handled only by per-scope median imputation",0.5428861111111111,0.5692133062642846,0.028333333333333332,
uci-51,uci-51_labeled_train_validation,uci-51,7,6,4,real_independent_shadow_target_cross_release,matched_kmeans,release_3,random_forest,0.95,1200,600,33,0.24242424242424243,"official UCI ad.data; all 1,558 documented numeric fields retained; '?' is unknown and handled only by per-scope median imputation",0.57385,0.5889158871659337,0.045,
uci-51,uci-51_labeled_train_validation,uci-51,7,6,0,real_independent_shadow_target_cross_release,granular_ball,release_1,logistic,0.99,1200,600,34,0.20588235294117646,"official UCI ad.data; all 1,558 documented numeric fields retained; '?' is unknown and handled only by per-scope median imputation",0.550661111111111,0.551053522343987,0.011666666666666667,
uci-51,uci-51_labeled_train_validation,uci-51,7,6,0,real_independent_shadow_target_cross_release,granular_ball,release_1,random_forest,0.99,1200,600,34,0.20588235294117646,"official UCI ad.data; all 1,558 documented numeric fields retained; '?' is unknown and handled only by per-scope median imputation",0.5455013888888889,0.5469788475937902,0.016666666666666666,
uci-51,uci-51_labeled_train_validation,uci-51,7,6,0,real_independent_shadow_target_cross_release,matched_kmeans,release_1,logistic,0.99,1200,600,34,0.20588235294117646,"official UCI ad.data; all 1,558 documented numeric fields retained; '?' is unknown and handled only by per-scope median imputation",0.5509944444444445,0.55073287645241,0.01,
uci-51,uci-51_labeled_train_validation,uci-51,7,6,0,real_independent_shadow_target_cross_release,matched_kmeans,release_1,random_forest,0.99,1200,600,34,0.20588235294117646,"official UCI ad.data; all 1,558 documented numeric fields retained; '?' is unknown and handled only by per-scope median imputation",0.5360694444444445,0.5489472099204642,0.03,
uci-51,uci-51_labeled_train_validation,uci-51,7,6,1,real_independent_shadow_target_cross_release,granular_ball,release_1,logistic,0.99,1200,600,51,0.45098039215686275,"official UCI ad.data; all 1,558 documented numeric fields retained; '?' is unknown and handled only by per-scope median imputation",0.5769555555555557,0.5872628549922261,0.018333333333333333,
uci-51,uci-51_labeled_train_validation,uci-51,7,6,1,real_independent_shadow_target_cross_release,granular_ball,release_1,random_forest,0.99,1200,600,51,0.45098039215686275,"official UCI ad.data; all 1,558 documented numeric fields retained; '?' is unknown and handled only by per-scope median imputation",0.5387305555555555,0.5776085840024182,0.07333333333333333,
uci-51,uci-51_labeled_train_validation,uci-51,7,6,1,real_independent_shadow_target_cross_release,matched_kmeans,release_1,logistic,0.99,1200,600,51,0.4117647058823529,"official UCI ad.data; all 1,558 documented numeric fields retained; '?' is unknown and handled only by per-scope median imputation",0.5622138888888888,0.564614737273403,0.016666666666666666,
uci-51,uci-51_labeled_train_validation,uci-51,7,6,1,real_independent_shadow_target_cross_release,matched_kmeans,release_1,random_forest,0.99,1200,600,51,0.4117647058823529,"official UCI ad.data; all 1,558 documented numeric fields retained; '?' is unknown and handled only by per-scope median imputation",0.5441097222222222,0.5582404268401655,0.043333333333333335,
uci-51,uci-51_labeled_train_validation,uci-51,7,6,2,real_independent_shadow_target_cross_release,granular_ball,release_1,logistic,0.99,1200,600,32,0.21875,"official UCI ad.data; all 1,558 documented numeric fields retained; '?' is unknown and handled only by per-scope median imputation",0.5625152777777778,0.5807978336658914,0.058333333333333334,
uci-51,uci-51_labeled_train_validation,uci-51,7,6,2,real_independent_shadow_target_cross_release,granular_ball,release_1,random_forest,0.99,1200,600,32,0.21875,"official UCI ad.data; all 1,558 documented numeric fields retained; '?' is unknown and handled only by per-scope median imputation",0.5333319444444444,0.5649775370814991,0.04833333333333333,
uci-51,uci-51_labeled_train_validation,uci-51,7,6,2,real_independent_shadow_target_cross_release,matched_kmeans,release_1,logistic,0.99,1200,600,32,0.1875,"official UCI ad.data; all 1,558 documented numeric fields retained; '?' is unknown and handled only by per-scope median imputation",0.5792027777777777,0.5821705092761338,0.016666666666666666,
uci-51,uci-51_labeled_train_validation,uci-51,7,6,2,real_independent_shadow_target_cross_release,matched_kmeans,release_1,random_forest,0.99,1200,600,32,0.1875,"official UCI ad.data; all 1,558 documented numeric fields retained; '?' is unknown and handled only by per-scope median imputation",0.5483444444444445,0.5556709744658166,0.041666666666666664,
uci-51,uci-51_labeled_train_validation,uci-51,7,6,3,real_independent_shadow_target_cross_release,granular_ball,release_1,logistic,0.99,1200,600,40,0.325,"official UCI ad.data; all 1,558 documented numeric fields retained; '?' is unknown and handled only by per-scope median imputation",0.5541444444444444,0.5597254748566255,0.023333333333333334,
uci-51,uci-51_labeled_train_validation,uci-51,7,6,3,real_independent_shadow_target_cross_release,granular_ball,release_1,random_forest,0.99,1200,600,40,0.325,"official UCI ad.data; all 1,558 documented numeric fields retained; '?' is unknown and handled only by per-scope median imputation",0.5368402777777778,0.55004343479352,0.023333333333333334,
uci-51,uci-51_labeled_train_validation,uci-51,7,6,3,real_independent_shadow_target_cross_release,matched_kmeans,release_1,logistic,0.99,1200,600,40,0.175,"official UCI ad.data; all 1,558 documented numeric fields retained; '?' is unknown and handled only by per-scope median imputation",0.5732375000000001,0.5687812804948723,0.013333333333333334,
uci-51,uci-51_labeled_train_validation,uci-51,7,6,3,real_independent_shadow_target_cross_release,matched_kmeans,release_1,random_forest,0.99,1200,600,40,0.175,"official UCI ad.data; all 1,558 documented numeric fields retained; '?' is unknown and handled only by per-scope median imputation",0.5695986111111111,0.570737171862433,0.03166666666666667,
uci-51,uci-51_labeled_train_validation,uci-51,7,6,4,real_independent_shadow_target_cross_release,granular_ball,release_1,logistic,0.99,1200,600,33,0.24242424242424243,"official UCI ad.data; all 1,558 documented numeric fields retained; '?' is unknown and handled only by per-scope median imputation",0.5447166666666667,0.5775855233387696,0.045,
uci-51,uci-51_labeled_train_validation,uci-51,7,6,4,real_independent_shadow_target_cross_release,granular_ball,release_1,random_forest,0.99,1200,600,33,0.24242424242424243,"official UCI ad.data; all 1,558 documented numeric fields retained; '?' is unknown and handled only by per-scope median imputation",0.5174972222222223,0.5391435970523858,0.03666666666666667,
uci-51,uci-51_labeled_train_validation,uci-51,7,6,4,real_independent_shadow_target_cross_release,matched_kmeans,release_1,logistic,0.99,1200,600,33,0.24242424242424243,"official UCI ad.data; all 1,558 documented numeric fields retained; '?' is unknown and handled only by per-scope median imputation",0.5440027777777778,0.5748719626815029,0.03166666666666667,
uci-51,uci-51_labeled_train_validation,uci-51,7,6,4,real_independent_shadow_target_cross_release,matched_kmeans,release_1,random_forest,0.99,1200,600,33,0.24242424242424243,"official UCI ad.data; all 1,558 documented numeric fields retained; '?' is unknown and handled only by per-scope median imputation",0.5401583333333333,0.5462684251648672,0.025,
uci-51,uci-51_labeled_train_validation,uci-51,7,6,0,real_independent_shadow_target_cross_release,granular_ball,release_2,logistic,0.99,1200,600,34,0.20588235294117646,"official UCI ad.data; all 1,558 documented numeric fields retained; '?' is unknown and handled only by per-scope median imputation",0.5583638888888889,0.5577710220618602,0.013333333333333334,
uci-51,uci-51_labeled_train_validation,uci-51,7,6,0,real_independent_shadow_target_cross_release,granular_ball,release_2,random_forest,0.99,1200,600,34,0.20588235294117646,"official UCI ad.data; all 1,558 documented numeric fields retained; '?' is unknown and handled only by per-scope median imputation",0.5671263888888889,0.5744858691636413,0.03166666666666667,
uci-51,uci-51_labeled_train_validation,uci-51,7,6,0,real_independent_shadow_target_cross_release,matched_kmeans,release_2,logistic,0.99,1200,600,34,0.20588235294117646,"official UCI ad.data; all 1,558 documented numeric fields retained; '?' is unknown and handled only by per-scope median imputation",0.5558583333333333,0.5569719997969749,0.01,
uci-51,uci-51_labeled_train_validation,uci-51,7,6,0,real_independent_shadow_target_cross_release,matched_kmeans,release_2,random_forest,0.99,1200,600,34,0.20588235294117646,"official UCI ad.data; all 1,558 documented numeric fields retained; '?' is unknown and handled only by per-scope median imputation",0.5636680555555555,0.5843367904891452,0.043333333333333335,
uci-51,uci-51_labeled_train_validation,uci-51,7,6,1,real_independent_shadow_target_cross_release,granular_ball,release_2,logistic,0.99,1200,600,51,0.45098039215686275,"official UCI ad.data; all 1,558 documented numeric fields retained; '?' is unknown and handled only by per-scope median imputation",0.588425,0.5969162051092181,0.016666666666666666,
uci-51,uci-51_labeled_train_validation,uci-51,7,6,1,real_independent_shadow_target_cross_release,granular_ball,release_2,random_forest,0.99,1200,600,51,0.45098039215686275,"official UCI ad.data; all 1,558 documented numeric fields retained; '?' is unknown and handled only by per-scope median imputation",0.5837027777777777,0.606526588549078,0.06,
uci-51,uci-51_labeled_train_validation,uci-51,7,6,1,real_independent_shadow_target_cross_release,matched_kmeans,release_2,logistic,0.99,1200,600,51,0.4117647058823529,"official UCI ad.data; all 1,558 documented numeric fields retained; '?' is unknown and handled only by per-scope median imputation",0.5675027777777779,0.5691785536032234,0.016666666666666666,
uci-51,uci-51_labeled_train_validation,uci-51,7,6,1,real_independent_shadow_target_cross_release,matched_kmeans,release_2,random_forest,0.99,1200,600,51,0.4117647058823529,"official UCI ad.data; all 1,558 documented numeric fields retained; '?' is unknown and handled only by per-scope median imputation",0.5740027777777778,0.5822216706688836,0.06166666666666667,
uci-51,uci-51_labeled_train_validation,uci-51,7,6,2,real_independent_shadow_target_cross_release,granular_ball,release_2,logistic,0.99,1200,600,32,0.21875,"official UCI ad.data; all 1,558 documented numeric fields retained; '?' is unknown and handled only by per-scope median imputation",0.5551194444444444,0.5787350067610322,0.065,
uci-51,uci-51_labeled_train_validation,uci-51,7,6,2,real_independent_shadow_target_cross_release,granular_ball,release_2,random_forest,0.99,1200,600,32,0.21875,"official UCI ad.data; all 1,558 documented numeric fields retained; '?' is unknown and handled only by per-scope median imputation",0.5818472222222222,0.5920112495217394,0.04833333333333333,
uci-51,uci-51_labeled_train_validation,uci-51,7,6,2,real_independent_shadow_target_cross_release,matched_kmeans,release_2,logistic,0.99,1200,600,32,0.1875,"official UCI ad.data; all 1,558 documented numeric fields retained; '?' is unknown and handled only by per-scope median imputation",0.5827777777777777,0.5853779167557854,0.016666666666666666,
uci-51,uci-51_labeled_train_validation,uci-51,7,6,2,real_independent_shadow_target_cross_release,matched_kmeans,release_2,random_forest,0.99,1200,600,32,0.1875,"official UCI ad.data; all 1,558 documented numeric fields retained; '?' is unknown and handled only by per-scope median imputation",0.5507833333333334,0.5736650791254101,0.035,
uci-51,uci-51_labeled_train_validation,uci-51,7,6,3,real_independent_shadow_target_cross_release,granular_ball,release_2,logistic,0.99,1200,600,40,0.325,"official UCI ad.data; all 1,558 documented numeric fields retained; '?' is unknown and handled only by per-scope median imputation",0.5767222222222222,0.5749979728543221,0.023333333333333334,
uci-51,uci-51_labeled_train_validation,uci-51,7,6,3,real_independent_shadow_target_cross_release,granular_ball,release_2,random_forest,0.99,1200,600,40,0.325,"official UCI ad.data; all 1,558 documented numeric fields retained; '?' is unknown and handled only by per-scope median imputation",0.5748652777777778,0.5748964147312157,0.021666666666666667,
uci-51,uci-51_labeled_train_validation,uci-51,7,6,3,real_independent_shadow_target_cross_release,matched_kmeans,release_2,logistic,0.99,1200,600,40,0.175,"official UCI ad.data; all 1,558 documented numeric fields retained; '?' is unknown and handled only by per-scope median imputation",0.581573611111111,0.5770990947906119,0.02,
uci-51,uci-51_labeled_train_validation,uci-51,7,6,3,real_independent_shadow_target_cross_release,matched_kmeans,release_2,random_forest,0.99,1200,600,40,0.175,"official UCI ad.data; all 1,558 documented numeric fields retained; '?' is unknown and handled only by per-scope median imputation",0.58965,0.5806721630728751,0.03333333333333333,
uci-51,uci-51_labeled_train_validation,uci-51,7,6,4,real_independent_shadow_target_cross_release,granular_ball,release_2,logistic,0.99,1200,600,33,0.24242424242424243,"official UCI ad.data; all 1,558 documented numeric fields retained; '?' is unknown and handled only by per-scope median imputation",0.5689444444444445,0.5940433694784734,0.043333333333333335,
uci-51,uci-51_labeled_train_validation,uci-51,7,6,4,real_independent_shadow_target_cross_release,granular_ball,release_2,random_forest,0.99,1200,600,33,0.24242424242424243,"official UCI ad.data; all 1,558 documented numeric fields retained; '?' is unknown and handled only by per-scope median imputation",0.5823111111111111,0.5945132091414573,0.06,
uci-51,uci-51_labeled_train_validation,uci-51,7,6,4,real_independent_shadow_target_cross_release,matched_kmeans,release_2,logistic,0.99,1200,600,33,0.24242424242424243,"official UCI ad.data; all 1,558 documented numeric fields retained; '?' is unknown and handled only by per-scope median imputation",0.5446527777777779,0.572454120524942,0.028333333333333332,
uci-51,uci-51_labeled_train_validation,uci-51,7,6,4,real_independent_shadow_target_cross_release,matched_kmeans,release_2,random_forest,0.99,1200,600,33,0.24242424242424243,"official UCI ad.data; all 1,558 documented numeric fields retained; '?' is unknown and handled only by per-scope median imputation",0.5486819444444444,0.5673178045229748,0.041666666666666664,
uci-51,uci-51_labeled_train_validation,uci-51,7,6,0,real_independent_shadow_target_cross_release,granular_ball,release_3,logistic,0.99,1200,600,34,0.20588235294117646,"official UCI ad.data; all 1,558 documented numeric fields retained; '?' is unknown and handled only by per-scope median imputation",0.5562888888888888,0.5613663445218591,0.025,
uci-51,uci-51_labeled_train_validation,uci-51,7,6,0,real_independent_shadow_target_cross_release,granular_ball,release_3,random_forest,0.99,1200,600,34,0.20588235294117646,"official UCI ad.data; all 1,558 documented numeric fields retained; '?' is unknown and handled only by per-scope median imputation",0.5758972222222223,0.5844611173761414,0.03333333333333333,
uci-51,uci-51_labeled_train_validation,uci-51,7,6,0,real_independent_shadow_target_cross_release,matched_kmeans,release_3,logistic,0.99,1200,600,34,0.20588235294117646,"official UCI ad.data; all 1,558 documented numeric fields retained; '?' is unknown and handled only by per-scope median imputation",0.556475,0.560655414188577,0.015,
uci-51,uci-51_labeled_train_validation,uci-51,7,6,0,real_independent_shadow_target_cross_release,matched_kmeans,release_3,random_forest,0.99,1200,600,34,0.20588235294117646,"official UCI ad.data; all 1,558 documented numeric fields retained; '?' is unknown and handled only by per-scope median imputation",0.5740666666666667,0.5838348050833079,0.043333333333333335,
uci-51,uci-51_labeled_train_validation,uci-51,7,6,1,real_independent_shadow_target_cross_release,granular_ball,release_3,logistic,0.99,1200,600,51,0.45098039215686275,"official UCI ad.data; all 1,558 documented numeric fields retained; '?' is unknown and handled only by per-scope median imputation",0.5827,0.5945307182580986,0.016666666666666666,
uci-51,uci-51_labeled_train_validation,uci-51,7,6,1,real_independent_shadow_target_cross_release,granular_ball,release_3,random_forest,0.99,1200,600,51,0.45098039215686275,"official UCI ad.data; all 1,558 documented numeric fields retained; '?' is unknown and handled only by per-scope median imputation",0.57585,0.6047892776901501,0.04666666666666667,
uci-51,uci-51_labeled_train_validation,uci-51,7,6,1,real_independent_shadow_target_cross_release,matched_kmeans,release_3,logistic,0.99,1200,600,51,0.4117647058823529,"official UCI ad.data; all 1,558 documented numeric fields retained; '?' is unknown and handled only by per-scope median imputation",0.5633333333333334,0.5610397968649571,0.016666666666666666,
uci-51,uci-51_labeled_train_validation,uci-51,7,6,1,real_independent_shadow_target_cross_release,matched_kmeans,release_3,random_forest,0.99,1200,600,51,0.4117647058823529,"official UCI ad.data; all 1,558 documented numeric fields retained; '?' is unknown and handled only by per-scope median imputation",0.5978361111111111,0.6028518303978541,0.06333333333333334,
uci-51,uci-51_labeled_train_validation,uci-51,7,6,2,real_independent_shadow_target_cross_release,granular_ball,release_3,logistic,0.99,1200,600,32,0.21875,"official UCI ad.data; all 1,558 documented numeric fields retained; '?' is unknown and handled only by per-scope median imputation",0.54715,0.571184349851018,0.035,
uci-51,uci-51_labeled_train_validation,uci-51,7,6,2,real_independent_shadow_target_cross_release,granular_ball,release_3,random_forest,0.99,1200,600,32,0.21875,"official UCI ad.data; all 1,558 documented numeric fields retained; '?' is unknown and handled only by per-scope median imputation",0.5941569444444446,0.6006686846676044,0.056666666666666664,
uci-51,uci-51_labeled_train_validation,uci-51,7,6,2,real_independent_shadow_target_cross_release,matched_kmeans,release_3,logistic,0.99,1200,600,32,0.1875,"official UCI ad.data; all 1,558 documented numeric fields retained; '?' is unknown and handled only by per-scope median imputation",0.5826555555555555,0.5883386739505196,0.013333333333333334,
uci-51,uci-51_labeled_train_validation,uci-51,7,6,2,real_independent_shadow_target_cross_release,matched_kmeans,release_3,random_forest,0.99,1200,600,32,0.1875,"official UCI ad.data; all 1,558 documented numeric fields retained; '?' is unknown and handled only by per-scope median imputation",0.5338625,0.5691113660238933,0.04666666666666667,
uci-51,uci-51_labeled_train_validation,uci-51,7,6,3,real_independent_shadow_target_cross_release,granular_ball,release_3,logistic,0.99,1200,600,40,0.325,"official UCI ad.data; all 1,558 documented numeric fields retained; '?' is unknown and handled only by per-scope median imputation",0.5729416666666667,0.574720370407671,0.02,
uci-51,uci-51_labeled_train_validation,uci-51,7,6,3,real_independent_shadow_target_cross_release,granular_ball,release_3,random_forest,0.99,1200,600,40,0.325,"official UCI ad.data; all 1,558 documented numeric fields retained; '?' is unknown and handled only by per-scope median imputation",0.6025097222222222,0.605462794471649,0.06,
uci-51,uci-51_labeled_train_validation,uci-51,7,6,3,real_independent_shadow_target_cross_release,matched_kmeans,release_3,logistic,0.99,1200,600,40,0.175,"official UCI ad.data; all 1,558 documented numeric fields retained; '?' is unknown and handled only by per-scope median imputation",0.5775097222222222,0.5698440315331443,0.016666666666666666,
uci-51,uci-51_labeled_train_validation,uci-51,7,6,3,real_independent_shadow_target_cross_release,matched_kmeans,release_3,random_forest,0.99,1200,600,40,0.175,"official UCI ad.data; all 1,558 documented numeric fields retained; '?' is unknown and handled only by per-scope median imputation",0.6085388888888889,0.6048305650337085,0.03833333333333333,
uci-51,uci-51_labeled_train_validation,uci-51,7,6,4,real_independent_shadow_target_cross_release,granular_ball,release_3,logistic,0.99,1200,600,33,0.24242424242424243,"official UCI ad.data; all 1,558 documented numeric fields retained; '?' is unknown and handled only by per-scope median imputation",0.5619194444444444,0.5906166640068455,0.05333333333333334,
uci-51,uci-51_labeled_train_validation,uci-51,7,6,4,real_independent_shadow_target_cross_release,granular_ball,release_3,random_forest,0.99,1200,600,33,0.24242424242424243,"official UCI ad.data; all 1,558 documented numeric fields retained; '?' is unknown and handled only by per-scope median imputation",0.6077041666666667,0.6263372431198293,0.07166666666666667,
uci-51,uci-51_labeled_train_validation,uci-51,7,6,4,real_independent_shadow_target_cross_release,matched_kmeans,release_3,logistic,0.99,1200,600,33,0.24242424242424243,"official UCI ad.data; all 1,558 documented numeric fields retained; '?' is unknown and handled only by per-scope median imputation",0.5428861111111111,0.5692133062642846,0.028333333333333332,
uci-51,uci-51_labeled_train_validation,uci-51,7,6,4,real_independent_shadow_target_cross_release,matched_kmeans,release_3,random_forest,0.99,1200,600,33,0.24242424242424243,"official UCI ad.data; all 1,558 documented numeric fields retained; '?' is unknown and handled only by per-scope median imputation",0.57385,0.5889158871659337,0.045,
uci-51,uci-51_labeled_train_validation,uci-51,21,6,0,real_independent_shadow_target_cross_release,granular_ball,release_1,logistic,0.9,1200,600,35,0.3142857142857143,"official UCI ad.data; all 1,558 documented numeric fields retained; '?' is unknown and handled only by per-scope median imputation",0.5373555555555556,0.5388030646204375,0.013333333333333334,
uci-51,uci-51_labeled_train_validation,uci-51,21,6,0,real_independent_shadow_target_cross_release,granular_ball,release_1,random_forest,0.9,1200,600,35,0.3142857142857143,"official UCI ad.data; all 1,558 documented numeric fields retained; '?' is unknown and handled only by per-scope median imputation",0.5504791666666666,0.5472110911482059,0.028333333333333332,
uci-51,uci-51_labeled_train_validation,uci-51,21,6,0,real_independent_shadow_target_cross_release,matched_kmeans,release_1,logistic,0.9,1200,600,35,0.22857142857142856,"official UCI ad.data; all 1,558 documented numeric fields retained; '?' is unknown and handled only by per-scope median imputation",0.5393194444444445,0.532659259077916,0.011666666666666667,
uci-51,uci-51_labeled_train_validation,uci-51,21,6,0,real_independent_shadow_target_cross_release,matched_kmeans,release_1,random_forest,0.9,1200,600,35,0.22857142857142856,"official UCI ad.data; all 1,558 documented numeric fields retained; '?' is unknown and handled only by per-scope median imputation",0.5495486111111111,0.5393313565358138,0.013333333333333334,
uci-51,uci-51_labeled_train_validation,uci-51,21,6,1,real_independent_shadow_target_cross_release,granular_ball,release_1,logistic,0.9,1200,600,33,0.36363636363636365,"official UCI ad.data; all 1,558 documented numeric fields retained; '?' is unknown and handled only by per-scope median imputation",0.554875,0.5549991727866987,0.015,
uci-51,uci-51_labeled_train_validation,uci-51,21,6,1,real_independent_shadow_target_cross_release,granular_ball,release_1,random_forest,0.9,1200,600,33,0.36363636363636365,"official UCI ad.data; all 1,558 documented numeric fields retained; '?' is unknown and handled only by per-scope median imputation",0.4968611111111111,0.5085963288629771,0.02,
uci-51,uci-51_labeled_train_validation,uci-51,21,6,1,real_independent_shadow_target_cross_release,matched_kmeans,release_1,logistic,0.9,1200,600,33,0.24242424242424243,"official UCI ad.data; all 1,558 documented numeric fields retained; '?' is unknown and handled only by per-scope median imputation",0.5880833333333334,0.5848905114046415,0.028333333333333332,
uci-51,uci-51_labeled_train_validation,uci-51,21,6,1,real_independent_shadow_target_cross_release,matched_kmeans,release_1,random_forest,0.9,1200,600,33,0.24242424242424243,"official UCI ad.data; all 1,558 documented numeric fields retained; '?' is unknown and handled only by per-scope median imputation",0.5284888888888889,0.5260769248275721,0.021666666666666667,
uci-51,uci-51_labeled_train_validation,uci-51,21,6,2,real_independent_shadow_target_cross_release,granular_ball,release_1,logistic,0.9,1200,600,34,0.29411764705882354,"official UCI ad.data; all 1,558 documented numeric fields retained; '?' is unknown and handled only by per-scope median imputation",0.5613708333333334,0.5714094764506145,0.016666666666666666,
uci-51,uci-51_labeled_train_validation,uci-51,21,6,2,real_independent_shadow_target_cross_release,granular_ball,release_1,random_forest,0.9,1200,600,34,0.29411764705882354,"official UCI ad.data; all 1,558 documented numeric fields retained; '?' is unknown and handled only by per-scope median imputation",0.5130874999999999,0.5221181104121533,0.021666666666666667,
uci-51,uci-51_labeled_train_validation,uci-51,21,6,2,real_independent_shadow_target_cross_release,matched_kmeans,release_1,logistic,0.9,1200,600,34,0.2647058823529412,"official UCI ad.data; all 1,558 documented numeric fields retained; '?' is unknown and handled only by per-scope median imputation",0.5730722222222222,0.5744539733076615,0.021666666666666667,
uci-51,uci-51_labeled_train_validation,uci-51,21,6,2,real_independent_shadow_target_cross_release,matched_kmeans,release_1,random_forest,0.9,1200,600,34,0.2647058823529412,"official UCI ad.data; all 1,558 documented numeric fields retained; '?' is unknown and handled only by per-scope median imputation",0.525323611111111,0.5436201805083116,0.03833333333333333,
uci-51,uci-51_labeled_train_validation,uci-51,21,6,3,real_independent_shadow_target_cross_release,granular_ball,release_1,logistic,0.9,1200,600,37,0.4864864864864865,"official UCI ad.data; all 1,558 documented numeric fields retained; '?' is unknown and handled only by per-scope median imputation",0.5311222222222222,0.5392970594804755,0.013333333333333334,
uci-51,uci-51_labeled_train_validation,uci-51,21,6,3,real_independent_shadow_target_cross_release,granular_ball,release_1,random_forest,0.9,1200,600,37,0.4864864864864865,"official UCI ad.data; all 1,558 documented numeric fields retained; '?' is unknown and handled only by per-scope median imputation",0.5411722222222222,0.5313078359756249,0.013333333333333334,
uci-51,uci-51_labeled_train_validation,uci-51,21,6,3,real_independent_shadow_target_cross_release,matched_kmeans,release_1,logistic,0.9,1200,600,37,0.24324324324324326,"official UCI ad.data; all 1,558 documented numeric fields retained; '?' is unknown and handled only by per-scope median imputation",0.5560527777777777,0.556643367456731,0.016666666666666666,
uci-51,uci-51_labeled_train_validation,uci-51,21,6,3,real_independent_shadow_target_cross_release,matched_kmeans,release_1,random_forest,0.9,1200,600,37,0.24324324324324326,"official UCI ad.data; all 1,558 documented numeric fields retained; '?' is unknown and handled only by per-scope median imputation",0.5300444444444444,0.5555775904236228,0.04833333333333333,
uci-51,uci-51_labeled_train_validation,uci-51,21,6,4,real_independent_shadow_target_cross_release,granular_ball,release_1,logistic,0.9,1200,600,26,0.19230769230769232,"official UCI ad.data; all 1,558 documented numeric fields retained; '?' is unknown and handled only by per-scope median imputation",0.5435333333333334,0.5386026202357386,0.01,
uci-51,uci-51_labeled_train_validation,uci-51,21,6,4,real_independent_shadow_target_cross_release,granular_ball,release_1,random_forest,0.9,1200,600,26,0.19230769230769232,"official UCI ad.data; all 1,558 documented numeric fields retained; '?' is unknown and handled only by per-scope median imputation",0.5163972222222222,0.517875818817115,0.008333333333333333,
uci-51,uci-51_labeled_train_validation,uci-51,21,6,4,real_independent_shadow_target_cross_release,matched_kmeans,release_1,logistic,0.9,1200,600,26,0.19230769230769232,"official UCI ad.data; all 1,558 documented numeric fields retained; '?' is unknown and handled only by per-scope median imputation",0.5495,0.5430360584190336,0.011666666666666667,
uci-51,uci-51_labeled_train_validation,uci-51,21,6,4,real_independent_shadow_target_cross_release,matched_kmeans,release_1,random_forest,0.9,1200,600,26,0.19230769230769232,"official UCI ad.data; all 1,558 documented numeric fields retained; '?' is unknown and handled only by per-scope median imputation",0.5387333333333334,0.535780997707507,0.02666666666666667,
uci-51,uci-51_labeled_train_validation,uci-51,21,6,0,real_independent_shadow_target_cross_release,granular_ball,release_2,logistic,0.9,1200,600,35,0.3142857142857143,"official UCI ad.data; all 1,558 documented numeric fields retained; '?' is unknown and handled only by per-scope median imputation",0.5510277777777777,0.5547831964454136,0.013333333333333334,
uci-51,uci-51_labeled_train_validation,uci-51,21,6,0,real_independent_shadow_target_cross_release,granular_ball,release_2,random_forest,0.9,1200,600,35,0.3142857142857143,"official UCI ad.data; all 1,558 documented numeric fields retained; '?' is unknown and handled only by per-scope median imputation",0.5780055555555556,0.5764396602756258,0.035,
uci-51,uci-51_labeled_train_validation,uci-51,21,6,0,real_independent_shadow_target_cross_release,matched_kmeans,release_2,logistic,0.9,1200,600,35,0.22857142857142856,"official UCI ad.data; all 1,558 documented numeric fields retained; '?' is unknown and handled only by per-scope median imputation",0.542788888888889,0.5401336774773113,0.01,
uci-51,uci-51_labeled_train_validation,uci-51,21,6,0,real_independent_shadow_target_cross_release,matched_kmeans,release_2,random_forest,0.9,1200,600,35,0.22857142857142856,"official UCI ad.data; all 1,558 documented numeric fields retained; '?' is unknown and handled only by per-scope median imputation",0.5902138888888888,0.5860828901622954,0.025,
uci-51,uci-51_labeled_train_validation,uci-51,21,6,1,real_independent_shadow_target_cross_release,granular_ball,release_2,logistic,0.9,1200,600,33,0.36363636363636365,"official UCI ad.data; all 1,558 documented numeric fields retained; '?' is unknown and handled only by per-scope median imputation",0.5626347222222222,0.5663130609239777,0.015,
uci-51,uci-51_labeled_train_validation,uci-51,21,6,1,real_independent_shadow_target_cross_release,granular_ball,release_2,random_forest,0.9,1200,600,33,0.36363636363636365,"official UCI ad.data; all 1,558 documented numeric fields retained; '?' is unknown and handled only by per-scope median imputation",0.5269680555555555,0.5264727379348025,0.021666666666666667,
uci-51,uci-51_labeled_train_validation,uci-51,21,6,1,real_independent_shadow_target_cross_release,matched_kmeans,release_2,logistic,0.9,1200,600,33,0.24242424242424243,"official UCI ad.data; all 1,558 documented numeric fields retained; '?' is unknown and handled only by per-scope median imputation",0.5906,0.5931154476131363,0.03666666666666667,
uci-51,uci-51_labeled_train_validation,uci-51,21,6,1,real_independent_shadow_target_cross_release,matched_kmeans,release_2,random_forest,0.9,1200,600,33,0.24242424242424243,"official UCI ad.data; all 1,558 documented numeric fields retained; '?' is unknown and handled only by per-scope median imputation",0.5809638888888888,0.5872622659166532,0.03333333333333333,
uci-51,uci-51_labeled_train_validation,uci-51,21,6,2,real_independent_shadow_target_cross_release,granular_ball,release_2,logistic,0.9,1200,600,34,0.29411764705882354,"official UCI ad.data; all 1,558 documented numeric fields retained; '?' is unknown and handled only by per-scope median imputation",0.5648513888888889,0.5711913215796554,0.018333333333333333,
uci-51,uci-51_labeled_train_validation,uci-51,21,6,2,real_independent_shadow_target_cross_release,granular_ball,release_2,random_forest,0.9,1200,600,34,0.29411764705882354,"official UCI ad.data; all 1,558 documented numeric fields retained; '?' is unknown and handled only by per-scope median imputation",0.5419777777777779,0.5553348895004013,0.03166666666666667,
uci-51,uci-51_labeled_train_validation,uci-51,21,6,2,real_independent_shadow_target_cross_release,matched_kmeans,release_2,logistic,0.9,1200,600,34,0.2647058823529412,"official UCI ad.data; all 1,558 documented numeric fields retained; '?' is unknown and handled only by per-scope median imputation",0.5736388888888889,0.566142154547689,0.02,
uci-51,uci-51_labeled_train_validation,uci-51,21,6,2,real_independent_shadow_target_cross_release,matched_kmeans,release_2,random_forest,0.9,1200,600,34,0.2647058823529412,"official UCI ad.data; all 1,558 documented numeric fields retained; '?' is unknown and handled only by per-scope median imputation",0.5778986111111111,0.5990768753674831,0.02666666666666667,
uci-51,uci-51_labeled_train_validation,uci-51,21,6,3,real_independent_shadow_target_cross_release,granular_ball,release_2,logistic,0.9,1200,600,37,0.4864864864864865,"official UCI ad.data; all 1,558 documented numeric fields retained; '?' is unknown and handled only by per-scope median imputation",0.5400138888888889,0.5456594344798584,0.016666666666666666,
uci-51,uci-51_labeled_train_validation,uci-51,21,6,3,real_independent_shadow_target_cross_release,granular_ball,release_2,random_forest,0.9,1200,600,37,0.4864864864864865,"official UCI ad.data; all 1,558 documented numeric fields retained; '?' is unknown and handled only by per-scope median imputation",0.5644180555555556,0.5661220343074393,0.023333333333333334,
uci-51,uci-51_labeled_train_validation,uci-51,21,6,3,real_independent_shadow_target_cross_release,matched_kmeans,release_2,logistic,0.9,1200,600,37,0.24324324324324326,"official UCI ad.data; all 1,558 documented numeric fields retained; '?' is unknown and handled only by per-scope median imputation",0.5594,0.5622715981563307,0.028333333333333332,
uci-51,uci-51_labeled_train_validation,uci-51,21,6,3,real_independent_shadow_target_cross_release,matched_kmeans,release_2,random_forest,0.9,1200,600,37,0.24324324324324326,"official UCI ad.data; all 1,558 documented numeric fields retained; '?' is unknown and handled only by per-scope median imputation",0.5520305555555556,0.5732463233151184,0.03666666666666667,
uci-51,uci-51_labeled_train_validation,uci-51,21,6,4,real_independent_shadow_target_cross_release,granular_ball,release_2,logistic,0.9,1200,600,26,0.19230769230769232,"official UCI ad.data; all 1,558 documented numeric fields retained; '?' is unknown and handled only by per-scope median imputation",0.5475388888888889,0.5413238517288914,0.011666666666666667,
uci-51,uci-51_labeled_train_validation,uci-51,21,6,4,real_independent_shadow_target_cross_release,granular_ball,release_2,random_forest,0.9,1200,600,26,0.19230769230769232,"official UCI ad.data; all 1,558 documented numeric fields retained; '?' is unknown and handled only by per-scope median imputation",0.51985,0.5219887805163451,0.013333333333333334,
uci-51,uci-51_labeled_train_validation,uci-51,21,6,4,real_independent_shadow_target_cross_release,matched_kmeans,release_2,logistic,0.9,1200,600,26,0.19230769230769232,"official UCI ad.data; all 1,558 documented numeric fields retained; '?' is unknown and handled only by per-scope median imputation",0.5479277777777778,0.5455198491757823,0.008333333333333333,
uci-51,uci-51_labeled_train_validation,uci-51,21,6,4,real_independent_shadow_target_cross_release,matched_kmeans,release_2,random_forest,0.9,1200,600,26,0.19230769230769232,"official UCI ad.data; all 1,558 documented numeric fields retained; '?' is unknown and handled only by per-scope median imputation",0.5787180555555556,0.5746151584443595,0.013333333333333334,
uci-51,uci-51_labeled_train_validation,uci-51,21,6,0,real_independent_shadow_target_cross_release,granular_ball,release_3,logistic,0.9,1200,600,35,0.3142857142857143,"official UCI ad.data; all 1,558 documented numeric fields retained; '?' is unknown and handled only by per-scope median imputation",0.5488250000000001,0.5669978227647674,0.015,
uci-51,uci-51_labeled_train_validation,uci-51,21,6,0,real_independent_shadow_target_cross_release,granular_ball,release_3,random_forest,0.9,1200,600,35,0.3142857142857143,"official UCI ad.data; all 1,558 documented numeric fields retained; '?' is unknown and handled only by per-scope median imputation",0.5871708333333333,0.5755354385664788,0.025,
uci-51,uci-51_labeled_train_validation,uci-51,21,6,0,real_independent_shadow_target_cross_release,matched_kmeans,release_3,logistic,0.9,1200,600,35,0.22857142857142856,"official UCI ad.data; all 1,558 documented numeric fields retained; '?' is unknown and handled only by per-scope median imputation",0.5463722222222223,0.554843934058314,0.02,
uci-51,uci-51_labeled_train_validation,uci-51,21,6,0,real_independent_shadow_target_cross_release,matched_kmeans,release_3,random_forest,0.9,1200,600,35,0.22857142857142856,"official UCI ad.data; all 1,558 documented numeric fields retained; '?' is unknown and handled only by per-scope median imputation",0.5949791666666666,0.5870155465672112,0.02666666666666667,
uci-51,uci-51_labeled_train_validation,uci-51,21,6,1,real_independent_shadow_target_cross_release,granular_ball,release_3,logistic,0.9,1200,600,33,0.36363636363636365,"official UCI ad.data; all 1,558 documented numeric fields retained; '?' is unknown and handled only by per-scope median imputation",0.5546388888888889,0.5575201681208507,0.016666666666666666,
uci-51,uci-51_labeled_train_validation,uci-51,21,6,1,real_independent_shadow_target_cross_release,granular_ball,release_3,random_forest,0.9,1200,600,33,0.36363636363636365,"official UCI ad.data; all 1,558 documented numeric fields retained; '?' is unknown and handled only by per-scope median imputation",0.5306013888888889,0.5330527022902221,0.015,
uci-51,uci-51_labeled_train_validation,uci-51,21,6,1,real_independent_shadow_target_cross_release,matched_kmeans,release_3,logistic,0.9,1200,600,33,0.24242424242424243,"official UCI ad.data; all 1,558 documented numeric fields retained; '?' is unknown and handled only by per-scope median imputation",0.5858249999999999,0.587631246765854,0.041666666666666664,
uci-51,uci-51_labeled_train_validation,uci-51,21,6,1,real_independent_shadow_target_cross_release,matched_kmeans,release_3,random_forest,0.9,1200,600,33,0.24242424242424243,"official UCI ad.data; all 1,558 documented numeric fields retained; '?' is unknown and handled only by per-scope median imputation",0.5829194444444444,0.5781360750684205,0.025,
uci-51,uci-51_labeled_train_validation,uci-51,21,6,2,real_independent_shadow_target_cross_release,granular_ball,release_3,logistic,0.9,1200,600,34,0.29411764705882354,"official UCI ad.data; all 1,558 documented numeric fields retained; '?' is unknown and handled only by per-scope median imputation",0.5629652777777777,0.5710349426362081,0.02,
uci-51,uci-51_labeled_train_validation,uci-51,21,6,2,real_independent_shadow_target_cross_release,granular_ball,release_3,random_forest,0.9,1200,600,34,0.29411764705882354,"official UCI ad.data; all 1,558 documented numeric fields retained; '?' is unknown and handled only by per-scope median imputation",0.5487222222222221,0.5653625120142806,0.035,
uci-51,uci-51_labeled_train_validation,uci-51,21,6,2,real_independent_shadow_target_cross_release,matched_kmeans,release_3,logistic,0.9,1200,600,34,0.2647058823529412,"official UCI ad.data; all 1,558 documented numeric fields retained; '?' is unknown and handled only by per-scope median imputation",0.5785,0.5912623176174137,0.028333333333333332,
uci-51,uci-51_labeled_train_validation,uci-51,21,6,2,real_independent_shadow_target_cross_release,matched_kmeans,release_3,random_forest,0.9,1200,600,34,0.2647058823529412,"official UCI ad.data; all 1,558 documented numeric fields retained; '?' is unknown and handled only by per-scope median imputation",0.5658291666666666,0.5737892383478385,0.02666666666666667,
uci-51,uci-51_labeled_train_validation,uci-51,21,6,3,real_independent_shadow_target_cross_release,granular_ball,release_3,logistic,0.9,1200,600,37,0.4864864864864865,"official UCI ad.data; all 1,558 documented numeric fields retained; '?' is unknown and handled only by per-scope median imputation",0.5425111111111112,0.5505261943692666,0.016666666666666666,
uci-51,uci-51_labeled_train_validation,uci-51,21,6,3,real_independent_shadow_target_cross_release,granular_ball,release_3,random_forest,0.9,1200,600,37,0.4864864864864865,"official UCI ad.data; all 1,558 documented numeric fields retained; '?' is unknown and handled only by per-scope median imputation",0.5810500000000001,0.5833153932061583,0.03,
uci-51,uci-51_labeled_train_validation,uci-51,21,6,3,real_independent_shadow_target_cross_release,matched_kmeans,release_3,logistic,0.9,1200,600,37,0.24324324324324326,"official UCI ad.data; all 1,558 documented numeric fields retained; '?' is unknown and handled only by per-scope median imputation",0.5576333333333333,0.5657829184257752,0.035,
uci-51,uci-51_labeled_train_validation,uci-51,21,6,3,real_independent_shadow_target_cross_release,matched_kmeans,release_3,random_forest,0.9,1200,600,37,0.24324324324324326,"official UCI ad.data; all 1,558 documented numeric fields retained; '?' is unknown and handled only by per-scope median imputation",0.5555861111111111,0.5718120440143387,0.03166666666666667,
uci-51,uci-51_labeled_train_validation,uci-51,21,6,4,real_independent_shadow_target_cross_release,granular_ball,release_3,logistic,0.9,1200,600,26,0.19230769230769232,"official UCI ad.data; all 1,558 documented numeric fields retained; '?' is unknown and handled only by per-scope median imputation",0.5410416666666666,0.5406424174951403,0.011666666666666667,
uci-51,uci-51_labeled_train_validation,uci-51,21,6,4,real_independent_shadow_target_cross_release,granular_ball,release_3,random_forest,0.9,1200,600,26,0.19230769230769232,"official UCI ad.data; all 1,558 documented numeric fields retained; '?' is unknown and handled only by per-scope median imputation",0.5388819444444444,0.539503172827948,0.005,
uci-51,uci-51_labeled_train_validation,uci-51,21,6,4,real_independent_shadow_target_cross_release,matched_kmeans,release_3,logistic,0.9,1200,600,26,0.19230769230769232,"official UCI ad.data; all 1,558 documented numeric fields retained; '?' is unknown and handled only by per-scope median imputation",0.5418166666666667,0.5471349287967164,0.011666666666666667,
uci-51,uci-51_labeled_train_validation,uci-51,21,6,4,real_independent_shadow_target_cross_release,matched_kmeans,release_3,random_forest,0.9,1200,600,26,0.19230769230769232,"official UCI ad.data; all 1,558 documented numeric fields retained; '?' is unknown and handled only by per-scope median imputation",0.57715,0.5794825138264537,0.03333333333333333,
uci-51,uci-51_labeled_train_validation,uci-51,21,6,0,real_independent_shadow_target_cross_release,granular_ball,release_1,logistic,0.95,1200,600,35,0.3142857142857143,"official UCI ad.data; all 1,558 documented numeric fields retained; '?' is unknown and handled only by per-scope median imputation",0.5368861111111112,0.5384591187853651,0.013333333333333334,
uci-51,uci-51_labeled_train_validation,uci-51,21,6,0,real_independent_shadow_target_cross_release,granular_ball,release_1,random_forest,0.95,1200,600,35,0.3142857142857143,"official UCI ad.data; all 1,558 documented numeric fields retained; '?' is unknown and handled only by per-scope median imputation",0.5240736111111111,0.5332689882924522,0.025,
uci-51,uci-51_labeled_train_validation,uci-51,21,6,0,real_independent_shadow_target_cross_release,matched_kmeans,release_1,logistic,0.95,1200,600,35,0.22857142857142856,"official UCI ad.data; all 1,558 documented numeric fields retained; '?' is unknown and handled only by per-scope median imputation",0.5387777777777778,0.5315719196498003,0.01,
uci-51,uci-51_labeled_train_validation,uci-51,21,6,0,real_independent_shadow_target_cross_release,matched_kmeans,release_1,random_forest,0.95,1200,600,35,0.22857142857142856,"official UCI ad.data; all 1,558 documented numeric fields retained; '?' is unknown and handled only by per-scope median imputation",0.5570138888888889,0.5420729562194406,0.011666666666666667,
uci-51,uci-51_labeled_train_validation,uci-51,21,6,1,real_independent_shadow_target_cross_release,granular_ball,release_1,logistic,0.95,1200,600,33,0.36363636363636365,"official UCI ad.data; all 1,558 documented numeric fields retained; '?' is unknown and handled only by per-scope median imputation",0.5548333333333333,0.5547004665051203,0.015,
uci-51,uci-51_labeled_train_validation,uci-51,21,6,1,real_independent_shadow_target_cross_release,granular_ball,release_1,random_forest,0.95,1200,600,33,0.36363636363636365,"official UCI ad.data; all 1,558 documented numeric fields retained; '?' is unknown and handled only by per-scope median imputation",0.48720694444444446,0.500060622246654,0.021666666666666667,
uci-51,uci-51_labeled_train_validation,uci-51,21,6,1,real_independent_shadow_target_cross_release,matched_kmeans,release_1,logistic,0.95,1200,600,33,0.24242424242424243,"official UCI ad.data; all 1,558 documented numeric fields retained; '?' is unknown and handled only by per-scope median imputation",0.5875736111111112,0.582033724995131,0.028333333333333332,
uci-51,uci-51_labeled_train_validation,uci-51,21,6,1,real_independent_shadow_target_cross_release,matched_kmeans,release_1,random_forest,0.95,1200,600,33,0.24242424242424243,"official UCI ad.data; all 1,558 documented numeric fields retained; '?' is unknown and handled only by per-scope median imputation",0.5357041666666666,0.5249173297805111,0.018333333333333333,
uci-51,uci-51_labeled_train_validation,uci-51,21,6,2,real_independent_shadow_target_cross_release,granular_ball,release_1,logistic,0.95,1200,600,34,0.29411764705882354,"official UCI ad.data; all 1,558 documented numeric fields retained; '?' is unknown and handled only by per-scope median imputation",0.5610430555555556,0.5712508731551508,0.016666666666666666,
uci-51,uci-51_labeled_train_validation,uci-51,21,6,2,real_independent_shadow_target_cross_release,granular_ball,release_1,random_forest,0.95,1200,600,34,0.29411764705882354,"official UCI ad.data; all 1,558 documented numeric fields retained; '?' is unknown and handled only by per-scope median imputation",0.5004166666666667,0.5122626057237176,0.02,
uci-51,uci-51_labeled_train_validation,uci-51,21,6,2,real_independent_shadow_target_cross_release,matched_kmeans,release_1,logistic,0.95,1200,600,34,0.2647058823529412,"official UCI ad.data; all 1,558 documented numeric fields retained; '?' is unknown and handled only by per-scope median imputation",0.5722166666666667,0.5728283628443879,0.021666666666666667,
uci-51,uci-51_labeled_train_validation,uci-51,21,6,2,real_independent_shadow_target_cross_release,matched_kmeans,release_1,random_forest,0.95,1200,600,34,0.2647058823529412,"official UCI ad.data; all 1,558 documented numeric fields retained; '?' is unknown and handled only by per-scope median imputation",0.5383041666666667,0.5410803782913162,0.02,
uci-51,uci-51_labeled_train_validation,uci-51,21,6,3,real_independent_shadow_target_cross_release,granular_ball,release_1,logistic,0.95,1200,600,37,0.4864864864864865,"official UCI ad.data; all 1,558 documented numeric fields retained; '?' is unknown and handled only by per-scope median imputation",0.5312777777777777,0.5400569916978946,0.013333333333333334,
uci-51,uci-51_labeled_train_validation,uci-51,21,6,3,real_independent_shadow_target_cross_release,granular_ball,release_1,random_forest,0.95,1200,600,37,0.4864864864864865,"official UCI ad.data; all 1,558 documented numeric fields retained; '?' is unknown and handled only by per-scope median imputation",0.5339777777777778,0.5259408377306312,0.008333333333333333,
uci-51,uci-51_labeled_train_validation,uci-51,21,6,3,real_independent_shadow_target_cross_release,matched_kmeans,release_1,logistic,0.95,1200,600,37,0.24324324324324326,"official UCI ad.data; all 1,558 documented numeric fields retained; '?' is unknown and handled only by per-scope median imputation",0.5549777777777778,0.5543590402453152,0.016666666666666666,
uci-51,uci-51_labeled_train_validation,uci-51,21,6,3,real_independent_shadow_target_cross_release,matched_kmeans,release_1,random_forest,0.95,1200,600,37,0.24324324324324326,"official UCI ad.data; all 1,558 documented numeric fields retained; '?' is unknown and handled only by per-scope median imputation",0.5286625,0.5533410840365034,0.03666666666666667,
uci-51,uci-51_labeled_train_validation,uci-51,21,6,4,real_independent_shadow_target_cross_release,granular_ball,release_1,logistic,0.95,1200,600,34,0.2647058823529412,"official UCI ad.data; all 1,558 documented numeric fields retained; '?' is unknown and handled only by per-scope median imputation",0.5517222222222222,0.5438335020382358,0.01,
uci-51,uci-51_labeled_train_validation,uci-51,21,6,4,real_independent_shadow_target_cross_release,granular_ball,release_1,random_forest,0.95,1200,600,34,0.2647058823529412,"official UCI ad.data; all 1,558 documented numeric fields retained; '?' is unknown and handled only by per-scope median imputation",0.5313694444444444,0.5312522023886312,0.018333333333333333,
uci-51,uci-51_labeled_train_validation,uci-51,21,6,4,real_independent_shadow_target_cross_release,matched_kmeans,release_1,logistic,0.95,1200,600,34,0.23529411764705882,"official UCI ad.data; all 1,558 documented numeric fields retained; '?' is unknown and handled only by per-scope median imputation",0.5540861111111111,0.5451366168355004,0.011666666666666667,
uci-51,uci-51_labeled_train_validation,uci-51,21,6,4,real_independent_shadow_target_cross_release,matched_kmeans,release_1,random_forest,0.95,1200,600,34,0.23529411764705882,"official UCI ad.data; all 1,558 documented numeric fields retained; '?' is unknown and handled only by per-scope median imputation",0.554551388888889,0.5465985994592508,0.013333333333333334,
uci-51,uci-51_labeled_train_validation,uci-51,21,6,0,real_independent_shadow_target_cross_release,granular_ball,release_2,logistic,0.95,1200,600,35,0.3142857142857143,"official UCI ad.data; all 1,558 documented numeric fields retained; '?' is unknown and handled only by per-scope median imputation",0.5481333333333334,0.5527699047016839,0.013333333333333334,
uci-51,uci-51_labeled_train_validation,uci-51,21,6,0,real_independent_shadow_target_cross_release,granular_ball,release_2,random_forest,0.95,1200,600,35,0.3142857142857143,"official UCI ad.data; all 1,558 documented numeric fields retained; '?' is unknown and handled only by per-scope median imputation",0.5819152777777779,0.5794503613133588,0.035,
uci-51,uci-51_labeled_train_validation,uci-51,21,6,0,real_independent_shadow_target_cross_release,matched_kmeans,release_2,logistic,0.95,1200,600,35,0.22857142857142856,"official UCI ad.data; all 1,558 documented numeric fields retained; '?' is unknown and handled only by per-scope median imputation",0.5433916666666667,0.5395263255905397,0.01,
uci-51,uci-51_labeled_train_validation,uci-51,21,6,0,real_independent_shadow_target_cross_release,matched_kmeans,release_2,random_forest,0.95,1200,600,35,0.22857142857142856,"official UCI ad.data; all 1,558 documented numeric fields retained; '?' is unknown and handled only by per-scope median imputation",0.5710291666666667,0.5717936667135213,0.016666666666666666,
uci-51,uci-51_labeled_train_validation,uci-51,21,6,1,real_independent_shadow_target_cross_release,granular_ball,release_2,logistic,0.95,1200,600,33,0.36363636363636365,"official UCI ad.data; all 1,558 documented numeric fields retained; '?' is unknown and handled only by per-scope median imputation",0.5613333333333332,0.565043126743836,0.015,
uci-51,uci-51_labeled_train_validation,uci-51,21,6,1,real_independent_shadow_target_cross_release,granular_ball,release_2,random_forest,0.95,1200,600,33,0.36363636363636365,"official UCI ad.data; all 1,558 documented numeric fields retained; '?' is unknown and handled only by per-scope median imputation",0.5230555555555555,0.5227785914005147,0.025,
uci-51,uci-51_labeled_train_validation,uci-51,21,6,1,real_independent_shadow_target_cross_release,matched_kmeans,release_2,logistic,0.95,1200,600,33,0.24242424242424243,"official UCI ad.data; all 1,558 documented numeric fields retained; '?' is unknown and handled only by per-scope median imputation",0.5903708333333333,0.5924368437301814,0.03666666666666667,
uci-51,uci-51_labeled_train_validation,uci-51,21,6,1,real_independent_shadow_target_cross_release,matched_kmeans,release_2,random_forest,0.95,1200,600,33,0.24242424242424243,"official UCI ad.data; all 1,558 documented numeric fields retained; '?' is unknown and handled only by per-scope median imputation",0.5942625,0.5934078162953351,0.045,
uci-51,uci-51_labeled_train_validation,uci-51,21,6,2,real_independent_shadow_target_cross_release,granular_ball,release_2,logistic,0.95,1200,600,34,0.29411764705882354,"official UCI ad.data; all 1,558 documented numeric fields retained; '?' is unknown and handled only by per-scope median imputation",0.5651847222222223,0.5713240213057181,0.021666666666666667,
uci-51,uci-51_labeled_train_validation,uci-51,21,6,2,real_independent_shadow_target_cross_release,granular_ball,release_2,random_forest,0.95,1200,600,34,0.29411764705882354,"official UCI ad.data; all 1,558 documented numeric fields retained; '?' is unknown and handled only by per-scope median imputation",0.5407263888888889,0.5610277132462792,0.03166666666666667,
uci-51,uci-51_labeled_train_validation,uci-51,21,6,2,real_independent_shadow_target_cross_release,matched_kmeans,release_2,logistic,0.95,1200,600,34,0.2647058823529412,"official UCI ad.data; all 1,558 documented numeric fields retained; '?' is unknown and handled only by per-scope median imputation",0.5729944444444445,0.5658339495423665,0.02,
uci-51,uci-51_labeled_train_validation,uci-51,21,6,2,real_independent_shadow_target_cross_release,matched_kmeans,release_2,random_forest,0.95,1200,600,34,0.2647058823529412,"official UCI ad.data; all 1,558 documented numeric fields retained; '?' is unknown and handled only by per-scope median imputation",0.5684666666666667,0.57861776186097,0.03333333333333333,
uci-51,uci-51_labeled_train_validation,uci-51,21,6,3,real_independent_shadow_target_cross_release,granular_ball,release_2,logistic,0.95,1200,600,37,0.4864864864864865,"official UCI ad.data; all 1,558 documented numeric fields retained; '?' is unknown and handled only by per-scope median imputation",0.5397888888888889,0.5451932034716915,0.016666666666666666,
uci-51,uci-51_labeled_train_validation,uci-51,21,6,3,real_independent_shadow_target_cross_release,granular_ball,release_2,random_forest,0.95,1200,600,37,0.4864864864864865,"official UCI ad.data; all 1,558 documented numeric fields retained; '?' is unknown and handled only by per-scope median imputation",0.5549736111111111,0.5616881041210521,0.03,
uci-51,uci-51_labeled_train_validation,uci-51,21,6,3,real_independent_shadow_target_cross_release,matched_kmeans,release_2,logistic,0.95,1200,600,37,0.24324324324324326,"official UCI ad.data; all 1,558 documented numeric fields retained; '?' is unknown and handled only by per-scope median imputation",0.5594138888888889,0.5616795676545439,0.02666666666666667,
uci-51,uci-51_labeled_train_validation,uci-51,21,6,3,real_independent_shadow_target_cross_release,matched_kmeans,release_2,random_forest,0.95,1200,600,37,0.24324324324324326,"official UCI ad.data; all 1,558 documented numeric fields retained; '?' is unknown and handled only by per-scope median imputation",0.5555125,0.5756169549271202,0.028333333333333332,
uci-51,uci-51_labeled_train_validation,uci-51,21,6,4,real_independent_shadow_target_cross_release,granular_ball,release_2,logistic,0.95,1200,600,34,0.2647058823529412,"official UCI ad.data; all 1,558 documented numeric fields retained; '?' is unknown and handled only by per-scope median imputation",0.5567,0.5460017102847816,0.01,
uci-51,uci-51_labeled_train_validation,uci-51,21,6,4,real_independent_shadow_target_cross_release,granular_ball,release_2,random_forest,0.95,1200,600,34,0.2647058823529412,"official UCI ad.data; all 1,558 documented numeric fields retained; '?' is unknown and handled only by per-scope median imputation",0.5215986111111112,0.5372959079320268,0.023333333333333334,
uci-51,uci-51_labeled_train_validation,uci-51,21,6,4,real_independent_shadow_target_cross_release,matched_kmeans,release_2,logistic,0.95,1200,600,34,0.23529411764705882,"official UCI ad.data; all 1,558 documented numeric fields retained; '?' is unknown and handled only by per-scope median imputation",0.5585861111111111,0.5539005087879005,0.01,
uci-51,uci-51_labeled_train_validation,uci-51,21,6,4,real_independent_shadow_target_cross_release,matched_kmeans,release_2,random_forest,0.95,1200,600,34,0.23529411764705882,"official UCI ad.data; all 1,558 documented numeric fields retained; '?' is unknown and handled only by per-scope median imputation",0.5622847222222221,0.561585078226878,0.018333333333333333,
uci-51,uci-51_labeled_train_validation,uci-51,21,6,0,real_independent_shadow_target_cross_release,granular_ball,release_3,logistic,0.95,1200,600,35,0.3142857142857143,"official UCI ad.data; all 1,558 documented numeric fields retained; '?' is unknown and handled only by per-scope median imputation",0.5464,0.5640880964661412,0.016666666666666666,
uci-51,uci-51_labeled_train_validation,uci-51,21,6,0,real_independent_shadow_target_cross_release,granular_ball,release_3,random_forest,0.95,1200,600,35,0.3142857142857143,"official UCI ad.data; all 1,558 documented numeric fields retained; '?' is unknown and handled only by per-scope median imputation",0.5888527777777778,0.5795241789292996,0.035,
uci-51,uci-51_labeled_train_validation,uci-51,21,6,0,real_independent_shadow_target_cross_release,matched_kmeans,release_3,logistic,0.95,1200,600,35,0.22857142857142856,"official UCI ad.data; all 1,558 documented numeric fields retained; '?' is unknown and handled only by per-scope median imputation",0.550325,0.5587080139605307,0.018333333333333333,
uci-51,uci-51_labeled_train_validation,uci-51,21,6,0,real_independent_shadow_target_cross_release,matched_kmeans,release_3,random_forest,0.95,1200,600,35,0.22857142857142856,"official UCI ad.data; all 1,558 documented numeric fields retained; '?' is unknown and handled only by per-scope median imputation",0.5850736111111111,0.5761111186324156,0.015,
uci-51,uci-51_labeled_train_validation,uci-51,21,6,1,real_independent_shadow_target_cross_release,granular_ball,release_3,logistic,0.95,1200,600,33,0.36363636363636365,"official UCI ad.data; all 1,558 documented numeric fields retained; '?' is unknown and handled only by per-scope median imputation",0.5546305555555556,0.5567854892918511,0.02,
uci-51,uci-51_labeled_train_validation,uci-51,21,6,1,real_independent_shadow_target_cross_release,granular_ball,release_3,random_forest,0.95,1200,600,33,0.36363636363636365,"official UCI ad.data; all 1,558 documented numeric fields retained; '?' is unknown and handled only by per-scope median imputation",0.5275680555555555,0.5309063592489719,0.013333333333333334,
uci-51,uci-51_labeled_train_validation,uci-51,21,6,1,real_independent_shadow_target_cross_release,matched_kmeans,release_3,logistic,0.95,1200,600,33,0.24242424242424243,"official UCI ad.data; all 1,558 documented numeric fields retained; '?' is unknown and handled only by per-scope median imputation",0.5858708333333333,0.5899536760050246,0.03833333333333333,
uci-51,uci-51_labeled_train_validation,uci-51,21,6,1,real_independent_shadow_target_cross_release,matched_kmeans,release_3,random_forest,0.95,1200,600,33,0.24242424242424243,"official UCI ad.data; all 1,558 documented numeric fields retained; '?' is unknown and handled only by per-scope median imputation",0.5716027777777778,0.5730008805005774,0.05333333333333334,
uci-51,uci-51_labeled_train_validation,uci-51,21,6,2,real_independent_shadow_target_cross_release,granular_ball,release_3,logistic,0.95,1200,600,34,0.29411764705882354,"official UCI ad.data; all 1,558 documented numeric fields retained; '?' is unknown and handled only by per-scope median imputation",0.5629430555555556,0.5718995113784902,0.025,
uci-51,uci-51_labeled_train_validation,uci-51,21,6,2,real_independent_shadow_target_cross_release,granular_ball,release_3,random_forest,0.95,1200,600,34,0.29411764705882354,"official UCI ad.data; all 1,558 documented numeric fields retained; '?' is unknown and handled only by per-scope median imputation",0.5470638888888888,0.5663514605918667,0.03666666666666667,
uci-51,uci-51_labeled_train_validation,uci-51,21,6,2,real_independent_shadow_target_cross_release,matched_kmeans,release_3,logistic,0.95,1200,600,34,0.2647058823529412,"official UCI ad.data; all 1,558 documented numeric fields retained; '?' is unknown and handled only by per-scope median imputation",0.5776777777777777,0.5923617631480635,0.03,
uci-51,uci-51_labeled_train_validation,uci-51,21,6,2,real_independent_shadow_target_cross_release,matched_kmeans,release_3,random_forest,0.95,1200,600,34,0.2647058823529412,"official UCI ad.data; all 1,558 documented numeric fields retained; '?' is unknown and handled only by per-scope median imputation",0.5540513888888889,0.5768573979845437,0.023333333333333334,
uci-51,uci-51_labeled_train_validation,uci-51,21,6,3,real_independent_shadow_target_cross_release,granular_ball,release_3,logistic,0.95,1200,600,37,0.4864864864864865,"official UCI ad.data; all 1,558 documented numeric fields retained; '?' is unknown and handled only by per-scope median imputation",0.5433194444444445,0.5526945569882492,0.016666666666666666,
uci-51,uci-51_labeled_train_validation,uci-51,21,6,3,real_independent_shadow_target_cross_release,granular_ball,release_3,random_forest,0.95,1200,600,37,0.4864864864864865,"official UCI ad.data; all 1,558 documented numeric fields retained; '?' is unknown and handled only by per-scope median imputation",0.576111111111111,0.5811848067844629,0.02666666666666667,
uci-51,uci-51_labeled_train_validation,uci-51,21,6,3,real_independent_shadow_target_cross_release,matched_kmeans,release_3,logistic,0.95,1200,600,37,0.24324324324324326,"official UCI ad.data; all 1,558 documented numeric fields retained; '?' is unknown and handled only by per-scope median imputation",0.5573388888888889,0.566684182310786,0.035,
uci-51,uci-51_labeled_train_validation,uci-51,21,6,3,real_independent_shadow_target_cross_release,matched_kmeans,release_3,random_forest,0.95,1200,600,37,0.24324324324324326,"official UCI ad.data; all 1,558 documented numeric fields retained; '?' is unknown and handled only by per-scope median imputation",0.5749472222222223,0.5833360750244584,0.02666666666666667,
uci-51,uci-51_labeled_train_validation,uci-51,21,6,4,real_independent_shadow_target_cross_release,granular_ball,release_3,logistic,0.95,1200,600,34,0.2647058823529412,"official UCI ad.data; all 1,558 documented numeric fields retained; '?' is unknown and handled only by per-scope median imputation",0.5521638888888889,0.5474478970134375,0.013333333333333334,
uci-51,uci-51_labeled_train_validation,uci-51,21,6,4,real_independent_shadow_target_cross_release,granular_ball,release_3,random_forest,0.95,1200,600,34,0.2647058823529412,"official UCI ad.data; all 1,558 documented numeric fields retained; '?' is unknown and handled only by per-scope median imputation",0.5399625,0.5512389173611365,0.025,
uci-51,uci-51_labeled_train_validation,uci-51,21,6,4,real_independent_shadow_target_cross_release,matched_kmeans,release_3,logistic,0.95,1200,600,34,0.23529411764705882,"official UCI ad.data; all 1,558 documented numeric fields retained; '?' is unknown and handled only by per-scope median imputation",0.5534833333333333,0.554335981565691,0.016666666666666666,
uci-51,uci-51_labeled_train_validation,uci-51,21,6,4,real_independent_shadow_target_cross_release,matched_kmeans,release_3,random_forest,0.95,1200,600,34,0.23529411764705882,"official UCI ad.data; all 1,558 documented numeric fields retained; '?' is unknown and handled only by per-scope median imputation",0.5580055555555555,0.5676790474770167,0.03833333333333333,
uci-51,uci-51_labeled_train_validation,uci-51,21,6,0,real_independent_shadow_target_cross_release,granular_ball,release_1,logistic,0.99,1200,600,42,0.38095238095238093,"official UCI ad.data; all 1,558 documented numeric fields retained; '?' is unknown and handled only by per-scope median imputation",0.5392611111111112,0.5403988866885245,0.016666666666666666,
uci-51,uci-51_labeled_train_validation,uci-51,21,6,0,real_independent_shadow_target_cross_release,granular_ball,release_1,random_forest,0.99,1200,600,42,0.38095238095238093,"official UCI ad.data; all 1,558 documented numeric fields retained; '?' is unknown and handled only by per-scope median imputation",0.5155694444444444,0.5337036153883927,0.03333333333333333,
uci-51,uci-51_labeled_train_validation,uci-51,21,6,0,real_independent_shadow_target_cross_release,matched_kmeans,release_1,logistic,0.99,1200,600,42,0.23809523809523808,"official UCI ad.data; all 1,558 documented numeric fields retained; '?' is unknown and handled only by per-scope median imputation",0.5586833333333334,0.5501183173837675,0.01,
uci-51,uci-51_labeled_train_validation,uci-51,21,6,0,real_independent_shadow_target_cross_release,matched_kmeans,release_1,random_forest,0.99,1200,600,42,0.23809523809523808,"official UCI ad.data; all 1,558 documented numeric fields retained; '?' is unknown and handled only by per-scope median imputation",0.5242972222222222,0.5143604895933844,0.01,
uci-51,uci-51_labeled_train_validation,uci-51,21,6,1,real_independent_shadow_target_cross_release,granular_ball,release_1,logistic,0.99,1200,600,33,0.36363636363636365,"official UCI ad.data; all 1,558 documented numeric fields retained; '?' is unknown and handled only by per-scope median imputation",0.5548333333333333,0.5547004665051203,0.015,
uci-51,uci-51_labeled_train_validation,uci-51,21,6,1,real_independent_shadow_target_cross_release,granular_ball,release_1,random_forest,0.99,1200,600,33,0.36363636363636365,"official UCI ad.data; all 1,558 documented numeric fields retained; '?' is unknown and handled only by per-scope median imputation",0.48720694444444446,0.500060622246654,0.021666666666666667,
uci-51,uci-51_labeled_train_validation,uci-51,21,6,1,real_independent_shadow_target_cross_release,matched_kmeans,release_1,logistic,0.99,1200,600,33,0.24242424242424243,"official UCI ad.data; all 1,558 documented numeric fields retained; '?' is unknown and handled only by per-scope median imputation",0.5875736111111112,0.582033724995131,0.028333333333333332,
uci-51,uci-51_labeled_train_validation,uci-51,21,6,1,real_independent_shadow_target_cross_release,matched_kmeans,release_1,random_forest,0.99,1200,600,33,0.24242424242424243,"official UCI ad.data; all 1,558 documented numeric fields retained; '?' is unknown and handled only by per-scope median imputation",0.5357041666666666,0.5249173297805111,0.018333333333333333,
uci-51,uci-51_labeled_train_validation,uci-51,21,6,2,real_independent_shadow_target_cross_release,granular_ball,release_1,logistic,0.99,1200,600,34,0.29411764705882354,"official UCI ad.data; all 1,558 documented numeric fields retained; '?' is unknown and handled only by per-scope median imputation",0.5610430555555556,0.5712508731551508,0.016666666666666666,
uci-51,uci-51_labeled_train_validation,uci-51,21,6,2,real_independent_shadow_target_cross_release,granular_ball,release_1,random_forest,0.99,1200,600,34,0.29411764705882354,"official UCI ad.data; all 1,558 documented numeric fields retained; '?' is unknown and handled only by per-scope median imputation",0.5004166666666667,0.5122626057237176,0.02,
uci-51,uci-51_labeled_train_validation,uci-51,21,6,2,real_independent_shadow_target_cross_release,matched_kmeans,release_1,logistic,0.99,1200,600,34,0.2647058823529412,"official UCI ad.data; all 1,558 documented numeric fields retained; '?' is unknown and handled only by per-scope median imputation",0.5722166666666667,0.5728283628443879,0.021666666666666667,
uci-51,uci-51_labeled_train_validation,uci-51,21,6,2,real_independent_shadow_target_cross_release,matched_kmeans,release_1,random_forest,0.99,1200,600,34,0.2647058823529412,"official UCI ad.data; all 1,558 documented numeric fields retained; '?' is unknown and handled only by per-scope median imputation",0.5383041666666667,0.5410803782913162,0.02,
uci-51,uci-51_labeled_train_validation,uci-51,21,6,3,real_independent_shadow_target_cross_release,granular_ball,release_1,logistic,0.99,1200,600,41,0.5121951219512195,"official UCI ad.data; all 1,558 documented numeric fields retained; '?' is unknown and handled only by per-scope median imputation",0.5342972222222222,0.5431602041211397,0.013333333333333334,
uci-51,uci-51_labeled_train_validation,uci-51,21,6,3,real_independent_shadow_target_cross_release,granular_ball,release_1,random_forest,0.99,1200,600,41,0.5121951219512195,"official UCI ad.data; all 1,558 documented numeric fields retained; '?' is unknown and handled only by per-scope median imputation",0.53685,0.5325076725561892,0.011666666666666667,
uci-51,uci-51_labeled_train_validation,uci-51,21,6,3,real_independent_shadow_target_cross_release,matched_kmeans,release_1,logistic,0.99,1200,600,41,0.2682926829268293,"official UCI ad.data; all 1,558 documented numeric fields retained; '?' is unknown and handled only by per-scope median imputation",0.5590222222222221,0.5577708013080844,0.016666666666666666,
uci-51,uci-51_labeled_train_validation,uci-51,21,6,3,real_independent_shadow_target_cross_release,matched_kmeans,release_1,random_forest,0.99,1200,600,41,0.2682926829268293,"official UCI ad.data; all 1,558 documented numeric fields retained; '?' is unknown and handled only by per-scope median imputation",0.5468236111111111,0.5610897314460559,0.03333333333333333,
uci-51,uci-51_labeled_train_validation,uci-51,21,6,4,real_independent_shadow_target_cross_release,granular_ball,release_1,logistic,0.99,1200,600,38,0.2631578947368421,"official UCI ad.data; all 1,558 documented numeric fields retained; '?' is unknown and handled only by per-scope median imputation",0.5578166666666666,0.5470088433071092,0.008333333333333333,
uci-51,uci-51_labeled_train_validation,uci-51,21,6,4,real_independent_shadow_target_cross_release,granular_ball,release_1,random_forest,0.99,1200,600,38,0.2631578947368421,"official UCI ad.data; all 1,558 documented numeric fields retained; '?' is unknown and handled only by per-scope median imputation",0.5051375,0.5149479398836857,0.018333333333333333,
uci-51,uci-51_labeled_train_validation,uci-51,21,6,4,real_independent_shadow_target_cross_release,matched_kmeans,release_1,logistic,0.99,1200,600,38,0.2631578947368421,"official UCI ad.data; all 1,558 documented numeric fields retained; '?' is unknown and handled only by per-scope median imputation",0.560325,0.551142022333998,0.013333333333333334,
uci-51,uci-51_labeled_train_validation,uci-51,21,6,4,real_independent_shadow_target_cross_release,matched_kmeans,release_1,random_forest,0.99,1200,600,38,0.2631578947368421,"official UCI ad.data; all 1,558 documented numeric fields retained; '?' is unknown and handled only by per-scope median imputation",0.551025,0.5482576018862602,0.016666666666666666,
uci-51,uci-51_labeled_train_validation,uci-51,21,6,0,real_independent_shadow_target_cross_release,granular_ball,release_2,logistic,0.99,1200,600,42,0.38095238095238093,"official UCI ad.data; all 1,558 documented numeric fields retained; '?' is unknown and handled only by per-scope median imputation",0.5531472222222222,0.5551172230400725,0.016666666666666666,
uci-51,uci-51_labeled_train_validation,uci-51,21,6,0,real_independent_shadow_target_cross_release,granular_ball,release_2,random_forest,0.99,1200,600,42,0.38095238095238093,"official UCI ad.data; all 1,558 documented numeric fields retained; '?' is unknown and handled only by per-scope median imputation",0.5829736111111111,0.5818713724010971,0.035,
uci-51,uci-51_labeled_train_validation,uci-51,21,6,0,real_independent_shadow_target_cross_release,matched_kmeans,release_2,logistic,0.99,1200,600,42,0.23809523809523808,"official UCI ad.data; all 1,558 documented numeric fields retained; '?' is unknown and handled only by per-scope median imputation",0.5653333333333334,0.5607524354009454,0.01,
uci-51,uci-51_labeled_train_validation,uci-51,21,6,0,real_independent_shadow_target_cross_release,matched_kmeans,release_2,random_forest,0.99,1200,600,42,0.23809523809523808,"official UCI ad.data; all 1,558 documented numeric fields retained; '?' is unknown and handled only by per-scope median imputation",0.5606972222222222,0.5684932203390287,0.023333333333333334,
uci-51,uci-51_labeled_train_validation,uci-51,21,6,1,real_independent_shadow_target_cross_release,granular_ball,release_2,logistic,0.99,1200,600,33,0.36363636363636365,"official UCI ad.data; all 1,558 documented numeric fields retained; '?' is unknown and handled only by per-scope median imputation",0.5613333333333332,0.565043126743836,0.015,
uci-51,uci-51_labeled_train_validation,uci-51,21,6,1,real_independent_shadow_target_cross_release,granular_ball,release_2,random_forest,0.99,1200,600,33,0.36363636363636365,"official UCI ad.data; all 1,558 documented numeric fields retained; '?' is unknown and handled only by per-scope median imputation",0.5230555555555555,0.5227785914005147,0.025,
uci-51,uci-51_labeled_train_validation,uci-51,21,6,1,real_independent_shadow_target_cross_release,matched_kmeans,release_2,logistic,0.99,1200,600,33,0.24242424242424243,"official UCI ad.data; all 1,558 documented numeric fields retained; '?' is unknown and handled only by per-scope median imputation",0.5903708333333333,0.5924368437301814,0.03666666666666667,
uci-51,uci-51_labeled_train_validation,uci-51,21,6,1,real_independent_shadow_target_cross_release,matched_kmeans,release_2,random_forest,0.99,1200,600,33,0.24242424242424243,"official UCI ad.data; all 1,558 documented numeric fields retained; '?' is unknown and handled only by per-scope median imputation",0.5942625,0.5934078162953351,0.045,
uci-51,uci-51_labeled_train_validation,uci-51,21,6,2,real_independent_shadow_target_cross_release,granular_ball,release_2,logistic,0.99,1200,600,34,0.29411764705882354,"official UCI ad.data; all 1,558 documented numeric fields retained; '?' is unknown and handled only by per-scope median imputation",0.5651847222222223,0.5713240213057181,0.021666666666666667,
uci-51,uci-51_labeled_train_validation,uci-51,21,6,2,real_independent_shadow_target_cross_release,granular_ball,release_2,random_forest,0.99,1200,600,34,0.29411764705882354,"official UCI ad.data; all 1,558 documented numeric fields retained; '?' is unknown and handled only by per-scope median imputation",0.5407263888888889,0.5610277132462792,0.03166666666666667,
uci-51,uci-51_labeled_train_validation,uci-51,21,6,2,real_independent_shadow_target_cross_release,matched_kmeans,release_2,logistic,0.99,1200,600,34,0.2647058823529412,"official UCI ad.data; all 1,558 documented numeric fields retained; '?' is unknown and handled only by per-scope median imputation",0.5729944444444445,0.5658339495423665,0.02,
uci-51,uci-51_labeled_train_validation,uci-51,21,6,2,real_independent_shadow_target_cross_release,matched_kmeans,release_2,random_forest,0.99,1200,600,34,0.2647058823529412,"official UCI ad.data; all 1,558 documented numeric fields retained; '?' is unknown and handled only by per-scope median imputation",0.5684666666666667,0.57861776186097,0.03333333333333333,
uci-51,uci-51_labeled_train_validation,uci-51,21,6,3,real_independent_shadow_target_cross_release,granular_ball,release_2,logistic,0.99,1200,600,41,0.5121951219512195,"official UCI ad.data; all 1,558 documented numeric fields retained; '?' is unknown and handled only by per-scope median imputation",0.5439333333333333,0.5492951373908026,0.016666666666666666,
uci-51,uci-51_labeled_train_validation,uci-51,21,6,3,real_independent_shadow_target_cross_release,granular_ball,release_2,random_forest,0.99,1200,600,41,0.5121951219512195,"official UCI ad.data; all 1,558 documented numeric fields retained; '?' is unknown and handled only by per-scope median imputation",0.5581194444444444,0.5701153056358201,0.03333333333333333,
uci-51,uci-51_labeled_train_validation,uci-51,21,6,3,real_independent_shadow_target_cross_release,matched_kmeans,release_2,logistic,0.99,1200,600,41,0.2682926829268293,"official UCI ad.data; all 1,558 documented numeric fields retained; '?' is unknown and handled only by per-scope median imputation",0.5635,0.5653904770622974,0.02666666666666667,
uci-51,uci-51_labeled_train_validation,uci-51,21,6,3,real_independent_shadow_target_cross_release,matched_kmeans,release_2,random_forest,0.99,1200,600,41,0.2682926829268293,"official UCI ad.data; all 1,558 documented numeric fields retained; '?' is unknown and handled only by per-scope median imputation",0.5625958333333333,0.5809445729125832,0.03166666666666667,
uci-51,uci-51_labeled_train_validation,uci-51,21,6,4,real_independent_shadow_target_cross_release,granular_ball,release_2,logistic,0.99,1200,600,38,0.2631578947368421,"official UCI ad.data; all 1,558 documented numeric fields retained; '?' is unknown and handled only by per-scope median imputation",0.5629833333333334,0.5512399262703734,0.008333333333333333,
uci-51,uci-51_labeled_train_validation,uci-51,21,6,4,real_independent_shadow_target_cross_release,granular_ball,release_2,random_forest,0.99,1200,600,38,0.2631578947368421,"official UCI ad.data; all 1,558 documented numeric fields retained; '?' is unknown and handled only by per-scope median imputation",0.5182972222222222,0.5409030987328431,0.023333333333333334,
uci-51,uci-51_labeled_train_validation,uci-51,21,6,4,real_independent_shadow_target_cross_release,matched_kmeans,release_2,logistic,0.99,1200,600,38,0.2631578947368421,"official UCI ad.data; all 1,558 documented numeric fields retained; '?' is unknown and handled only by per-scope median imputation",0.5646694444444444,0.5607455461208565,0.011666666666666667,
uci-51,uci-51_labeled_train_validation,uci-51,21,6,4,real_independent_shadow_target_cross_release,matched_kmeans,release_2,random_forest,0.99,1200,600,38,0.2631578947368421,"official UCI ad.data; all 1,558 documented numeric fields retained; '?' is unknown and handled only by per-scope median imputation",0.5674152777777778,0.5650000658878989,0.023333333333333334,
uci-51,uci-51_labeled_train_validation,uci-51,21,6,0,real_independent_shadow_target_cross_release,granular_ball,release_3,logistic,0.99,1200,600,42,0.38095238095238093,"official UCI ad.data; all 1,558 documented numeric fields retained; '?' is unknown and handled only by per-scope median imputation",0.5497583333333333,0.5658381182090805,0.02,
uci-51,uci-51_labeled_train_validation,uci-51,21,6,0,real_independent_shadow_target_cross_release,granular_ball,release_3,random_forest,0.99,1200,600,42,0.38095238095238093,"official UCI ad.data; all 1,558 documented numeric fields retained; '?' is unknown and handled only by per-scope median imputation",0.5939222222222222,0.5861074921785667,0.041666666666666664,
uci-51,uci-51_labeled_train_validation,uci-51,21,6,0,real_independent_shadow_target_cross_release,matched_kmeans,release_3,logistic,0.99,1200,600,42,0.23809523809523808,"official UCI ad.data; all 1,558 documented numeric fields retained; '?' is unknown and handled only by per-scope median imputation",0.5667416666666667,0.5711332199638187,0.02,
uci-51,uci-51_labeled_train_validation,uci-51,21,6,0,real_independent_shadow_target_cross_release,matched_kmeans,release_3,random_forest,0.99,1200,600,42,0.23809523809523808,"official UCI ad.data; all 1,558 documented numeric fields retained; '?' is unknown and handled only by per-scope median imputation",0.5822152777777778,0.5859030864618313,0.016666666666666666,
uci-51,uci-51_labeled_train_validation,uci-51,21,6,1,real_independent_shadow_target_cross_release,granular_ball,release_3,logistic,0.99,1200,600,33,0.36363636363636365,"official UCI ad.data; all 1,558 documented numeric fields retained; '?' is unknown and handled only by per-scope median imputation",0.5546305555555556,0.5567854892918511,0.02,
uci-51,uci-51_labeled_train_validation,uci-51,21,6,1,real_independent_shadow_target_cross_release,granular_ball,release_3,random_forest,0.99,1200,600,33,0.36363636363636365,"official UCI ad.data; all 1,558 documented numeric fields retained; '?' is unknown and handled only by per-scope median imputation",0.5275680555555555,0.5309063592489719,0.013333333333333334,
uci-51,uci-51_labeled_train_validation,uci-51,21,6,1,real_independent_shadow_target_cross_release,matched_kmeans,release_3,logistic,0.99,1200,600,33,0.24242424242424243,"official UCI ad.data; all 1,558 documented numeric fields retained; '?' is unknown and handled only by per-scope median imputation",0.5858708333333333,0.5899536760050246,0.03833333333333333,
uci-51,uci-51_labeled_train_validation,uci-51,21,6,1,real_independent_shadow_target_cross_release,matched_kmeans,release_3,random_forest,0.99,1200,600,33,0.24242424242424243,"official UCI ad.data; all 1,558 documented numeric fields retained; '?' is unknown and handled only by per-scope median imputation",0.5716027777777778,0.5730008805005774,0.05333333333333334,
uci-51,uci-51_labeled_train_validation,uci-51,21,6,2,real_independent_shadow_target_cross_release,granular_ball,release_3,logistic,0.99,1200,600,34,0.29411764705882354,"official UCI ad.data; all 1,558 documented numeric fields retained; '?' is unknown and handled only by per-scope median imputation",0.5629430555555556,0.5718995113784902,0.025,
uci-51,uci-51_labeled_train_validation,uci-51,21,6,2,real_independent_shadow_target_cross_release,granular_ball,release_3,random_forest,0.99,1200,600,34,0.29411764705882354,"official UCI ad.data; all 1,558 documented numeric fields retained; '?' is unknown and handled only by per-scope median imputation",0.5470638888888888,0.5663514605918667,0.03666666666666667,
uci-51,uci-51_labeled_train_validation,uci-51,21,6,2,real_independent_shadow_target_cross_release,matched_kmeans,release_3,logistic,0.99,1200,600,34,0.2647058823529412,"official UCI ad.data; all 1,558 documented numeric fields retained; '?' is unknown and handled only by per-scope median imputation",0.5776777777777777,0.5923617631480635,0.03,
uci-51,uci-51_labeled_train_validation,uci-51,21,6,2,real_independent_shadow_target_cross_release,matched_kmeans,release_3,random_forest,0.99,1200,600,34,0.2647058823529412,"official UCI ad.data; all 1,558 documented numeric fields retained; '?' is unknown and handled only by per-scope median imputation",0.5540513888888889,0.5768573979845437,0.023333333333333334,
uci-51,uci-51_labeled_train_validation,uci-51,21,6,3,real_independent_shadow_target_cross_release,granular_ball,release_3,logistic,0.99,1200,600,41,0.5121951219512195,"official UCI ad.data; all 1,558 documented numeric fields retained; '?' is unknown and handled only by per-scope median imputation",0.5465166666666667,0.5563870890950712,0.016666666666666666,
uci-51,uci-51_labeled_train_validation,uci-51,21,6,3,real_independent_shadow_target_cross_release,granular_ball,release_3,random_forest,0.99,1200,600,41,0.5121951219512195,"official UCI ad.data; all 1,558 documented numeric fields retained; '?' is unknown and handled only by per-scope median imputation",0.5787291666666667,0.5878373972331769,0.03166666666666667,
uci-51,uci-51_labeled_train_validation,uci-51,21,6,3,real_independent_shadow_target_cross_release,matched_kmeans,release_3,logistic,0.99,1200,600,41,0.2682926829268293,"official UCI ad.data; all 1,558 documented numeric fields retained; '?' is unknown and handled only by per-scope median imputation",0.5601499999999999,0.5696714567450808,0.03666666666666667,
uci-51,uci-51_labeled_train_validation,uci-51,21,6,3,real_independent_shadow_target_cross_release,matched_kmeans,release_3,random_forest,0.99,1200,600,41,0.2682926829268293,"official UCI ad.data; all 1,558 documented numeric fields retained; '?' is unknown and handled only by per-scope median imputation",0.5684736111111112,0.5734788368316317,0.03,
uci-51,uci-51_labeled_train_validation,uci-51,21,6,4,real_independent_shadow_target_cross_release,granular_ball,release_3,logistic,0.99,1200,600,38,0.2631578947368421,"official UCI ad.data; all 1,558 documented numeric fields retained; '?' is unknown and handled only by per-scope median imputation",0.5523111111111112,0.5499846377557728,0.013333333333333334,
uci-51,uci-51_labeled_train_validation,uci-51,21,6,4,real_independent_shadow_target_cross_release,granular_ball,release_3,random_forest,0.99,1200,600,38,0.2631578947368421,"official UCI ad.data; all 1,558 documented numeric fields retained; '?' is unknown and handled only by per-scope median imputation",0.5441138888888889,0.5586271803267765,0.03166666666666667,
uci-51,uci-51_labeled_train_validation,uci-51,21,6,4,real_independent_shadow_target_cross_release,matched_kmeans,release_3,logistic,0.99,1200,600,38,0.2631578947368421,"official UCI ad.data; all 1,558 documented numeric fields retained; '?' is unknown and handled only by per-scope median imputation",0.5584472222222222,0.5591123696107655,0.021666666666666667,
uci-51,uci-51_labeled_train_validation,uci-51,21,6,4,real_independent_shadow_target_cross_release,matched_kmeans,release_3,random_forest,0.99,1200,600,38,0.2631578947368421,"official UCI ad.data; all 1,558 documented numeric fields retained; '?' is unknown and handled only by per-scope median imputation",0.558225,0.5718125555747802,0.03666666666666667,
