dataset,source,seed,threshold,release,method,attack,n,d,classes,number_of_balls,mean_ball_size,median_ball_size,min_ball_size,max_ball_size,singleton_count,fraction_size_le_2,fraction_size_le_5,mean_radius,median_radius,purity_mean,purity_median,purity_q25,purity_q75,base_dataset,training_label_noise,split_protocol,roc_auc,pr_auc,tpr_at_1pct_fpr,tpr_at_0_1pct_fpr
musk1_group_trainnoise0,UCI id=74 cached official retrieval; molecule_name group split,2,0.7,release_1,granular_ball,logistic,476,166,2,40,5.975,3.5,1,26,6,0.425,0.675,4.652978160848228,4.367164176460957,0.9168398268398269,1.0,0.9166666666666666,1.0,musk1,0.0,StratifiedGroupKFold_by_molecule,0.7987858071178051,0.785094795601998,0.07172995780590717,nan
musk1_group_trainnoise0,UCI id=74 cached official retrieval; molecule_name group split,2,0.7,release_1,granular_ball,random_forest,476,166,2,40,5.975,3.5,1,26,6,0.425,0.675,4.652978160848228,4.367164176460957,0.9168398268398269,1.0,0.9166666666666666,1.0,musk1,0.0,StratifiedGroupKFold_by_molecule,0.7847211095088037,0.792509127658025,0.07172995780590717,nan
musk1_group_trainnoise0,UCI id=74 cached official retrieval; molecule_name group split,2,0.7,release_1,matched_kmeans,logistic,476,166,2,40,5.975,5.0,1,17,5,0.2,0.525,5.000966195289232,5.828116780470208,0.9054026610644257,1.0,0.8,1.0,musk1,0.0,StratifiedGroupKFold_by_molecule,0.8422973526322347,0.8327739572283952,0.16455696202531644,nan
musk1_group_trainnoise0,UCI id=74 cached official retrieval; molecule_name group split,2,0.7,release_1,matched_kmeans,random_forest,476,166,2,40,5.975,5.0,1,17,5,0.2,0.525,5.000966195289232,5.828116780470208,0.9054026610644257,1.0,0.8,1.0,musk1,0.0,StratifiedGroupKFold_by_molecule,0.8142035642436218,0.7868264045854577,0.016877637130801686,nan
musk1_group_trainnoise0,UCI id=74 cached official retrieval; molecule_name group split,2,0.7,release_2,granular_ball,logistic,476,166,2,40,5.975,3.5,1,26,6,0.425,0.675,4.652978160848228,4.367164176460957,0.9168398268398269,1.0,0.9166666666666666,1.0,musk1,0.0,StratifiedGroupKFold_by_molecule,0.8127258808239419,0.7821565850109831,0.04219409282700422,nan
musk1_group_trainnoise0,UCI id=74 cached official retrieval; molecule_name group split,2,0.7,release_2,granular_ball,random_forest,476,166,2,40,5.975,3.5,1,26,6,0.425,0.675,4.652978160848228,4.367164176460957,0.9168398268398269,1.0,0.9166666666666666,1.0,musk1,0.0,StratifiedGroupKFold_by_molecule,0.822099378660827,0.8212126804320375,0.189873417721519,nan
musk1_group_trainnoise0,UCI id=74 cached official retrieval; molecule_name group split,2,0.7,release_2,matched_kmeans,logistic,476,166,2,40,5.975,5.0,1,17,5,0.2,0.525,5.000966195289232,5.828116780470208,0.9054026610644257,1.0,0.8,1.0,musk1,0.0,StratifiedGroupKFold_by_molecule,0.8574302551229326,0.8348887325520276,0.13924050632911392,nan
musk1_group_trainnoise0,UCI id=74 cached official retrieval; molecule_name group split,2,0.7,release_2,matched_kmeans,random_forest,476,166,2,40,5.975,5.0,1,17,5,0.2,0.525,5.000966195289232,5.828116780470208,0.9054026610644257,1.0,0.8,1.0,musk1,0.0,StratifiedGroupKFold_by_molecule,0.8534066834018764,0.8571797457204982,0.25738396624472576,nan
musk1_group_trainnoise0,UCI id=74 cached official retrieval; molecule_name group split,2,0.7,release_3,granular_ball,logistic,476,166,2,40,5.975,3.5,1,26,6,0.425,0.675,4.652978160848228,4.367164176460957,0.9168398268398269,1.0,0.9166666666666666,1.0,musk1,0.0,StratifiedGroupKFold_by_molecule,0.8180312984030337,0.8015865238651687,0.05063291139240506,nan
musk1_group_trainnoise0,UCI id=74 cached official retrieval; molecule_name group split,2,0.7,release_3,granular_ball,random_forest,476,166,2,40,5.975,3.5,1,26,6,0.425,0.675,4.652978160848228,4.367164176460957,0.9168398268398269,1.0,0.9166666666666666,1.0,musk1,0.0,StratifiedGroupKFold_by_molecule,0.8321672096708148,0.840505845029424,0.18143459915611815,nan
musk1_group_trainnoise0,UCI id=74 cached official retrieval; molecule_name group split,2,0.7,release_3,matched_kmeans,logistic,476,166,2,40,5.975,5.0,1,17,5,0.2,0.525,5.000966195289232,5.828116780470208,0.9054026610644257,1.0,0.8,1.0,musk1,0.0,StratifiedGroupKFold_by_molecule,0.8609731346472254,0.8379568362578588,0.0970464135021097,nan
musk1_group_trainnoise0,UCI id=74 cached official retrieval; molecule_name group split,2,0.7,release_3,matched_kmeans,random_forest,476,166,2,40,5.975,5.0,1,17,5,0.2,0.525,5.000966195289232,5.828116780470208,0.9054026610644257,1.0,0.8,1.0,musk1,0.0,StratifiedGroupKFold_by_molecule,0.8673734622300557,0.8741517218124869,0.31645569620253167,nan
musk1_group_trainnoise0,UCI id=74 cached official retrieval; molecule_name group split,2,0.8,release_1,granular_ball,logistic,476,166,2,43,5.558139534883721,3.0,1,26,7,0.4883720930232558,0.7209302325581395,4.375569251402242,4.244004740655803,0.9226416993858855,1.0,0.930952380952381,1.0,musk1,0.0,StratifiedGroupKFold_by_molecule,0.8063522583631542,0.7961225268697807,0.0759493670886076,nan
musk1_group_trainnoise0,UCI id=74 cached official retrieval; molecule_name group split,2,0.8,release_1,granular_ball,random_forest,476,166,2,43,5.558139534883721,3.0,1,26,7,0.4883720930232558,0.7209302325581395,4.375569251402242,4.244004740655803,0.9226416993858855,1.0,0.930952380952381,1.0,musk1,0.0,StratifiedGroupKFold_by_molecule,0.8062988481190693,0.8258019185831909,0.16877637130801687,nan
musk1_group_trainnoise0,UCI id=74 cached official retrieval; molecule_name group split,2,0.8,release_1,matched_kmeans,logistic,476,166,2,43,5.558139534883721,5.0,1,17,6,0.23255813953488372,0.5813953488372093,4.775492235948004,5.477385197371663,0.9085141033157449,1.0,0.8166666666666667,1.0,musk1,0.0,StratifiedGroupKFold_by_molecule,0.8459648560593922,0.8394779014330186,0.18565400843881857,nan
musk1_group_trainnoise0,UCI id=74 cached official retrieval; molecule_name group split,2,0.8,release_1,matched_kmeans,random_forest,476,166,2,43,5.558139534883721,5.0,1,17,6,0.23255813953488372,0.5813953488372093,4.775492235948004,5.477385197371663,0.9085141033157449,1.0,0.8166666666666667,1.0,musk1,0.0,StratifiedGroupKFold_by_molecule,0.8186099093806192,0.8100707936045339,0.08438818565400844,nan
musk1_group_trainnoise0,UCI id=74 cached official retrieval; molecule_name group split,2,0.8,release_2,granular_ball,logistic,476,166,2,43,5.558139534883721,3.0,1,26,7,0.4883720930232558,0.7209302325581395,4.375569251402242,4.244004740655803,0.9226416993858855,1.0,0.930952380952381,1.0,musk1,0.0,StratifiedGroupKFold_by_molecule,0.8221082803681746,0.7925879321102376,0.05063291139240506,nan
musk1_group_trainnoise0,UCI id=74 cached official retrieval; molecule_name group split,2,0.8,release_2,granular_ball,random_forest,476,166,2,43,5.558139534883721,3.0,1,26,7,0.4883720930232558,0.7209302325581395,4.375569251402242,4.244004740655803,0.9226416993858855,1.0,0.930952380952381,1.0,musk1,0.0,StratifiedGroupKFold_by_molecule,0.831811141376916,0.8413480792453528,0.22362869198312235,nan
musk1_group_trainnoise0,UCI id=74 cached official retrieval; molecule_name group split,2,0.8,release_2,matched_kmeans,logistic,476,166,2,43,5.558139534883721,5.0,1,17,6,0.23255813953488372,0.5813953488372093,4.775492235948004,5.477385197371663,0.9085141033157449,1.0,0.8166666666666667,1.0,musk1,0.0,StratifiedGroupKFold_by_molecule,0.8589613487866973,0.8353994205427709,0.1308016877637131,nan
musk1_group_trainnoise0,UCI id=74 cached official retrieval; molecule_name group split,2,0.8,release_2,matched_kmeans,random_forest,476,166,2,43,5.558139534883721,5.0,1,17,6,0.23255813953488372,0.5813953488372093,4.775492235948004,5.477385197371663,0.9085141033157449,1.0,0.8166666666666667,1.0,musk1,0.0,StratifiedGroupKFold_by_molecule,0.8522138546173156,0.8512419770800244,0.23628691983122363,nan
musk1_group_trainnoise0,UCI id=74 cached official retrieval; molecule_name group split,2,0.8,release_3,granular_ball,logistic,476,166,2,43,5.558139534883721,3.0,1,26,7,0.4883720930232558,0.7209302325581395,4.375569251402242,4.244004740655803,0.9226416993858855,1.0,0.930952380952381,1.0,musk1,0.0,StratifiedGroupKFold_by_molecule,0.8297459452723033,0.819044183406128,0.046413502109704644,nan
musk1_group_trainnoise0,UCI id=74 cached official retrieval; molecule_name group split,2,0.8,release_3,granular_ball,random_forest,476,166,2,43,5.558139534883721,3.0,1,26,7,0.4883720930232558,0.7209302325581395,4.375569251402242,4.244004740655803,0.9226416993858855,1.0,0.930952380952381,1.0,musk1,0.0,StratifiedGroupKFold_by_molecule,0.8431341131228971,0.8607073746451945,0.3291139240506329,nan
musk1_group_trainnoise0,UCI id=74 cached official retrieval; molecule_name group split,2,0.8,release_3,matched_kmeans,logistic,476,166,2,43,5.558139534883721,5.0,1,17,6,0.23255813953488372,0.5813953488372093,4.775492235948004,5.477385197371663,0.9085141033157449,1.0,0.8166666666666667,1.0,musk1,0.0,StratifiedGroupKFold_by_molecule,0.8621303566023962,0.8373283238706349,0.0970464135021097,nan
musk1_group_trainnoise0,UCI id=74 cached official retrieval; molecule_name group split,2,0.8,release_3,matched_kmeans,random_forest,476,166,2,43,5.558139534883721,5.0,1,17,6,0.23255813953488372,0.5813953488372093,4.775492235948004,5.477385197371663,0.9085141033157449,1.0,0.8166666666666667,1.0,musk1,0.0,StratifiedGroupKFold_by_molecule,0.8641866509996616,0.8700498190744064,0.3291139240506329,nan
musk1_group_trainnoise0,UCI id=74 cached official retrieval; molecule_name group split,2,0.9,release_1,granular_ball,logistic,476,166,2,53,4.509433962264151,2.0,1,26,11,0.5471698113207547,0.7924528301886793,3.9320468449144403,3.9454683028014284,0.9179204443355385,1.0,1.0,1.0,musk1,0.0,StratifiedGroupKFold_by_molecule,0.8316687140593566,0.8155078625237442,0.09282700421940929,nan
musk1_group_trainnoise0,UCI id=74 cached official retrieval; molecule_name group split,2,0.9,release_1,granular_ball,random_forest,476,166,2,53,4.509433962264151,2.0,1,26,11,0.5471698113207547,0.7924528301886793,3.9320468449144403,3.9454683028014284,0.9179204443355385,1.0,1.0,1.0,musk1,0.0,StratifiedGroupKFold_by_molecule,0.8353095123644716,0.8263584114355111,0.05063291139240506,nan
musk1_group_trainnoise0,UCI id=74 cached official retrieval; molecule_name group split,2,0.9,release_1,matched_kmeans,logistic,476,166,2,53,4.509433962264151,4.0,1,13,9,0.32075471698113206,0.6792452830188679,4.321409241792295,5.155153234072664,0.9294568115322832,1.0,1.0,1.0,musk1,0.0,StratifiedGroupKFold_by_molecule,0.8744503195712938,0.8709577168898575,0.25316455696202533,nan
musk1_group_trainnoise0,UCI id=74 cached official retrieval; molecule_name group split,2,0.9,release_1,matched_kmeans,random_forest,476,166,2,53,4.509433962264151,4.0,1,13,9,0.32075471698113206,0.6792452830188679,4.321409241792295,5.155153234072664,0.9294568115322832,1.0,1.0,1.0,musk1,0.0,StratifiedGroupKFold_by_molecule,0.8591393829336467,0.8465378849151661,0.189873417721519,nan
musk1_group_trainnoise0,UCI id=74 cached official retrieval; molecule_name group split,2,0.9,release_2,granular_ball,logistic,476,166,2,53,4.509433962264151,2.0,1,26,11,0.5471698113207547,0.7924528301886793,3.9320468449144403,3.9454683028014284,0.9179204443355385,1.0,1.0,1.0,musk1,0.0,StratifiedGroupKFold_by_molecule,0.850647154124161,0.8112622236242367,0.04219409282700422,nan
musk1_group_trainnoise0,UCI id=74 cached official retrieval; molecule_name group split,2,0.9,release_2,granular_ball,random_forest,476,166,2,53,4.509433962264151,2.0,1,26,11,0.5471698113207547,0.7924528301886793,3.9320468449144403,3.9454683028014284,0.9179204443355385,1.0,1.0,1.0,musk1,0.0,StratifiedGroupKFold_by_molecule,0.8681301073545906,0.875225704583435,0.27848101265822783,nan
musk1_group_trainnoise0,UCI id=74 cached official retrieval; molecule_name group split,2,0.9,release_2,matched_kmeans,logistic,476,166,2,53,4.509433962264151,4.0,1,13,9,0.32075471698113206,0.6792452830188679,4.321409241792295,5.155153234072664,0.9294568115322832,1.0,1.0,1.0,musk1,0.0,StratifiedGroupKFold_by_molecule,0.8838327191155264,0.8709969856922968,0.16455696202531644,nan
musk1_group_trainnoise0,UCI id=74 cached official retrieval; molecule_name group split,2,0.9,release_2,matched_kmeans,random_forest,476,166,2,53,4.509433962264151,4.0,1,13,9,0.32075471698113206,0.6792452830188679,4.321409241792295,5.155153234072664,0.9294568115322832,1.0,1.0,1.0,musk1,0.0,StratifiedGroupKFold_by_molecule,0.892645409389521,0.8908760947960175,0.3037974683544304,nan
musk1_group_trainnoise0,UCI id=74 cached official retrieval; molecule_name group split,2,0.9,release_3,granular_ball,logistic,476,166,2,53,4.509433962264151,2.0,1,26,11,0.5471698113207547,0.7924528301886793,3.9320468449144403,3.9454683028014284,0.9179204443355385,1.0,1.0,1.0,musk1,0.0,StratifiedGroupKFold_by_molecule,0.8537983585251652,0.8356301533487833,0.07172995780590717,nan
musk1_group_trainnoise0,UCI id=74 cached official retrieval; molecule_name group split,2,0.9,release_3,granular_ball,random_forest,476,166,2,53,4.509433962264151,2.0,1,26,11,0.5471698113207547,0.7924528301886793,3.9320468449144403,3.9454683028014284,0.9179204443355385,1.0,1.0,1.0,musk1,0.0,StratifiedGroupKFold_by_molecule,0.8766401395787713,0.8871356692750916,0.37130801687763715,nan
musk1_group_trainnoise0,UCI id=74 cached official retrieval; molecule_name group split,2,0.9,release_3,matched_kmeans,logistic,476,166,2,53,4.509433962264151,4.0,1,13,9,0.32075471698113206,0.6792452830188679,4.321409241792295,5.155153234072664,0.9294568115322832,1.0,1.0,1.0,musk1,0.0,StratifiedGroupKFold_by_molecule,0.8834588474069327,0.868206704669003,0.18143459915611815,nan
musk1_group_trainnoise0,UCI id=74 cached official retrieval; molecule_name group split,2,0.9,release_3,matched_kmeans,random_forest,476,166,2,53,4.509433962264151,4.0,1,13,9,0.32075471698113206,0.6792452830188679,4.321409241792295,5.155153234072664,0.9294568115322832,1.0,1.0,1.0,musk1,0.0,StratifiedGroupKFold_by_molecule,0.8957075967170504,0.8930287744806705,0.29957805907172996,nan
musk1_group_trainnoise0,UCI id=74 cached official retrieval; molecule_name group split,2,0.95,release_1,granular_ball,logistic,476,166,2,62,3.8548387096774195,2.0,1,26,15,0.5645161290322581,0.8387096774193549,3.6122582413443793,3.6424829798007945,0.9347507331378299,1.0,1.0,1.0,musk1,0.0,StratifiedGroupKFold_by_molecule,0.8711210810233402,0.8515207556435799,0.09282700421940929,nan
musk1_group_trainnoise0,UCI id=74 cached official retrieval; molecule_name group split,2,0.95,release_1,granular_ball,random_forest,476,166,2,62,3.8548387096774195,2.0,1,26,15,0.5645161290322581,0.8387096774193549,3.6122582413443793,3.6424829798007945,0.9347507331378299,1.0,1.0,1.0,musk1,0.0,StratifiedGroupKFold_by_molecule,0.8690024746746428,0.8558417260683471,0.1350210970464135,nan
musk1_group_trainnoise0,UCI id=74 cached official retrieval; molecule_name group split,2,0.95,release_1,matched_kmeans,logistic,476,166,2,62,3.8548387096774195,3.0,1,10,11,0.3709677419354839,0.7580645161290323,3.994802183057751,4.580764452565945,0.9114375320020481,1.0,1.0,1.0,musk1,0.0,StratifiedGroupKFold_by_molecule,0.9136890455589382,0.9124842842669096,0.3291139240506329,nan
musk1_group_trainnoise0,UCI id=74 cached official retrieval; molecule_name group split,2,0.95,release_1,matched_kmeans,random_forest,476,166,2,62,3.8548387096774195,3.0,1,10,11,0.3709677419354839,0.7580645161290323,3.994802183057751,4.580764452565945,0.9114375320020481,1.0,1.0,1.0,musk1,0.0,StratifiedGroupKFold_by_molecule,0.9123715928715128,0.9057280378994049,0.34177215189873417,nan
musk1_group_trainnoise0,UCI id=74 cached official retrieval; molecule_name group split,2,0.95,release_2,granular_ball,logistic,476,166,2,62,3.8548387096774195,2.0,1,26,15,0.5645161290322581,0.8387096774193549,3.6122582413443793,3.6424829798007945,0.9347507331378299,1.0,1.0,1.0,musk1,0.0,StratifiedGroupKFold_by_molecule,0.8806993181292172,0.8454611303748164,0.07172995780590717,nan
musk1_group_trainnoise0,UCI id=74 cached official retrieval; molecule_name group split,2,0.95,release_2,granular_ball,random_forest,476,166,2,62,3.8548387096774195,2.0,1,26,15,0.5645161290322581,0.8387096774193549,3.6122582413443793,3.6424829798007945,0.9347507331378299,1.0,1.0,1.0,musk1,0.0,StratifiedGroupKFold_by_molecule,0.9035678043048657,0.9009864883397254,0.2320675105485232,nan
musk1_group_trainnoise0,UCI id=74 cached official retrieval; molecule_name group split,2,0.95,release_2,matched_kmeans,logistic,476,166,2,62,3.8548387096774195,3.0,1,10,11,0.3709677419354839,0.7580645161290323,3.994802183057751,4.580764452565945,0.9114375320020481,1.0,1.0,1.0,musk1,0.0,StratifiedGroupKFold_by_molecule,0.9233028894942049,0.917932186285125,0.31223628691983124,nan
musk1_group_trainnoise0,UCI id=74 cached official retrieval; molecule_name group split,2,0.95,release_2,matched_kmeans,random_forest,476,166,2,62,3.8548387096774195,3.0,1,10,11,0.3709677419354839,0.7580645161290323,3.994802183057751,4.580764452565945,0.9114375320020481,1.0,1.0,1.0,musk1,0.0,StratifiedGroupKFold_by_molecule,0.9370293222240025,0.9269155589648883,0.3080168776371308,nan
musk1_group_trainnoise0,UCI id=74 cached official retrieval; molecule_name group split,2,0.95,release_3,granular_ball,logistic,476,166,2,62,3.8548387096774195,2.0,1,26,15,0.5645161290322581,0.8387096774193549,3.6122582413443793,3.6424829798007945,0.9347507331378299,1.0,1.0,1.0,musk1,0.0,StratifiedGroupKFold_by_molecule,0.8858267015613593,0.8669605603166624,0.09282700421940929,nan
musk1_group_trainnoise0,UCI id=74 cached official retrieval; molecule_name group split,2,0.95,release_3,granular_ball,random_forest,476,166,2,62,3.8548387096774195,2.0,1,26,15,0.5645161290322581,0.8387096774193549,3.6122582413443793,3.6424829798007945,0.9347507331378299,1.0,1.0,1.0,musk1,0.0,StratifiedGroupKFold_by_molecule,0.9103954138403746,0.9148691730249272,0.4177215189873418,nan
musk1_group_trainnoise0,UCI id=74 cached official retrieval; molecule_name group split,2,0.95,release_3,matched_kmeans,logistic,476,166,2,62,3.8548387096774195,3.0,1,10,11,0.3709677419354839,0.7580645161290323,3.994802183057751,4.580764452565945,0.9114375320020481,1.0,1.0,1.0,musk1,0.0,StratifiedGroupKFold_by_molecule,0.9284836831704321,0.9196484071868187,0.2109704641350211,nan
musk1_group_trainnoise0,UCI id=74 cached official retrieval; molecule_name group split,2,0.95,release_3,matched_kmeans,random_forest,476,166,2,62,3.8548387096774195,3.0,1,10,11,0.3709677419354839,0.7580645161290323,3.994802183057751,4.580764452565945,0.9114375320020481,1.0,1.0,1.0,musk1,0.0,StratifiedGroupKFold_by_molecule,0.9384446936922501,0.928200689876354,0.3628691983122363,nan
musk1_group_trainnoise0,UCI id=74 cached official retrieval; molecule_name group split,2,0.99,release_1,granular_ball,logistic,476,166,2,66,3.621212121212121,2.0,1,26,16,0.5454545454545454,0.8333333333333334,3.6260222711806636,3.6424829798007945,0.9393939393939394,1.0,1.0,1.0,musk1,0.0,StratifiedGroupKFold_by_molecule,0.8855596503409354,0.875284305995558,0.09282700421940929,nan
musk1_group_trainnoise0,UCI id=74 cached official retrieval; molecule_name group split,2,0.99,release_1,granular_ball,random_forest,476,166,2,66,3.621212121212121,2.0,1,26,16,0.5454545454545454,0.8333333333333334,3.6260222711806636,3.6424829798007945,0.9393939393939394,1.0,1.0,1.0,musk1,0.0,StratifiedGroupKFold_by_molecule,0.8762217593334402,0.8696221593704238,0.15611814345991562,nan
musk1_group_trainnoise0,UCI id=74 cached official retrieval; molecule_name group split,2,0.99,release_1,matched_kmeans,logistic,476,166,2,66,3.621212121212121,3.0,1,9,13,0.4090909090909091,0.7575757575757576,3.7189066794362065,4.4846242219961505,0.9173460798460797,1.0,1.0,1.0,musk1,0.0,StratifiedGroupKFold_by_molecule,0.9227865904680518,0.9237253306379616,0.3755274261603376,nan
musk1_group_trainnoise0,UCI id=74 cached official retrieval; molecule_name group split,2,0.99,release_1,matched_kmeans,random_forest,476,166,2,66,3.621212121212121,3.0,1,9,13,0.4090909090909091,0.7575757575757576,3.7189066794362065,4.4846242219961505,0.9173460798460797,1.0,1.0,1.0,musk1,0.0,StratifiedGroupKFold_by_molecule,0.9209172319250832,0.918357551897035,0.4430379746835443,nan
musk1_group_trainnoise0,UCI id=74 cached official retrieval; molecule_name group split,2,0.99,release_2,granular_ball,logistic,476,166,2,66,3.621212121212121,2.0,1,26,16,0.5454545454545454,0.8333333333333334,3.6260222711806636,3.6424829798007945,0.9393939393939394,1.0,1.0,1.0,musk1,0.0,StratifiedGroupKFold_by_molecule,0.8988231942886646,0.8702761906556742,0.05063291139240506,nan
musk1_group_trainnoise0,UCI id=74 cached official retrieval; molecule_name group split,2,0.99,release_2,granular_ball,random_forest,476,166,2,66,3.621212121212121,2.0,1,26,16,0.5454545454545454,0.8333333333333334,3.6260222711806636,3.6424829798007945,0.9393939393939394,1.0,1.0,1.0,musk1,0.0,StratifiedGroupKFold_by_molecule,0.9092381918852036,0.9111719604192,0.4345991561181435,nan
musk1_group_trainnoise0,UCI id=74 cached official retrieval; molecule_name group split,2,0.99,release_2,matched_kmeans,logistic,476,166,2,66,3.621212121212121,3.0,1,9,13,0.4090909090909091,0.7575757575757576,3.7189066794362065,4.4846242219961505,0.9173460798460797,1.0,1.0,1.0,musk1,0.0,StratifiedGroupKFold_by_molecule,0.934590254410796,0.9298825203938578,0.3459915611814346,nan
musk1_group_trainnoise0,UCI id=74 cached official retrieval; molecule_name group split,2,0.99,release_2,matched_kmeans,random_forest,476,166,2,66,3.621212121212121,3.0,1,9,13,0.4090909090909091,0.7575757575757576,3.7189066794362065,4.4846242219961505,0.9173460798460797,1.0,1.0,1.0,musk1,0.0,StratifiedGroupKFold_by_molecule,0.948192063237729,0.9416266755792194,0.3080168776371308,nan
musk1_group_trainnoise0,UCI id=74 cached official retrieval; molecule_name group split,2,0.99,release_3,granular_ball,logistic,476,166,2,66,3.621212121212121,2.0,1,26,16,0.5454545454545454,0.8333333333333334,3.6260222711806636,3.6424829798007945,0.9393939393939394,1.0,1.0,1.0,musk1,0.0,StratifiedGroupKFold_by_molecule,0.8988944079474442,0.8796830625733733,0.06329113924050633,nan
musk1_group_trainnoise0,UCI id=74 cached official retrieval; molecule_name group split,2,0.99,release_3,granular_ball,random_forest,476,166,2,66,3.621212121212121,2.0,1,26,16,0.5454545454545454,0.8333333333333334,3.6260222711806636,3.6424829798007945,0.9393939393939394,1.0,1.0,1.0,musk1,0.0,StratifiedGroupKFold_by_molecule,0.9111787640869519,0.917411646938498,0.4050632911392405,nan
musk1_group_trainnoise0,UCI id=74 cached official retrieval; molecule_name group split,2,0.99,release_3,matched_kmeans,logistic,476,166,2,66,3.621212121212121,3.0,1,9,13,0.4090909090909091,0.7575757575757576,3.7189066794362065,4.4846242219961505,0.9173460798460797,1.0,1.0,1.0,musk1,0.0,StratifiedGroupKFold_by_molecule,0.9386494329612419,0.9311747474718901,0.24472573839662448,nan
musk1_group_trainnoise0,UCI id=74 cached official retrieval; molecule_name group split,2,0.99,release_3,matched_kmeans,random_forest,476,166,2,66,3.621212121212121,3.0,1,9,13,0.4090909090909091,0.7575757575757576,3.7189066794362065,4.4846242219961505,0.9173460798460797,1.0,1.0,1.0,musk1,0.0,StratifiedGroupKFold_by_molecule,0.9509871993448343,0.9449603191869594,0.27848101265822783,nan
musk1_group_trainnoise0,UCI id=74 cached official retrieval; molecule_name group split,13,0.7,release_1,granular_ball,logistic,476,166,2,37,6.45945945945946,4.0,1,41,8,0.3783783783783784,0.6756756756756757,4.6557921151056725,5.38893237143431,0.8981819323282738,1.0,0.8,1.0,musk1,0.0,StratifiedGroupKFold_by_molecule,0.7293346863928502,0.7496753736714595,0.08438818565400844,nan
musk1_group_trainnoise0,UCI id=74 cached official retrieval; molecule_name group split,13,0.7,release_1,granular_ball,random_forest,476,166,2,37,6.45945945945946,4.0,1,41,8,0.3783783783783784,0.6756756756756757,4.6557921151056725,5.38893237143431,0.8981819323282738,1.0,0.8,1.0,musk1,0.0,StratifiedGroupKFold_by_molecule,0.7270558493118982,0.7211823274314055,0.08438818565400844,nan
musk1_group_trainnoise0,UCI id=74 cached official retrieval; molecule_name group split,13,0.7,release_1,matched_kmeans,logistic,476,166,2,37,6.45945945945946,5.0,1,28,3,0.10810810810810811,0.5135135135135135,5.381940286505797,5.9869498506332,0.8907973407973407,1.0,0.8,1.0,musk1,0.0,StratifiedGroupKFold_by_molecule,0.8315084833271021,0.8209218818088483,0.11814345991561181,nan
musk1_group_trainnoise0,UCI id=74 cached official retrieval; molecule_name group split,13,0.7,release_1,matched_kmeans,random_forest,476,166,2,37,6.45945945945946,5.0,1,28,3,0.10810810810810811,0.5135135135135135,5.381940286505797,5.9869498506332,0.8907973407973407,1.0,0.8,1.0,musk1,0.0,StratifiedGroupKFold_by_molecule,0.8387455714005946,0.8228173456780478,0.10970464135021098,nan
musk1_group_trainnoise0,UCI id=74 cached official retrieval; molecule_name group split,13,0.7,release_2,granular_ball,logistic,476,166,2,37,6.45945945945946,4.0,1,41,8,0.3783783783783784,0.6756756756756757,4.6557921151056725,5.38893237143431,0.8981819323282738,1.0,0.8,1.0,musk1,0.0,StratifiedGroupKFold_by_molecule,0.7529064074489487,0.7418282525700108,0.05907172995780591,nan
musk1_group_trainnoise0,UCI id=74 cached official retrieval; molecule_name group split,13,0.7,release_2,granular_ball,random_forest,476,166,2,37,6.45945945945946,4.0,1,41,8,0.3783783783783784,0.6756756756756757,4.6557921151056725,5.38893237143431,0.8981819323282738,1.0,0.8,1.0,musk1,0.0,StratifiedGroupKFold_by_molecule,0.7710658904377861,0.7577011229408932,0.046413502109704644,nan
musk1_group_trainnoise0,UCI id=74 cached official retrieval; molecule_name group split,13,0.7,release_2,matched_kmeans,logistic,476,166,2,37,6.45945945945946,5.0,1,28,3,0.10810810810810811,0.5135135135135135,5.381940286505797,5.9869498506332,0.8907973407973407,1.0,0.8,1.0,musk1,0.0,StratifiedGroupKFold_by_molecule,0.8461784970357316,0.8281706612679395,0.15611814345991562,nan
musk1_group_trainnoise0,UCI id=74 cached official retrieval; molecule_name group split,13,0.7,release_2,matched_kmeans,random_forest,476,166,2,37,6.45945945945946,5.0,1,28,3,0.10810810810810811,0.5135135135135135,5.381940286505797,5.9869498506332,0.8907973407973407,1.0,0.8,1.0,musk1,0.0,StratifiedGroupKFold_by_molecule,0.8679075646709038,0.8530748016339482,0.2109704641350211,nan
musk1_group_trainnoise0,UCI id=74 cached official retrieval; molecule_name group split,13,0.7,release_3,granular_ball,logistic,476,166,2,37,6.45945945945946,4.0,1,41,8,0.3783783783783784,0.6756756756756757,4.6557921151056725,5.38893237143431,0.8981819323282738,1.0,0.8,1.0,musk1,0.0,StratifiedGroupKFold_by_molecule,0.7407466752123056,0.7296828058204985,0.06751054852320675,nan
musk1_group_trainnoise0,UCI id=74 cached official retrieval; molecule_name group split,13,0.7,release_3,granular_ball,random_forest,476,166,2,37,6.45945945945946,4.0,1,41,8,0.3783783783783784,0.6756756756756757,4.6557921151056725,5.38893237143431,0.8981819323282738,1.0,0.8,1.0,musk1,0.0,StratifiedGroupKFold_by_molecule,0.7822464348662073,0.775173841593128,0.05485232067510549,nan
musk1_group_trainnoise0,UCI id=74 cached official retrieval; molecule_name group split,13,0.7,release_3,matched_kmeans,logistic,476,166,2,37,6.45945945945946,5.0,1,28,3,0.10810810810810811,0.5135135135135135,5.381940286505797,5.9869498506332,0.8907973407973407,1.0,0.8,1.0,musk1,0.0,StratifiedGroupKFold_by_molecule,0.8429560789759476,0.8262841585096311,0.15611814345991562,nan
musk1_group_trainnoise0,UCI id=74 cached official retrieval; molecule_name group split,13,0.7,release_3,matched_kmeans,random_forest,476,166,2,37,6.45945945945946,5.0,1,28,3,0.10810810810810811,0.5135135135135135,5.381940286505797,5.9869498506332,0.8907973407973407,1.0,0.8,1.0,musk1,0.0,StratifiedGroupKFold_by_molecule,0.8717531022450106,0.8483937955734322,0.12658227848101267,nan
musk1_group_trainnoise0,UCI id=74 cached official retrieval; molecule_name group split,13,0.8,release_1,granular_ball,logistic,476,166,2,54,4.425925925925926,2.0,1,41,16,0.5185185185185185,0.7777777777777778,3.7207658379371344,4.7279298896706745,0.9380199595646751,1.0,1.0,1.0,musk1,0.0,StratifiedGroupKFold_by_molecule,0.7828161441364454,0.8067369718352397,0.19831223628691982,nan
musk1_group_trainnoise0,UCI id=74 cached official retrieval; molecule_name group split,13,0.8,release_1,granular_ball,random_forest,476,166,2,54,4.425925925925926,2.0,1,41,16,0.5185185185185185,0.7777777777777778,3.7207658379371344,4.7279298896706745,0.9380199595646751,1.0,1.0,1.0,musk1,0.0,StratifiedGroupKFold_by_molecule,0.7647456782210827,0.7788585524964051,0.06329113924050633,nan
musk1_group_trainnoise0,UCI id=74 cached official retrieval; molecule_name group split,13,0.8,release_1,matched_kmeans,logistic,476,166,2,54,4.425925925925926,4.0,1,12,5,0.18518518518518517,0.7222222222222222,4.681127716200514,5.120649567362772,0.9065696649029982,1.0,0.8392857142857143,1.0,musk1,0.0,StratifiedGroupKFold_by_molecule,0.8909718884081967,0.8827926124395431,0.22362869198312235,nan
musk1_group_trainnoise0,UCI id=74 cached official retrieval; molecule_name group split,13,0.8,release_1,matched_kmeans,random_forest,476,166,2,54,4.425925925925926,4.0,1,12,5,0.18518518518518517,0.7222222222222222,4.681127716200514,5.120649567362772,0.9065696649029982,1.0,0.8392857142857143,1.0,musk1,0.0,StratifiedGroupKFold_by_molecule,0.891924371094376,0.8856785985228358,0.31223628691983124,nan
musk1_group_trainnoise0,UCI id=74 cached official retrieval; molecule_name group split,13,0.8,release_2,granular_ball,logistic,476,166,2,54,4.425925925925926,2.0,1,41,16,0.5185185185185185,0.7777777777777778,3.7207658379371344,4.7279298896706745,0.9380199595646751,1.0,1.0,1.0,musk1,0.0,StratifiedGroupKFold_by_molecule,0.7960618846694796,0.7991749725110853,0.11392405063291139,nan
musk1_group_trainnoise0,UCI id=74 cached official retrieval; molecule_name group split,13,0.8,release_2,granular_ball,random_forest,476,166,2,54,4.425925925925926,2.0,1,41,16,0.5185185185185185,0.7777777777777778,3.7207658379371344,4.7279298896706745,0.9380199595646751,1.0,1.0,1.0,musk1,0.0,StratifiedGroupKFold_by_molecule,0.8294343855151418,0.8194751537136551,0.0970464135021097,nan
musk1_group_trainnoise0,UCI id=74 cached official retrieval; molecule_name group split,13,0.8,release_2,matched_kmeans,logistic,476,166,2,54,4.425925925925926,4.0,1,12,5,0.18518518518518517,0.7222222222222222,4.681127716200514,5.120649567362772,0.9065696649029982,1.0,0.8392857142857143,1.0,musk1,0.0,StratifiedGroupKFold_by_molecule,0.9138670797058875,0.8930622591908457,0.13924050632911392,nan
musk1_group_trainnoise0,UCI id=74 cached official retrieval; molecule_name group split,13,0.8,release_2,matched_kmeans,random_forest,476,166,2,54,4.425925925925926,4.0,1,12,5,0.18518518518518517,0.7222222222222222,4.681127716200514,5.120649567362772,0.9065696649029982,1.0,0.8392857142857143,1.0,musk1,0.0,StratifiedGroupKFold_by_molecule,0.9226797699798821,0.9162542318043803,0.3037974683544304,nan
musk1_group_trainnoise0,UCI id=74 cached official retrieval; molecule_name group split,13,0.8,release_3,granular_ball,logistic,476,166,2,54,4.425925925925926,2.0,1,41,16,0.5185185185185185,0.7777777777777778,3.7207658379371344,4.7279298896706745,0.9380199595646751,1.0,1.0,1.0,musk1,0.0,StratifiedGroupKFold_by_molecule,0.780305862664459,0.7852160849008287,0.10970464135021098,nan
musk1_group_trainnoise0,UCI id=74 cached official retrieval; molecule_name group split,13,0.8,release_3,granular_ball,random_forest,476,166,2,54,4.425925925925926,2.0,1,41,16,0.5185185185185185,0.7777777777777778,3.7207658379371344,4.7279298896706745,0.9380199595646751,1.0,1.0,1.0,musk1,0.0,StratifiedGroupKFold_by_molecule,0.8355498584628531,0.828794923976703,0.13924050632911392,nan
musk1_group_trainnoise0,UCI id=74 cached official retrieval; molecule_name group split,13,0.8,release_3,matched_kmeans,logistic,476,166,2,54,4.425925925925926,4.0,1,12,5,0.18518518518518517,0.7222222222222222,4.681127716200514,5.120649567362772,0.9065696649029982,1.0,0.8392857142857143,1.0,musk1,0.0,StratifiedGroupKFold_by_molecule,0.909131371397034,0.8867648583470906,0.15611814345991562,nan
musk1_group_trainnoise0,UCI id=74 cached official retrieval; molecule_name group split,13,0.8,release_3,matched_kmeans,random_forest,476,166,2,54,4.425925925925926,4.0,1,12,5,0.18518518518518517,0.7222222222222222,4.681127716200514,5.120649567362772,0.9065696649029982,1.0,0.8392857142857143,1.0,musk1,0.0,StratifiedGroupKFold_by_molecule,0.9246203421816305,0.9158467484052395,0.3080168776371308,nan
musk1_group_trainnoise0,UCI id=74 cached official retrieval; molecule_name group split,13,0.9,release_1,granular_ball,logistic,476,166,2,84,2.8452380952380953,2.0,1,22,30,0.6904761904761905,0.9047619047619048,2.982140125284829,3.287824301473538,0.9323593073593073,1.0,1.0,1.0,musk1,0.0,StratifiedGroupKFold_by_molecule,0.8818921469137779,0.882804197093062,0.16455696202531644,nan
musk1_group_trainnoise0,UCI id=74 cached official retrieval; molecule_name group split,13,0.9,release_1,granular_ball,random_forest,476,166,2,84,2.8452380952380953,2.0,1,22,30,0.6904761904761905,0.9047619047619048,2.982140125284829,3.287824301473538,0.9323593073593073,1.0,1.0,1.0,musk1,0.0,StratifiedGroupKFold_by_molecule,0.8858088981466645,0.874901650768959,0.21518987341772153,nan
musk1_group_trainnoise0,UCI id=74 cached official retrieval; molecule_name group split,13,0.9,release_1,matched_kmeans,logistic,476,166,2,84,2.8452380952380953,3.0,1,9,25,0.4880952380952381,0.8928571428571429,3.0259956881875754,3.7820082772197483,0.9545351473922902,1.0,1.0,1.0,musk1,0.0,StratifiedGroupKFold_by_molecule,0.9483700973846784,0.9457871548939107,0.32489451476793246,nan
musk1_group_trainnoise0,UCI id=74 cached official retrieval; molecule_name group split,13,0.9,release_1,matched_kmeans,random_forest,476,166,2,84,2.8452380952380953,3.0,1,9,25,0.4880952380952381,0.8928571428571429,3.0259956881875754,3.7820082772197483,0.9545351473922902,1.0,1.0,1.0,musk1,0.0,StratifiedGroupKFold_by_molecule,0.9397443429649808,0.9117026894407264,0.06751054852320675,nan
musk1_group_trainnoise0,UCI id=74 cached official retrieval; molecule_name group split,13,0.9,release_2,granular_ball,logistic,476,166,2,84,2.8452380952380953,2.0,1,22,30,0.6904761904761905,0.9047619047619048,2.982140125284829,3.287824301473538,0.9323593073593073,1.0,1.0,1.0,musk1,0.0,StratifiedGroupKFold_by_molecule,0.9004255016112089,0.8852375648357702,0.16877637130801687,nan
musk1_group_trainnoise0,UCI id=74 cached official retrieval; molecule_name group split,13,0.9,release_2,granular_ball,random_forest,476,166,2,84,2.8452380952380953,2.0,1,22,30,0.6904761904761905,0.9047619047619048,2.982140125284829,3.287824301473538,0.9323593073593073,1.0,1.0,1.0,musk1,0.0,StratifiedGroupKFold_by_molecule,0.9117484733571899,0.8744300753201381,0.11814345991561181,nan
musk1_group_trainnoise0,UCI id=74 cached official retrieval; molecule_name group split,13,0.9,release_2,matched_kmeans,logistic,476,166,2,84,2.8452380952380953,3.0,1,9,25,0.4880952380952381,0.8928571428571429,3.0259956881875754,3.7820082772197483,0.9545351473922902,1.0,1.0,1.0,musk1,0.0,StratifiedGroupKFold_by_molecule,0.9654791789065142,0.9565604856563206,0.3037974683544304,nan
musk1_group_trainnoise0,UCI id=74 cached official retrieval; molecule_name group split,13,0.9,release_2,matched_kmeans,random_forest,476,166,2,84,2.8452380952380953,3.0,1,9,25,0.4880952380952381,0.8928571428571429,3.0259956881875754,3.7820082772197483,0.9545351473922902,1.0,1.0,1.0,musk1,0.0,StratifiedGroupKFold_by_molecule,0.9625149103598071,0.9460890603630079,0.25738396624472576,nan
musk1_group_trainnoise0,UCI id=74 cached official retrieval; molecule_name group split,13,0.9,release_3,granular_ball,logistic,476,166,2,84,2.8452380952380953,2.0,1,22,30,0.6904761904761905,0.9047619047619048,2.982140125284829,3.287824301473538,0.9323593073593073,1.0,1.0,1.0,musk1,0.0,StratifiedGroupKFold_by_molecule,0.9019743986896686,0.8874785149219048,0.1350210970464135,nan
musk1_group_trainnoise0,UCI id=74 cached official retrieval; molecule_name group split,13,0.9,release_3,granular_ball,random_forest,476,166,2,84,2.8452380952380953,2.0,1,22,30,0.6904761904761905,0.9047619047619048,2.982140125284829,3.287824301473538,0.9323593073593073,1.0,1.0,1.0,musk1,0.0,StratifiedGroupKFold_by_molecule,0.9185137709412665,0.902714339188322,0.21518987341772153,nan
musk1_group_trainnoise0,UCI id=74 cached official retrieval; molecule_name group split,13,0.9,release_3,matched_kmeans,logistic,476,166,2,84,2.8452380952380953,3.0,1,9,25,0.4880952380952381,0.8928571428571429,3.0259956881875754,3.7820082772197483,0.9545351473922902,1.0,1.0,1.0,musk1,0.0,StratifiedGroupKFold_by_molecule,0.9630579145080027,0.9524054328415661,0.32489451476793246,nan
musk1_group_trainnoise0,UCI id=74 cached official retrieval; molecule_name group split,13,0.9,release_3,matched_kmeans,random_forest,476,166,2,84,2.8452380952380953,3.0,1,9,25,0.4880952380952381,0.8928571428571429,3.0259956881875754,3.7820082772197483,0.9545351473922902,1.0,1.0,1.0,musk1,0.0,StratifiedGroupKFold_by_molecule,0.9642952518293009,0.956873846163044,0.2911392405063291,nan
musk1_group_trainnoise0,UCI id=74 cached official retrieval; molecule_name group split,13,0.95,release_1,granular_ball,logistic,476,166,2,88,2.715909090909091,2.0,1,17,30,0.6818181818181818,0.8977272727272727,2.9861591267968337,3.287824301473538,0.9318181818181818,1.0,1.0,1.0,musk1,0.0,StratifiedGroupKFold_by_molecule,0.8717263971229683,0.8745100963092817,0.21518987341772153,nan
musk1_group_trainnoise0,UCI id=74 cached official retrieval; molecule_name group split,13,0.95,release_1,granular_ball,random_forest,476,166,2,88,2.715909090909091,2.0,1,17,30,0.6818181818181818,0.8977272727272727,2.9861591267968337,3.287824301473538,0.9318181818181818,1.0,1.0,1.0,musk1,0.0,StratifiedGroupKFold_by_molecule,0.8862984920507753,0.8751653771150147,0.12658227848101267,nan
musk1_group_trainnoise0,UCI id=74 cached official retrieval; molecule_name group split,13,0.95,release_1,matched_kmeans,logistic,476,166,2,88,2.715909090909091,2.0,1,9,26,0.5227272727272727,0.9204545454545454,2.9360572338458315,3.6087697255520874,0.9571969696969697,1.0,1.0,1.0,musk1,0.0,StratifiedGroupKFold_by_molecule,0.9483522939699834,0.9443334352054027,0.3206751054852321,nan
musk1_group_trainnoise0,UCI id=74 cached official retrieval; molecule_name group split,13,0.95,release_1,matched_kmeans,random_forest,476,166,2,88,2.715909090909091,2.0,1,9,26,0.5227272727272727,0.9204545454545454,2.9360572338458315,3.6087697255520874,0.9571969696969697,1.0,1.0,1.0,musk1,0.0,StratifiedGroupKFold_by_molecule,0.9393348644269971,0.9166359981291424,0.18565400843881857,nan
musk1_group_trainnoise0,UCI id=74 cached official retrieval; molecule_name group split,13,0.95,release_2,granular_ball,logistic,476,166,2,88,2.715909090909091,2.0,1,17,30,0.6818181818181818,0.8977272727272727,2.9861591267968337,3.287824301473538,0.9318181818181818,1.0,1.0,1.0,musk1,0.0,StratifiedGroupKFold_by_molecule,0.9080631665153377,0.8924620936280971,0.16455696202531644,nan
musk1_group_trainnoise0,UCI id=74 cached official retrieval; molecule_name group split,13,0.95,release_2,granular_ball,random_forest,476,166,2,88,2.715909090909091,2.0,1,17,30,0.6818181818181818,0.8977272727272727,2.9861591267968337,3.287824301473538,0.9318181818181818,1.0,1.0,1.0,musk1,0.0,StratifiedGroupKFold_by_molecule,0.9203208175328028,0.898699226617249,0.1308016877637131,nan
musk1_group_trainnoise0,UCI id=74 cached official retrieval; molecule_name group split,13,0.95,release_2,matched_kmeans,logistic,476,166,2,88,2.715909090909091,2.0,1,9,26,0.5227272727272727,0.9204545454545454,2.9360572338458315,3.6087697255520874,0.9571969696969697,1.0,1.0,1.0,musk1,0.0,StratifiedGroupKFold_by_molecule,0.9677758194021613,0.9552757712649117,0.19831223628691982,nan
musk1_group_trainnoise0,UCI id=74 cached official retrieval; molecule_name group split,13,0.95,release_2,matched_kmeans,random_forest,476,166,2,88,2.715909090909091,2.0,1,9,26,0.5227272727272727,0.9204545454545454,2.9360572338458315,3.6087697255520874,0.9571969696969697,1.0,1.0,1.0,musk1,0.0,StratifiedGroupKFold_by_molecule,0.9644465808542078,0.9449313990572431,0.18143459915611815,nan
musk1_group_trainnoise0,UCI id=74 cached official retrieval; molecule_name group split,13,0.95,release_3,granular_ball,logistic,476,166,2,88,2.715909090909091,2.0,1,17,30,0.6818181818181818,0.8977272727272727,2.9861591267968337,3.287824301473538,0.9318181818181818,1.0,1.0,1.0,musk1,0.0,StratifiedGroupKFold_by_molecule,0.9065854830956578,0.8905944237421904,0.14767932489451477,nan
musk1_group_trainnoise0,UCI id=74 cached official retrieval; molecule_name group split,13,0.95,release_3,granular_ball,random_forest,476,166,2,88,2.715909090909091,2.0,1,17,30,0.6818181818181818,0.8977272727272727,2.9861591267968337,3.287824301473538,0.9318181818181818,1.0,1.0,1.0,musk1,0.0,StratifiedGroupKFold_by_molecule,0.9271128202389218,0.9161230907508087,0.25316455696202533,nan
musk1_group_trainnoise0,UCI id=74 cached official retrieval; molecule_name group split,13,0.95,release_3,matched_kmeans,logistic,476,166,2,88,2.715909090909091,2.0,1,9,26,0.5227272727272727,0.9204545454545454,2.9360572338458315,3.6087697255520874,0.9571969696969697,1.0,1.0,1.0,musk1,0.0,StratifiedGroupKFold_by_molecule,0.966137905250227,0.9511027456305321,0.20675105485232068,nan
musk1_group_trainnoise0,UCI id=74 cached official retrieval; molecule_name group split,13,0.95,release_3,matched_kmeans,random_forest,476,166,2,88,2.715909090909091,2.0,1,9,26,0.5227272727272727,0.9204545454545454,2.9360572338458315,3.6087697255520874,0.9571969696969697,1.0,1.0,1.0,musk1,0.0,StratifiedGroupKFold_by_molecule,0.968470152575264,0.9615128374634689,0.3881856540084388,nan
musk1_group_trainnoise0,UCI id=74 cached official retrieval; molecule_name group split,13,0.99,release_1,granular_ball,logistic,476,166,2,88,2.715909090909091,2.0,1,17,30,0.6818181818181818,0.8977272727272727,2.9861591267968337,3.287824301473538,0.9318181818181818,1.0,1.0,1.0,musk1,0.0,StratifiedGroupKFold_by_molecule,0.8717263971229683,0.8745100963092817,0.21518987341772153,nan
musk1_group_trainnoise0,UCI id=74 cached official retrieval; molecule_name group split,13,0.99,release_1,granular_ball,random_forest,476,166,2,88,2.715909090909091,2.0,1,17,30,0.6818181818181818,0.8977272727272727,2.9861591267968337,3.287824301473538,0.9318181818181818,1.0,1.0,1.0,musk1,0.0,StratifiedGroupKFold_by_molecule,0.8862984920507753,0.8751653771150147,0.12658227848101267,nan
musk1_group_trainnoise0,UCI id=74 cached official retrieval; molecule_name group split,13,0.99,release_1,matched_kmeans,logistic,476,166,2,88,2.715909090909091,2.0,1,9,26,0.5227272727272727,0.9204545454545454,2.9360572338458315,3.6087697255520874,0.9571969696969697,1.0,1.0,1.0,musk1,0.0,StratifiedGroupKFold_by_molecule,0.9483522939699834,0.9443334352054027,0.3206751054852321,nan
musk1_group_trainnoise0,UCI id=74 cached official retrieval; molecule_name group split,13,0.99,release_1,matched_kmeans,random_forest,476,166,2,88,2.715909090909091,2.0,1,9,26,0.5227272727272727,0.9204545454545454,2.9360572338458315,3.6087697255520874,0.9571969696969697,1.0,1.0,1.0,musk1,0.0,StratifiedGroupKFold_by_molecule,0.9393348644269971,0.9166359981291424,0.18565400843881857,nan
musk1_group_trainnoise0,UCI id=74 cached official retrieval; molecule_name group split,13,0.99,release_2,granular_ball,logistic,476,166,2,88,2.715909090909091,2.0,1,17,30,0.6818181818181818,0.8977272727272727,2.9861591267968337,3.287824301473538,0.9318181818181818,1.0,1.0,1.0,musk1,0.0,StratifiedGroupKFold_by_molecule,0.9080631665153377,0.8924620936280971,0.16455696202531644,nan
musk1_group_trainnoise0,UCI id=74 cached official retrieval; molecule_name group split,13,0.99,release_2,granular_ball,random_forest,476,166,2,88,2.715909090909091,2.0,1,17,30,0.6818181818181818,0.8977272727272727,2.9861591267968337,3.287824301473538,0.9318181818181818,1.0,1.0,1.0,musk1,0.0,StratifiedGroupKFold_by_molecule,0.9203208175328028,0.898699226617249,0.1308016877637131,nan
musk1_group_trainnoise0,UCI id=74 cached official retrieval; molecule_name group split,13,0.99,release_2,matched_kmeans,logistic,476,166,2,88,2.715909090909091,2.0,1,9,26,0.5227272727272727,0.9204545454545454,2.9360572338458315,3.6087697255520874,0.9571969696969697,1.0,1.0,1.0,musk1,0.0,StratifiedGroupKFold_by_molecule,0.9677758194021613,0.9552757712649117,0.19831223628691982,nan
musk1_group_trainnoise0,UCI id=74 cached official retrieval; molecule_name group split,13,0.99,release_2,matched_kmeans,random_forest,476,166,2,88,2.715909090909091,2.0,1,9,26,0.5227272727272727,0.9204545454545454,2.9360572338458315,3.6087697255520874,0.9571969696969697,1.0,1.0,1.0,musk1,0.0,StratifiedGroupKFold_by_molecule,0.9644465808542078,0.9449313990572431,0.18143459915611815,nan
musk1_group_trainnoise0,UCI id=74 cached official retrieval; molecule_name group split,13,0.99,release_3,granular_ball,logistic,476,166,2,88,2.715909090909091,2.0,1,17,30,0.6818181818181818,0.8977272727272727,2.9861591267968337,3.287824301473538,0.9318181818181818,1.0,1.0,1.0,musk1,0.0,StratifiedGroupKFold_by_molecule,0.9065854830956578,0.8905944237421904,0.14767932489451477,nan
musk1_group_trainnoise0,UCI id=74 cached official retrieval; molecule_name group split,13,0.99,release_3,granular_ball,random_forest,476,166,2,88,2.715909090909091,2.0,1,17,30,0.6818181818181818,0.8977272727272727,2.9861591267968337,3.287824301473538,0.9318181818181818,1.0,1.0,1.0,musk1,0.0,StratifiedGroupKFold_by_molecule,0.9271128202389218,0.9161230907508087,0.25316455696202533,nan
musk1_group_trainnoise0,UCI id=74 cached official retrieval; molecule_name group split,13,0.99,release_3,matched_kmeans,logistic,476,166,2,88,2.715909090909091,2.0,1,9,26,0.5227272727272727,0.9204545454545454,2.9360572338458315,3.6087697255520874,0.9571969696969697,1.0,1.0,1.0,musk1,0.0,StratifiedGroupKFold_by_molecule,0.966137905250227,0.9511027456305321,0.20675105485232068,nan
musk1_group_trainnoise0,UCI id=74 cached official retrieval; molecule_name group split,13,0.99,release_3,matched_kmeans,random_forest,476,166,2,88,2.715909090909091,2.0,1,9,26,0.5227272727272727,0.9204545454545454,2.9360572338458315,3.6087697255520874,0.9571969696969697,1.0,1.0,1.0,musk1,0.0,StratifiedGroupKFold_by_molecule,0.968470152575264,0.9615128374634689,0.3881856540084388,nan
musk1_group_trainnoise0,UCI id=74 cached official retrieval; molecule_name group split,73,0.7,release_1,granular_ball,logistic,476,166,2,17,14.058823529411764,10.0,1,36,1,0.11764705882352941,0.35294117647058826,6.763736552563089,7.034009746716446,0.8563836586327936,0.8235294117647058,0.7777777777777778,1.0,musk1,0.0,StratifiedGroupKFold_by_molecule,0.6862326194164039,0.6383920171753763,0.004219409282700422,nan
musk1_group_trainnoise0,UCI id=74 cached official retrieval; molecule_name group split,73,0.7,release_1,granular_ball,random_forest,476,166,2,17,14.058823529411764,10.0,1,36,1,0.11764705882352941,0.35294117647058826,6.763736552563089,7.034009746716446,0.8563836586327936,0.8235294117647058,0.7777777777777778,1.0,musk1,0.0,StratifiedGroupKFold_by_molecule,0.6886716872296106,0.6957586244882348,0.06751054852320675,nan
musk1_group_trainnoise0,UCI id=74 cached official retrieval; molecule_name group split,73,0.7,release_1,matched_kmeans,logistic,476,166,2,17,14.058823529411764,13.0,3,44,0,0.0,0.23529411764705882,7.537233040088802,7.332061627110243,0.8087541011134362,0.8125,0.6428571428571429,1.0,musk1,0.0,StratifiedGroupKFold_by_molecule,0.6652067866616815,0.626727504174558,0.012658227848101266,nan
musk1_group_trainnoise0,UCI id=74 cached official retrieval; molecule_name group split,73,0.7,release_1,matched_kmeans,random_forest,476,166,2,17,14.058823529411764,13.0,3,44,0,0.0,0.23529411764705882,7.537233040088802,7.332061627110243,0.8087541011134362,0.8125,0.6428571428571429,1.0,musk1,0.0,StratifiedGroupKFold_by_molecule,0.6998166248286422,0.6884730927155914,0.08860759493670886,nan
musk1_group_trainnoise0,UCI id=74 cached official retrieval; molecule_name group split,73,0.7,release_2,granular_ball,logistic,476,166,2,17,14.058823529411764,10.0,1,36,1,0.11764705882352941,0.35294117647058826,6.763736552563089,7.034009746716446,0.8563836586327936,0.8235294117647058,0.7777777777777778,1.0,musk1,0.0,StratifiedGroupKFold_by_molecule,0.6796987662233617,0.6256367915193163,0.0,nan
musk1_group_trainnoise0,UCI id=74 cached official retrieval; molecule_name group split,73,0.7,release_2,granular_ball,random_forest,476,166,2,17,14.058823529411764,10.0,1,36,1,0.11764705882352941,0.35294117647058826,6.763736552563089,7.034009746716446,0.8563836586327936,0.8235294117647058,0.7777777777777778,1.0,musk1,0.0,StratifiedGroupKFold_by_molecule,0.7064751019245492,0.7088518807378859,0.05485232067510549,nan
musk1_group_trainnoise0,UCI id=74 cached official retrieval; molecule_name group split,73,0.7,release_2,matched_kmeans,logistic,476,166,2,17,14.058823529411764,13.0,3,44,0,0.0,0.23529411764705882,7.537233040088802,7.332061627110243,0.8087541011134362,0.8125,0.6428571428571429,1.0,musk1,0.0,StratifiedGroupKFold_by_molecule,0.6742331179120156,0.6607580498341874,0.02109704641350211,nan
musk1_group_trainnoise0,UCI id=74 cached official retrieval; molecule_name group split,73,0.7,release_2,matched_kmeans,random_forest,476,166,2,17,14.058823529411764,13.0,3,44,0,0.0,0.23529411764705882,7.537233040088802,7.332061627110243,0.8087541011134362,0.8125,0.6428571428571429,1.0,musk1,0.0,StratifiedGroupKFold_by_molecule,0.7587637308835835,0.7760016250886845,0.12236286919831224,nan
musk1_group_trainnoise0,UCI id=74 cached official retrieval; molecule_name group split,73,0.7,release_3,granular_ball,logistic,476,166,2,17,14.058823529411764,10.0,1,36,1,0.11764705882352941,0.35294117647058826,6.763736552563089,7.034009746716446,0.8563836586327936,0.8235294117647058,0.7777777777777778,1.0,musk1,0.0,StratifiedGroupKFold_by_molecule,0.703893606793783,0.6754515971507254,0.0379746835443038,nan
musk1_group_trainnoise0,UCI id=74 cached official retrieval; molecule_name group split,73,0.7,release_3,granular_ball,random_forest,476,166,2,17,14.058823529411764,10.0,1,36,1,0.11764705882352941,0.35294117647058826,6.763736552563089,7.034009746716446,0.8563836586327936,0.8235294117647058,0.7777777777777778,1.0,musk1,0.0,StratifiedGroupKFold_by_molecule,0.7463369474265165,0.7682645383635336,0.18565400843881857,nan
musk1_group_trainnoise0,UCI id=74 cached official retrieval; molecule_name group split,73,0.7,release_3,matched_kmeans,logistic,476,166,2,17,14.058823529411764,13.0,3,44,0,0.0,0.23529411764705882,7.537233040088802,7.332061627110243,0.8087541011134362,0.8125,0.6428571428571429,1.0,musk1,0.0,StratifiedGroupKFold_by_molecule,0.7007780092221688,0.7071596958884241,0.08016877637130802,nan
musk1_group_trainnoise0,UCI id=74 cached official retrieval; molecule_name group split,73,0.7,release_3,matched_kmeans,random_forest,476,166,2,17,14.058823529411764,13.0,3,44,0,0.0,0.23529411764705882,7.537233040088802,7.332061627110243,0.8087541011134362,0.8125,0.6428571428571429,1.0,musk1,0.0,StratifiedGroupKFold_by_molecule,0.7743239153269598,0.7908906488969896,0.21518987341772153,nan
musk1_group_trainnoise0,UCI id=74 cached official retrieval; molecule_name group split,73,0.8,release_1,granular_ball,logistic,476,166,2,30,7.966666666666667,4.0,1,36,5,0.36666666666666664,0.6333333333333333,4.7484259925354335,4.562421274228481,0.9459189938601704,1.0,0.8371212121212122,1.0,musk1,0.0,StratifiedGroupKFold_by_molecule,0.6965585999394683,0.6778184118887116,0.04219409282700422,nan
musk1_group_trainnoise0,UCI id=74 cached official retrieval; molecule_name group split,73,0.8,release_1,granular_ball,random_forest,476,166,2,30,7.966666666666667,4.0,1,36,5,0.36666666666666664,0.6333333333333333,4.7484259925354335,4.562421274228481,0.9459189938601704,1.0,0.8371212121212122,1.0,musk1,0.0,StratifiedGroupKFold_by_molecule,0.7351385995834001,0.7330031743007168,0.10126582278481013,nan
musk1_group_trainnoise0,UCI id=74 cached official retrieval; molecule_name group split,73,0.8,release_1,matched_kmeans,logistic,476,166,2,30,7.966666666666667,6.5,1,22,1,0.13333333333333333,0.4,5.802616238444795,6.139624736767287,0.9117416306889992,1.0,0.8505244755244755,1.0,musk1,0.0,StratifiedGroupKFold_by_molecule,0.7768341967989459,0.7673962250644112,0.0759493670886076,nan
musk1_group_trainnoise0,UCI id=74 cached official retrieval; molecule_name group split,73,0.8,release_1,matched_kmeans,random_forest,476,166,2,30,7.966666666666667,6.5,1,22,1,0.13333333333333333,0.4,5.802616238444795,6.139624736767287,0.9117416306889992,1.0,0.8505244755244755,1.0,musk1,0.0,StratifiedGroupKFold_by_molecule,0.7913795866047107,0.7981596248571646,0.16877637130801687,nan
musk1_group_trainnoise0,UCI id=74 cached official retrieval; molecule_name group split,73,0.8,release_2,granular_ball,logistic,476,166,2,30,7.966666666666667,4.0,1,36,5,0.36666666666666664,0.6333333333333333,4.7484259925354335,4.562421274228481,0.9459189938601704,1.0,0.8371212121212122,1.0,musk1,0.0,StratifiedGroupKFold_by_molecule,0.7291388488312058,0.7062233204330984,0.046413502109704644,nan
musk1_group_trainnoise0,UCI id=74 cached official retrieval; molecule_name group split,73,0.8,release_2,granular_ball,random_forest,476,166,2,30,7.966666666666667,4.0,1,36,5,0.36666666666666664,0.6333333333333333,4.7484259925354335,4.562421274228481,0.9459189938601704,1.0,0.8371212121212122,1.0,musk1,0.0,StratifiedGroupKFold_by_molecule,0.7941925261265111,0.787704959929048,0.07172995780590717,nan
musk1_group_trainnoise0,UCI id=74 cached official retrieval; molecule_name group split,73,0.8,release_2,matched_kmeans,logistic,476,166,2,30,7.966666666666667,6.5,1,22,1,0.13333333333333333,0.4,5.802616238444795,6.139624736767287,0.9117416306889992,1.0,0.8505244755244755,1.0,musk1,0.0,StratifiedGroupKFold_by_molecule,0.7913973900194058,0.7700798323997978,0.05907172995780591,nan
musk1_group_trainnoise0,UCI id=74 cached official retrieval; molecule_name group split,73,0.8,release_2,matched_kmeans,random_forest,476,166,2,30,7.966666666666667,6.5,1,22,1,0.13333333333333333,0.4,5.802616238444795,6.139624736767287,0.9117416306889992,1.0,0.8505244755244755,1.0,musk1,0.0,StratifiedGroupKFold_by_molecule,0.8234079296409051,0.8261645804941858,0.1350210970464135,nan
musk1_group_trainnoise0,UCI id=74 cached official retrieval; molecule_name group split,73,0.8,release_3,granular_ball,logistic,476,166,2,30,7.966666666666667,4.0,1,36,5,0.36666666666666664,0.6333333333333333,4.7484259925354335,4.562421274228481,0.9459189938601704,1.0,0.8371212121212122,1.0,musk1,0.0,StratifiedGroupKFold_by_molecule,0.7381473766668447,0.7154211531310849,0.07172995780590717,nan
musk1_group_trainnoise0,UCI id=74 cached official retrieval; molecule_name group split,73,0.8,release_3,granular_ball,random_forest,476,166,2,30,7.966666666666667,4.0,1,36,5,0.36666666666666664,0.6333333333333333,4.7484259925354335,4.562421274228481,0.9459189938601704,1.0,0.8371212121212122,1.0,musk1,0.0,StratifiedGroupKFold_by_molecule,0.8037173529883033,0.8098718578818249,0.14767932489451477,nan
musk1_group_trainnoise0,UCI id=74 cached official retrieval; molecule_name group split,73,0.8,release_3,matched_kmeans,logistic,476,166,2,30,7.966666666666667,6.5,1,22,1,0.13333333333333333,0.4,5.802616238444795,6.139624736767287,0.9117416306889992,1.0,0.8505244755244755,1.0,musk1,0.0,StratifiedGroupKFold_by_molecule,0.7948156456408338,0.7764467767318957,0.05063291139240506,nan
musk1_group_trainnoise0,UCI id=74 cached official retrieval; molecule_name group split,73,0.8,release_3,matched_kmeans,random_forest,476,166,2,30,7.966666666666667,6.5,1,22,1,0.13333333333333333,0.4,5.802616238444795,6.139624736767287,0.9117416306889992,1.0,0.8505244755244755,1.0,musk1,0.0,StratifiedGroupKFold_by_molecule,0.8367693923694566,0.8494015177508206,0.19831223628691982,nan
musk1_group_trainnoise0,UCI id=74 cached official retrieval; molecule_name group split,73,0.9,release_1,granular_ball,logistic,476,166,2,64,3.734375,2.0,1,31,20,0.6875,0.859375,3.1956979415362174,3.4519852142234635,0.9587151759530792,1.0,1.0,1.0,musk1,0.0,StratifiedGroupKFold_by_molecule,0.8129039149708914,0.7993013316482256,0.11392405063291139,nan
musk1_group_trainnoise0,UCI id=74 cached official retrieval; molecule_name group split,73,0.9,release_1,granular_ball,random_forest,476,166,2,64,3.734375,2.0,1,31,20,0.6875,0.859375,3.1956979415362174,3.4519852142234635,0.9587151759530792,1.0,1.0,1.0,musk1,0.0,StratifiedGroupKFold_by_molecule,0.8671153127169791,0.8747604025189644,0.2742616033755274,nan
musk1_group_trainnoise0,UCI id=74 cached official retrieval; molecule_name group split,73,0.9,release_1,matched_kmeans,logistic,476,166,2,64,3.734375,3.0,1,13,11,0.34375,0.796875,3.925744755324022,4.473534415988366,0.9407437614468864,1.0,1.0,1.0,musk1,0.0,StratifiedGroupKFold_by_molecule,0.8909718884081967,0.8771751642347984,0.18143459915611815,nan
musk1_group_trainnoise0,UCI id=74 cached official retrieval; molecule_name group split,73,0.9,release_1,matched_kmeans,random_forest,476,166,2,64,3.734375,3.0,1,13,11,0.34375,0.796875,3.925744755324022,4.473534415988366,0.9407437614468864,1.0,1.0,1.0,musk1,0.0,StratifiedGroupKFold_by_molecule,0.8829425483807795,0.8614813599752473,0.21518987341772153,nan
musk1_group_trainnoise0,UCI id=74 cached official retrieval; molecule_name group split,73,0.9,release_2,granular_ball,logistic,476,166,2,64,3.734375,2.0,1,31,20,0.6875,0.859375,3.1956979415362174,3.4519852142234635,0.9587151759530792,1.0,1.0,1.0,musk1,0.0,StratifiedGroupKFold_by_molecule,0.8790970108066728,0.844961309685923,0.0379746835443038,nan
musk1_group_trainnoise0,UCI id=74 cached official retrieval; molecule_name group split,73,0.9,release_2,granular_ball,random_forest,476,166,2,64,3.734375,2.0,1,31,20,0.6875,0.859375,3.1956979415362174,3.4519852142234635,0.9587151759530792,1.0,1.0,1.0,musk1,0.0,StratifiedGroupKFold_by_molecule,0.9141163275116168,0.9095348056668173,0.2616033755274262,nan
musk1_group_trainnoise0,UCI id=74 cached official retrieval; molecule_name group split,73,0.9,release_2,matched_kmeans,logistic,476,166,2,64,3.734375,3.0,1,13,11,0.34375,0.796875,3.925744755324022,4.473534415988366,0.9407437614468864,1.0,1.0,1.0,musk1,0.0,StratifiedGroupKFold_by_molecule,0.9011376381990066,0.8678572628778949,0.11392405063291139,nan
musk1_group_trainnoise0,UCI id=74 cached official retrieval; molecule_name group split,73,0.9,release_2,matched_kmeans,random_forest,476,166,2,64,3.734375,3.0,1,13,11,0.34375,0.796875,3.925744755324022,4.473534415988366,0.9407437614468864,1.0,1.0,1.0,musk1,0.0,StratifiedGroupKFold_by_molecule,0.9235343338852392,0.915092928241478,0.2869198312236287,nan
musk1_group_trainnoise0,UCI id=74 cached official retrieval; molecule_name group split,73,0.9,release_3,granular_ball,logistic,476,166,2,64,3.734375,2.0,1,31,20,0.6875,0.859375,3.1956979415362174,3.4519852142234635,0.9587151759530792,1.0,1.0,1.0,musk1,0.0,StratifiedGroupKFold_by_molecule,0.8875714362014634,0.8615406783607519,0.06329113924050633,nan
musk1_group_trainnoise0,UCI id=74 cached official retrieval; molecule_name group split,73,0.9,release_3,granular_ball,random_forest,476,166,2,64,3.734375,2.0,1,31,20,0.6875,0.859375,3.1956979415362174,3.4519852142234635,0.9587151759530792,1.0,1.0,1.0,musk1,0.0,StratifiedGroupKFold_by_molecule,0.9249586070608343,0.9247237292334303,0.31223628691983124,nan
musk1_group_trainnoise0,UCI id=74 cached official retrieval; molecule_name group split,73,0.9,release_3,matched_kmeans,logistic,476,166,2,64,3.734375,3.0,1,13,11,0.34375,0.796875,3.925744755324022,4.473534415988366,0.9407437614468864,1.0,1.0,1.0,musk1,0.0,StratifiedGroupKFold_by_molecule,0.9022414499100928,0.8737634324881596,0.10126582278481013,nan
musk1_group_trainnoise0,UCI id=74 cached official retrieval; molecule_name group split,73,0.9,release_3,matched_kmeans,random_forest,476,166,2,64,3.734375,3.0,1,13,11,0.34375,0.796875,3.925744755324022,4.473534415988366,0.9407437614468864,1.0,1.0,1.0,musk1,0.0,StratifiedGroupKFold_by_molecule,0.9274154782887357,0.9248660800124562,0.4472573839662447,nan
musk1_group_trainnoise0,UCI id=74 cached official retrieval; molecule_name group split,73,0.95,release_1,granular_ball,logistic,476,166,2,73,3.2739726027397262,2.0,1,22,23,0.6712328767123288,0.8767123287671232,3.078095491808274,3.3595066202453365,0.9651307596513076,1.0,1.0,1.0,musk1,0.0,StratifiedGroupKFold_by_molecule,0.8698748419946946,0.8533280805524225,0.0970464135021097,nan
musk1_group_trainnoise0,UCI id=74 cached official retrieval; molecule_name group split,73,0.95,release_1,granular_ball,random_forest,476,166,2,73,3.2739726027397262,2.0,1,22,23,0.6712328767123288,0.8767123287671232,3.078095491808274,3.3595066202453365,0.9651307596513076,1.0,1.0,1.0,musk1,0.0,StratifiedGroupKFold_by_molecule,0.893517776709573,0.9027566557437708,0.3670886075949367,nan
musk1_group_trainnoise0,UCI id=74 cached official retrieval; molecule_name group split,73,0.95,release_1,matched_kmeans,logistic,476,166,2,73,3.2739726027397262,3.0,1,10,13,0.3835616438356164,0.8767123287671232,3.7141100306129426,4.274623988144054,0.9507990867579911,1.0,1.0,1.0,musk1,0.0,StratifiedGroupKFold_by_molecule,0.9095764567644075,0.899316163840202,0.2109704641350211,nan
musk1_group_trainnoise0,UCI id=74 cached official retrieval; molecule_name group split,73,0.95,release_1,matched_kmeans,random_forest,476,166,2,73,3.2739726027397262,3.0,1,10,13,0.3835616438356164,0.8767123287671232,3.7141100306129426,4.274623988144054,0.9507990867579911,1.0,1.0,1.0,musk1,0.0,StratifiedGroupKFold_by_molecule,0.8966155708664922,0.8722466072709472,0.18143459915611815,nan
musk1_group_trainnoise0,UCI id=74 cached official retrieval; molecule_name group split,73,0.95,release_2,granular_ball,logistic,476,166,2,73,3.2739726027397262,2.0,1,22,23,0.6712328767123288,0.8767123287671232,3.078095491808274,3.3595066202453365,0.9651307596513076,1.0,1.0,1.0,musk1,0.0,StratifiedGroupKFold_by_molecule,0.9133329772650396,0.8906607488168297,0.09282700421940929,nan
musk1_group_trainnoise0,UCI id=74 cached official retrieval; molecule_name group split,73,0.95,release_2,granular_ball,random_forest,476,166,2,73,3.2739726027397262,2.0,1,22,23,0.6712328767123288,0.8767123287671232,3.078095491808274,3.3595066202453365,0.9651307596513076,1.0,1.0,1.0,musk1,0.0,StratifiedGroupKFold_by_molecule,0.9420320817532803,0.9396775302934224,0.38396624472573837,nan
musk1_group_trainnoise0,UCI id=74 cached official retrieval; molecule_name group split,73,0.95,release_2,matched_kmeans,logistic,476,166,2,73,3.2739726027397262,3.0,1,10,13,0.3835616438356164,0.8767123287671232,3.7141100306129426,4.274623988144054,0.9507990867579911,1.0,1.0,1.0,musk1,0.0,StratifiedGroupKFold_by_molecule,0.9203119158254554,0.892112255506268,0.12236286919831224,nan
musk1_group_trainnoise0,UCI id=74 cached official retrieval; molecule_name group split,73,0.95,release_2,matched_kmeans,random_forest,476,166,2,73,3.2739726027397262,3.0,1,10,13,0.3835616438356164,0.8767123287671232,3.7141100306129426,4.274623988144054,0.9507990867579911,1.0,1.0,1.0,musk1,0.0,StratifiedGroupKFold_by_molecule,0.9358186900247467,0.9300826532572672,0.35864978902953587,nan
musk1_group_trainnoise0,UCI id=74 cached official retrieval; molecule_name group split,73,0.95,release_3,granular_ball,logistic,476,166,2,73,3.2739726027397262,2.0,1,22,23,0.6712328767123288,0.8767123287671232,3.078095491808274,3.3595066202453365,0.9651307596513076,1.0,1.0,1.0,musk1,0.0,StratifiedGroupKFold_by_molecule,0.9164663782513488,0.8915189895060072,0.08438818565400844,nan
musk1_group_trainnoise0,UCI id=74 cached official retrieval; molecule_name group split,73,0.95,release_3,granular_ball,random_forest,476,166,2,73,3.2739726027397262,2.0,1,22,23,0.6712328767123288,0.8767123287671232,3.078095491808274,3.3595066202453365,0.9651307596513076,1.0,1.0,1.0,musk1,0.0,StratifiedGroupKFold_by_molecule,0.9514500881269028,0.949986891626374,0.39662447257383965,nan
musk1_group_trainnoise0,UCI id=74 cached official retrieval; molecule_name group split,73,0.95,release_3,matched_kmeans,logistic,476,166,2,73,3.2739726027397262,3.0,1,10,13,0.3835616438356164,0.8767123287671232,3.7141100306129426,4.274623988144054,0.9507990867579911,1.0,1.0,1.0,musk1,0.0,StratifiedGroupKFold_by_molecule,0.9223771119300683,0.8979948419239508,0.10548523206751055,nan
musk1_group_trainnoise0,UCI id=74 cached official retrieval; molecule_name group split,73,0.95,release_3,matched_kmeans,random_forest,476,166,2,73,3.2739726027397262,3.0,1,10,13,0.3835616438356164,0.8767123287671232,3.7141100306129426,4.274623988144054,0.9507990867579911,1.0,1.0,1.0,musk1,0.0,StratifiedGroupKFold_by_molecule,0.9333440153821503,0.9219353047336336,0.3755274261603376,nan
musk1_group_trainnoise0,UCI id=74 cached official retrieval; molecule_name group split,73,0.99,release_1,granular_ball,logistic,476,166,2,77,3.103896103896104,2.0,1,20,24,0.6493506493506493,0.8831168831168831,3.098960400354099,3.4245375842878234,0.9675324675324676,1.0,1.0,1.0,musk1,0.0,StratifiedGroupKFold_by_molecule,0.8816428991080488,0.8662207145582357,0.1308016877637131,nan
musk1_group_trainnoise0,UCI id=74 cached official retrieval; molecule_name group split,73,0.99,release_1,granular_ball,random_forest,476,166,2,77,3.103896103896104,2.0,1,20,24,0.6493506493506493,0.8831168831168831,3.098960400354099,3.4245375842878234,0.9675324675324676,1.0,1.0,1.0,musk1,0.0,StratifiedGroupKFold_by_molecule,0.896117075255034,0.8827641871301669,0.17721518987341772,nan
musk1_group_trainnoise0,UCI id=74 cached official retrieval; molecule_name group split,73,0.99,release_1,matched_kmeans,logistic,476,166,2,77,3.103896103896104,3.0,1,8,15,0.4155844155844156,0.8831168831168831,3.588769159251968,4.232861101879363,0.9524737167594312,1.0,1.0,1.0,musk1,0.0,StratifiedGroupKFold_by_molecule,0.9163773611778739,0.905705536329934,0.21940928270042195,nan
musk1_group_trainnoise0,UCI id=74 cached official retrieval; molecule_name group split,73,0.99,release_1,matched_kmeans,random_forest,476,166,2,77,3.103896103896104,3.0,1,8,15,0.4155844155844156,0.8831168831168831,3.588769159251968,4.232861101879363,0.9524737167594312,1.0,1.0,1.0,musk1,0.0,StratifiedGroupKFold_by_molecule,0.9071907991952858,0.8852509146312508,0.18143459915611815,nan
musk1_group_trainnoise0,UCI id=74 cached official retrieval; molecule_name group split,73,0.99,release_2,granular_ball,logistic,476,166,2,77,3.103896103896104,2.0,1,20,24,0.6493506493506493,0.8831168831168831,3.098960400354099,3.4245375842878234,0.9675324675324676,1.0,1.0,1.0,musk1,0.0,StratifiedGroupKFold_by_molecule,0.9222524880272036,0.900756505405093,0.11814345991561181,nan
musk1_group_trainnoise0,UCI id=74 cached official retrieval; molecule_name group split,73,0.99,release_2,granular_ball,random_forest,476,166,2,77,3.103896103896104,2.0,1,20,24,0.6493506493506493,0.8831168831168831,3.098960400354099,3.4245375842878234,0.9675324675324676,1.0,1.0,1.0,musk1,0.0,StratifiedGroupKFold_by_molecule,0.9508447720272748,0.9459270365853268,0.45147679324894513,nan
musk1_group_trainnoise0,UCI id=74 cached official retrieval; molecule_name group split,73,0.99,release_2,matched_kmeans,logistic,476,166,2,77,3.103896103896104,3.0,1,8,15,0.4155844155844156,0.8831168831168831,3.588769159251968,4.232861101879363,0.9524737167594312,1.0,1.0,1.0,musk1,0.0,StratifiedGroupKFold_by_molecule,0.9248339831579697,0.8975625165741079,0.12658227848101267,nan
musk1_group_trainnoise0,UCI id=74 cached official retrieval; molecule_name group split,73,0.99,release_2,matched_kmeans,random_forest,476,166,2,77,3.103896103896104,3.0,1,8,15,0.4155844155844156,0.8831168831168831,3.588769159251968,4.232861101879363,0.9524737167594312,1.0,1.0,1.0,musk1,0.0,StratifiedGroupKFold_by_molecule,0.9410528939450588,0.9357164927032386,0.41350210970464135,nan
musk1_group_trainnoise0,UCI id=74 cached official retrieval; molecule_name group split,73,0.99,release_3,granular_ball,logistic,476,166,2,77,3.103896103896104,2.0,1,20,24,0.6493506493506493,0.8831168831168831,3.098960400354099,3.4245375842878234,0.9675324675324676,1.0,1.0,1.0,musk1,0.0,StratifiedGroupKFold_by_molecule,0.9249230002314444,0.8990992528065197,0.0759493670886076,nan
musk1_group_trainnoise0,UCI id=74 cached official retrieval; molecule_name group split,73,0.99,release_3,granular_ball,random_forest,476,166,2,77,3.103896103896104,2.0,1,20,24,0.6493506493506493,0.8831168831168831,3.098960400354099,3.4245375842878234,0.9675324675324676,1.0,1.0,1.0,musk1,0.0,StratifiedGroupKFold_by_molecule,0.957200591073368,0.9499639477140844,0.4810126582278481,nan
musk1_group_trainnoise0,UCI id=74 cached official retrieval; molecule_name group split,73,0.99,release_3,matched_kmeans,logistic,476,166,2,77,3.103896103896104,3.0,1,8,15,0.4155844155844156,0.8831168831168831,3.588769159251968,4.232861101879363,0.9524737167594312,1.0,1.0,1.0,musk1,0.0,StratifiedGroupKFold_by_molecule,0.9301572041517563,0.9046943153529801,0.10970464135021098,nan
musk1_group_trainnoise0,UCI id=74 cached official retrieval; molecule_name group split,73,0.99,release_3,matched_kmeans,random_forest,476,166,2,77,3.103896103896104,3.0,1,8,15,0.4155844155844156,0.8831168831168831,3.588769159251968,4.232861101879363,0.9524737167594312,1.0,1.0,1.0,musk1,0.0,StratifiedGroupKFold_by_molecule,0.943260517367231,0.9380200921842529,0.45147679324894513,nan
musk1_group_trainnoise0,UCI id=74 cached official retrieval; molecule_name group split,314,0.7,release_1,granular_ball,logistic,476,166,2,18,13.222222222222221,10.0,3,44,0,0.0,0.2777777777777778,7.161190868359234,7.1396359961858575,0.9098068598068596,1.0,0.801923076923077,1.0,musk1,0.0,StratifiedGroupKFold_by_molecule,0.6656486123861309,0.6682794057167473,0.07142857142857142,nan
musk1_group_trainnoise0,UCI id=74 cached official retrieval; molecule_name group split,314,0.7,release_1,granular_ball,random_forest,476,166,2,18,13.222222222222221,10.0,3,44,0,0.0,0.2777777777777778,7.161190868359234,7.1396359961858575,0.9098068598068596,1.0,0.801923076923077,1.0,musk1,0.0,StratifiedGroupKFold_by_molecule,0.648294611962432,0.6565106519691479,0.06302521008403361,nan
musk1_group_trainnoise0,UCI id=74 cached official retrieval; molecule_name group split,314,0.7,release_1,matched_kmeans,logistic,476,166,2,18,13.222222222222221,11.5,2,45,0,0.05555555555555555,0.16666666666666666,6.800134832597478,6.971342528363758,0.8290642817603602,0.8516483516483516,0.6541666666666667,1.0,musk1,0.0,StratifiedGroupKFold_by_molecule,0.7010627780523975,0.704006910273573,0.13025210084033614,nan
musk1_group_trainnoise0,UCI id=74 cached official retrieval; molecule_name group split,314,0.7,release_1,matched_kmeans,random_forest,476,166,2,18,13.222222222222221,11.5,2,45,0,0.05555555555555555,0.16666666666666666,6.800134832597478,6.971342528363758,0.8290642817603602,0.8516483516483516,0.6541666666666667,1.0,musk1,0.0,StratifiedGroupKFold_by_molecule,0.6890403220111574,0.6816153837928304,0.06302521008403361,nan
musk1_group_trainnoise0,UCI id=74 cached official retrieval; molecule_name group split,314,0.7,release_2,granular_ball,logistic,476,166,2,18,13.222222222222221,10.0,3,44,0,0.0,0.2777777777777778,7.161190868359234,7.1396359961858575,0.9098068598068596,1.0,0.801923076923077,1.0,musk1,0.0,StratifiedGroupKFold_by_molecule,0.6818904032201116,0.674418526637956,0.07983193277310924,nan
musk1_group_trainnoise0,UCI id=74 cached official retrieval; molecule_name group split,314,0.7,release_2,granular_ball,random_forest,476,166,2,18,13.222222222222221,10.0,3,44,0,0.0,0.2777777777777778,7.161190868359234,7.1396359961858575,0.9098068598068596,1.0,0.801923076923077,1.0,musk1,0.0,StratifiedGroupKFold_by_molecule,0.7415966386554622,0.7431027308038705,0.1134453781512605,nan
musk1_group_trainnoise0,UCI id=74 cached official retrieval; molecule_name group split,314,0.7,release_2,matched_kmeans,logistic,476,166,2,18,13.222222222222221,11.5,2,45,0,0.05555555555555555,0.16666666666666666,6.800134832597478,6.971342528363758,0.8290642817603602,0.8516483516483516,0.6541666666666667,1.0,musk1,0.0,StratifiedGroupKFold_by_molecule,0.700462537956359,0.705288937669315,0.12605042016806722,nan
musk1_group_trainnoise0,UCI id=74 cached official retrieval; molecule_name group split,314,0.7,release_2,matched_kmeans,random_forest,476,166,2,18,13.222222222222221,11.5,2,45,0,0.05555555555555555,0.16666666666666666,6.800134832597478,6.971342528363758,0.8290642817603602,0.8516483516483516,0.6541666666666667,1.0,musk1,0.0,StratifiedGroupKFold_by_molecule,0.7338729609490855,0.7392104602729084,0.10084033613445378,nan
musk1_group_trainnoise0,UCI id=74 cached official retrieval; molecule_name group split,314,0.7,release_3,granular_ball,logistic,476,166,2,18,13.222222222222221,10.0,3,44,0,0.0,0.2777777777777778,7.161190868359234,7.1396359961858575,0.9098068598068596,1.0,0.801923076923077,1.0,musk1,0.0,StratifiedGroupKFold_by_molecule,0.6753230704046325,0.6734390985770013,0.09243697478991597,nan
musk1_group_trainnoise0,UCI id=74 cached official retrieval; molecule_name group split,314,0.7,release_3,granular_ball,random_forest,476,166,2,18,13.222222222222221,10.0,3,44,0,0.0,0.2777777777777778,7.161190868359234,7.1396359961858575,0.9098068598068596,1.0,0.801923076923077,1.0,musk1,0.0,StratifiedGroupKFold_by_molecule,0.7649353859190735,0.7577396310150879,0.1134453781512605,nan
musk1_group_trainnoise0,UCI id=74 cached official retrieval; molecule_name group split,314,0.7,release_3,matched_kmeans,logistic,476,166,2,18,13.222222222222221,11.5,2,45,0,0.05555555555555555,0.16666666666666666,6.800134832597478,6.971342528363758,0.8290642817603602,0.8516483516483516,0.6541666666666667,1.0,musk1,0.0,StratifiedGroupKFold_by_molecule,0.6880163830237978,0.7038780630931272,0.12184873949579832,nan
musk1_group_trainnoise0,UCI id=74 cached official retrieval; molecule_name group split,314,0.7,release_3,matched_kmeans,random_forest,476,166,2,18,13.222222222222221,11.5,2,45,0,0.05555555555555555,0.16666666666666666,6.800134832597478,6.971342528363758,0.8290642817603602,0.8516483516483516,0.6541666666666667,1.0,musk1,0.0,StratifiedGroupKFold_by_molecule,0.7427265023656522,0.7487240782663654,0.12184873949579832,nan
musk1_group_trainnoise0,UCI id=74 cached official retrieval; molecule_name group split,314,0.8,release_1,granular_ball,logistic,476,166,2,40,5.95,3.5,1,26,9,0.425,0.625,4.335917206800237,4.366269848196696,0.934120879120879,1.0,0.9285714285714286,1.0,musk1,0.0,StratifiedGroupKFold_by_molecule,0.7447743803403714,0.7498041422264089,0.13865546218487396,nan
musk1_group_trainnoise0,UCI id=74 cached official retrieval; molecule_name group split,314,0.8,release_1,granular_ball,random_forest,476,166,2,40,5.95,3.5,1,26,9,0.425,0.625,4.335917206800237,4.366269848196696,0.934120879120879,1.0,0.9285714285714286,1.0,musk1,0.0,StratifiedGroupKFold_by_molecule,0.7436886519313608,0.7648867294441453,0.1638655462184874,nan
musk1_group_trainnoise0,UCI id=74 cached official retrieval; molecule_name group split,314,0.8,release_1,matched_kmeans,logistic,476,166,2,40,5.95,5.0,1,19,3,0.275,0.6,4.960081876779308,5.437501267608274,0.9316283095559411,1.0,0.9861111111111112,1.0,musk1,0.0,StratifiedGroupKFold_by_molecule,0.8059635618953465,0.8130524995612444,0.21428571428571427,nan
musk1_group_trainnoise0,UCI id=74 cached official retrieval; molecule_name group split,314,0.8,release_1,matched_kmeans,random_forest,476,166,2,40,5.95,5.0,1,19,3,0.275,0.6,4.960081876779308,5.437501267608274,0.9316283095559411,1.0,0.9861111111111112,1.0,musk1,0.0,StratifiedGroupKFold_by_molecule,0.76916354777205,0.7724528599862388,0.22268907563025211,nan
musk1_group_trainnoise0,UCI id=74 cached official retrieval; molecule_name group split,314,0.8,release_2,granular_ball,logistic,476,166,2,40,5.95,3.5,1,26,9,0.425,0.625,4.335917206800237,4.366269848196696,0.934120879120879,1.0,0.9285714285714286,1.0,musk1,0.0,StratifiedGroupKFold_by_molecule,0.7461514017371655,0.745908729175022,0.12605042016806722,nan
musk1_group_trainnoise0,UCI id=74 cached official retrieval; molecule_name group split,314,0.8,release_2,granular_ball,random_forest,476,166,2,40,5.95,3.5,1,26,9,0.425,0.625,4.335917206800237,4.366269848196696,0.934120879120879,1.0,0.9285714285714286,1.0,musk1,0.0,StratifiedGroupKFold_by_molecule,0.7892451098086294,0.8032377813190794,0.226890756302521,nan
musk1_group_trainnoise0,UCI id=74 cached official retrieval; molecule_name group split,314,0.8,release_2,matched_kmeans,logistic,476,166,2,40,5.95,5.0,1,19,3,0.275,0.6,4.960081876779308,5.437501267608274,0.9316283095559411,1.0,0.9861111111111112,1.0,musk1,0.0,StratifiedGroupKFold_by_molecule,0.815002471576866,0.8154436187424836,0.20168067226890757,nan
musk1_group_trainnoise0,UCI id=74 cached official retrieval; molecule_name group split,314,0.8,release_2,matched_kmeans,random_forest,476,166,2,40,5.95,5.0,1,19,3,0.275,0.6,4.960081876779308,5.437501267608274,0.9316283095559411,1.0,0.9861111111111112,1.0,musk1,0.0,StratifiedGroupKFold_by_molecule,0.8020973095120401,0.8092251743620305,0.23109243697478993,nan
musk1_group_trainnoise0,UCI id=74 cached official retrieval; molecule_name group split,314,0.8,release_3,granular_ball,logistic,476,166,2,40,5.95,3.5,1,26,9,0.425,0.625,4.335917206800237,4.366269848196696,0.934120879120879,1.0,0.9285714285714286,1.0,musk1,0.0,StratifiedGroupKFold_by_molecule,0.7483581667961303,0.7481714608164497,0.13025210084033614,nan
musk1_group_trainnoise0,UCI id=74 cached official retrieval; molecule_name group split,314,0.8,release_3,granular_ball,random_forest,476,166,2,40,5.95,3.5,1,26,9,0.425,0.625,4.335917206800237,4.366269848196696,0.934120879120879,1.0,0.9285714285714286,1.0,musk1,0.0,StratifiedGroupKFold_by_molecule,0.8101387613869078,0.8256580763099469,0.23949579831932774,nan
musk1_group_trainnoise0,UCI id=74 cached official retrieval; molecule_name group split,314,0.8,release_3,matched_kmeans,logistic,476,166,2,40,5.95,5.0,1,19,3,0.275,0.6,4.960081876779308,5.437501267608274,0.9316283095559411,1.0,0.9861111111111112,1.0,musk1,0.0,StratifiedGroupKFold_by_molecule,0.810430054374691,0.8063119022881036,0.18487394957983194,nan
musk1_group_trainnoise0,UCI id=74 cached official retrieval; molecule_name group split,314,0.8,release_3,matched_kmeans,random_forest,476,166,2,40,5.95,5.0,1,19,3,0.275,0.6,4.960081876779308,5.437501267608274,0.9316283095559411,1.0,0.9861111111111112,1.0,musk1,0.0,StratifiedGroupKFold_by_molecule,0.8166089965397924,0.8195421766639347,0.19327731092436976,nan
musk1_group_trainnoise0,UCI id=74 cached official retrieval; molecule_name group split,314,0.9,release_1,granular_ball,logistic,476,166,2,61,3.901639344262295,2.0,1,14,16,0.5573770491803278,0.7704918032786885,3.600899742096443,3.9854227610114017,0.9451990632318501,1.0,1.0,1.0,musk1,0.0,StratifiedGroupKFold_by_molecule,0.8445378151260503,0.8468788655920134,0.23529411764705882,nan
musk1_group_trainnoise0,UCI id=74 cached official retrieval; molecule_name group split,314,0.9,release_1,granular_ball,random_forest,476,166,2,61,3.901639344262295,2.0,1,14,16,0.5573770491803278,0.7704918032786885,3.600899742096443,3.9854227610114017,0.9451990632318501,1.0,1.0,1.0,musk1,0.0,StratifiedGroupKFold_by_molecule,0.8491367135089332,0.8487693902770282,0.19327731092436976,nan
musk1_group_trainnoise0,UCI id=74 cached official retrieval; molecule_name group split,314,0.9,release_1,matched_kmeans,logistic,476,166,2,61,3.901639344262295,4.0,1,14,4,0.3770491803278688,0.8524590163934426,4.281630529532569,4.548751797434534,0.9476906062971636,1.0,1.0,1.0,musk1,0.0,StratifiedGroupKFold_by_molecule,0.9060094626085728,0.8988865375565726,0.2605042016806723,nan
musk1_group_trainnoise0,UCI id=74 cached official retrieval; molecule_name group split,314,0.9,release_1,matched_kmeans,random_forest,476,166,2,61,3.901639344262295,4.0,1,14,4,0.3770491803278688,0.8524590163934426,4.281630529532569,4.548751797434534,0.9476906062971636,1.0,1.0,1.0,musk1,0.0,StratifiedGroupKFold_by_molecule,0.8844449544523691,0.8758425627346791,0.15966386554621848,nan
musk1_group_trainnoise0,UCI id=74 cached official retrieval; molecule_name group split,314,0.9,release_2,granular_ball,logistic,476,166,2,61,3.901639344262295,2.0,1,14,16,0.5573770491803278,0.7704918032786885,3.600899742096443,3.9854227610114017,0.9451990632318501,1.0,1.0,1.0,musk1,0.0,StratifiedGroupKFold_by_molecule,0.8518642751218134,0.8498334199748624,0.19747899159663865,nan
musk1_group_trainnoise0,UCI id=74 cached official retrieval; molecule_name group split,314,0.9,release_2,granular_ball,random_forest,476,166,2,61,3.901639344262295,2.0,1,14,16,0.5573770491803278,0.7704918032786885,3.600899742096443,3.9854227610114017,0.9451990632318501,1.0,1.0,1.0,musk1,0.0,StratifiedGroupKFold_by_molecule,0.8876668314384577,0.8922002720837865,0.2647058823529412,nan
musk1_group_trainnoise0,UCI id=74 cached official retrieval; molecule_name group split,314,0.9,release_2,matched_kmeans,logistic,476,166,2,61,3.901639344262295,4.0,1,14,4,0.3770491803278688,0.8524590163934426,4.281630529532569,4.548751797434534,0.9476906062971636,1.0,1.0,1.0,musk1,0.0,StratifiedGroupKFold_by_molecule,0.9157015747475461,0.901363488545256,0.23529411764705882,nan
musk1_group_trainnoise0,UCI id=74 cached official retrieval; molecule_name group split,314,0.9,release_2,matched_kmeans,random_forest,476,166,2,61,3.901639344262295,4.0,1,14,4,0.3770491803278688,0.8524590163934426,4.281630529532569,4.548751797434534,0.9476906062971636,1.0,1.0,1.0,musk1,0.0,StratifiedGroupKFold_by_molecule,0.9195060377092014,0.8989588620395818,0.21428571428571427,nan
musk1_group_trainnoise0,UCI id=74 cached official retrieval; molecule_name group split,314,0.9,release_3,granular_ball,logistic,476,166,2,61,3.901639344262295,2.0,1,14,16,0.5573770491803278,0.7704918032786885,3.600899742096443,3.9854227610114017,0.9451990632318501,1.0,1.0,1.0,musk1,0.0,StratifiedGroupKFold_by_molecule,0.8555892945413458,0.8506933210955129,0.25210084033613445,nan
musk1_group_trainnoise0,UCI id=74 cached official retrieval; molecule_name group split,314,0.9,release_3,granular_ball,random_forest,476,166,2,61,3.901639344262295,2.0,1,14,16,0.5573770491803278,0.7704918032786885,3.600899742096443,3.9854227610114017,0.9451990632318501,1.0,1.0,1.0,musk1,0.0,StratifiedGroupKFold_by_molecule,0.8890438528352517,0.895405301169405,0.3277310924369748,nan
musk1_group_trainnoise0,UCI id=74 cached official retrieval; molecule_name group split,314,0.9,release_3,matched_kmeans,logistic,476,166,2,61,3.901639344262295,4.0,1,14,4,0.3770491803278688,0.8524590163934426,4.281630529532569,4.548751797434534,0.9476906062971636,1.0,1.0,1.0,musk1,0.0,StratifiedGroupKFold_by_molecule,0.9138125838570722,0.8973606188340484,0.20168067226890757,nan
musk1_group_trainnoise0,UCI id=74 cached official retrieval; molecule_name group split,314,0.9,release_3,matched_kmeans,random_forest,476,166,2,61,3.901639344262295,4.0,1,14,4,0.3770491803278688,0.8524590163934426,4.281630529532569,4.548751797434534,0.9476906062971636,1.0,1.0,1.0,musk1,0.0,StratifiedGroupKFold_by_molecule,0.9210066379492974,0.8952025768374909,0.226890756302521,nan
musk1_group_trainnoise0,UCI id=74 cached official retrieval; molecule_name group split,314,0.95,release_1,granular_ball,logistic,476,166,2,70,3.4,2.0,1,12,21,0.5714285714285714,0.8,3.2764288490450113,3.8454210117669776,0.9571428571428572,1.0,1.0,1.0,musk1,0.0,StratifiedGroupKFold_by_molecule,0.8742673540004237,0.8741833878382161,0.21428571428571427,nan
musk1_group_trainnoise0,UCI id=74 cached official retrieval; molecule_name group split,314,0.95,release_1,granular_ball,random_forest,476,166,2,70,3.4,2.0,1,12,21,0.5714285714285714,0.8,3.2764288490450113,3.8454210117669776,0.9571428571428572,1.0,1.0,1.0,musk1,0.0,StratifiedGroupKFold_by_molecule,0.8806140103100063,0.8723625682386233,0.08823529411764706,nan
musk1_group_trainnoise0,UCI id=74 cached official retrieval; molecule_name group split,314,0.95,release_1,matched_kmeans,logistic,476,166,2,70,3.4,3.0,1,11,8,0.4142857142857143,0.9,3.9164355283611316,4.336041000940895,0.9628679653679655,1.0,1.0,1.0,musk1,0.0,StratifiedGroupKFold_by_molecule,0.9229221100204789,0.9181859702586664,0.2647058823529412,nan
musk1_group_trainnoise0,UCI id=74 cached official retrieval; molecule_name group split,314,0.95,release_1,matched_kmeans,random_forest,476,166,2,70,3.4,3.0,1,11,8,0.4142857142857143,0.9,3.9164355283611316,4.336041000940895,0.9628679653679655,1.0,1.0,1.0,musk1,0.0,StratifiedGroupKFold_by_molecule,0.9005366852623402,0.8837229759326248,0.07563025210084033,nan
musk1_group_trainnoise0,UCI id=74 cached official retrieval; molecule_name group split,314,0.95,release_2,granular_ball,logistic,476,166,2,70,3.4,2.0,1,12,21,0.5714285714285714,0.8,3.2764288490450113,3.8454210117669776,0.9571428571428572,1.0,1.0,1.0,musk1,0.0,StratifiedGroupKFold_by_molecule,0.8847185933196807,0.8797964417296538,0.19747899159663865,nan
musk1_group_trainnoise0,UCI id=74 cached official retrieval; molecule_name group split,314,0.95,release_2,granular_ball,random_forest,476,166,2,70,3.4,2.0,1,12,21,0.5714285714285714,0.8,3.2764288490450113,3.8454210117669776,0.9571428571428572,1.0,1.0,1.0,musk1,0.0,StratifiedGroupKFold_by_molecule,0.9141921474472141,0.9103459048751542,0.4117647058823529,nan
musk1_group_trainnoise0,UCI id=74 cached official retrieval; molecule_name group split,314,0.95,release_2,matched_kmeans,logistic,476,166,2,70,3.4,3.0,1,11,8,0.4142857142857143,0.9,3.9164355283611316,4.336041000940895,0.9628679653679655,1.0,1.0,1.0,musk1,0.0,StratifiedGroupKFold_by_molecule,0.9349269119412471,0.9229715824595718,0.25210084033613445,nan
musk1_group_trainnoise0,UCI id=74 cached official retrieval; molecule_name group split,314,0.95,release_2,matched_kmeans,random_forest,476,166,2,70,3.4,3.0,1,11,8,0.4142857142857143,0.9,3.9164355283611316,4.336041000940895,0.9628679653679655,1.0,1.0,1.0,musk1,0.0,StratifiedGroupKFold_by_molecule,0.9334439658216227,0.919645800696637,0.23529411764705882,nan
musk1_group_trainnoise0,UCI id=74 cached official retrieval; molecule_name group split,314,0.95,release_3,granular_ball,logistic,476,166,2,70,3.4,2.0,1,12,21,0.5714285714285714,0.8,3.2764288490450113,3.8454210117669776,0.9571428571428572,1.0,1.0,1.0,musk1,0.0,StratifiedGroupKFold_by_molecule,0.8918155497493115,0.8864248270814767,0.25630252100840334,nan
musk1_group_trainnoise0,UCI id=74 cached official retrieval; molecule_name group split,314,0.95,release_3,granular_ball,random_forest,476,166,2,70,3.4,2.0,1,12,21,0.5714285714285714,0.8,3.2764288490450113,3.8454210117669776,0.9571428571428572,1.0,1.0,1.0,musk1,0.0,StratifiedGroupKFold_by_molecule,0.916575453710896,0.9174297449696647,0.42436974789915966,nan
musk1_group_trainnoise0,UCI id=74 cached official retrieval; molecule_name group split,314,0.95,release_3,matched_kmeans,logistic,476,166,2,70,3.4,3.0,1,11,8,0.4142857142857143,0.9,3.9164355283611316,4.336041000940895,0.9628679653679655,1.0,1.0,1.0,musk1,0.0,StratifiedGroupKFold_by_molecule,0.9334086575806794,0.9172649274766302,0.19747899159663865,nan
musk1_group_trainnoise0,UCI id=74 cached official retrieval; molecule_name group split,314,0.95,release_3,matched_kmeans,random_forest,476,166,2,70,3.4,3.0,1,11,8,0.4142857142857143,0.9,3.9164355283611316,4.336041000940895,0.9628679653679655,1.0,1.0,1.0,musk1,0.0,StratifiedGroupKFold_by_molecule,0.9365422639644093,0.9101502134984283,0.3865546218487395,nan
musk1_group_trainnoise0,UCI id=74 cached official retrieval; molecule_name group split,314,0.99,release_1,granular_ball,logistic,476,166,2,70,3.4,2.0,1,12,21,0.5714285714285714,0.8,3.2764288490450113,3.8454210117669776,0.9571428571428572,1.0,1.0,1.0,musk1,0.0,StratifiedGroupKFold_by_molecule,0.8742673540004237,0.8741833878382161,0.21428571428571427,nan
musk1_group_trainnoise0,UCI id=74 cached official retrieval; molecule_name group split,314,0.99,release_1,granular_ball,random_forest,476,166,2,70,3.4,2.0,1,12,21,0.5714285714285714,0.8,3.2764288490450113,3.8454210117669776,0.9571428571428572,1.0,1.0,1.0,musk1,0.0,StratifiedGroupKFold_by_molecule,0.8806140103100063,0.8723625682386233,0.08823529411764706,nan
musk1_group_trainnoise0,UCI id=74 cached official retrieval; molecule_name group split,314,0.99,release_1,matched_kmeans,logistic,476,166,2,70,3.4,3.0,1,11,8,0.4142857142857143,0.9,3.9164355283611316,4.336041000940895,0.9628679653679655,1.0,1.0,1.0,musk1,0.0,StratifiedGroupKFold_by_molecule,0.9229221100204789,0.9181859702586664,0.2647058823529412,nan
musk1_group_trainnoise0,UCI id=74 cached official retrieval; molecule_name group split,314,0.99,release_1,matched_kmeans,random_forest,476,166,2,70,3.4,3.0,1,11,8,0.4142857142857143,0.9,3.9164355283611316,4.336041000940895,0.9628679653679655,1.0,1.0,1.0,musk1,0.0,StratifiedGroupKFold_by_molecule,0.9005366852623402,0.8837229759326248,0.07563025210084033,nan
musk1_group_trainnoise0,UCI id=74 cached official retrieval; molecule_name group split,314,0.99,release_2,granular_ball,logistic,476,166,2,70,3.4,2.0,1,12,21,0.5714285714285714,0.8,3.2764288490450113,3.8454210117669776,0.9571428571428572,1.0,1.0,1.0,musk1,0.0,StratifiedGroupKFold_by_molecule,0.8847185933196807,0.8797964417296538,0.19747899159663865,nan
musk1_group_trainnoise0,UCI id=74 cached official retrieval; molecule_name group split,314,0.99,release_2,granular_ball,random_forest,476,166,2,70,3.4,2.0,1,12,21,0.5714285714285714,0.8,3.2764288490450113,3.8454210117669776,0.9571428571428572,1.0,1.0,1.0,musk1,0.0,StratifiedGroupKFold_by_molecule,0.9141921474472141,0.9103459048751542,0.4117647058823529,nan
musk1_group_trainnoise0,UCI id=74 cached official retrieval; molecule_name group split,314,0.99,release_2,matched_kmeans,logistic,476,166,2,70,3.4,3.0,1,11,8,0.4142857142857143,0.9,3.9164355283611316,4.336041000940895,0.9628679653679655,1.0,1.0,1.0,musk1,0.0,StratifiedGroupKFold_by_molecule,0.9349269119412471,0.9229715824595718,0.25210084033613445,nan
musk1_group_trainnoise0,UCI id=74 cached official retrieval; molecule_name group split,314,0.99,release_2,matched_kmeans,random_forest,476,166,2,70,3.4,3.0,1,11,8,0.4142857142857143,0.9,3.9164355283611316,4.336041000940895,0.9628679653679655,1.0,1.0,1.0,musk1,0.0,StratifiedGroupKFold_by_molecule,0.9334439658216227,0.919645800696637,0.23529411764705882,nan
musk1_group_trainnoise0,UCI id=74 cached official retrieval; molecule_name group split,314,0.99,release_3,granular_ball,logistic,476,166,2,70,3.4,2.0,1,12,21,0.5714285714285714,0.8,3.2764288490450113,3.8454210117669776,0.9571428571428572,1.0,1.0,1.0,musk1,0.0,StratifiedGroupKFold_by_molecule,0.8918155497493115,0.8864248270814767,0.25630252100840334,nan
musk1_group_trainnoise0,UCI id=74 cached official retrieval; molecule_name group split,314,0.99,release_3,granular_ball,random_forest,476,166,2,70,3.4,2.0,1,12,21,0.5714285714285714,0.8,3.2764288490450113,3.8454210117669776,0.9571428571428572,1.0,1.0,1.0,musk1,0.0,StratifiedGroupKFold_by_molecule,0.916575453710896,0.9174297449696647,0.42436974789915966,nan
musk1_group_trainnoise0,UCI id=74 cached official retrieval; molecule_name group split,314,0.99,release_3,matched_kmeans,logistic,476,166,2,70,3.4,3.0,1,11,8,0.4142857142857143,0.9,3.9164355283611316,4.336041000940895,0.9628679653679655,1.0,1.0,1.0,musk1,0.0,StratifiedGroupKFold_by_molecule,0.9334086575806794,0.9172649274766302,0.19747899159663865,nan
musk1_group_trainnoise0,UCI id=74 cached official retrieval; molecule_name group split,314,0.99,release_3,matched_kmeans,random_forest,476,166,2,70,3.4,3.0,1,11,8,0.4142857142857143,0.9,3.9164355283611316,4.336041000940895,0.9628679653679655,1.0,1.0,1.0,musk1,0.0,StratifiedGroupKFold_by_molecule,0.9365422639644093,0.9101502134984283,0.3865546218487395,nan
musk1_group_trainnoise0,UCI id=74 cached official retrieval; molecule_name group split,808,0.7,release_1,granular_ball,logistic,476,166,2,36,6.638888888888889,5.0,1,29,5,0.3055555555555556,0.5277777777777778,5.088353717217466,5.960207073947977,0.9182266009852218,1.0,0.8318965517241379,1.0,musk1,0.0,StratifiedGroupKFold_by_molecule,0.7882105787890116,0.7823574292478992,0.08438818565400844,nan
musk1_group_trainnoise0,UCI id=74 cached official retrieval; molecule_name group split,808,0.7,release_1,granular_ball,random_forest,476,166,2,36,6.638888888888889,5.0,1,29,5,0.3055555555555556,0.5277777777777778,5.088353717217466,5.960207073947977,0.9182266009852218,1.0,0.8318965517241379,1.0,musk1,0.0,StratifiedGroupKFold_by_molecule,0.7712617279994303,0.779222626811355,0.1350210970464135,nan
musk1_group_trainnoise0,UCI id=74 cached official retrieval; molecule_name group split,808,0.7,release_1,matched_kmeans,logistic,476,166,2,36,6.638888888888889,6.0,1,17,1,0.16666666666666666,0.4444444444444444,5.54054218837777,5.787105534716056,0.909866168689698,1.0,0.89375,1.0,musk1,0.0,StratifiedGroupKFold_by_molecule,0.8133846071676547,0.7929481145072207,0.07172995780590717,nan
musk1_group_trainnoise0,UCI id=74 cached official retrieval; molecule_name group split,808,0.7,release_1,matched_kmeans,random_forest,476,166,2,36,6.638888888888889,6.0,1,17,1,0.16666666666666666,0.4444444444444444,5.54054218837777,5.787105534716056,0.909866168689698,1.0,0.89375,1.0,musk1,0.0,StratifiedGroupKFold_by_molecule,0.8146130427816055,0.8079597062018441,0.12658227848101267,nan
musk1_group_trainnoise0,UCI id=74 cached official retrieval; molecule_name group split,808,0.7,release_2,granular_ball,logistic,476,166,2,36,6.638888888888889,5.0,1,29,5,0.3055555555555556,0.5277777777777778,5.088353717217466,5.960207073947977,0.9182266009852218,1.0,0.8318965517241379,1.0,musk1,0.0,StratifiedGroupKFold_by_molecule,0.7902401680642347,0.771014951473568,0.046413502109704644,nan
musk1_group_trainnoise0,UCI id=74 cached official retrieval; molecule_name group split,808,0.7,release_2,granular_ball,random_forest,476,166,2,36,6.638888888888889,5.0,1,29,5,0.3055555555555556,0.5277777777777778,5.088353717217466,5.960207073947977,0.9182266009852218,1.0,0.8318965517241379,1.0,musk1,0.0,StratifiedGroupKFold_by_molecule,0.8127881927753744,0.7925751211599044,0.05907172995780591,nan
musk1_group_trainnoise0,UCI id=74 cached official retrieval; molecule_name group split,808,0.7,release_2,matched_kmeans,logistic,476,166,2,36,6.638888888888889,6.0,1,17,1,0.16666666666666666,0.4444444444444444,5.54054218837777,5.787105534716056,0.909866168689698,1.0,0.89375,1.0,musk1,0.0,StratifiedGroupKFold_by_molecule,0.8158058715661665,0.7742721437170819,0.05485232067510549,nan
musk1_group_trainnoise0,UCI id=74 cached official retrieval; molecule_name group split,808,0.7,release_2,matched_kmeans,random_forest,476,166,2,36,6.638888888888889,6.0,1,17,1,0.16666666666666666,0.4444444444444444,5.54054218837777,5.787105534716056,0.909866168689698,1.0,0.89375,1.0,musk1,0.0,StratifiedGroupKFold_by_molecule,0.8447186170307466,0.835770772299035,0.16877637130801687,nan
musk1_group_trainnoise0,UCI id=74 cached official retrieval; molecule_name group split,808,0.7,release_3,granular_ball,logistic,476,166,2,36,6.638888888888889,5.0,1,29,5,0.3055555555555556,0.5277777777777778,5.088353717217466,5.960207073947977,0.9182266009852218,1.0,0.8318965517241379,1.0,musk1,0.0,StratifiedGroupKFold_by_molecule,0.79159322758105,0.7845687427281234,0.06751054852320675,nan
musk1_group_trainnoise0,UCI id=74 cached official retrieval; molecule_name group split,808,0.7,release_3,granular_ball,random_forest,476,166,2,36,6.638888888888889,5.0,1,29,5,0.3055555555555556,0.5277777777777778,5.088353717217466,5.960207073947977,0.9182266009852218,1.0,0.8318965517241379,1.0,musk1,0.0,StratifiedGroupKFold_by_molecule,0.8343570296782923,0.8261904759419028,0.0970464135021097,nan
musk1_group_trainnoise0,UCI id=74 cached official retrieval; molecule_name group split,808,0.7,release_3,matched_kmeans,logistic,476,166,2,36,6.638888888888889,6.0,1,17,1,0.16666666666666666,0.4444444444444444,5.54054218837777,5.787105534716056,0.909866168689698,1.0,0.89375,1.0,musk1,0.0,StratifiedGroupKFold_by_molecule,0.8186900247467463,0.7830180945512698,0.046413502109704644,nan
musk1_group_trainnoise0,UCI id=74 cached official retrieval; molecule_name group split,808,0.7,release_3,matched_kmeans,random_forest,476,166,2,36,6.638888888888889,6.0,1,17,1,0.16666666666666666,0.4444444444444444,5.54054218837777,5.787105534716056,0.909866168689698,1.0,0.89375,1.0,musk1,0.0,StratifiedGroupKFold_by_molecule,0.8586408873221885,0.8423216220259753,0.06329113924050633,nan
musk1_group_trainnoise0,UCI id=74 cached official retrieval; molecule_name group split,808,0.8,release_1,granular_ball,logistic,476,166,2,52,4.596153846153846,2.0,1,29,12,0.5192307692307693,0.75,3.814049356277103,4.168133839567666,0.9764004673487432,1.0,1.0,1.0,musk1,0.0,StratifiedGroupKFold_by_molecule,0.8222329042710392,0.8234540859614952,0.1518987341772152,nan
musk1_group_trainnoise0,UCI id=74 cached official retrieval; molecule_name group split,808,0.8,release_1,granular_ball,random_forest,476,166,2,52,4.596153846153846,2.0,1,29,12,0.5192307692307693,0.75,3.814049356277103,4.168133839567666,0.9764004673487432,1.0,1.0,1.0,musk1,0.0,StratifiedGroupKFold_by_molecule,0.8284284925848779,0.8493544187163522,0.34177215189873417,nan
musk1_group_trainnoise0,UCI id=74 cached official retrieval; molecule_name group split,808,0.8,release_1,matched_kmeans,logistic,476,166,2,52,4.596153846153846,4.0,1,13,5,0.3076923076923077,0.6153846153846154,4.528570471250283,4.86214007641752,0.9479025781910397,1.0,1.0,1.0,musk1,0.0,StratifiedGroupKFold_by_molecule,0.8623439975787356,0.8643323676730541,0.2489451476793249,nan
musk1_group_trainnoise0,UCI id=74 cached official retrieval; molecule_name group split,808,0.8,release_1,matched_kmeans,random_forest,476,166,2,52,4.596153846153846,4.0,1,13,5,0.3076923076923077,0.6153846153846154,4.528570471250283,4.86214007641752,0.9479025781910397,1.0,1.0,1.0,musk1,0.0,StratifiedGroupKFold_by_molecule,0.8519646068115865,0.8633610355339084,0.31645569620253167,nan
musk1_group_trainnoise0,UCI id=74 cached official retrieval; molecule_name group split,808,0.8,release_2,granular_ball,logistic,476,166,2,52,4.596153846153846,2.0,1,29,12,0.5192307692307693,0.75,3.814049356277103,4.168133839567666,0.9764004673487432,1.0,1.0,1.0,musk1,0.0,StratifiedGroupKFold_by_molecule,0.8357813028538874,0.8296535279226713,0.18565400843881857,nan
musk1_group_trainnoise0,UCI id=74 cached official retrieval; molecule_name group split,808,0.8,release_2,granular_ball,random_forest,476,166,2,52,4.596153846153846,2.0,1,29,12,0.5192307692307693,0.75,3.814049356277103,4.168133839567666,0.9764004673487432,1.0,1.0,1.0,musk1,0.0,StratifiedGroupKFold_by_molecule,0.8782157417792732,0.8902640624981382,0.34177215189873417,nan
musk1_group_trainnoise0,UCI id=74 cached official retrieval; molecule_name group split,808,0.8,release_2,matched_kmeans,logistic,476,166,2,52,4.596153846153846,4.0,1,13,5,0.3076923076923077,0.6153846153846154,4.528570471250283,4.86214007641752,0.9479025781910397,1.0,1.0,1.0,musk1,0.0,StratifiedGroupKFold_by_molecule,0.8716195766347986,0.8713390408011996,0.2616033755274262,nan
musk1_group_trainnoise0,UCI id=74 cached official retrieval; molecule_name group split,808,0.8,release_2,matched_kmeans,random_forest,476,166,2,52,4.596153846153846,4.0,1,13,5,0.3076923076923077,0.6153846153846154,4.528570471250283,4.86214007641752,0.9479025781910397,1.0,1.0,1.0,musk1,0.0,StratifiedGroupKFold_by_molecule,0.8851679752176468,0.8805650297352647,0.24050632911392406,nan
musk1_group_trainnoise0,UCI id=74 cached official retrieval; molecule_name group split,808,0.8,release_3,granular_ball,logistic,476,166,2,52,4.596153846153846,2.0,1,29,12,0.5192307692307693,0.75,3.814049356277103,4.168133839567666,0.9764004673487432,1.0,1.0,1.0,musk1,0.0,StratifiedGroupKFold_by_molecule,0.837063148711923,0.8373827100077097,0.16455696202531644,nan
musk1_group_trainnoise0,UCI id=74 cached official retrieval; molecule_name group split,808,0.8,release_3,granular_ball,random_forest,476,166,2,52,4.596153846153846,2.0,1,29,12,0.5192307692307693,0.75,3.814049356277103,4.168133839567666,0.9764004673487432,1.0,1.0,1.0,musk1,0.0,StratifiedGroupKFold_by_molecule,0.8862984920507754,0.9036179536190205,0.29535864978902954,nan
musk1_group_trainnoise0,UCI id=74 cached official retrieval; molecule_name group split,808,0.8,release_3,matched_kmeans,logistic,476,166,2,52,4.596153846153846,4.0,1,13,5,0.3076923076923077,0.6153846153846154,4.528570471250283,4.86214007641752,0.9479025781910397,1.0,1.0,1.0,musk1,0.0,StratifiedGroupKFold_by_molecule,0.8708184229735263,0.8748578972928166,0.3037974683544304,nan
musk1_group_trainnoise0,UCI id=74 cached official retrieval; molecule_name group split,808,0.8,release_3,matched_kmeans,random_forest,476,166,2,52,4.596153846153846,4.0,1,13,5,0.3076923076923077,0.6153846153846154,4.528570471250283,4.86214007641752,0.9479025781910397,1.0,1.0,1.0,musk1,0.0,StratifiedGroupKFold_by_molecule,0.8943367337855401,0.8857012208349133,0.270042194092827,nan
musk1_group_trainnoise0,UCI id=74 cached official retrieval; molecule_name group split,808,0.9,release_1,granular_ball,logistic,476,166,2,67,3.5671641791044775,2.0,1,15,19,0.582089552238806,0.8507462686567164,3.322753159588944,3.676287953157461,0.9966950959488274,1.0,1.0,1.0,musk1,0.0,StratifiedGroupKFold_by_molecule,0.8773522761665687,0.8882417607145446,0.29535864978902954,nan
musk1_group_trainnoise0,UCI id=74 cached official retrieval; molecule_name group split,808,0.9,release_1,granular_ball,random_forest,476,166,2,67,3.5671641791044775,2.0,1,15,19,0.582089552238806,0.8507462686567164,3.322753159588944,3.676287953157461,0.9966950959488274,1.0,1.0,1.0,musk1,0.0,StratifiedGroupKFold_by_molecule,0.8708629315102636,0.8793416140066361,0.2742616033755274,nan
musk1_group_trainnoise0,UCI id=74 cached official retrieval; molecule_name group split,808,0.9,release_1,matched_kmeans,logistic,476,166,2,67,3.5671641791044775,3.0,1,13,14,0.417910447761194,0.8208955223880597,3.5982448166318863,4.165633805005167,0.9740828822918376,1.0,1.0,1.0,musk1,0.0,StratifiedGroupKFold_by_molecule,0.9110541401840874,0.9100788249224551,0.3755274261603376,nan
musk1_group_trainnoise0,UCI id=74 cached official retrieval; molecule_name group split,808,0.9,release_1,matched_kmeans,random_forest,476,166,2,67,3.5671641791044775,3.0,1,13,14,0.417910447761194,0.8208955223880597,3.5982448166318863,4.165633805005167,0.9740828822918376,1.0,1.0,1.0,musk1,0.0,StratifiedGroupKFold_by_molecule,0.9038526589399847,0.8958501545703712,0.20675105485232068,nan
musk1_group_trainnoise0,UCI id=74 cached official retrieval; molecule_name group split,808,0.9,release_2,granular_ball,logistic,476,166,2,67,3.5671641791044775,2.0,1,15,19,0.582089552238806,0.8507462686567164,3.322753159588944,3.676287953157461,0.9966950959488274,1.0,1.0,1.0,musk1,0.0,StratifiedGroupKFold_by_molecule,0.8908472645053321,0.8967158976575788,0.3291139240506329,nan
musk1_group_trainnoise0,UCI id=74 cached official retrieval; molecule_name group split,808,0.9,release_2,granular_ball,random_forest,476,166,2,67,3.5671641791044775,2.0,1,15,19,0.582089552238806,0.8507462686567164,3.322753159588944,3.676287953157461,0.9966950959488274,1.0,1.0,1.0,musk1,0.0,StratifiedGroupKFold_by_molecule,0.9142943616585663,0.9185330405141182,0.29535864978902954,nan
musk1_group_trainnoise0,UCI id=74 cached official retrieval; molecule_name group split,808,0.9,release_2,matched_kmeans,logistic,476,166,2,67,3.5671641791044775,3.0,1,13,14,0.417910447761194,0.8208955223880597,3.5982448166318863,4.165633805005167,0.9740828822918376,1.0,1.0,1.0,musk1,0.0,StratifiedGroupKFold_by_molecule,0.9283412558528726,0.9212193400701628,0.2320675105485232,nan
musk1_group_trainnoise0,UCI id=74 cached official retrieval; molecule_name group split,808,0.9,release_2,matched_kmeans,random_forest,476,166,2,67,3.5671641791044775,3.0,1,13,14,0.417910447761194,0.8208955223880597,3.5982448166318863,4.165633805005167,0.9740828822918376,1.0,1.0,1.0,musk1,0.0,StratifiedGroupKFold_by_molecule,0.9266944399935908,0.9065052661514079,0.20675105485232068,nan
musk1_group_trainnoise0,UCI id=74 cached official retrieval; molecule_name group split,808,0.9,release_3,granular_ball,logistic,476,166,2,67,3.5671641791044775,2.0,1,15,19,0.582089552238806,0.8507462686567164,3.322753159588944,3.676287953157461,0.9966950959488274,1.0,1.0,1.0,musk1,0.0,StratifiedGroupKFold_by_molecule,0.892912460609945,0.9001451626102699,0.34177215189873417,nan
musk1_group_trainnoise0,UCI id=74 cached official retrieval; molecule_name group split,808,0.9,release_3,granular_ball,random_forest,476,166,2,67,3.5671641791044775,2.0,1,15,19,0.582089552238806,0.8507462686567164,3.322753159588944,3.676287953157461,0.9966950959488274,1.0,1.0,1.0,musk1,0.0,StratifiedGroupKFold_by_molecule,0.9171518097171037,0.9123090153143623,0.2869198312236287,nan
musk1_group_trainnoise0,UCI id=74 cached official retrieval; molecule_name group split,808,0.9,release_3,matched_kmeans,logistic,476,166,2,67,3.5671641791044775,3.0,1,13,14,0.417910447761194,0.8208955223880597,3.5982448166318863,4.165633805005167,0.9740828822918376,1.0,1.0,1.0,musk1,0.0,StratifiedGroupKFold_by_molecule,0.9297833324431626,0.9258303837093376,0.29957805907172996,nan
musk1_group_trainnoise0,UCI id=74 cached official retrieval; molecule_name group split,808,0.9,release_3,matched_kmeans,random_forest,476,166,2,67,3.5671641791044775,3.0,1,13,14,0.417910447761194,0.8208955223880597,3.5982448166318863,4.165633805005167,0.9740828822918376,1.0,1.0,1.0,musk1,0.0,StratifiedGroupKFold_by_molecule,0.9276291192650751,0.9146439806295098,0.25738396624472576,nan
musk1_group_trainnoise0,UCI id=74 cached official retrieval; molecule_name group split,808,0.95,release_1,granular_ball,logistic,476,166,2,72,3.3194444444444446,2.0,1,13,22,0.5833333333333334,0.8611111111111112,3.1769057900304194,3.5531601951908547,1.0,1.0,1.0,1.0,musk1,0.0,StratifiedGroupKFold_by_molecule,0.8927522298776907,0.8969491097962041,0.3080168776371308,nan
musk1_group_trainnoise0,UCI id=74 cached official retrieval; molecule_name group split,808,0.95,release_1,granular_ball,random_forest,476,166,2,72,3.3194444444444446,2.0,1,13,22,0.5833333333333334,0.8611111111111112,3.1769057900304194,3.5531601951908547,1.0,1.0,1.0,1.0,musk1,0.0,StratifiedGroupKFold_by_molecule,0.8930637896348521,0.8993756479255917,0.3459915611814346,nan
musk1_group_trainnoise0,UCI id=74 cached official retrieval; molecule_name group split,808,0.95,release_1,matched_kmeans,logistic,476,166,2,72,3.3194444444444446,3.0,1,13,17,0.4583333333333333,0.8333333333333334,3.367707853481544,4.015610445986615,0.9758826821326821,1.0,1.0,1.0,musk1,0.0,StratifiedGroupKFold_by_molecule,0.9146504299524649,0.9153417192404952,0.3881856540084388,nan
musk1_group_trainnoise0,UCI id=74 cached official retrieval; molecule_name group split,808,0.95,release_1,matched_kmeans,random_forest,476,166,2,72,3.3194444444444446,3.0,1,13,17,0.4583333333333333,0.8333333333333334,3.367707853481544,4.015610445986615,0.9758826821326821,1.0,1.0,1.0,musk1,0.0,StratifiedGroupKFold_by_molecule,0.9066210899250476,0.8911753143011919,0.22362869198312235,nan
musk1_group_trainnoise0,UCI id=74 cached official retrieval; molecule_name group split,808,0.95,release_2,granular_ball,logistic,476,166,2,72,3.3194444444444446,2.0,1,13,22,0.5833333333333334,0.8611111111111112,3.1769057900304194,3.5531601951908547,1.0,1.0,1.0,1.0,musk1,0.0,StratifiedGroupKFold_by_molecule,0.9121045416510888,0.912356407283974,0.2869198312236287,nan
musk1_group_trainnoise0,UCI id=74 cached official retrieval; molecule_name group split,808,0.95,release_2,granular_ball,random_forest,476,166,2,72,3.3194444444444446,2.0,1,13,22,0.5833333333333334,0.8611111111111112,3.1769057900304194,3.5531601951908547,1.0,1.0,1.0,1.0,musk1,0.0,StratifiedGroupKFold_by_molecule,0.9177126172799943,0.9132943694498897,0.4430379746835443,nan
musk1_group_trainnoise0,UCI id=74 cached official retrieval; molecule_name group split,808,0.95,release_2,matched_kmeans,logistic,476,166,2,72,3.3194444444444446,3.0,1,13,17,0.4583333333333333,0.8333333333333334,3.367707853481544,4.015610445986615,0.9758826821326821,1.0,1.0,1.0,musk1,0.0,StratifiedGroupKFold_by_molecule,0.9316348875714362,0.9266590274149663,0.350210970464135,nan
musk1_group_trainnoise0,UCI id=74 cached official retrieval; molecule_name group split,808,0.95,release_2,matched_kmeans,random_forest,476,166,2,72,3.3194444444444446,3.0,1,13,17,0.4583333333333333,0.8333333333333334,3.367707853481544,4.015610445986615,0.9758826821326821,1.0,1.0,1.0,musk1,0.0,StratifiedGroupKFold_by_molecule,0.9322402036710642,0.9181029508457719,0.16455696202531644,nan
musk1_group_trainnoise0,UCI id=74 cached official retrieval; molecule_name group split,808,0.95,release_3,granular_ball,logistic,476,166,2,72,3.3194444444444446,2.0,1,13,22,0.5833333333333334,0.8611111111111112,3.1769057900304194,3.5531601951908547,1.0,1.0,1.0,1.0,musk1,0.0,StratifiedGroupKFold_by_molecule,0.9119799177482241,0.913243899371498,0.35864978902953587,nan
musk1_group_trainnoise0,UCI id=74 cached official retrieval; molecule_name group split,808,0.95,release_3,granular_ball,random_forest,476,166,2,72,3.3194444444444446,2.0,1,13,22,0.5833333333333334,0.8611111111111112,3.1769057900304194,3.5531601951908547,1.0,1.0,1.0,1.0,musk1,0.0,StratifiedGroupKFold_by_molecule,0.9195463689935729,0.9132135903318812,0.350210970464135,nan
musk1_group_trainnoise0,UCI id=74 cached official retrieval; molecule_name group split,808,0.95,release_3,matched_kmeans,logistic,476,166,2,72,3.3194444444444446,3.0,1,13,17,0.4583333333333333,0.8333333333333334,3.367707853481544,4.015610445986615,0.9758826821326821,1.0,1.0,1.0,musk1,0.0,StratifiedGroupKFold_by_molecule,0.9322402036710641,0.9290176926681154,0.29957805907172996,nan
musk1_group_trainnoise0,UCI id=74 cached official retrieval; molecule_name group split,808,0.95,release_3,matched_kmeans,random_forest,476,166,2,72,3.3194444444444446,3.0,1,13,17,0.4583333333333333,0.8333333333333334,3.367707853481544,4.015610445986615,0.9758826821326821,1.0,1.0,1.0,musk1,0.0,StratifiedGroupKFold_by_molecule,0.9338603144083035,0.921687140411845,0.19831223628691982,nan
musk1_group_trainnoise0,UCI id=74 cached official retrieval; molecule_name group split,808,0.99,release_1,granular_ball,logistic,476,166,2,72,3.3194444444444446,2.0,1,13,22,0.5833333333333334,0.8611111111111112,3.1769057900304194,3.5531601951908547,1.0,1.0,1.0,1.0,musk1,0.0,StratifiedGroupKFold_by_molecule,0.8927522298776907,0.8969491097962041,0.3080168776371308,nan
musk1_group_trainnoise0,UCI id=74 cached official retrieval; molecule_name group split,808,0.99,release_1,granular_ball,random_forest,476,166,2,72,3.3194444444444446,2.0,1,13,22,0.5833333333333334,0.8611111111111112,3.1769057900304194,3.5531601951908547,1.0,1.0,1.0,1.0,musk1,0.0,StratifiedGroupKFold_by_molecule,0.8930637896348521,0.8993756479255917,0.3459915611814346,nan
musk1_group_trainnoise0,UCI id=74 cached official retrieval; molecule_name group split,808,0.99,release_1,matched_kmeans,logistic,476,166,2,72,3.3194444444444446,3.0,1,13,17,0.4583333333333333,0.8333333333333334,3.367707853481544,4.015610445986615,0.9758826821326821,1.0,1.0,1.0,musk1,0.0,StratifiedGroupKFold_by_molecule,0.9146504299524649,0.9153417192404952,0.3881856540084388,nan
musk1_group_trainnoise0,UCI id=74 cached official retrieval; molecule_name group split,808,0.99,release_1,matched_kmeans,random_forest,476,166,2,72,3.3194444444444446,3.0,1,13,17,0.4583333333333333,0.8333333333333334,3.367707853481544,4.015610445986615,0.9758826821326821,1.0,1.0,1.0,musk1,0.0,StratifiedGroupKFold_by_molecule,0.9066210899250476,0.8911753143011919,0.22362869198312235,nan
musk1_group_trainnoise0,UCI id=74 cached official retrieval; molecule_name group split,808,0.99,release_2,granular_ball,logistic,476,166,2,72,3.3194444444444446,2.0,1,13,22,0.5833333333333334,0.8611111111111112,3.1769057900304194,3.5531601951908547,1.0,1.0,1.0,1.0,musk1,0.0,StratifiedGroupKFold_by_molecule,0.9121045416510888,0.912356407283974,0.2869198312236287,nan
musk1_group_trainnoise0,UCI id=74 cached official retrieval; molecule_name group split,808,0.99,release_2,granular_ball,random_forest,476,166,2,72,3.3194444444444446,2.0,1,13,22,0.5833333333333334,0.8611111111111112,3.1769057900304194,3.5531601951908547,1.0,1.0,1.0,1.0,musk1,0.0,StratifiedGroupKFold_by_molecule,0.9177126172799943,0.9132943694498897,0.4430379746835443,nan
musk1_group_trainnoise0,UCI id=74 cached official retrieval; molecule_name group split,808,0.99,release_2,matched_kmeans,logistic,476,166,2,72,3.3194444444444446,3.0,1,13,17,0.4583333333333333,0.8333333333333334,3.367707853481544,4.015610445986615,0.9758826821326821,1.0,1.0,1.0,musk1,0.0,StratifiedGroupKFold_by_molecule,0.9316348875714362,0.9266590274149663,0.350210970464135,nan
musk1_group_trainnoise0,UCI id=74 cached official retrieval; molecule_name group split,808,0.99,release_2,matched_kmeans,random_forest,476,166,2,72,3.3194444444444446,3.0,1,13,17,0.4583333333333333,0.8333333333333334,3.367707853481544,4.015610445986615,0.9758826821326821,1.0,1.0,1.0,musk1,0.0,StratifiedGroupKFold_by_molecule,0.9322402036710642,0.9181029508457719,0.16455696202531644,nan
musk1_group_trainnoise0,UCI id=74 cached official retrieval; molecule_name group split,808,0.99,release_3,granular_ball,logistic,476,166,2,72,3.3194444444444446,2.0,1,13,22,0.5833333333333334,0.8611111111111112,3.1769057900304194,3.5531601951908547,1.0,1.0,1.0,1.0,musk1,0.0,StratifiedGroupKFold_by_molecule,0.9119799177482241,0.913243899371498,0.35864978902953587,nan
musk1_group_trainnoise0,UCI id=74 cached official retrieval; molecule_name group split,808,0.99,release_3,granular_ball,random_forest,476,166,2,72,3.3194444444444446,2.0,1,13,22,0.5833333333333334,0.8611111111111112,3.1769057900304194,3.5531601951908547,1.0,1.0,1.0,1.0,musk1,0.0,StratifiedGroupKFold_by_molecule,0.9195463689935729,0.9132135903318812,0.350210970464135,nan
musk1_group_trainnoise0,UCI id=74 cached official retrieval; molecule_name group split,808,0.99,release_3,matched_kmeans,logistic,476,166,2,72,3.3194444444444446,3.0,1,13,17,0.4583333333333333,0.8333333333333334,3.367707853481544,4.015610445986615,0.9758826821326821,1.0,1.0,1.0,musk1,0.0,StratifiedGroupKFold_by_molecule,0.9322402036710641,0.9290176926681154,0.29957805907172996,nan
musk1_group_trainnoise0,UCI id=74 cached official retrieval; molecule_name group split,808,0.99,release_3,matched_kmeans,random_forest,476,166,2,72,3.3194444444444446,3.0,1,13,17,0.4583333333333333,0.8333333333333334,3.367707853481544,4.015610445986615,0.9758826821326821,1.0,1.0,1.0,musk1,0.0,StratifiedGroupKFold_by_molecule,0.9338603144083035,0.921687140411845,0.19831223628691982,nan
musk1_group_trainnoise0.05,UCI id=74 cached official retrieval; molecule_name group split,2,0.7,release_1,granular_ball,logistic,476,166,2,39,6.128205128205129,3.0,1,26,7,0.48717948717948717,0.6410256410256411,4.404691606968613,4.244004740655803,0.8856178010024164,1.0,0.8,1.0,musk1,0.05,StratifiedGroupKFold_by_molecule,0.7874272285424345,0.7870560771363546,0.0970464135021097,nan
musk1_group_trainnoise0.05,UCI id=74 cached official retrieval; molecule_name group split,2,0.7,release_1,granular_ball,random_forest,476,166,2,39,6.128205128205129,3.0,1,26,7,0.48717948717948717,0.6410256410256411,4.404691606968613,4.244004740655803,0.8856178010024164,1.0,0.8,1.0,musk1,0.05,StratifiedGroupKFold_by_molecule,0.7805640121775357,0.7865854506137704,0.0759493670886076,nan
musk1_group_trainnoise0.05,UCI id=74 cached official retrieval; molecule_name group split,2,0.7,release_1,matched_kmeans,logistic,476,166,2,39,6.128205128205129,5.0,1,17,5,0.20512820512820512,0.5128205128205128,4.994206864618836,5.846874054300199,0.8697469741587389,0.9166666666666666,0.75,1.0,musk1,0.05,StratifiedGroupKFold_by_molecule,0.8423863697057096,0.8347639873464405,0.1729957805907173,nan
musk1_group_trainnoise0.05,UCI id=74 cached official retrieval; molecule_name group split,2,0.7,release_1,matched_kmeans,random_forest,476,166,2,39,6.128205128205129,5.0,1,17,5,0.20512820512820512,0.5128205128205128,4.994206864618836,5.846874054300199,0.8697469741587389,0.9166666666666666,0.75,1.0,musk1,0.05,StratifiedGroupKFold_by_molecule,0.8075895956844523,0.7753361746757519,0.008438818565400843,nan
musk1_group_trainnoise0.05,UCI id=74 cached official retrieval; molecule_name group split,2,0.7,release_2,granular_ball,logistic,476,166,2,39,6.128205128205129,3.0,1,26,7,0.48717948717948717,0.6410256410256411,4.404691606968613,4.244004740655803,0.8856178010024164,1.0,0.8,1.0,musk1,0.05,StratifiedGroupKFold_by_molecule,0.7969342519895316,0.7787921647801667,0.06751054852320675,nan
musk1_group_trainnoise0.05,UCI id=74 cached official retrieval; molecule_name group split,2,0.7,release_2,granular_ball,random_forest,476,166,2,39,6.128205128205129,3.0,1,26,7,0.48717948717948717,0.6410256410256411,4.404691606968613,4.244004740655803,0.8856178010024164,1.0,0.8,1.0,musk1,0.05,StratifiedGroupKFold_by_molecule,0.8322295216222471,0.8498508906601604,0.22784810126582278,nan
musk1_group_trainnoise0.05,UCI id=74 cached official retrieval; molecule_name group split,2,0.7,release_2,matched_kmeans,logistic,476,166,2,39,6.128205128205129,5.0,1,17,5,0.20512820512820512,0.5128205128205128,4.994206864618836,5.846874054300199,0.8697469741587389,0.9166666666666666,0.75,1.0,musk1,0.05,StratifiedGroupKFold_by_molecule,0.857875340490306,0.8388007851939796,0.14767932489451477,nan
musk1_group_trainnoise0.05,UCI id=74 cached official retrieval; molecule_name group split,2,0.7,release_2,matched_kmeans,random_forest,476,166,2,39,6.128205128205129,5.0,1,17,5,0.20512820512820512,0.5128205128205128,4.994206864618836,5.846874054300199,0.8697469741587389,0.9166666666666666,0.75,1.0,musk1,0.05,StratifiedGroupKFold_by_molecule,0.8497391799747191,0.8523808846405445,0.189873417721519,nan
musk1_group_trainnoise0.05,UCI id=74 cached official retrieval; molecule_name group split,2,0.7,release_3,granular_ball,logistic,476,166,2,39,6.128205128205129,3.0,1,26,7,0.48717948717948717,0.6410256410256411,4.404691606968613,4.244004740655803,0.8856178010024164,1.0,0.8,1.0,musk1,0.05,StratifiedGroupKFold_by_molecule,0.8053196603108476,0.7958683470467784,0.05907172995780591,nan
musk1_group_trainnoise0.05,UCI id=74 cached official retrieval; molecule_name group split,2,0.7,release_3,granular_ball,random_forest,476,166,2,39,6.128205128205129,3.0,1,26,7,0.48717948717948717,0.6410256410256411,4.404691606968613,4.244004740655803,0.8856178010024164,1.0,0.8,1.0,musk1,0.05,StratifiedGroupKFold_by_molecule,0.8369296231017109,0.858757820862353,0.3080168776371308,nan
musk1_group_trainnoise0.05,UCI id=74 cached official retrieval; molecule_name group split,2,0.7,release_3,matched_kmeans,logistic,476,166,2,39,6.128205128205129,5.0,1,17,5,0.20512820512820512,0.5128205128205128,4.994206864618836,5.846874054300199,0.8697469741587389,0.9166666666666666,0.75,1.0,musk1,0.05,StratifiedGroupKFold_by_molecule,0.864248962951094,0.8462499169459127,0.10548523206751055,nan
musk1_group_trainnoise0.05,UCI id=74 cached official retrieval; molecule_name group split,2,0.7,release_3,matched_kmeans,random_forest,476,166,2,39,6.128205128205129,5.0,1,17,5,0.20512820512820512,0.5128205128205128,4.994206864618836,5.846874054300199,0.8697469741587389,0.9166666666666666,0.75,1.0,musk1,0.05,StratifiedGroupKFold_by_molecule,0.8629671170930584,0.8710471022967546,0.3206751054852321,nan
musk1_group_trainnoise0.05,UCI id=74 cached official retrieval; molecule_name group split,2,0.8,release_1,granular_ball,logistic,476,166,2,49,4.877551020408164,2.0,1,26,11,0.5714285714285714,0.7755102040816326,3.8260514755494337,3.554643153766135,0.8882128076005628,1.0,0.8636363636363636,1.0,musk1,0.05,StratifiedGroupKFold_by_molecule,0.8183161530381527,0.8138435530341044,0.09282700421940929,nan
musk1_group_trainnoise0.05,UCI id=74 cached official retrieval; molecule_name group split,2,0.8,release_1,granular_ball,random_forest,476,166,2,49,4.877551020408164,2.0,1,26,11,0.5714285714285714,0.7755102040816326,3.8260514755494337,3.554643153766135,0.8882128076005628,1.0,0.8636363636363636,1.0,musk1,0.05,StratifiedGroupKFold_by_molecule,0.8309832825936014,0.8474880689302215,0.24472573839662448,nan
musk1_group_trainnoise0.05,UCI id=74 cached official retrieval; molecule_name group split,2,0.8,release_1,matched_kmeans,logistic,476,166,2,49,4.877551020408164,4.0,1,15,8,0.2857142857142857,0.6530612244897959,4.4136366041131145,5.158964215111312,0.9006294725682481,1.0,0.8,1.0,musk1,0.05,StratifiedGroupKFold_by_molecule,0.8689134576011678,0.8666982375210283,0.24050632911392406,nan
musk1_group_trainnoise0.05,UCI id=74 cached official retrieval; molecule_name group split,2,0.8,release_1,matched_kmeans,random_forest,476,166,2,49,4.877551020408164,4.0,1,15,8,0.2857142857142857,0.6530612244897959,4.4136366041131145,5.158964215111312,0.9006294725682481,1.0,0.8,1.0,musk1,0.05,StratifiedGroupKFold_by_molecule,0.8596289768377575,0.8631603182701524,0.26582278481012656,nan
musk1_group_trainnoise0.05,UCI id=74 cached official retrieval; molecule_name group split,2,0.8,release_2,granular_ball,logistic,476,166,2,49,4.877551020408164,2.0,1,26,11,0.5714285714285714,0.7755102040816326,3.8260514755494337,3.554643153766135,0.8882128076005628,1.0,0.8636363636363636,1.0,musk1,0.05,StratifiedGroupKFold_by_molecule,0.8296035179547436,0.807006906097814,0.05907172995780591,nan
musk1_group_trainnoise0.05,UCI id=74 cached official retrieval; molecule_name group split,2,0.8,release_2,granular_ball,random_forest,476,166,2,49,4.877551020408164,2.0,1,26,11,0.5714285714285714,0.7755102040816326,3.8260514755494337,3.554643153766135,0.8882128076005628,1.0,0.8636363636363636,1.0,musk1,0.05,StratifiedGroupKFold_by_molecule,0.8405081094553934,0.8493370770938748,0.22784810126582278,nan
musk1_group_trainnoise0.05,UCI id=74 cached official retrieval; molecule_name group split,2,0.8,release_2,matched_kmeans,logistic,476,166,2,49,4.877551020408164,4.0,1,15,8,0.2857142857142857,0.6530612244897959,4.4136366041131145,5.158964215111312,0.9006294725682481,1.0,0.8,1.0,musk1,0.05,StratifiedGroupKFold_by_molecule,0.8827467108191351,0.8702764860835834,0.189873417721519,nan
musk1_group_trainnoise0.05,UCI id=74 cached official retrieval; molecule_name group split,2,0.8,release_2,matched_kmeans,random_forest,476,166,2,49,4.877551020408164,4.0,1,15,8,0.2857142857142857,0.6530612244897959,4.4136366041131145,5.158964215111312,0.9006294725682481,1.0,0.8,1.0,musk1,0.05,StratifiedGroupKFold_by_molecule,0.8910074952375865,0.8902495188796015,0.29957805907172996,nan
musk1_group_trainnoise0.05,UCI id=74 cached official retrieval; molecule_name group split,2,0.8,release_3,granular_ball,logistic,476,166,2,49,4.877551020408164,2.0,1,26,11,0.5714285714285714,0.7755102040816326,3.8260514755494337,3.554643153766135,0.8882128076005628,1.0,0.8636363636363636,1.0,musk1,0.05,StratifiedGroupKFold_by_molecule,0.8365646531004647,0.8301979526607742,0.05907172995780591,nan
musk1_group_trainnoise0.05,UCI id=74 cached official retrieval; molecule_name group split,2,0.8,release_3,granular_ball,random_forest,476,166,2,49,4.877551020408164,2.0,1,26,11,0.5714285714285714,0.7755102040816326,3.8260514755494337,3.554643153766135,0.8882128076005628,1.0,0.8636363636363636,1.0,musk1,0.05,StratifiedGroupKFold_by_molecule,0.8517064572985098,0.8688415502036739,0.3291139240506329,nan
musk1_group_trainnoise0.05,UCI id=74 cached official retrieval; molecule_name group split,2,0.8,release_3,matched_kmeans,logistic,476,166,2,49,4.877551020408164,4.0,1,15,8,0.2857142857142857,0.6530612244897959,4.4136366041131145,5.158964215111312,0.9006294725682481,1.0,0.8,1.0,musk1,0.05,StratifiedGroupKFold_by_molecule,0.8820345742313376,0.8683252291651196,0.22784810126582278,nan
musk1_group_trainnoise0.05,UCI id=74 cached official retrieval; molecule_name group split,2,0.8,release_3,matched_kmeans,random_forest,476,166,2,49,4.877551020408164,4.0,1,15,8,0.2857142857142857,0.6530612244897959,4.4136366041131145,5.158964215111312,0.9006294725682481,1.0,0.8,1.0,musk1,0.05,StratifiedGroupKFold_by_molecule,0.8993038864854279,0.899670297527073,0.34177215189873417,nan
musk1_group_trainnoise0.05,UCI id=74 cached official retrieval; molecule_name group split,2,0.9,release_1,granular_ball,logistic,476,166,2,67,3.5671641791044775,2.0,1,26,18,0.6119402985074627,0.8656716417910447,3.4299865339999673,3.5226859628412104,0.8910693783828112,1.0,0.930952380952381,1.0,musk1,0.05,StratifiedGroupKFold_by_molecule,0.8576438960992718,0.8584894730645458,0.10548523206751055,nan
musk1_group_trainnoise0.05,UCI id=74 cached official retrieval; molecule_name group split,2,0.9,release_1,granular_ball,random_forest,476,166,2,67,3.5671641791044775,2.0,1,26,18,0.6119402985074627,0.8656716417910447,3.4299865339999673,3.5226859628412104,0.8910693783828112,1.0,0.930952380952381,1.0,musk1,0.05,StratifiedGroupKFold_by_molecule,0.8563442468265414,0.8585984279601936,0.22784810126582278,nan
musk1_group_trainnoise0.05,UCI id=74 cached official retrieval; molecule_name group split,2,0.9,release_1,matched_kmeans,logistic,476,166,2,67,3.5671641791044775,3.0,1,9,14,0.417910447761194,0.7761194029850746,3.6498673771089107,4.481852076093435,0.8853944562899786,1.0,0.7638888888888888,1.0,musk1,0.05,StratifiedGroupKFold_by_molecule,0.9259912051131407,0.9251356591943458,0.3670886075949367,nan
musk1_group_trainnoise0.05,UCI id=74 cached official retrieval; molecule_name group split,2,0.9,release_1,matched_kmeans,random_forest,476,166,2,67,3.5671641791044775,3.0,1,9,14,0.417910447761194,0.7761194029850746,3.6498673771089107,4.481852076093435,0.8853944562899786,1.0,0.7638888888888888,1.0,musk1,0.05,StratifiedGroupKFold_by_molecule,0.9202228987519806,0.9130312476657663,0.4050632911392405,nan
musk1_group_trainnoise0.05,UCI id=74 cached official retrieval; molecule_name group split,2,0.9,release_2,granular_ball,logistic,476,166,2,67,3.5671641791044775,2.0,1,26,18,0.6119402985074627,0.8656716417910447,3.4299865339999673,3.5226859628412104,0.8910693783828112,1.0,0.930952380952381,1.0,musk1,0.05,StratifiedGroupKFold_by_molecule,0.8701596966298137,0.8546515552033832,0.05907172995780591,nan
musk1_group_trainnoise0.05,UCI id=74 cached official retrieval; molecule_name group split,2,0.9,release_2,granular_ball,random_forest,476,166,2,67,3.5671641791044775,2.0,1,26,18,0.6119402985074627,0.8656716417910447,3.4299865339999673,3.5226859628412104,0.8910693783828112,1.0,0.930952380952381,1.0,musk1,0.05,StratifiedGroupKFold_by_molecule,0.8890669230358383,0.8949726898049497,0.3670886075949367,nan
musk1_group_trainnoise0.05,UCI id=74 cached official retrieval; molecule_name group split,2,0.9,release_2,matched_kmeans,logistic,476,166,2,67,3.5671641791044775,3.0,1,9,14,0.417910447761194,0.7761194029850746,3.6498673771089107,4.481852076093435,0.8853944562899786,1.0,0.7638888888888888,1.0,musk1,0.05,StratifiedGroupKFold_by_molecule,0.9411775178479234,0.9354586253114091,0.35443037974683544,nan
musk1_group_trainnoise0.05,UCI id=74 cached official retrieval; molecule_name group split,2,0.9,release_2,matched_kmeans,random_forest,476,166,2,67,3.5671641791044775,3.0,1,9,14,0.417910447761194,0.7761194029850746,3.6498673771089107,4.481852076093435,0.8853944562899786,1.0,0.7638888888888888,1.0,musk1,0.05,StratifiedGroupKFold_by_molecule,0.9443376239562747,0.9322096899337988,0.33755274261603374,nan
musk1_group_trainnoise0.05,UCI id=74 cached official retrieval; molecule_name group split,2,0.9,release_3,granular_ball,logistic,476,166,2,67,3.5671641791044775,2.0,1,26,18,0.6119402985074627,0.8656716417910447,3.4299865339999673,3.5226859628412104,0.8910693783828112,1.0,0.930952380952381,1.0,musk1,0.05,StratifiedGroupKFold_by_molecule,0.8747707810358026,0.8655250957361431,0.05907172995780591,nan
musk1_group_trainnoise0.05,UCI id=74 cached official retrieval; molecule_name group split,2,0.9,release_3,granular_ball,random_forest,476,166,2,67,3.5671641791044775,2.0,1,26,18,0.6119402985074627,0.8656716417910447,3.4299865339999673,3.5226859628412104,0.8910693783828112,1.0,0.930952380952381,1.0,musk1,0.05,StratifiedGroupKFold_by_molecule,0.8906514269436878,0.9007858433228841,0.4008438818565401,nan
musk1_group_trainnoise0.05,UCI id=74 cached official retrieval; molecule_name group split,2,0.9,release_3,matched_kmeans,logistic,476,166,2,67,3.5671641791044775,3.0,1,9,14,0.417910447761194,0.7761194029850746,3.6498673771089107,4.481852076093435,0.8853944562899786,1.0,0.7638888888888888,1.0,musk1,0.05,StratifiedGroupKFold_by_molecule,0.9443465256636223,0.9347891535225583,0.22362869198312235,nan
musk1_group_trainnoise0.05,UCI id=74 cached official retrieval; molecule_name group split,2,0.9,release_3,matched_kmeans,random_forest,476,166,2,67,3.5671641791044775,3.0,1,9,14,0.417910447761194,0.7761194029850746,3.6498673771089107,4.481852076093435,0.8853944562899786,1.0,0.7638888888888888,1.0,musk1,0.05,StratifiedGroupKFold_by_molecule,0.9491267425092134,0.9422843468171788,0.2869198312236287,nan
musk1_group_trainnoise0.05,UCI id=74 cached official retrieval; molecule_name group split,2,0.95,release_1,granular_ball,logistic,476,166,2,86,2.7790697674418605,2.0,1,11,27,0.6511627906976745,0.9069767441860465,3.086601349035422,3.301939718530977,0.9186046511627907,1.0,1.0,1.0,musk1,0.05,StratifiedGroupKFold_by_molecule,0.8913457601167903,0.8904523420363041,0.16033755274261605,nan
musk1_group_trainnoise0.05,UCI id=74 cached official retrieval; molecule_name group split,2,0.95,release_1,granular_ball,random_forest,476,166,2,86,2.7790697674418605,2.0,1,11,27,0.6511627906976745,0.9069767441860465,3.086601349035422,3.301939718530977,0.9186046511627907,1.0,1.0,1.0,musk1,0.05,StratifiedGroupKFold_by_molecule,0.8798536559312077,0.8813656887561059,0.28270042194092826,nan
musk1_group_trainnoise0.05,UCI id=74 cached official retrieval; molecule_name group split,2,0.95,release_1,matched_kmeans,logistic,476,166,2,86,2.7790697674418605,2.0,1,8,24,0.5232558139534884,0.9186046511627907,3.059665734528478,3.8059925357077606,0.9196151716500554,1.0,0.90625,1.0,musk1,0.05,StratifiedGroupKFold_by_molecule,0.9559009418006373,0.9518464026778913,0.3459915611814346,nan
musk1_group_trainnoise0.05,UCI id=74 cached official retrieval; molecule_name group split,2,0.95,release_1,matched_kmeans,random_forest,476,166,2,86,2.7790697674418605,2.0,1,8,24,0.5232558139534884,0.9186046511627907,3.059665734528478,3.8059925357077606,0.9196151716500554,1.0,0.90625,1.0,musk1,0.05,StratifiedGroupKFold_by_molecule,0.9525717032526839,0.9521657466919331,0.46835443037974683,nan
musk1_group_trainnoise0.05,UCI id=74 cached official retrieval; molecule_name group split,2,0.95,release_2,granular_ball,logistic,476,166,2,86,2.7790697674418605,2.0,1,11,27,0.6511627906976745,0.9069767441860465,3.086601349035422,3.301939718530977,0.9186046511627907,1.0,1.0,1.0,musk1,0.05,StratifiedGroupKFold_by_molecule,0.9013156723459559,0.8826734727257195,0.08438818565400844,nan
musk1_group_trainnoise0.05,UCI id=74 cached official retrieval; molecule_name group split,2,0.95,release_2,granular_ball,random_forest,476,166,2,86,2.7790697674418605,2.0,1,11,27,0.6511627906976745,0.9069767441860465,3.086601349035422,3.301939718530977,0.9186046511627907,1.0,1.0,1.0,musk1,0.05,StratifiedGroupKFold_by_molecule,0.9133240755576919,0.9134500569938363,0.4472573839662447,nan
musk1_group_trainnoise0.05,UCI id=74 cached official retrieval; molecule_name group split,2,0.95,release_2,matched_kmeans,logistic,476,166,2,86,2.7790697674418605,2.0,1,8,24,0.5232558139534884,0.9186046511627907,3.059665734528478,3.8059925357077606,0.9196151716500554,1.0,0.90625,1.0,musk1,0.05,StratifiedGroupKFold_by_molecule,0.9677224091580765,0.9619157503880457,0.4092827004219409,nan
musk1_group_trainnoise0.05,UCI id=74 cached official retrieval; molecule_name group split,2,0.95,release_2,matched_kmeans,random_forest,476,166,2,86,2.7790697674418605,2.0,1,8,24,0.5232558139534884,0.9186046511627907,3.059665734528478,3.8059925357077606,0.9196151716500554,1.0,0.90625,1.0,musk1,0.05,StratifiedGroupKFold_by_molecule,0.9644465808542079,0.9572965645045068,0.350210970464135,nan
musk1_group_trainnoise0.05,UCI id=74 cached official retrieval; molecule_name group split,2,0.95,release_3,granular_ball,logistic,476,166,2,86,2.7790697674418605,2.0,1,11,27,0.6511627906976745,0.9069767441860465,3.086601349035422,3.301939718530977,0.9186046511627907,1.0,1.0,1.0,musk1,0.05,StratifiedGroupKFold_by_molecule,0.9014759030782105,0.8955473464041501,0.12236286919831224,nan
musk1_group_trainnoise0.05,UCI id=74 cached official retrieval; molecule_name group split,2,0.95,release_3,granular_ball,random_forest,476,166,2,86,2.7790697674418605,2.0,1,11,27,0.6511627906976745,0.9069767441860465,3.086601349035422,3.301939718530977,0.9186046511627907,1.0,1.0,1.0,musk1,0.05,StratifiedGroupKFold_by_molecule,0.9179974719151134,0.9259181295781105,0.5063291139240507,nan
musk1_group_trainnoise0.05,UCI id=74 cached official retrieval; molecule_name group split,2,0.95,release_3,matched_kmeans,logistic,476,166,2,86,2.7790697674418605,2.0,1,8,24,0.5232558139534884,0.9186046511627907,3.059665734528478,3.8059925357077606,0.9196151716500554,1.0,0.90625,1.0,musk1,0.05,StratifiedGroupKFold_by_molecule,0.9694137335540957,0.9622179937467974,0.270042194092827,nan
musk1_group_trainnoise0.05,UCI id=74 cached official retrieval; molecule_name group split,2,0.95,release_3,matched_kmeans,random_forest,476,166,2,86,2.7790697674418605,2.0,1,8,24,0.5232558139534884,0.9186046511627907,3.059665734528478,3.8059925357077606,0.9196151716500554,1.0,0.90625,1.0,musk1,0.05,StratifiedGroupKFold_by_molecule,0.9696006694083925,0.9633530293677326,0.5738396624472574,nan
musk1_group_trainnoise0.05,UCI id=74 cached official retrieval; molecule_name group split,2,0.99,release_1,granular_ball,logistic,476,166,2,86,2.7790697674418605,2.0,1,11,27,0.6511627906976745,0.9069767441860465,3.086601349035422,3.301939718530977,0.9186046511627907,1.0,1.0,1.0,musk1,0.05,StratifiedGroupKFold_by_molecule,0.8913457601167903,0.8904523420363041,0.16033755274261605,nan
musk1_group_trainnoise0.05,UCI id=74 cached official retrieval; molecule_name group split,2,0.99,release_1,granular_ball,random_forest,476,166,2,86,2.7790697674418605,2.0,1,11,27,0.6511627906976745,0.9069767441860465,3.086601349035422,3.301939718530977,0.9186046511627907,1.0,1.0,1.0,musk1,0.05,StratifiedGroupKFold_by_molecule,0.8798536559312077,0.8813656887561059,0.28270042194092826,nan
musk1_group_trainnoise0.05,UCI id=74 cached official retrieval; molecule_name group split,2,0.99,release_1,matched_kmeans,logistic,476,166,2,86,2.7790697674418605,2.0,1,8,24,0.5232558139534884,0.9186046511627907,3.059665734528478,3.8059925357077606,0.9196151716500554,1.0,0.90625,1.0,musk1,0.05,StratifiedGroupKFold_by_molecule,0.9559009418006373,0.9518464026778913,0.3459915611814346,nan
musk1_group_trainnoise0.05,UCI id=74 cached official retrieval; molecule_name group split,2,0.99,release_1,matched_kmeans,random_forest,476,166,2,86,2.7790697674418605,2.0,1,8,24,0.5232558139534884,0.9186046511627907,3.059665734528478,3.8059925357077606,0.9196151716500554,1.0,0.90625,1.0,musk1,0.05,StratifiedGroupKFold_by_molecule,0.9525717032526839,0.9521657466919331,0.46835443037974683,nan
musk1_group_trainnoise0.05,UCI id=74 cached official retrieval; molecule_name group split,2,0.99,release_2,granular_ball,logistic,476,166,2,86,2.7790697674418605,2.0,1,11,27,0.6511627906976745,0.9069767441860465,3.086601349035422,3.301939718530977,0.9186046511627907,1.0,1.0,1.0,musk1,0.05,StratifiedGroupKFold_by_molecule,0.9013156723459559,0.8826734727257195,0.08438818565400844,nan
musk1_group_trainnoise0.05,UCI id=74 cached official retrieval; molecule_name group split,2,0.99,release_2,granular_ball,random_forest,476,166,2,86,2.7790697674418605,2.0,1,11,27,0.6511627906976745,0.9069767441860465,3.086601349035422,3.301939718530977,0.9186046511627907,1.0,1.0,1.0,musk1,0.05,StratifiedGroupKFold_by_molecule,0.9133240755576919,0.9134500569938363,0.4472573839662447,nan
musk1_group_trainnoise0.05,UCI id=74 cached official retrieval; molecule_name group split,2,0.99,release_2,matched_kmeans,logistic,476,166,2,86,2.7790697674418605,2.0,1,8,24,0.5232558139534884,0.9186046511627907,3.059665734528478,3.8059925357077606,0.9196151716500554,1.0,0.90625,1.0,musk1,0.05,StratifiedGroupKFold_by_molecule,0.9677224091580765,0.9619157503880457,0.4092827004219409,nan
musk1_group_trainnoise0.05,UCI id=74 cached official retrieval; molecule_name group split,2,0.99,release_2,matched_kmeans,random_forest,476,166,2,86,2.7790697674418605,2.0,1,8,24,0.5232558139534884,0.9186046511627907,3.059665734528478,3.8059925357077606,0.9196151716500554,1.0,0.90625,1.0,musk1,0.05,StratifiedGroupKFold_by_molecule,0.9644465808542079,0.9572965645045068,0.350210970464135,nan
musk1_group_trainnoise0.05,UCI id=74 cached official retrieval; molecule_name group split,2,0.99,release_3,granular_ball,logistic,476,166,2,86,2.7790697674418605,2.0,1,11,27,0.6511627906976745,0.9069767441860465,3.086601349035422,3.301939718530977,0.9186046511627907,1.0,1.0,1.0,musk1,0.05,StratifiedGroupKFold_by_molecule,0.9014759030782105,0.8955473464041501,0.12236286919831224,nan
musk1_group_trainnoise0.05,UCI id=74 cached official retrieval; molecule_name group split,2,0.99,release_3,granular_ball,random_forest,476,166,2,86,2.7790697674418605,2.0,1,11,27,0.6511627906976745,0.9069767441860465,3.086601349035422,3.301939718530977,0.9186046511627907,1.0,1.0,1.0,musk1,0.05,StratifiedGroupKFold_by_molecule,0.9179974719151134,0.9259181295781105,0.5063291139240507,nan
musk1_group_trainnoise0.05,UCI id=74 cached official retrieval; molecule_name group split,2,0.99,release_3,matched_kmeans,logistic,476,166,2,86,2.7790697674418605,2.0,1,8,24,0.5232558139534884,0.9186046511627907,3.059665734528478,3.8059925357077606,0.9196151716500554,1.0,0.90625,1.0,musk1,0.05,StratifiedGroupKFold_by_molecule,0.9694137335540957,0.9622179937467974,0.270042194092827,nan
musk1_group_trainnoise0.05,UCI id=74 cached official retrieval; molecule_name group split,2,0.99,release_3,matched_kmeans,random_forest,476,166,2,86,2.7790697674418605,2.0,1,8,24,0.5232558139534884,0.9186046511627907,3.059665734528478,3.8059925357077606,0.9196151716500554,1.0,0.90625,1.0,musk1,0.05,StratifiedGroupKFold_by_molecule,0.9696006694083925,0.9633530293677326,0.5738396624472574,nan
musk1_group_trainnoise0.05,UCI id=74 cached official retrieval; molecule_name group split,13,0.7,release_1,granular_ball,logistic,476,166,2,44,5.431818181818182,4.0,1,41,9,0.38636363636363635,0.7272727272727273,4.415690027136674,5.032764690420105,0.8808485152443023,1.0,0.75,1.0,musk1,0.05,StratifiedGroupKFold_by_molecule,0.7631967811426231,0.7816970105487937,0.08438818565400844,nan
musk1_group_trainnoise0.05,UCI id=74 cached official retrieval; molecule_name group split,13,0.7,release_1,granular_ball,random_forest,476,166,2,44,5.431818181818182,4.0,1,41,9,0.38636363636363635,0.7272727272727273,4.415690027136674,5.032764690420105,0.8808485152443023,1.0,0.75,1.0,musk1,0.05,StratifiedGroupKFold_by_molecule,0.7759084192348092,0.7769778473627417,0.10126582278481013,nan
musk1_group_trainnoise0.05,UCI id=74 cached official retrieval; molecule_name group split,13,0.7,release_1,matched_kmeans,logistic,476,166,2,44,5.431818181818182,5.0,1,16,3,0.09090909090909091,0.5909090909090909,5.214430563871807,5.812987600274644,0.8542027417027417,0.8571428571428571,0.75,1.0,musk1,0.05,StratifiedGroupKFold_by_molecule,0.8679698766223363,0.8544588734954297,0.14767932489451477,nan
musk1_group_trainnoise0.05,UCI id=74 cached official retrieval; molecule_name group split,13,0.7,release_1,matched_kmeans,random_forest,476,166,2,44,5.431818181818182,5.0,1,16,3,0.09090909090909091,0.5909090909090909,5.214430563871807,5.812987600274644,0.8542027417027417,0.8571428571428571,0.75,1.0,musk1,0.05,StratifiedGroupKFold_by_molecule,0.8610799551353949,0.8435708580932935,0.17721518987341772,nan
musk1_group_trainnoise0.05,UCI id=74 cached official retrieval; molecule_name group split,13,0.7,release_2,granular_ball,logistic,476,166,2,44,5.431818181818182,4.0,1,41,9,0.38636363636363635,0.7272727272727273,4.415690027136674,5.032764690420105,0.8808485152443023,1.0,0.75,1.0,musk1,0.05,StratifiedGroupKFold_by_molecule,0.7809823924228667,0.7735375046273507,0.06329113924050633,nan
musk1_group_trainnoise0.05,UCI id=74 cached official retrieval; molecule_name group split,13,0.7,release_2,granular_ball,random_forest,476,166,2,44,5.431818181818182,4.0,1,41,9,0.38636363636363635,0.7272727272727273,4.415690027136674,5.032764690420105,0.8808485152443023,1.0,0.75,1.0,musk1,0.05,StratifiedGroupKFold_by_molecule,0.8011002510281471,0.7851578879707318,0.10548523206751055,nan
musk1_group_trainnoise0.05,UCI id=74 cached official retrieval; molecule_name group split,13,0.7,release_2,matched_kmeans,logistic,476,166,2,44,5.431818181818182,5.0,1,16,3,0.09090909090909091,0.5909090909090909,5.214430563871807,5.812987600274644,0.8542027417027417,0.8571428571428571,0.75,1.0,musk1,0.05,StratifiedGroupKFold_by_molecule,0.8838505225302213,0.8672886665780413,0.16033755274261605,nan
musk1_group_trainnoise0.05,UCI id=74 cached official retrieval; molecule_name group split,13,0.7,release_2,matched_kmeans,random_forest,476,166,2,44,5.431818181818182,5.0,1,16,3,0.09090909090909091,0.5909090909090909,5.214430563871807,5.812987600274644,0.8542027417027417,0.8571428571428571,0.75,1.0,musk1,0.05,StratifiedGroupKFold_by_molecule,0.8930014776834198,0.8735402940264896,0.1518987341772152,nan
musk1_group_trainnoise0.05,UCI id=74 cached official retrieval; molecule_name group split,13,0.7,release_3,granular_ball,logistic,476,166,2,44,5.431818181818182,4.0,1,41,9,0.38636363636363635,0.7272727272727273,4.415690027136674,5.032764690420105,0.8808485152443023,1.0,0.75,1.0,musk1,0.05,StratifiedGroupKFold_by_molecule,0.7672381562783742,0.7665787591614122,0.04219409282700422,nan
musk1_group_trainnoise0.05,UCI id=74 cached official retrieval; molecule_name group split,13,0.7,release_3,granular_ball,random_forest,476,166,2,44,5.431818181818182,4.0,1,41,9,0.38636363636363635,0.7272727272727273,4.415690027136674,5.032764690420105,0.8808485152443023,1.0,0.75,1.0,musk1,0.05,StratifiedGroupKFold_by_molecule,0.8145952393669106,0.8049574865376947,0.11392405063291139,nan
musk1_group_trainnoise0.05,UCI id=74 cached official retrieval; molecule_name group split,13,0.7,release_3,matched_kmeans,logistic,476,166,2,44,5.431818181818182,5.0,1,16,3,0.09090909090909091,0.5909090909090909,5.214430563871807,5.812987600274644,0.8542027417027417,0.8571428571428571,0.75,1.0,musk1,0.05,StratifiedGroupKFold_by_molecule,0.8866456586373266,0.8712377202599679,0.20675105485232068,nan
musk1_group_trainnoise0.05,UCI id=74 cached official retrieval; molecule_name group split,13,0.7,release_3,matched_kmeans,random_forest,476,166,2,44,5.431818181818182,5.0,1,16,3,0.09090909090909091,0.5909090909090909,5.214430563871807,5.812987600274644,0.8542027417027417,0.8571428571428571,0.75,1.0,musk1,0.05,StratifiedGroupKFold_by_molecule,0.8944435542737098,0.8711858449933688,0.14345991561181434,nan
musk1_group_trainnoise0.05,UCI id=74 cached official retrieval; molecule_name group split,13,0.8,release_1,granular_ball,logistic,476,166,2,64,3.734375,2.0,1,41,23,0.625,0.828125,3.1089959795044293,3.367162898504847,0.9090138646922183,1.0,0.8888888888888888,1.0,musk1,0.05,StratifiedGroupKFold_by_molecule,0.7947088251526644,0.8216575700577192,0.18565400843881857,nan
musk1_group_trainnoise0.05,UCI id=74 cached official retrieval; molecule_name group split,13,0.8,release_1,granular_ball,random_forest,476,166,2,64,3.734375,2.0,1,41,23,0.625,0.828125,3.1089959795044293,3.367162898504847,0.9090138646922183,1.0,0.8888888888888888,1.0,musk1,0.05,StratifiedGroupKFold_by_molecule,0.8021506524951486,0.8042454241956587,0.08860759493670886,nan
musk1_group_trainnoise0.05,UCI id=74 cached official retrieval; molecule_name group split,13,0.8,release_1,matched_kmeans,logistic,476,166,2,64,3.734375,4.0,1,10,9,0.296875,0.796875,4.167841011711398,4.751945561540342,0.900967261904762,1.0,0.8,1.0,musk1,0.05,StratifiedGroupKFold_by_molecule,0.9164307714219587,0.9116006693475873,0.20675105485232068,nan
musk1_group_trainnoise0.05,UCI id=74 cached official retrieval; molecule_name group split,13,0.8,release_1,matched_kmeans,random_forest,476,166,2,64,3.734375,4.0,1,10,9,0.296875,0.796875,4.167841011711398,4.751945561540342,0.900967261904762,1.0,0.8,1.0,musk1,0.05,StratifiedGroupKFold_by_molecule,0.9133952892164717,0.8957577802507575,0.10548523206751055,nan
musk1_group_trainnoise0.05,UCI id=74 cached official retrieval; molecule_name group split,13,0.8,release_2,granular_ball,logistic,476,166,2,64,3.734375,2.0,1,41,23,0.625,0.828125,3.1089959795044293,3.367162898504847,0.9090138646922183,1.0,0.8888888888888888,1.0,musk1,0.05,StratifiedGroupKFold_by_molecule,0.8083106339795973,0.8168880549908779,0.11392405063291139,nan
musk1_group_trainnoise0.05,UCI id=74 cached official retrieval; molecule_name group split,13,0.8,release_2,granular_ball,random_forest,476,166,2,64,3.734375,2.0,1,41,23,0.625,0.828125,3.1089959795044293,3.367162898504847,0.9090138646922183,1.0,0.8888888888888888,1.0,musk1,0.05,StratifiedGroupKFold_by_molecule,0.8426534209261336,0.8458768418397606,0.1729957805907173,nan
musk1_group_trainnoise0.05,UCI id=74 cached official retrieval; molecule_name group split,13,0.8,release_2,matched_kmeans,logistic,476,166,2,64,3.734375,4.0,1,10,9,0.296875,0.796875,4.167841011711398,4.751945561540342,0.900967261904762,1.0,0.8,1.0,musk1,0.05,StratifiedGroupKFold_by_molecule,0.9366732539301038,0.9203514996657318,0.15611814345991562,nan
musk1_group_trainnoise0.05,UCI id=74 cached official retrieval; molecule_name group split,13,0.8,release_2,matched_kmeans,random_forest,476,166,2,64,3.734375,4.0,1,10,9,0.296875,0.796875,4.167841011711398,4.751945561540342,0.900967261904762,1.0,0.8,1.0,musk1,0.05,StratifiedGroupKFold_by_molecule,0.9286706190247289,0.9109901264184691,0.26582278481012656,nan
musk1_group_trainnoise0.05,UCI id=74 cached official retrieval; molecule_name group split,13,0.8,release_3,granular_ball,logistic,476,166,2,64,3.734375,2.0,1,41,23,0.625,0.828125,3.1089959795044293,3.367162898504847,0.9090138646922183,1.0,0.8888888888888888,1.0,musk1,0.05,StratifiedGroupKFold_by_molecule,0.8004237212697396,0.8090172880566345,0.11814345991561181,nan
musk1_group_trainnoise0.05,UCI id=74 cached official retrieval; molecule_name group split,13,0.8,release_3,granular_ball,random_forest,476,166,2,64,3.734375,2.0,1,41,23,0.625,0.828125,3.1089959795044293,3.367162898504847,0.9090138646922183,1.0,0.8888888888888888,1.0,musk1,0.05,StratifiedGroupKFold_by_molecule,0.8474247360643772,0.849940756183668,0.189873417721519,nan
musk1_group_trainnoise0.05,UCI id=74 cached official retrieval; molecule_name group split,13,0.8,release_3,matched_kmeans,logistic,476,166,2,64,3.734375,4.0,1,10,9,0.296875,0.796875,4.167841011711398,4.751945561540342,0.900967261904762,1.0,0.8,1.0,musk1,0.05,StratifiedGroupKFold_by_molecule,0.9350887500222543,0.9196279380068845,0.18565400843881857,nan
musk1_group_trainnoise0.05,UCI id=74 cached official retrieval; molecule_name group split,13,0.8,release_3,matched_kmeans,random_forest,476,166,2,64,3.734375,4.0,1,10,9,0.296875,0.796875,4.167841011711398,4.751945561540342,0.900967261904762,1.0,0.8,1.0,musk1,0.05,StratifiedGroupKFold_by_molecule,0.9290177856112802,0.9162782570765668,0.16455696202531644,nan
musk1_group_trainnoise0.05,UCI id=74 cached official retrieval; molecule_name group split,13,0.9,release_1,granular_ball,logistic,476,166,2,96,2.4895833333333335,2.0,1,17,36,0.7395833333333334,0.9270833333333334,2.662718685368137,2.9469637654351666,0.8987379042526101,1.0,1.0,1.0,musk1,0.05,StratifiedGroupKFold_by_molecule,0.881892146913778,0.8867054530355167,0.22362869198312235,nan
musk1_group_trainnoise0.05,UCI id=74 cached official retrieval; molecule_name group split,13,0.9,release_1,granular_ball,random_forest,476,166,2,96,2.4895833333333335,2.0,1,17,36,0.7395833333333334,0.9270833333333334,2.662718685368137,2.9469637654351666,0.8987379042526101,1.0,1.0,1.0,musk1,0.05,StratifiedGroupKFold_by_molecule,0.8853460093645961,0.8799775527235338,0.2489451476793249,nan
musk1_group_trainnoise0.05,UCI id=74 cached official retrieval; molecule_name group split,13,0.9,release_1,matched_kmeans,logistic,476,166,2,96,2.4895833333333335,2.0,1,9,31,0.6041666666666666,0.9479166666666666,2.6785799589598835,3.2557401431500126,0.9332341269841269,1.0,1.0,1.0,musk1,0.05,StratifiedGroupKFold_by_molecule,0.9556516939949082,0.9513568293877077,0.35443037974683544,nan
musk1_group_trainnoise0.05,UCI id=74 cached official retrieval; molecule_name group split,13,0.9,release_1,matched_kmeans,random_forest,476,166,2,96,2.4895833333333335,2.0,1,9,31,0.6041666666666666,0.9479166666666666,2.6785799589598835,3.2557401431500126,0.9332341269841269,1.0,1.0,1.0,musk1,0.05,StratifiedGroupKFold_by_molecule,0.9403140522352188,0.9030451034843971,0.06329113924050633,nan
musk1_group_trainnoise0.05,UCI id=74 cached official retrieval; molecule_name group split,13,0.9,release_2,granular_ball,logistic,476,166,2,96,2.4895833333333335,2.0,1,17,36,0.7395833333333334,0.9270833333333334,2.662718685368137,2.9469637654351666,0.8987379042526101,1.0,1.0,1.0,musk1,0.05,StratifiedGroupKFold_by_molecule,0.9193505314319287,0.9048593235083046,0.18143459915611815,nan
musk1_group_trainnoise0.05,UCI id=74 cached official retrieval; molecule_name group split,13,0.9,release_2,granular_ball,random_forest,476,166,2,96,2.4895833333333335,2.0,1,17,36,0.7395833333333334,0.9270833333333334,2.662718685368137,2.9469637654351666,0.8987379042526101,1.0,1.0,1.0,musk1,0.05,StratifiedGroupKFold_by_molecule,0.9408125478466769,0.9379525819970819,0.47257383966244726,nan
musk1_group_trainnoise0.05,UCI id=74 cached official retrieval; molecule_name group split,13,0.9,release_2,matched_kmeans,logistic,476,166,2,96,2.4895833333333335,2.0,1,9,31,0.6041666666666666,0.9479166666666666,2.6785799589598835,3.2557401431500126,0.9332341269841269,1.0,1.0,1.0,musk1,0.05,StratifiedGroupKFold_by_molecule,0.96960957111574,0.9567590712488765,0.19831223628691982,nan
musk1_group_trainnoise0.05,UCI id=74 cached official retrieval; molecule_name group split,13,0.9,release_2,matched_kmeans,random_forest,476,166,2,96,2.4895833333333335,2.0,1,9,31,0.6041666666666666,0.9479166666666666,2.6785799589598835,3.2557401431500126,0.9332341269841269,1.0,1.0,1.0,musk1,0.05,StratifiedGroupKFold_by_molecule,0.9649539781730136,0.9462556082838367,0.2109704641350211,nan
musk1_group_trainnoise0.05,UCI id=74 cached official retrieval; molecule_name group split,13,0.9,release_3,granular_ball,logistic,476,166,2,96,2.4895833333333335,2.0,1,17,36,0.7395833333333334,0.9270833333333334,2.662718685368137,2.9469637654351666,0.8987379042526101,1.0,1.0,1.0,musk1,0.05,StratifiedGroupKFold_by_molecule,0.9196709928964376,0.9038814725659294,0.13924050632911392,nan
musk1_group_trainnoise0.05,UCI id=74 cached official retrieval; molecule_name group split,13,0.9,release_3,granular_ball,random_forest,476,166,2,96,2.4895833333333335,2.0,1,17,36,0.7395833333333334,0.9270833333333334,2.662718685368137,2.9469637654351666,0.8987379042526101,1.0,1.0,1.0,musk1,0.05,StratifiedGroupKFold_by_molecule,0.9432427139525361,0.9405230332386458,0.38396624472573837,nan
musk1_group_trainnoise0.05,UCI id=74 cached official retrieval; molecule_name group split,13,0.9,release_3,matched_kmeans,logistic,476,166,2,96,2.4895833333333335,2.0,1,9,31,0.6041666666666666,0.9479166666666666,2.6785799589598835,3.2557401431500126,0.9332341269841269,1.0,1.0,1.0,musk1,0.05,StratifiedGroupKFold_by_molecule,0.9682743150136196,0.9553357382879778,0.20675105485232068,nan
musk1_group_trainnoise0.05,UCI id=74 cached official retrieval; molecule_name group split,13,0.9,release_3,matched_kmeans,random_forest,476,166,2,96,2.4895833333333335,2.0,1,9,31,0.6041666666666666,0.9479166666666666,2.6785799589598835,3.2557401431500126,0.9332341269841269,1.0,1.0,1.0,musk1,0.05,StratifiedGroupKFold_by_molecule,0.970633267460699,0.9671737380843854,0.5063291139240507,nan
musk1_group_trainnoise0.05,UCI id=74 cached official retrieval; molecule_name group split,13,0.95,release_1,granular_ball,logistic,476,166,2,106,2.2547169811320753,2.0,1,8,39,0.7264150943396226,0.9339622641509434,2.6241532265168126,2.9469637654351666,0.9056603773584906,1.0,1.0,1.0,musk1,0.05,StratifiedGroupKFold_by_molecule,0.9270238031654472,0.9232377142957141,0.3206751054852321,nan
musk1_group_trainnoise0.05,UCI id=74 cached official retrieval; molecule_name group split,13,0.95,release_1,granular_ball,random_forest,476,166,2,106,2.2547169811320753,2.0,1,8,39,0.7264150943396226,0.9339622641509434,2.6241532265168126,2.9469637654351666,0.9056603773584906,1.0,1.0,1.0,musk1,0.05,StratifiedGroupKFold_by_molecule,0.9305399775676975,0.9219632501137188,0.2489451476793249,nan
musk1_group_trainnoise0.05,UCI id=74 cached official retrieval; molecule_name group split,13,0.95,release_1,matched_kmeans,logistic,476,166,2,106,2.2547169811320753,2.0,1,8,38,0.660377358490566,0.9716981132075472,2.436441778901961,3.1656627940181283,0.9297169811320756,1.0,1.0,1.0,musk1,0.05,StratifiedGroupKFold_by_molecule,0.9721020491730314,0.9696234450700221,0.47257383966244726,nan
musk1_group_trainnoise0.05,UCI id=74 cached official retrieval; molecule_name group split,13,0.95,release_1,matched_kmeans,random_forest,476,166,2,106,2.2547169811320753,2.0,1,8,38,0.660377358490566,0.9716981132075472,2.436441778901961,3.1656627940181283,0.9297169811320756,1.0,1.0,1.0,musk1,0.05,StratifiedGroupKFold_by_molecule,0.9608769962078727,0.9382785738315922,0.0,nan
musk1_group_trainnoise0.05,UCI id=74 cached official retrieval; molecule_name group split,13,0.95,release_2,granular_ball,logistic,476,166,2,106,2.2547169811320753,2.0,1,8,39,0.7264150943396226,0.9339622641509434,2.6241532265168126,2.9469637654351666,0.9056603773584906,1.0,1.0,1.0,musk1,0.05,StratifiedGroupKFold_by_molecule,0.9463583115241504,0.9295360702812897,0.2109704641350211,nan
musk1_group_trainnoise0.05,UCI id=74 cached official retrieval; molecule_name group split,13,0.95,release_2,granular_ball,random_forest,476,166,2,106,2.2547169811320753,2.0,1,8,39,0.7264150943396226,0.9339622641509434,2.6241532265168126,2.9469637654351666,0.9056603773584906,1.0,1.0,1.0,musk1,0.05,StratifiedGroupKFold_by_molecule,0.9581352703448522,0.9421834578891719,0.3881856540084388,nan
musk1_group_trainnoise0.05,UCI id=74 cached official retrieval; molecule_name group split,13,0.95,release_2,matched_kmeans,logistic,476,166,2,106,2.2547169811320753,2.0,1,8,38,0.660377358490566,0.9716981132075472,2.436441778901961,3.1656627940181283,0.9297169811320756,1.0,1.0,1.0,musk1,0.05,StratifiedGroupKFold_by_molecule,0.9827128843312147,0.9772092411091892,0.6666666666666666,nan
musk1_group_trainnoise0.05,UCI id=74 cached official retrieval; molecule_name group split,13,0.95,release_2,matched_kmeans,random_forest,476,166,2,106,2.2547169811320753,2.0,1,8,38,0.660377358490566,0.9716981132075472,2.436441778901961,3.1656627940181283,0.9297169811320756,1.0,1.0,1.0,musk1,0.05,StratifiedGroupKFold_by_molecule,0.9786626074881162,0.9680726909123862,0.42616033755274263,nan
musk1_group_trainnoise0.05,UCI id=74 cached official retrieval; molecule_name group split,13,0.95,release_3,granular_ball,logistic,476,166,2,106,2.2547169811320753,2.0,1,8,39,0.7264150943396226,0.9339622641509434,2.6241532265168126,2.9469637654351666,0.9056603773584906,1.0,1.0,1.0,musk1,0.05,StratifiedGroupKFold_by_molecule,0.947925012017305,0.9319346208298905,0.18143459915611815,nan
musk1_group_trainnoise0.05,UCI id=74 cached official retrieval; molecule_name group split,13,0.95,release_3,granular_ball,random_forest,476,166,2,106,2.2547169811320753,2.0,1,8,39,0.7264150943396226,0.9339622641509434,2.6241532265168126,2.9469637654351666,0.9056603773584906,1.0,1.0,1.0,musk1,0.05,StratifiedGroupKFold_by_molecule,0.962630632555324,0.9560522867491805,0.46835443037974683,nan
musk1_group_trainnoise0.05,UCI id=74 cached official retrieval; molecule_name group split,13,0.95,release_3,matched_kmeans,logistic,476,166,2,106,2.2547169811320753,2.0,1,8,38,0.660377358490566,0.9716981132075472,2.436441778901961,3.1656627940181283,0.9297169811320756,1.0,1.0,1.0,musk1,0.05,StratifiedGroupKFold_by_molecule,0.9822856023785361,0.9771077699853371,0.6413502109704642,nan
musk1_group_trainnoise0.05,UCI id=74 cached official retrieval; molecule_name group split,13,0.95,release_3,matched_kmeans,random_forest,476,166,2,106,2.2547169811320753,2.0,1,8,38,0.660377358490566,0.9716981132075472,2.436441778901961,3.1656627940181283,0.9297169811320756,1.0,1.0,1.0,musk1,0.05,StratifiedGroupKFold_by_molecule,0.981350923107052,0.978177324501114,0.5527426160337553,nan
musk1_group_trainnoise0.05,UCI id=74 cached official retrieval; molecule_name group split,13,0.99,release_1,granular_ball,logistic,476,166,2,106,2.2547169811320753,2.0,1,8,39,0.7264150943396226,0.9339622641509434,2.6241532265168126,2.9469637654351666,0.9056603773584906,1.0,1.0,1.0,musk1,0.05,StratifiedGroupKFold_by_molecule,0.9270238031654472,0.9232377142957141,0.3206751054852321,nan
musk1_group_trainnoise0.05,UCI id=74 cached official retrieval; molecule_name group split,13,0.99,release_1,granular_ball,random_forest,476,166,2,106,2.2547169811320753,2.0,1,8,39,0.7264150943396226,0.9339622641509434,2.6241532265168126,2.9469637654351666,0.9056603773584906,1.0,1.0,1.0,musk1,0.05,StratifiedGroupKFold_by_molecule,0.9305399775676975,0.9219632501137188,0.2489451476793249,nan
musk1_group_trainnoise0.05,UCI id=74 cached official retrieval; molecule_name group split,13,0.99,release_1,matched_kmeans,logistic,476,166,2,106,2.2547169811320753,2.0,1,8,38,0.660377358490566,0.9716981132075472,2.436441778901961,3.1656627940181283,0.9297169811320756,1.0,1.0,1.0,musk1,0.05,StratifiedGroupKFold_by_molecule,0.9721020491730314,0.9696234450700221,0.47257383966244726,nan
musk1_group_trainnoise0.05,UCI id=74 cached official retrieval; molecule_name group split,13,0.99,release_1,matched_kmeans,random_forest,476,166,2,106,2.2547169811320753,2.0,1,8,38,0.660377358490566,0.9716981132075472,2.436441778901961,3.1656627940181283,0.9297169811320756,1.0,1.0,1.0,musk1,0.05,StratifiedGroupKFold_by_molecule,0.9608769962078727,0.9382785738315922,0.0,nan
musk1_group_trainnoise0.05,UCI id=74 cached official retrieval; molecule_name group split,13,0.99,release_2,granular_ball,logistic,476,166,2,106,2.2547169811320753,2.0,1,8,39,0.7264150943396226,0.9339622641509434,2.6241532265168126,2.9469637654351666,0.9056603773584906,1.0,1.0,1.0,musk1,0.05,StratifiedGroupKFold_by_molecule,0.9463583115241504,0.9295360702812897,0.2109704641350211,nan
musk1_group_trainnoise0.05,UCI id=74 cached official retrieval; molecule_name group split,13,0.99,release_2,granular_ball,random_forest,476,166,2,106,2.2547169811320753,2.0,1,8,39,0.7264150943396226,0.9339622641509434,2.6241532265168126,2.9469637654351666,0.9056603773584906,1.0,1.0,1.0,musk1,0.05,StratifiedGroupKFold_by_molecule,0.9581352703448522,0.9421834578891719,0.3881856540084388,nan
musk1_group_trainnoise0.05,UCI id=74 cached official retrieval; molecule_name group split,13,0.99,release_2,matched_kmeans,logistic,476,166,2,106,2.2547169811320753,2.0,1,8,38,0.660377358490566,0.9716981132075472,2.436441778901961,3.1656627940181283,0.9297169811320756,1.0,1.0,1.0,musk1,0.05,StratifiedGroupKFold_by_molecule,0.9827128843312147,0.9772092411091892,0.6666666666666666,nan
musk1_group_trainnoise0.05,UCI id=74 cached official retrieval; molecule_name group split,13,0.99,release_2,matched_kmeans,random_forest,476,166,2,106,2.2547169811320753,2.0,1,8,38,0.660377358490566,0.9716981132075472,2.436441778901961,3.1656627940181283,0.9297169811320756,1.0,1.0,1.0,musk1,0.05,StratifiedGroupKFold_by_molecule,0.9786626074881162,0.9680726909123862,0.42616033755274263,nan
musk1_group_trainnoise0.05,UCI id=74 cached official retrieval; molecule_name group split,13,0.99,release_3,granular_ball,logistic,476,166,2,106,2.2547169811320753,2.0,1,8,39,0.7264150943396226,0.9339622641509434,2.6241532265168126,2.9469637654351666,0.9056603773584906,1.0,1.0,1.0,musk1,0.05,StratifiedGroupKFold_by_molecule,0.947925012017305,0.9319346208298905,0.18143459915611815,nan
musk1_group_trainnoise0.05,UCI id=74 cached official retrieval; molecule_name group split,13,0.99,release_3,granular_ball,random_forest,476,166,2,106,2.2547169811320753,2.0,1,8,39,0.7264150943396226,0.9339622641509434,2.6241532265168126,2.9469637654351666,0.9056603773584906,1.0,1.0,1.0,musk1,0.05,StratifiedGroupKFold_by_molecule,0.962630632555324,0.9560522867491805,0.46835443037974683,nan
musk1_group_trainnoise0.05,UCI id=74 cached official retrieval; molecule_name group split,13,0.99,release_3,matched_kmeans,logistic,476,166,2,106,2.2547169811320753,2.0,1,8,38,0.660377358490566,0.9716981132075472,2.436441778901961,3.1656627940181283,0.9297169811320756,1.0,1.0,1.0,musk1,0.05,StratifiedGroupKFold_by_molecule,0.9822856023785361,0.9771077699853371,0.6413502109704642,nan
musk1_group_trainnoise0.05,UCI id=74 cached official retrieval; molecule_name group split,13,0.99,release_3,matched_kmeans,random_forest,476,166,2,106,2.2547169811320753,2.0,1,8,38,0.660377358490566,0.9716981132075472,2.436441778901961,3.1656627940181283,0.9297169811320756,1.0,1.0,1.0,musk1,0.05,StratifiedGroupKFold_by_molecule,0.981350923107052,0.978177324501114,0.5527426160337553,nan
musk1_group_trainnoise0.05,UCI id=74 cached official retrieval; molecule_name group split,73,0.7,release_1,granular_ball,logistic,476,166,2,18,13.277777777777779,10.5,1,36,2,0.2222222222222222,0.3333333333333333,6.088858490846226,6.8144247793996895,0.8255816804836412,0.7828282828282829,0.7311688311688311,0.9772727272727273,musk1,0.05,StratifiedGroupKFold_by_molecule,0.6561626519966529,0.6284598556190322,0.03375527426160337,nan
musk1_group_trainnoise0.05,UCI id=74 cached official retrieval; molecule_name group split,73,0.7,release_1,granular_ball,random_forest,476,166,2,18,13.277777777777779,10.5,1,36,2,0.2222222222222222,0.3333333333333333,6.088858490846226,6.8144247793996895,0.8255816804836412,0.7828282828282829,0.7311688311688311,0.9772727272727273,musk1,0.05,StratifiedGroupKFold_by_molecule,0.6977692321387243,0.6867330547604608,0.07172995780590717,nan
musk1_group_trainnoise0.05,UCI id=74 cached official retrieval; molecule_name group split,73,0.7,release_1,matched_kmeans,logistic,476,166,2,18,13.277777777777779,12.5,3,44,0,0.0,0.2777777777777778,7.328440013574056,7.264995956452198,0.8000899842687282,0.8009259259259259,0.6785714285714286,1.0,musk1,0.05,StratifiedGroupKFold_by_molecule,0.6614502661610496,0.6226939154139937,0.016877637130801686,nan
musk1_group_trainnoise0.05,UCI id=74 cached official retrieval; molecule_name group split,73,0.7,release_1,matched_kmeans,random_forest,476,166,2,18,13.277777777777779,12.5,3,44,0,0.0,0.2777777777777778,7.328440013574056,7.264995956452198,0.8000899842687282,0.8009259259259259,0.6785714285714286,1.0,musk1,0.05,StratifiedGroupKFold_by_molecule,0.6919475155334793,0.6748215462627476,0.0379746835443038,nan
musk1_group_trainnoise0.05,UCI id=74 cached official retrieval; molecule_name group split,73,0.7,release_2,granular_ball,logistic,476,166,2,18,13.277777777777779,10.5,1,36,2,0.2222222222222222,0.3333333333333333,6.088858490846226,6.8144247793996895,0.8255816804836412,0.7828282828282829,0.7311688311688311,0.9772727272727273,musk1,0.05,StratifiedGroupKFold_by_molecule,0.6630881803129841,0.6437419211020388,0.02531645569620253,nan
musk1_group_trainnoise0.05,UCI id=74 cached official retrieval; molecule_name group split,73,0.7,release_2,granular_ball,random_forest,476,166,2,18,13.277777777777779,10.5,1,36,2,0.2222222222222222,0.3333333333333333,6.088858490846226,6.8144247793996895,0.8255816804836412,0.7828282828282829,0.7311688311688311,0.9772727272727273,musk1,0.05,StratifiedGroupKFold_by_molecule,0.7538677918424754,0.7493040091659589,0.10970464135021098,nan
musk1_group_trainnoise0.05,UCI id=74 cached official retrieval; molecule_name group split,73,0.7,release_2,matched_kmeans,logistic,476,166,2,18,13.277777777777779,12.5,3,44,0,0.0,0.2777777777777778,7.328440013574056,7.264995956452198,0.8000899842687282,0.8009259259259259,0.6785714285714286,1.0,musk1,0.05,StratifiedGroupKFold_by_molecule,0.6701205291174848,0.663934831051025,0.029535864978902954,nan
musk1_group_trainnoise0.05,UCI id=74 cached official retrieval; molecule_name group split,73,0.7,release_2,matched_kmeans,random_forest,476,166,2,18,13.277777777777779,12.5,3,44,0,0.0,0.2777777777777778,7.328440013574056,7.264995956452198,0.8000899842687282,0.8009259259259259,0.6785714285714286,1.0,musk1,0.05,StratifiedGroupKFold_by_molecule,0.7541704498922893,0.7643734619310862,0.13924050632911392,nan
musk1_group_trainnoise0.05,UCI id=74 cached official retrieval; molecule_name group split,73,0.7,release_3,granular_ball,logistic,476,166,2,18,13.277777777777779,10.5,1,36,2,0.2222222222222222,0.3333333333333333,6.088858490846226,6.8144247793996895,0.8255816804836412,0.7828282828282829,0.7311688311688311,0.9772727272727273,musk1,0.05,StratifiedGroupKFold_by_molecule,0.6829211842831455,0.6567221712644866,0.04219409282700422,nan
musk1_group_trainnoise0.05,UCI id=74 cached official retrieval; molecule_name group split,73,0.7,release_3,granular_ball,random_forest,476,166,2,18,13.277777777777779,10.5,1,36,2,0.2222222222222222,0.3333333333333333,6.088858490846226,6.8144247793996895,0.8255816804836412,0.7828282828282829,0.7311688311688311,0.9772727272727273,musk1,0.05,StratifiedGroupKFold_by_molecule,0.7680037031102566,0.7752560496673482,0.17721518987341772,nan
musk1_group_trainnoise0.05,UCI id=74 cached official retrieval; molecule_name group split,73,0.7,release_3,matched_kmeans,logistic,476,166,2,18,13.277777777777779,12.5,3,44,0,0.0,0.2777777777777778,7.328440013574056,7.264995956452198,0.8000899842687282,0.8009259259259259,0.6785714285714286,1.0,musk1,0.05,StratifiedGroupKFold_by_molecule,0.6951165233491784,0.6925963678104294,0.05907172995780591,nan
musk1_group_trainnoise0.05,UCI id=74 cached official retrieval; molecule_name group split,73,0.7,release_3,matched_kmeans,random_forest,476,166,2,18,13.277777777777779,12.5,3,44,0,0.0,0.2777777777777778,7.328440013574056,7.264995956452198,0.8000899842687282,0.8009259259259259,0.6785714285714286,1.0,musk1,0.05,StratifiedGroupKFold_by_molecule,0.7655468318823551,0.7765100676025921,0.189873417721519,nan
musk1_group_trainnoise0.05,UCI id=74 cached official retrieval; molecule_name group split,73,0.8,release_1,granular_ball,logistic,476,166,2,49,4.877551020408164,2.0,1,32,12,0.5714285714285714,0.7551020408163265,3.757776691017241,3.9883165295355902,0.9411805631343446,1.0,0.9090909090909091,1.0,musk1,0.05,StratifiedGroupKFold_by_molecule,0.7706208050704126,0.7487795791791322,0.0759493670886076,nan
musk1_group_trainnoise0.05,UCI id=74 cached official retrieval; molecule_name group split,73,0.8,release_1,granular_ball,random_forest,476,166,2,49,4.877551020408164,2.0,1,32,12,0.5714285714285714,0.7551020408163265,3.757776691017241,3.9883165295355902,0.9411805631343446,1.0,0.9090909090909091,1.0,musk1,0.05,StratifiedGroupKFold_by_molecule,0.8210311737791307,0.8188941363478719,0.16877637130801687,nan
musk1_group_trainnoise0.05,UCI id=74 cached official retrieval; molecule_name group split,73,0.8,release_1,matched_kmeans,logistic,476,166,2,49,4.877551020408164,4.0,1,16,6,0.24489795918367346,0.6122448979591837,4.59869109229969,5.364703748514735,0.8989957887917072,1.0,0.8,1.0,musk1,0.05,StratifiedGroupKFold_by_molecule,0.8289982018551159,0.8295649510676256,0.1940928270042194,nan
musk1_group_trainnoise0.05,UCI id=74 cached official retrieval; molecule_name group split,73,0.8,release_1,matched_kmeans,random_forest,476,166,2,49,4.877551020408164,4.0,1,16,6,0.24489795918367346,0.6122448979591837,4.59869109229969,5.364703748514735,0.8989957887917072,1.0,0.8,1.0,musk1,0.05,StratifiedGroupKFold_by_molecule,0.8091117876408696,0.7944736904462972,0.07172995780590717,nan
musk1_group_trainnoise0.05,UCI id=74 cached official retrieval; molecule_name group split,73,0.8,release_2,granular_ball,logistic,476,166,2,49,4.877551020408164,2.0,1,32,12,0.5714285714285714,0.7551020408163265,3.757776691017241,3.9883165295355902,0.9411805631343446,1.0,0.9090909090909091,1.0,musk1,0.05,StratifiedGroupKFold_by_molecule,0.828944791611031,0.7859125912687058,0.029535864978902954,nan
musk1_group_trainnoise0.05,UCI id=74 cached official retrieval; molecule_name group split,73,0.8,release_2,granular_ball,random_forest,476,166,2,49,4.877551020408164,2.0,1,32,12,0.5714285714285714,0.7551020408163265,3.757776691017241,3.9883165295355902,0.9411805631343446,1.0,0.9090909090909091,1.0,musk1,0.05,StratifiedGroupKFold_by_molecule,0.8819989674019476,0.8657461368556669,0.14767932489451477,nan
musk1_group_trainnoise0.05,UCI id=74 cached official retrieval; molecule_name group split,73,0.8,release_2,matched_kmeans,logistic,476,166,2,49,4.877551020408164,4.0,1,16,6,0.24489795918367346,0.6122448979591837,4.59869109229969,5.364703748514735,0.8989957887917072,1.0,0.8,1.0,musk1,0.05,StratifiedGroupKFold_by_molecule,0.849774786804109,0.8250693374122925,0.1308016877637131,nan
musk1_group_trainnoise0.05,UCI id=74 cached official retrieval; molecule_name group split,73,0.8,release_2,matched_kmeans,random_forest,476,166,2,49,4.877551020408164,4.0,1,16,6,0.24489795918367346,0.6122448979591837,4.59869109229969,5.364703748514735,0.8989957887917072,1.0,0.8,1.0,musk1,0.05,StratifiedGroupKFold_by_molecule,0.866278552226317,0.8579766113393301,0.17721518987341772,nan
musk1_group_trainnoise0.05,UCI id=74 cached official retrieval; molecule_name group split,73,0.8,release_3,granular_ball,logistic,476,166,2,49,4.877551020408164,2.0,1,32,12,0.5714285714285714,0.7551020408163265,3.757776691017241,3.9883165295355902,0.9411805631343446,1.0,0.9090909090909091,1.0,musk1,0.05,StratifiedGroupKFold_by_molecule,0.8426000106820488,0.8081210376746942,0.05907172995780591,nan
musk1_group_trainnoise0.05,UCI id=74 cached official retrieval; molecule_name group split,73,0.8,release_3,granular_ball,random_forest,476,166,2,49,4.877551020408164,2.0,1,32,12,0.5714285714285714,0.7551020408163265,3.757776691017241,3.9883165295355902,0.9411805631343446,1.0,0.9090909090909091,1.0,musk1,0.05,StratifiedGroupKFold_by_molecule,0.8949242464704731,0.8849290464100252,0.18565400843881857,nan
musk1_group_trainnoise0.05,UCI id=74 cached official retrieval; molecule_name group split,73,0.8,release_3,matched_kmeans,logistic,476,166,2,49,4.877551020408164,4.0,1,16,6,0.24489795918367346,0.6122448979591837,4.59869109229969,5.364703748514735,0.8989957887917072,1.0,0.8,1.0,musk1,0.05,StratifiedGroupKFold_by_molecule,0.85532945218893,0.8328217913535325,0.0970464135021097,nan
musk1_group_trainnoise0.05,UCI id=74 cached official retrieval; molecule_name group split,73,0.8,release_3,matched_kmeans,random_forest,476,166,2,49,4.877551020408164,4.0,1,16,6,0.24489795918367346,0.6122448979591837,4.59869109229969,5.364703748514735,0.8989957887917072,1.0,0.8,1.0,musk1,0.05,StratifiedGroupKFold_by_molecule,0.8765333190906016,0.8705943509971823,0.2616033755274262,nan
musk1_group_trainnoise0.05,UCI id=74 cached official retrieval; molecule_name group split,73,0.9,release_1,granular_ball,logistic,476,166,2,87,2.7471264367816093,2.0,1,20,31,0.7471264367816092,0.9080459770114943,2.6877195700298313,2.8978228203673453,0.939289446185998,1.0,1.0,1.0,musk1,0.05,StratifiedGroupKFold_by_molecule,0.895529562570101,0.8839289132413717,0.189873417721519,nan
musk1_group_trainnoise0.05,UCI id=74 cached official retrieval; molecule_name group split,73,0.9,release_1,granular_ball,random_forest,476,166,2,87,2.7471264367816093,2.0,1,20,31,0.7471264367816092,0.9080459770114943,2.6877195700298313,2.8978228203673453,0.939289446185998,1.0,1.0,1.0,musk1,0.05,StratifiedGroupKFold_by_molecule,0.9123092809200805,0.9024872653494961,0.37130801687763715,nan
musk1_group_trainnoise0.05,UCI id=74 cached official retrieval; molecule_name group split,73,0.9,release_1,matched_kmeans,logistic,476,166,2,87,2.7471264367816093,2.0,1,8,22,0.5517241379310345,0.896551724137931,3.0589216360279727,3.7122579083259377,0.9263273125342092,1.0,1.0,1.0,musk1,0.05,StratifiedGroupKFold_by_molecule,0.9422279193149247,0.9365314920682584,0.3333333333333333,nan
musk1_group_trainnoise0.05,UCI id=74 cached official retrieval; molecule_name group split,73,0.9,release_1,matched_kmeans,random_forest,476,166,2,87,2.7471264367816093,2.0,1,8,22,0.5517241379310345,0.896551724137931,3.0589216360279727,3.7122579083259377,0.9263273125342092,1.0,1.0,1.0,musk1,0.05,StratifiedGroupKFold_by_molecule,0.9325784685502679,0.9139514570310578,0.24050632911392406,nan
musk1_group_trainnoise0.05,UCI id=74 cached official retrieval; molecule_name group split,73,0.9,release_2,granular_ball,logistic,476,166,2,87,2.7471264367816093,2.0,1,20,31,0.7471264367816092,0.9080459770114943,2.6877195700298313,2.8978228203673453,0.939289446185998,1.0,1.0,1.0,musk1,0.05,StratifiedGroupKFold_by_molecule,0.9320265626947248,0.9113551082497298,0.1518987341772152,nan
musk1_group_trainnoise0.05,UCI id=74 cached official retrieval; molecule_name group split,73,0.9,release_2,granular_ball,random_forest,476,166,2,87,2.7471264367816093,2.0,1,20,31,0.7471264367816092,0.9080459770114943,2.6877195700298313,2.8978228203673453,0.939289446185998,1.0,1.0,1.0,musk1,0.05,StratifiedGroupKFold_by_molecule,0.9568178176574267,0.951365969073564,0.4430379746835443,nan
musk1_group_trainnoise0.05,UCI id=74 cached official retrieval; molecule_name group split,73,0.9,release_2,matched_kmeans,logistic,476,166,2,87,2.7471264367816093,2.0,1,8,22,0.5517241379310345,0.896551724137931,3.0589216360279727,3.7122579083259377,0.9263273125342092,1.0,1.0,1.0,musk1,0.05,StratifiedGroupKFold_by_molecule,0.9494917125104596,0.9291465161227622,0.18565400843881857,nan
musk1_group_trainnoise0.05,UCI id=74 cached official retrieval; molecule_name group split,73,0.9,release_2,matched_kmeans,random_forest,476,166,2,87,2.7471264367816093,2.0,1,8,22,0.5517241379310345,0.896551724137931,3.0589216360279727,3.7122579083259377,0.9263273125342092,1.0,1.0,1.0,musk1,0.05,StratifiedGroupKFold_by_molecule,0.9655414908579466,0.9593328358437954,0.5274261603375527,nan
musk1_group_trainnoise0.05,UCI id=74 cached official retrieval; molecule_name group split,73,0.9,release_3,granular_ball,logistic,476,166,2,87,2.7471264367816093,2.0,1,20,31,0.7471264367816092,0.9080459770114943,2.6877195700298313,2.8978228203673453,0.939289446185998,1.0,1.0,1.0,musk1,0.05,StratifiedGroupKFold_by_molecule,0.9334864426997098,0.9091114753933258,0.10548523206751055,nan
musk1_group_trainnoise0.05,UCI id=74 cached official retrieval; molecule_name group split,73,0.9,release_3,granular_ball,random_forest,476,166,2,87,2.7471264367816093,2.0,1,20,31,0.7471264367816092,0.9080459770114943,2.6877195700298313,2.8978228203673453,0.939289446185998,1.0,1.0,1.0,musk1,0.05,StratifiedGroupKFold_by_molecule,0.9627196496287987,0.9578975900773169,0.41350210970464135,nan
musk1_group_trainnoise0.05,UCI id=74 cached official retrieval; molecule_name group split,73,0.9,release_3,matched_kmeans,logistic,476,166,2,87,2.7471264367816093,2.0,1,8,22,0.5517241379310345,0.896551724137931,3.0589216360279727,3.7122579083259377,0.9263273125342092,1.0,1.0,1.0,musk1,0.05,StratifiedGroupKFold_by_molecule,0.9566664886325198,0.9372787373723044,0.1729957805907173,nan
musk1_group_trainnoise0.05,UCI id=74 cached official retrieval; molecule_name group split,73,0.9,release_3,matched_kmeans,random_forest,476,166,2,87,2.7471264367816093,2.0,1,8,22,0.5517241379310345,0.896551724137931,3.0589216360279727,3.7122579083259377,0.9263273125342092,1.0,1.0,1.0,musk1,0.05,StratifiedGroupKFold_by_molecule,0.9708914169737757,0.968395638631831,0.510548523206751,nan
musk1_group_trainnoise0.05,UCI id=74 cached official retrieval; molecule_name group split,73,0.95,release_1,granular_ball,logistic,476,166,2,95,2.5157894736842104,2.0,1,20,34,0.7578947368421053,0.9263157894736842,2.534367910702726,2.8978228203673453,0.9368421052631579,1.0,1.0,1.0,musk1,0.05,StratifiedGroupKFold_by_molecule,0.9113567982339013,0.9114801565342875,0.3080168776371308,nan
musk1_group_trainnoise0.05,UCI id=74 cached official retrieval; molecule_name group split,73,0.95,release_1,granular_ball,random_forest,476,166,2,95,2.5157894736842104,2.0,1,20,34,0.7578947368421053,0.9263157894736842,2.534367910702726,2.8978228203673453,0.9368421052631579,1.0,1.0,1.0,musk1,0.05,StratifiedGroupKFold_by_molecule,0.9139560967793624,0.9114551371381047,0.4388185654008439,nan
musk1_group_trainnoise0.05,UCI id=74 cached official retrieval; molecule_name group split,73,0.95,release_1,matched_kmeans,logistic,476,166,2,95,2.5157894736842104,2.0,1,8,24,0.5684210526315789,0.9473684210526315,2.9519051143136164,3.6812676297963067,0.927092731829574,1.0,1.0,1.0,musk1,0.05,StratifiedGroupKFold_by_molecule,0.9593904110808453,0.9537042751114919,0.4767932489451477,nan
musk1_group_trainnoise0.05,UCI id=74 cached official retrieval; molecule_name group split,73,0.95,release_1,matched_kmeans,random_forest,476,166,2,95,2.5157894736842104,2.0,1,8,24,0.5684210526315789,0.9473684210526315,2.9519051143136164,3.6812676297963067,0.927092731829574,1.0,1.0,1.0,musk1,0.05,StratifiedGroupKFold_by_molecule,0.941836244191636,0.9217862281547833,0.20253164556962025,nan
musk1_group_trainnoise0.05,UCI id=74 cached official retrieval; molecule_name group split,73,0.95,release_2,granular_ball,logistic,476,166,2,95,2.5157894736842104,2.0,1,20,34,0.7578947368421053,0.9263157894736842,2.534367910702726,2.8978228203673453,0.9368421052631579,1.0,1.0,1.0,musk1,0.05,StratifiedGroupKFold_by_molecule,0.9443109188342325,0.9241336548512035,0.189873417721519,nan
musk1_group_trainnoise0.05,UCI id=74 cached official retrieval; molecule_name group split,73,0.95,release_2,granular_ball,random_forest,476,166,2,95,2.5157894736842104,2.0,1,20,34,0.7578947368421053,0.9263157894736842,2.534367910702726,2.8978228203673453,0.9368421052631579,1.0,1.0,1.0,musk1,0.05,StratifiedGroupKFold_by_molecule,0.9676333920846019,0.9632779609138412,0.4092827004219409,nan
musk1_group_trainnoise0.05,UCI id=74 cached official retrieval; molecule_name group split,73,0.95,release_2,matched_kmeans,logistic,476,166,2,95,2.5157894736842104,2.0,1,8,24,0.5684210526315789,0.9473684210526315,2.9519051143136164,3.6812676297963067,0.927092731829574,1.0,1.0,1.0,musk1,0.05,StratifiedGroupKFold_by_molecule,0.9627908632875786,0.9476537787886129,0.29957805907172996,nan
musk1_group_trainnoise0.05,UCI id=74 cached official retrieval; molecule_name group split,73,0.95,release_2,matched_kmeans,random_forest,476,166,2,95,2.5157894736842104,2.0,1,8,24,0.5684210526315789,0.9473684210526315,2.9519051143136164,3.6812676297963067,0.927092731829574,1.0,1.0,1.0,musk1,0.05,StratifiedGroupKFold_by_molecule,0.9720664423436415,0.9671094015148524,0.4767932489451477,nan
musk1_group_trainnoise0.05,UCI id=74 cached official retrieval; molecule_name group split,73,0.95,release_3,granular_ball,logistic,476,166,2,95,2.5157894736842104,2.0,1,20,34,0.7578947368421053,0.9263157894736842,2.534367910702726,2.8978228203673453,0.9368421052631579,1.0,1.0,1.0,musk1,0.05,StratifiedGroupKFold_by_molecule,0.9480496359201696,0.9248805592508691,0.0759493670886076,nan
musk1_group_trainnoise0.05,UCI id=74 cached official retrieval; molecule_name group split,73,0.95,release_3,granular_ball,random_forest,476,166,2,95,2.5157894736842104,2.0,1,20,34,0.7578947368421053,0.9263157894736842,2.534367910702726,2.8978228203673453,0.9368421052631579,1.0,1.0,1.0,musk1,0.05,StratifiedGroupKFold_by_molecule,0.9688796311132475,0.9652032161915445,0.41350210970464135,nan
musk1_group_trainnoise0.05,UCI id=74 cached official retrieval; molecule_name group split,73,0.95,release_3,matched_kmeans,logistic,476,166,2,95,2.5157894736842104,2.0,1,8,24,0.5684210526315789,0.9473684210526315,2.9519051143136164,3.6812676297963067,0.927092731829574,1.0,1.0,1.0,musk1,0.05,StratifiedGroupKFold_by_molecule,0.9667966315939397,0.9521062422450763,0.1940928270042194,nan
musk1_group_trainnoise0.05,UCI id=74 cached official retrieval; molecule_name group split,73,0.95,release_3,matched_kmeans,random_forest,476,166,2,95,2.5157894736842104,2.0,1,8,24,0.5684210526315789,0.9473684210526315,2.9519051143136164,3.6812676297963067,0.927092731829574,1.0,1.0,1.0,musk1,0.05,StratifiedGroupKFold_by_molecule,0.9744877067421531,0.9714771980225148,0.5232067510548524,nan
musk1_group_trainnoise0.05,UCI id=74 cached official retrieval; molecule_name group split,73,0.99,release_1,granular_ball,logistic,476,166,2,95,2.5157894736842104,2.0,1,20,34,0.7578947368421053,0.9263157894736842,2.534367910702726,2.8978228203673453,0.9368421052631579,1.0,1.0,1.0,musk1,0.05,StratifiedGroupKFold_by_molecule,0.9113567982339013,0.9114801565342875,0.3080168776371308,nan
musk1_group_trainnoise0.05,UCI id=74 cached official retrieval; molecule_name group split,73,0.99,release_1,granular_ball,random_forest,476,166,2,95,2.5157894736842104,2.0,1,20,34,0.7578947368421053,0.9263157894736842,2.534367910702726,2.8978228203673453,0.9368421052631579,1.0,1.0,1.0,musk1,0.05,StratifiedGroupKFold_by_molecule,0.9139560967793624,0.9114551371381047,0.4388185654008439,nan
musk1_group_trainnoise0.05,UCI id=74 cached official retrieval; molecule_name group split,73,0.99,release_1,matched_kmeans,logistic,476,166,2,95,2.5157894736842104,2.0,1,8,24,0.5684210526315789,0.9473684210526315,2.9519051143136164,3.6812676297963067,0.927092731829574,1.0,1.0,1.0,musk1,0.05,StratifiedGroupKFold_by_molecule,0.9593904110808453,0.9537042751114919,0.4767932489451477,nan
musk1_group_trainnoise0.05,UCI id=74 cached official retrieval; molecule_name group split,73,0.99,release_1,matched_kmeans,random_forest,476,166,2,95,2.5157894736842104,2.0,1,8,24,0.5684210526315789,0.9473684210526315,2.9519051143136164,3.6812676297963067,0.927092731829574,1.0,1.0,1.0,musk1,0.05,StratifiedGroupKFold_by_molecule,0.941836244191636,0.9217862281547833,0.20253164556962025,nan
musk1_group_trainnoise0.05,UCI id=74 cached official retrieval; molecule_name group split,73,0.99,release_2,granular_ball,logistic,476,166,2,95,2.5157894736842104,2.0,1,20,34,0.7578947368421053,0.9263157894736842,2.534367910702726,2.8978228203673453,0.9368421052631579,1.0,1.0,1.0,musk1,0.05,StratifiedGroupKFold_by_molecule,0.9443109188342325,0.9241336548512035,0.189873417721519,nan
musk1_group_trainnoise0.05,UCI id=74 cached official retrieval; molecule_name group split,73,0.99,release_2,granular_ball,random_forest,476,166,2,95,2.5157894736842104,2.0,1,20,34,0.7578947368421053,0.9263157894736842,2.534367910702726,2.8978228203673453,0.9368421052631579,1.0,1.0,1.0,musk1,0.05,StratifiedGroupKFold_by_molecule,0.9676333920846019,0.9632779609138412,0.4092827004219409,nan
musk1_group_trainnoise0.05,UCI id=74 cached official retrieval; molecule_name group split,73,0.99,release_2,matched_kmeans,logistic,476,166,2,95,2.5157894736842104,2.0,1,8,24,0.5684210526315789,0.9473684210526315,2.9519051143136164,3.6812676297963067,0.927092731829574,1.0,1.0,1.0,musk1,0.05,StratifiedGroupKFold_by_molecule,0.9627908632875786,0.9476537787886129,0.29957805907172996,nan
musk1_group_trainnoise0.05,UCI id=74 cached official retrieval; molecule_name group split,73,0.99,release_2,matched_kmeans,random_forest,476,166,2,95,2.5157894736842104,2.0,1,8,24,0.5684210526315789,0.9473684210526315,2.9519051143136164,3.6812676297963067,0.927092731829574,1.0,1.0,1.0,musk1,0.05,StratifiedGroupKFold_by_molecule,0.9720664423436415,0.9671094015148524,0.4767932489451477,nan
musk1_group_trainnoise0.05,UCI id=74 cached official retrieval; molecule_name group split,73,0.99,release_3,granular_ball,logistic,476,166,2,95,2.5157894736842104,2.0,1,20,34,0.7578947368421053,0.9263157894736842,2.534367910702726,2.8978228203673453,0.9368421052631579,1.0,1.0,1.0,musk1,0.05,StratifiedGroupKFold_by_molecule,0.9480496359201696,0.9248805592508691,0.0759493670886076,nan
musk1_group_trainnoise0.05,UCI id=74 cached official retrieval; molecule_name group split,73,0.99,release_3,granular_ball,random_forest,476,166,2,95,2.5157894736842104,2.0,1,20,34,0.7578947368421053,0.9263157894736842,2.534367910702726,2.8978228203673453,0.9368421052631579,1.0,1.0,1.0,musk1,0.05,StratifiedGroupKFold_by_molecule,0.9688796311132475,0.9652032161915445,0.41350210970464135,nan
musk1_group_trainnoise0.05,UCI id=74 cached official retrieval; molecule_name group split,73,0.99,release_3,matched_kmeans,logistic,476,166,2,95,2.5157894736842104,2.0,1,8,24,0.5684210526315789,0.9473684210526315,2.9519051143136164,3.6812676297963067,0.927092731829574,1.0,1.0,1.0,musk1,0.05,StratifiedGroupKFold_by_molecule,0.9667966315939397,0.9521062422450763,0.1940928270042194,nan
musk1_group_trainnoise0.05,UCI id=74 cached official retrieval; molecule_name group split,73,0.99,release_3,matched_kmeans,random_forest,476,166,2,95,2.5157894736842104,2.0,1,8,24,0.5684210526315789,0.9473684210526315,2.9519051143136164,3.6812676297963067,0.927092731829574,1.0,1.0,1.0,musk1,0.05,StratifiedGroupKFold_by_molecule,0.9744877067421531,0.9714771980225148,0.5232067510548524,nan
musk1_group_trainnoise0.05,UCI id=74 cached official retrieval; molecule_name group split,314,0.7,release_1,granular_ball,logistic,476,166,2,15,15.866666666666667,10.0,3,78,0,0.0,0.3333333333333333,7.05420961541635,7.129989317081759,0.8875713175713178,0.9,0.8,1.0,musk1,0.05,StratifiedGroupKFold_by_molecule,0.599763434785679,0.565020834665384,0.02100840336134454,nan
musk1_group_trainnoise0.05,UCI id=74 cached official retrieval; molecule_name group split,314,0.7,release_1,granular_ball,random_forest,476,166,2,15,15.866666666666667,10.0,3,78,0,0.0,0.3333333333333333,7.05420961541635,7.129989317081759,0.8875713175713178,0.9,0.8,1.0,musk1,0.05,StratifiedGroupKFold_by_molecule,0.7077978250123579,0.6782960631531247,0.03361344537815126,nan
musk1_group_trainnoise0.05,UCI id=74 cached official retrieval; molecule_name group split,314,0.7,release_1,matched_kmeans,logistic,476,166,2,15,15.866666666666667,15.0,2,44,0,0.06666666666666667,0.2,6.810741680409982,6.974965785459233,0.7877137674504315,0.8,0.6628787878787878,0.8848684210526316,musk1,0.05,StratifiedGroupKFold_by_molecule,0.6472530188546006,0.6598906699010161,0.09243697478991597,nan
musk1_group_trainnoise0.05,UCI id=74 cached official retrieval; molecule_name group split,314,0.7,release_1,matched_kmeans,random_forest,476,166,2,15,15.866666666666667,15.0,2,44,0,0.06666666666666667,0.2,6.810741680409982,6.974965785459233,0.7877137674504315,0.8,0.6628787878787878,0.8848684210526316,musk1,0.05,StratifiedGroupKFold_by_molecule,0.6341624885248217,0.6175363205648596,0.06302521008403361,nan
musk1_group_trainnoise0.05,UCI id=74 cached official retrieval; molecule_name group split,314,0.7,release_2,granular_ball,logistic,476,166,2,15,15.866666666666667,10.0,3,78,0,0.0,0.3333333333333333,7.05420961541635,7.129989317081759,0.8875713175713178,0.9,0.8,1.0,musk1,0.05,StratifiedGroupKFold_by_molecule,0.6247616693736318,0.5800531791838858,0.012605042016806723,nan
musk1_group_trainnoise0.05,UCI id=74 cached official retrieval; molecule_name group split,314,0.7,release_2,granular_ball,random_forest,476,166,2,15,15.866666666666667,10.0,3,78,0,0.0,0.3333333333333333,7.05420961541635,7.129989317081759,0.8875713175713178,0.9,0.8,1.0,musk1,0.05,StratifiedGroupKFold_by_molecule,0.7530718169620789,0.7455398191506064,0.09243697478991597,nan
musk1_group_trainnoise0.05,UCI id=74 cached official retrieval; molecule_name group split,314,0.7,release_2,matched_kmeans,logistic,476,166,2,15,15.866666666666667,15.0,2,44,0,0.06666666666666667,0.2,6.810741680409982,6.974965785459233,0.7877137674504315,0.8,0.6628787878787878,0.8848684210526316,musk1,0.05,StratifiedGroupKFold_by_molecule,0.6636536967728268,0.6843159992966095,0.10084033613445378,nan
musk1_group_trainnoise0.05,UCI id=74 cached official retrieval; molecule_name group split,314,0.7,release_2,matched_kmeans,random_forest,476,166,2,15,15.866666666666667,15.0,2,44,0,0.06666666666666667,0.2,6.810741680409982,6.974965785459233,0.7877137674504315,0.8,0.6628787878787878,0.8848684210526316,musk1,0.05,StratifiedGroupKFold_by_molecule,0.6750141232963773,0.6914158089208128,0.08823529411764706,nan
musk1_group_trainnoise0.05,UCI id=74 cached official retrieval; molecule_name group split,314,0.7,release_3,granular_ball,logistic,476,166,2,15,15.866666666666667,10.0,3,78,0,0.0,0.3333333333333333,7.05420961541635,7.129989317081759,0.8875713175713178,0.9,0.8,1.0,musk1,0.05,StratifiedGroupKFold_by_molecule,0.64241578984535,0.6068578814796882,0.0,nan
musk1_group_trainnoise0.05,UCI id=74 cached official retrieval; molecule_name group split,314,0.7,release_3,granular_ball,random_forest,476,166,2,15,15.866666666666667,10.0,3,78,0,0.0,0.3333333333333333,7.05420961541635,7.129989317081759,0.8875713175713178,0.9,0.8,1.0,musk1,0.05,StratifiedGroupKFold_by_molecule,0.765712167219829,0.7606562228409711,0.13865546218487396,nan
musk1_group_trainnoise0.05,UCI id=74 cached official retrieval; molecule_name group split,314,0.7,release_3,matched_kmeans,logistic,476,166,2,15,15.866666666666667,15.0,2,44,0,0.06666666666666667,0.2,6.810741680409982,6.974965785459233,0.7877137674504315,0.8,0.6628787878787878,0.8848684210526316,musk1,0.05,StratifiedGroupKFold_by_molecule,0.6658251535908482,0.6964496644317342,0.08403361344537816,nan
musk1_group_trainnoise0.05,UCI id=74 cached official retrieval; molecule_name group split,314,0.7,release_3,matched_kmeans,random_forest,476,166,2,15,15.866666666666667,15.0,2,44,0,0.06666666666666667,0.2,6.810741680409982,6.974965785459233,0.7877137674504315,0.8,0.6628787878787878,0.8848684210526316,musk1,0.05,StratifiedGroupKFold_by_molecule,0.674352093778688,0.7062591088348753,0.10504201680672269,nan
musk1_group_trainnoise0.05,UCI id=74 cached official retrieval; molecule_name group split,314,0.8,release_1,granular_ball,logistic,476,166,2,40,5.95,4.0,1,26,9,0.4,0.6,4.3291505068480145,4.366269848196696,0.9136428848928848,1.0,0.8474025974025974,1.0,musk1,0.05,StratifiedGroupKFold_by_molecule,0.7394251818374408,0.7416347799895191,0.09663865546218488,nan
musk1_group_trainnoise0.05,UCI id=74 cached official retrieval; molecule_name group split,314,0.8,release_1,granular_ball,random_forest,476,166,2,40,5.95,4.0,1,26,9,0.4,0.6,4.3291505068480145,4.366269848196696,0.9136428848928848,1.0,0.8474025974025974,1.0,musk1,0.05,StratifiedGroupKFold_by_molecule,0.7130675799731657,0.7380701726895958,0.19327731092436976,nan
musk1_group_trainnoise0.05,UCI id=74 cached official retrieval; molecule_name group split,314,0.8,release_1,matched_kmeans,logistic,476,166,2,40,5.95,5.0,1,19,3,0.275,0.6,4.960081876779308,5.437501267608274,0.8860429920956235,1.0,0.7708333333333334,1.0,musk1,0.05,StratifiedGroupKFold_by_molecule,0.8059635618953465,0.8130524995612444,0.21428571428571427,nan
musk1_group_trainnoise0.05,UCI id=74 cached official retrieval; molecule_name group split,314,0.8,release_1,matched_kmeans,random_forest,476,166,2,40,5.95,5.0,1,19,3,0.275,0.6,4.960081876779308,5.437501267608274,0.8860429920956235,1.0,0.7708333333333334,1.0,musk1,0.05,StratifiedGroupKFold_by_molecule,0.76916354777205,0.7724528599862388,0.22268907563025211,nan
musk1_group_trainnoise0.05,UCI id=74 cached official retrieval; molecule_name group split,314,0.8,release_2,granular_ball,logistic,476,166,2,40,5.95,4.0,1,26,9,0.4,0.6,4.3291505068480145,4.366269848196696,0.9136428848928848,1.0,0.8474025974025974,1.0,musk1,0.05,StratifiedGroupKFold_by_molecule,0.7417555257397076,0.7335900547064444,0.09663865546218488,nan
musk1_group_trainnoise0.05,UCI id=74 cached official retrieval; molecule_name group split,314,0.8,release_2,granular_ball,random_forest,476,166,2,40,5.95,4.0,1,26,9,0.4,0.6,4.3291505068480145,4.366269848196696,0.9136428848928848,1.0,0.8474025974025974,1.0,musk1,0.05,StratifiedGroupKFold_by_molecule,0.7828190099569239,0.791879925647416,0.20168067226890757,nan
musk1_group_trainnoise0.05,UCI id=74 cached official retrieval; molecule_name group split,314,0.8,release_2,matched_kmeans,logistic,476,166,2,40,5.95,5.0,1,19,3,0.275,0.6,4.960081876779308,5.437501267608274,0.8860429920956235,1.0,0.7708333333333334,1.0,musk1,0.05,StratifiedGroupKFold_by_molecule,0.815002471576866,0.8154436187424836,0.20168067226890757,nan
musk1_group_trainnoise0.05,UCI id=74 cached official retrieval; molecule_name group split,314,0.8,release_2,matched_kmeans,random_forest,476,166,2,40,5.95,5.0,1,19,3,0.275,0.6,4.960081876779308,5.437501267608274,0.8860429920956235,1.0,0.7708333333333334,1.0,musk1,0.05,StratifiedGroupKFold_by_molecule,0.8020973095120401,0.8092251743620305,0.23109243697478993,nan
musk1_group_trainnoise0.05,UCI id=74 cached official retrieval; molecule_name group split,314,0.8,release_3,granular_ball,logistic,476,166,2,40,5.95,4.0,1,26,9,0.4,0.6,4.3291505068480145,4.366269848196696,0.9136428848928848,1.0,0.8474025974025974,1.0,musk1,0.05,StratifiedGroupKFold_by_molecule,0.7465397923875432,0.7426839144137407,0.12184873949579832,nan
musk1_group_trainnoise0.05,UCI id=74 cached official retrieval; molecule_name group split,314,0.8,release_3,granular_ball,random_forest,476,166,2,40,5.95,4.0,1,26,9,0.4,0.6,4.3291505068480145,4.366269848196696,0.9136428848928848,1.0,0.8474025974025974,1.0,musk1,0.05,StratifiedGroupKFold_by_molecule,0.8069168844008192,0.8173145330376053,0.2184873949579832,nan
musk1_group_trainnoise0.05,UCI id=74 cached official retrieval; molecule_name group split,314,0.8,release_3,matched_kmeans,logistic,476,166,2,40,5.95,5.0,1,19,3,0.275,0.6,4.960081876779308,5.437501267608274,0.8860429920956235,1.0,0.7708333333333334,1.0,musk1,0.05,StratifiedGroupKFold_by_molecule,0.8107125203022386,0.8055632291951478,0.18907563025210083,nan
musk1_group_trainnoise0.05,UCI id=74 cached official retrieval; molecule_name group split,314,0.8,release_3,matched_kmeans,random_forest,476,166,2,40,5.95,5.0,1,19,3,0.275,0.6,4.960081876779308,5.437501267608274,0.8860429920956235,1.0,0.7708333333333334,1.0,musk1,0.05,StratifiedGroupKFold_by_molecule,0.8148612386130922,0.8119726039491588,0.18907563025210083,nan
musk1_group_trainnoise0.05,UCI id=74 cached official retrieval; molecule_name group split,314,0.9,release_1,granular_ball,logistic,476,166,2,80,2.975,2.0,1,12,23,0.625,0.875,2.982806955441967,3.342140285589907,0.9227083333333332,1.0,1.0,1.0,musk1,0.05,StratifiedGroupKFold_by_molecule,0.8932455335075206,0.8997913996814193,0.3067226890756303,nan
musk1_group_trainnoise0.05,UCI id=74 cached official retrieval; molecule_name group split,314,0.9,release_1,granular_ball,random_forest,476,166,2,80,2.975,2.0,1,12,23,0.625,0.875,2.982806955441967,3.342140285589907,0.9227083333333332,1.0,1.0,1.0,musk1,0.05,StratifiedGroupKFold_by_molecule,0.882132264670574,0.8865897225548581,0.226890756302521,nan
musk1_group_trainnoise0.05,UCI id=74 cached official retrieval; molecule_name group split,314,0.9,release_1,matched_kmeans,logistic,476,166,2,80,2.975,3.0,1,11,16,0.4875,0.9125,3.3677531872303077,3.967492272968365,0.939795725108225,1.0,1.0,1.0,musk1,0.05,StratifiedGroupKFold_by_molecule,0.9360567756514371,0.9305260756797977,0.28991596638655465,nan
musk1_group_trainnoise0.05,UCI id=74 cached official retrieval; molecule_name group split,314,0.9,release_1,matched_kmeans,random_forest,476,166,2,80,2.975,3.0,1,11,16,0.4875,0.9125,3.3677531872303077,3.967492272968365,0.939795725108225,1.0,1.0,1.0,musk1,0.05,StratifiedGroupKFold_by_molecule,0.914271590989337,0.8918004782879447,0.08823529411764706,nan
musk1_group_trainnoise0.05,UCI id=74 cached official retrieval; molecule_name group split,314,0.9,release_2,granular_ball,logistic,476,166,2,80,2.975,2.0,1,12,23,0.625,0.875,2.982806955441967,3.342140285589907,0.9227083333333332,1.0,1.0,1.0,musk1,0.05,StratifiedGroupKFold_by_molecule,0.9063448908975354,0.9067804487625337,0.23529411764705882,nan
musk1_group_trainnoise0.05,UCI id=74 cached official retrieval; molecule_name group split,314,0.9,release_2,granular_ball,random_forest,476,166,2,80,2.975,2.0,1,12,23,0.625,0.875,2.982806955441967,3.342140285589907,0.9227083333333332,1.0,1.0,1.0,musk1,0.05,StratifiedGroupKFold_by_molecule,0.9192500529623614,0.9210289337334,0.46638655462184875,nan
musk1_group_trainnoise0.05,UCI id=74 cached official retrieval; molecule_name group split,314,0.9,release_2,matched_kmeans,logistic,476,166,2,80,2.975,3.0,1,11,16,0.4875,0.9125,3.3677531872303077,3.967492272968365,0.939795725108225,1.0,1.0,1.0,musk1,0.05,StratifiedGroupKFold_by_molecule,0.943136077960596,0.9324808051070471,0.3067226890756303,nan
musk1_group_trainnoise0.05,UCI id=74 cached official retrieval; molecule_name group split,314,0.9,release_2,matched_kmeans,random_forest,476,166,2,80,2.975,3.0,1,11,16,0.4875,0.9125,3.3677531872303077,3.967492272968365,0.939795725108225,1.0,1.0,1.0,musk1,0.05,StratifiedGroupKFold_by_molecule,0.9355977685191723,0.9118403630998239,0.19327731092436976,nan
musk1_group_trainnoise0.05,UCI id=74 cached official retrieval; molecule_name group split,314,0.9,release_3,granular_ball,logistic,476,166,2,80,2.975,2.0,1,12,23,0.625,0.875,2.982806955441967,3.342140285589907,0.9227083333333332,1.0,1.0,1.0,musk1,0.05,StratifiedGroupKFold_by_molecule,0.909946331473766,0.9116262921215738,0.3025210084033613,nan
musk1_group_trainnoise0.05,UCI id=74 cached official retrieval; molecule_name group split,314,0.9,release_3,granular_ball,random_forest,476,166,2,80,2.975,2.0,1,12,23,0.625,0.875,2.982806955441967,3.342140285589907,0.9227083333333332,1.0,1.0,1.0,musk1,0.05,StratifiedGroupKFold_by_molecule,0.926161641127039,0.9326111344610216,0.4789915966386555,nan
musk1_group_trainnoise0.05,UCI id=74 cached official retrieval; molecule_name group split,314,0.9,release_3,matched_kmeans,logistic,476,166,2,80,2.975,3.0,1,11,16,0.4875,0.9125,3.3677531872303077,3.967492272968365,0.939795725108225,1.0,1.0,1.0,musk1,0.05,StratifiedGroupKFold_by_molecule,0.9404526516488949,0.928614564272754,0.31932773109243695,nan
musk1_group_trainnoise0.05,UCI id=74 cached official retrieval; molecule_name group split,314,0.9,release_3,matched_kmeans,random_forest,476,166,2,80,2.975,3.0,1,11,16,0.4875,0.9125,3.3677531872303077,3.967492272968365,0.939795725108225,1.0,1.0,1.0,musk1,0.05,StratifiedGroupKFold_by_molecule,0.9377427441564862,0.913462864021732,0.16806722689075632,nan
musk1_group_trainnoise0.05,UCI id=74 cached official retrieval; molecule_name group split,314,0.95,release_1,granular_ball,logistic,476,166,2,87,2.735632183908046,2.0,1,10,25,0.632183908045977,0.9080459770114943,2.919248153185133,3.3835747039516013,0.9195402298850575,1.0,1.0,1.0,musk1,0.05,StratifiedGroupKFold_by_molecule,0.9212979309370808,0.9265792406099435,0.35294117647058826,nan
musk1_group_trainnoise0.05,UCI id=74 cached official retrieval; molecule_name group split,314,0.95,release_1,granular_ball,random_forest,476,166,2,87,2.735632183908046,2.0,1,10,25,0.632183908045977,0.9080459770114943,2.919248153185133,3.3835747039516013,0.9195402298850575,1.0,1.0,1.0,musk1,0.05,StratifiedGroupKFold_by_molecule,0.9014193912859261,0.8961605949913118,0.21428571428571427,nan
musk1_group_trainnoise0.05,UCI id=74 cached official retrieval; molecule_name group split,314,0.95,release_1,matched_kmeans,logistic,476,166,2,87,2.735632183908046,2.0,1,11,19,0.5517241379310345,0.9195402298850575,3.124898789509893,3.6483900334856667,0.9409177986764193,1.0,1.0,1.0,musk1,0.05,StratifiedGroupKFold_by_molecule,0.943012499117294,0.9364591644409211,0.3067226890756303,nan
musk1_group_trainnoise0.05,UCI id=74 cached official retrieval; molecule_name group split,314,0.95,release_1,matched_kmeans,random_forest,476,166,2,87,2.735632183908046,2.0,1,11,19,0.5517241379310345,0.9195402298850575,3.124898789509893,3.6483900334856667,0.9409177986764193,1.0,1.0,1.0,musk1,0.05,StratifiedGroupKFold_by_molecule,0.9293570369324199,0.916463119442122,0.3025210084033613,nan
musk1_group_trainnoise0.05,UCI id=74 cached official retrieval; molecule_name group split,314,0.95,release_2,granular_ball,logistic,476,166,2,87,2.735632183908046,2.0,1,10,25,0.632183908045977,0.9080459770114943,2.919248153185133,3.3835747039516013,0.9195402298850575,1.0,1.0,1.0,musk1,0.05,StratifiedGroupKFold_by_molecule,0.9337264317491702,0.9338932439359652,0.29831932773109243,nan
musk1_group_trainnoise0.05,UCI id=74 cached official retrieval; molecule_name group split,314,0.95,release_2,granular_ball,random_forest,476,166,2,87,2.735632183908046,2.0,1,10,25,0.632183908045977,0.9080459770114943,2.919248153185133,3.3835747039516013,0.9195402298850575,1.0,1.0,1.0,musk1,0.05,StratifiedGroupKFold_by_molecule,0.9411411623472917,0.9459639218896851,0.6218487394957983,nan
musk1_group_trainnoise0.05,UCI id=74 cached official retrieval; molecule_name group split,314,0.95,release_2,matched_kmeans,logistic,476,166,2,87,2.735632183908046,2.0,1,11,19,0.5517241379310345,0.9195402298850575,3.124898789509893,3.6483900334856667,0.9409177986764193,1.0,1.0,1.0,musk1,0.05,StratifiedGroupKFold_by_molecule,0.9522279500035309,0.9429088321405235,0.3319327731092437,nan
musk1_group_trainnoise0.05,UCI id=74 cached official retrieval; molecule_name group split,314,0.95,release_2,matched_kmeans,random_forest,476,166,2,87,2.735632183908046,2.0,1,11,19,0.5517241379310345,0.9195402298850575,3.124898789509893,3.6483900334856667,0.9409177986764193,1.0,1.0,1.0,musk1,0.05,StratifiedGroupKFold_by_molecule,0.9496857566556033,0.9375253684510345,0.2857142857142857,nan
musk1_group_trainnoise0.05,UCI id=74 cached official retrieval; molecule_name group split,314,0.95,release_3,granular_ball,logistic,476,166,2,87,2.735632183908046,2.0,1,10,25,0.632183908045977,0.9080459770114943,2.919248153185133,3.3835747039516013,0.9195402298850575,1.0,1.0,1.0,musk1,0.05,StratifiedGroupKFold_by_molecule,0.935491843796342,0.9362919003551012,0.3235294117647059,nan
musk1_group_trainnoise0.05,UCI id=74 cached official retrieval; molecule_name group split,314,0.95,release_3,granular_ball,random_forest,476,166,2,87,2.735632183908046,2.0,1,10,25,0.632183908045977,0.9080459770114943,2.919248153185133,3.3835747039516013,0.9195402298850575,1.0,1.0,1.0,musk1,0.05,StratifiedGroupKFold_by_molecule,0.9454311136219193,0.9486449941540078,0.5378151260504201,nan
musk1_group_trainnoise0.05,UCI id=74 cached official retrieval; molecule_name group split,314,0.95,release_3,matched_kmeans,logistic,476,166,2,87,2.735632183908046,2.0,1,11,19,0.5517241379310345,0.9195402298850575,3.124898789509893,3.6483900334856667,0.9409177986764193,1.0,1.0,1.0,musk1,0.05,StratifiedGroupKFold_by_molecule,0.9491384789209802,0.9393124285256075,0.3445378151260504,nan
musk1_group_trainnoise0.05,UCI id=74 cached official retrieval; molecule_name group split,314,0.95,release_3,matched_kmeans,random_forest,476,166,2,87,2.735632183908046,2.0,1,11,19,0.5517241379310345,0.9195402298850575,3.124898789509893,3.6483900334856667,0.9409177986764193,1.0,1.0,1.0,musk1,0.05,StratifiedGroupKFold_by_molecule,0.9521131982204647,0.933595871363127,0.19327731092436976,nan
musk1_group_trainnoise0.05,UCI id=74 cached official retrieval; molecule_name group split,314,0.99,release_1,granular_ball,logistic,476,166,2,87,2.735632183908046,2.0,1,10,25,0.632183908045977,0.9080459770114943,2.919248153185133,3.3835747039516013,0.9195402298850575,1.0,1.0,1.0,musk1,0.05,StratifiedGroupKFold_by_molecule,0.9212979309370808,0.9265792406099435,0.35294117647058826,nan
musk1_group_trainnoise0.05,UCI id=74 cached official retrieval; molecule_name group split,314,0.99,release_1,granular_ball,random_forest,476,166,2,87,2.735632183908046,2.0,1,10,25,0.632183908045977,0.9080459770114943,2.919248153185133,3.3835747039516013,0.9195402298850575,1.0,1.0,1.0,musk1,0.05,StratifiedGroupKFold_by_molecule,0.9014193912859261,0.8961605949913118,0.21428571428571427,nan
musk1_group_trainnoise0.05,UCI id=74 cached official retrieval; molecule_name group split,314,0.99,release_1,matched_kmeans,logistic,476,166,2,87,2.735632183908046,2.0,1,11,19,0.5517241379310345,0.9195402298850575,3.124898789509893,3.6483900334856667,0.9409177986764193,1.0,1.0,1.0,musk1,0.05,StratifiedGroupKFold_by_molecule,0.943012499117294,0.9364591644409211,0.3067226890756303,nan
musk1_group_trainnoise0.05,UCI id=74 cached official retrieval; molecule_name group split,314,0.99,release_1,matched_kmeans,random_forest,476,166,2,87,2.735632183908046,2.0,1,11,19,0.5517241379310345,0.9195402298850575,3.124898789509893,3.6483900334856667,0.9409177986764193,1.0,1.0,1.0,musk1,0.05,StratifiedGroupKFold_by_molecule,0.9293570369324199,0.916463119442122,0.3025210084033613,nan
musk1_group_trainnoise0.05,UCI id=74 cached official retrieval; molecule_name group split,314,0.99,release_2,granular_ball,logistic,476,166,2,87,2.735632183908046,2.0,1,10,25,0.632183908045977,0.9080459770114943,2.919248153185133,3.3835747039516013,0.9195402298850575,1.0,1.0,1.0,musk1,0.05,StratifiedGroupKFold_by_molecule,0.9337264317491702,0.9338932439359652,0.29831932773109243,nan
musk1_group_trainnoise0.05,UCI id=74 cached official retrieval; molecule_name group split,314,0.99,release_2,granular_ball,random_forest,476,166,2,87,2.735632183908046,2.0,1,10,25,0.632183908045977,0.9080459770114943,2.919248153185133,3.3835747039516013,0.9195402298850575,1.0,1.0,1.0,musk1,0.05,StratifiedGroupKFold_by_molecule,0.9411411623472917,0.9459639218896851,0.6218487394957983,nan
musk1_group_trainnoise0.05,UCI id=74 cached official retrieval; molecule_name group split,314,0.99,release_2,matched_kmeans,logistic,476,166,2,87,2.735632183908046,2.0,1,11,19,0.5517241379310345,0.9195402298850575,3.124898789509893,3.6483900334856667,0.9409177986764193,1.0,1.0,1.0,musk1,0.05,StratifiedGroupKFold_by_molecule,0.9522279500035309,0.9429088321405235,0.3319327731092437,nan
musk1_group_trainnoise0.05,UCI id=74 cached official retrieval; molecule_name group split,314,0.99,release_2,matched_kmeans,random_forest,476,166,2,87,2.735632183908046,2.0,1,11,19,0.5517241379310345,0.9195402298850575,3.124898789509893,3.6483900334856667,0.9409177986764193,1.0,1.0,1.0,musk1,0.05,StratifiedGroupKFold_by_molecule,0.9496857566556033,0.9375253684510345,0.2857142857142857,nan
musk1_group_trainnoise0.05,UCI id=74 cached official retrieval; molecule_name group split,314,0.99,release_3,granular_ball,logistic,476,166,2,87,2.735632183908046,2.0,1,10,25,0.632183908045977,0.9080459770114943,2.919248153185133,3.3835747039516013,0.9195402298850575,1.0,1.0,1.0,musk1,0.05,StratifiedGroupKFold_by_molecule,0.935491843796342,0.9362919003551012,0.3235294117647059,nan
musk1_group_trainnoise0.05,UCI id=74 cached official retrieval; molecule_name group split,314,0.99,release_3,granular_ball,random_forest,476,166,2,87,2.735632183908046,2.0,1,10,25,0.632183908045977,0.9080459770114943,2.919248153185133,3.3835747039516013,0.9195402298850575,1.0,1.0,1.0,musk1,0.05,StratifiedGroupKFold_by_molecule,0.9454311136219193,0.9486449941540078,0.5378151260504201,nan
musk1_group_trainnoise0.05,UCI id=74 cached official retrieval; molecule_name group split,314,0.99,release_3,matched_kmeans,logistic,476,166,2,87,2.735632183908046,2.0,1,11,19,0.5517241379310345,0.9195402298850575,3.124898789509893,3.6483900334856667,0.9409177986764193,1.0,1.0,1.0,musk1,0.05,StratifiedGroupKFold_by_molecule,0.9491384789209802,0.9393124285256075,0.3445378151260504,nan
musk1_group_trainnoise0.05,UCI id=74 cached official retrieval; molecule_name group split,314,0.99,release_3,matched_kmeans,random_forest,476,166,2,87,2.735632183908046,2.0,1,11,19,0.5517241379310345,0.9195402298850575,3.124898789509893,3.6483900334856667,0.9409177986764193,1.0,1.0,1.0,musk1,0.05,StratifiedGroupKFold_by_molecule,0.9521131982204647,0.933595871363127,0.19327731092436976,nan
musk1_group_trainnoise0.05,UCI id=74 cached official retrieval; molecule_name group split,808,0.7,release_1,granular_ball,logistic,476,166,2,35,6.828571428571428,5.0,1,29,5,0.2857142857142857,0.5142857142857142,5.069439396887815,5.960078535972227,0.8950762373915083,1.0,0.7928571428571429,1.0,musk1,0.05,StratifiedGroupKFold_by_molecule,0.77713685484876,0.7702118694689716,0.10126582278481013,nan
musk1_group_trainnoise0.05,UCI id=74 cached official retrieval; molecule_name group split,808,0.7,release_1,granular_ball,random_forest,476,166,2,35,6.828571428571428,5.0,1,29,5,0.2857142857142857,0.5142857142857142,5.069439396887815,5.960078535972227,0.8950762373915083,1.0,0.7928571428571429,1.0,musk1,0.05,StratifiedGroupKFold_by_molecule,0.7552831633107231,0.7517698632136607,0.08860759493670886,nan
musk1_group_trainnoise0.05,UCI id=74 cached official retrieval; molecule_name group split,808,0.7,release_1,matched_kmeans,logistic,476,166,2,35,6.828571428571428,6.0,1,17,1,0.14285714285714285,0.42857142857142855,5.56024415617941,5.847430336144716,0.8986277541319558,1.0,0.8285714285714285,1.0,musk1,0.05,StratifiedGroupKFold_by_molecule,0.8038241734764728,0.7875844957134455,0.0759493670886076,nan
musk1_group_trainnoise0.05,UCI id=74 cached official retrieval; molecule_name group split,808,0.7,release_1,matched_kmeans,random_forest,476,166,2,35,6.828571428571428,6.0,1,17,1,0.14285714285714285,0.42857142857142855,5.56024415617941,5.847430336144716,0.8986277541319558,1.0,0.8285714285714285,1.0,musk1,0.05,StratifiedGroupKFold_by_molecule,0.7986433798002457,0.7960044905865676,0.1518987341772152,nan
musk1_group_trainnoise0.05,UCI id=74 cached official retrieval; molecule_name group split,808,0.7,release_2,granular_ball,logistic,476,166,2,35,6.828571428571428,5.0,1,29,5,0.2857142857142857,0.5142857142857142,5.069439396887815,5.960078535972227,0.8950762373915083,1.0,0.7928571428571429,1.0,musk1,0.05,StratifiedGroupKFold_by_molecule,0.7735761719097722,0.755582911728027,0.05063291139240506,nan
musk1_group_trainnoise0.05,UCI id=74 cached official retrieval; molecule_name group split,808,0.7,release_2,granular_ball,random_forest,476,166,2,35,6.828571428571428,5.0,1,29,5,0.2857142857142857,0.5142857142857142,5.069439396887815,5.960078535972227,0.8950762373915083,1.0,0.7928571428571429,1.0,musk1,0.05,StratifiedGroupKFold_by_molecule,0.8009934305399776,0.7945842228444638,0.1350210970464135,nan
musk1_group_trainnoise0.05,UCI id=74 cached official retrieval; molecule_name group split,808,0.7,release_2,matched_kmeans,logistic,476,166,2,35,6.828571428571428,6.0,1,17,1,0.14285714285714285,0.42857142857142855,5.56024415617941,5.847430336144716,0.8986277541319558,1.0,0.8285714285714285,1.0,musk1,0.05,StratifiedGroupKFold_by_molecule,0.8056935320194413,0.7675026111754828,0.06329113924050633,nan
musk1_group_trainnoise0.05,UCI id=74 cached official retrieval; molecule_name group split,808,0.7,release_2,matched_kmeans,random_forest,476,166,2,35,6.828571428571428,6.0,1,17,1,0.14285714285714285,0.42857142857142855,5.56024415617941,5.847430336144716,0.8986277541319558,1.0,0.8285714285714285,1.0,musk1,0.05,StratifiedGroupKFold_by_molecule,0.836324307002083,0.8308176426775251,0.1350210970464135,nan
musk1_group_trainnoise0.05,UCI id=74 cached official retrieval; molecule_name group split,808,0.7,release_3,granular_ball,logistic,476,166,2,35,6.828571428571428,5.0,1,29,5,0.2857142857142857,0.5142857142857142,5.069439396887815,5.960078535972227,0.8950762373915083,1.0,0.7928571428571429,1.0,musk1,0.05,StratifiedGroupKFold_by_molecule,0.7767985899695562,0.7781530305219839,0.0759493670886076,nan
musk1_group_trainnoise0.05,UCI id=74 cached official retrieval; molecule_name group split,808,0.7,release_3,granular_ball,random_forest,476,166,2,35,6.828571428571428,5.0,1,29,5,0.2857142857142857,0.5142857142857142,5.069439396887815,5.960078535972227,0.8950762373915083,1.0,0.7928571428571429,1.0,musk1,0.05,StratifiedGroupKFold_by_molecule,0.8332176111378162,0.8251520570754493,0.11392405063291139,nan
musk1_group_trainnoise0.05,UCI id=74 cached official retrieval; molecule_name group split,808,0.7,release_3,matched_kmeans,logistic,476,166,2,35,6.828571428571428,6.0,1,17,1,0.14285714285714285,0.42857142857142855,5.56024415617941,5.847430336144716,0.8986277541319558,1.0,0.8285714285714285,1.0,musk1,0.05,StratifiedGroupKFold_by_molecule,0.8093788388612936,0.7750628520639047,0.046413502109704644,nan
musk1_group_trainnoise0.05,UCI id=74 cached official retrieval; molecule_name group split,808,0.7,release_3,matched_kmeans,random_forest,476,166,2,35,6.828571428571428,6.0,1,17,1,0.14285714285714285,0.42857142857142855,5.56024415617941,5.847430336144716,0.8986277541319558,1.0,0.8285714285714285,1.0,musk1,0.05,StratifiedGroupKFold_by_molecule,0.8503444960743469,0.834544945254765,0.1350210970464135,nan
musk1_group_trainnoise0.05,UCI id=74 cached official retrieval; molecule_name group split,808,0.8,release_1,granular_ball,logistic,476,166,2,58,4.120689655172414,2.0,1,15,12,0.5172413793103449,0.7758620689655172,3.7845636777262883,3.969256331075142,0.9478504254366322,1.0,1.0,1.0,musk1,0.05,StratifiedGroupKFold_by_molecule,0.8492940946073457,0.8596446098526347,0.24050632911392406,nan
musk1_group_trainnoise0.05,UCI id=74 cached official retrieval; molecule_name group split,808,0.8,release_1,granular_ball,random_forest,476,166,2,58,4.120689655172414,2.0,1,15,12,0.5172413793103449,0.7758620689655172,3.7845636777262883,3.969256331075142,0.9478504254366322,1.0,1.0,1.0,musk1,0.05,StratifiedGroupKFold_by_molecule,0.8422528440954976,0.8529397835334522,0.33755274261603374,nan
musk1_group_trainnoise0.05,UCI id=74 cached official retrieval; molecule_name group split,808,0.8,release_1,matched_kmeans,logistic,476,166,2,58,4.120689655172414,3.0,1,13,9,0.3103448275862069,0.7413793103448276,4.0818264711153205,4.552639892162405,0.9402108427970496,1.0,0.9318181818181818,1.0,musk1,0.05,StratifiedGroupKFold_by_molecule,0.8922715376809273,0.8886051200211275,0.25316455696202533,nan
musk1_group_trainnoise0.05,UCI id=74 cached official retrieval; molecule_name group split,808,0.8,release_1,matched_kmeans,random_forest,476,166,2,58,4.120689655172414,3.0,1,13,9,0.3103448275862069,0.7413793103448276,4.0818264711153205,4.552639892162405,0.9402108427970496,1.0,0.9318181818181818,1.0,musk1,0.05,StratifiedGroupKFold_by_molecule,0.881509373497837,0.8812880056697604,0.3037974683544304,nan
musk1_group_trainnoise0.05,UCI id=74 cached official retrieval; molecule_name group split,808,0.8,release_2,granular_ball,logistic,476,166,2,58,4.120689655172414,2.0,1,15,12,0.5172413793103449,0.7758620689655172,3.7845636777262883,3.969256331075142,0.9478504254366322,1.0,1.0,1.0,musk1,0.05,StratifiedGroupKFold_by_molecule,0.8565400843881857,0.8603613100555707,0.21518987341772153,nan
musk1_group_trainnoise0.05,UCI id=74 cached official retrieval; molecule_name group split,808,0.8,release_2,granular_ball,random_forest,476,166,2,58,4.120689655172414,2.0,1,15,12,0.5172413793103449,0.7758620689655172,3.7845636777262883,3.969256331075142,0.9478504254366322,1.0,1.0,1.0,musk1,0.05,StratifiedGroupKFold_by_molecule,0.8853104025352063,0.8862460243890729,0.189873417721519,nan
musk1_group_trainnoise0.05,UCI id=74 cached official retrieval; molecule_name group split,808,0.8,release_2,matched_kmeans,logistic,476,166,2,58,4.120689655172414,3.0,1,13,9,0.3103448275862069,0.7413793103448276,4.0818264711153205,4.552639892162405,0.9402108427970496,1.0,0.9318181818181818,1.0,musk1,0.05,StratifiedGroupKFold_by_molecule,0.9029891933272801,0.8761897816237867,0.18143459915611815,nan
musk1_group_trainnoise0.05,UCI id=74 cached official retrieval; molecule_name group split,808,0.8,release_2,matched_kmeans,random_forest,476,166,2,58,4.120689655172414,3.0,1,13,9,0.3103448275862069,0.7413793103448276,4.0818264711153205,4.552639892162405,0.9402108427970496,1.0,0.9318181818181818,1.0,musk1,0.05,StratifiedGroupKFold_by_molecule,0.9115170289661556,0.9047425645046432,0.23628691983122363,nan
musk1_group_trainnoise0.05,UCI id=74 cached official retrieval; molecule_name group split,808,0.8,release_3,granular_ball,logistic,476,166,2,58,4.120689655172414,2.0,1,15,12,0.5172413793103449,0.7758620689655172,3.7845636777262883,3.969256331075142,0.9478504254366322,1.0,1.0,1.0,musk1,0.05,StratifiedGroupKFold_by_molecule,0.8582136053695099,0.8664960909732446,0.25316455696202533,nan
musk1_group_trainnoise0.05,UCI id=74 cached official retrieval; molecule_name group split,808,0.8,release_3,granular_ball,random_forest,476,166,2,58,4.120689655172414,2.0,1,15,12,0.5172413793103449,0.7758620689655172,3.7845636777262883,3.969256331075142,0.9478504254366322,1.0,1.0,1.0,musk1,0.05,StratifiedGroupKFold_by_molecule,0.8941586996385906,0.9048794461454414,0.24472573839662448,nan
musk1_group_trainnoise0.05,UCI id=74 cached official retrieval; molecule_name group split,808,0.8,release_3,matched_kmeans,logistic,476,166,2,58,4.120689655172414,3.0,1,13,9,0.3103448275862069,0.7413793103448276,4.0818264711153205,4.552639892162405,0.9402108427970496,1.0,0.9318181818181818,1.0,musk1,0.05,StratifiedGroupKFold_by_molecule,0.9023126635688726,0.8798193505544145,0.21940928270042195,nan
musk1_group_trainnoise0.05,UCI id=74 cached official retrieval; molecule_name group split,808,0.8,release_3,matched_kmeans,random_forest,476,166,2,58,4.120689655172414,3.0,1,13,9,0.3103448275862069,0.7413793103448276,4.0818264711153205,4.552639892162405,0.9402108427970496,1.0,0.9318181818181818,1.0,musk1,0.05,StratifiedGroupKFold_by_molecule,0.9107336787195784,0.8988859290226153,0.3080168776371308,nan
musk1_group_trainnoise0.05,UCI id=74 cached official retrieval; molecule_name group split,808,0.9,release_1,granular_ball,logistic,476,166,2,81,2.950617283950617,2.0,1,15,28,0.654320987654321,0.9012345679012346,2.912373252805165,3.201046157855253,0.9638838527727415,1.0,1.0,1.0,musk1,0.05,StratifiedGroupKFold_by_molecule,0.9092916021292885,0.9131583788586581,0.3881856540084388,nan
musk1_group_trainnoise0.05,UCI id=74 cached official retrieval; molecule_name group split,808,0.9,release_1,granular_ball,random_forest,476,166,2,81,2.950617283950617,2.0,1,15,28,0.654320987654321,0.9012345679012346,2.912373252805165,3.201046157855253,0.9638838527727415,1.0,1.0,1.0,musk1,0.05,StratifiedGroupKFold_by_molecule,0.909683277252577,0.9120857043668363,0.4177215189873418,nan
musk1_group_trainnoise0.05,UCI id=74 cached official retrieval; molecule_name group split,808,0.9,release_1,matched_kmeans,logistic,476,166,2,81,2.950617283950617,2.0,1,9,23,0.5308641975308642,0.8765432098765432,3.0010305057412676,3.676287953157461,0.9634822653341172,1.0,1.0,1.0,musk1,0.05,StratifiedGroupKFold_by_molecule,0.931082981715893,0.9310761863110888,0.45569620253164556,nan
musk1_group_trainnoise0.05,UCI id=74 cached official retrieval; molecule_name group split,808,0.9,release_1,matched_kmeans,random_forest,476,166,2,81,2.950617283950617,2.0,1,9,23,0.5308641975308642,0.8765432098765432,3.0010305057412676,3.676287953157461,0.9634822653341172,1.0,1.0,1.0,musk1,0.05,StratifiedGroupKFold_by_molecule,0.918086488988588,0.900880687981734,0.15611814345991562,nan
musk1_group_trainnoise0.05,UCI id=74 cached official retrieval; molecule_name group split,808,0.9,release_2,granular_ball,logistic,476,166,2,81,2.950617283950617,2.0,1,15,28,0.654320987654321,0.9012345679012346,2.912373252805165,3.201046157855253,0.9638838527727415,1.0,1.0,1.0,musk1,0.05,StratifiedGroupKFold_by_molecule,0.9263650768217344,0.9259432701754264,0.4092827004219409,nan
musk1_group_trainnoise0.05,UCI id=74 cached official retrieval; molecule_name group split,808,0.9,release_2,granular_ball,random_forest,476,166,2,81,2.950617283950617,2.0,1,15,28,0.654320987654321,0.9012345679012346,2.912373252805165,3.201046157855253,0.9638838527727415,1.0,1.0,1.0,musk1,0.05,StratifiedGroupKFold_by_molecule,0.9412042229699658,0.9453125305002334,0.4430379746835443,nan
musk1_group_trainnoise0.05,UCI id=74 cached official retrieval; molecule_name group split,808,0.9,release_2,matched_kmeans,logistic,476,166,2,81,2.950617283950617,2.0,1,9,23,0.5308641975308642,0.8765432098765432,3.0010305057412676,3.676287953157461,0.9634822653341172,1.0,1.0,1.0,musk1,0.05,StratifiedGroupKFold_by_molecule,0.9465363456710998,0.9384641336713911,0.41350210970464135,nan
musk1_group_trainnoise0.05,UCI id=74 cached official retrieval; molecule_name group split,808,0.9,release_2,matched_kmeans,random_forest,476,166,2,81,2.950617283950617,2.0,1,9,23,0.5308641975308642,0.8765432098765432,3.0010305057412676,3.676287953157461,0.9634822653341172,1.0,1.0,1.0,musk1,0.05,StratifiedGroupKFold_by_molecule,0.9453257134718439,0.932455043177645,0.22362869198312235,nan
musk1_group_trainnoise0.05,UCI id=74 cached official retrieval; molecule_name group split,808,0.9,release_3,granular_ball,logistic,476,166,2,81,2.950617283950617,2.0,1,15,28,0.654320987654321,0.9012345679012346,2.912373252805165,3.201046157855253,0.9638838527727415,1.0,1.0,1.0,musk1,0.05,StratifiedGroupKFold_by_molecule,0.9263294699923446,0.9257993358482275,0.3755274261603376,nan
musk1_group_trainnoise0.05,UCI id=74 cached official retrieval; molecule_name group split,808,0.9,release_3,granular_ball,random_forest,476,166,2,81,2.950617283950617,2.0,1,15,28,0.654320987654321,0.9012345679012346,2.912373252805165,3.201046157855253,0.9638838527727415,1.0,1.0,1.0,musk1,0.05,StratifiedGroupKFold_by_molecule,0.941230928092008,0.9441383701992146,0.48945147679324896,nan
musk1_group_trainnoise0.05,UCI id=74 cached official retrieval; molecule_name group split,808,0.9,release_3,matched_kmeans,logistic,476,166,2,81,2.950617283950617,2.0,1,9,23,0.5308641975308642,0.8765432098765432,3.0010305057412676,3.676287953157461,0.9634822653341172,1.0,1.0,1.0,musk1,0.05,StratifiedGroupKFold_by_molecule,0.9469636276237783,0.9396261524741998,0.2869198312236287,nan
musk1_group_trainnoise0.05,UCI id=74 cached official retrieval; molecule_name group split,808,0.9,release_3,matched_kmeans,random_forest,476,166,2,81,2.950617283950617,2.0,1,9,23,0.5308641975308642,0.8765432098765432,3.0010305057412676,3.676287953157461,0.9634822653341172,1.0,1.0,1.0,musk1,0.05,StratifiedGroupKFold_by_molecule,0.9425928893161708,0.9301689954480084,0.21940928270042195,nan
musk1_group_trainnoise0.05,UCI id=74 cached official retrieval; molecule_name group split,808,0.95,release_1,granular_ball,logistic,476,166,2,105,2.276190476190476,2.0,1,10,44,0.7238095238095238,0.9619047619047619,2.4329273899579666,2.8322543294191007,0.9619047619047619,1.0,1.0,1.0,musk1,0.05,StratifiedGroupKFold_by_molecule,0.9304242553721803,0.9340926767200106,0.47257383966244726,nan
musk1_group_trainnoise0.05,UCI id=74 cached official retrieval; molecule_name group split,808,0.95,release_1,granular_ball,random_forest,476,166,2,105,2.276190476190476,2.0,1,10,44,0.7238095238095238,0.9619047619047619,2.4329273899579666,2.8322543294191007,0.9619047619047619,1.0,1.0,1.0,musk1,0.05,StratifiedGroupKFold_by_molecule,0.9190478733821148,0.9173631794920385,0.3755274261603376,nan
musk1_group_trainnoise0.05,UCI id=74 cached official retrieval; molecule_name group split,808,0.95,release_1,matched_kmeans,logistic,476,166,2,105,2.276190476190476,2.0,1,7,36,0.6857142857142857,0.9523809523809523,2.4086712354139173,3.082345693843143,0.9713378684807257,1.0,1.0,1.0,musk1,0.05,StratifiedGroupKFold_by_molecule,0.9694137335540958,0.9706312075569372,0.6455696202531646,nan
musk1_group_trainnoise0.05,UCI id=74 cached official retrieval; molecule_name group split,808,0.95,release_1,matched_kmeans,random_forest,476,166,2,105,2.276190476190476,2.0,1,7,36,0.6857142857142857,0.9523809523809523,2.4086712354139173,3.082345693843143,0.9713378684807257,1.0,1.0,1.0,musk1,0.05,StratifiedGroupKFold_by_molecule,0.9594705264469725,0.9522027769030872,0.48945147679324896,nan
musk1_group_trainnoise0.05,UCI id=74 cached official retrieval; molecule_name group split,808,0.95,release_2,granular_ball,logistic,476,166,2,105,2.276190476190476,2.0,1,10,44,0.7238095238095238,0.9619047619047619,2.4329273899579666,2.8322543294191007,0.9619047619047619,1.0,1.0,1.0,musk1,0.05,StratifiedGroupKFold_by_molecule,0.9498477808043583,0.9504472608606485,0.41350210970464135,nan
musk1_group_trainnoise0.05,UCI id=74 cached official retrieval; molecule_name group split,808,0.95,release_2,granular_ball,random_forest,476,166,2,105,2.276190476190476,2.0,1,10,44,0.7238095238095238,0.9619047619047619,2.4329273899579666,2.8322543294191007,0.9619047619047619,1.0,1.0,1.0,musk1,0.05,StratifiedGroupKFold_by_molecule,0.9478003881144405,0.9451559972316111,0.3755274261603376,nan
musk1_group_trainnoise0.05,UCI id=74 cached official retrieval; molecule_name group split,808,0.95,release_2,matched_kmeans,logistic,476,166,2,105,2.276190476190476,2.0,1,7,36,0.6857142857142857,0.9523809523809523,2.4086712354139173,3.082345693843143,0.9713378684807257,1.0,1.0,1.0,musk1,0.05,StratifiedGroupKFold_by_molecule,0.9784934750485144,0.9772741651318214,0.620253164556962,nan
musk1_group_trainnoise0.05,UCI id=74 cached official retrieval; molecule_name group split,808,0.95,release_2,matched_kmeans,random_forest,476,166,2,105,2.276190476190476,2.0,1,7,36,0.6857142857142857,0.9523809523809523,2.4086712354139173,3.082345693843143,0.9713378684807257,1.0,1.0,1.0,musk1,0.05,StratifiedGroupKFold_by_molecule,0.978012782851751,0.9749933564302371,0.6371308016877637,nan
musk1_group_trainnoise0.05,UCI id=74 cached official retrieval; molecule_name group split,808,0.95,release_3,granular_ball,logistic,476,166,2,105,2.276190476190476,2.0,1,10,44,0.7238095238095238,0.9619047619047619,2.4329273899579666,2.8322543294191007,0.9619047619047619,1.0,1.0,1.0,musk1,0.05,StratifiedGroupKFold_by_molecule,0.9498477808043583,0.9514979560008191,0.41350210970464135,nan
musk1_group_trainnoise0.05,UCI id=74 cached official retrieval; molecule_name group split,808,0.95,release_3,granular_ball,random_forest,476,166,2,105,2.276190476190476,2.0,1,10,44,0.7238095238095238,0.9619047619047619,2.4329273899579666,2.8322543294191007,0.9619047619047619,1.0,1.0,1.0,musk1,0.05,StratifiedGroupKFold_by_molecule,0.9497409603161886,0.9461113558768929,0.42616033755274263,nan
musk1_group_trainnoise0.05,UCI id=74 cached official retrieval; molecule_name group split,808,0.95,release_3,matched_kmeans,logistic,476,166,2,105,2.276190476190476,2.0,1,7,36,0.6857142857142857,0.9523809523809523,2.4086712354139173,3.082345693843143,0.9713378684807257,1.0,1.0,1.0,musk1,0.05,StratifiedGroupKFold_by_molecule,0.9794192526126512,0.9779150142194224,0.6877637130801688,nan
musk1_group_trainnoise0.05,UCI id=74 cached official retrieval; molecule_name group split,808,0.95,release_3,matched_kmeans,random_forest,476,166,2,105,2.276190476190476,2.0,1,7,36,0.6857142857142857,0.9523809523809523,2.4086712354139173,3.082345693843143,0.9713378684807257,1.0,1.0,1.0,musk1,0.05,StratifiedGroupKFold_by_molecule,0.9789652655379302,0.9745099584153092,0.6371308016877637,nan
musk1_group_trainnoise0.05,UCI id=74 cached official retrieval; molecule_name group split,808,0.99,release_1,granular_ball,logistic,476,166,2,105,2.276190476190476,2.0,1,10,44,0.7238095238095238,0.9619047619047619,2.4329273899579666,2.8322543294191007,0.9619047619047619,1.0,1.0,1.0,musk1,0.05,StratifiedGroupKFold_by_molecule,0.9304242553721803,0.9340926767200106,0.47257383966244726,nan
musk1_group_trainnoise0.05,UCI id=74 cached official retrieval; molecule_name group split,808,0.99,release_1,granular_ball,random_forest,476,166,2,105,2.276190476190476,2.0,1,10,44,0.7238095238095238,0.9619047619047619,2.4329273899579666,2.8322543294191007,0.9619047619047619,1.0,1.0,1.0,musk1,0.05,StratifiedGroupKFold_by_molecule,0.9190478733821148,0.9173631794920385,0.3755274261603376,nan
musk1_group_trainnoise0.05,UCI id=74 cached official retrieval; molecule_name group split,808,0.99,release_1,matched_kmeans,logistic,476,166,2,105,2.276190476190476,2.0,1,7,36,0.6857142857142857,0.9523809523809523,2.4086712354139173,3.082345693843143,0.9713378684807257,1.0,1.0,1.0,musk1,0.05,StratifiedGroupKFold_by_molecule,0.9694137335540958,0.9706312075569372,0.6455696202531646,nan
musk1_group_trainnoise0.05,UCI id=74 cached official retrieval; molecule_name group split,808,0.99,release_1,matched_kmeans,random_forest,476,166,2,105,2.276190476190476,2.0,1,7,36,0.6857142857142857,0.9523809523809523,2.4086712354139173,3.082345693843143,0.9713378684807257,1.0,1.0,1.0,musk1,0.05,StratifiedGroupKFold_by_molecule,0.9594705264469725,0.9522027769030872,0.48945147679324896,nan
musk1_group_trainnoise0.05,UCI id=74 cached official retrieval; molecule_name group split,808,0.99,release_2,granular_ball,logistic,476,166,2,105,2.276190476190476,2.0,1,10,44,0.7238095238095238,0.9619047619047619,2.4329273899579666,2.8322543294191007,0.9619047619047619,1.0,1.0,1.0,musk1,0.05,StratifiedGroupKFold_by_molecule,0.9498477808043583,0.9504472608606485,0.41350210970464135,nan
musk1_group_trainnoise0.05,UCI id=74 cached official retrieval; molecule_name group split,808,0.99,release_2,granular_ball,random_forest,476,166,2,105,2.276190476190476,2.0,1,10,44,0.7238095238095238,0.9619047619047619,2.4329273899579666,2.8322543294191007,0.9619047619047619,1.0,1.0,1.0,musk1,0.05,StratifiedGroupKFold_by_molecule,0.9478003881144405,0.9451559972316111,0.3755274261603376,nan
musk1_group_trainnoise0.05,UCI id=74 cached official retrieval; molecule_name group split,808,0.99,release_2,matched_kmeans,logistic,476,166,2,105,2.276190476190476,2.0,1,7,36,0.6857142857142857,0.9523809523809523,2.4086712354139173,3.082345693843143,0.9713378684807257,1.0,1.0,1.0,musk1,0.05,StratifiedGroupKFold_by_molecule,0.9784934750485144,0.9772741651318214,0.620253164556962,nan
musk1_group_trainnoise0.05,UCI id=74 cached official retrieval; molecule_name group split,808,0.99,release_2,matched_kmeans,random_forest,476,166,2,105,2.276190476190476,2.0,1,7,36,0.6857142857142857,0.9523809523809523,2.4086712354139173,3.082345693843143,0.9713378684807257,1.0,1.0,1.0,musk1,0.05,StratifiedGroupKFold_by_molecule,0.978012782851751,0.9749933564302371,0.6371308016877637,nan
musk1_group_trainnoise0.05,UCI id=74 cached official retrieval; molecule_name group split,808,0.99,release_3,granular_ball,logistic,476,166,2,105,2.276190476190476,2.0,1,10,44,0.7238095238095238,0.9619047619047619,2.4329273899579666,2.8322543294191007,0.9619047619047619,1.0,1.0,1.0,musk1,0.05,StratifiedGroupKFold_by_molecule,0.9498477808043583,0.9514979560008191,0.41350210970464135,nan
musk1_group_trainnoise0.05,UCI id=74 cached official retrieval; molecule_name group split,808,0.99,release_3,granular_ball,random_forest,476,166,2,105,2.276190476190476,2.0,1,10,44,0.7238095238095238,0.9619047619047619,2.4329273899579666,2.8322543294191007,0.9619047619047619,1.0,1.0,1.0,musk1,0.05,StratifiedGroupKFold_by_molecule,0.9497409603161886,0.9461113558768929,0.42616033755274263,nan
musk1_group_trainnoise0.05,UCI id=74 cached official retrieval; molecule_name group split,808,0.99,release_3,matched_kmeans,logistic,476,166,2,105,2.276190476190476,2.0,1,7,36,0.6857142857142857,0.9523809523809523,2.4086712354139173,3.082345693843143,0.9713378684807257,1.0,1.0,1.0,musk1,0.05,StratifiedGroupKFold_by_molecule,0.9794192526126512,0.9779150142194224,0.6877637130801688,nan
musk1_group_trainnoise0.05,UCI id=74 cached official retrieval; molecule_name group split,808,0.99,release_3,matched_kmeans,random_forest,476,166,2,105,2.276190476190476,2.0,1,7,36,0.6857142857142857,0.9523809523809523,2.4086712354139173,3.082345693843143,0.9713378684807257,1.0,1.0,1.0,musk1,0.05,StratifiedGroupKFold_by_molecule,0.9789652655379302,0.9745099584153092,0.6371308016877637,nan
musk1_group_trainnoise0.1,UCI id=74 cached official retrieval; molecule_name group split,2,0.7,release_1,granular_ball,logistic,476,166,2,37,6.45945945945946,4.0,1,26,5,0.3783783783783784,0.6486486486486487,4.788217393875297,5.155153234072664,0.8474091224091225,0.875,0.75,1.0,musk1,0.1,StratifiedGroupKFold_by_molecule,0.7904538090405739,0.7788936040901702,0.08016877637130802,nan
musk1_group_trainnoise0.1,UCI id=74 cached official retrieval; molecule_name group split,2,0.7,release_1,granular_ball,random_forest,476,166,2,37,6.45945945945946,4.0,1,26,5,0.3783783783783784,0.6486486486486487,4.788217393875297,5.155153234072664,0.8474091224091225,0.875,0.75,1.0,musk1,0.1,StratifiedGroupKFold_by_molecule,0.7853620324378217,0.7878078690022807,0.07172995780590717,nan
musk1_group_trainnoise0.1,UCI id=74 cached official retrieval; molecule_name group split,2,0.7,release_1,matched_kmeans,logistic,476,166,2,37,6.45945945945946,6.0,1,17,5,0.1891891891891892,0.4594594594594595,5.0722981102574,6.008734759285663,0.8392888687006334,0.8333333333333334,0.7142857142857143,1.0,musk1,0.1,StratifiedGroupKFold_by_molecule,0.8345884740693265,0.8283028193189658,0.16455696202531644,nan
musk1_group_trainnoise0.1,UCI id=74 cached official retrieval; molecule_name group split,2,0.7,release_1,matched_kmeans,random_forest,476,166,2,37,6.45945945945946,6.0,1,17,5,0.1891891891891892,0.4594594594594595,5.0722981102574,6.008734759285663,0.8392888687006334,0.8333333333333334,0.7142857142857143,1.0,musk1,0.1,StratifiedGroupKFold_by_molecule,0.7966048888176752,0.7643193077754566,0.008438818565400843,nan
musk1_group_trainnoise0.1,UCI id=74 cached official retrieval; molecule_name group split,2,0.7,release_2,granular_ball,logistic,476,166,2,37,6.45945945945946,4.0,1,26,5,0.3783783783783784,0.6486486486486487,4.788217393875297,5.155153234072664,0.8474091224091225,0.875,0.75,1.0,musk1,0.1,StratifiedGroupKFold_by_molecule,0.8038241734764728,0.7755742221918326,0.046413502109704644,nan
musk1_group_trainnoise0.1,UCI id=74 cached official retrieval; molecule_name group split,2,0.7,release_2,granular_ball,random_forest,476,166,2,37,6.45945945945946,4.0,1,26,5,0.3783783783783784,0.6486486486486487,4.788217393875297,5.155153234072664,0.8474091224091225,0.875,0.75,1.0,musk1,0.1,StratifiedGroupKFold_by_molecule,0.8065124890954085,0.8163480797445182,0.1350210970464135,nan
musk1_group_trainnoise0.1,UCI id=74 cached official retrieval; molecule_name group split,2,0.7,release_2,matched_kmeans,logistic,476,166,2,37,6.45945945945946,6.0,1,17,5,0.1891891891891892,0.4594594594594595,5.0722981102574,6.008734759285663,0.8392888687006334,0.8333333333333334,0.7142857142857143,1.0,musk1,0.1,StratifiedGroupKFold_by_molecule,0.8487065819224127,0.8316573760488544,0.13924050632911392,nan
musk1_group_trainnoise0.1,UCI id=74 cached official retrieval; molecule_name group split,2,0.7,release_2,matched_kmeans,random_forest,476,166,2,37,6.45945945945946,6.0,1,17,5,0.1891891891891892,0.4594594594594595,5.0722981102574,6.008734759285663,0.8392888687006334,0.8333333333333334,0.7142857142857143,1.0,musk1,0.1,StratifiedGroupKFold_by_molecule,0.845430753618544,0.8424597250164207,0.1940928270042194,nan
musk1_group_trainnoise0.1,UCI id=74 cached official retrieval; molecule_name group split,2,0.7,release_3,granular_ball,logistic,476,166,2,37,6.45945945945946,4.0,1,26,5,0.3783783783783784,0.6486486486486487,4.788217393875297,5.155153234072664,0.8474091224091225,0.875,0.75,1.0,musk1,0.1,StratifiedGroupKFold_by_molecule,0.8061920276308996,0.7889522167786676,0.05485232067510549,nan
musk1_group_trainnoise0.1,UCI id=74 cached official retrieval; molecule_name group split,2,0.7,release_3,granular_ball,random_forest,476,166,2,37,6.45945945945946,4.0,1,26,5,0.3783783783783784,0.6486486486486487,4.788217393875297,5.155153234072664,0.8474091224091225,0.875,0.75,1.0,musk1,0.1,StratifiedGroupKFold_by_molecule,0.816838469618473,0.8418498494335609,0.33755274261603374,nan
musk1_group_trainnoise0.1,UCI id=74 cached official retrieval; molecule_name group split,2,0.7,release_3,matched_kmeans,logistic,476,166,2,37,6.45945945945946,6.0,1,17,5,0.1891891891891892,0.4594594594594595,5.0722981102574,6.008734759285663,0.8392888687006334,0.8333333333333334,0.7142857142857143,1.0,musk1,0.1,StratifiedGroupKFold_by_molecule,0.8539941960868096,0.8374855417431947,0.10126582278481013,nan
musk1_group_trainnoise0.1,UCI id=74 cached official retrieval; molecule_name group split,2,0.7,release_3,matched_kmeans,random_forest,476,166,2,37,6.45945945945946,6.0,1,17,5,0.1891891891891892,0.4594594594594595,5.0722981102574,6.008734759285663,0.8392888687006334,0.8333333333333334,0.7142857142857143,1.0,musk1,0.1,StratifiedGroupKFold_by_molecule,0.8586052804927985,0.868343946664906,0.29957805907172996,nan
musk1_group_trainnoise0.1,UCI id=74 cached official retrieval; molecule_name group split,2,0.8,release_1,granular_ball,logistic,476,166,2,54,4.425925925925926,2.0,1,26,11,0.5555555555555556,0.8148148148148148,3.873657163949338,3.7558120782065725,0.8668755627088959,1.0,0.8,1.0,musk1,0.1,StratifiedGroupKFold_by_molecule,0.8361373711477862,0.8269819124049843,0.09282700421940929,nan
musk1_group_trainnoise0.1,UCI id=74 cached official retrieval; molecule_name group split,2,0.8,release_1,granular_ball,random_forest,476,166,2,54,4.425925925925926,2.0,1,26,11,0.5555555555555556,0.8148148148148148,3.873657163949338,3.7558120782065725,0.8668755627088959,1.0,0.8,1.0,musk1,0.1,StratifiedGroupKFold_by_molecule,0.8203457423133758,0.8392539802821618,0.26582278481012656,nan
musk1_group_trainnoise0.1,UCI id=74 cached official retrieval; molecule_name group split,2,0.8,release_1,matched_kmeans,logistic,476,166,2,54,4.425925925925926,4.0,1,13,9,0.3148148148148148,0.7037037037037037,4.319097753865019,5.129885180150218,0.8701114215003104,1.0,0.7569444444444444,1.0,musk1,0.1,StratifiedGroupKFold_by_molecule,0.874094251277395,0.8712971082134111,0.26582278481012656,nan
musk1_group_trainnoise0.1,UCI id=74 cached official retrieval; molecule_name group split,2,0.8,release_1,matched_kmeans,random_forest,476,166,2,54,4.425925925925926,4.0,1,13,9,0.3148148148148148,0.7037037037037037,4.319097753865019,5.129885180150218,0.8701114215003104,1.0,0.7569444444444444,1.0,musk1,0.1,StratifiedGroupKFold_by_molecule,0.8588901351279176,0.8498227677429826,0.22362869198312235,nan
musk1_group_trainnoise0.1,UCI id=74 cached official retrieval; molecule_name group split,2,0.8,release_2,granular_ball,logistic,476,166,2,54,4.425925925925926,2.0,1,26,11,0.5555555555555556,0.8148148148148148,3.873657163949338,3.7558120782065725,0.8668755627088959,1.0,0.8,1.0,musk1,0.1,StratifiedGroupKFold_by_molecule,0.8462853175239011,0.8238424908884796,0.06329113924050633,nan
musk1_group_trainnoise0.1,UCI id=74 cached official retrieval; molecule_name group split,2,0.8,release_2,granular_ball,random_forest,476,166,2,54,4.425925925925926,2.0,1,26,11,0.5555555555555556,0.8148148148148148,3.873657163949338,3.7558120782065725,0.8668755627088959,1.0,0.8,1.0,musk1,0.1,StratifiedGroupKFold_by_molecule,0.8639195997792377,0.8676096009174386,0.28270042194092826,nan
musk1_group_trainnoise0.1,UCI id=74 cached official retrieval; molecule_name group split,2,0.8,release_2,matched_kmeans,logistic,476,166,2,54,4.425925925925926,4.0,1,13,9,0.3148148148148148,0.7037037037037037,4.319097753865019,5.129885180150218,0.8701114215003104,1.0,0.7569444444444444,1.0,musk1,0.1,StratifiedGroupKFold_by_molecule,0.883619078139187,0.8699533715914098,0.16033755274261605,nan
musk1_group_trainnoise0.1,UCI id=74 cached official retrieval; molecule_name group split,2,0.8,release_2,matched_kmeans,random_forest,476,166,2,54,4.425925925925926,4.0,1,13,9,0.3148148148148148,0.7037037037037037,4.319097753865019,5.129885180150218,0.8701114215003104,1.0,0.7569444444444444,1.0,musk1,0.1,StratifiedGroupKFold_by_molecule,0.890615820114298,0.8859834990091504,0.3080168776371308,nan
musk1_group_trainnoise0.1,UCI id=74 cached official retrieval; molecule_name group split,2,0.8,release_3,granular_ball,logistic,476,166,2,54,4.425925925925926,2.0,1,26,11,0.5555555555555556,0.8148148148148148,3.873657163949338,3.7558120782065725,0.8668755627088959,1.0,0.8,1.0,musk1,0.1,StratifiedGroupKFold_by_molecule,0.8572166141465933,0.8461324445900202,0.08016877637130802,nan
musk1_group_trainnoise0.1,UCI id=74 cached official retrieval; molecule_name group split,2,0.8,release_3,granular_ball,random_forest,476,166,2,54,4.425925925925926,2.0,1,26,11,0.5555555555555556,0.8148148148148148,3.873657163949338,3.7558120782065725,0.8668755627088959,1.0,0.8,1.0,musk1,0.1,StratifiedGroupKFold_by_molecule,0.8817319161815236,0.8901279826359221,0.3755274261603376,nan
musk1_group_trainnoise0.1,UCI id=74 cached official retrieval; molecule_name group split,2,0.8,release_3,matched_kmeans,logistic,476,166,2,54,4.425925925925926,4.0,1,13,9,0.3148148148148148,0.7037037037037037,4.319097753865019,5.129885180150218,0.8701114215003104,1.0,0.7569444444444444,1.0,musk1,0.1,StratifiedGroupKFold_by_molecule,0.8812156171553703,0.8641137270716315,0.12658227848101267,nan
musk1_group_trainnoise0.1,UCI id=74 cached official retrieval; molecule_name group split,2,0.8,release_3,matched_kmeans,random_forest,476,166,2,54,4.425925925925926,4.0,1,13,9,0.3148148148148148,0.7037037037037037,4.319097753865019,5.129885180150218,0.8701114215003104,1.0,0.7569444444444444,1.0,musk1,0.1,StratifiedGroupKFold_by_molecule,0.8957432035464402,0.8932313798970706,0.3080168776371308,nan
musk1_group_trainnoise0.1,UCI id=74 cached official retrieval; molecule_name group split,2,0.9,release_1,granular_ball,logistic,476,166,2,83,2.8795180722891565,2.0,1,26,26,0.6987951807228916,0.9036144578313253,2.943208781839995,3.163094906030638,0.8752871626365603,1.0,0.9045454545454545,1.0,musk1,0.1,StratifiedGroupKFold_by_molecule,0.8887820684007194,0.887486872239369,0.14345991561181434,nan
musk1_group_trainnoise0.1,UCI id=74 cached official retrieval; molecule_name group split,2,0.9,release_1,granular_ball,random_forest,476,166,2,83,2.8795180722891565,2.0,1,26,26,0.6987951807228916,0.9036144578313253,2.943208781839995,3.163094906030638,0.8752871626365603,1.0,0.9045454545454545,1.0,musk1,0.1,StratifiedGroupKFold_by_molecule,0.8803076430059286,0.8805803863613066,0.24050632911392406,nan
musk1_group_trainnoise0.1,UCI id=74 cached official retrieval; molecule_name group split,2,0.9,release_1,matched_kmeans,logistic,476,166,2,83,2.8795180722891565,3.0,1,8,21,0.4939759036144578,0.9036144578313253,3.221132404648018,4.046367825477854,0.8914371772805507,1.0,0.75,1.0,musk1,0.1,StratifiedGroupKFold_by_molecule,0.955171001798145,0.9501363062696809,0.32489451476793246,nan
musk1_group_trainnoise0.1,UCI id=74 cached official retrieval; molecule_name group split,2,0.9,release_1,matched_kmeans,random_forest,476,166,2,83,2.8795180722891565,3.0,1,8,21,0.4939759036144578,0.9036144578313253,3.221132404648018,4.046367825477854,0.8914371772805507,1.0,0.75,1.0,musk1,0.1,StratifiedGroupKFold_by_molecule,0.9499456995851805,0.9480846774817442,0.4472573839662447,nan
musk1_group_trainnoise0.1,UCI id=74 cached official retrieval; molecule_name group split,2,0.9,release_2,granular_ball,logistic,476,166,2,83,2.8795180722891565,2.0,1,26,26,0.6987951807228916,0.9036144578313253,2.943208781839995,3.163094906030638,0.8752871626365603,1.0,0.9045454545454545,1.0,musk1,0.1,StratifiedGroupKFold_by_molecule,0.9072620128540653,0.8772673139774888,0.0379746835443038,nan
musk1_group_trainnoise0.1,UCI id=74 cached official retrieval; molecule_name group split,2,0.9,release_2,granular_ball,random_forest,476,166,2,83,2.8795180722891565,2.0,1,26,26,0.6987951807228916,0.9036144578313253,2.943208781839995,3.163094906030638,0.8752871626365603,1.0,0.9045454545454545,1.0,musk1,0.1,StratifiedGroupKFold_by_molecule,0.940928270042194,0.9449918825020021,0.5274261603375527,nan
musk1_group_trainnoise0.1,UCI id=74 cached official retrieval; molecule_name group split,2,0.9,release_2,matched_kmeans,logistic,476,166,2,83,2.8795180722891565,3.0,1,8,21,0.4939759036144578,0.9036144578313253,3.221132404648018,4.046367825477854,0.8914371772805507,1.0,0.75,1.0,musk1,0.1,StratifiedGroupKFold_by_molecule,0.9674553579376524,0.9613363260635153,0.4050632911392405,nan
musk1_group_trainnoise0.1,UCI id=74 cached official retrieval; molecule_name group split,2,0.9,release_2,matched_kmeans,random_forest,476,166,2,83,2.8795180722891565,3.0,1,8,21,0.4939759036144578,0.9036144578313253,3.221132404648018,4.046367825477854,0.8914371772805507,1.0,0.75,1.0,musk1,0.1,StratifiedGroupKFold_by_molecule,0.9621410386512133,0.9524610760790369,0.3080168776371308,nan
musk1_group_trainnoise0.1,UCI id=74 cached official retrieval; molecule_name group split,2,0.9,release_3,granular_ball,logistic,476,166,2,83,2.8795180722891565,2.0,1,26,26,0.6987951807228916,0.9036144578313253,2.943208781839995,3.163094906030638,0.8752871626365603,1.0,0.9045454545454545,1.0,musk1,0.1,StratifiedGroupKFold_by_molecule,0.9098613113995265,0.8875944337100747,0.05485232067510549,nan
musk1_group_trainnoise0.1,UCI id=74 cached official retrieval; molecule_name group split,2,0.9,release_3,granular_ball,random_forest,476,166,2,83,2.8795180722891565,2.0,1,26,26,0.6987951807228916,0.9036144578313253,2.943208781839995,3.163094906030638,0.8752871626365603,1.0,0.9045454545454545,1.0,musk1,0.1,StratifiedGroupKFold_by_molecule,0.9437768163933843,0.9492532757944696,0.5654008438818565,nan
musk1_group_trainnoise0.1,UCI id=74 cached official retrieval; molecule_name group split,2,0.9,release_3,matched_kmeans,logistic,476,166,2,83,2.8795180722891565,3.0,1,8,21,0.4939759036144578,0.9036144578313253,3.221132404648018,4.046367825477854,0.8914371772805507,1.0,0.75,1.0,musk1,0.1,StratifiedGroupKFold_by_molecule,0.9666542042763802,0.9581319905345275,0.29957805907172996,nan
musk1_group_trainnoise0.1,UCI id=74 cached official retrieval; molecule_name group split,2,0.9,release_3,matched_kmeans,random_forest,476,166,2,83,2.8795180722891565,3.0,1,8,21,0.4939759036144578,0.9036144578313253,3.221132404648018,4.046367825477854,0.8914371772805507,1.0,0.75,1.0,musk1,0.1,StratifiedGroupKFold_by_molecule,0.9649361747583187,0.9549567908215795,0.4219409282700422,nan
musk1_group_trainnoise0.1,UCI id=74 cached official retrieval; molecule_name group split,2,0.95,release_1,granular_ball,logistic,476,166,2,99,2.414141414141414,2.0,1,11,35,0.696969696969697,0.9292929292929293,2.688652696728311,2.9746702492043955,0.8939393939393939,1.0,1.0,1.0,musk1,0.1,StratifiedGroupKFold_by_molecule,0.9352489807545087,0.9367644503137182,0.3333333333333333,nan
musk1_group_trainnoise0.1,UCI id=74 cached official retrieval; molecule_name group split,2,0.95,release_1,granular_ball,random_forest,476,166,2,99,2.414141414141414,2.0,1,11,35,0.696969696969697,0.9292929292929293,2.688652696728311,2.9746702492043955,0.8939393939393939,1.0,1.0,1.0,musk1,0.1,StratifiedGroupKFold_by_molecule,0.9199469458242091,0.9137329097393037,0.2616033755274262,nan
musk1_group_trainnoise0.1,UCI id=74 cached official retrieval; molecule_name group split,2,0.95,release_1,matched_kmeans,logistic,476,166,2,99,2.414141414141414,2.0,1,8,30,0.6363636363636364,0.9595959595959596,2.70432325553622,3.473568236696689,0.8943602693602692,1.0,0.7916666666666667,1.0,musk1,0.1,StratifiedGroupKFold_by_molecule,0.9670636828143637,0.9642837286329016,0.5485232067510548,nan
musk1_group_trainnoise0.1,UCI id=74 cached official retrieval; molecule_name group split,2,0.95,release_1,matched_kmeans,random_forest,476,166,2,99,2.414141414141414,2.0,1,8,30,0.6363636363636364,0.9595959595959596,2.70432325553622,3.473568236696689,0.8943602693602692,1.0,0.7916666666666667,1.0,musk1,0.1,StratifiedGroupKFold_by_molecule,0.9637433459737578,0.959982146169049,0.6582278481012658,nan
musk1_group_trainnoise0.1,UCI id=74 cached official retrieval; molecule_name group split,2,0.95,release_2,granular_ball,logistic,476,166,2,99,2.414141414141414,2.0,1,11,35,0.696969696969697,0.9292929292929293,2.688652696728311,2.9746702492043955,0.8939393939393939,1.0,1.0,1.0,musk1,0.1,StratifiedGroupKFold_by_molecule,0.9514856949562926,0.9405883040517267,0.3291139240506329,nan
musk1_group_trainnoise0.1,UCI id=74 cached official retrieval; molecule_name group split,2,0.95,release_2,granular_ball,random_forest,476,166,2,99,2.414141414141414,2.0,1,11,35,0.696969696969697,0.9292929292929293,2.688652696728311,2.9746702492043955,0.8939393939393939,1.0,1.0,1.0,musk1,0.1,StratifiedGroupKFold_by_molecule,0.963253752069647,0.9650420486466347,0.6371308016877637,nan
musk1_group_trainnoise0.1,UCI id=74 cached official retrieval; molecule_name group split,2,0.95,release_2,matched_kmeans,logistic,476,166,2,99,2.414141414141414,2.0,1,8,30,0.6363636363636364,0.9595959595959596,2.70432325553622,3.473568236696689,0.8943602693602692,1.0,0.7916666666666667,1.0,musk1,0.1,StratifiedGroupKFold_by_molecule,0.9769445779700546,0.9717589108800054,0.5738396624472574,nan
musk1_group_trainnoise0.1,UCI id=74 cached official retrieval; molecule_name group split,2,0.95,release_2,matched_kmeans,random_forest,476,166,2,99,2.414141414141414,2.0,1,8,30,0.6363636363636364,0.9595959595959596,2.70432325553622,3.473568236696689,0.8943602693602692,1.0,0.7916666666666667,1.0,musk1,0.1,StratifiedGroupKFold_by_molecule,0.976285851626342,0.9729245908339047,0.5316455696202531,nan
musk1_group_trainnoise0.1,UCI id=74 cached official retrieval; molecule_name group split,2,0.95,release_3,granular_ball,logistic,476,166,2,99,2.414141414141414,2.0,1,11,35,0.696969696969697,0.9292929292929293,2.688652696728311,2.9746702492043955,0.8939393939393939,1.0,1.0,1.0,musk1,0.1,StratifiedGroupKFold_by_molecule,0.9547081130160765,0.9483909779358383,0.3333333333333333,nan
musk1_group_trainnoise0.1,UCI id=74 cached official retrieval; molecule_name group split,2,0.95,release_3,granular_ball,random_forest,476,166,2,99,2.414141414141414,2.0,1,11,35,0.696969696969697,0.9292929292929293,2.688652696728311,2.9746702492043955,0.8939393939393939,1.0,1.0,1.0,musk1,0.1,StratifiedGroupKFold_by_molecule,0.9654969823212092,0.9683100696276092,0.7088607594936709,nan
musk1_group_trainnoise0.1,UCI id=74 cached official retrieval; molecule_name group split,2,0.95,release_3,matched_kmeans,logistic,476,166,2,99,2.414141414141414,2.0,1,8,30,0.6363636363636364,0.9595959595959596,2.70432325553622,3.473568236696689,0.8943602693602692,1.0,0.7916666666666667,1.0,musk1,0.1,StratifiedGroupKFold_by_molecule,0.9760366038206129,0.9703408769534194,0.3881856540084388,nan
musk1_group_trainnoise0.1,UCI id=74 cached official retrieval; molecule_name group split,2,0.95,release_3,matched_kmeans,random_forest,476,166,2,99,2.414141414141414,2.0,1,8,30,0.6363636363636364,0.9595959595959596,2.70432325553622,3.473568236696689,0.8943602693602692,1.0,0.7916666666666667,1.0,musk1,0.1,StratifiedGroupKFold_by_molecule,0.9783866545603447,0.9728033398863487,0.5443037974683544,nan
musk1_group_trainnoise0.1,UCI id=74 cached official retrieval; molecule_name group split,2,0.99,release_1,granular_ball,logistic,476,166,2,99,2.414141414141414,2.0,1,11,35,0.696969696969697,0.9292929292929293,2.688652696728311,2.9746702492043955,0.8939393939393939,1.0,1.0,1.0,musk1,0.1,StratifiedGroupKFold_by_molecule,0.9352489807545087,0.9367644503137182,0.3333333333333333,nan
musk1_group_trainnoise0.1,UCI id=74 cached official retrieval; molecule_name group split,2,0.99,release_1,granular_ball,random_forest,476,166,2,99,2.414141414141414,2.0,1,11,35,0.696969696969697,0.9292929292929293,2.688652696728311,2.9746702492043955,0.8939393939393939,1.0,1.0,1.0,musk1,0.1,StratifiedGroupKFold_by_molecule,0.9199469458242091,0.9137329097393037,0.2616033755274262,nan
musk1_group_trainnoise0.1,UCI id=74 cached official retrieval; molecule_name group split,2,0.99,release_1,matched_kmeans,logistic,476,166,2,99,2.414141414141414,2.0,1,8,30,0.6363636363636364,0.9595959595959596,2.70432325553622,3.473568236696689,0.8943602693602692,1.0,0.7916666666666667,1.0,musk1,0.1,StratifiedGroupKFold_by_molecule,0.9670636828143637,0.9642837286329016,0.5485232067510548,nan
musk1_group_trainnoise0.1,UCI id=74 cached official retrieval; molecule_name group split,2,0.99,release_1,matched_kmeans,random_forest,476,166,2,99,2.414141414141414,2.0,1,8,30,0.6363636363636364,0.9595959595959596,2.70432325553622,3.473568236696689,0.8943602693602692,1.0,0.7916666666666667,1.0,musk1,0.1,StratifiedGroupKFold_by_molecule,0.9637433459737578,0.959982146169049,0.6582278481012658,nan
musk1_group_trainnoise0.1,UCI id=74 cached official retrieval; molecule_name group split,2,0.99,release_2,granular_ball,logistic,476,166,2,99,2.414141414141414,2.0,1,11,35,0.696969696969697,0.9292929292929293,2.688652696728311,2.9746702492043955,0.8939393939393939,1.0,1.0,1.0,musk1,0.1,StratifiedGroupKFold_by_molecule,0.9514856949562926,0.9405883040517267,0.3291139240506329,nan
musk1_group_trainnoise0.1,UCI id=74 cached official retrieval; molecule_name group split,2,0.99,release_2,granular_ball,random_forest,476,166,2,99,2.414141414141414,2.0,1,11,35,0.696969696969697,0.9292929292929293,2.688652696728311,2.9746702492043955,0.8939393939393939,1.0,1.0,1.0,musk1,0.1,StratifiedGroupKFold_by_molecule,0.963253752069647,0.9650420486466347,0.6371308016877637,nan
musk1_group_trainnoise0.1,UCI id=74 cached official retrieval; molecule_name group split,2,0.99,release_2,matched_kmeans,logistic,476,166,2,99,2.414141414141414,2.0,1,8,30,0.6363636363636364,0.9595959595959596,2.70432325553622,3.473568236696689,0.8943602693602692,1.0,0.7916666666666667,1.0,musk1,0.1,StratifiedGroupKFold_by_molecule,0.9769445779700546,0.9717589108800054,0.5738396624472574,nan
musk1_group_trainnoise0.1,UCI id=74 cached official retrieval; molecule_name group split,2,0.99,release_2,matched_kmeans,random_forest,476,166,2,99,2.414141414141414,2.0,1,8,30,0.6363636363636364,0.9595959595959596,2.70432325553622,3.473568236696689,0.8943602693602692,1.0,0.7916666666666667,1.0,musk1,0.1,StratifiedGroupKFold_by_molecule,0.976285851626342,0.9729245908339047,0.5316455696202531,nan
musk1_group_trainnoise0.1,UCI id=74 cached official retrieval; molecule_name group split,2,0.99,release_3,granular_ball,logistic,476,166,2,99,2.414141414141414,2.0,1,11,35,0.696969696969697,0.9292929292929293,2.688652696728311,2.9746702492043955,0.8939393939393939,1.0,1.0,1.0,musk1,0.1,StratifiedGroupKFold_by_molecule,0.9547081130160765,0.9483909779358383,0.3333333333333333,nan
musk1_group_trainnoise0.1,UCI id=74 cached official retrieval; molecule_name group split,2,0.99,release_3,granular_ball,random_forest,476,166,2,99,2.414141414141414,2.0,1,11,35,0.696969696969697,0.9292929292929293,2.688652696728311,2.9746702492043955,0.8939393939393939,1.0,1.0,1.0,musk1,0.1,StratifiedGroupKFold_by_molecule,0.9654969823212092,0.9683100696276092,0.7088607594936709,nan
musk1_group_trainnoise0.1,UCI id=74 cached official retrieval; molecule_name group split,2,0.99,release_3,matched_kmeans,logistic,476,166,2,99,2.414141414141414,2.0,1,8,30,0.6363636363636364,0.9595959595959596,2.70432325553622,3.473568236696689,0.8943602693602692,1.0,0.7916666666666667,1.0,musk1,0.1,StratifiedGroupKFold_by_molecule,0.9760366038206129,0.9703408769534194,0.3881856540084388,nan
musk1_group_trainnoise0.1,UCI id=74 cached official retrieval; molecule_name group split,2,0.99,release_3,matched_kmeans,random_forest,476,166,2,99,2.414141414141414,2.0,1,8,30,0.6363636363636364,0.9595959595959596,2.70432325553622,3.473568236696689,0.8943602693602692,1.0,0.7916666666666667,1.0,musk1,0.1,StratifiedGroupKFold_by_molecule,0.9783866545603447,0.9728033398863487,0.5443037974683544,nan
musk1_group_trainnoise0.1,UCI id=74 cached official retrieval; molecule_name group split,13,0.7,release_1,granular_ball,logistic,476,166,2,39,6.128205128205129,4.0,1,41,4,0.3333333333333333,0.6923076923076923,5.117989302316606,5.521539858201511,0.830065417870296,0.8,0.75,1.0,musk1,0.1,StratifiedGroupKFold_by_molecule,0.7392333849632359,0.7631233809423048,0.08016877637130802,nan
musk1_group_trainnoise0.1,UCI id=74 cached official retrieval; molecule_name group split,13,0.7,release_1,granular_ball,random_forest,476,166,2,39,6.128205128205129,4.0,1,41,4,0.3333333333333333,0.6923076923076923,5.117989302316606,5.521539858201511,0.830065417870296,0.8,0.75,1.0,musk1,0.1,StratifiedGroupKFold_by_molecule,0.7270914561412878,0.7301899326075686,0.10126582278481013,nan
musk1_group_trainnoise0.1,UCI id=74 cached official retrieval; molecule_name group split,13,0.7,release_1,matched_kmeans,logistic,476,166,2,39,6.128205128205129,5.0,1,28,3,0.10256410256410256,0.5897435897435898,5.303646787949306,5.936324905107719,0.8278382586074895,0.8461538461538461,0.6833333333333333,1.0,musk1,0.1,StratifiedGroupKFold_by_molecule,0.8402855667717068,0.8326411778756513,0.12236286919831224,nan
musk1_group_trainnoise0.1,UCI id=74 cached official retrieval; molecule_name group split,13,0.7,release_1,matched_kmeans,random_forest,476,166,2,39,6.128205128205129,5.0,1,28,3,0.10256410256410256,0.5897435897435898,5.303646787949306,5.936324905107719,0.8278382586074895,0.8461538461538461,0.6833333333333333,1.0,musk1,0.1,StratifiedGroupKFold_by_molecule,0.8429738823906426,0.8280267401367066,0.13924050632911392,nan
musk1_group_trainnoise0.1,UCI id=74 cached official retrieval; molecule_name group split,13,0.7,release_2,granular_ball,logistic,476,166,2,39,6.128205128205129,4.0,1,41,4,0.3333333333333333,0.6923076923076923,5.117989302316606,5.521539858201511,0.830065417870296,0.8,0.75,1.0,musk1,0.1,StratifiedGroupKFold_by_molecule,0.7565561074614111,0.7498567115179869,0.05907172995780591,nan
musk1_group_trainnoise0.1,UCI id=74 cached official retrieval; molecule_name group split,13,0.7,release_2,granular_ball,random_forest,476,166,2,39,6.128205128205129,4.0,1,41,4,0.3333333333333333,0.6923076923076923,5.117989302316606,5.521539858201511,0.830065417870296,0.8,0.75,1.0,musk1,0.1,StratifiedGroupKFold_by_molecule,0.7649059089533372,0.7625585336603058,0.05063291139240506,nan
musk1_group_trainnoise0.1,UCI id=74 cached official retrieval; molecule_name group split,13,0.7,release_2,matched_kmeans,logistic,476,166,2,39,6.128205128205129,5.0,1,28,3,0.10256410256410256,0.5897435897435898,5.303646787949306,5.936324905107719,0.8278382586074895,0.8461538461538461,0.6833333333333333,1.0,musk1,0.1,StratifiedGroupKFold_by_molecule,0.8551336146272855,0.8374327669255986,0.13924050632911392,nan
musk1_group_trainnoise0.1,UCI id=74 cached official retrieval; molecule_name group split,13,0.7,release_2,matched_kmeans,random_forest,476,166,2,39,6.128205128205129,5.0,1,28,3,0.10256410256410256,0.5897435897435898,5.303646787949306,5.936324905107719,0.8278382586074895,0.8461538461538461,0.6833333333333333,1.0,musk1,0.1,StratifiedGroupKFold_by_molecule,0.8750022254268368,0.8636597439440408,0.22362869198312235,nan
musk1_group_trainnoise0.1,UCI id=74 cached official retrieval; molecule_name group split,13,0.7,release_3,granular_ball,logistic,476,166,2,39,6.128205128205129,4.0,1,41,4,0.3333333333333333,0.6923076923076923,5.117989302316606,5.521539858201511,0.830065417870296,0.8,0.75,1.0,musk1,0.1,StratifiedGroupKFold_by_molecule,0.7635528494365219,0.7598574372177139,0.09282700421940929,nan
musk1_group_trainnoise0.1,UCI id=74 cached official retrieval; molecule_name group split,13,0.7,release_3,granular_ball,random_forest,476,166,2,39,6.128205128205129,4.0,1,41,4,0.3333333333333333,0.6923076923076923,5.117989302316606,5.521539858201511,0.830065417870296,0.8,0.75,1.0,musk1,0.1,StratifiedGroupKFold_by_molecule,0.7800744182734248,0.785220222821271,0.09282700421940929,nan
musk1_group_trainnoise0.1,UCI id=74 cached official retrieval; molecule_name group split,13,0.7,release_3,matched_kmeans,logistic,476,166,2,39,6.128205128205129,5.0,1,28,3,0.10256410256410256,0.5897435897435898,5.303646787949306,5.936324905107719,0.8278382586074895,0.8461538461538461,0.6833333333333333,1.0,musk1,0.1,StratifiedGroupKFold_by_molecule,0.8584450497605443,0.8475269423296904,0.16033755274261605,nan
musk1_group_trainnoise0.1,UCI id=74 cached official retrieval; molecule_name group split,13,0.7,release_3,matched_kmeans,random_forest,476,166,2,39,6.128205128205129,5.0,1,28,3,0.10256410256410256,0.5897435897435898,5.303646787949306,5.936324905107719,0.8278382586074895,0.8461538461538461,0.6833333333333333,1.0,musk1,0.1,StratifiedGroupKFold_by_molecule,0.8783670708041802,0.858352284210239,0.12236286919831224,nan
musk1_group_trainnoise0.1,UCI id=74 cached official retrieval; molecule_name group split,13,0.8,release_1,granular_ball,logistic,476,166,2,75,3.1866666666666665,2.0,1,30,24,0.6666666666666666,0.88,3.2433017337769097,3.559993122602206,0.8808561808561808,1.0,0.8090909090909091,1.0,musk1,0.1,StratifiedGroupKFold_by_molecule,0.8490626502163114,0.8645475583952371,0.2742616033755274,nan
musk1_group_trainnoise0.1,UCI id=74 cached official retrieval; molecule_name group split,13,0.8,release_1,granular_ball,random_forest,476,166,2,75,3.1866666666666665,2.0,1,30,24,0.6666666666666666,0.88,3.2433017337769097,3.559993122602206,0.8808561808561808,1.0,0.8090909090909091,1.0,musk1,0.1,StratifiedGroupKFold_by_molecule,0.8466324841104523,0.8564809377827935,0.2869198312236287,nan
musk1_group_trainnoise0.1,UCI id=74 cached official retrieval; molecule_name group split,13,0.8,release_1,matched_kmeans,logistic,476,166,2,75,3.1866666666666665,3.0,1,9,15,0.41333333333333333,0.8666666666666667,3.571775663150097,4.068157461469387,0.9017883597883597,1.0,0.8,1.0,musk1,0.1,StratifiedGroupKFold_by_molecule,0.9398422617458029,0.9399521498266559,0.4767932489451477,nan
musk1_group_trainnoise0.1,UCI id=74 cached official retrieval; molecule_name group split,13,0.8,release_1,matched_kmeans,random_forest,476,166,2,75,3.1866666666666665,3.0,1,9,15,0.41333333333333333,0.8666666666666667,3.571775663150097,4.068157461469387,0.9017883597883597,1.0,0.8,1.0,musk1,0.1,StratifiedGroupKFold_by_molecule,0.9290355890259754,0.9166922910518883,0.33755274261603374,nan
musk1_group_trainnoise0.1,UCI id=74 cached official retrieval; molecule_name group split,13,0.8,release_2,granular_ball,logistic,476,166,2,75,3.1866666666666665,2.0,1,30,24,0.6666666666666666,0.88,3.2433017337769097,3.559993122602206,0.8808561808561808,1.0,0.8090909090909091,1.0,musk1,0.1,StratifiedGroupKFold_by_molecule,0.8609197244031406,0.8616381133996156,0.189873417721519,nan
musk1_group_trainnoise0.1,UCI id=74 cached official retrieval; molecule_name group split,13,0.8,release_2,granular_ball,random_forest,476,166,2,75,3.1866666666666665,2.0,1,30,24,0.6666666666666666,0.88,3.2433017337769097,3.559993122602206,0.8808561808561808,1.0,0.8090909090909091,1.0,musk1,0.1,StratifiedGroupKFold_by_molecule,0.875874592746889,0.877538399939993,0.2320675105485232,nan
musk1_group_trainnoise0.1,UCI id=74 cached official retrieval; molecule_name group split,13,0.8,release_2,matched_kmeans,logistic,476,166,2,75,3.1866666666666665,3.0,1,9,15,0.41333333333333333,0.8666666666666667,3.571775663150097,4.068157461469387,0.9017883597883597,1.0,0.8,1.0,musk1,0.1,StratifiedGroupKFold_by_molecule,0.962078726699781,0.9534033731401947,0.3080168776371308,nan
musk1_group_trainnoise0.1,UCI id=74 cached official retrieval; molecule_name group split,13,0.8,release_2,matched_kmeans,random_forest,476,166,2,75,3.1866666666666665,3.0,1,9,15,0.41333333333333333,0.8666666666666667,3.571775663150097,4.068157461469387,0.9017883597883597,1.0,0.8,1.0,musk1,0.1,StratifiedGroupKFold_by_molecule,0.958170877174242,0.9453330092780873,0.4430379746835443,nan
musk1_group_trainnoise0.1,UCI id=74 cached official retrieval; molecule_name group split,13,0.8,release_3,granular_ball,logistic,476,166,2,75,3.1866666666666665,2.0,1,30,24,0.6666666666666666,0.88,3.2433017337769097,3.559993122602206,0.8808561808561808,1.0,0.8090909090909091,1.0,musk1,0.1,StratifiedGroupKFold_by_molecule,0.8562374263383719,0.8593938921781367,0.18565400843881857,nan
musk1_group_trainnoise0.1,UCI id=74 cached official retrieval; molecule_name group split,13,0.8,release_3,granular_ball,random_forest,476,166,2,75,3.1866666666666665,2.0,1,30,24,0.6666666666666666,0.88,3.2433017337769097,3.559993122602206,0.8808561808561808,1.0,0.8090909090909091,1.0,musk1,0.1,StratifiedGroupKFold_by_molecule,0.8804233652014457,0.8858004018323266,0.32489451476793246,nan
musk1_group_trainnoise0.1,UCI id=74 cached official retrieval; molecule_name group split,13,0.8,release_3,matched_kmeans,logistic,476,166,2,75,3.1866666666666665,3.0,1,9,15,0.41333333333333333,0.8666666666666667,3.571775663150097,4.068157461469387,0.9017883597883597,1.0,0.8,1.0,musk1,0.1,StratifiedGroupKFold_by_molecule,0.9596752657159643,0.9495530297060376,0.31645569620253167,nan
musk1_group_trainnoise0.1,UCI id=74 cached official retrieval; molecule_name group split,13,0.8,release_3,matched_kmeans,random_forest,476,166,2,75,3.1866666666666665,3.0,1,9,15,0.41333333333333333,0.8666666666666667,3.571775663150097,4.068157461469387,0.9017883597883597,1.0,0.8,1.0,musk1,0.1,StratifiedGroupKFold_by_molecule,0.9586159625416155,0.9539472668338796,0.3459915611814346,nan
musk1_group_trainnoise0.1,UCI id=74 cached official retrieval; molecule_name group split,13,0.9,release_1,granular_ball,logistic,476,166,2,102,2.343137254901961,2.0,1,17,38,0.7549019607843137,0.9509803921568627,2.622627491493059,3.059595083260109,0.9117647058823529,1.0,1.0,1.0,musk1,0.1,StratifiedGroupKFold_by_molecule,0.8788655664156385,0.89675793281503,0.31645569620253167,nan
musk1_group_trainnoise0.1,UCI id=74 cached official retrieval; molecule_name group split,13,0.9,release_1,granular_ball,random_forest,476,166,2,102,2.343137254901961,2.0,1,17,38,0.7549019607843137,0.9509803921568627,2.622627491493059,3.059595083260109,0.9117647058823529,1.0,1.0,1.0,musk1,0.1,StratifiedGroupKFold_by_molecule,0.8956986950097029,0.8849350352397747,0.189873417721519,nan
musk1_group_trainnoise0.1,UCI id=74 cached official retrieval; molecule_name group split,13,0.9,release_1,matched_kmeans,logistic,476,166,2,102,2.343137254901961,2.0,1,8,35,0.6176470588235294,0.9705882352941176,2.550341351354889,3.2137869246434914,0.9188725490196079,1.0,1.0,1.0,musk1,0.1,StratifiedGroupKFold_by_molecule,0.9650697003685307,0.9617708334061557,0.42616033755274263,nan
musk1_group_trainnoise0.1,UCI id=74 cached official retrieval; molecule_name group split,13,0.9,release_1,matched_kmeans,random_forest,476,166,2,102,2.343137254901961,2.0,1,8,35,0.6176470588235294,0.9705882352941176,2.550341351354889,3.2137869246434914,0.9188725490196079,1.0,1.0,1.0,musk1,0.1,StratifiedGroupKFold_by_molecule,0.9500258149513076,0.921963688165018,0.0,nan
musk1_group_trainnoise0.1,UCI id=74 cached official retrieval; molecule_name group split,13,0.9,release_2,granular_ball,logistic,476,166,2,102,2.343137254901961,2.0,1,17,38,0.7549019607843137,0.9509803921568627,2.622627491493059,3.059595083260109,0.9117647058823529,1.0,1.0,1.0,musk1,0.1,StratifiedGroupKFold_by_molecule,0.9167334294717727,0.9088431017597827,0.2320675105485232,nan
musk1_group_trainnoise0.1,UCI id=74 cached official retrieval; molecule_name group split,13,0.9,release_2,granular_ball,random_forest,476,166,2,102,2.343137254901961,2.0,1,17,38,0.7549019607843137,0.9509803921568627,2.622627491493059,3.059595083260109,0.9117647058823529,1.0,1.0,1.0,musk1,0.1,StratifiedGroupKFold_by_molecule,0.9356495575851449,0.9203061698233701,0.28270042194092826,nan
musk1_group_trainnoise0.1,UCI id=74 cached official retrieval; molecule_name group split,13,0.9,release_2,matched_kmeans,logistic,476,166,2,102,2.343137254901961,2.0,1,8,35,0.6176470588235294,0.9705882352941176,2.550341351354889,3.2137869246434914,0.9188725490196079,1.0,1.0,1.0,musk1,0.1,StratifiedGroupKFold_by_molecule,0.9767665438231052,0.9684280824236807,0.34177215189873417,nan
musk1_group_trainnoise0.1,UCI id=74 cached official retrieval; molecule_name group split,13,0.9,release_2,matched_kmeans,random_forest,476,166,2,102,2.343137254901961,2.0,1,8,35,0.6176470588235294,0.9705882352941176,2.550341351354889,3.2137869246434914,0.9188725490196079,1.0,1.0,1.0,musk1,0.1,StratifiedGroupKFold_by_molecule,0.9763214584557319,0.9675006440355609,0.459915611814346,nan
musk1_group_trainnoise0.1,UCI id=74 cached official retrieval; molecule_name group split,13,0.9,release_3,granular_ball,logistic,476,166,2,102,2.343137254901961,2.0,1,17,38,0.7549019607843137,0.9509803921568627,2.622627491493059,3.059595083260109,0.9117647058823529,1.0,1.0,1.0,musk1,0.1,StratifiedGroupKFold_by_molecule,0.9151311221492282,0.9076380457802884,0.2320675105485232,nan
musk1_group_trainnoise0.1,UCI id=74 cached official retrieval; molecule_name group split,13,0.9,release_3,granular_ball,random_forest,476,166,2,102,2.343137254901961,2.0,1,17,38,0.7549019607843137,0.9509803921568627,2.622627491493059,3.059595083260109,0.9117647058823529,1.0,1.0,1.0,musk1,0.1,StratifiedGroupKFold_by_molecule,0.9363349890509,0.9204741529218647,0.3459915611814346,nan
musk1_group_trainnoise0.1,UCI id=74 cached official retrieval; molecule_name group split,13,0.9,release_3,matched_kmeans,logistic,476,166,2,102,2.343137254901961,2.0,1,8,35,0.6176470588235294,0.9705882352941176,2.550341351354889,3.2137869246434914,0.9188725490196079,1.0,1.0,1.0,musk1,0.1,StratifiedGroupKFold_by_molecule,0.9761612277234774,0.9672202951562529,0.3628691983122363,nan
musk1_group_trainnoise0.1,UCI id=74 cached official retrieval; molecule_name group split,13,0.9,release_3,matched_kmeans,random_forest,476,166,2,102,2.343137254901961,2.0,1,8,35,0.6176470588235294,0.9705882352941176,2.550341351354889,3.2137869246434914,0.9188725490196079,1.0,1.0,1.0,musk1,0.1,StratifiedGroupKFold_by_molecule,0.9766953301643255,0.9655837644022642,0.5274261603375527,nan
musk1_group_trainnoise0.1,UCI id=74 cached official retrieval; molecule_name group split,13,0.95,release_1,granular_ball,logistic,476,166,2,102,2.343137254901961,2.0,1,17,38,0.7549019607843137,0.9509803921568627,2.622627491493059,3.059595083260109,0.9117647058823529,1.0,1.0,1.0,musk1,0.1,StratifiedGroupKFold_by_molecule,0.8788655664156385,0.89675793281503,0.31645569620253167,nan
musk1_group_trainnoise0.1,UCI id=74 cached official retrieval; molecule_name group split,13,0.95,release_1,granular_ball,random_forest,476,166,2,102,2.343137254901961,2.0,1,17,38,0.7549019607843137,0.9509803921568627,2.622627491493059,3.059595083260109,0.9117647058823529,1.0,1.0,1.0,musk1,0.1,StratifiedGroupKFold_by_molecule,0.8956986950097029,0.8849350352397747,0.189873417721519,nan
musk1_group_trainnoise0.1,UCI id=74 cached official retrieval; molecule_name group split,13,0.95,release_1,matched_kmeans,logistic,476,166,2,102,2.343137254901961,2.0,1,8,35,0.6176470588235294,0.9705882352941176,2.550341351354889,3.2137869246434914,0.9188725490196079,1.0,1.0,1.0,musk1,0.1,StratifiedGroupKFold_by_molecule,0.9650697003685307,0.9617708334061557,0.42616033755274263,nan
musk1_group_trainnoise0.1,UCI id=74 cached official retrieval; molecule_name group split,13,0.95,release_1,matched_kmeans,random_forest,476,166,2,102,2.343137254901961,2.0,1,8,35,0.6176470588235294,0.9705882352941176,2.550341351354889,3.2137869246434914,0.9188725490196079,1.0,1.0,1.0,musk1,0.1,StratifiedGroupKFold_by_molecule,0.9500258149513076,0.921963688165018,0.0,nan
musk1_group_trainnoise0.1,UCI id=74 cached official retrieval; molecule_name group split,13,0.95,release_2,granular_ball,logistic,476,166,2,102,2.343137254901961,2.0,1,17,38,0.7549019607843137,0.9509803921568627,2.622627491493059,3.059595083260109,0.9117647058823529,1.0,1.0,1.0,musk1,0.1,StratifiedGroupKFold_by_molecule,0.9167334294717727,0.9088431017597827,0.2320675105485232,nan
musk1_group_trainnoise0.1,UCI id=74 cached official retrieval; molecule_name group split,13,0.95,release_2,granular_ball,random_forest,476,166,2,102,2.343137254901961,2.0,1,17,38,0.7549019607843137,0.9509803921568627,2.622627491493059,3.059595083260109,0.9117647058823529,1.0,1.0,1.0,musk1,0.1,StratifiedGroupKFold_by_molecule,0.9356495575851449,0.9203061698233701,0.28270042194092826,nan
musk1_group_trainnoise0.1,UCI id=74 cached official retrieval; molecule_name group split,13,0.95,release_2,matched_kmeans,logistic,476,166,2,102,2.343137254901961,2.0,1,8,35,0.6176470588235294,0.9705882352941176,2.550341351354889,3.2137869246434914,0.9188725490196079,1.0,1.0,1.0,musk1,0.1,StratifiedGroupKFold_by_molecule,0.9767665438231052,0.9684280824236807,0.34177215189873417,nan
musk1_group_trainnoise0.1,UCI id=74 cached official retrieval; molecule_name group split,13,0.95,release_2,matched_kmeans,random_forest,476,166,2,102,2.343137254901961,2.0,1,8,35,0.6176470588235294,0.9705882352941176,2.550341351354889,3.2137869246434914,0.9188725490196079,1.0,1.0,1.0,musk1,0.1,StratifiedGroupKFold_by_molecule,0.9763214584557319,0.9675006440355609,0.459915611814346,nan
musk1_group_trainnoise0.1,UCI id=74 cached official retrieval; molecule_name group split,13,0.95,release_3,granular_ball,logistic,476,166,2,102,2.343137254901961,2.0,1,17,38,0.7549019607843137,0.9509803921568627,2.622627491493059,3.059595083260109,0.9117647058823529,1.0,1.0,1.0,musk1,0.1,StratifiedGroupKFold_by_molecule,0.9151311221492282,0.9076380457802884,0.2320675105485232,nan
musk1_group_trainnoise0.1,UCI id=74 cached official retrieval; molecule_name group split,13,0.95,release_3,granular_ball,random_forest,476,166,2,102,2.343137254901961,2.0,1,17,38,0.7549019607843137,0.9509803921568627,2.622627491493059,3.059595083260109,0.9117647058823529,1.0,1.0,1.0,musk1,0.1,StratifiedGroupKFold_by_molecule,0.9363349890509,0.9204741529218647,0.3459915611814346,nan
musk1_group_trainnoise0.1,UCI id=74 cached official retrieval; molecule_name group split,13,0.95,release_3,matched_kmeans,logistic,476,166,2,102,2.343137254901961,2.0,1,8,35,0.6176470588235294,0.9705882352941176,2.550341351354889,3.2137869246434914,0.9188725490196079,1.0,1.0,1.0,musk1,0.1,StratifiedGroupKFold_by_molecule,0.9761612277234774,0.9672202951562529,0.3628691983122363,nan
musk1_group_trainnoise0.1,UCI id=74 cached official retrieval; molecule_name group split,13,0.95,release_3,matched_kmeans,random_forest,476,166,2,102,2.343137254901961,2.0,1,8,35,0.6176470588235294,0.9705882352941176,2.550341351354889,3.2137869246434914,0.9188725490196079,1.0,1.0,1.0,musk1,0.1,StratifiedGroupKFold_by_molecule,0.9766953301643255,0.9655837644022642,0.5274261603375527,nan
musk1_group_trainnoise0.1,UCI id=74 cached official retrieval; molecule_name group split,13,0.99,release_1,granular_ball,logistic,476,166,2,102,2.343137254901961,2.0,1,17,38,0.7549019607843137,0.9509803921568627,2.622627491493059,3.059595083260109,0.9117647058823529,1.0,1.0,1.0,musk1,0.1,StratifiedGroupKFold_by_molecule,0.8788655664156385,0.89675793281503,0.31645569620253167,nan
musk1_group_trainnoise0.1,UCI id=74 cached official retrieval; molecule_name group split,13,0.99,release_1,granular_ball,random_forest,476,166,2,102,2.343137254901961,2.0,1,17,38,0.7549019607843137,0.9509803921568627,2.622627491493059,3.059595083260109,0.9117647058823529,1.0,1.0,1.0,musk1,0.1,StratifiedGroupKFold_by_molecule,0.8956986950097029,0.8849350352397747,0.189873417721519,nan
musk1_group_trainnoise0.1,UCI id=74 cached official retrieval; molecule_name group split,13,0.99,release_1,matched_kmeans,logistic,476,166,2,102,2.343137254901961,2.0,1,8,35,0.6176470588235294,0.9705882352941176,2.550341351354889,3.2137869246434914,0.9188725490196079,1.0,1.0,1.0,musk1,0.1,StratifiedGroupKFold_by_molecule,0.9650697003685307,0.9617708334061557,0.42616033755274263,nan
musk1_group_trainnoise0.1,UCI id=74 cached official retrieval; molecule_name group split,13,0.99,release_1,matched_kmeans,random_forest,476,166,2,102,2.343137254901961,2.0,1,8,35,0.6176470588235294,0.9705882352941176,2.550341351354889,3.2137869246434914,0.9188725490196079,1.0,1.0,1.0,musk1,0.1,StratifiedGroupKFold_by_molecule,0.9500258149513076,0.921963688165018,0.0,nan
musk1_group_trainnoise0.1,UCI id=74 cached official retrieval; molecule_name group split,13,0.99,release_2,granular_ball,logistic,476,166,2,102,2.343137254901961,2.0,1,17,38,0.7549019607843137,0.9509803921568627,2.622627491493059,3.059595083260109,0.9117647058823529,1.0,1.0,1.0,musk1,0.1,StratifiedGroupKFold_by_molecule,0.9167334294717727,0.9088431017597827,0.2320675105485232,nan
musk1_group_trainnoise0.1,UCI id=74 cached official retrieval; molecule_name group split,13,0.99,release_2,granular_ball,random_forest,476,166,2,102,2.343137254901961,2.0,1,17,38,0.7549019607843137,0.9509803921568627,2.622627491493059,3.059595083260109,0.9117647058823529,1.0,1.0,1.0,musk1,0.1,StratifiedGroupKFold_by_molecule,0.9356495575851449,0.9203061698233701,0.28270042194092826,nan
musk1_group_trainnoise0.1,UCI id=74 cached official retrieval; molecule_name group split,13,0.99,release_2,matched_kmeans,logistic,476,166,2,102,2.343137254901961,2.0,1,8,35,0.6176470588235294,0.9705882352941176,2.550341351354889,3.2137869246434914,0.9188725490196079,1.0,1.0,1.0,musk1,0.1,StratifiedGroupKFold_by_molecule,0.9767665438231052,0.9684280824236807,0.34177215189873417,nan
musk1_group_trainnoise0.1,UCI id=74 cached official retrieval; molecule_name group split,13,0.99,release_2,matched_kmeans,random_forest,476,166,2,102,2.343137254901961,2.0,1,8,35,0.6176470588235294,0.9705882352941176,2.550341351354889,3.2137869246434914,0.9188725490196079,1.0,1.0,1.0,musk1,0.1,StratifiedGroupKFold_by_molecule,0.9763214584557319,0.9675006440355609,0.459915611814346,nan
musk1_group_trainnoise0.1,UCI id=74 cached official retrieval; molecule_name group split,13,0.99,release_3,granular_ball,logistic,476,166,2,102,2.343137254901961,2.0,1,17,38,0.7549019607843137,0.9509803921568627,2.622627491493059,3.059595083260109,0.9117647058823529,1.0,1.0,1.0,musk1,0.1,StratifiedGroupKFold_by_molecule,0.9151311221492282,0.9076380457802884,0.2320675105485232,nan
musk1_group_trainnoise0.1,UCI id=74 cached official retrieval; molecule_name group split,13,0.99,release_3,granular_ball,random_forest,476,166,2,102,2.343137254901961,2.0,1,17,38,0.7549019607843137,0.9509803921568627,2.622627491493059,3.059595083260109,0.9117647058823529,1.0,1.0,1.0,musk1,0.1,StratifiedGroupKFold_by_molecule,0.9363349890509,0.9204741529218647,0.3459915611814346,nan
musk1_group_trainnoise0.1,UCI id=74 cached official retrieval; molecule_name group split,13,0.99,release_3,matched_kmeans,logistic,476,166,2,102,2.343137254901961,2.0,1,8,35,0.6176470588235294,0.9705882352941176,2.550341351354889,3.2137869246434914,0.9188725490196079,1.0,1.0,1.0,musk1,0.1,StratifiedGroupKFold_by_molecule,0.9761612277234774,0.9672202951562529,0.3628691983122363,nan
musk1_group_trainnoise0.1,UCI id=74 cached official retrieval; molecule_name group split,13,0.99,release_3,matched_kmeans,random_forest,476,166,2,102,2.343137254901961,2.0,1,8,35,0.6176470588235294,0.9705882352941176,2.550341351354889,3.2137869246434914,0.9188725490196079,1.0,1.0,1.0,musk1,0.1,StratifiedGroupKFold_by_molecule,0.9766953301643255,0.9655837644022642,0.5274261603375527,nan
musk1_group_trainnoise0.1,UCI id=74 cached official retrieval; molecule_name group split,73,0.7,release_1,granular_ball,logistic,476,166,2,29,8.241379310344827,5.0,1,35,7,0.41379310344827586,0.6206896551724138,4.632078301421359,5.103730617665541,0.8575835140743864,0.8484848484848485,0.7428571428571429,1.0,musk1,0.1,StratifiedGroupKFold_by_molecule,0.7441115205896491,0.6993158631666883,0.02531645569620253,nan
musk1_group_trainnoise0.1,UCI id=74 cached official retrieval; molecule_name group split,73,0.7,release_1,granular_ball,random_forest,476,166,2,29,8.241379310344827,5.0,1,35,7,0.41379310344827586,0.6206896551724138,4.632078301421359,5.103730617665541,0.8575835140743864,0.8484848484848485,0.7428571428571429,1.0,musk1,0.1,StratifiedGroupKFold_by_molecule,0.745740533034236,0.742344858831253,0.10970464135021098,nan
musk1_group_trainnoise0.1,UCI id=74 cached official retrieval; molecule_name group split,73,0.7,release_1,matched_kmeans,logistic,476,166,2,29,8.241379310344827,8.0,1,22,1,0.13793103448275862,0.41379310344827586,5.763355126343283,5.982211247046679,0.8477844095811429,0.8888888888888888,0.75,1.0,musk1,0.1,StratifiedGroupKFold_by_molecule,0.7738966333742812,0.7655069569134747,0.0759493670886076,nan
musk1_group_trainnoise0.1,UCI id=74 cached official retrieval; molecule_name group split,73,0.7,release_1,matched_kmeans,random_forest,476,166,2,29,8.241379310344827,8.0,1,22,1,0.13793103448275862,0.41379310344827586,5.763355126343283,5.982211247046679,0.8477844095811429,0.8888888888888888,0.75,1.0,musk1,0.1,StratifiedGroupKFold_by_molecule,0.7923943812423224,0.8031633793189452,0.18143459915611815,nan
musk1_group_trainnoise0.1,UCI id=74 cached official retrieval; molecule_name group split,73,0.7,release_2,granular_ball,logistic,476,166,2,29,8.241379310344827,5.0,1,35,7,0.41379310344827586,0.6206896551724138,4.632078301421359,5.103730617665541,0.8575835140743864,0.8484848484848485,0.7428571428571429,1.0,musk1,0.1,StratifiedGroupKFold_by_molecule,0.7643005928537092,0.702374251951383,0.008438818565400843,nan
musk1_group_trainnoise0.1,UCI id=74 cached official retrieval; molecule_name group split,73,0.7,release_2,granular_ball,random_forest,476,166,2,29,8.241379310344827,5.0,1,35,7,0.41379310344827586,0.6206896551724138,4.632078301421359,5.103730617665541,0.8575835140743864,0.8484848484848485,0.7428571428571429,1.0,musk1,0.1,StratifiedGroupKFold_by_molecule,0.8013673022485711,0.7918478280734229,0.05485232067510549,nan
musk1_group_trainnoise0.1,UCI id=74 cached official retrieval; molecule_name group split,73,0.7,release_2,matched_kmeans,logistic,476,166,2,29,8.241379310344827,8.0,1,22,1,0.13793103448275862,0.41379310344827586,5.763355126343283,5.982211247046679,0.8477844095811429,0.8888888888888888,0.75,1.0,musk1,0.1,StratifiedGroupKFold_by_molecule,0.7872313909807902,0.7637284035391628,0.046413502109704644,nan
musk1_group_trainnoise0.1,UCI id=74 cached official retrieval; molecule_name group split,73,0.7,release_2,matched_kmeans,random_forest,476,166,2,29,8.241379310344827,8.0,1,22,1,0.13793103448275862,0.41379310344827586,5.763355126343283,5.982211247046679,0.8477844095811429,0.8888888888888888,0.75,1.0,musk1,0.1,StratifiedGroupKFold_by_molecule,0.8213249301215975,0.8282269034185739,0.19831223628691982,nan
musk1_group_trainnoise0.1,UCI id=74 cached official retrieval; molecule_name group split,73,0.7,release_3,granular_ball,logistic,476,166,2,29,8.241379310344827,5.0,1,35,7,0.41379310344827586,0.6206896551724138,4.632078301421359,5.103730617665541,0.8575835140743864,0.8484848484848485,0.7428571428571429,1.0,musk1,0.1,StratifiedGroupKFold_by_molecule,0.7872313909807901,0.7519299151727084,0.03375527426160337,nan
musk1_group_trainnoise0.1,UCI id=74 cached official retrieval; molecule_name group split,73,0.7,release_3,granular_ball,random_forest,476,166,2,29,8.241379310344827,5.0,1,35,7,0.41379310344827586,0.6206896551724138,4.632078301421359,5.103730617665541,0.8575835140743864,0.8484848484848485,0.7428571428571429,1.0,musk1,0.1,StratifiedGroupKFold_by_molecule,0.8200786910929517,0.8239133903355778,0.16033755274261605,nan
musk1_group_trainnoise0.1,UCI id=74 cached official retrieval; molecule_name group split,73,0.7,release_3,matched_kmeans,logistic,476,166,2,29,8.241379310344827,8.0,1,22,1,0.13793103448275862,0.41379310344827586,5.763355126343283,5.982211247046679,0.8477844095811429,0.8888888888888888,0.75,1.0,musk1,0.1,StratifiedGroupKFold_by_molecule,0.7928928768537806,0.7780001592347947,0.06329113924050633,nan
musk1_group_trainnoise0.1,UCI id=74 cached official retrieval; molecule_name group split,73,0.7,release_3,matched_kmeans,random_forest,476,166,2,29,8.241379310344827,8.0,1,22,1,0.13793103448275862,0.41379310344827586,5.763355126343283,5.982211247046679,0.8477844095811429,0.8888888888888888,0.75,1.0,musk1,0.1,StratifiedGroupKFold_by_molecule,0.8345528672399367,0.8444940155775553,0.22362869198312235,nan
musk1_group_trainnoise0.1,UCI id=74 cached official retrieval; molecule_name group split,73,0.8,release_1,granular_ball,logistic,476,166,2,52,4.596153846153846,2.0,1,33,16,0.6346153846153846,0.8076923076923077,3.3825894147052673,3.337035082655507,0.8934209785312726,1.0,0.8207720588235294,1.0,musk1,0.1,StratifiedGroupKFold_by_molecule,0.7995335505349925,0.7806917417989194,0.06329113924050633,nan
musk1_group_trainnoise0.1,UCI id=74 cached official retrieval; molecule_name group split,73,0.8,release_1,granular_ball,random_forest,476,166,2,52,4.596153846153846,2.0,1,33,16,0.6346153846153846,0.8076923076923077,3.3825894147052673,3.337035082655507,0.8934209785312726,1.0,0.8207720588235294,1.0,musk1,0.1,StratifiedGroupKFold_by_molecule,0.8088981466645302,0.8254637807438943,0.23628691983122363,nan
musk1_group_trainnoise0.1,UCI id=74 cached official retrieval; molecule_name group split,73,0.8,release_1,matched_kmeans,logistic,476,166,2,52,4.596153846153846,4.0,1,16,7,0.2692307692307692,0.6730769230769231,4.447826688878047,5.062325783206274,0.8739583333333333,1.0,0.75,1.0,musk1,0.1,StratifiedGroupKFold_by_molecule,0.8403745838451815,0.8400998633155016,0.20675105485232068,nan
musk1_group_trainnoise0.1,UCI id=74 cached official retrieval; molecule_name group split,73,0.8,release_1,matched_kmeans,random_forest,476,166,2,52,4.596153846153846,4.0,1,16,7,0.2692307692307692,0.6730769230769231,4.447826688878047,5.062325783206274,0.8739583333333333,1.0,0.75,1.0,musk1,0.1,StratifiedGroupKFold_by_molecule,0.7997026829745946,0.7852467445877002,0.10548523206751055,nan
musk1_group_trainnoise0.1,UCI id=74 cached official retrieval; molecule_name group split,73,0.8,release_2,granular_ball,logistic,476,166,2,52,4.596153846153846,2.0,1,33,16,0.6346153846153846,0.8076923076923077,3.3825894147052673,3.337035082655507,0.8934209785312726,1.0,0.8207720588235294,1.0,musk1,0.1,StratifiedGroupKFold_by_molecule,0.837080952126618,0.8026464623923042,0.02531645569620253,nan
musk1_group_trainnoise0.1,UCI id=74 cached official retrieval; molecule_name group split,73,0.8,release_2,granular_ball,random_forest,476,166,2,52,4.596153846153846,2.0,1,33,16,0.6346153846153846,0.8076923076923077,3.3825894147052673,3.337035082655507,0.8934209785312726,1.0,0.8207720588235294,1.0,musk1,0.1,StratifiedGroupKFold_by_molecule,0.8839217361890012,0.866589327205065,0.1308016877637131,nan
musk1_group_trainnoise0.1,UCI id=74 cached official retrieval; molecule_name group split,73,0.8,release_2,matched_kmeans,logistic,476,166,2,52,4.596153846153846,4.0,1,16,7,0.2692307692307692,0.6730769230769231,4.447826688878047,5.062325783206274,0.8739583333333333,1.0,0.75,1.0,musk1,0.1,StratifiedGroupKFold_by_molecule,0.863964108315975,0.843181102672796,0.14345991561181434,nan
musk1_group_trainnoise0.1,UCI id=74 cached official retrieval; molecule_name group split,73,0.8,release_2,matched_kmeans,random_forest,476,166,2,52,4.596153846153846,4.0,1,16,7,0.2692307692307692,0.6730769230769231,4.447826688878047,5.062325783206274,0.8739583333333333,1.0,0.75,1.0,musk1,0.1,StratifiedGroupKFold_by_molecule,0.8651569371005359,0.8409092595480736,0.06751054852320675,nan
musk1_group_trainnoise0.1,UCI id=74 cached official retrieval; molecule_name group split,73,0.8,release_3,granular_ball,logistic,476,166,2,52,4.596153846153846,2.0,1,33,16,0.6346153846153846,0.8076923076923077,3.3825894147052673,3.337035082655507,0.8934209785312726,1.0,0.8207720588235294,1.0,musk1,0.1,StratifiedGroupKFold_by_molecule,0.8511812565650092,0.8277207504693991,0.10548523206751055,nan
musk1_group_trainnoise0.1,UCI id=74 cached official retrieval; molecule_name group split,73,0.8,release_3,granular_ball,random_forest,476,166,2,52,4.596153846153846,2.0,1,33,16,0.6346153846153846,0.8076923076923077,3.3825894147052673,3.337035082655507,0.8934209785312726,1.0,0.8207720588235294,1.0,musk1,0.1,StratifiedGroupKFold_by_molecule,0.9026865352774662,0.8924553066186083,0.25738396624472576,nan
musk1_group_trainnoise0.1,UCI id=74 cached official retrieval; molecule_name group split,73,0.8,release_3,matched_kmeans,logistic,476,166,2,52,4.596153846153846,4.0,1,16,7,0.2692307692307692,0.6730769230769231,4.447826688878047,5.062325783206274,0.8739583333333333,1.0,0.75,1.0,musk1,0.1,StratifiedGroupKFold_by_molecule,0.8679342697929462,0.8509898803370034,0.14345991561181434,nan
musk1_group_trainnoise0.1,UCI id=74 cached official retrieval; molecule_name group split,73,0.8,release_3,matched_kmeans,random_forest,476,166,2,52,4.596153846153846,4.0,1,16,7,0.2692307692307692,0.6730769230769231,4.447826688878047,5.062325783206274,0.8739583333333333,1.0,0.75,1.0,musk1,0.1,StratifiedGroupKFold_by_molecule,0.872215991027079,0.8490300661127387,0.06329113924050633,nan
musk1_group_trainnoise0.1,UCI id=74 cached official retrieval; molecule_name group split,73,0.9,release_1,granular_ball,logistic,476,166,2,103,2.320388349514563,2.0,1,22,42,0.7961165048543689,0.9514563106796117,2.3082464617843383,2.748693888268218,0.9258605472197706,1.0,1.0,1.0,musk1,0.1,StratifiedGroupKFold_by_molecule,0.9127454645801065,0.9294356747670964,0.569620253164557,nan
musk1_group_trainnoise0.1,UCI id=74 cached official retrieval; molecule_name group split,73,0.9,release_1,granular_ball,random_forest,476,166,2,103,2.320388349514563,2.0,1,22,42,0.7961165048543689,0.9514563106796117,2.3082464617843383,2.748693888268218,0.9258605472197706,1.0,1.0,1.0,musk1,0.1,StratifiedGroupKFold_by_molecule,0.9000694333173104,0.9225525661679158,0.6033755274261603,nan
musk1_group_trainnoise0.1,UCI id=74 cached official retrieval; molecule_name group split,73,0.9,release_1,matched_kmeans,logistic,476,166,2,103,2.320388349514563,2.0,1,8,32,0.6310679611650486,0.9611650485436893,2.6208131365241796,3.394764121765984,0.9022422561257513,1.0,1.0,1.0,musk1,0.1,StratifiedGroupKFold_by_molecule,0.9620431198703912,0.95914656472799,0.5147679324894515,nan
musk1_group_trainnoise0.1,UCI id=74 cached official retrieval; molecule_name group split,73,0.9,release_1,matched_kmeans,random_forest,476,166,2,103,2.320388349514563,2.0,1,8,32,0.6310679611650486,0.9611650485436893,2.6208131365241796,3.394764121765984,0.9022422561257513,1.0,1.0,1.0,musk1,0.1,StratifiedGroupKFold_by_molecule,0.9449963502999875,0.9410769258366367,0.4050632911392405,nan
musk1_group_trainnoise0.1,UCI id=74 cached official retrieval; molecule_name group split,73,0.9,release_2,granular_ball,logistic,476,166,2,103,2.320388349514563,2.0,1,22,42,0.7961165048543689,0.9514563106796117,2.3082464617843383,2.748693888268218,0.9258605472197706,1.0,1.0,1.0,musk1,0.1,StratifiedGroupKFold_by_molecule,0.9552778222863145,0.952347026348541,0.5527426160337553,nan
musk1_group_trainnoise0.1,UCI id=74 cached official retrieval; molecule_name group split,73,0.9,release_2,granular_ball,random_forest,476,166,2,103,2.320388349514563,2.0,1,22,42,0.7961165048543689,0.9514563106796117,2.3082464617843383,2.748693888268218,0.9258605472197706,1.0,1.0,1.0,musk1,0.1,StratifiedGroupKFold_by_molecule,0.9627018462141042,0.9673966217344053,0.7046413502109705,nan
musk1_group_trainnoise0.1,UCI id=74 cached official retrieval; molecule_name group split,73,0.9,release_2,matched_kmeans,logistic,476,166,2,103,2.320388349514563,2.0,1,8,32,0.6310679611650486,0.9611650485436893,2.6208131365241796,3.394764121765984,0.9022422561257513,1.0,1.0,1.0,musk1,0.1,StratifiedGroupKFold_by_molecule,0.9668144350086347,0.9567522003956572,0.35864978902953587,nan
musk1_group_trainnoise0.1,UCI id=74 cached official retrieval; molecule_name group split,73,0.9,release_2,matched_kmeans,random_forest,476,166,2,103,2.320388349514563,2.0,1,8,32,0.6310679611650486,0.9611650485436893,2.6208131365241796,3.394764121765984,0.9022422561257513,1.0,1.0,1.0,musk1,0.1,StratifiedGroupKFold_by_molecule,0.9702950025814951,0.9684401588385261,0.5147679324894515,nan
musk1_group_trainnoise0.1,UCI id=74 cached official retrieval; molecule_name group split,73,0.9,release_3,granular_ball,logistic,476,166,2,103,2.320388349514563,2.0,1,22,42,0.7961165048543689,0.9514563106796117,2.3082464617843383,2.748693888268218,0.9258605472197706,1.0,1.0,1.0,musk1,0.1,StratifiedGroupKFold_by_molecule,0.9587138813224376,0.9542935441371648,0.42616033755274263,nan
musk1_group_trainnoise0.1,UCI id=74 cached official retrieval; molecule_name group split,73,0.9,release_3,granular_ball,random_forest,476,166,2,103,2.320388349514563,2.0,1,22,42,0.7961165048543689,0.9514563106796117,2.3082464617843383,2.748693888268218,0.9258605472197706,1.0,1.0,1.0,musk1,0.1,StratifiedGroupKFold_by_molecule,0.9678915415976784,0.9691194576004961,0.5654008438818565,nan
musk1_group_trainnoise0.1,UCI id=74 cached official retrieval; molecule_name group split,73,0.9,release_3,matched_kmeans,logistic,476,166,2,103,2.320388349514563,2.0,1,8,32,0.6310679611650486,0.9611650485436893,2.6208131365241796,3.394764121765984,0.9022422561257513,1.0,1.0,1.0,musk1,0.1,StratifiedGroupKFold_by_molecule,0.9670280759849739,0.9563273366906637,0.25316455696202533,nan
musk1_group_trainnoise0.1,UCI id=74 cached official retrieval; molecule_name group split,73,0.9,release_3,matched_kmeans,random_forest,476,166,2,103,2.320388349514563,2.0,1,8,32,0.6310679611650486,0.9611650485436893,2.6208131365241796,3.394764121765984,0.9022422561257513,1.0,1.0,1.0,musk1,0.1,StratifiedGroupKFold_by_molecule,0.9751464330858658,0.9746278524949472,0.6244725738396625,nan
musk1_group_trainnoise0.1,UCI id=74 cached official retrieval; molecule_name group split,73,0.95,release_1,granular_ball,logistic,476,166,2,106,2.2547169811320753,2.0,1,22,43,0.7924528301886793,0.9622641509433962,2.3011972132483947,2.809611792091072,0.9288164665523156,1.0,1.0,1.0,musk1,0.1,StratifiedGroupKFold_by_molecule,0.9198846338727767,0.9338337599201961,0.5822784810126582,nan
musk1_group_trainnoise0.1,UCI id=74 cached official retrieval; molecule_name group split,73,0.95,release_1,granular_ball,random_forest,476,166,2,106,2.2547169811320753,2.0,1,22,43,0.7924528301886793,0.9622641509433962,2.3011972132483947,2.809611792091072,0.9288164665523156,1.0,1.0,1.0,musk1,0.1,StratifiedGroupKFold_by_molecule,0.929356050490484,0.9404234731547814,0.5358649789029536,nan
musk1_group_trainnoise0.1,UCI id=74 cached official retrieval; molecule_name group split,73,0.95,release_1,matched_kmeans,logistic,476,166,2,106,2.2547169811320753,2.0,1,6,33,0.6415094339622641,0.9716981132075472,2.581574949044897,3.37713537100566,0.9040880503144654,1.0,1.0,1.0,musk1,0.1,StratifiedGroupKFold_by_molecule,0.9660488881767523,0.9634584711083769,0.5189873417721519,nan
musk1_group_trainnoise0.1,UCI id=74 cached official retrieval; molecule_name group split,73,0.95,release_1,matched_kmeans,random_forest,476,166,2,106,2.2547169811320753,2.0,1,6,33,0.6415094339622641,0.9716981132075472,2.581574949044897,3.37713537100566,0.9040880503144654,1.0,1.0,1.0,musk1,0.1,StratifiedGroupKFold_by_molecule,0.9480674393348645,0.9374964640304783,0.25738396624472576,nan
musk1_group_trainnoise0.1,UCI id=74 cached official retrieval; molecule_name group split,73,0.95,release_2,granular_ball,logistic,476,166,2,106,2.2547169811320753,2.0,1,22,43,0.7924528301886793,0.9622641509433962,2.3011972132483947,2.809611792091072,0.9288164665523156,1.0,1.0,1.0,musk1,0.1,StratifiedGroupKFold_by_molecule,0.9638768715839698,0.9579806993569349,0.5864978902953587,nan
musk1_group_trainnoise0.1,UCI id=74 cached official retrieval; molecule_name group split,73,0.95,release_2,granular_ball,random_forest,476,166,2,106,2.2547169811320753,2.0,1,22,43,0.7924528301886793,0.9622641509433962,2.3011972132483947,2.809611792091072,0.9288164665523156,1.0,1.0,1.0,musk1,0.1,StratifiedGroupKFold_by_molecule,0.9721287542950738,0.9735308770770081,0.6033755274261603,nan
musk1_group_trainnoise0.1,UCI id=74 cached official retrieval; molecule_name group split,73,0.95,release_2,matched_kmeans,logistic,476,166,2,106,2.2547169811320753,2.0,1,6,33,0.6415094339622641,0.9716981132075472,2.581574949044897,3.37713537100566,0.9040880503144654,1.0,1.0,1.0,musk1,0.1,StratifiedGroupKFold_by_molecule,0.9680250672078905,0.9600036111235627,0.38396624472573837,nan
musk1_group_trainnoise0.1,UCI id=74 cached official retrieval; molecule_name group split,73,0.95,release_2,matched_kmeans,random_forest,476,166,2,106,2.2547169811320753,2.0,1,6,33,0.6415094339622641,0.9716981132075472,2.581574949044897,3.37713537100566,0.9040880503144654,1.0,1.0,1.0,musk1,0.1,StratifiedGroupKFold_by_molecule,0.9723958055154979,0.9678024816717241,0.5485232067510548,nan
musk1_group_trainnoise0.1,UCI id=74 cached official retrieval; molecule_name group split,73,0.95,release_3,granular_ball,logistic,476,166,2,106,2.2547169811320753,2.0,1,22,43,0.7924528301886793,0.9622641509433962,2.3011972132483947,2.809611792091072,0.9288164665523156,1.0,1.0,1.0,musk1,0.1,StratifiedGroupKFold_by_molecule,0.967028075984974,0.9609757728034682,0.48945147679324896,nan
musk1_group_trainnoise0.1,UCI id=74 cached official retrieval; molecule_name group split,73,0.95,release_3,granular_ball,random_forest,476,166,2,106,2.2547169811320753,2.0,1,22,43,0.7924528301886793,0.9622641509433962,2.3011972132483947,2.809611792091072,0.9288164665523156,1.0,1.0,1.0,musk1,0.1,StratifiedGroupKFold_by_molecule,0.9737577667396606,0.9715775148970249,0.6244725738396625,nan
musk1_group_trainnoise0.1,UCI id=74 cached official retrieval; molecule_name group split,73,0.95,release_3,matched_kmeans,logistic,476,166,2,106,2.2547169811320753,2.0,1,6,33,0.6415094339622641,0.9716981132075472,2.581574949044897,3.37713537100566,0.9040880503144654,1.0,1.0,1.0,musk1,0.1,StratifiedGroupKFold_by_molecule,0.9687194003809931,0.9598603856636221,0.24050632911392406,nan
musk1_group_trainnoise0.1,UCI id=74 cached official retrieval; molecule_name group split,73,0.95,release_3,matched_kmeans,random_forest,476,166,2,106,2.2547169811320753,2.0,1,6,33,0.6415094339622641,0.9716981132075472,2.581574949044897,3.37713537100566,0.9040880503144654,1.0,1.0,1.0,musk1,0.1,StratifiedGroupKFold_by_molecule,0.976552902846766,0.9760007122148479,0.6624472573839663,nan
musk1_group_trainnoise0.1,UCI id=74 cached official retrieval; molecule_name group split,73,0.99,release_1,granular_ball,logistic,476,166,2,108,2.212962962962963,2.0,1,13,44,0.7870370370370371,0.9537037037037037,2.3148927752721624,2.809611792091072,0.9305555555555556,1.0,1.0,1.0,musk1,0.1,StratifiedGroupKFold_by_molecule,0.929961366590112,0.9402041119205983,0.620253164556962,nan
musk1_group_trainnoise0.1,UCI id=74 cached official retrieval; molecule_name group split,73,0.99,release_1,granular_ball,random_forest,476,166,2,108,2.212962962962963,2.0,1,13,44,0.7870370370370371,0.9537037037037037,2.3148927752721624,2.809611792091072,0.9305555555555556,1.0,1.0,1.0,musk1,0.1,StratifiedGroupKFold_by_molecule,0.9347504851430505,0.9416195198735958,0.5443037974683544,nan
musk1_group_trainnoise0.1,UCI id=74 cached official retrieval; molecule_name group split,73,0.99,release_1,matched_kmeans,logistic,476,166,2,108,2.212962962962963,2.0,1,6,36,0.6481481481481481,0.9814814814814815,2.487922063060595,3.3371016511598883,0.9058641975308641,1.0,1.0,1.0,musk1,0.1,StratifiedGroupKFold_by_molecule,0.9676333920846016,0.9651562677868631,0.540084388185654,nan
musk1_group_trainnoise0.1,UCI id=74 cached official retrieval; molecule_name group split,73,0.99,release_1,matched_kmeans,random_forest,476,166,2,108,2.212962962962963,2.0,1,6,36,0.6481481481481481,0.9814814814814815,2.487922063060595,3.3371016511598883,0.9058641975308641,1.0,1.0,1.0,musk1,0.1,StratifiedGroupKFold_by_molecule,0.9518150581281489,0.9422208630834312,0.2320675105485232,nan
musk1_group_trainnoise0.1,UCI id=74 cached official retrieval; molecule_name group split,73,0.99,release_2,granular_ball,logistic,476,166,2,108,2.212962962962963,2.0,1,13,44,0.7870370370370371,0.9537037037037037,2.3148927752721624,2.809611792091072,0.9305555555555556,1.0,1.0,1.0,musk1,0.1,StratifiedGroupKFold_by_molecule,0.9633961793872066,0.9557949616237917,0.4472573839662447,nan
musk1_group_trainnoise0.1,UCI id=74 cached official retrieval; molecule_name group split,73,0.99,release_2,granular_ball,random_forest,476,166,2,108,2.212962962962963,2.0,1,13,44,0.7870370370370371,0.9537037037037037,2.3148927752721624,2.809611792091072,0.9305555555555556,1.0,1.0,1.0,musk1,0.1,StratifiedGroupKFold_by_molecule,0.9679182467197208,0.9640364757614192,0.510548523206751,nan
musk1_group_trainnoise0.1,UCI id=74 cached official retrieval; molecule_name group split,73,0.99,release_2,matched_kmeans,logistic,476,166,2,108,2.212962962962963,2.0,1,6,36,0.6481481481481481,0.9814814814814815,2.487922063060595,3.3371016511598883,0.9058641975308641,1.0,1.0,1.0,musk1,0.1,StratifiedGroupKFold_by_molecule,0.9695739642863501,0.9625893689018987,0.46835443037974683,nan
musk1_group_trainnoise0.1,UCI id=74 cached official retrieval; molecule_name group split,73,0.99,release_2,matched_kmeans,random_forest,476,166,2,108,2.212962962962963,2.0,1,6,36,0.6481481481481481,0.9814814814814815,2.487922063060595,3.3371016511598883,0.9058641975308641,1.0,1.0,1.0,musk1,0.1,StratifiedGroupKFold_by_molecule,0.9734551086898467,0.9707133851995082,0.5611814345991561,nan
musk1_group_trainnoise0.1,UCI id=74 cached official retrieval; molecule_name group split,73,0.99,release_3,granular_ball,logistic,476,166,2,108,2.212962962962963,2.0,1,13,44,0.7870370370370371,0.9537037037037037,2.3148927752721624,2.809611792091072,0.9305555555555556,1.0,1.0,1.0,musk1,0.1,StratifiedGroupKFold_by_molecule,0.9661913154943118,0.9578458980276731,0.3755274261603376,nan
musk1_group_trainnoise0.1,UCI id=74 cached official retrieval; molecule_name group split,73,0.99,release_3,granular_ball,random_forest,476,166,2,108,2.212962962962963,2.0,1,13,44,0.7870370370370371,0.9537037037037037,2.3148927752721624,2.809611792091072,0.9305555555555556,1.0,1.0,1.0,musk1,0.1,StratifiedGroupKFold_by_molecule,0.9732236642988125,0.9720917674521061,0.5316455696202531,nan
musk1_group_trainnoise0.1,UCI id=74 cached official retrieval; molecule_name group split,73,0.99,release_3,matched_kmeans,logistic,476,166,2,108,2.212962962962963,2.0,1,6,36,0.6481481481481481,0.9814814814814815,2.487922063060595,3.3371016511598883,0.9058641975308641,1.0,1.0,1.0,musk1,0.1,StratifiedGroupKFold_by_molecule,0.969591767701045,0.9618123455702148,0.32489451476793246,nan
musk1_group_trainnoise0.1,UCI id=74 cached official retrieval; molecule_name group split,73,0.99,release_3,matched_kmeans,random_forest,476,166,2,108,2.212962962962963,2.0,1,6,36,0.6481481481481481,0.9814814814814815,2.487922063060595,3.3371016511598883,0.9058641975308641,1.0,1.0,1.0,musk1,0.1,StratifiedGroupKFold_by_molecule,0.974825971621357,0.9734836930711163,0.5991561181434599,nan
musk1_group_trainnoise0.1,UCI id=74 cached official retrieval; molecule_name group split,314,0.7,release_1,granular_ball,logistic,476,166,2,34,7.0,5.5,1,26,6,0.29411764705882354,0.5,4.924593737600916,5.197985142834778,0.8850086188321482,1.0,0.8,1.0,musk1,0.1,StratifiedGroupKFold_by_molecule,0.7268554480615775,0.7319242622587734,0.13865546218487396,nan
musk1_group_trainnoise0.1,UCI id=74 cached official retrieval; molecule_name group split,314,0.7,release_1,granular_ball,random_forest,476,166,2,34,7.0,5.5,1,26,6,0.29411764705882354,0.5,4.924593737600916,5.197985142834778,0.8850086188321482,1.0,0.8,1.0,musk1,0.1,StratifiedGroupKFold_by_molecule,0.76089259233105,0.7679935174950394,0.12184873949579832,nan
musk1_group_trainnoise0.1,UCI id=74 cached official retrieval; molecule_name group split,314,0.7,release_1,matched_kmeans,logistic,476,166,2,34,7.0,6.0,1,19,2,0.20588235294117646,0.47058823529411764,5.402610854933275,5.97810965003106,0.8606350434910807,0.9,0.7589285714285714,1.0,musk1,0.1,StratifiedGroupKFold_by_molecule,0.783383941812019,0.7903364968349867,0.18487394957983194,nan
musk1_group_trainnoise0.1,UCI id=74 cached official retrieval; molecule_name group split,314,0.7,release_1,matched_kmeans,random_forest,476,166,2,34,7.0,6.0,1,19,2,0.20588235294117646,0.47058823529411764,5.402610854933275,5.97810965003106,0.8606350434910807,0.9,0.7589285714285714,1.0,musk1,0.1,StratifiedGroupKFold_by_molecule,0.7575912718028388,0.7746129394147825,0.18907563025210083,nan
musk1_group_trainnoise0.1,UCI id=74 cached official retrieval; molecule_name group split,314,0.7,release_2,granular_ball,logistic,476,166,2,34,7.0,5.5,1,26,6,0.29411764705882354,0.5,4.924593737600916,5.197985142834778,0.8850086188321482,1.0,0.8,1.0,musk1,0.1,StratifiedGroupKFold_by_molecule,0.7305275051196949,0.7281529932903981,0.10504201680672269,nan
musk1_group_trainnoise0.1,UCI id=74 cached official retrieval; molecule_name group split,314,0.7,release_2,granular_ball,random_forest,476,166,2,34,7.0,5.5,1,26,6,0.29411764705882354,0.5,4.924593737600916,5.197985142834778,0.8850086188321482,1.0,0.8,1.0,musk1,0.1,StratifiedGroupKFold_by_molecule,0.7925640844573124,0.8004897681594345,0.20168067226890757,nan
musk1_group_trainnoise0.1,UCI id=74 cached official retrieval; molecule_name group split,314,0.7,release_2,matched_kmeans,logistic,476,166,2,34,7.0,6.0,1,19,2,0.20588235294117646,0.47058823529411764,5.402610854933275,5.97810965003106,0.8606350434910807,0.9,0.7589285714285714,1.0,musk1,0.1,StratifiedGroupKFold_by_molecule,0.7773462326106915,0.7869337062049846,0.18487394957983194,nan
musk1_group_trainnoise0.1,UCI id=74 cached official retrieval; molecule_name group split,314,0.7,release_2,matched_kmeans,random_forest,476,166,2,34,7.0,6.0,1,19,2,0.20588235294117646,0.47058823529411764,5.402610854933275,5.97810965003106,0.8606350434910807,0.9,0.7589285714285714,1.0,musk1,0.1,StratifiedGroupKFold_by_molecule,0.7699403290728056,0.7987064539957688,0.2184873949579832,nan
musk1_group_trainnoise0.1,UCI id=74 cached official retrieval; molecule_name group split,314,0.7,release_3,granular_ball,logistic,476,166,2,34,7.0,5.5,1,26,6,0.29411764705882354,0.5,4.924593737600916,5.197985142834778,0.8850086188321482,1.0,0.8,1.0,musk1,0.1,StratifiedGroupKFold_by_molecule,0.7299096109031847,0.7273996958158544,0.1134453781512605,nan
musk1_group_trainnoise0.1,UCI id=74 cached official retrieval; molecule_name group split,314,0.7,release_3,granular_ball,random_forest,476,166,2,34,7.0,5.5,1,26,6,0.29411764705882354,0.5,4.924593737600916,5.197985142834778,0.8850086188321482,1.0,0.8,1.0,musk1,0.1,StratifiedGroupKFold_by_molecule,0.8108360991455406,0.8254258232834106,0.23109243697478993,nan
musk1_group_trainnoise0.1,UCI id=74 cached official retrieval; molecule_name group split,314,0.7,release_3,matched_kmeans,logistic,476,166,2,34,7.0,6.0,1,19,2,0.20588235294117646,0.47058823529411764,5.402610854933275,5.97810965003106,0.8606350434910807,0.9,0.7589285714285714,1.0,musk1,0.1,StratifiedGroupKFold_by_molecule,0.7783348633571076,0.7824812016500866,0.17647058823529413,nan
musk1_group_trainnoise0.1,UCI id=74 cached official retrieval; molecule_name group split,314,0.7,release_3,matched_kmeans,random_forest,476,166,2,34,7.0,6.0,1,19,2,0.20588235294117646,0.47058823529411764,5.402610854933275,5.97810965003106,0.8606350434910807,0.9,0.7589285714285714,1.0,musk1,0.1,StratifiedGroupKFold_by_molecule,0.775933902972954,0.8026493956733047,0.22268907563025211,nan
musk1_group_trainnoise0.1,UCI id=74 cached official retrieval; molecule_name group split,314,0.8,release_1,granular_ball,logistic,476,166,2,61,3.901639344262295,2.0,1,12,14,0.5573770491803278,0.7377049180327869,3.6523521793697165,3.9854227610114017,0.8578584439240177,1.0,0.8,1.0,musk1,0.1,StratifiedGroupKFold_by_molecule,0.8540357319398348,0.8567340330462279,0.18907563025210083,nan
musk1_group_trainnoise0.1,UCI id=74 cached official retrieval; molecule_name group split,314,0.8,release_1,granular_ball,random_forest,476,166,2,61,3.901639344262295,2.0,1,12,14,0.5573770491803278,0.7377049180327869,3.6523521793697165,3.9854227610114017,0.8578584439240177,1.0,0.8,1.0,musk1,0.1,StratifiedGroupKFold_by_molecule,0.8372025280700514,0.850234579951457,0.20168067226890757,nan
musk1_group_trainnoise0.1,UCI id=74 cached official retrieval; molecule_name group split,314,0.8,release_1,matched_kmeans,logistic,476,166,2,61,3.901639344262295,4.0,1,14,4,0.3770491803278688,0.8524590163934426,4.281630529532569,4.548751797434534,0.8826502732240438,1.0,0.75,1.0,musk1,0.1,StratifiedGroupKFold_by_molecule,0.9060094626085728,0.8988865375565726,0.2605042016806723,nan
musk1_group_trainnoise0.1,UCI id=74 cached official retrieval; molecule_name group split,314,0.8,release_1,matched_kmeans,random_forest,476,166,2,61,3.901639344262295,4.0,1,14,4,0.3770491803278688,0.8524590163934426,4.281630529532569,4.548751797434534,0.8826502732240438,1.0,0.75,1.0,musk1,0.1,StratifiedGroupKFold_by_molecule,0.8844449544523691,0.8758425627346791,0.15966386554621848,nan
musk1_group_trainnoise0.1,UCI id=74 cached official retrieval; molecule_name group split,314,0.8,release_2,granular_ball,logistic,476,166,2,61,3.901639344262295,2.0,1,12,14,0.5573770491803278,0.7377049180327869,3.6523521793697165,3.9854227610114017,0.8578584439240177,1.0,0.8,1.0,musk1,0.1,StratifiedGroupKFold_by_molecule,0.8735435350610832,0.8635450900611529,0.14705882352941177,nan
musk1_group_trainnoise0.1,UCI id=74 cached official retrieval; molecule_name group split,314,0.8,release_2,granular_ball,random_forest,476,166,2,61,3.901639344262295,2.0,1,12,14,0.5573770491803278,0.7377049180327869,3.6523521793697165,3.9854227610114017,0.8578584439240177,1.0,0.8,1.0,musk1,0.1,StratifiedGroupKFold_by_molecule,0.902867029164607,0.9015243167981118,0.20168067226890757,nan
musk1_group_trainnoise0.1,UCI id=74 cached official retrieval; molecule_name group split,314,0.8,release_2,matched_kmeans,logistic,476,166,2,61,3.901639344262295,4.0,1,14,4,0.3770491803278688,0.8524590163934426,4.281630529532569,4.548751797434534,0.8826502732240438,1.0,0.75,1.0,musk1,0.1,StratifiedGroupKFold_by_molecule,0.9157015747475461,0.901363488545256,0.23529411764705882,nan
musk1_group_trainnoise0.1,UCI id=74 cached official retrieval; molecule_name group split,314,0.8,release_2,matched_kmeans,random_forest,476,166,2,61,3.901639344262295,4.0,1,14,4,0.3770491803278688,0.8524590163934426,4.281630529532569,4.548751797434534,0.8826502732240438,1.0,0.75,1.0,musk1,0.1,StratifiedGroupKFold_by_molecule,0.9195060377092014,0.8989588620395818,0.21428571428571427,nan
musk1_group_trainnoise0.1,UCI id=74 cached official retrieval; molecule_name group split,314,0.8,release_3,granular_ball,logistic,476,166,2,61,3.901639344262295,2.0,1,12,14,0.5573770491803278,0.7377049180327869,3.6523521793697165,3.9854227610114017,0.8578584439240177,1.0,0.8,1.0,musk1,0.1,StratifiedGroupKFold_by_molecule,0.8747969776145752,0.8619143289147462,0.14285714285714285,nan
musk1_group_trainnoise0.1,UCI id=74 cached official retrieval; molecule_name group split,314,0.8,release_3,granular_ball,random_forest,476,166,2,61,3.901639344262295,2.0,1,12,14,0.5573770491803278,0.7377049180327869,3.6523521793697165,3.9854227610114017,0.8578584439240177,1.0,0.8,1.0,musk1,0.1,StratifiedGroupKFold_by_molecule,0.9096109031848033,0.9078659195292703,0.23109243697478993,nan
musk1_group_trainnoise0.1,UCI id=74 cached official retrieval; molecule_name group split,314,0.8,release_3,matched_kmeans,logistic,476,166,2,61,3.901639344262295,4.0,1,14,4,0.3770491803278688,0.8524590163934426,4.281630529532569,4.548751797434534,0.8826502732240438,1.0,0.75,1.0,musk1,0.1,StratifiedGroupKFold_by_molecule,0.9144128239531106,0.9002542926477433,0.226890756302521,nan
musk1_group_trainnoise0.1,UCI id=74 cached official retrieval; molecule_name group split,314,0.8,release_3,matched_kmeans,random_forest,476,166,2,61,3.901639344262295,4.0,1,14,4,0.3770491803278688,0.8524590163934426,4.281630529532569,4.548751797434534,0.8826502732240438,1.0,0.75,1.0,musk1,0.1,StratifiedGroupKFold_by_molecule,0.9212449685756655,0.9042094893800262,0.22268907563025211,nan
musk1_group_trainnoise0.1,UCI id=74 cached official retrieval; molecule_name group split,314,0.9,release_1,granular_ball,logistic,476,166,2,91,2.6153846153846154,2.0,1,12,27,0.6813186813186813,0.9230769230769231,2.863489841506234,3.300705867228212,0.8716117216117216,1.0,0.7,1.0,musk1,0.1,StratifiedGroupKFold_by_molecule,0.8961761175058258,0.9060490809061335,0.3487394957983193,nan
musk1_group_trainnoise0.1,UCI id=74 cached official retrieval; molecule_name group split,314,0.9,release_1,granular_ball,random_forest,476,166,2,91,2.6153846153846154,2.0,1,12,27,0.6813186813186813,0.9230769230769231,2.863489841506234,3.300705867228212,0.8716117216117216,1.0,0.7,1.0,musk1,0.1,StratifiedGroupKFold_by_molecule,0.9036702916460702,0.9099206186523878,0.29831932773109243,nan
musk1_group_trainnoise0.1,UCI id=74 cached official retrieval; molecule_name group split,314,0.9,release_1,matched_kmeans,logistic,476,166,2,91,2.6153846153846154,2.0,1,10,22,0.5824175824175825,0.9340659340659341,2.99073573871704,3.6259261381575905,0.915018315018315,1.0,0.8333333333333334,1.0,musk1,0.1,StratifiedGroupKFold_by_molecule,0.946825789139185,0.939032480079788,0.31512605042016806,nan
musk1_group_trainnoise0.1,UCI id=74 cached official retrieval; molecule_name group split,314,0.9,release_1,matched_kmeans,random_forest,476,166,2,91,2.6153846153846154,2.0,1,10,22,0.5824175824175825,0.9340659340659341,2.99073573871704,3.6259261381575905,0.915018315018315,1.0,0.8333333333333334,1.0,musk1,0.1,StratifiedGroupKFold_by_molecule,0.9330379210507732,0.9208432319507522,0.24789915966386555,nan
musk1_group_trainnoise0.1,UCI id=74 cached official retrieval; molecule_name group split,314,0.9,release_2,granular_ball,logistic,476,166,2,91,2.6153846153846154,2.0,1,12,27,0.6813186813186813,0.9230769230769231,2.863489841506234,3.300705867228212,0.8716117216117216,1.0,0.7,1.0,musk1,0.1,StratifiedGroupKFold_by_molecule,0.9140597415436763,0.911865157103021,0.2857142857142857,nan
musk1_group_trainnoise0.1,UCI id=74 cached official retrieval; molecule_name group split,314,0.9,release_2,granular_ball,random_forest,476,166,2,91,2.6153846153846154,2.0,1,12,27,0.6813186813186813,0.9230769230769231,2.863489841506234,3.300705867228212,0.8716117216117216,1.0,0.7,1.0,musk1,0.1,StratifiedGroupKFold_by_molecule,0.9452457453569663,0.948502045312684,0.5336134453781513,nan
musk1_group_trainnoise0.1,UCI id=74 cached official retrieval; molecule_name group split,314,0.9,release_2,matched_kmeans,logistic,476,166,2,91,2.6153846153846154,2.0,1,10,22,0.5824175824175825,0.9340659340659341,2.99073573871704,3.6259261381575905,0.915018315018315,1.0,0.8333333333333334,1.0,musk1,0.1,StratifiedGroupKFold_by_molecule,0.9591130569875008,0.9501597633864983,0.3445378151260504,nan
musk1_group_trainnoise0.1,UCI id=74 cached official retrieval; molecule_name group split,314,0.9,release_2,matched_kmeans,random_forest,476,166,2,91,2.6153846153846154,2.0,1,10,22,0.5824175824175825,0.9340659340659341,2.99073573871704,3.6259261381575905,0.915018315018315,1.0,0.8333333333333334,1.0,musk1,0.1,StratifiedGroupKFold_by_molecule,0.9535431819786738,0.9387747771681538,0.29831932773109243,nan
musk1_group_trainnoise0.1,UCI id=74 cached official retrieval; molecule_name group split,314,0.9,release_3,granular_ball,logistic,476,166,2,91,2.6153846153846154,2.0,1,12,27,0.6813186813186813,0.9230769230769231,2.863489841506234,3.300705867228212,0.8716117216117216,1.0,0.7,1.0,musk1,0.1,StratifiedGroupKFold_by_molecule,0.9204505331544383,0.921617353864068,0.31092436974789917,nan
musk1_group_trainnoise0.1,UCI id=74 cached official retrieval; molecule_name group split,314,0.9,release_3,granular_ball,random_forest,476,166,2,91,2.6153846153846154,2.0,1,12,27,0.6813186813186813,0.9230769230769231,2.863489841506234,3.300705867228212,0.8716117216117216,1.0,0.7,1.0,musk1,0.1,StratifiedGroupKFold_by_molecule,0.9507626580043782,0.9521694180136986,0.5714285714285714,nan
musk1_group_trainnoise0.1,UCI id=74 cached official retrieval; molecule_name group split,314,0.9,release_3,matched_kmeans,logistic,476,166,2,91,2.6153846153846154,2.0,1,10,22,0.5824175824175825,0.9340659340659341,2.99073573871704,3.6259261381575905,0.915018315018315,1.0,0.8333333333333334,1.0,musk1,0.1,StratifiedGroupKFold_by_molecule,0.9565532095191017,0.9473007182294617,0.31512605042016806,nan
musk1_group_trainnoise0.1,UCI id=74 cached official retrieval; molecule_name group split,314,0.9,release_3,matched_kmeans,random_forest,476,166,2,91,2.6153846153846154,2.0,1,10,22,0.5824175824175825,0.9340659340659341,2.99073573871704,3.6259261381575905,0.915018315018315,1.0,0.8333333333333334,1.0,musk1,0.1,StratifiedGroupKFold_by_molecule,0.9563237059529694,0.9400102308412535,0.24789915966386555,nan
musk1_group_trainnoise0.1,UCI id=74 cached official retrieval; molecule_name group split,314,0.95,release_1,granular_ball,logistic,476,166,2,97,2.4536082474226806,2.0,1,11,28,0.6907216494845361,0.9381443298969072,2.8687142287089533,3.3410024044844087,0.8711340206185567,1.0,0.5,1.0,musk1,0.1,StratifiedGroupKFold_by_molecule,0.9252524539227456,0.9333812707518696,0.3865546218487395,nan
musk1_group_trainnoise0.1,UCI id=74 cached official retrieval; molecule_name group split,314,0.95,release_1,granular_ball,random_forest,476,166,2,97,2.4536082474226806,2.0,1,11,28,0.6907216494845361,0.9381443298969072,2.8687142287089533,3.3410024044844087,0.8711340206185567,1.0,0.5,1.0,musk1,0.1,StratifiedGroupKFold_by_molecule,0.9177847609632088,0.924636417088217,0.31512605042016806,nan
musk1_group_trainnoise0.1,UCI id=74 cached official retrieval; molecule_name group split,314,0.95,release_1,matched_kmeans,logistic,476,166,2,97,2.4536082474226806,2.0,1,10,27,0.6185567010309279,0.979381443298969,2.7324932708782756,3.4103193089970736,0.9152920962199312,1.0,1.0,1.0,musk1,0.1,StratifiedGroupKFold_by_molecule,0.9543287903396653,0.9468186007079699,0.35294117647058826,nan
musk1_group_trainnoise0.1,UCI id=74 cached official retrieval; molecule_name group split,314,0.95,release_1,matched_kmeans,random_forest,476,166,2,97,2.4536082474226806,2.0,1,10,27,0.6185567010309279,0.979381443298969,2.7324932708782756,3.4103193089970736,0.9152920962199312,1.0,1.0,1.0,musk1,0.1,StratifiedGroupKFold_by_molecule,0.943515641550738,0.9226534521484927,0.1638655462184874,nan
musk1_group_trainnoise0.1,UCI id=74 cached official retrieval; molecule_name group split,314,0.95,release_2,granular_ball,logistic,476,166,2,97,2.4536082474226806,2.0,1,11,28,0.6907216494845361,0.9381443298969072,2.8687142287089533,3.3410024044844087,0.8711340206185567,1.0,0.5,1.0,musk1,0.1,StratifiedGroupKFold_by_molecule,0.9410881999858769,0.9414089329789443,0.3445378151260504,nan
musk1_group_trainnoise0.1,UCI id=74 cached official retrieval; molecule_name group split,314,0.95,release_2,granular_ball,random_forest,476,166,2,97,2.4536082474226806,2.0,1,11,28,0.6907216494845361,0.9381443298969072,2.8687142287089533,3.3410024044844087,0.8711340206185567,1.0,0.5,1.0,musk1,0.1,StratifiedGroupKFold_by_molecule,0.9573211637596215,0.9606471317351509,0.6176470588235294,nan
musk1_group_trainnoise0.1,UCI id=74 cached official retrieval; molecule_name group split,314,0.95,release_2,matched_kmeans,logistic,476,166,2,97,2.4536082474226806,2.0,1,10,27,0.6185567010309279,0.979381443298969,2.7324932708782756,3.4103193089970736,0.9152920962199312,1.0,1.0,1.0,musk1,0.1,StratifiedGroupKFold_by_molecule,0.9647976837793941,0.9538713622732996,0.3025210084033613,nan
musk1_group_trainnoise0.1,UCI id=74 cached official retrieval; molecule_name group split,314,0.95,release_2,matched_kmeans,random_forest,476,166,2,97,2.4536082474226806,2.0,1,10,27,0.6185567010309279,0.979381443298969,2.7324932708782756,3.4103193089970736,0.9152920962199312,1.0,1.0,1.0,musk1,0.1,StratifiedGroupKFold_by_molecule,0.9638973236353365,0.9556989155366185,0.38235294117647056,nan
musk1_group_trainnoise0.1,UCI id=74 cached official retrieval; molecule_name group split,314,0.95,release_3,granular_ball,logistic,476,166,2,97,2.4536082474226806,2.0,1,11,28,0.6907216494845361,0.9381443298969072,2.8687142287089533,3.3410024044844087,0.8711340206185567,1.0,0.5,1.0,musk1,0.1,StratifiedGroupKFold_by_molecule,0.943630393333804,0.9461748452387078,0.40336134453781514,nan
musk1_group_trainnoise0.1,UCI id=74 cached official retrieval; molecule_name group split,314,0.95,release_3,granular_ball,random_forest,476,166,2,97,2.4536082474226806,2.0,1,11,28,0.6907216494845361,0.9381443298969072,2.8687142287089533,3.3410024044844087,0.8711340206185567,1.0,0.5,1.0,musk1,0.1,StratifiedGroupKFold_by_molecule,0.9592807711319822,0.9629230381333944,0.6638655462184874,nan
musk1_group_trainnoise0.1,UCI id=74 cached official retrieval; molecule_name group split,314,0.95,release_3,matched_kmeans,logistic,476,166,2,97,2.4536082474226806,2.0,1,10,27,0.6185567010309279,0.979381443298969,2.7324932708782756,3.4103193089970736,0.9152920962199312,1.0,1.0,1.0,musk1,0.1,StratifiedGroupKFold_by_molecule,0.9637560906715628,0.9534639147254611,0.2857142857142857,nan
musk1_group_trainnoise0.1,UCI id=74 cached official retrieval; molecule_name group split,314,0.95,release_3,matched_kmeans,random_forest,476,166,2,97,2.4536082474226806,2.0,1,10,27,0.6185567010309279,0.979381443298969,2.7324932708782756,3.4103193089970736,0.9152920962199312,1.0,1.0,1.0,musk1,0.1,StratifiedGroupKFold_by_molecule,0.9669073511757644,0.9591173353663681,0.3277310924369748,nan
musk1_group_trainnoise0.1,UCI id=74 cached official retrieval; molecule_name group split,314,0.99,release_1,granular_ball,logistic,476,166,2,97,2.4536082474226806,2.0,1,11,28,0.6907216494845361,0.9381443298969072,2.8687142287089533,3.3410024044844087,0.8711340206185567,1.0,0.5,1.0,musk1,0.1,StratifiedGroupKFold_by_molecule,0.9252524539227456,0.9333812707518696,0.3865546218487395,nan
musk1_group_trainnoise0.1,UCI id=74 cached official retrieval; molecule_name group split,314,0.99,release_1,granular_ball,random_forest,476,166,2,97,2.4536082474226806,2.0,1,11,28,0.6907216494845361,0.9381443298969072,2.8687142287089533,3.3410024044844087,0.8711340206185567,1.0,0.5,1.0,musk1,0.1,StratifiedGroupKFold_by_molecule,0.9177847609632088,0.924636417088217,0.31512605042016806,nan
musk1_group_trainnoise0.1,UCI id=74 cached official retrieval; molecule_name group split,314,0.99,release_1,matched_kmeans,logistic,476,166,2,97,2.4536082474226806,2.0,1,10,27,0.6185567010309279,0.979381443298969,2.7324932708782756,3.4103193089970736,0.9152920962199312,1.0,1.0,1.0,musk1,0.1,StratifiedGroupKFold_by_molecule,0.9543287903396653,0.9468186007079699,0.35294117647058826,nan
musk1_group_trainnoise0.1,UCI id=74 cached official retrieval; molecule_name group split,314,0.99,release_1,matched_kmeans,random_forest,476,166,2,97,2.4536082474226806,2.0,1,10,27,0.6185567010309279,0.979381443298969,2.7324932708782756,3.4103193089970736,0.9152920962199312,1.0,1.0,1.0,musk1,0.1,StratifiedGroupKFold_by_molecule,0.943515641550738,0.9226534521484927,0.1638655462184874,nan
musk1_group_trainnoise0.1,UCI id=74 cached official retrieval; molecule_name group split,314,0.99,release_2,granular_ball,logistic,476,166,2,97,2.4536082474226806,2.0,1,11,28,0.6907216494845361,0.9381443298969072,2.8687142287089533,3.3410024044844087,0.8711340206185567,1.0,0.5,1.0,musk1,0.1,StratifiedGroupKFold_by_molecule,0.9410881999858769,0.9414089329789443,0.3445378151260504,nan
musk1_group_trainnoise0.1,UCI id=74 cached official retrieval; molecule_name group split,314,0.99,release_2,granular_ball,random_forest,476,166,2,97,2.4536082474226806,2.0,1,11,28,0.6907216494845361,0.9381443298969072,2.8687142287089533,3.3410024044844087,0.8711340206185567,1.0,0.5,1.0,musk1,0.1,StratifiedGroupKFold_by_molecule,0.9573211637596215,0.9606471317351509,0.6176470588235294,nan
musk1_group_trainnoise0.1,UCI id=74 cached official retrieval; molecule_name group split,314,0.99,release_2,matched_kmeans,logistic,476,166,2,97,2.4536082474226806,2.0,1,10,27,0.6185567010309279,0.979381443298969,2.7324932708782756,3.4103193089970736,0.9152920962199312,1.0,1.0,1.0,musk1,0.1,StratifiedGroupKFold_by_molecule,0.9647976837793941,0.9538713622732996,0.3025210084033613,nan
musk1_group_trainnoise0.1,UCI id=74 cached official retrieval; molecule_name group split,314,0.99,release_2,matched_kmeans,random_forest,476,166,2,97,2.4536082474226806,2.0,1,10,27,0.6185567010309279,0.979381443298969,2.7324932708782756,3.4103193089970736,0.9152920962199312,1.0,1.0,1.0,musk1,0.1,StratifiedGroupKFold_by_molecule,0.9638973236353365,0.9556989155366185,0.38235294117647056,nan
musk1_group_trainnoise0.1,UCI id=74 cached official retrieval; molecule_name group split,314,0.99,release_3,granular_ball,logistic,476,166,2,97,2.4536082474226806,2.0,1,11,28,0.6907216494845361,0.9381443298969072,2.8687142287089533,3.3410024044844087,0.8711340206185567,1.0,0.5,1.0,musk1,0.1,StratifiedGroupKFold_by_molecule,0.943630393333804,0.9461748452387078,0.40336134453781514,nan
musk1_group_trainnoise0.1,UCI id=74 cached official retrieval; molecule_name group split,314,0.99,release_3,granular_ball,random_forest,476,166,2,97,2.4536082474226806,2.0,1,11,28,0.6907216494845361,0.9381443298969072,2.8687142287089533,3.3410024044844087,0.8711340206185567,1.0,0.5,1.0,musk1,0.1,StratifiedGroupKFold_by_molecule,0.9592807711319822,0.9629230381333944,0.6638655462184874,nan
musk1_group_trainnoise0.1,UCI id=74 cached official retrieval; molecule_name group split,314,0.99,release_3,matched_kmeans,logistic,476,166,2,97,2.4536082474226806,2.0,1,10,27,0.6185567010309279,0.979381443298969,2.7324932708782756,3.4103193089970736,0.9152920962199312,1.0,1.0,1.0,musk1,0.1,StratifiedGroupKFold_by_molecule,0.9637560906715628,0.9534639147254611,0.2857142857142857,nan
musk1_group_trainnoise0.1,UCI id=74 cached official retrieval; molecule_name group split,314,0.99,release_3,matched_kmeans,random_forest,476,166,2,97,2.4536082474226806,2.0,1,10,27,0.6185567010309279,0.979381443298969,2.7324932708782756,3.4103193089970736,0.9152920962199312,1.0,1.0,1.0,musk1,0.1,StratifiedGroupKFold_by_molecule,0.9669073511757644,0.9591173353663681,0.3277310924369748,nan
musk1_group_trainnoise0.1,UCI id=74 cached official retrieval; molecule_name group split,808,0.7,release_1,granular_ball,logistic,476,166,2,37,6.45945945945946,5.0,1,29,9,0.3783783783783784,0.5675675675675675,4.430760242202635,5.350937145406242,0.8856852115472806,0.9,0.7857142857142857,1.0,musk1,0.1,StratifiedGroupKFold_by_molecule,0.7790774270505084,0.7776686696288557,0.10970464135021098,nan
musk1_group_trainnoise0.1,UCI id=74 cached official retrieval; molecule_name group split,808,0.7,release_1,granular_ball,random_forest,476,166,2,37,6.45945945945946,5.0,1,29,9,0.3783783783783784,0.5675675675675675,4.430760242202635,5.350937145406242,0.8856852115472806,0.9,0.7857142857142857,1.0,musk1,0.1,StratifiedGroupKFold_by_molecule,0.7583542523455999,0.7724083403909576,0.16033755274261605,nan
musk1_group_trainnoise0.1,UCI id=74 cached official retrieval; molecule_name group split,808,0.7,release_1,matched_kmeans,logistic,476,166,2,37,6.45945945945946,6.0,1,15,1,0.16216216216216217,0.43243243243243246,5.531547993146913,5.726780733287396,0.8699670449670449,0.9,0.75,1.0,musk1,0.1,StratifiedGroupKFold_by_molecule,0.8224287418326836,0.7999723880481262,0.06751054852320675,nan
musk1_group_trainnoise0.1,UCI id=74 cached official retrieval; molecule_name group split,808,0.7,release_1,matched_kmeans,random_forest,476,166,2,37,6.45945945945946,6.0,1,15,1,0.16216216216216217,0.43243243243243246,5.531547993146913,5.726780733287396,0.8699670449670449,0.9,0.75,1.0,musk1,0.1,StratifiedGroupKFold_by_molecule,0.8349445423632254,0.8307019306769589,0.16033755274261605,nan
musk1_group_trainnoise0.1,UCI id=74 cached official retrieval; molecule_name group split,808,0.7,release_2,granular_ball,logistic,476,166,2,37,6.45945945945946,5.0,1,29,9,0.3783783783783784,0.5675675675675675,4.430760242202635,5.350937145406242,0.8856852115472806,0.9,0.7857142857142857,1.0,musk1,0.1,StratifiedGroupKFold_by_molecule,0.7779024016806424,0.7636420637082306,0.06751054852320675,nan
musk1_group_trainnoise0.1,UCI id=74 cached official retrieval; molecule_name group split,808,0.7,release_2,granular_ball,random_forest,476,166,2,37,6.45945945945946,5.0,1,29,9,0.3783783783783784,0.5675675675675675,4.430760242202635,5.350937145406242,0.8856852115472806,0.9,0.7857142857142857,1.0,musk1,0.1,StratifiedGroupKFold_by_molecule,0.7988303156545425,0.7977854158013413,0.08438818565400844,nan
musk1_group_trainnoise0.1,UCI id=74 cached official retrieval; molecule_name group split,808,0.7,release_2,matched_kmeans,logistic,476,166,2,37,6.45945945945946,6.0,1,15,1,0.16216216216216217,0.43243243243243246,5.531547993146913,5.726780733287396,0.8699670449670449,0.9,0.75,1.0,musk1,0.1,StratifiedGroupKFold_by_molecule,0.8213249301215974,0.7775317596146318,0.04219409282700422,nan
musk1_group_trainnoise0.1,UCI id=74 cached official retrieval; molecule_name group split,808,0.7,release_2,matched_kmeans,random_forest,476,166,2,37,6.45945945945946,6.0,1,15,1,0.16216216216216217,0.43243243243243246,5.531547993146913,5.726780733287396,0.8699670449670449,0.9,0.75,1.0,musk1,0.1,StratifiedGroupKFold_by_molecule,0.8635012195339065,0.8584076416779249,0.18143459915611815,nan
musk1_group_trainnoise0.1,UCI id=74 cached official retrieval; molecule_name group split,808,0.7,release_3,granular_ball,logistic,476,166,2,37,6.45945945945946,5.0,1,29,9,0.3783783783783784,0.5675675675675675,4.430760242202635,5.350937145406242,0.8856852115472806,0.9,0.7857142857142857,1.0,musk1,0.1,StratifiedGroupKFold_by_molecule,0.7835282807242429,0.7851132087217195,0.08016877637130802,nan
musk1_group_trainnoise0.1,UCI id=74 cached official retrieval; molecule_name group split,808,0.7,release_3,granular_ball,random_forest,476,166,2,37,6.45945945945946,5.0,1,29,9,0.3783783783783784,0.5675675675675675,4.430760242202635,5.350937145406242,0.8856852115472806,0.9,0.7857142857142857,1.0,musk1,0.1,StratifiedGroupKFold_by_molecule,0.8273958945325715,0.8292916964944061,0.20675105485232068,nan
musk1_group_trainnoise0.1,UCI id=74 cached official retrieval; molecule_name group split,808,0.7,release_3,matched_kmeans,logistic,476,166,2,37,6.45945945945946,6.0,1,15,1,0.16216216216216217,0.43243243243243246,5.531547993146913,5.726780733287396,0.8699670449670449,0.9,0.75,1.0,musk1,0.1,StratifiedGroupKFold_by_molecule,0.8268083818476383,0.7831542784999708,0.029535864978902954,nan
musk1_group_trainnoise0.1,UCI id=74 cached official retrieval; molecule_name group split,808,0.7,release_3,matched_kmeans,random_forest,476,166,2,37,6.45945945945946,6.0,1,15,1,0.16216216216216217,0.43243243243243246,5.531547993146913,5.726780733287396,0.8699670449670449,0.9,0.75,1.0,musk1,0.1,StratifiedGroupKFold_by_molecule,0.8763908917730421,0.8547306201899776,0.14767932489451477,nan
musk1_group_trainnoise0.1,UCI id=74 cached official retrieval; molecule_name group split,808,0.8,release_1,granular_ball,logistic,476,166,2,66,3.621212121212121,2.0,1,15,20,0.5909090909090909,0.8333333333333334,3.257476430935096,3.326242405352784,0.9359362018452927,1.0,0.9375,1.0,musk1,0.1,StratifiedGroupKFold_by_molecule,0.8528369741316385,0.863455882285997,0.23628691983122363,nan
musk1_group_trainnoise0.1,UCI id=74 cached official retrieval; molecule_name group split,808,0.8,release_1,granular_ball,random_forest,476,166,2,66,3.621212121212121,2.0,1,15,20,0.5909090909090909,0.8333333333333334,3.257476430935096,3.326242405352784,0.9359362018452927,1.0,0.9375,1.0,musk1,0.1,StratifiedGroupKFold_by_molecule,0.8383449945699585,0.8497807473278881,0.34177215189873417,nan
musk1_group_trainnoise0.1,UCI id=74 cached official retrieval; molecule_name group split,808,0.8,release_1,matched_kmeans,logistic,476,166,2,66,3.621212121212121,3.0,1,13,13,0.3939393939393939,0.8181818181818182,3.6779042109661937,4.318589533001315,0.8983595108595108,1.0,0.8083333333333333,1.0,musk1,0.1,StratifiedGroupKFold_by_molecule,0.9115704392102405,0.910741513244108,0.3670886075949367,nan
musk1_group_trainnoise0.1,UCI id=74 cached official retrieval; molecule_name group split,808,0.8,release_1,matched_kmeans,random_forest,476,166,2,66,3.621212121212121,3.0,1,13,13,0.3939393939393939,0.8181818181818182,3.6779042109661937,4.318589533001315,0.8983595108595108,1.0,0.8083333333333333,1.0,musk1,0.1,StratifiedGroupKFold_by_molecule,0.9029090779611529,0.8971380910123354,0.22784810126582278,nan
musk1_group_trainnoise0.1,UCI id=74 cached official retrieval; molecule_name group split,808,0.8,release_2,granular_ball,logistic,476,166,2,66,3.621212121212121,2.0,1,15,20,0.5909090909090909,0.8333333333333334,3.257476430935096,3.326242405352784,0.9359362018452927,1.0,0.9375,1.0,musk1,0.1,StratifiedGroupKFold_by_molecule,0.8680766971105058,0.8747630012268326,0.270042194092827,nan
musk1_group_trainnoise0.1,UCI id=74 cached official retrieval; molecule_name group split,808,0.8,release_2,granular_ball,random_forest,476,166,2,66,3.621212121212121,2.0,1,15,20,0.5909090909090909,0.8333333333333334,3.257476430935096,3.326242405352784,0.9359362018452927,1.0,0.9375,1.0,musk1,0.1,StratifiedGroupKFold_by_molecule,0.8901084227954922,0.886710289176363,0.22362869198312235,nan
musk1_group_trainnoise0.1,UCI id=74 cached official retrieval; molecule_name group split,808,0.8,release_2,matched_kmeans,logistic,476,166,2,66,3.621212121212121,3.0,1,13,13,0.3939393939393939,0.8181818181818182,3.6779042109661937,4.318589533001315,0.8983595108595108,1.0,0.8083333333333333,1.0,musk1,0.1,StratifiedGroupKFold_by_molecule,0.9291424095141448,0.9220704759712509,0.2320675105485232,nan
musk1_group_trainnoise0.1,UCI id=74 cached official retrieval; molecule_name group split,808,0.8,release_2,matched_kmeans,random_forest,476,166,2,66,3.621212121212121,3.0,1,13,13,0.3939393939393939,0.8181818181818182,3.6779042109661937,4.318589533001315,0.8983595108595108,1.0,0.8083333333333333,1.0,musk1,0.1,StratifiedGroupKFold_by_molecule,0.9261247307233527,0.9065254833229699,0.2109704641350211,nan
musk1_group_trainnoise0.1,UCI id=74 cached official retrieval; molecule_name group split,808,0.8,release_3,granular_ball,logistic,476,166,2,66,3.621212121212121,2.0,1,15,20,0.5909090909090909,0.8333333333333334,3.257476430935096,3.326242405352784,0.9359362018452927,1.0,0.9375,1.0,musk1,0.1,StratifiedGroupKFold_by_molecule,0.8691983122362869,0.8798997531985967,0.33755274261603374,nan
musk1_group_trainnoise0.1,UCI id=74 cached official retrieval; molecule_name group split,808,0.8,release_3,granular_ball,random_forest,476,166,2,66,3.621212121212121,2.0,1,15,20,0.5909090909090909,0.8333333333333334,3.257476430935096,3.326242405352784,0.9359362018452927,1.0,0.9375,1.0,musk1,0.1,StratifiedGroupKFold_by_molecule,0.8952180028129395,0.8944033587114404,0.20675105485232068,nan
musk1_group_trainnoise0.1,UCI id=74 cached official retrieval; molecule_name group split,808,0.8,release_3,matched_kmeans,logistic,476,166,2,66,3.621212121212121,3.0,1,13,13,0.3939393939393939,0.8181818181818182,3.6779042109661937,4.318589533001315,0.8983595108595108,1.0,0.8083333333333333,1.0,musk1,0.1,StratifiedGroupKFold_by_molecule,0.9269525895066674,0.9209633452271255,0.25738396624472576,nan
musk1_group_trainnoise0.1,UCI id=74 cached official retrieval; molecule_name group split,808,0.8,release_3,matched_kmeans,random_forest,476,166,2,66,3.621212121212121,3.0,1,13,13,0.3939393939393939,0.8181818181818182,3.6779042109661937,4.318589533001315,0.8983595108595108,1.0,0.8083333333333333,1.0,musk1,0.1,StratifiedGroupKFold_by_molecule,0.922394915344763,0.9021862473623576,0.14345991561181434,nan
musk1_group_trainnoise0.1,UCI id=74 cached official retrieval; molecule_name group split,808,0.9,release_1,granular_ball,logistic,476,166,2,85,2.8117647058823527,2.0,1,12,31,0.6588235294117647,0.9058823529411765,2.714463019711919,3.082345693843143,0.9463814616755792,1.0,1.0,1.0,musk1,0.1,StratifiedGroupKFold_by_molecule,0.8988944079474444,0.9049874300594725,0.3333333333333333,nan
musk1_group_trainnoise0.1,UCI id=74 cached official retrieval; molecule_name group split,808,0.9,release_1,granular_ball,random_forest,476,166,2,85,2.8117647058823527,2.0,1,12,31,0.6588235294117647,0.9058823529411765,2.714463019711919,3.082345693843143,0.9463814616755792,1.0,1.0,1.0,musk1,0.1,StratifiedGroupKFold_by_molecule,0.8873934020545141,0.8735673777518745,0.16033755274261605,nan
musk1_group_trainnoise0.1,UCI id=74 cached official retrieval; molecule_name group split,808,0.9,release_1,matched_kmeans,logistic,476,166,2,85,2.8117647058823527,2.0,1,9,26,0.5529411764705883,0.8941176470588236,2.8505105259337626,3.5955716498143233,0.9319000933706815,1.0,1.0,1.0,musk1,0.1,StratifiedGroupKFold_by_molecule,0.9362459719774252,0.9374770568414758,0.4810126582278481,nan
musk1_group_trainnoise0.1,UCI id=74 cached official retrieval; molecule_name group split,808,0.9,release_1,matched_kmeans,random_forest,476,166,2,85,2.8117647058823527,2.0,1,9,26,0.5529411764705883,0.8941176470588236,2.8505105259337626,3.5955716498143233,0.9319000933706815,1.0,1.0,1.0,musk1,0.1,StratifiedGroupKFold_by_molecule,0.9237479748615784,0.9116230626837983,0.2109704641350211,nan
musk1_group_trainnoise0.1,UCI id=74 cached official retrieval; molecule_name group split,808,0.9,release_2,granular_ball,logistic,476,166,2,85,2.8117647058823527,2.0,1,12,31,0.6588235294117647,0.9058823529411765,2.714463019711919,3.082345693843143,0.9463814616755792,1.0,1.0,1.0,musk1,0.1,StratifiedGroupKFold_by_molecule,0.9138136694618029,0.9193742193127298,0.3670886075949367,nan
musk1_group_trainnoise0.1,UCI id=74 cached official retrieval; molecule_name group split,808,0.9,release_2,granular_ball,random_forest,476,166,2,85,2.8117647058823527,2.0,1,12,31,0.6588235294117647,0.9058823529411765,2.714463019711919,3.082345693843143,0.9463814616755792,1.0,1.0,1.0,musk1,0.1,StratifiedGroupKFold_by_molecule,0.9244334063273335,0.9280301418048192,0.3755274261603376,nan
musk1_group_trainnoise0.1,UCI id=74 cached official retrieval; molecule_name group split,808,0.9,release_2,matched_kmeans,logistic,476,166,2,85,2.8117647058823527,2.0,1,9,26,0.5529411764705883,0.8941176470588236,2.8505105259337626,3.5955716498143233,0.9319000933706815,1.0,1.0,1.0,musk1,0.1,StratifiedGroupKFold_by_molecule,0.9491178408018658,0.9438512682394398,0.43037974683544306,nan
musk1_group_trainnoise0.1,UCI id=74 cached official retrieval; molecule_name group split,808,0.9,release_2,matched_kmeans,random_forest,476,166,2,85,2.8117647058823527,2.0,1,9,26,0.5529411764705883,0.8941176470588236,2.8505105259337626,3.5955716498143233,0.9319000933706815,1.0,1.0,1.0,musk1,0.1,StratifiedGroupKFold_by_molecule,0.9486816571418397,0.9370430494386564,0.189873417721519,nan
musk1_group_trainnoise0.1,UCI id=74 cached official retrieval; molecule_name group split,808,0.9,release_3,granular_ball,logistic,476,166,2,85,2.8117647058823527,2.0,1,12,31,0.6588235294117647,0.9058823529411765,2.714463019711919,3.082345693843143,0.9463814616755792,1.0,1.0,1.0,musk1,0.1,StratifiedGroupKFold_by_molecule,0.9134219943385142,0.9205073127251016,0.41350210970464135,nan
musk1_group_trainnoise0.1,UCI id=74 cached official retrieval; molecule_name group split,808,0.9,release_3,granular_ball,random_forest,476,166,2,85,2.8117647058823527,2.0,1,12,31,0.6588235294117647,0.9058823529411765,2.714463019711919,3.082345693843143,0.9463814616755792,1.0,1.0,1.0,musk1,0.1,StratifiedGroupKFold_by_molecule,0.9267834570670654,0.9314003671025013,0.4092827004219409,nan
musk1_group_trainnoise0.1,UCI id=74 cached official retrieval; molecule_name group split,808,0.9,release_3,matched_kmeans,logistic,476,166,2,85,2.8117647058823527,2.0,1,9,26,0.5529411764705883,0.8941176470588236,2.8505105259337626,3.5955716498143233,0.9319000933706815,1.0,1.0,1.0,musk1,0.1,StratifiedGroupKFold_by_molecule,0.9470170378678631,0.9393175023161876,0.32489451476793246,nan
musk1_group_trainnoise0.1,UCI id=74 cached official retrieval; molecule_name group split,808,0.9,release_3,matched_kmeans,random_forest,476,166,2,85,2.8117647058823527,2.0,1,9,26,0.5529411764705883,0.8941176470588236,2.8505105259337626,3.5955716498143233,0.9319000933706815,1.0,1.0,1.0,musk1,0.1,StratifiedGroupKFold_by_molecule,0.9456995851804376,0.9234647232227061,0.18565400843881857,nan
musk1_group_trainnoise0.1,UCI id=74 cached official retrieval; molecule_name group split,808,0.95,release_1,granular_ball,logistic,476,166,2,102,2.343137254901961,2.0,1,11,38,0.7058823529411765,0.9509803921568627,2.5254818882406913,2.895806637158344,0.946078431372549,1.0,1.0,1.0,musk1,0.1,StratifiedGroupKFold_by_molecule,0.9306556997632146,0.933010255027337,0.45147679324894513,nan
musk1_group_trainnoise0.1,UCI id=74 cached official retrieval; molecule_name group split,808,0.95,release_1,granular_ball,random_forest,476,166,2,102,2.343137254901961,2.0,1,11,38,0.7058823529411765,0.9509803921568627,2.5254818882406913,2.895806637158344,0.946078431372549,1.0,1.0,1.0,musk1,0.1,StratifiedGroupKFold_by_molecule,0.9161103099574499,0.9074419826694885,0.28270042194092826,nan
musk1_group_trainnoise0.1,UCI id=74 cached official retrieval; molecule_name group split,808,0.95,release_1,matched_kmeans,logistic,476,166,2,102,2.343137254901961,2.0,1,7,35,0.6862745098039216,0.9313725490196079,2.426510543188281,3.075580114034751,0.9408263305322129,1.0,1.0,1.0,musk1,0.1,StratifiedGroupKFold_by_molecule,0.9649272730509713,0.9666288392481893,0.6244725738396625,nan
musk1_group_trainnoise0.1,UCI id=74 cached official retrieval; molecule_name group split,808,0.95,release_1,matched_kmeans,random_forest,476,166,2,102,2.343137254901961,2.0,1,7,35,0.6862745098039216,0.9313725490196079,2.426510543188281,3.075580114034751,0.9408263305322129,1.0,1.0,1.0,musk1,0.1,StratifiedGroupKFold_by_molecule,0.9522957503249124,0.9475165786664852,0.4641350210970464,nan
musk1_group_trainnoise0.1,UCI id=74 cached official retrieval; molecule_name group split,808,0.95,release_2,granular_ball,logistic,476,166,2,102,2.343137254901961,2.0,1,11,38,0.7058823529411765,0.9509803921568627,2.5254818882406913,2.895806637158344,0.946078431372549,1.0,1.0,1.0,musk1,0.1,StratifiedGroupKFold_by_molecule,0.9466609695739644,0.9432057541274766,0.3924050632911392,nan
musk1_group_trainnoise0.1,UCI id=74 cached official retrieval; molecule_name group split,808,0.95,release_2,granular_ball,random_forest,476,166,2,102,2.343137254901961,2.0,1,11,38,0.7058823529411765,0.9509803921568627,2.5254818882406913,2.895806637158344,0.946078431372549,1.0,1.0,1.0,musk1,0.1,StratifiedGroupKFold_by_molecule,0.9544054549662626,0.9518686182158864,0.3628691983122363,nan
musk1_group_trainnoise0.1,UCI id=74 cached official retrieval; molecule_name group split,808,0.95,release_2,matched_kmeans,logistic,476,166,2,102,2.343137254901961,2.0,1,7,35,0.6862745098039216,0.9313725490196079,2.426510543188281,3.075580114034751,0.9408263305322129,1.0,1.0,1.0,musk1,0.1,StratifiedGroupKFold_by_molecule,0.9766953301643255,0.9754311593776592,0.5654008438818565,nan
musk1_group_trainnoise0.1,UCI id=74 cached official retrieval; molecule_name group split,808,0.95,release_2,matched_kmeans,random_forest,476,166,2,102,2.343137254901961,2.0,1,7,35,0.6862745098039216,0.9313725490196079,2.426510543188281,3.075580114034751,0.9408263305322129,1.0,1.0,1.0,musk1,0.1,StratifiedGroupKFold_by_molecule,0.9766686250422831,0.9679576612213331,0.759493670886076,nan
musk1_group_trainnoise0.1,UCI id=74 cached official retrieval; molecule_name group split,808,0.95,release_3,granular_ball,logistic,476,166,2,102,2.343137254901961,2.0,1,11,38,0.7058823529411765,0.9509803921568627,2.5254818882406913,2.895806637158344,0.946078431372549,1.0,1.0,1.0,musk1,0.1,StratifiedGroupKFold_by_molecule,0.9469280207943884,0.9453577847751395,0.45569620253164556,nan
musk1_group_trainnoise0.1,UCI id=74 cached official retrieval; molecule_name group split,808,0.95,release_3,granular_ball,random_forest,476,166,2,102,2.343137254901961,2.0,1,11,38,0.7058823529411765,0.9509803921568627,2.5254818882406913,2.895806637158344,0.946078431372549,1.0,1.0,1.0,musk1,0.1,StratifiedGroupKFold_by_molecule,0.9542719293560505,0.9495875694038942,0.2742616033755274,nan
musk1_group_trainnoise0.1,UCI id=74 cached official retrieval; molecule_name group split,808,0.95,release_3,matched_kmeans,logistic,476,166,2,102,2.343137254901961,2.0,1,7,35,0.6862745098039216,0.9313725490196079,2.426510543188281,3.075580114034751,0.9408263305322129,1.0,1.0,1.0,musk1,0.1,StratifiedGroupKFold_by_molecule,0.9773896633374282,0.9761259545507363,0.6455696202531646,nan
musk1_group_trainnoise0.1,UCI id=74 cached official retrieval; molecule_name group split,808,0.95,release_3,matched_kmeans,random_forest,476,166,2,102,2.343137254901961,2.0,1,7,35,0.6862745098039216,0.9313725490196079,2.426510543188281,3.075580114034751,0.9408263305322129,1.0,1.0,1.0,musk1,0.1,StratifiedGroupKFold_by_molecule,0.9766063130908509,0.9650555777070218,0.729957805907173,nan
musk1_group_trainnoise0.1,UCI id=74 cached official retrieval; molecule_name group split,808,0.99,release_1,granular_ball,logistic,476,166,2,102,2.343137254901961,2.0,1,11,38,0.7058823529411765,0.9509803921568627,2.5254818882406913,2.895806637158344,0.946078431372549,1.0,1.0,1.0,musk1,0.1,StratifiedGroupKFold_by_molecule,0.9306556997632146,0.933010255027337,0.45147679324894513,nan
musk1_group_trainnoise0.1,UCI id=74 cached official retrieval; molecule_name group split,808,0.99,release_1,granular_ball,random_forest,476,166,2,102,2.343137254901961,2.0,1,11,38,0.7058823529411765,0.9509803921568627,2.5254818882406913,2.895806637158344,0.946078431372549,1.0,1.0,1.0,musk1,0.1,StratifiedGroupKFold_by_molecule,0.9161103099574499,0.9074419826694885,0.28270042194092826,nan
musk1_group_trainnoise0.1,UCI id=74 cached official retrieval; molecule_name group split,808,0.99,release_1,matched_kmeans,logistic,476,166,2,102,2.343137254901961,2.0,1,7,35,0.6862745098039216,0.9313725490196079,2.426510543188281,3.075580114034751,0.9408263305322129,1.0,1.0,1.0,musk1,0.1,StratifiedGroupKFold_by_molecule,0.9649272730509713,0.9666288392481893,0.6244725738396625,nan
musk1_group_trainnoise0.1,UCI id=74 cached official retrieval; molecule_name group split,808,0.99,release_1,matched_kmeans,random_forest,476,166,2,102,2.343137254901961,2.0,1,7,35,0.6862745098039216,0.9313725490196079,2.426510543188281,3.075580114034751,0.9408263305322129,1.0,1.0,1.0,musk1,0.1,StratifiedGroupKFold_by_molecule,0.9522957503249124,0.9475165786664852,0.4641350210970464,nan
musk1_group_trainnoise0.1,UCI id=74 cached official retrieval; molecule_name group split,808,0.99,release_2,granular_ball,logistic,476,166,2,102,2.343137254901961,2.0,1,11,38,0.7058823529411765,0.9509803921568627,2.5254818882406913,2.895806637158344,0.946078431372549,1.0,1.0,1.0,musk1,0.1,StratifiedGroupKFold_by_molecule,0.9466609695739644,0.9432057541274766,0.3924050632911392,nan
musk1_group_trainnoise0.1,UCI id=74 cached official retrieval; molecule_name group split,808,0.99,release_2,granular_ball,random_forest,476,166,2,102,2.343137254901961,2.0,1,11,38,0.7058823529411765,0.9509803921568627,2.5254818882406913,2.895806637158344,0.946078431372549,1.0,1.0,1.0,musk1,0.1,StratifiedGroupKFold_by_molecule,0.9544054549662626,0.9518686182158864,0.3628691983122363,nan
musk1_group_trainnoise0.1,UCI id=74 cached official retrieval; molecule_name group split,808,0.99,release_2,matched_kmeans,logistic,476,166,2,102,2.343137254901961,2.0,1,7,35,0.6862745098039216,0.9313725490196079,2.426510543188281,3.075580114034751,0.9408263305322129,1.0,1.0,1.0,musk1,0.1,StratifiedGroupKFold_by_molecule,0.9766953301643255,0.9754311593776592,0.5654008438818565,nan
musk1_group_trainnoise0.1,UCI id=74 cached official retrieval; molecule_name group split,808,0.99,release_2,matched_kmeans,random_forest,476,166,2,102,2.343137254901961,2.0,1,7,35,0.6862745098039216,0.9313725490196079,2.426510543188281,3.075580114034751,0.9408263305322129,1.0,1.0,1.0,musk1,0.1,StratifiedGroupKFold_by_molecule,0.9766686250422831,0.9679576612213331,0.759493670886076,nan
musk1_group_trainnoise0.1,UCI id=74 cached official retrieval; molecule_name group split,808,0.99,release_3,granular_ball,logistic,476,166,2,102,2.343137254901961,2.0,1,11,38,0.7058823529411765,0.9509803921568627,2.5254818882406913,2.895806637158344,0.946078431372549,1.0,1.0,1.0,musk1,0.1,StratifiedGroupKFold_by_molecule,0.9469280207943884,0.9453577847751395,0.45569620253164556,nan
musk1_group_trainnoise0.1,UCI id=74 cached official retrieval; molecule_name group split,808,0.99,release_3,granular_ball,random_forest,476,166,2,102,2.343137254901961,2.0,1,11,38,0.7058823529411765,0.9509803921568627,2.5254818882406913,2.895806637158344,0.946078431372549,1.0,1.0,1.0,musk1,0.1,StratifiedGroupKFold_by_molecule,0.9542719293560505,0.9495875694038942,0.2742616033755274,nan
musk1_group_trainnoise0.1,UCI id=74 cached official retrieval; molecule_name group split,808,0.99,release_3,matched_kmeans,logistic,476,166,2,102,2.343137254901961,2.0,1,7,35,0.6862745098039216,0.9313725490196079,2.426510543188281,3.075580114034751,0.9408263305322129,1.0,1.0,1.0,musk1,0.1,StratifiedGroupKFold_by_molecule,0.9773896633374282,0.9761259545507363,0.6455696202531646,nan
musk1_group_trainnoise0.1,UCI id=74 cached official retrieval; molecule_name group split,808,0.99,release_3,matched_kmeans,random_forest,476,166,2,102,2.343137254901961,2.0,1,7,35,0.6862745098039216,0.9313725490196079,2.426510543188281,3.075580114034751,0.9408263305322129,1.0,1.0,1.0,musk1,0.1,StratifiedGroupKFold_by_molecule,0.9766063130908509,0.9650555777070218,0.729957805907173,nan
