source_dataset_id,task_id,parent_dataset,outer_seed,shadow_release_count,target_release_id,attack_protocol,method,release,attack,threshold,candidate_pool_size,negative_count,number_of_balls,small_ball_ratio,loader_note,roc_auc,pr_auc,tpr_at_1pct_fpr,tpr_at_0_1pct_fpr
uci-171,uci-171_labeled_train_validation,uci-171,1,6,0,real_independent_shadow_target_cross_release,granular_ball,release_1,logistic,0.9,1040,520,303,0.8910891089108911,official UCI labeled train+validation portions; official test labels are unavailable,0.9999741124260355,0.9999742678572634,1.0,
uci-171,uci-171_labeled_train_validation,uci-171,1,6,0,real_independent_shadow_target_cross_release,granular_ball,release_1,random_forest,0.9,1040,520,303,0.8910891089108911,official UCI labeled train+validation portions; official test labels are unavailable,1.0,1.0,1.0,
uci-171,uci-171_labeled_train_validation,uci-171,1,6,0,real_independent_shadow_target_cross_release,matched_kmeans,release_1,logistic,0.9,1040,520,303,0.8679867986798679,official UCI labeled train+validation portions; official test labels are unavailable,0.9994378698224853,0.9994375451078195,0.9903846153846154,
uci-171,uci-171_labeled_train_validation,uci-171,1,6,0,real_independent_shadow_target_cross_release,matched_kmeans,release_1,random_forest,0.9,1040,520,303,0.8679867986798679,official UCI labeled train+validation portions; official test labels are unavailable,0.9996745562130178,0.9996751525185734,0.9923076923076923,
uci-171,uci-171_labeled_train_validation,uci-171,1,6,1,real_independent_shadow_target_cross_release,granular_ball,release_1,logistic,0.9,1040,520,325,0.9138461538461539,official UCI labeled train+validation portions; official test labels are unavailable,1.0,1.0,1.0,
uci-171,uci-171_labeled_train_validation,uci-171,1,6,1,real_independent_shadow_target_cross_release,granular_ball,release_1,random_forest,0.9,1040,520,325,0.9138461538461539,official UCI labeled train+validation portions; official test labels are unavailable,1.0,1.0,1.0,
uci-171,uci-171_labeled_train_validation,uci-171,1,6,1,real_independent_shadow_target_cross_release,matched_kmeans,release_1,logistic,0.9,1040,520,325,0.8707692307692307,official UCI labeled train+validation portions; official test labels are unavailable,0.9999778106508876,0.9999780637613337,0.9980769230769231,
uci-171,uci-171_labeled_train_validation,uci-171,1,6,1,real_independent_shadow_target_cross_release,matched_kmeans,release_1,random_forest,0.9,1040,520,325,0.8707692307692307,official UCI labeled train+validation portions; official test labels are unavailable,0.9999815088757397,0.9999815867129608,1.0,
uci-171,uci-171_labeled_train_validation,uci-171,1,6,2,real_independent_shadow_target_cross_release,granular_ball,release_1,logistic,0.9,1040,520,317,0.9116719242902208,official UCI labeled train+validation portions; official test labels are unavailable,1.0,1.0,1.0,
uci-171,uci-171_labeled_train_validation,uci-171,1,6,2,real_independent_shadow_target_cross_release,granular_ball,release_1,random_forest,0.9,1040,520,317,0.9116719242902208,official UCI labeled train+validation portions; official test labels are unavailable,1.0,1.0,1.0,
uci-171,uci-171_labeled_train_validation,uci-171,1,6,2,real_independent_shadow_target_cross_release,matched_kmeans,release_1,logistic,0.9,1040,520,317,0.8769716088328076,official UCI labeled train+validation portions; official test labels are unavailable,0.9991346153846155,0.9991795723116462,0.9826923076923076,
uci-171,uci-171_labeled_train_validation,uci-171,1,6,2,real_independent_shadow_target_cross_release,matched_kmeans,release_1,random_forest,0.9,1040,520,317,0.8769716088328076,official UCI labeled train+validation portions; official test labels are unavailable,0.9996782544378698,0.999689746380992,0.9903846153846154,
uci-171,uci-171_labeled_train_validation,uci-171,1,6,3,real_independent_shadow_target_cross_release,granular_ball,release_1,logistic,0.9,1040,520,317,0.9085173501577287,official UCI labeled train+validation portions; official test labels are unavailable,0.999996301775148,0.9999963088734682,1.0,
uci-171,uci-171_labeled_train_validation,uci-171,1,6,3,real_independent_shadow_target_cross_release,granular_ball,release_1,random_forest,0.9,1040,520,317,0.9085173501577287,official UCI labeled train+validation portions; official test labels are unavailable,1.0,1.0,1.0,
uci-171,uci-171_labeled_train_validation,uci-171,1,6,3,real_independent_shadow_target_cross_release,matched_kmeans,release_1,logistic,0.9,1040,520,317,0.8769716088328076,official UCI labeled train+validation portions; official test labels are unavailable,0.9993454142011835,0.9993619860438101,0.9826923076923076,
uci-171,uci-171_labeled_train_validation,uci-171,1,6,3,real_independent_shadow_target_cross_release,matched_kmeans,release_1,random_forest,0.9,1040,520,317,0.8769716088328076,official UCI labeled train+validation portions; official test labels are unavailable,0.9994600591715976,0.9994652585526644,0.9846153846153847,
uci-171,uci-171_labeled_train_validation,uci-171,1,6,4,real_independent_shadow_target_cross_release,granular_ball,release_1,logistic,0.9,1040,520,314,0.9076433121019108,official UCI labeled train+validation portions; official test labels are unavailable,1.0,1.0,1.0,
uci-171,uci-171_labeled_train_validation,uci-171,1,6,4,real_independent_shadow_target_cross_release,granular_ball,release_1,random_forest,0.9,1040,520,314,0.9076433121019108,official UCI labeled train+validation portions; official test labels are unavailable,1.0,1.0,1.0,
uci-171,uci-171_labeled_train_validation,uci-171,1,6,4,real_independent_shadow_target_cross_release,matched_kmeans,release_1,logistic,0.9,1040,520,314,0.8694267515923567,official UCI labeled train+validation portions; official test labels are unavailable,0.9999038461538461,0.9999037971932115,0.9980769230769231,
uci-171,uci-171_labeled_train_validation,uci-171,1,6,4,real_independent_shadow_target_cross_release,matched_kmeans,release_1,random_forest,0.9,1040,520,314,0.8694267515923567,official UCI labeled train+validation portions; official test labels are unavailable,0.9999371301775147,0.9999380577532929,0.9980769230769231,
uci-171,uci-171_labeled_train_validation,uci-171,1,6,0,real_independent_shadow_target_cross_release,granular_ball,release_2,logistic,0.9,1040,520,303,0.8910891089108911,official UCI labeled train+validation portions; official test labels are unavailable,0.9999223372781065,0.9999220129737164,1.0,
uci-171,uci-171_labeled_train_validation,uci-171,1,6,0,real_independent_shadow_target_cross_release,granular_ball,release_2,random_forest,0.9,1040,520,303,0.8910891089108911,official UCI labeled train+validation portions; official test labels are unavailable,1.0,1.0,1.0,
uci-171,uci-171_labeled_train_validation,uci-171,1,6,0,real_independent_shadow_target_cross_release,matched_kmeans,release_2,logistic,0.9,1040,520,303,0.8679867986798679,official UCI labeled train+validation portions; official test labels are unavailable,0.9994526627218935,0.9994533111788966,0.9865384615384616,
uci-171,uci-171_labeled_train_validation,uci-171,1,6,0,real_independent_shadow_target_cross_release,matched_kmeans,release_2,random_forest,0.9,1040,520,303,0.8679867986798679,official UCI labeled train+validation portions; official test labels are unavailable,0.999689349112426,0.9996901833269111,0.9903846153846154,
uci-171,uci-171_labeled_train_validation,uci-171,1,6,1,real_independent_shadow_target_cross_release,granular_ball,release_2,logistic,0.9,1040,520,325,0.9138461538461539,official UCI labeled train+validation portions; official test labels are unavailable,1.0,1.0,1.0,
uci-171,uci-171_labeled_train_validation,uci-171,1,6,1,real_independent_shadow_target_cross_release,granular_ball,release_2,random_forest,0.9,1040,520,325,0.9138461538461539,official UCI labeled train+validation portions; official test labels are unavailable,1.0,1.0,1.0,
uci-171,uci-171_labeled_train_validation,uci-171,1,6,1,real_independent_shadow_target_cross_release,matched_kmeans,release_2,logistic,0.9,1040,520,325,0.8707692307692307,official UCI labeled train+validation portions; official test labels are unavailable,0.9999778106508876,0.9999780637613337,0.9980769230769231,
uci-171,uci-171_labeled_train_validation,uci-171,1,6,1,real_independent_shadow_target_cross_release,matched_kmeans,release_2,random_forest,0.9,1040,520,325,0.8707692307692307,official UCI labeled train+validation portions; official test labels are unavailable,0.9999889053254438,0.9999889336643315,1.0,
uci-171,uci-171_labeled_train_validation,uci-171,1,6,2,real_independent_shadow_target_cross_release,granular_ball,release_2,logistic,0.9,1040,520,317,0.9116719242902208,official UCI labeled train+validation portions; official test labels are unavailable,1.0,1.0,1.0,
uci-171,uci-171_labeled_train_validation,uci-171,1,6,2,real_independent_shadow_target_cross_release,granular_ball,release_2,random_forest,0.9,1040,520,317,0.9116719242902208,official UCI labeled train+validation portions; official test labels are unavailable,1.0,1.0,1.0,
uci-171,uci-171_labeled_train_validation,uci-171,1,6,2,real_independent_shadow_target_cross_release,matched_kmeans,release_2,logistic,0.9,1040,520,317,0.8769716088328076,official UCI labeled train+validation portions; official test labels are unavailable,0.9991309171597633,0.9991770911882631,0.9826923076923076,
uci-171,uci-171_labeled_train_validation,uci-171,1,6,2,real_independent_shadow_target_cross_release,matched_kmeans,release_2,random_forest,0.9,1040,520,317,0.8769716088328076,official UCI labeled train+validation portions; official test labels are unavailable,0.9996893491124261,0.9997007258468847,0.9903846153846154,
uci-171,uci-171_labeled_train_validation,uci-171,1,6,3,real_independent_shadow_target_cross_release,granular_ball,release_2,logistic,0.9,1040,520,317,0.9085173501577287,official UCI labeled train+validation portions; official test labels are unavailable,1.0,1.0,1.0,
uci-171,uci-171_labeled_train_validation,uci-171,1,6,3,real_independent_shadow_target_cross_release,granular_ball,release_2,random_forest,0.9,1040,520,317,0.9085173501577287,official UCI labeled train+validation portions; official test labels are unavailable,0.9999999999999998,1.0,1.0,
uci-171,uci-171_labeled_train_validation,uci-171,1,6,3,real_independent_shadow_target_cross_release,matched_kmeans,release_2,logistic,0.9,1040,520,317,0.8769716088328076,official UCI labeled train+validation portions; official test labels are unavailable,0.9993417159763314,0.9993592977060385,0.9807692307692307,
uci-171,uci-171_labeled_train_validation,uci-171,1,6,3,real_independent_shadow_target_cross_release,matched_kmeans,release_2,random_forest,0.9,1040,520,317,0.8769716088328076,official UCI labeled train+validation portions; official test labels are unavailable,0.9994489644970413,0.9994517605946845,0.9884615384615385,
uci-171,uci-171_labeled_train_validation,uci-171,1,6,4,real_independent_shadow_target_cross_release,granular_ball,release_2,logistic,0.9,1040,520,314,0.9076433121019108,official UCI labeled train+validation portions; official test labels are unavailable,1.0,1.0,1.0,
uci-171,uci-171_labeled_train_validation,uci-171,1,6,4,real_independent_shadow_target_cross_release,granular_ball,release_2,random_forest,0.9,1040,520,314,0.9076433121019108,official UCI labeled train+validation portions; official test labels are unavailable,1.0,1.0,1.0,
uci-171,uci-171_labeled_train_validation,uci-171,1,6,4,real_independent_shadow_target_cross_release,matched_kmeans,release_2,logistic,0.9,1040,520,314,0.8694267515923567,official UCI labeled train+validation portions; official test labels are unavailable,0.9999075443786982,0.9999075977404903,0.9980769230769231,
uci-171,uci-171_labeled_train_validation,uci-171,1,6,4,real_independent_shadow_target_cross_release,matched_kmeans,release_2,random_forest,0.9,1040,520,314,0.8694267515923567,official UCI labeled train+validation portions; official test labels are unavailable,0.9999556213017753,0.9999560837680948,0.9980769230769231,
uci-171,uci-171_labeled_train_validation,uci-171,1,6,0,real_independent_shadow_target_cross_release,granular_ball,release_3,logistic,0.9,1040,520,303,0.8910891089108911,official UCI labeled train+validation portions; official test labels are unavailable,0.9999223372781065,0.9999220129737164,1.0,
uci-171,uci-171_labeled_train_validation,uci-171,1,6,0,real_independent_shadow_target_cross_release,granular_ball,release_3,random_forest,0.9,1040,520,303,0.8910891089108911,official UCI labeled train+validation portions; official test labels are unavailable,1.0,1.0,1.0,
uci-171,uci-171_labeled_train_validation,uci-171,1,6,0,real_independent_shadow_target_cross_release,matched_kmeans,release_3,logistic,0.9,1040,520,303,0.8679867986798679,official UCI labeled train+validation portions; official test labels are unavailable,0.9993713017751479,0.999381563881224,0.9826923076923076,
uci-171,uci-171_labeled_train_validation,uci-171,1,6,0,real_independent_shadow_target_cross_release,matched_kmeans,release_3,random_forest,0.9,1040,520,303,0.8679867986798679,official UCI labeled train+validation portions; official test labels are unavailable,0.9997004437869822,0.9997005196310365,0.9923076923076923,
uci-171,uci-171_labeled_train_validation,uci-171,1,6,1,real_independent_shadow_target_cross_release,granular_ball,release_3,logistic,0.9,1040,520,325,0.9138461538461539,official UCI labeled train+validation portions; official test labels are unavailable,1.0,1.0,1.0,
uci-171,uci-171_labeled_train_validation,uci-171,1,6,1,real_independent_shadow_target_cross_release,granular_ball,release_3,random_forest,0.9,1040,520,325,0.9138461538461539,official UCI labeled train+validation portions; official test labels are unavailable,1.0,1.0,1.0,
uci-171,uci-171_labeled_train_validation,uci-171,1,6,1,real_independent_shadow_target_cross_release,matched_kmeans,release_3,logistic,0.9,1040,520,325,0.8707692307692307,official UCI labeled train+validation portions; official test labels are unavailable,0.9999741124260355,0.9999743655364817,0.9980769230769231,
uci-171,uci-171_labeled_train_validation,uci-171,1,6,1,real_independent_shadow_target_cross_release,matched_kmeans,release_3,random_forest,0.9,1040,520,325,0.8707692307692307,official UCI labeled train+validation portions; official test labels are unavailable,0.9999889053254438,0.9999889336643316,1.0,
uci-171,uci-171_labeled_train_validation,uci-171,1,6,2,real_independent_shadow_target_cross_release,granular_ball,release_3,logistic,0.9,1040,520,317,0.9116719242902208,official UCI labeled train+validation portions; official test labels are unavailable,1.0,1.0,1.0,
uci-171,uci-171_labeled_train_validation,uci-171,1,6,2,real_independent_shadow_target_cross_release,granular_ball,release_3,random_forest,0.9,1040,520,317,0.9116719242902208,official UCI labeled train+validation portions; official test labels are unavailable,1.0,1.0,1.0,
uci-171,uci-171_labeled_train_validation,uci-171,1,6,2,real_independent_shadow_target_cross_release,matched_kmeans,release_3,logistic,0.9,1040,520,317,0.8769716088328076,official UCI labeled train+validation portions; official test labels are unavailable,0.9991198224852071,0.9991655998664661,0.9807692307692307,
uci-171,uci-171_labeled_train_validation,uci-171,1,6,2,real_independent_shadow_target_cross_release,matched_kmeans,release_3,random_forest,0.9,1040,520,317,0.8769716088328076,official UCI labeled train+validation portions; official test labels are unavailable,0.9996708579881657,0.9996851543853674,0.9923076923076923,
uci-171,uci-171_labeled_train_validation,uci-171,1,6,3,real_independent_shadow_target_cross_release,granular_ball,release_3,logistic,0.9,1040,520,317,0.9085173501577287,official UCI labeled train+validation portions; official test labels are unavailable,1.0,1.0,1.0,
uci-171,uci-171_labeled_train_validation,uci-171,1,6,3,real_independent_shadow_target_cross_release,granular_ball,release_3,random_forest,0.9,1040,520,317,0.9085173501577287,official UCI labeled train+validation portions; official test labels are unavailable,1.0,1.0,1.0,
uci-171,uci-171_labeled_train_validation,uci-171,1,6,3,real_independent_shadow_target_cross_release,matched_kmeans,release_3,logistic,0.9,1040,520,317,0.8769716088328076,official UCI labeled train+validation portions; official test labels are unavailable,0.9993010355029586,0.999327917702885,0.9807692307692307,
uci-171,uci-171_labeled_train_validation,uci-171,1,6,3,real_independent_shadow_target_cross_release,matched_kmeans,release_3,random_forest,0.9,1040,520,317,0.8769716088328076,official UCI labeled train+validation portions; official test labels are unavailable,0.9994415680473373,0.9994449155578998,0.9865384615384616,
uci-171,uci-171_labeled_train_validation,uci-171,1,6,4,real_independent_shadow_target_cross_release,granular_ball,release_3,logistic,0.9,1040,520,314,0.9076433121019108,official UCI labeled train+validation portions; official test labels are unavailable,1.0,1.0,1.0,
uci-171,uci-171_labeled_train_validation,uci-171,1,6,4,real_independent_shadow_target_cross_release,granular_ball,release_3,random_forest,0.9,1040,520,314,0.9076433121019108,official UCI labeled train+validation portions; official test labels are unavailable,1.0,1.0,1.0,
uci-171,uci-171_labeled_train_validation,uci-171,1,6,4,real_independent_shadow_target_cross_release,matched_kmeans,release_3,logistic,0.9,1040,520,314,0.8694267515923567,official UCI labeled train+validation portions; official test labels are unavailable,0.9999112426035504,0.9999109744906681,0.9980769230769231,
uci-171,uci-171_labeled_train_validation,uci-171,1,6,4,real_independent_shadow_target_cross_release,matched_kmeans,release_3,random_forest,0.9,1040,520,314,0.8694267515923567,official UCI labeled train+validation portions; official test labels are unavailable,0.9999667159763314,0.9999669062789172,1.0,
uci-171,uci-171_labeled_train_validation,uci-171,1,6,0,real_independent_shadow_target_cross_release,granular_ball,release_1,logistic,0.95,1040,520,305,0.8885245901639345,official UCI labeled train+validation portions; official test labels are unavailable,1.0,1.0,1.0,
uci-171,uci-171_labeled_train_validation,uci-171,1,6,0,real_independent_shadow_target_cross_release,granular_ball,release_1,random_forest,0.95,1040,520,305,0.8885245901639345,official UCI labeled train+validation portions; official test labels are unavailable,1.0,1.0,1.0,
uci-171,uci-171_labeled_train_validation,uci-171,1,6,0,real_independent_shadow_target_cross_release,matched_kmeans,release_1,logistic,0.95,1040,520,305,0.8688524590163934,official UCI labeled train+validation portions; official test labels are unavailable,0.9994563609467456,0.9994583555377166,0.9903846153846154,
uci-171,uci-171_labeled_train_validation,uci-171,1,6,0,real_independent_shadow_target_cross_release,matched_kmeans,release_1,random_forest,0.95,1040,520,305,0.8688524590163934,official UCI labeled train+validation portions; official test labels are unavailable,0.9996671597633136,0.9996706139937481,0.9903846153846154,
uci-171,uci-171_labeled_train_validation,uci-171,1,6,1,real_independent_shadow_target_cross_release,granular_ball,release_1,logistic,0.95,1040,520,325,0.9138461538461539,official UCI labeled train+validation portions; official test labels are unavailable,1.0,1.0,1.0,
uci-171,uci-171_labeled_train_validation,uci-171,1,6,1,real_independent_shadow_target_cross_release,granular_ball,release_1,random_forest,0.95,1040,520,325,0.9138461538461539,official UCI labeled train+validation portions; official test labels are unavailable,1.0,1.0,1.0,
uci-171,uci-171_labeled_train_validation,uci-171,1,6,1,real_independent_shadow_target_cross_release,matched_kmeans,release_1,logistic,0.95,1040,520,325,0.8707692307692307,official UCI labeled train+validation portions; official test labels are unavailable,0.9999778106508876,0.9999780637613337,0.9980769230769231,
uci-171,uci-171_labeled_train_validation,uci-171,1,6,1,real_independent_shadow_target_cross_release,matched_kmeans,release_1,random_forest,0.95,1040,520,325,0.8707692307692307,official UCI labeled train+validation portions; official test labels are unavailable,0.9999815088757397,0.9999816217986359,1.0,
uci-171,uci-171_labeled_train_validation,uci-171,1,6,2,real_independent_shadow_target_cross_release,granular_ball,release_1,logistic,0.95,1040,520,317,0.9116719242902208,official UCI labeled train+validation portions; official test labels are unavailable,1.0,1.0,1.0,
uci-171,uci-171_labeled_train_validation,uci-171,1,6,2,real_independent_shadow_target_cross_release,granular_ball,release_1,random_forest,0.95,1040,520,317,0.9116719242902208,official UCI labeled train+validation portions; official test labels are unavailable,1.0,1.0,1.0,
uci-171,uci-171_labeled_train_validation,uci-171,1,6,2,real_independent_shadow_target_cross_release,matched_kmeans,release_1,logistic,0.95,1040,520,317,0.8769716088328076,official UCI labeled train+validation portions; official test labels are unavailable,0.999112426035503,0.9991575497323103,0.9826923076923076,
uci-171,uci-171_labeled_train_validation,uci-171,1,6,2,real_independent_shadow_target_cross_release,matched_kmeans,release_1,random_forest,0.95,1040,520,317,0.8769716088328076,official UCI labeled train+validation portions; official test labels are unavailable,0.9996449704142012,0.9996553816489533,0.9903846153846154,
uci-171,uci-171_labeled_train_validation,uci-171,1,6,3,real_independent_shadow_target_cross_release,granular_ball,release_1,logistic,0.95,1040,520,317,0.9085173501577287,official UCI labeled train+validation portions; official test labels are unavailable,0.9999926035502958,0.9999926106486161,1.0,
uci-171,uci-171_labeled_train_validation,uci-171,1,6,3,real_independent_shadow_target_cross_release,granular_ball,release_1,random_forest,0.95,1040,520,317,0.9085173501577287,official UCI labeled train+validation portions; official test labels are unavailable,1.0,1.0,1.0,
uci-171,uci-171_labeled_train_validation,uci-171,1,6,3,real_independent_shadow_target_cross_release,matched_kmeans,release_1,logistic,0.95,1040,520,317,0.8769716088328076,official UCI labeled train+validation portions; official test labels are unavailable,0.999323224852071,0.9993414778383723,0.9807692307692307,
uci-171,uci-171_labeled_train_validation,uci-171,1,6,3,real_independent_shadow_target_cross_release,matched_kmeans,release_1,random_forest,0.95,1040,520,317,0.8769716088328076,official UCI labeled train+validation portions; official test labels are unavailable,0.9994341715976331,0.9994373370413713,0.9846153846153847,
uci-171,uci-171_labeled_train_validation,uci-171,1,6,4,real_independent_shadow_target_cross_release,granular_ball,release_1,logistic,0.95,1040,520,314,0.9076433121019108,official UCI labeled train+validation portions; official test labels are unavailable,1.0,1.0,1.0,
uci-171,uci-171_labeled_train_validation,uci-171,1,6,4,real_independent_shadow_target_cross_release,granular_ball,release_1,random_forest,0.95,1040,520,314,0.9076433121019108,official UCI labeled train+validation portions; official test labels are unavailable,1.0,1.0,1.0,
uci-171,uci-171_labeled_train_validation,uci-171,1,6,4,real_independent_shadow_target_cross_release,matched_kmeans,release_1,logistic,0.95,1040,520,314,0.8694267515923567,official UCI labeled train+validation portions; official test labels are unavailable,0.9998964497041419,0.9998965739985952,0.9980769230769231,
uci-171,uci-171_labeled_train_validation,uci-171,1,6,4,real_independent_shadow_target_cross_release,matched_kmeans,release_1,random_forest,0.95,1040,520,314,0.8694267515923567,official UCI labeled train+validation portions; official test labels are unavailable,0.9999371301775147,0.9999378233211084,0.9980769230769231,
uci-171,uci-171_labeled_train_validation,uci-171,1,6,0,real_independent_shadow_target_cross_release,granular_ball,release_2,logistic,0.95,1040,520,305,0.8885245901639345,official UCI labeled train+validation portions; official test labels are unavailable,1.0,1.0,1.0,
uci-171,uci-171_labeled_train_validation,uci-171,1,6,0,real_independent_shadow_target_cross_release,granular_ball,release_2,random_forest,0.95,1040,520,305,0.8885245901639345,official UCI labeled train+validation portions; official test labels are unavailable,1.0,1.0,1.0,
uci-171,uci-171_labeled_train_validation,uci-171,1,6,0,real_independent_shadow_target_cross_release,matched_kmeans,release_2,logistic,0.95,1040,520,305,0.8688524590163934,official UCI labeled train+validation portions; official test labels are unavailable,0.9994711538461538,0.9994733471104011,0.9884615384615385,
uci-171,uci-171_labeled_train_validation,uci-171,1,6,0,real_independent_shadow_target_cross_release,matched_kmeans,release_2,random_forest,0.95,1040,520,305,0.8688524590163934,official UCI labeled train+validation portions; official test labels are unavailable,0.9996560650887574,0.9996557422230923,0.9942307692307693,
uci-171,uci-171_labeled_train_validation,uci-171,1,6,1,real_independent_shadow_target_cross_release,granular_ball,release_2,logistic,0.95,1040,520,325,0.9138461538461539,official UCI labeled train+validation portions; official test labels are unavailable,1.0,1.0,1.0,
uci-171,uci-171_labeled_train_validation,uci-171,1,6,1,real_independent_shadow_target_cross_release,granular_ball,release_2,random_forest,0.95,1040,520,325,0.9138461538461539,official UCI labeled train+validation portions; official test labels are unavailable,1.0,1.0,1.0,
uci-171,uci-171_labeled_train_validation,uci-171,1,6,1,real_independent_shadow_target_cross_release,matched_kmeans,release_2,logistic,0.95,1040,520,325,0.8707692307692307,official UCI labeled train+validation portions; official test labels are unavailable,0.9999778106508876,0.9999780637613337,0.9980769230769231,
uci-171,uci-171_labeled_train_validation,uci-171,1,6,1,real_independent_shadow_target_cross_release,matched_kmeans,release_2,random_forest,0.95,1040,520,325,0.8707692307692307,official UCI labeled train+validation portions; official test labels are unavailable,0.9999852071005917,0.9999852707411724,1.0,
uci-171,uci-171_labeled_train_validation,uci-171,1,6,2,real_independent_shadow_target_cross_release,granular_ball,release_2,logistic,0.95,1040,520,317,0.9116719242902208,official UCI labeled train+validation portions; official test labels are unavailable,1.0,1.0,1.0,
uci-171,uci-171_labeled_train_validation,uci-171,1,6,2,real_independent_shadow_target_cross_release,granular_ball,release_2,random_forest,0.95,1040,520,317,0.9116719242902208,official UCI labeled train+validation portions; official test labels are unavailable,1.0,1.0,1.0,
uci-171,uci-171_labeled_train_validation,uci-171,1,6,2,real_independent_shadow_target_cross_release,matched_kmeans,release_2,logistic,0.95,1040,520,317,0.8769716088328076,official UCI labeled train+validation portions; official test labels are unavailable,0.999116124260355,0.9991625004198603,0.9826923076923076,
uci-171,uci-171_labeled_train_validation,uci-171,1,6,2,real_independent_shadow_target_cross_release,matched_kmeans,release_2,random_forest,0.95,1040,520,317,0.8769716088328076,official UCI labeled train+validation portions; official test labels are unavailable,0.9995784023668639,0.9995946696331223,0.9884615384615385,
uci-171,uci-171_labeled_train_validation,uci-171,1,6,3,real_independent_shadow_target_cross_release,granular_ball,release_2,logistic,0.95,1040,520,317,0.9085173501577287,official UCI labeled train+validation portions; official test labels are unavailable,0.999996301775148,0.9999963088734682,1.0,
uci-171,uci-171_labeled_train_validation,uci-171,1,6,3,real_independent_shadow_target_cross_release,granular_ball,release_2,random_forest,0.95,1040,520,317,0.9085173501577287,official UCI labeled train+validation portions; official test labels are unavailable,1.0,1.0,1.0,
uci-171,uci-171_labeled_train_validation,uci-171,1,6,3,real_independent_shadow_target_cross_release,matched_kmeans,release_2,logistic,0.95,1040,520,317,0.8769716088328076,official UCI labeled train+validation portions; official test labels are unavailable,0.9993306213017752,0.9993489503323822,0.9807692307692307,
uci-171,uci-171_labeled_train_validation,uci-171,1,6,3,real_independent_shadow_target_cross_release,matched_kmeans,release_2,random_forest,0.95,1040,520,317,0.8769716088328076,official UCI labeled train+validation portions; official test labels are unavailable,0.9994674556213017,0.9994702891066388,0.9884615384615385,
uci-171,uci-171_labeled_train_validation,uci-171,1,6,4,real_independent_shadow_target_cross_release,granular_ball,release_2,logistic,0.95,1040,520,314,0.9076433121019108,official UCI labeled train+validation portions; official test labels are unavailable,1.0,1.0,1.0,
uci-171,uci-171_labeled_train_validation,uci-171,1,6,4,real_independent_shadow_target_cross_release,granular_ball,release_2,random_forest,0.95,1040,520,314,0.9076433121019108,official UCI labeled train+validation portions; official test labels are unavailable,1.0,1.0,1.0,
uci-171,uci-171_labeled_train_validation,uci-171,1,6,4,real_independent_shadow_target_cross_release,matched_kmeans,release_2,logistic,0.95,1040,520,314,0.8694267515923567,official UCI labeled train+validation portions; official test labels are unavailable,0.9999038461538461,0.9999037971932115,0.9980769230769231,
uci-171,uci-171_labeled_train_validation,uci-171,1,6,4,real_independent_shadow_target_cross_release,matched_kmeans,release_2,random_forest,0.95,1040,520,314,0.8694267515923567,official UCI labeled train+validation portions; official test labels are unavailable,0.9999630177514792,0.9999632850585659,0.9980769230769231,
uci-171,uci-171_labeled_train_validation,uci-171,1,6,0,real_independent_shadow_target_cross_release,granular_ball,release_3,logistic,0.95,1040,520,305,0.8885245901639345,official UCI labeled train+validation portions; official test labels are unavailable,1.0,1.0,1.0,
uci-171,uci-171_labeled_train_validation,uci-171,1,6,0,real_independent_shadow_target_cross_release,granular_ball,release_3,random_forest,0.95,1040,520,305,0.8885245901639345,official UCI labeled train+validation portions; official test labels are unavailable,1.0,1.0,1.0,
uci-171,uci-171_labeled_train_validation,uci-171,1,6,0,real_independent_shadow_target_cross_release,matched_kmeans,release_3,logistic,0.95,1040,520,305,0.8688524590163934,official UCI labeled train+validation portions; official test labels are unavailable,0.9993676035502959,0.9993830015951093,0.9826923076923076,
uci-171,uci-171_labeled_train_validation,uci-171,1,6,0,real_independent_shadow_target_cross_release,matched_kmeans,release_3,random_forest,0.95,1040,520,305,0.8688524590163934,official UCI labeled train+validation portions; official test labels are unavailable,0.9997041420118343,0.9997067029042908,0.9923076923076923,
uci-171,uci-171_labeled_train_validation,uci-171,1,6,1,real_independent_shadow_target_cross_release,granular_ball,release_3,logistic,0.95,1040,520,325,0.9138461538461539,official UCI labeled train+validation portions; official test labels are unavailable,1.0,1.0,1.0,
uci-171,uci-171_labeled_train_validation,uci-171,1,6,1,real_independent_shadow_target_cross_release,granular_ball,release_3,random_forest,0.95,1040,520,325,0.9138461538461539,official UCI labeled train+validation portions; official test labels are unavailable,1.0,1.0,1.0,
uci-171,uci-171_labeled_train_validation,uci-171,1,6,1,real_independent_shadow_target_cross_release,matched_kmeans,release_3,logistic,0.95,1040,520,325,0.8707692307692307,official UCI labeled train+validation portions; official test labels are unavailable,0.9999704142011835,0.9999706815082701,0.9980769230769231,
uci-171,uci-171_labeled_train_validation,uci-171,1,6,1,real_independent_shadow_target_cross_release,matched_kmeans,release_3,random_forest,0.95,1040,520,325,0.8707692307692307,official UCI labeled train+validation portions; official test labels are unavailable,0.9999852071005917,0.9999852707411724,1.0,
uci-171,uci-171_labeled_train_validation,uci-171,1,6,2,real_independent_shadow_target_cross_release,granular_ball,release_3,logistic,0.95,1040,520,317,0.9116719242902208,official UCI labeled train+validation portions; official test labels are unavailable,1.0,1.0,1.0,
uci-171,uci-171_labeled_train_validation,uci-171,1,6,2,real_independent_shadow_target_cross_release,granular_ball,release_3,random_forest,0.95,1040,520,317,0.9116719242902208,official UCI labeled train+validation portions; official test labels are unavailable,1.0,1.0,1.0,
uci-171,uci-171_labeled_train_validation,uci-171,1,6,2,real_independent_shadow_target_cross_release,matched_kmeans,release_3,logistic,0.95,1040,520,317,0.8769716088328076,official UCI labeled train+validation portions; official test labels are unavailable,0.9990680473372782,0.9991143656774051,0.9807692307692307,
uci-171,uci-171_labeled_train_validation,uci-171,1,6,2,real_independent_shadow_target_cross_release,matched_kmeans,release_3,random_forest,0.95,1040,520,317,0.8769716088328076,official UCI labeled train+validation portions; official test labels are unavailable,0.9996005917159764,0.999615241545935,0.9923076923076923,
uci-171,uci-171_labeled_train_validation,uci-171,1,6,3,real_independent_shadow_target_cross_release,granular_ball,release_3,logistic,0.95,1040,520,317,0.9085173501577287,official UCI labeled train+validation portions; official test labels are unavailable,0.999996301775148,0.9999963088734682,1.0,
uci-171,uci-171_labeled_train_validation,uci-171,1,6,3,real_independent_shadow_target_cross_release,granular_ball,release_3,random_forest,0.95,1040,520,317,0.9085173501577287,official UCI labeled train+validation portions; official test labels are unavailable,1.0,1.0,1.0,
uci-171,uci-171_labeled_train_validation,uci-171,1,6,3,real_independent_shadow_target_cross_release,matched_kmeans,release_3,logistic,0.95,1040,520,317,0.8769716088328076,official UCI labeled train+validation portions; official test labels are unavailable,0.9992825443786982,0.9993105181693933,0.9807692307692307,
uci-171,uci-171_labeled_train_validation,uci-171,1,6,3,real_independent_shadow_target_cross_release,matched_kmeans,release_3,random_forest,0.95,1040,520,317,0.8769716088328076,official UCI labeled train+validation portions; official test labels are unavailable,0.9993287721893491,0.9993260652035783,0.9865384615384616,
uci-171,uci-171_labeled_train_validation,uci-171,1,6,4,real_independent_shadow_target_cross_release,granular_ball,release_3,logistic,0.95,1040,520,314,0.9076433121019108,official UCI labeled train+validation portions; official test labels are unavailable,1.0,1.0,1.0,
uci-171,uci-171_labeled_train_validation,uci-171,1,6,4,real_independent_shadow_target_cross_release,granular_ball,release_3,random_forest,0.95,1040,520,314,0.9076433121019108,official UCI labeled train+validation portions; official test labels are unavailable,1.0,1.0,1.0,
uci-171,uci-171_labeled_train_validation,uci-171,1,6,4,real_independent_shadow_target_cross_release,matched_kmeans,release_3,logistic,0.95,1040,520,314,0.8694267515923567,official UCI labeled train+validation portions; official test labels are unavailable,0.9999001479289942,0.9998997039623677,0.9980769230769231,
uci-171,uci-171_labeled_train_validation,uci-171,1,6,4,real_independent_shadow_target_cross_release,matched_kmeans,release_3,random_forest,0.95,1040,520,314,0.8694267515923567,official UCI labeled train+validation portions; official test labels are unavailable,0.9999741124260356,0.9999741902632566,1.0,
uci-171,uci-171_labeled_train_validation,uci-171,1,6,0,real_independent_shadow_target_cross_release,granular_ball,release_1,logistic,0.99,1040,520,305,0.8885245901639345,official UCI labeled train+validation portions; official test labels are unavailable,1.0,1.0,1.0,
uci-171,uci-171_labeled_train_validation,uci-171,1,6,0,real_independent_shadow_target_cross_release,granular_ball,release_1,random_forest,0.99,1040,520,305,0.8885245901639345,official UCI labeled train+validation portions; official test labels are unavailable,1.0,1.0,1.0,
uci-171,uci-171_labeled_train_validation,uci-171,1,6,0,real_independent_shadow_target_cross_release,matched_kmeans,release_1,logistic,0.99,1040,520,305,0.8688524590163934,official UCI labeled train+validation portions; official test labels are unavailable,0.9994563609467456,0.9994583555377166,0.9903846153846154,
uci-171,uci-171_labeled_train_validation,uci-171,1,6,0,real_independent_shadow_target_cross_release,matched_kmeans,release_1,random_forest,0.99,1040,520,305,0.8688524590163934,official UCI labeled train+validation portions; official test labels are unavailable,0.9996671597633136,0.9996706139937481,0.9903846153846154,
uci-171,uci-171_labeled_train_validation,uci-171,1,6,1,real_independent_shadow_target_cross_release,granular_ball,release_1,logistic,0.99,1040,520,325,0.9138461538461539,official UCI labeled train+validation portions; official test labels are unavailable,1.0,1.0,1.0,
uci-171,uci-171_labeled_train_validation,uci-171,1,6,1,real_independent_shadow_target_cross_release,granular_ball,release_1,random_forest,0.99,1040,520,325,0.9138461538461539,official UCI labeled train+validation portions; official test labels are unavailable,1.0,1.0,1.0,
uci-171,uci-171_labeled_train_validation,uci-171,1,6,1,real_independent_shadow_target_cross_release,matched_kmeans,release_1,logistic,0.99,1040,520,325,0.8707692307692307,official UCI labeled train+validation portions; official test labels are unavailable,0.9999778106508876,0.9999780637613337,0.9980769230769231,
uci-171,uci-171_labeled_train_validation,uci-171,1,6,1,real_independent_shadow_target_cross_release,matched_kmeans,release_1,random_forest,0.99,1040,520,325,0.8707692307692307,official UCI labeled train+validation portions; official test labels are unavailable,0.9999815088757397,0.9999816217986359,1.0,
uci-171,uci-171_labeled_train_validation,uci-171,1,6,2,real_independent_shadow_target_cross_release,granular_ball,release_1,logistic,0.99,1040,520,317,0.9116719242902208,official UCI labeled train+validation portions; official test labels are unavailable,1.0,1.0,1.0,
uci-171,uci-171_labeled_train_validation,uci-171,1,6,2,real_independent_shadow_target_cross_release,granular_ball,release_1,random_forest,0.99,1040,520,317,0.9116719242902208,official UCI labeled train+validation portions; official test labels are unavailable,1.0,1.0,1.0,
uci-171,uci-171_labeled_train_validation,uci-171,1,6,2,real_independent_shadow_target_cross_release,matched_kmeans,release_1,logistic,0.99,1040,520,317,0.8769716088328076,official UCI labeled train+validation portions; official test labels are unavailable,0.999112426035503,0.9991575497323103,0.9826923076923076,
uci-171,uci-171_labeled_train_validation,uci-171,1,6,2,real_independent_shadow_target_cross_release,matched_kmeans,release_1,random_forest,0.99,1040,520,317,0.8769716088328076,official UCI labeled train+validation portions; official test labels are unavailable,0.9996449704142012,0.9996553816489533,0.9903846153846154,
uci-171,uci-171_labeled_train_validation,uci-171,1,6,3,real_independent_shadow_target_cross_release,granular_ball,release_1,logistic,0.99,1040,520,317,0.9085173501577287,official UCI labeled train+validation portions; official test labels are unavailable,0.9999926035502958,0.9999926106486161,1.0,
uci-171,uci-171_labeled_train_validation,uci-171,1,6,3,real_independent_shadow_target_cross_release,granular_ball,release_1,random_forest,0.99,1040,520,317,0.9085173501577287,official UCI labeled train+validation portions; official test labels are unavailable,1.0,1.0,1.0,
uci-171,uci-171_labeled_train_validation,uci-171,1,6,3,real_independent_shadow_target_cross_release,matched_kmeans,release_1,logistic,0.99,1040,520,317,0.8769716088328076,official UCI labeled train+validation portions; official test labels are unavailable,0.999323224852071,0.9993414778383723,0.9807692307692307,
uci-171,uci-171_labeled_train_validation,uci-171,1,6,3,real_independent_shadow_target_cross_release,matched_kmeans,release_1,random_forest,0.99,1040,520,317,0.8769716088328076,official UCI labeled train+validation portions; official test labels are unavailable,0.9994341715976331,0.9994373370413713,0.9846153846153847,
uci-171,uci-171_labeled_train_validation,uci-171,1,6,4,real_independent_shadow_target_cross_release,granular_ball,release_1,logistic,0.99,1040,520,314,0.9076433121019108,official UCI labeled train+validation portions; official test labels are unavailable,1.0,1.0,1.0,
uci-171,uci-171_labeled_train_validation,uci-171,1,6,4,real_independent_shadow_target_cross_release,granular_ball,release_1,random_forest,0.99,1040,520,314,0.9076433121019108,official UCI labeled train+validation portions; official test labels are unavailable,1.0,1.0,1.0,
uci-171,uci-171_labeled_train_validation,uci-171,1,6,4,real_independent_shadow_target_cross_release,matched_kmeans,release_1,logistic,0.99,1040,520,314,0.8694267515923567,official UCI labeled train+validation portions; official test labels are unavailable,0.9998964497041419,0.9998965739985952,0.9980769230769231,
uci-171,uci-171_labeled_train_validation,uci-171,1,6,4,real_independent_shadow_target_cross_release,matched_kmeans,release_1,random_forest,0.99,1040,520,314,0.8694267515923567,official UCI labeled train+validation portions; official test labels are unavailable,0.9999371301775147,0.9999378233211084,0.9980769230769231,
uci-171,uci-171_labeled_train_validation,uci-171,1,6,0,real_independent_shadow_target_cross_release,granular_ball,release_2,logistic,0.99,1040,520,305,0.8885245901639345,official UCI labeled train+validation portions; official test labels are unavailable,1.0,1.0,1.0,
uci-171,uci-171_labeled_train_validation,uci-171,1,6,0,real_independent_shadow_target_cross_release,granular_ball,release_2,random_forest,0.99,1040,520,305,0.8885245901639345,official UCI labeled train+validation portions; official test labels are unavailable,1.0,1.0,1.0,
uci-171,uci-171_labeled_train_validation,uci-171,1,6,0,real_independent_shadow_target_cross_release,matched_kmeans,release_2,logistic,0.99,1040,520,305,0.8688524590163934,official UCI labeled train+validation portions; official test labels are unavailable,0.9994711538461538,0.9994733471104011,0.9884615384615385,
uci-171,uci-171_labeled_train_validation,uci-171,1,6,0,real_independent_shadow_target_cross_release,matched_kmeans,release_2,random_forest,0.99,1040,520,305,0.8688524590163934,official UCI labeled train+validation portions; official test labels are unavailable,0.9996560650887574,0.9996557422230923,0.9942307692307693,
uci-171,uci-171_labeled_train_validation,uci-171,1,6,1,real_independent_shadow_target_cross_release,granular_ball,release_2,logistic,0.99,1040,520,325,0.9138461538461539,official UCI labeled train+validation portions; official test labels are unavailable,1.0,1.0,1.0,
uci-171,uci-171_labeled_train_validation,uci-171,1,6,1,real_independent_shadow_target_cross_release,granular_ball,release_2,random_forest,0.99,1040,520,325,0.9138461538461539,official UCI labeled train+validation portions; official test labels are unavailable,1.0,1.0,1.0,
uci-171,uci-171_labeled_train_validation,uci-171,1,6,1,real_independent_shadow_target_cross_release,matched_kmeans,release_2,logistic,0.99,1040,520,325,0.8707692307692307,official UCI labeled train+validation portions; official test labels are unavailable,0.9999778106508876,0.9999780637613337,0.9980769230769231,
uci-171,uci-171_labeled_train_validation,uci-171,1,6,1,real_independent_shadow_target_cross_release,matched_kmeans,release_2,random_forest,0.99,1040,520,325,0.8707692307692307,official UCI labeled train+validation portions; official test labels are unavailable,0.9999852071005917,0.9999852707411724,1.0,
uci-171,uci-171_labeled_train_validation,uci-171,1,6,2,real_independent_shadow_target_cross_release,granular_ball,release_2,logistic,0.99,1040,520,317,0.9116719242902208,official UCI labeled train+validation portions; official test labels are unavailable,1.0,1.0,1.0,
uci-171,uci-171_labeled_train_validation,uci-171,1,6,2,real_independent_shadow_target_cross_release,granular_ball,release_2,random_forest,0.99,1040,520,317,0.9116719242902208,official UCI labeled train+validation portions; official test labels are unavailable,1.0,1.0,1.0,
uci-171,uci-171_labeled_train_validation,uci-171,1,6,2,real_independent_shadow_target_cross_release,matched_kmeans,release_2,logistic,0.99,1040,520,317,0.8769716088328076,official UCI labeled train+validation portions; official test labels are unavailable,0.999116124260355,0.9991625004198603,0.9826923076923076,
uci-171,uci-171_labeled_train_validation,uci-171,1,6,2,real_independent_shadow_target_cross_release,matched_kmeans,release_2,random_forest,0.99,1040,520,317,0.8769716088328076,official UCI labeled train+validation portions; official test labels are unavailable,0.9995784023668639,0.9995946696331223,0.9884615384615385,
uci-171,uci-171_labeled_train_validation,uci-171,1,6,3,real_independent_shadow_target_cross_release,granular_ball,release_2,logistic,0.99,1040,520,317,0.9085173501577287,official UCI labeled train+validation portions; official test labels are unavailable,0.999996301775148,0.9999963088734682,1.0,
uci-171,uci-171_labeled_train_validation,uci-171,1,6,3,real_independent_shadow_target_cross_release,granular_ball,release_2,random_forest,0.99,1040,520,317,0.9085173501577287,official UCI labeled train+validation portions; official test labels are unavailable,1.0,1.0,1.0,
uci-171,uci-171_labeled_train_validation,uci-171,1,6,3,real_independent_shadow_target_cross_release,matched_kmeans,release_2,logistic,0.99,1040,520,317,0.8769716088328076,official UCI labeled train+validation portions; official test labels are unavailable,0.9993306213017752,0.9993489503323822,0.9807692307692307,
uci-171,uci-171_labeled_train_validation,uci-171,1,6,3,real_independent_shadow_target_cross_release,matched_kmeans,release_2,random_forest,0.99,1040,520,317,0.8769716088328076,official UCI labeled train+validation portions; official test labels are unavailable,0.9994674556213017,0.9994702891066388,0.9884615384615385,
uci-171,uci-171_labeled_train_validation,uci-171,1,6,4,real_independent_shadow_target_cross_release,granular_ball,release_2,logistic,0.99,1040,520,314,0.9076433121019108,official UCI labeled train+validation portions; official test labels are unavailable,1.0,1.0,1.0,
uci-171,uci-171_labeled_train_validation,uci-171,1,6,4,real_independent_shadow_target_cross_release,granular_ball,release_2,random_forest,0.99,1040,520,314,0.9076433121019108,official UCI labeled train+validation portions; official test labels are unavailable,1.0,1.0,1.0,
uci-171,uci-171_labeled_train_validation,uci-171,1,6,4,real_independent_shadow_target_cross_release,matched_kmeans,release_2,logistic,0.99,1040,520,314,0.8694267515923567,official UCI labeled train+validation portions; official test labels are unavailable,0.9999038461538461,0.9999037971932115,0.9980769230769231,
uci-171,uci-171_labeled_train_validation,uci-171,1,6,4,real_independent_shadow_target_cross_release,matched_kmeans,release_2,random_forest,0.99,1040,520,314,0.8694267515923567,official UCI labeled train+validation portions; official test labels are unavailable,0.9999630177514792,0.9999632850585659,0.9980769230769231,
uci-171,uci-171_labeled_train_validation,uci-171,1,6,0,real_independent_shadow_target_cross_release,granular_ball,release_3,logistic,0.99,1040,520,305,0.8885245901639345,official UCI labeled train+validation portions; official test labels are unavailable,1.0,1.0,1.0,
uci-171,uci-171_labeled_train_validation,uci-171,1,6,0,real_independent_shadow_target_cross_release,granular_ball,release_3,random_forest,0.99,1040,520,305,0.8885245901639345,official UCI labeled train+validation portions; official test labels are unavailable,1.0,1.0,1.0,
uci-171,uci-171_labeled_train_validation,uci-171,1,6,0,real_independent_shadow_target_cross_release,matched_kmeans,release_3,logistic,0.99,1040,520,305,0.8688524590163934,official UCI labeled train+validation portions; official test labels are unavailable,0.9993676035502959,0.9993830015951093,0.9826923076923076,
uci-171,uci-171_labeled_train_validation,uci-171,1,6,0,real_independent_shadow_target_cross_release,matched_kmeans,release_3,random_forest,0.99,1040,520,305,0.8688524590163934,official UCI labeled train+validation portions; official test labels are unavailable,0.9997041420118343,0.9997067029042908,0.9923076923076923,
uci-171,uci-171_labeled_train_validation,uci-171,1,6,1,real_independent_shadow_target_cross_release,granular_ball,release_3,logistic,0.99,1040,520,325,0.9138461538461539,official UCI labeled train+validation portions; official test labels are unavailable,1.0,1.0,1.0,
uci-171,uci-171_labeled_train_validation,uci-171,1,6,1,real_independent_shadow_target_cross_release,granular_ball,release_3,random_forest,0.99,1040,520,325,0.9138461538461539,official UCI labeled train+validation portions; official test labels are unavailable,1.0,1.0,1.0,
uci-171,uci-171_labeled_train_validation,uci-171,1,6,1,real_independent_shadow_target_cross_release,matched_kmeans,release_3,logistic,0.99,1040,520,325,0.8707692307692307,official UCI labeled train+validation portions; official test labels are unavailable,0.9999704142011835,0.9999706815082701,0.9980769230769231,
uci-171,uci-171_labeled_train_validation,uci-171,1,6,1,real_independent_shadow_target_cross_release,matched_kmeans,release_3,random_forest,0.99,1040,520,325,0.8707692307692307,official UCI labeled train+validation portions; official test labels are unavailable,0.9999852071005917,0.9999852707411724,1.0,
uci-171,uci-171_labeled_train_validation,uci-171,1,6,2,real_independent_shadow_target_cross_release,granular_ball,release_3,logistic,0.99,1040,520,317,0.9116719242902208,official UCI labeled train+validation portions; official test labels are unavailable,1.0,1.0,1.0,
uci-171,uci-171_labeled_train_validation,uci-171,1,6,2,real_independent_shadow_target_cross_release,granular_ball,release_3,random_forest,0.99,1040,520,317,0.9116719242902208,official UCI labeled train+validation portions; official test labels are unavailable,1.0,1.0,1.0,
uci-171,uci-171_labeled_train_validation,uci-171,1,6,2,real_independent_shadow_target_cross_release,matched_kmeans,release_3,logistic,0.99,1040,520,317,0.8769716088328076,official UCI labeled train+validation portions; official test labels are unavailable,0.9990680473372782,0.9991143656774051,0.9807692307692307,
uci-171,uci-171_labeled_train_validation,uci-171,1,6,2,real_independent_shadow_target_cross_release,matched_kmeans,release_3,random_forest,0.99,1040,520,317,0.8769716088328076,official UCI labeled train+validation portions; official test labels are unavailable,0.9996005917159764,0.999615241545935,0.9923076923076923,
uci-171,uci-171_labeled_train_validation,uci-171,1,6,3,real_independent_shadow_target_cross_release,granular_ball,release_3,logistic,0.99,1040,520,317,0.9085173501577287,official UCI labeled train+validation portions; official test labels are unavailable,0.999996301775148,0.9999963088734682,1.0,
uci-171,uci-171_labeled_train_validation,uci-171,1,6,3,real_independent_shadow_target_cross_release,granular_ball,release_3,random_forest,0.99,1040,520,317,0.9085173501577287,official UCI labeled train+validation portions; official test labels are unavailable,1.0,1.0,1.0,
uci-171,uci-171_labeled_train_validation,uci-171,1,6,3,real_independent_shadow_target_cross_release,matched_kmeans,release_3,logistic,0.99,1040,520,317,0.8769716088328076,official UCI labeled train+validation portions; official test labels are unavailable,0.9992825443786982,0.9993105181693933,0.9807692307692307,
uci-171,uci-171_labeled_train_validation,uci-171,1,6,3,real_independent_shadow_target_cross_release,matched_kmeans,release_3,random_forest,0.99,1040,520,317,0.8769716088328076,official UCI labeled train+validation portions; official test labels are unavailable,0.9993287721893491,0.9993260652035783,0.9865384615384616,
uci-171,uci-171_labeled_train_validation,uci-171,1,6,4,real_independent_shadow_target_cross_release,granular_ball,release_3,logistic,0.99,1040,520,314,0.9076433121019108,official UCI labeled train+validation portions; official test labels are unavailable,1.0,1.0,1.0,
uci-171,uci-171_labeled_train_validation,uci-171,1,6,4,real_independent_shadow_target_cross_release,granular_ball,release_3,random_forest,0.99,1040,520,314,0.9076433121019108,official UCI labeled train+validation portions; official test labels are unavailable,1.0,1.0,1.0,
uci-171,uci-171_labeled_train_validation,uci-171,1,6,4,real_independent_shadow_target_cross_release,matched_kmeans,release_3,logistic,0.99,1040,520,314,0.8694267515923567,official UCI labeled train+validation portions; official test labels are unavailable,0.9999001479289942,0.9998997039623677,0.9980769230769231,
uci-171,uci-171_labeled_train_validation,uci-171,1,6,4,real_independent_shadow_target_cross_release,matched_kmeans,release_3,random_forest,0.99,1040,520,314,0.8694267515923567,official UCI labeled train+validation portions; official test labels are unavailable,0.9999741124260356,0.9999741902632566,1.0,
uci-171,uci-171_labeled_train_validation,uci-171,7,6,0,real_independent_shadow_target_cross_release,granular_ball,release_1,logistic,0.9,1040,520,309,0.8964401294498382,official UCI labeled train+validation portions; official test labels are unavailable,1.0,1.0,1.0,
uci-171,uci-171_labeled_train_validation,uci-171,7,6,0,real_independent_shadow_target_cross_release,granular_ball,release_1,random_forest,0.9,1040,520,309,0.8964401294498382,official UCI labeled train+validation portions; official test labels are unavailable,1.0,1.0,1.0,
uci-171,uci-171_labeled_train_validation,uci-171,7,6,0,real_independent_shadow_target_cross_release,matched_kmeans,release_1,logistic,0.9,1040,520,309,0.8705501618122977,official UCI labeled train+validation portions; official test labels are unavailable,0.9994489644970415,0.9994810481205103,0.9942307692307693,
uci-171,uci-171_labeled_train_validation,uci-171,7,6,0,real_independent_shadow_target_cross_release,matched_kmeans,release_1,random_forest,0.9,1040,520,309,0.8705501618122977,official UCI labeled train+validation portions; official test labels are unavailable,0.9997263313609468,0.9997421562202508,0.9980769230769231,
uci-171,uci-171_labeled_train_validation,uci-171,7,6,1,real_independent_shadow_target_cross_release,granular_ball,release_1,logistic,0.9,1040,520,315,0.9047619047619048,official UCI labeled train+validation portions; official test labels are unavailable,1.0,1.0,1.0,
uci-171,uci-171_labeled_train_validation,uci-171,7,6,1,real_independent_shadow_target_cross_release,granular_ball,release_1,random_forest,0.9,1040,520,315,0.9047619047619048,official UCI labeled train+validation portions; official test labels are unavailable,1.0,1.0,1.0,
uci-171,uci-171_labeled_train_validation,uci-171,7,6,1,real_independent_shadow_target_cross_release,matched_kmeans,release_1,logistic,0.9,1040,520,315,0.8888888888888888,official UCI labeled train+validation portions; official test labels are unavailable,0.9996671597633136,0.9996659658689481,0.9903846153846154,
uci-171,uci-171_labeled_train_validation,uci-171,7,6,1,real_independent_shadow_target_cross_release,matched_kmeans,release_1,random_forest,0.9,1040,520,315,0.8888888888888888,official UCI labeled train+validation portions; official test labels are unavailable,0.9999297337278106,0.9999294884416442,1.0,
uci-171,uci-171_labeled_train_validation,uci-171,7,6,2,real_independent_shadow_target_cross_release,granular_ball,release_1,logistic,0.9,1040,520,302,0.9271523178807947,official UCI labeled train+validation portions; official test labels are unavailable,0.9991715976331361,0.9993224231604702,0.9923076923076923,
uci-171,uci-171_labeled_train_validation,uci-171,7,6,2,real_independent_shadow_target_cross_release,granular_ball,release_1,random_forest,0.9,1040,520,302,0.9271523178807947,official UCI labeled train+validation portions; official test labels are unavailable,0.9988738905325444,0.9990013783162482,0.9980769230769231,
uci-171,uci-171_labeled_train_validation,uci-171,7,6,2,real_independent_shadow_target_cross_release,matched_kmeans,release_1,logistic,0.9,1040,520,302,0.8609271523178808,official UCI labeled train+validation portions; official test labels are unavailable,0.9995599112426036,0.9995687046684038,0.9884615384615385,
uci-171,uci-171_labeled_train_validation,uci-171,7,6,2,real_independent_shadow_target_cross_release,matched_kmeans,release_1,random_forest,0.9,1040,520,302,0.8609271523178808,official UCI labeled train+validation portions; official test labels are unavailable,0.9998446745562131,0.9998471086437928,0.9980769230769231,
uci-171,uci-171_labeled_train_validation,uci-171,7,6,3,real_independent_shadow_target_cross_release,granular_ball,release_1,logistic,0.9,1040,520,293,0.9010238907849829,official UCI labeled train+validation portions; official test labels are unavailable,0.9999926035502958,0.9999926318891836,1.0,
uci-171,uci-171_labeled_train_validation,uci-171,7,6,3,real_independent_shadow_target_cross_release,granular_ball,release_1,random_forest,0.9,1040,520,293,0.9010238907849829,official UCI labeled train+validation portions; official test labels are unavailable,1.0,1.0,1.0,
uci-171,uci-171_labeled_train_validation,uci-171,7,6,3,real_independent_shadow_target_cross_release,matched_kmeans,release_1,logistic,0.9,1040,520,293,0.8532423208191127,official UCI labeled train+validation portions; official test labels are unavailable,0.9999334319526627,0.999934994351838,0.9980769230769231,
uci-171,uci-171_labeled_train_validation,uci-171,7,6,3,real_independent_shadow_target_cross_release,matched_kmeans,release_1,random_forest,0.9,1040,520,293,0.8532423208191127,official UCI labeled train+validation portions; official test labels are unavailable,0.9999889053254438,0.9999889689660244,1.0,
uci-171,uci-171_labeled_train_validation,uci-171,7,6,4,real_independent_shadow_target_cross_release,granular_ball,release_1,logistic,0.9,1040,520,288,0.90625,official UCI labeled train+validation portions; official test labels are unavailable,0.999737426035503,0.9997453102281939,0.9942307692307693,
uci-171,uci-171_labeled_train_validation,uci-171,7,6,4,real_independent_shadow_target_cross_release,granular_ball,release_1,random_forest,0.9,1040,520,288,0.90625,official UCI labeled train+validation portions; official test labels are unavailable,0.9999149408284023,0.9999099639613616,0.9980769230769231,
uci-171,uci-171_labeled_train_validation,uci-171,7,6,4,real_independent_shadow_target_cross_release,matched_kmeans,release_1,logistic,0.9,1040,520,288,0.8819444444444444,official UCI labeled train+validation portions; official test labels are unavailable,0.9971523668639054,0.9974774662165207,0.948076923076923,
uci-171,uci-171_labeled_train_validation,uci-171,7,6,4,real_independent_shadow_target_cross_release,matched_kmeans,release_1,random_forest,0.9,1040,520,288,0.8819444444444444,official UCI labeled train+validation portions; official test labels are unavailable,0.9991678994082841,0.9992684978225818,0.9884615384615385,
uci-171,uci-171_labeled_train_validation,uci-171,7,6,0,real_independent_shadow_target_cross_release,granular_ball,release_2,logistic,0.9,1040,520,309,0.8964401294498382,official UCI labeled train+validation portions; official test labels are unavailable,1.0,1.0,1.0,
uci-171,uci-171_labeled_train_validation,uci-171,7,6,0,real_independent_shadow_target_cross_release,granular_ball,release_2,random_forest,0.9,1040,520,309,0.8964401294498382,official UCI labeled train+validation portions; official test labels are unavailable,1.0,1.0,1.0,
uci-171,uci-171_labeled_train_validation,uci-171,7,6,0,real_independent_shadow_target_cross_release,matched_kmeans,release_2,logistic,0.9,1040,520,309,0.8705501618122977,official UCI labeled train+validation portions; official test labels are unavailable,0.9994563609467455,0.999482099854091,0.9942307692307693,
uci-171,uci-171_labeled_train_validation,uci-171,7,6,0,real_independent_shadow_target_cross_release,matched_kmeans,release_2,random_forest,0.9,1040,520,309,0.8705501618122977,official UCI labeled train+validation portions; official test labels are unavailable,0.9997928994082841,0.9997984235096952,0.9980769230769231,
uci-171,uci-171_labeled_train_validation,uci-171,7,6,1,real_independent_shadow_target_cross_release,granular_ball,release_2,logistic,0.9,1040,520,315,0.9047619047619048,official UCI labeled train+validation portions; official test labels are unavailable,1.0,1.0,1.0,
uci-171,uci-171_labeled_train_validation,uci-171,7,6,1,real_independent_shadow_target_cross_release,granular_ball,release_2,random_forest,0.9,1040,520,315,0.9047619047619048,official UCI labeled train+validation portions; official test labels are unavailable,1.0,1.0,1.0,
uci-171,uci-171_labeled_train_validation,uci-171,7,6,1,real_independent_shadow_target_cross_release,matched_kmeans,release_2,logistic,0.9,1040,520,315,0.8888888888888888,official UCI labeled train+validation portions; official test labels are unavailable,0.9996227810650887,0.999622612796898,0.9865384615384616,
uci-171,uci-171_labeled_train_validation,uci-171,7,6,1,real_independent_shadow_target_cross_release,matched_kmeans,release_2,random_forest,0.9,1040,520,315,0.8888888888888888,official UCI labeled train+validation portions; official test labels are unavailable,0.999940828402367,0.9999407914859533,1.0,
uci-171,uci-171_labeled_train_validation,uci-171,7,6,2,real_independent_shadow_target_cross_release,granular_ball,release_2,logistic,0.9,1040,520,302,0.9271523178807947,official UCI labeled train+validation portions; official test labels are unavailable,0.9992825443786982,0.9993496711020748,0.9942307692307693,
uci-171,uci-171_labeled_train_validation,uci-171,7,6,2,real_independent_shadow_target_cross_release,granular_ball,release_2,random_forest,0.9,1040,520,302,0.9271523178807947,official UCI labeled train+validation portions; official test labels are unavailable,0.9997207840236686,0.999746296212169,0.9980769230769231,
uci-171,uci-171_labeled_train_validation,uci-171,7,6,2,real_independent_shadow_target_cross_release,matched_kmeans,release_2,logistic,0.9,1040,520,302,0.8609271523178808,official UCI labeled train+validation portions; official test labels are unavailable,0.9995525147928994,0.999561786247881,0.9903846153846154,
uci-171,uci-171_labeled_train_validation,uci-171,7,6,2,real_independent_shadow_target_cross_release,matched_kmeans,release_2,random_forest,0.9,1040,520,302,0.8609271523178808,official UCI labeled train+validation portions; official test labels are unavailable,0.9998113905325443,0.9998155952244587,0.9961538461538462,
uci-171,uci-171_labeled_train_validation,uci-171,7,6,3,real_independent_shadow_target_cross_release,granular_ball,release_2,logistic,0.9,1040,520,293,0.9010238907849829,official UCI labeled train+validation portions; official test labels are unavailable,0.9999815088757397,0.9999814731098067,1.0,
uci-171,uci-171_labeled_train_validation,uci-171,7,6,3,real_independent_shadow_target_cross_release,granular_ball,release_2,random_forest,0.9,1040,520,293,0.9010238907849829,official UCI labeled train+validation portions; official test labels are unavailable,1.0,1.0,1.0,
uci-171,uci-171_labeled_train_validation,uci-171,7,6,3,real_independent_shadow_target_cross_release,matched_kmeans,release_2,logistic,0.9,1040,520,293,0.8532423208191127,official UCI labeled train+validation portions; official test labels are unavailable,0.9999260355029586,0.9999278160159464,0.9980769230769231,
uci-171,uci-171_labeled_train_validation,uci-171,7,6,3,real_independent_shadow_target_cross_release,matched_kmeans,release_2,random_forest,0.9,1040,520,293,0.8532423208191127,official UCI labeled train+validation portions; official test labels are unavailable,0.9999852071005917,0.999985320023488,1.0,
uci-171,uci-171_labeled_train_validation,uci-171,7,6,4,real_independent_shadow_target_cross_release,granular_ball,release_2,logistic,0.9,1040,520,288,0.90625,official UCI labeled train+validation portions; official test labels are unavailable,0.9998372781065088,0.9998365880765345,0.9961538461538462,
uci-171,uci-171_labeled_train_validation,uci-171,7,6,4,real_independent_shadow_target_cross_release,granular_ball,release_2,random_forest,0.9,1040,520,288,0.90625,official UCI labeled train+validation portions; official test labels are unavailable,0.9999408284023669,0.9999410157592221,0.9980769230769231,
uci-171,uci-171_labeled_train_validation,uci-171,7,6,4,real_independent_shadow_target_cross_release,matched_kmeans,release_2,logistic,0.9,1040,520,288,0.8819444444444444,official UCI labeled train+validation portions; official test labels are unavailable,0.9967603550295857,0.9970667536375643,0.9423076923076923,
uci-171,uci-171_labeled_train_validation,uci-171,7,6,4,real_independent_shadow_target_cross_release,matched_kmeans,release_2,random_forest,0.9,1040,520,288,0.8819444444444444,official UCI labeled train+validation portions; official test labels are unavailable,0.99833025147929,0.9987508745647573,0.9903846153846154,
uci-171,uci-171_labeled_train_validation,uci-171,7,6,0,real_independent_shadow_target_cross_release,granular_ball,release_3,logistic,0.9,1040,520,309,0.8964401294498382,official UCI labeled train+validation portions; official test labels are unavailable,1.0,1.0,1.0,
uci-171,uci-171_labeled_train_validation,uci-171,7,6,0,real_independent_shadow_target_cross_release,granular_ball,release_3,random_forest,0.9,1040,520,309,0.8964401294498382,official UCI labeled train+validation portions; official test labels are unavailable,1.0,1.0,1.0,
uci-171,uci-171_labeled_train_validation,uci-171,7,6,0,real_independent_shadow_target_cross_release,matched_kmeans,release_3,logistic,0.9,1040,520,309,0.8705501618122977,official UCI labeled train+validation portions; official test labels are unavailable,0.9994452662721894,0.999456655850528,0.9923076923076923,
uci-171,uci-171_labeled_train_validation,uci-171,7,6,0,real_independent_shadow_target_cross_release,matched_kmeans,release_3,random_forest,0.9,1040,520,309,0.8705501618122977,official UCI labeled train+validation portions; official test labels are unavailable,0.9998594674556213,0.9998594884828267,0.9980769230769231,
uci-171,uci-171_labeled_train_validation,uci-171,7,6,1,real_independent_shadow_target_cross_release,granular_ball,release_3,logistic,0.9,1040,520,315,0.9047619047619048,official UCI labeled train+validation portions; official test labels are unavailable,1.0,1.0,1.0,
uci-171,uci-171_labeled_train_validation,uci-171,7,6,1,real_independent_shadow_target_cross_release,granular_ball,release_3,random_forest,0.9,1040,520,315,0.9047619047619048,official UCI labeled train+validation portions; official test labels are unavailable,1.0,1.0,1.0,
uci-171,uci-171_labeled_train_validation,uci-171,7,6,1,real_independent_shadow_target_cross_release,matched_kmeans,release_3,logistic,0.9,1040,520,315,0.8888888888888888,official UCI labeled train+validation portions; official test labels are unavailable,0.9995377218934911,0.9995370412516614,0.9826923076923076,
uci-171,uci-171_labeled_train_validation,uci-171,7,6,1,real_independent_shadow_target_cross_release,matched_kmeans,release_3,random_forest,0.9,1040,520,315,0.8888888888888888,official UCI labeled train+validation portions; official test labels are unavailable,0.9999408284023669,0.9999408621999927,1.0,
uci-171,uci-171_labeled_train_validation,uci-171,7,6,2,real_independent_shadow_target_cross_release,granular_ball,release_3,logistic,0.9,1040,520,302,0.9271523178807947,official UCI labeled train+validation portions; official test labels are unavailable,0.9991531065088757,0.9992675853447989,0.9923076923076923,
uci-171,uci-171_labeled_train_validation,uci-171,7,6,2,real_independent_shadow_target_cross_release,granular_ball,release_3,random_forest,0.9,1040,520,302,0.9271523178807947,official UCI labeled train+validation portions; official test labels are unavailable,0.9998742603550295,0.9998777835509693,0.9980769230769231,
uci-171,uci-171_labeled_train_validation,uci-171,7,6,2,real_independent_shadow_target_cross_release,matched_kmeans,release_3,logistic,0.9,1040,520,302,0.8609271523178808,official UCI labeled train+validation portions; official test labels are unavailable,0.9994896449704143,0.9995023769054949,0.9846153846153847,
uci-171,uci-171_labeled_train_validation,uci-171,7,6,2,real_independent_shadow_target_cross_release,matched_kmeans,release_3,random_forest,0.9,1040,520,302,0.8609271523178808,official UCI labeled train+validation portions; official test labels are unavailable,0.999789201183432,0.9997905816890829,0.9961538461538462,
uci-171,uci-171_labeled_train_validation,uci-171,7,6,3,real_independent_shadow_target_cross_release,granular_ball,release_3,logistic,0.9,1040,520,293,0.9010238907849829,official UCI labeled train+validation portions; official test labels are unavailable,0.9999741124260355,0.999974133202363,1.0,
uci-171,uci-171_labeled_train_validation,uci-171,7,6,3,real_independent_shadow_target_cross_release,granular_ball,release_3,random_forest,0.9,1040,520,293,0.9010238907849829,official UCI labeled train+validation portions; official test labels are unavailable,1.0,1.0,1.0,
uci-171,uci-171_labeled_train_validation,uci-171,7,6,3,real_independent_shadow_target_cross_release,matched_kmeans,release_3,logistic,0.9,1040,520,293,0.8532423208191127,official UCI labeled train+validation portions; official test labels are unavailable,0.9999075443786982,0.9999090631981149,0.9980769230769231,
uci-171,uci-171_labeled_train_validation,uci-171,7,6,3,real_independent_shadow_target_cross_release,matched_kmeans,release_3,random_forest,0.9,1040,520,293,0.8532423208191127,official UCI labeled train+validation portions; official test labels are unavailable,0.9999852071005917,0.999985320023488,1.0,
uci-171,uci-171_labeled_train_validation,uci-171,7,6,4,real_independent_shadow_target_cross_release,granular_ball,release_3,logistic,0.9,1040,520,288,0.90625,official UCI labeled train+validation portions; official test labels are unavailable,0.9997781065088758,0.999779512025709,0.9942307692307693,
uci-171,uci-171_labeled_train_validation,uci-171,7,6,4,real_independent_shadow_target_cross_release,granular_ball,release_3,random_forest,0.9,1040,520,288,0.90625,official UCI labeled train+validation portions; official test labels are unavailable,0.9999260355029586,0.9999267669970943,0.9980769230769231,
uci-171,uci-171_labeled_train_validation,uci-171,7,6,4,real_independent_shadow_target_cross_release,matched_kmeans,release_3,logistic,0.9,1040,520,288,0.8819444444444444,official UCI labeled train+validation portions; official test labels are unavailable,0.9960502958579882,0.9964067375443029,0.9211538461538461,
uci-171,uci-171_labeled_train_validation,uci-171,7,6,4,real_independent_shadow_target_cross_release,matched_kmeans,release_3,random_forest,0.9,1040,520,288,0.8819444444444444,official UCI labeled train+validation portions; official test labels are unavailable,0.9985521449704141,0.9989449971828199,0.9865384615384616,
uci-171,uci-171_labeled_train_validation,uci-171,7,6,0,real_independent_shadow_target_cross_release,granular_ball,release_1,logistic,0.95,1040,520,309,0.8964401294498382,official UCI labeled train+validation portions; official test labels are unavailable,1.0,1.0,1.0,
uci-171,uci-171_labeled_train_validation,uci-171,7,6,0,real_independent_shadow_target_cross_release,granular_ball,release_1,random_forest,0.95,1040,520,309,0.8964401294498382,official UCI labeled train+validation portions; official test labels are unavailable,1.0,1.0,1.0,
uci-171,uci-171_labeled_train_validation,uci-171,7,6,0,real_independent_shadow_target_cross_release,matched_kmeans,release_1,logistic,0.95,1040,520,309,0.8705501618122977,official UCI labeled train+validation portions; official test labels are unavailable,0.9994304733727811,0.9994651409527733,0.9942307692307693,
uci-171,uci-171_labeled_train_validation,uci-171,7,6,0,real_independent_shadow_target_cross_release,matched_kmeans,release_1,random_forest,0.95,1040,520,309,0.8705501618122977,official UCI labeled train+validation portions; official test labels are unavailable,0.9997189349112425,0.9997389096237814,0.9980769230769231,
uci-171,uci-171_labeled_train_validation,uci-171,7,6,1,real_independent_shadow_target_cross_release,granular_ball,release_1,logistic,0.95,1040,520,315,0.9047619047619048,official UCI labeled train+validation portions; official test labels are unavailable,1.0,1.0,1.0,
uci-171,uci-171_labeled_train_validation,uci-171,7,6,1,real_independent_shadow_target_cross_release,granular_ball,release_1,random_forest,0.95,1040,520,315,0.9047619047619048,official UCI labeled train+validation portions; official test labels are unavailable,1.0,1.0,1.0,
uci-171,uci-171_labeled_train_validation,uci-171,7,6,1,real_independent_shadow_target_cross_release,matched_kmeans,release_1,logistic,0.95,1040,520,315,0.8888888888888888,official UCI labeled train+validation portions; official test labels are unavailable,0.9996486686390532,0.9996475655527328,0.9884615384615385,
uci-171,uci-171_labeled_train_validation,uci-171,7,6,1,real_independent_shadow_target_cross_release,matched_kmeans,release_1,random_forest,0.95,1040,520,315,0.8888888888888888,official UCI labeled train+validation portions; official test labels are unavailable,0.9999260355029584,0.9999260392417184,1.0,
uci-171,uci-171_labeled_train_validation,uci-171,7,6,2,real_independent_shadow_target_cross_release,granular_ball,release_1,logistic,0.95,1040,520,310,0.9225806451612903,official UCI labeled train+validation portions; official test labels are unavailable,1.0,1.0,1.0,
uci-171,uci-171_labeled_train_validation,uci-171,7,6,2,real_independent_shadow_target_cross_release,granular_ball,release_1,random_forest,0.95,1040,520,310,0.9225806451612903,official UCI labeled train+validation portions; official test labels are unavailable,1.0,1.0,1.0,
uci-171,uci-171_labeled_train_validation,uci-171,7,6,2,real_independent_shadow_target_cross_release,matched_kmeans,release_1,logistic,0.95,1040,520,310,0.8741935483870967,official UCI labeled train+validation portions; official test labels are unavailable,0.9997448224852071,0.9997488364725569,0.9923076923076923,
uci-171,uci-171_labeled_train_validation,uci-171,7,6,2,real_independent_shadow_target_cross_release,matched_kmeans,release_1,random_forest,0.95,1040,520,310,0.8741935483870967,official UCI labeled train+validation portions; official test labels are unavailable,0.9988332100591717,0.9977604442357965,0.9942307692307693,
uci-171,uci-171_labeled_train_validation,uci-171,7,6,3,real_independent_shadow_target_cross_release,granular_ball,release_1,logistic,0.95,1040,520,295,0.9016949152542373,official UCI labeled train+validation portions; official test labels are unavailable,0.9999926035502958,0.9999926106486161,1.0,
uci-171,uci-171_labeled_train_validation,uci-171,7,6,3,real_independent_shadow_target_cross_release,granular_ball,release_1,random_forest,0.95,1040,520,295,0.9016949152542373,official UCI labeled train+validation portions; official test labels are unavailable,1.0,1.0,1.0,
uci-171,uci-171_labeled_train_validation,uci-171,7,6,3,real_independent_shadow_target_cross_release,matched_kmeans,release_1,logistic,0.95,1040,520,295,0.8542372881355932,official UCI labeled train+validation portions; official test labels are unavailable,0.9999297337278107,0.9999315071151244,0.9980769230769231,
uci-171,uci-171_labeled_train_validation,uci-171,7,6,3,real_independent_shadow_target_cross_release,matched_kmeans,release_1,random_forest,0.95,1040,520,295,0.8542372881355932,official UCI labeled train+validation portions; official test labels are unavailable,0.9999852071005917,0.999985320023488,1.0,
uci-171,uci-171_labeled_train_validation,uci-171,7,6,4,real_independent_shadow_target_cross_release,granular_ball,release_1,logistic,0.95,1040,520,300,0.9066666666666666,official UCI labeled train+validation portions; official test labels are unavailable,1.0,1.0,1.0,
uci-171,uci-171_labeled_train_validation,uci-171,7,6,4,real_independent_shadow_target_cross_release,granular_ball,release_1,random_forest,0.95,1040,520,300,0.9066666666666666,official UCI labeled train+validation portions; official test labels are unavailable,1.0,1.0,1.0,
uci-171,uci-171_labeled_train_validation,uci-171,7,6,4,real_independent_shadow_target_cross_release,matched_kmeans,release_1,logistic,0.95,1040,520,300,0.8933333333333333,official UCI labeled train+validation portions; official test labels are unavailable,0.9976183431952662,0.9979079365390011,0.9730769230769231,
uci-171,uci-171_labeled_train_validation,uci-171,7,6,4,real_independent_shadow_target_cross_release,matched_kmeans,release_1,random_forest,0.95,1040,520,300,0.8933333333333333,official UCI labeled train+validation portions; official test labels are unavailable,0.9984911242603551,0.9988080241196262,0.9903846153846154,
uci-171,uci-171_labeled_train_validation,uci-171,7,6,0,real_independent_shadow_target_cross_release,granular_ball,release_2,logistic,0.95,1040,520,309,0.8964401294498382,official UCI labeled train+validation portions; official test labels are unavailable,1.0,1.0,1.0,
uci-171,uci-171_labeled_train_validation,uci-171,7,6,0,real_independent_shadow_target_cross_release,granular_ball,release_2,random_forest,0.95,1040,520,309,0.8964401294498382,official UCI labeled train+validation portions; official test labels are unavailable,1.0,1.0,1.0,
uci-171,uci-171_labeled_train_validation,uci-171,7,6,0,real_independent_shadow_target_cross_release,matched_kmeans,release_2,logistic,0.95,1040,520,309,0.8705501618122977,official UCI labeled train+validation portions; official test labels are unavailable,0.999430473372781,0.9994598789875775,0.9942307692307693,
uci-171,uci-171_labeled_train_validation,uci-171,7,6,0,real_independent_shadow_target_cross_release,matched_kmeans,release_2,random_forest,0.95,1040,520,309,0.8705501618122977,official UCI labeled train+validation portions; official test labels are unavailable,0.9997947485207102,0.9997987953634467,0.9980769230769231,
uci-171,uci-171_labeled_train_validation,uci-171,7,6,1,real_independent_shadow_target_cross_release,granular_ball,release_2,logistic,0.95,1040,520,315,0.9047619047619048,official UCI labeled train+validation portions; official test labels are unavailable,1.0,1.0,1.0,
uci-171,uci-171_labeled_train_validation,uci-171,7,6,1,real_independent_shadow_target_cross_release,granular_ball,release_2,random_forest,0.95,1040,520,315,0.9047619047619048,official UCI labeled train+validation portions; official test labels are unavailable,1.0,1.0,1.0,
uci-171,uci-171_labeled_train_validation,uci-171,7,6,1,real_independent_shadow_target_cross_release,matched_kmeans,release_2,logistic,0.95,1040,520,315,0.8888888888888888,official UCI labeled train+validation portions; official test labels are unavailable,0.9996042899408284,0.9996040064586882,0.9846153846153847,
uci-171,uci-171_labeled_train_validation,uci-171,7,6,1,real_independent_shadow_target_cross_release,matched_kmeans,release_2,random_forest,0.95,1040,520,315,0.8888888888888888,official UCI labeled train+validation portions; official test labels are unavailable,0.9999075443786982,0.9999073710152184,1.0,
uci-171,uci-171_labeled_train_validation,uci-171,7,6,2,real_independent_shadow_target_cross_release,granular_ball,release_2,logistic,0.95,1040,520,310,0.9225806451612903,official UCI labeled train+validation portions; official test labels are unavailable,1.0,1.0,1.0,
uci-171,uci-171_labeled_train_validation,uci-171,7,6,2,real_independent_shadow_target_cross_release,granular_ball,release_2,random_forest,0.95,1040,520,310,0.9225806451612903,official UCI labeled train+validation portions; official test labels are unavailable,1.0,1.0,1.0,
uci-171,uci-171_labeled_train_validation,uci-171,7,6,2,real_independent_shadow_target_cross_release,matched_kmeans,release_2,logistic,0.95,1040,520,310,0.8741935483870967,official UCI labeled train+validation portions; official test labels are unavailable,0.9997448224852071,0.9997486821683941,0.9903846153846154,
uci-171,uci-171_labeled_train_validation,uci-171,7,6,2,real_independent_shadow_target_cross_release,matched_kmeans,release_2,random_forest,0.95,1040,520,310,0.8741935483870967,official UCI labeled train+validation portions; official test labels are unavailable,0.9998576183431953,0.999857048954246,0.9961538461538462,
uci-171,uci-171_labeled_train_validation,uci-171,7,6,3,real_independent_shadow_target_cross_release,granular_ball,release_2,logistic,0.95,1040,520,295,0.9016949152542373,official UCI labeled train+validation portions; official test labels are unavailable,1.0,1.0,1.0,
uci-171,uci-171_labeled_train_validation,uci-171,7,6,3,real_independent_shadow_target_cross_release,granular_ball,release_2,random_forest,0.95,1040,520,295,0.9016949152542373,official UCI labeled train+validation portions; official test labels are unavailable,1.0,1.0,1.0,
uci-171,uci-171_labeled_train_validation,uci-171,7,6,3,real_independent_shadow_target_cross_release,matched_kmeans,release_2,logistic,0.95,1040,520,295,0.8542372881355932,official UCI labeled train+validation portions; official test labels are unavailable,0.9999260355029586,0.9999278160159464,0.9980769230769231,
uci-171,uci-171_labeled_train_validation,uci-171,7,6,3,real_independent_shadow_target_cross_release,matched_kmeans,release_2,random_forest,0.95,1040,520,295,0.8542372881355932,official UCI labeled train+validation portions; official test labels are unavailable,0.9999852071005917,0.999985320023488,1.0,
uci-171,uci-171_labeled_train_validation,uci-171,7,6,4,real_independent_shadow_target_cross_release,granular_ball,release_2,logistic,0.95,1040,520,300,0.9066666666666666,official UCI labeled train+validation portions; official test labels are unavailable,1.0,1.0,1.0,
uci-171,uci-171_labeled_train_validation,uci-171,7,6,4,real_independent_shadow_target_cross_release,granular_ball,release_2,random_forest,0.95,1040,520,300,0.9066666666666666,official UCI labeled train+validation portions; official test labels are unavailable,1.0,1.0,1.0,
uci-171,uci-171_labeled_train_validation,uci-171,7,6,4,real_independent_shadow_target_cross_release,matched_kmeans,release_2,logistic,0.95,1040,520,300,0.8933333333333333,official UCI labeled train+validation portions; official test labels are unavailable,0.9974778106508876,0.9977399349615879,0.9519230769230769,
uci-171,uci-171_labeled_train_validation,uci-171,7,6,4,real_independent_shadow_target_cross_release,matched_kmeans,release_2,random_forest,0.95,1040,520,300,0.8933333333333333,official UCI labeled train+validation portions; official test labels are unavailable,0.9982082100591716,0.9986473077128031,0.9923076923076923,
uci-171,uci-171_labeled_train_validation,uci-171,7,6,0,real_independent_shadow_target_cross_release,granular_ball,release_3,logistic,0.95,1040,520,309,0.8964401294498382,official UCI labeled train+validation portions; official test labels are unavailable,1.0,1.0,1.0,
uci-171,uci-171_labeled_train_validation,uci-171,7,6,0,real_independent_shadow_target_cross_release,granular_ball,release_3,random_forest,0.95,1040,520,309,0.8964401294498382,official UCI labeled train+validation portions; official test labels are unavailable,1.0,1.0,1.0,
uci-171,uci-171_labeled_train_validation,uci-171,7,6,0,real_independent_shadow_target_cross_release,matched_kmeans,release_3,logistic,0.95,1040,520,309,0.8705501618122977,official UCI labeled train+validation portions; official test labels are unavailable,0.9994452662721894,0.9994565566564417,0.9923076923076923,
uci-171,uci-171_labeled_train_validation,uci-171,7,6,0,real_independent_shadow_target_cross_release,matched_kmeans,release_3,random_forest,0.95,1040,520,309,0.8705501618122977,official UCI labeled train+validation portions; official test labels are unavailable,0.9998520710059172,0.9998513110601782,0.9980769230769231,
uci-171,uci-171_labeled_train_validation,uci-171,7,6,1,real_independent_shadow_target_cross_release,granular_ball,release_3,logistic,0.95,1040,520,315,0.9047619047619048,official UCI labeled train+validation portions; official test labels are unavailable,1.0,1.0,1.0,
uci-171,uci-171_labeled_train_validation,uci-171,7,6,1,real_independent_shadow_target_cross_release,granular_ball,release_3,random_forest,0.95,1040,520,315,0.9047619047619048,official UCI labeled train+validation portions; official test labels are unavailable,1.0,1.0,1.0,
uci-171,uci-171_labeled_train_validation,uci-171,7,6,1,real_independent_shadow_target_cross_release,matched_kmeans,release_3,logistic,0.95,1040,520,315,0.8888888888888888,official UCI labeled train+validation portions; official test labels are unavailable,0.9995340236686391,0.9995331296971708,0.9826923076923076,
uci-171,uci-171_labeled_train_validation,uci-171,7,6,1,real_independent_shadow_target_cross_release,matched_kmeans,release_3,random_forest,0.95,1040,520,315,0.8888888888888888,official UCI labeled train+validation portions; official test labels are unavailable,0.9999334319526629,0.9999333721172415,1.0,
uci-171,uci-171_labeled_train_validation,uci-171,7,6,2,real_independent_shadow_target_cross_release,granular_ball,release_3,logistic,0.95,1040,520,310,0.9225806451612903,official UCI labeled train+validation portions; official test labels are unavailable,1.0,1.0,1.0,
uci-171,uci-171_labeled_train_validation,uci-171,7,6,2,real_independent_shadow_target_cross_release,granular_ball,release_3,random_forest,0.95,1040,520,310,0.9225806451612903,official UCI labeled train+validation portions; official test labels are unavailable,1.0,1.0,1.0,
uci-171,uci-171_labeled_train_validation,uci-171,7,6,2,real_independent_shadow_target_cross_release,matched_kmeans,release_3,logistic,0.95,1040,520,310,0.8741935483870967,official UCI labeled train+validation portions; official test labels are unavailable,0.9997115384615385,0.9997173339300651,0.9884615384615385,
uci-171,uci-171_labeled_train_validation,uci-171,7,6,2,real_independent_shadow_target_cross_release,matched_kmeans,release_3,random_forest,0.95,1040,520,310,0.8741935483870967,official UCI labeled train+validation portions; official test labels are unavailable,0.999844674556213,0.9998458651598424,0.9942307692307693,
uci-171,uci-171_labeled_train_validation,uci-171,7,6,3,real_independent_shadow_target_cross_release,granular_ball,release_3,logistic,0.95,1040,520,295,0.9016949152542373,official UCI labeled train+validation portions; official test labels are unavailable,1.0,1.0,1.0,
uci-171,uci-171_labeled_train_validation,uci-171,7,6,3,real_independent_shadow_target_cross_release,granular_ball,release_3,random_forest,0.95,1040,520,295,0.9016949152542373,official UCI labeled train+validation portions; official test labels are unavailable,1.0,1.0,1.0,
uci-171,uci-171_labeled_train_validation,uci-171,7,6,3,real_independent_shadow_target_cross_release,matched_kmeans,release_3,logistic,0.95,1040,520,295,0.8542372881355932,official UCI labeled train+validation portions; official test labels are unavailable,0.9999075443786982,0.9999090631981149,0.9980769230769231,
uci-171,uci-171_labeled_train_validation,uci-171,7,6,3,real_independent_shadow_target_cross_release,matched_kmeans,release_3,random_forest,0.95,1040,520,295,0.8542372881355932,official UCI labeled train+validation portions; official test labels are unavailable,0.9999852071005917,0.999985320023488,1.0,
uci-171,uci-171_labeled_train_validation,uci-171,7,6,4,real_independent_shadow_target_cross_release,granular_ball,release_3,logistic,0.95,1040,520,300,0.9066666666666666,official UCI labeled train+validation portions; official test labels are unavailable,1.0,1.0,1.0,
uci-171,uci-171_labeled_train_validation,uci-171,7,6,4,real_independent_shadow_target_cross_release,granular_ball,release_3,random_forest,0.95,1040,520,300,0.9066666666666666,official UCI labeled train+validation portions; official test labels are unavailable,1.0,1.0,1.0,
uci-171,uci-171_labeled_train_validation,uci-171,7,6,4,real_independent_shadow_target_cross_release,matched_kmeans,release_3,logistic,0.95,1040,520,300,0.8933333333333333,official UCI labeled train+validation portions; official test labels are unavailable,0.9972263313609467,0.9974548856388988,0.95,
uci-171,uci-171_labeled_train_validation,uci-171,7,6,4,real_independent_shadow_target_cross_release,matched_kmeans,release_3,random_forest,0.95,1040,520,300,0.8933333333333333,official UCI labeled train+validation portions; official test labels are unavailable,0.9980861686390532,0.9986347946067049,0.9865384615384616,
uci-171,uci-171_labeled_train_validation,uci-171,7,6,0,real_independent_shadow_target_cross_release,granular_ball,release_1,logistic,0.99,1040,520,309,0.8964401294498382,official UCI labeled train+validation portions; official test labels are unavailable,1.0,1.0,1.0,
uci-171,uci-171_labeled_train_validation,uci-171,7,6,0,real_independent_shadow_target_cross_release,granular_ball,release_1,random_forest,0.99,1040,520,309,0.8964401294498382,official UCI labeled train+validation portions; official test labels are unavailable,1.0,1.0,1.0,
uci-171,uci-171_labeled_train_validation,uci-171,7,6,0,real_independent_shadow_target_cross_release,matched_kmeans,release_1,logistic,0.99,1040,520,309,0.8705501618122977,official UCI labeled train+validation portions; official test labels are unavailable,0.9994304733727811,0.9994651409527733,0.9942307692307693,
uci-171,uci-171_labeled_train_validation,uci-171,7,6,0,real_independent_shadow_target_cross_release,matched_kmeans,release_1,random_forest,0.99,1040,520,309,0.8705501618122977,official UCI labeled train+validation portions; official test labels are unavailable,0.9997189349112425,0.9997389096237814,0.9980769230769231,
uci-171,uci-171_labeled_train_validation,uci-171,7,6,1,real_independent_shadow_target_cross_release,granular_ball,release_1,logistic,0.99,1040,520,315,0.9047619047619048,official UCI labeled train+validation portions; official test labels are unavailable,1.0,1.0,1.0,
uci-171,uci-171_labeled_train_validation,uci-171,7,6,1,real_independent_shadow_target_cross_release,granular_ball,release_1,random_forest,0.99,1040,520,315,0.9047619047619048,official UCI labeled train+validation portions; official test labels are unavailable,1.0,1.0,1.0,
uci-171,uci-171_labeled_train_validation,uci-171,7,6,1,real_independent_shadow_target_cross_release,matched_kmeans,release_1,logistic,0.99,1040,520,315,0.8888888888888888,official UCI labeled train+validation portions; official test labels are unavailable,0.9996486686390532,0.9996475655527328,0.9884615384615385,
uci-171,uci-171_labeled_train_validation,uci-171,7,6,1,real_independent_shadow_target_cross_release,matched_kmeans,release_1,random_forest,0.99,1040,520,315,0.8888888888888888,official UCI labeled train+validation portions; official test labels are unavailable,0.9999260355029584,0.9999260392417184,1.0,
uci-171,uci-171_labeled_train_validation,uci-171,7,6,2,real_independent_shadow_target_cross_release,granular_ball,release_1,logistic,0.99,1040,520,310,0.9225806451612903,official UCI labeled train+validation portions; official test labels are unavailable,1.0,1.0,1.0,
uci-171,uci-171_labeled_train_validation,uci-171,7,6,2,real_independent_shadow_target_cross_release,granular_ball,release_1,random_forest,0.99,1040,520,310,0.9225806451612903,official UCI labeled train+validation portions; official test labels are unavailable,1.0,1.0,1.0,
uci-171,uci-171_labeled_train_validation,uci-171,7,6,2,real_independent_shadow_target_cross_release,matched_kmeans,release_1,logistic,0.99,1040,520,310,0.8741935483870967,official UCI labeled train+validation portions; official test labels are unavailable,0.9997448224852071,0.9997488364725569,0.9923076923076923,
uci-171,uci-171_labeled_train_validation,uci-171,7,6,2,real_independent_shadow_target_cross_release,matched_kmeans,release_1,random_forest,0.99,1040,520,310,0.8741935483870967,official UCI labeled train+validation portions; official test labels are unavailable,0.9988332100591717,0.9977604442357965,0.9942307692307693,
uci-171,uci-171_labeled_train_validation,uci-171,7,6,3,real_independent_shadow_target_cross_release,granular_ball,release_1,logistic,0.99,1040,520,295,0.9016949152542373,official UCI labeled train+validation portions; official test labels are unavailable,0.9999926035502958,0.9999926106486161,1.0,
uci-171,uci-171_labeled_train_validation,uci-171,7,6,3,real_independent_shadow_target_cross_release,granular_ball,release_1,random_forest,0.99,1040,520,295,0.9016949152542373,official UCI labeled train+validation portions; official test labels are unavailable,1.0,1.0,1.0,
uci-171,uci-171_labeled_train_validation,uci-171,7,6,3,real_independent_shadow_target_cross_release,matched_kmeans,release_1,logistic,0.99,1040,520,295,0.8542372881355932,official UCI labeled train+validation portions; official test labels are unavailable,0.9999297337278107,0.9999315071151244,0.9980769230769231,
uci-171,uci-171_labeled_train_validation,uci-171,7,6,3,real_independent_shadow_target_cross_release,matched_kmeans,release_1,random_forest,0.99,1040,520,295,0.8542372881355932,official UCI labeled train+validation portions; official test labels are unavailable,0.9999852071005917,0.999985320023488,1.0,
uci-171,uci-171_labeled_train_validation,uci-171,7,6,4,real_independent_shadow_target_cross_release,granular_ball,release_1,logistic,0.99,1040,520,300,0.9066666666666666,official UCI labeled train+validation portions; official test labels are unavailable,1.0,1.0,1.0,
uci-171,uci-171_labeled_train_validation,uci-171,7,6,4,real_independent_shadow_target_cross_release,granular_ball,release_1,random_forest,0.99,1040,520,300,0.9066666666666666,official UCI labeled train+validation portions; official test labels are unavailable,1.0,1.0,1.0,
uci-171,uci-171_labeled_train_validation,uci-171,7,6,4,real_independent_shadow_target_cross_release,matched_kmeans,release_1,logistic,0.99,1040,520,300,0.8933333333333333,official UCI labeled train+validation portions; official test labels are unavailable,0.9976183431952662,0.9979079365390011,0.9730769230769231,
uci-171,uci-171_labeled_train_validation,uci-171,7,6,4,real_independent_shadow_target_cross_release,matched_kmeans,release_1,random_forest,0.99,1040,520,300,0.8933333333333333,official UCI labeled train+validation portions; official test labels are unavailable,0.9984911242603551,0.9988080241196262,0.9903846153846154,
uci-171,uci-171_labeled_train_validation,uci-171,7,6,0,real_independent_shadow_target_cross_release,granular_ball,release_2,logistic,0.99,1040,520,309,0.8964401294498382,official UCI labeled train+validation portions; official test labels are unavailable,1.0,1.0,1.0,
uci-171,uci-171_labeled_train_validation,uci-171,7,6,0,real_independent_shadow_target_cross_release,granular_ball,release_2,random_forest,0.99,1040,520,309,0.8964401294498382,official UCI labeled train+validation portions; official test labels are unavailable,1.0,1.0,1.0,
uci-171,uci-171_labeled_train_validation,uci-171,7,6,0,real_independent_shadow_target_cross_release,matched_kmeans,release_2,logistic,0.99,1040,520,309,0.8705501618122977,official UCI labeled train+validation portions; official test labels are unavailable,0.999430473372781,0.9994598789875775,0.9942307692307693,
uci-171,uci-171_labeled_train_validation,uci-171,7,6,0,real_independent_shadow_target_cross_release,matched_kmeans,release_2,random_forest,0.99,1040,520,309,0.8705501618122977,official UCI labeled train+validation portions; official test labels are unavailable,0.9997947485207102,0.9997987953634467,0.9980769230769231,
uci-171,uci-171_labeled_train_validation,uci-171,7,6,1,real_independent_shadow_target_cross_release,granular_ball,release_2,logistic,0.99,1040,520,315,0.9047619047619048,official UCI labeled train+validation portions; official test labels are unavailable,1.0,1.0,1.0,
uci-171,uci-171_labeled_train_validation,uci-171,7,6,1,real_independent_shadow_target_cross_release,granular_ball,release_2,random_forest,0.99,1040,520,315,0.9047619047619048,official UCI labeled train+validation portions; official test labels are unavailable,1.0,1.0,1.0,
uci-171,uci-171_labeled_train_validation,uci-171,7,6,1,real_independent_shadow_target_cross_release,matched_kmeans,release_2,logistic,0.99,1040,520,315,0.8888888888888888,official UCI labeled train+validation portions; official test labels are unavailable,0.9996042899408284,0.9996040064586882,0.9846153846153847,
uci-171,uci-171_labeled_train_validation,uci-171,7,6,1,real_independent_shadow_target_cross_release,matched_kmeans,release_2,random_forest,0.99,1040,520,315,0.8888888888888888,official UCI labeled train+validation portions; official test labels are unavailable,0.9999075443786982,0.9999073710152184,1.0,
uci-171,uci-171_labeled_train_validation,uci-171,7,6,2,real_independent_shadow_target_cross_release,granular_ball,release_2,logistic,0.99,1040,520,310,0.9225806451612903,official UCI labeled train+validation portions; official test labels are unavailable,1.0,1.0,1.0,
uci-171,uci-171_labeled_train_validation,uci-171,7,6,2,real_independent_shadow_target_cross_release,granular_ball,release_2,random_forest,0.99,1040,520,310,0.9225806451612903,official UCI labeled train+validation portions; official test labels are unavailable,1.0,1.0,1.0,
uci-171,uci-171_labeled_train_validation,uci-171,7,6,2,real_independent_shadow_target_cross_release,matched_kmeans,release_2,logistic,0.99,1040,520,310,0.8741935483870967,official UCI labeled train+validation portions; official test labels are unavailable,0.9997448224852071,0.9997486821683941,0.9903846153846154,
uci-171,uci-171_labeled_train_validation,uci-171,7,6,2,real_independent_shadow_target_cross_release,matched_kmeans,release_2,random_forest,0.99,1040,520,310,0.8741935483870967,official UCI labeled train+validation portions; official test labels are unavailable,0.9998576183431953,0.999857048954246,0.9961538461538462,
uci-171,uci-171_labeled_train_validation,uci-171,7,6,3,real_independent_shadow_target_cross_release,granular_ball,release_2,logistic,0.99,1040,520,295,0.9016949152542373,official UCI labeled train+validation portions; official test labels are unavailable,1.0,1.0,1.0,
uci-171,uci-171_labeled_train_validation,uci-171,7,6,3,real_independent_shadow_target_cross_release,granular_ball,release_2,random_forest,0.99,1040,520,295,0.9016949152542373,official UCI labeled train+validation portions; official test labels are unavailable,1.0,1.0,1.0,
uci-171,uci-171_labeled_train_validation,uci-171,7,6,3,real_independent_shadow_target_cross_release,matched_kmeans,release_2,logistic,0.99,1040,520,295,0.8542372881355932,official UCI labeled train+validation portions; official test labels are unavailable,0.9999260355029586,0.9999278160159464,0.9980769230769231,
uci-171,uci-171_labeled_train_validation,uci-171,7,6,3,real_independent_shadow_target_cross_release,matched_kmeans,release_2,random_forest,0.99,1040,520,295,0.8542372881355932,official UCI labeled train+validation portions; official test labels are unavailable,0.9999852071005917,0.999985320023488,1.0,
uci-171,uci-171_labeled_train_validation,uci-171,7,6,4,real_independent_shadow_target_cross_release,granular_ball,release_2,logistic,0.99,1040,520,300,0.9066666666666666,official UCI labeled train+validation portions; official test labels are unavailable,1.0,1.0,1.0,
uci-171,uci-171_labeled_train_validation,uci-171,7,6,4,real_independent_shadow_target_cross_release,granular_ball,release_2,random_forest,0.99,1040,520,300,0.9066666666666666,official UCI labeled train+validation portions; official test labels are unavailable,1.0,1.0,1.0,
uci-171,uci-171_labeled_train_validation,uci-171,7,6,4,real_independent_shadow_target_cross_release,matched_kmeans,release_2,logistic,0.99,1040,520,300,0.8933333333333333,official UCI labeled train+validation portions; official test labels are unavailable,0.9974778106508876,0.9977399349615879,0.9519230769230769,
uci-171,uci-171_labeled_train_validation,uci-171,7,6,4,real_independent_shadow_target_cross_release,matched_kmeans,release_2,random_forest,0.99,1040,520,300,0.8933333333333333,official UCI labeled train+validation portions; official test labels are unavailable,0.9982082100591716,0.9986473077128031,0.9923076923076923,
uci-171,uci-171_labeled_train_validation,uci-171,7,6,0,real_independent_shadow_target_cross_release,granular_ball,release_3,logistic,0.99,1040,520,309,0.8964401294498382,official UCI labeled train+validation portions; official test labels are unavailable,1.0,1.0,1.0,
uci-171,uci-171_labeled_train_validation,uci-171,7,6,0,real_independent_shadow_target_cross_release,granular_ball,release_3,random_forest,0.99,1040,520,309,0.8964401294498382,official UCI labeled train+validation portions; official test labels are unavailable,1.0,1.0,1.0,
uci-171,uci-171_labeled_train_validation,uci-171,7,6,0,real_independent_shadow_target_cross_release,matched_kmeans,release_3,logistic,0.99,1040,520,309,0.8705501618122977,official UCI labeled train+validation portions; official test labels are unavailable,0.9994452662721894,0.9994565566564417,0.9923076923076923,
uci-171,uci-171_labeled_train_validation,uci-171,7,6,0,real_independent_shadow_target_cross_release,matched_kmeans,release_3,random_forest,0.99,1040,520,309,0.8705501618122977,official UCI labeled train+validation portions; official test labels are unavailable,0.9998520710059172,0.9998513110601782,0.9980769230769231,
uci-171,uci-171_labeled_train_validation,uci-171,7,6,1,real_independent_shadow_target_cross_release,granular_ball,release_3,logistic,0.99,1040,520,315,0.9047619047619048,official UCI labeled train+validation portions; official test labels are unavailable,1.0,1.0,1.0,
uci-171,uci-171_labeled_train_validation,uci-171,7,6,1,real_independent_shadow_target_cross_release,granular_ball,release_3,random_forest,0.99,1040,520,315,0.9047619047619048,official UCI labeled train+validation portions; official test labels are unavailable,1.0,1.0,1.0,
uci-171,uci-171_labeled_train_validation,uci-171,7,6,1,real_independent_shadow_target_cross_release,matched_kmeans,release_3,logistic,0.99,1040,520,315,0.8888888888888888,official UCI labeled train+validation portions; official test labels are unavailable,0.9995340236686391,0.9995331296971708,0.9826923076923076,
uci-171,uci-171_labeled_train_validation,uci-171,7,6,1,real_independent_shadow_target_cross_release,matched_kmeans,release_3,random_forest,0.99,1040,520,315,0.8888888888888888,official UCI labeled train+validation portions; official test labels are unavailable,0.9999334319526629,0.9999333721172415,1.0,
uci-171,uci-171_labeled_train_validation,uci-171,7,6,2,real_independent_shadow_target_cross_release,granular_ball,release_3,logistic,0.99,1040,520,310,0.9225806451612903,official UCI labeled train+validation portions; official test labels are unavailable,1.0,1.0,1.0,
uci-171,uci-171_labeled_train_validation,uci-171,7,6,2,real_independent_shadow_target_cross_release,granular_ball,release_3,random_forest,0.99,1040,520,310,0.9225806451612903,official UCI labeled train+validation portions; official test labels are unavailable,1.0,1.0,1.0,
uci-171,uci-171_labeled_train_validation,uci-171,7,6,2,real_independent_shadow_target_cross_release,matched_kmeans,release_3,logistic,0.99,1040,520,310,0.8741935483870967,official UCI labeled train+validation portions; official test labels are unavailable,0.9997115384615385,0.9997173339300651,0.9884615384615385,
uci-171,uci-171_labeled_train_validation,uci-171,7,6,2,real_independent_shadow_target_cross_release,matched_kmeans,release_3,random_forest,0.99,1040,520,310,0.8741935483870967,official UCI labeled train+validation portions; official test labels are unavailable,0.999844674556213,0.9998458651598424,0.9942307692307693,
uci-171,uci-171_labeled_train_validation,uci-171,7,6,3,real_independent_shadow_target_cross_release,granular_ball,release_3,logistic,0.99,1040,520,295,0.9016949152542373,official UCI labeled train+validation portions; official test labels are unavailable,1.0,1.0,1.0,
uci-171,uci-171_labeled_train_validation,uci-171,7,6,3,real_independent_shadow_target_cross_release,granular_ball,release_3,random_forest,0.99,1040,520,295,0.9016949152542373,official UCI labeled train+validation portions; official test labels are unavailable,1.0,1.0,1.0,
uci-171,uci-171_labeled_train_validation,uci-171,7,6,3,real_independent_shadow_target_cross_release,matched_kmeans,release_3,logistic,0.99,1040,520,295,0.8542372881355932,official UCI labeled train+validation portions; official test labels are unavailable,0.9999075443786982,0.9999090631981149,0.9980769230769231,
uci-171,uci-171_labeled_train_validation,uci-171,7,6,3,real_independent_shadow_target_cross_release,matched_kmeans,release_3,random_forest,0.99,1040,520,295,0.8542372881355932,official UCI labeled train+validation portions; official test labels are unavailable,0.9999852071005917,0.999985320023488,1.0,
uci-171,uci-171_labeled_train_validation,uci-171,7,6,4,real_independent_shadow_target_cross_release,granular_ball,release_3,logistic,0.99,1040,520,300,0.9066666666666666,official UCI labeled train+validation portions; official test labels are unavailable,1.0,1.0,1.0,
uci-171,uci-171_labeled_train_validation,uci-171,7,6,4,real_independent_shadow_target_cross_release,granular_ball,release_3,random_forest,0.99,1040,520,300,0.9066666666666666,official UCI labeled train+validation portions; official test labels are unavailable,1.0,1.0,1.0,
uci-171,uci-171_labeled_train_validation,uci-171,7,6,4,real_independent_shadow_target_cross_release,matched_kmeans,release_3,logistic,0.99,1040,520,300,0.8933333333333333,official UCI labeled train+validation portions; official test labels are unavailable,0.9972263313609467,0.9974548856388988,0.95,
uci-171,uci-171_labeled_train_validation,uci-171,7,6,4,real_independent_shadow_target_cross_release,matched_kmeans,release_3,random_forest,0.99,1040,520,300,0.8933333333333333,official UCI labeled train+validation portions; official test labels are unavailable,0.9980861686390532,0.9986347946067049,0.9865384615384616,
uci-171,uci-171_labeled_train_validation,uci-171,21,6,0,real_independent_shadow_target_cross_release,granular_ball,release_1,logistic,0.9,1040,520,311,0.9035369774919614,official UCI labeled train+validation portions; official test labels are unavailable,1.0,1.0,1.0,
uci-171,uci-171_labeled_train_validation,uci-171,21,6,0,real_independent_shadow_target_cross_release,granular_ball,release_1,random_forest,0.9,1040,520,311,0.9035369774919614,official UCI labeled train+validation portions; official test labels are unavailable,1.0,1.0,1.0,
uci-171,uci-171_labeled_train_validation,uci-171,21,6,0,real_independent_shadow_target_cross_release,matched_kmeans,release_1,logistic,0.9,1040,520,311,0.8681672025723473,official UCI labeled train+validation portions; official test labels are unavailable,0.9987315088757396,0.9988070005269762,0.9730769230769231,
uci-171,uci-171_labeled_train_validation,uci-171,21,6,0,real_independent_shadow_target_cross_release,matched_kmeans,release_1,random_forest,0.9,1040,520,311,0.8681672025723473,official UCI labeled train+validation portions; official test labels are unavailable,0.9981527366863905,0.9971505765380625,0.9865384615384616,
uci-171,uci-171_labeled_train_validation,uci-171,21,6,1,real_independent_shadow_target_cross_release,granular_ball,release_1,logistic,0.9,1040,520,327,0.9174311926605505,official UCI labeled train+validation portions; official test labels are unavailable,1.0,1.0,1.0,
uci-171,uci-171_labeled_train_validation,uci-171,21,6,1,real_independent_shadow_target_cross_release,granular_ball,release_1,random_forest,0.9,1040,520,327,0.9174311926605505,official UCI labeled train+validation portions; official test labels are unavailable,1.0,1.0,1.0,
uci-171,uci-171_labeled_train_validation,uci-171,21,6,1,real_independent_shadow_target_cross_release,matched_kmeans,release_1,logistic,0.9,1040,520,327,0.9051987767584098,official UCI labeled train+validation portions; official test labels are unavailable,0.9981841715976331,0.998259124833946,0.9576923076923077,
uci-171,uci-171_labeled_train_validation,uci-171,21,6,1,real_independent_shadow_target_cross_release,matched_kmeans,release_1,random_forest,0.9,1040,520,327,0.9051987767584098,official UCI labeled train+validation portions; official test labels are unavailable,0.9994526627218935,0.9994660074439241,0.9826923076923076,
uci-171,uci-171_labeled_train_validation,uci-171,21,6,2,real_independent_shadow_target_cross_release,granular_ball,release_1,logistic,0.9,1040,520,322,0.937888198757764,official UCI labeled train+validation portions; official test labels are unavailable,1.0,1.0,1.0,
uci-171,uci-171_labeled_train_validation,uci-171,21,6,2,real_independent_shadow_target_cross_release,granular_ball,release_1,random_forest,0.9,1040,520,322,0.937888198757764,official UCI labeled train+validation portions; official test labels are unavailable,1.0,1.0,1.0,
uci-171,uci-171_labeled_train_validation,uci-171,21,6,2,real_independent_shadow_target_cross_release,matched_kmeans,release_1,logistic,0.9,1040,520,322,0.9006211180124224,official UCI labeled train+validation portions; official test labels are unavailable,0.997085798816568,0.9972357728007064,0.9461538461538461,
uci-171,uci-171_labeled_train_validation,uci-171,21,6,2,real_independent_shadow_target_cross_release,matched_kmeans,release_1,random_forest,0.9,1040,520,322,0.9006211180124224,official UCI labeled train+validation portions; official test labels are unavailable,0.9988738905325443,0.9989675758449797,0.9788461538461538,
uci-171,uci-171_labeled_train_validation,uci-171,21,6,3,real_independent_shadow_target_cross_release,granular_ball,release_1,logistic,0.9,1040,520,323,0.934984520123839,official UCI labeled train+validation portions; official test labels are unavailable,0.999996301775148,0.9999963088734682,1.0,
uci-171,uci-171_labeled_train_validation,uci-171,21,6,3,real_independent_shadow_target_cross_release,granular_ball,release_1,random_forest,0.9,1040,520,323,0.934984520123839,official UCI labeled train+validation portions; official test labels are unavailable,1.0,1.0,1.0,
uci-171,uci-171_labeled_train_validation,uci-171,21,6,3,real_independent_shadow_target_cross_release,matched_kmeans,release_1,logistic,0.9,1040,520,323,0.8823529411764706,official UCI labeled train+validation portions; official test labels are unavailable,0.9993084319526627,0.9993232143648471,0.9807692307692307,
uci-171,uci-171_labeled_train_validation,uci-171,21,6,3,real_independent_shadow_target_cross_release,matched_kmeans,release_1,random_forest,0.9,1040,520,323,0.8823529411764706,official UCI labeled train+validation portions; official test labels are unavailable,0.9998113905325444,0.99981307745338,0.9903846153846154,
uci-171,uci-171_labeled_train_validation,uci-171,21,6,4,real_independent_shadow_target_cross_release,granular_ball,release_1,logistic,0.9,1040,520,318,0.9339622641509434,official UCI labeled train+validation portions; official test labels are unavailable,1.0,1.0,1.0,
uci-171,uci-171_labeled_train_validation,uci-171,21,6,4,real_independent_shadow_target_cross_release,granular_ball,release_1,random_forest,0.9,1040,520,318,0.9339622641509434,official UCI labeled train+validation portions; official test labels are unavailable,1.0,1.0,1.0,
uci-171,uci-171_labeled_train_validation,uci-171,21,6,4,real_independent_shadow_target_cross_release,matched_kmeans,release_1,logistic,0.9,1040,520,318,0.8805031446540881,official UCI labeled train+validation portions; official test labels are unavailable,0.9980362426035503,0.9981056786849215,0.9538461538461539,
uci-171,uci-171_labeled_train_validation,uci-171,21,6,4,real_independent_shadow_target_cross_release,matched_kmeans,release_1,random_forest,0.9,1040,520,318,0.8805031446540881,official UCI labeled train+validation portions; official test labels are unavailable,0.9986797337278106,0.9987277188571432,0.9730769230769231,
uci-171,uci-171_labeled_train_validation,uci-171,21,6,0,real_independent_shadow_target_cross_release,granular_ball,release_2,logistic,0.9,1040,520,311,0.9035369774919614,official UCI labeled train+validation portions; official test labels are unavailable,1.0,1.0,1.0,
uci-171,uci-171_labeled_train_validation,uci-171,21,6,0,real_independent_shadow_target_cross_release,granular_ball,release_2,random_forest,0.9,1040,520,311,0.9035369774919614,official UCI labeled train+validation portions; official test labels are unavailable,1.0,1.0,1.0,
uci-171,uci-171_labeled_train_validation,uci-171,21,6,0,real_independent_shadow_target_cross_release,matched_kmeans,release_2,logistic,0.9,1040,520,311,0.8681672025723473,official UCI labeled train+validation portions; official test labels are unavailable,0.9987204142011834,0.9987951989577128,0.9711538461538461,
uci-171,uci-171_labeled_train_validation,uci-171,21,6,0,real_independent_shadow_target_cross_release,matched_kmeans,release_2,random_forest,0.9,1040,520,311,0.8681672025723473,official UCI labeled train+validation portions; official test labels are unavailable,0.9993047337278107,0.9993899882796192,0.9865384615384616,
uci-171,uci-171_labeled_train_validation,uci-171,21,6,1,real_independent_shadow_target_cross_release,granular_ball,release_2,logistic,0.9,1040,520,327,0.9174311926605505,official UCI labeled train+validation portions; official test labels are unavailable,1.0,1.0,1.0,
uci-171,uci-171_labeled_train_validation,uci-171,21,6,1,real_independent_shadow_target_cross_release,granular_ball,release_2,random_forest,0.9,1040,520,327,0.9174311926605505,official UCI labeled train+validation portions; official test labels are unavailable,1.0,1.0,1.0,
uci-171,uci-171_labeled_train_validation,uci-171,21,6,1,real_independent_shadow_target_cross_release,matched_kmeans,release_2,logistic,0.9,1040,520,327,0.9051987767584098,official UCI labeled train+validation portions; official test labels are unavailable,0.9981397928994082,0.9982136558253886,0.9576923076923077,
uci-171,uci-171_labeled_train_validation,uci-171,21,6,1,real_independent_shadow_target_cross_release,matched_kmeans,release_2,random_forest,0.9,1040,520,327,0.9051987767584098,official UCI labeled train+validation portions; official test labels are unavailable,0.9994415680473373,0.9994499575904991,0.9846153846153847,
uci-171,uci-171_labeled_train_validation,uci-171,21,6,2,real_independent_shadow_target_cross_release,granular_ball,release_2,logistic,0.9,1040,520,322,0.937888198757764,official UCI labeled train+validation portions; official test labels are unavailable,1.0,1.0,1.0,
uci-171,uci-171_labeled_train_validation,uci-171,21,6,2,real_independent_shadow_target_cross_release,granular_ball,release_2,random_forest,0.9,1040,520,322,0.937888198757764,official UCI labeled train+validation portions; official test labels are unavailable,1.0,1.0,1.0,
uci-171,uci-171_labeled_train_validation,uci-171,21,6,2,real_independent_shadow_target_cross_release,matched_kmeans,release_2,logistic,0.9,1040,520,322,0.9006211180124224,official UCI labeled train+validation portions; official test labels are unavailable,0.9970118343195267,0.9971512785508211,0.9403846153846154,
uci-171,uci-171_labeled_train_validation,uci-171,21,6,2,real_independent_shadow_target_cross_release,matched_kmeans,release_2,random_forest,0.9,1040,520,322,0.9006211180124224,official UCI labeled train+validation portions; official test labels are unavailable,0.999116124260355,0.9991559667646764,0.9826923076923076,
uci-171,uci-171_labeled_train_validation,uci-171,21,6,3,real_independent_shadow_target_cross_release,granular_ball,release_2,logistic,0.9,1040,520,323,0.934984520123839,official UCI labeled train+validation portions; official test labels are unavailable,1.0,1.0,1.0,
uci-171,uci-171_labeled_train_validation,uci-171,21,6,3,real_independent_shadow_target_cross_release,granular_ball,release_2,random_forest,0.9,1040,520,323,0.934984520123839,official UCI labeled train+validation portions; official test labels are unavailable,1.0,1.0,1.0,
uci-171,uci-171_labeled_train_validation,uci-171,21,6,3,real_independent_shadow_target_cross_release,matched_kmeans,release_2,logistic,0.9,1040,520,323,0.8823529411764706,official UCI labeled train+validation portions; official test labels are unavailable,0.9992973372781064,0.9993110778221,0.9807692307692307,
uci-171,uci-171_labeled_train_validation,uci-171,21,6,3,real_independent_shadow_target_cross_release,matched_kmeans,release_2,random_forest,0.9,1040,520,323,0.8823529411764706,official UCI labeled train+validation portions; official test labels are unavailable,0.9997707100591716,0.9997731978253034,0.9923076923076923,
uci-171,uci-171_labeled_train_validation,uci-171,21,6,4,real_independent_shadow_target_cross_release,granular_ball,release_2,logistic,0.9,1040,520,318,0.9339622641509434,official UCI labeled train+validation portions; official test labels are unavailable,1.0,1.0,1.0,
uci-171,uci-171_labeled_train_validation,uci-171,21,6,4,real_independent_shadow_target_cross_release,granular_ball,release_2,random_forest,0.9,1040,520,318,0.9339622641509434,official UCI labeled train+validation portions; official test labels are unavailable,1.0,1.0,1.0,
uci-171,uci-171_labeled_train_validation,uci-171,21,6,4,real_independent_shadow_target_cross_release,matched_kmeans,release_2,logistic,0.9,1040,520,318,0.8805031446540881,official UCI labeled train+validation portions; official test labels are unavailable,0.9980473372781065,0.9981178110200428,0.9538461538461539,
uci-171,uci-171_labeled_train_validation,uci-171,21,6,4,real_independent_shadow_target_cross_release,matched_kmeans,release_2,random_forest,0.9,1040,520,318,0.8805031446540881,official UCI labeled train+validation portions; official test labels are unavailable,0.9982525887573965,0.9982960987570919,0.9730769230769231,
uci-171,uci-171_labeled_train_validation,uci-171,21,6,0,real_independent_shadow_target_cross_release,granular_ball,release_3,logistic,0.9,1040,520,311,0.9035369774919614,official UCI labeled train+validation portions; official test labels are unavailable,1.0,1.0,1.0,
uci-171,uci-171_labeled_train_validation,uci-171,21,6,0,real_independent_shadow_target_cross_release,granular_ball,release_3,random_forest,0.9,1040,520,311,0.9035369774919614,official UCI labeled train+validation portions; official test labels are unavailable,1.0,1.0,1.0,
uci-171,uci-171_labeled_train_validation,uci-171,21,6,0,real_independent_shadow_target_cross_release,matched_kmeans,release_3,logistic,0.9,1040,520,311,0.8681672025723473,official UCI labeled train+validation portions; official test labels are unavailable,0.9986797337278106,0.9987590623214804,0.9711538461538461,
uci-171,uci-171_labeled_train_validation,uci-171,21,6,0,real_independent_shadow_target_cross_release,matched_kmeans,release_3,random_forest,0.9,1040,520,311,0.8681672025723473,official UCI labeled train+validation portions; official test labels are unavailable,0.9994064349112426,0.9994473223005421,0.9903846153846154,
uci-171,uci-171_labeled_train_validation,uci-171,21,6,1,real_independent_shadow_target_cross_release,granular_ball,release_3,logistic,0.9,1040,520,327,0.9174311926605505,official UCI labeled train+validation portions; official test labels are unavailable,1.0,1.0,1.0,
uci-171,uci-171_labeled_train_validation,uci-171,21,6,1,real_independent_shadow_target_cross_release,granular_ball,release_3,random_forest,0.9,1040,520,327,0.9174311926605505,official UCI labeled train+validation portions; official test labels are unavailable,1.0,1.0,1.0,
uci-171,uci-171_labeled_train_validation,uci-171,21,6,1,real_independent_shadow_target_cross_release,matched_kmeans,release_3,logistic,0.9,1040,520,327,0.9051987767584098,official UCI labeled train+validation portions; official test labels are unavailable,0.9980547337278107,0.9981442598687956,0.9576923076923077,
uci-171,uci-171_labeled_train_validation,uci-171,21,6,1,real_independent_shadow_target_cross_release,matched_kmeans,release_3,random_forest,0.9,1040,520,327,0.9051987767584098,official UCI labeled train+validation portions; official test labels are unavailable,0.9994674556213019,0.999476559417894,0.9826923076923076,
uci-171,uci-171_labeled_train_validation,uci-171,21,6,2,real_independent_shadow_target_cross_release,granular_ball,release_3,logistic,0.9,1040,520,322,0.937888198757764,official UCI labeled train+validation portions; official test labels are unavailable,1.0,1.0,1.0,
uci-171,uci-171_labeled_train_validation,uci-171,21,6,2,real_independent_shadow_target_cross_release,granular_ball,release_3,random_forest,0.9,1040,520,322,0.937888198757764,official UCI labeled train+validation portions; official test labels are unavailable,1.0,1.0,1.0,
uci-171,uci-171_labeled_train_validation,uci-171,21,6,2,real_independent_shadow_target_cross_release,matched_kmeans,release_3,logistic,0.9,1040,520,322,0.9006211180124224,official UCI labeled train+validation portions; official test labels are unavailable,0.9965680473372782,0.996767927936813,0.9307692307692308,
uci-171,uci-171_labeled_train_validation,uci-171,21,6,2,real_independent_shadow_target_cross_release,matched_kmeans,release_3,random_forest,0.9,1040,520,322,0.9006211180124224,official UCI labeled train+validation portions; official test labels are unavailable,0.9984023668639054,0.9986206731180257,0.9807692307692307,
uci-171,uci-171_labeled_train_validation,uci-171,21,6,3,real_independent_shadow_target_cross_release,granular_ball,release_3,logistic,0.9,1040,520,323,0.934984520123839,official UCI labeled train+validation portions; official test labels are unavailable,1.0,1.0,1.0,
uci-171,uci-171_labeled_train_validation,uci-171,21,6,3,real_independent_shadow_target_cross_release,granular_ball,release_3,random_forest,0.9,1040,520,323,0.934984520123839,official UCI labeled train+validation portions; official test labels are unavailable,1.0,1.0,1.0,
uci-171,uci-171_labeled_train_validation,uci-171,21,6,3,real_independent_shadow_target_cross_release,matched_kmeans,release_3,logistic,0.9,1040,520,323,0.8823529411764706,official UCI labeled train+validation portions; official test labels are unavailable,0.9992085798816568,0.999226192213665,0.9730769230769231,
uci-171,uci-171_labeled_train_validation,uci-171,21,6,3,real_independent_shadow_target_cross_release,matched_kmeans,release_3,random_forest,0.9,1040,520,323,0.8823529411764706,official UCI labeled train+validation portions; official test labels are unavailable,0.9997707100591716,0.9997736342276273,0.9942307692307693,
uci-171,uci-171_labeled_train_validation,uci-171,21,6,4,real_independent_shadow_target_cross_release,granular_ball,release_3,logistic,0.9,1040,520,318,0.9339622641509434,official UCI labeled train+validation portions; official test labels are unavailable,1.0,1.0,1.0,
uci-171,uci-171_labeled_train_validation,uci-171,21,6,4,real_independent_shadow_target_cross_release,granular_ball,release_3,random_forest,0.9,1040,520,318,0.9339622641509434,official UCI labeled train+validation portions; official test labels are unavailable,1.0,1.0,1.0,
uci-171,uci-171_labeled_train_validation,uci-171,21,6,4,real_independent_shadow_target_cross_release,matched_kmeans,release_3,logistic,0.9,1040,520,318,0.8805031446540881,official UCI labeled train+validation portions; official test labels are unavailable,0.9981102071005917,0.9981902279704766,0.9596153846153846,
uci-171,uci-171_labeled_train_validation,uci-171,21,6,4,real_independent_shadow_target_cross_release,matched_kmeans,release_3,random_forest,0.9,1040,520,318,0.8805031446540881,official UCI labeled train+validation portions; official test labels are unavailable,0.9985244082840237,0.9985864163306946,0.9730769230769231,
uci-171,uci-171_labeled_train_validation,uci-171,21,6,0,real_independent_shadow_target_cross_release,granular_ball,release_1,logistic,0.95,1040,520,311,0.9035369774919614,official UCI labeled train+validation portions; official test labels are unavailable,1.0,1.0,1.0,
uci-171,uci-171_labeled_train_validation,uci-171,21,6,0,real_independent_shadow_target_cross_release,granular_ball,release_1,random_forest,0.95,1040,520,311,0.9035369774919614,official UCI labeled train+validation portions; official test labels are unavailable,1.0,1.0,1.0,
uci-171,uci-171_labeled_train_validation,uci-171,21,6,0,real_independent_shadow_target_cross_release,matched_kmeans,release_1,logistic,0.95,1040,520,311,0.8681672025723473,official UCI labeled train+validation portions; official test labels are unavailable,0.9987167159763313,0.998792874877324,0.9730769230769231,
uci-171,uci-171_labeled_train_validation,uci-171,21,6,0,real_independent_shadow_target_cross_release,matched_kmeans,release_1,random_forest,0.95,1040,520,311,0.8681672025723473,official UCI labeled train+validation portions; official test labels are unavailable,0.9993361686390533,0.9993644941329651,0.9884615384615385,
uci-171,uci-171_labeled_train_validation,uci-171,21,6,1,real_independent_shadow_target_cross_release,granular_ball,release_1,logistic,0.95,1040,520,327,0.9174311926605505,official UCI labeled train+validation portions; official test labels are unavailable,1.0,1.0,1.0,
uci-171,uci-171_labeled_train_validation,uci-171,21,6,1,real_independent_shadow_target_cross_release,granular_ball,release_1,random_forest,0.95,1040,520,327,0.9174311926605505,official UCI labeled train+validation portions; official test labels are unavailable,1.0,1.0,1.0,
uci-171,uci-171_labeled_train_validation,uci-171,21,6,1,real_independent_shadow_target_cross_release,matched_kmeans,release_1,logistic,0.95,1040,520,327,0.9051987767584098,official UCI labeled train+validation portions; official test labels are unavailable,0.998180473372781,0.9982559987627536,0.9576923076923077,
uci-171,uci-171_labeled_train_validation,uci-171,21,6,1,real_independent_shadow_target_cross_release,matched_kmeans,release_1,random_forest,0.95,1040,520,327,0.9051987767584098,official UCI labeled train+validation portions; official test labels are unavailable,0.999378698224852,0.9993995517226604,0.9826923076923076,
uci-171,uci-171_labeled_train_validation,uci-171,21,6,2,real_independent_shadow_target_cross_release,granular_ball,release_1,logistic,0.95,1040,520,322,0.937888198757764,official UCI labeled train+validation portions; official test labels are unavailable,1.0,1.0,1.0,
uci-171,uci-171_labeled_train_validation,uci-171,21,6,2,real_independent_shadow_target_cross_release,granular_ball,release_1,random_forest,0.95,1040,520,322,0.937888198757764,official UCI labeled train+validation portions; official test labels are unavailable,1.0,1.0,1.0,
uci-171,uci-171_labeled_train_validation,uci-171,21,6,2,real_independent_shadow_target_cross_release,matched_kmeans,release_1,logistic,0.95,1040,520,322,0.9006211180124224,official UCI labeled train+validation portions; official test labels are unavailable,0.9970673076923077,0.9972176744000767,0.9461538461538461,
uci-171,uci-171_labeled_train_validation,uci-171,21,6,2,real_independent_shadow_target_cross_release,matched_kmeans,release_1,random_forest,0.95,1040,520,322,0.9006211180124224,official UCI labeled train+validation portions; official test labels are unavailable,0.99801775147929,0.9983515846346599,0.975,
uci-171,uci-171_labeled_train_validation,uci-171,21,6,3,real_independent_shadow_target_cross_release,granular_ball,release_1,logistic,0.95,1040,520,326,0.9355828220858896,official UCI labeled train+validation portions; official test labels are unavailable,1.0,1.0,1.0,
uci-171,uci-171_labeled_train_validation,uci-171,21,6,3,real_independent_shadow_target_cross_release,granular_ball,release_1,random_forest,0.95,1040,520,326,0.9355828220858896,official UCI labeled train+validation portions; official test labels are unavailable,1.0,1.0,1.0,
uci-171,uci-171_labeled_train_validation,uci-171,21,6,3,real_independent_shadow_target_cross_release,matched_kmeans,release_1,logistic,0.95,1040,520,326,0.8865030674846626,official UCI labeled train+validation portions; official test labels are unavailable,0.9994933431952663,0.9995024880659824,0.9865384615384616,
uci-171,uci-171_labeled_train_validation,uci-171,21,6,3,real_independent_shadow_target_cross_release,matched_kmeans,release_1,random_forest,0.95,1040,520,326,0.8865030674846626,official UCI labeled train+validation portions; official test labels are unavailable,0.9998927514792899,0.9998931164515057,0.9961538461538462,
uci-171,uci-171_labeled_train_validation,uci-171,21,6,4,real_independent_shadow_target_cross_release,granular_ball,release_1,logistic,0.95,1040,520,318,0.9339622641509434,official UCI labeled train+validation portions; official test labels are unavailable,1.0,1.0,1.0,
uci-171,uci-171_labeled_train_validation,uci-171,21,6,4,real_independent_shadow_target_cross_release,granular_ball,release_1,random_forest,0.95,1040,520,318,0.9339622641509434,official UCI labeled train+validation portions; official test labels are unavailable,1.0,1.0,1.0,
uci-171,uci-171_labeled_train_validation,uci-171,21,6,4,real_independent_shadow_target_cross_release,matched_kmeans,release_1,logistic,0.95,1040,520,318,0.8805031446540881,official UCI labeled train+validation portions; official test labels are unavailable,0.9980288461538461,0.99809871523748,0.9519230769230769,
uci-171,uci-171_labeled_train_validation,uci-171,21,6,4,real_independent_shadow_target_cross_release,matched_kmeans,release_1,random_forest,0.95,1040,520,318,0.8805031446540881,official UCI labeled train+validation portions; official test labels are unavailable,0.9984541420118342,0.9984880373639492,0.9692307692307692,
uci-171,uci-171_labeled_train_validation,uci-171,21,6,0,real_independent_shadow_target_cross_release,granular_ball,release_2,logistic,0.95,1040,520,311,0.9035369774919614,official UCI labeled train+validation portions; official test labels are unavailable,1.0,1.0,1.0,
uci-171,uci-171_labeled_train_validation,uci-171,21,6,0,real_independent_shadow_target_cross_release,granular_ball,release_2,random_forest,0.95,1040,520,311,0.9035369774919614,official UCI labeled train+validation portions; official test labels are unavailable,1.0,1.0,1.0,
uci-171,uci-171_labeled_train_validation,uci-171,21,6,0,real_independent_shadow_target_cross_release,matched_kmeans,release_2,logistic,0.95,1040,520,311,0.8681672025723473,official UCI labeled train+validation portions; official test labels are unavailable,0.9986834319526627,0.9987610820296068,0.9711538461538461,
uci-171,uci-171_labeled_train_validation,uci-171,21,6,0,real_independent_shadow_target_cross_release,matched_kmeans,release_2,random_forest,0.95,1040,520,311,0.8681672025723473,official UCI labeled train+validation portions; official test labels are unavailable,0.9994027366863906,0.9994537707032436,0.9923076923076923,
uci-171,uci-171_labeled_train_validation,uci-171,21,6,1,real_independent_shadow_target_cross_release,granular_ball,release_2,logistic,0.95,1040,520,327,0.9174311926605505,official UCI labeled train+validation portions; official test labels are unavailable,1.0,1.0,1.0,
uci-171,uci-171_labeled_train_validation,uci-171,21,6,1,real_independent_shadow_target_cross_release,granular_ball,release_2,random_forest,0.95,1040,520,327,0.9174311926605505,official UCI labeled train+validation portions; official test labels are unavailable,1.0,1.0,1.0,
uci-171,uci-171_labeled_train_validation,uci-171,21,6,1,real_independent_shadow_target_cross_release,matched_kmeans,release_2,logistic,0.95,1040,520,327,0.9051987767584098,official UCI labeled train+validation portions; official test labels are unavailable,0.9981028106508876,0.9981782596631579,0.9576923076923077,
uci-171,uci-171_labeled_train_validation,uci-171,21,6,1,real_independent_shadow_target_cross_release,matched_kmeans,release_2,random_forest,0.95,1040,520,327,0.9051987767584098,official UCI labeled train+validation portions; official test labels are unavailable,0.9994378698224853,0.9994477038468856,0.9807692307692307,
uci-171,uci-171_labeled_train_validation,uci-171,21,6,2,real_independent_shadow_target_cross_release,granular_ball,release_2,logistic,0.95,1040,520,322,0.937888198757764,official UCI labeled train+validation portions; official test labels are unavailable,1.0,1.0,1.0,
uci-171,uci-171_labeled_train_validation,uci-171,21,6,2,real_independent_shadow_target_cross_release,granular_ball,release_2,random_forest,0.95,1040,520,322,0.937888198757764,official UCI labeled train+validation portions; official test labels are unavailable,1.0,1.0,1.0,
uci-171,uci-171_labeled_train_validation,uci-171,21,6,2,real_independent_shadow_target_cross_release,matched_kmeans,release_2,logistic,0.95,1040,520,322,0.9006211180124224,official UCI labeled train+validation portions; official test labels are unavailable,0.9969156804733728,0.9970555636086502,0.9346153846153846,
uci-171,uci-171_labeled_train_validation,uci-171,21,6,2,real_independent_shadow_target_cross_release,matched_kmeans,release_2,random_forest,0.95,1040,520,322,0.9006211180124224,official UCI labeled train+validation portions; official test labels are unavailable,0.9988443047337279,0.9989228634248962,0.9788461538461538,
uci-171,uci-171_labeled_train_validation,uci-171,21,6,3,real_independent_shadow_target_cross_release,granular_ball,release_2,logistic,0.95,1040,520,326,0.9355828220858896,official UCI labeled train+validation portions; official test labels are unavailable,1.0,1.0,1.0,
uci-171,uci-171_labeled_train_validation,uci-171,21,6,3,real_independent_shadow_target_cross_release,granular_ball,release_2,random_forest,0.95,1040,520,326,0.9355828220858896,official UCI labeled train+validation portions; official test labels are unavailable,1.0,1.0,1.0,
uci-171,uci-171_labeled_train_validation,uci-171,21,6,3,real_independent_shadow_target_cross_release,matched_kmeans,release_2,logistic,0.95,1040,520,326,0.8865030674846626,official UCI labeled train+validation portions; official test labels are unavailable,0.9994859467455621,0.9994941510918776,0.9884615384615385,
uci-171,uci-171_labeled_train_validation,uci-171,21,6,3,real_independent_shadow_target_cross_release,matched_kmeans,release_2,random_forest,0.95,1040,520,326,0.8865030674846626,official UCI labeled train+validation portions; official test labels are unavailable,0.9998594674556214,0.9998608524454119,0.9961538461538462,
uci-171,uci-171_labeled_train_validation,uci-171,21,6,4,real_independent_shadow_target_cross_release,granular_ball,release_2,logistic,0.95,1040,520,318,0.9339622641509434,official UCI labeled train+validation portions; official test labels are unavailable,1.0,1.0,1.0,
uci-171,uci-171_labeled_train_validation,uci-171,21,6,4,real_independent_shadow_target_cross_release,granular_ball,release_2,random_forest,0.95,1040,520,318,0.9339622641509434,official UCI labeled train+validation portions; official test labels are unavailable,1.0,1.0,1.0,
uci-171,uci-171_labeled_train_validation,uci-171,21,6,4,real_independent_shadow_target_cross_release,matched_kmeans,release_2,logistic,0.95,1040,520,318,0.8805031446540881,official UCI labeled train+validation portions; official test labels are unavailable,0.9980362426035503,0.9981096493058355,0.9557692307692308,
uci-171,uci-171_labeled_train_validation,uci-171,21,6,4,real_independent_shadow_target_cross_release,matched_kmeans,release_2,random_forest,0.95,1040,520,318,0.8805031446540881,official UCI labeled train+validation portions; official test labels are unavailable,0.9985724852071006,0.9986214505462442,0.9711538461538461,
uci-171,uci-171_labeled_train_validation,uci-171,21,6,0,real_independent_shadow_target_cross_release,granular_ball,release_3,logistic,0.95,1040,520,311,0.9035369774919614,official UCI labeled train+validation portions; official test labels are unavailable,1.0,1.0,1.0,
uci-171,uci-171_labeled_train_validation,uci-171,21,6,0,real_independent_shadow_target_cross_release,granular_ball,release_3,random_forest,0.95,1040,520,311,0.9035369774919614,official UCI labeled train+validation portions; official test labels are unavailable,1.0,1.0,1.0,
uci-171,uci-171_labeled_train_validation,uci-171,21,6,0,real_independent_shadow_target_cross_release,matched_kmeans,release_3,logistic,0.95,1040,520,311,0.8681672025723473,official UCI labeled train+validation portions; official test labels are unavailable,0.9986575443786982,0.99873757180378,0.9673076923076923,
uci-171,uci-171_labeled_train_validation,uci-171,21,6,0,real_independent_shadow_target_cross_release,matched_kmeans,release_3,random_forest,0.95,1040,520,311,0.8681672025723473,official UCI labeled train+validation portions; official test labels are unavailable,0.9994230769230769,0.9994659376135274,0.9903846153846154,
uci-171,uci-171_labeled_train_validation,uci-171,21,6,1,real_independent_shadow_target_cross_release,granular_ball,release_3,logistic,0.95,1040,520,327,0.9174311926605505,official UCI labeled train+validation portions; official test labels are unavailable,1.0,1.0,1.0,
uci-171,uci-171_labeled_train_validation,uci-171,21,6,1,real_independent_shadow_target_cross_release,granular_ball,release_3,random_forest,0.95,1040,520,327,0.9174311926605505,official UCI labeled train+validation portions; official test labels are unavailable,0.9999999999999999,1.0,1.0,
uci-171,uci-171_labeled_train_validation,uci-171,21,6,1,real_independent_shadow_target_cross_release,matched_kmeans,release_3,logistic,0.95,1040,520,327,0.9051987767584098,official UCI labeled train+validation portions; official test labels are unavailable,0.99801775147929,0.9981057887235917,0.9557692307692308,
uci-171,uci-171_labeled_train_validation,uci-171,21,6,1,real_independent_shadow_target_cross_release,matched_kmeans,release_3,random_forest,0.95,1040,520,327,0.9051987767584098,official UCI labeled train+validation portions; official test labels are unavailable,0.9994452662721893,0.9994545772371662,0.9846153846153847,
uci-171,uci-171_labeled_train_validation,uci-171,21,6,2,real_independent_shadow_target_cross_release,granular_ball,release_3,logistic,0.95,1040,520,322,0.937888198757764,official UCI labeled train+validation portions; official test labels are unavailable,1.0,1.0,1.0,
uci-171,uci-171_labeled_train_validation,uci-171,21,6,2,real_independent_shadow_target_cross_release,granular_ball,release_3,random_forest,0.95,1040,520,322,0.937888198757764,official UCI labeled train+validation portions; official test labels are unavailable,1.0,1.0,1.0,
uci-171,uci-171_labeled_train_validation,uci-171,21,6,2,real_independent_shadow_target_cross_release,matched_kmeans,release_3,logistic,0.95,1040,520,322,0.9006211180124224,official UCI labeled train+validation portions; official test labels are unavailable,0.9965754437869823,0.996755433909954,0.9288461538461539,
uci-171,uci-171_labeled_train_validation,uci-171,21,6,2,real_independent_shadow_target_cross_release,matched_kmeans,release_3,random_forest,0.95,1040,520,322,0.9006211180124224,official UCI labeled train+validation portions; official test labels are unavailable,0.9986723372781066,0.9988045399569445,0.9826923076923076,
uci-171,uci-171_labeled_train_validation,uci-171,21,6,3,real_independent_shadow_target_cross_release,granular_ball,release_3,logistic,0.95,1040,520,326,0.9355828220858896,official UCI labeled train+validation portions; official test labels are unavailable,1.0,1.0,1.0,
uci-171,uci-171_labeled_train_validation,uci-171,21,6,3,real_independent_shadow_target_cross_release,granular_ball,release_3,random_forest,0.95,1040,520,326,0.9355828220858896,official UCI labeled train+validation portions; official test labels are unavailable,1.0,1.0,1.0,
uci-171,uci-171_labeled_train_validation,uci-171,21,6,3,real_independent_shadow_target_cross_release,matched_kmeans,release_3,logistic,0.95,1040,520,326,0.8865030674846626,official UCI labeled train+validation portions; official test labels are unavailable,0.9994563609467456,0.9994661157009138,0.9884615384615385,
uci-171,uci-171_labeled_train_validation,uci-171,21,6,3,real_independent_shadow_target_cross_release,matched_kmeans,release_3,random_forest,0.95,1040,520,326,0.8865030674846626,official UCI labeled train+validation portions; official test labels are unavailable,0.9998483727810651,0.9998504302814959,0.9961538461538462,
uci-171,uci-171_labeled_train_validation,uci-171,21,6,4,real_independent_shadow_target_cross_release,granular_ball,release_3,logistic,0.95,1040,520,318,0.9339622641509434,official UCI labeled train+validation portions; official test labels are unavailable,1.0,1.0,1.0,
uci-171,uci-171_labeled_train_validation,uci-171,21,6,4,real_independent_shadow_target_cross_release,granular_ball,release_3,random_forest,0.95,1040,520,318,0.9339622641509434,official UCI labeled train+validation portions; official test labels are unavailable,1.0,1.0,1.0,
uci-171,uci-171_labeled_train_validation,uci-171,21,6,4,real_independent_shadow_target_cross_release,matched_kmeans,release_3,logistic,0.95,1040,520,318,0.8805031446540881,official UCI labeled train+validation portions; official test labels are unavailable,0.9980732248520711,0.998155559264515,0.9615384615384616,
uci-171,uci-171_labeled_train_validation,uci-171,21,6,4,real_independent_shadow_target_cross_release,matched_kmeans,release_3,random_forest,0.95,1040,520,318,0.8805031446540881,official UCI labeled train+validation portions; official test labels are unavailable,0.9985336538461538,0.9985916048132646,0.9730769230769231,
uci-171,uci-171_labeled_train_validation,uci-171,21,6,0,real_independent_shadow_target_cross_release,granular_ball,release_1,logistic,0.99,1040,520,311,0.9035369774919614,official UCI labeled train+validation portions; official test labels are unavailable,1.0,1.0,1.0,
uci-171,uci-171_labeled_train_validation,uci-171,21,6,0,real_independent_shadow_target_cross_release,granular_ball,release_1,random_forest,0.99,1040,520,311,0.9035369774919614,official UCI labeled train+validation portions; official test labels are unavailable,1.0,1.0,1.0,
uci-171,uci-171_labeled_train_validation,uci-171,21,6,0,real_independent_shadow_target_cross_release,matched_kmeans,release_1,logistic,0.99,1040,520,311,0.8681672025723473,official UCI labeled train+validation portions; official test labels are unavailable,0.9987167159763313,0.998792874877324,0.9730769230769231,
uci-171,uci-171_labeled_train_validation,uci-171,21,6,0,real_independent_shadow_target_cross_release,matched_kmeans,release_1,random_forest,0.99,1040,520,311,0.8681672025723473,official UCI labeled train+validation portions; official test labels are unavailable,0.9993361686390533,0.9993644941329651,0.9884615384615385,
uci-171,uci-171_labeled_train_validation,uci-171,21,6,1,real_independent_shadow_target_cross_release,granular_ball,release_1,logistic,0.99,1040,520,327,0.9174311926605505,official UCI labeled train+validation portions; official test labels are unavailable,1.0,1.0,1.0,
uci-171,uci-171_labeled_train_validation,uci-171,21,6,1,real_independent_shadow_target_cross_release,granular_ball,release_1,random_forest,0.99,1040,520,327,0.9174311926605505,official UCI labeled train+validation portions; official test labels are unavailable,1.0,1.0,1.0,
uci-171,uci-171_labeled_train_validation,uci-171,21,6,1,real_independent_shadow_target_cross_release,matched_kmeans,release_1,logistic,0.99,1040,520,327,0.9051987767584098,official UCI labeled train+validation portions; official test labels are unavailable,0.998180473372781,0.9982559987627536,0.9576923076923077,
uci-171,uci-171_labeled_train_validation,uci-171,21,6,1,real_independent_shadow_target_cross_release,matched_kmeans,release_1,random_forest,0.99,1040,520,327,0.9051987767584098,official UCI labeled train+validation portions; official test labels are unavailable,0.999378698224852,0.9993995517226604,0.9826923076923076,
uci-171,uci-171_labeled_train_validation,uci-171,21,6,2,real_independent_shadow_target_cross_release,granular_ball,release_1,logistic,0.99,1040,520,322,0.937888198757764,official UCI labeled train+validation portions; official test labels are unavailable,1.0,1.0,1.0,
uci-171,uci-171_labeled_train_validation,uci-171,21,6,2,real_independent_shadow_target_cross_release,granular_ball,release_1,random_forest,0.99,1040,520,322,0.937888198757764,official UCI labeled train+validation portions; official test labels are unavailable,1.0,1.0,1.0,
uci-171,uci-171_labeled_train_validation,uci-171,21,6,2,real_independent_shadow_target_cross_release,matched_kmeans,release_1,logistic,0.99,1040,520,322,0.9006211180124224,official UCI labeled train+validation portions; official test labels are unavailable,0.9970673076923077,0.9972176744000767,0.9461538461538461,
uci-171,uci-171_labeled_train_validation,uci-171,21,6,2,real_independent_shadow_target_cross_release,matched_kmeans,release_1,random_forest,0.99,1040,520,322,0.9006211180124224,official UCI labeled train+validation portions; official test labels are unavailable,0.99801775147929,0.9983515846346599,0.975,
uci-171,uci-171_labeled_train_validation,uci-171,21,6,3,real_independent_shadow_target_cross_release,granular_ball,release_1,logistic,0.99,1040,520,326,0.9355828220858896,official UCI labeled train+validation portions; official test labels are unavailable,1.0,1.0,1.0,
uci-171,uci-171_labeled_train_validation,uci-171,21,6,3,real_independent_shadow_target_cross_release,granular_ball,release_1,random_forest,0.99,1040,520,326,0.9355828220858896,official UCI labeled train+validation portions; official test labels are unavailable,1.0,1.0,1.0,
uci-171,uci-171_labeled_train_validation,uci-171,21,6,3,real_independent_shadow_target_cross_release,matched_kmeans,release_1,logistic,0.99,1040,520,326,0.8865030674846626,official UCI labeled train+validation portions; official test labels are unavailable,0.9994933431952663,0.9995024880659824,0.9865384615384616,
uci-171,uci-171_labeled_train_validation,uci-171,21,6,3,real_independent_shadow_target_cross_release,matched_kmeans,release_1,random_forest,0.99,1040,520,326,0.8865030674846626,official UCI labeled train+validation portions; official test labels are unavailable,0.9998927514792899,0.9998931164515057,0.9961538461538462,
uci-171,uci-171_labeled_train_validation,uci-171,21,6,4,real_independent_shadow_target_cross_release,granular_ball,release_1,logistic,0.99,1040,520,318,0.9339622641509434,official UCI labeled train+validation portions; official test labels are unavailable,1.0,1.0,1.0,
uci-171,uci-171_labeled_train_validation,uci-171,21,6,4,real_independent_shadow_target_cross_release,granular_ball,release_1,random_forest,0.99,1040,520,318,0.9339622641509434,official UCI labeled train+validation portions; official test labels are unavailable,1.0,1.0,1.0,
uci-171,uci-171_labeled_train_validation,uci-171,21,6,4,real_independent_shadow_target_cross_release,matched_kmeans,release_1,logistic,0.99,1040,520,318,0.8805031446540881,official UCI labeled train+validation portions; official test labels are unavailable,0.9980288461538461,0.99809871523748,0.9519230769230769,
uci-171,uci-171_labeled_train_validation,uci-171,21,6,4,real_independent_shadow_target_cross_release,matched_kmeans,release_1,random_forest,0.99,1040,520,318,0.8805031446540881,official UCI labeled train+validation portions; official test labels are unavailable,0.9984541420118342,0.9984880373639492,0.9692307692307692,
uci-171,uci-171_labeled_train_validation,uci-171,21,6,0,real_independent_shadow_target_cross_release,granular_ball,release_2,logistic,0.99,1040,520,311,0.9035369774919614,official UCI labeled train+validation portions; official test labels are unavailable,1.0,1.0,1.0,
uci-171,uci-171_labeled_train_validation,uci-171,21,6,0,real_independent_shadow_target_cross_release,granular_ball,release_2,random_forest,0.99,1040,520,311,0.9035369774919614,official UCI labeled train+validation portions; official test labels are unavailable,1.0,1.0,1.0,
uci-171,uci-171_labeled_train_validation,uci-171,21,6,0,real_independent_shadow_target_cross_release,matched_kmeans,release_2,logistic,0.99,1040,520,311,0.8681672025723473,official UCI labeled train+validation portions; official test labels are unavailable,0.9986834319526627,0.9987610820296068,0.9711538461538461,
uci-171,uci-171_labeled_train_validation,uci-171,21,6,0,real_independent_shadow_target_cross_release,matched_kmeans,release_2,random_forest,0.99,1040,520,311,0.8681672025723473,official UCI labeled train+validation portions; official test labels are unavailable,0.9994027366863906,0.9994537707032436,0.9923076923076923,
uci-171,uci-171_labeled_train_validation,uci-171,21,6,1,real_independent_shadow_target_cross_release,granular_ball,release_2,logistic,0.99,1040,520,327,0.9174311926605505,official UCI labeled train+validation portions; official test labels are unavailable,1.0,1.0,1.0,
uci-171,uci-171_labeled_train_validation,uci-171,21,6,1,real_independent_shadow_target_cross_release,granular_ball,release_2,random_forest,0.99,1040,520,327,0.9174311926605505,official UCI labeled train+validation portions; official test labels are unavailable,1.0,1.0,1.0,
uci-171,uci-171_labeled_train_validation,uci-171,21,6,1,real_independent_shadow_target_cross_release,matched_kmeans,release_2,logistic,0.99,1040,520,327,0.9051987767584098,official UCI labeled train+validation portions; official test labels are unavailable,0.9981028106508876,0.9981782596631579,0.9576923076923077,
uci-171,uci-171_labeled_train_validation,uci-171,21,6,1,real_independent_shadow_target_cross_release,matched_kmeans,release_2,random_forest,0.99,1040,520,327,0.9051987767584098,official UCI labeled train+validation portions; official test labels are unavailable,0.9994378698224853,0.9994477038468856,0.9807692307692307,
uci-171,uci-171_labeled_train_validation,uci-171,21,6,2,real_independent_shadow_target_cross_release,granular_ball,release_2,logistic,0.99,1040,520,322,0.937888198757764,official UCI labeled train+validation portions; official test labels are unavailable,1.0,1.0,1.0,
uci-171,uci-171_labeled_train_validation,uci-171,21,6,2,real_independent_shadow_target_cross_release,granular_ball,release_2,random_forest,0.99,1040,520,322,0.937888198757764,official UCI labeled train+validation portions; official test labels are unavailable,1.0,1.0,1.0,
uci-171,uci-171_labeled_train_validation,uci-171,21,6,2,real_independent_shadow_target_cross_release,matched_kmeans,release_2,logistic,0.99,1040,520,322,0.9006211180124224,official UCI labeled train+validation portions; official test labels are unavailable,0.9969156804733728,0.9970555636086502,0.9346153846153846,
uci-171,uci-171_labeled_train_validation,uci-171,21,6,2,real_independent_shadow_target_cross_release,matched_kmeans,release_2,random_forest,0.99,1040,520,322,0.9006211180124224,official UCI labeled train+validation portions; official test labels are unavailable,0.9988443047337279,0.9989228634248962,0.9788461538461538,
uci-171,uci-171_labeled_train_validation,uci-171,21,6,3,real_independent_shadow_target_cross_release,granular_ball,release_2,logistic,0.99,1040,520,326,0.9355828220858896,official UCI labeled train+validation portions; official test labels are unavailable,1.0,1.0,1.0,
uci-171,uci-171_labeled_train_validation,uci-171,21,6,3,real_independent_shadow_target_cross_release,granular_ball,release_2,random_forest,0.99,1040,520,326,0.9355828220858896,official UCI labeled train+validation portions; official test labels are unavailable,1.0,1.0,1.0,
uci-171,uci-171_labeled_train_validation,uci-171,21,6,3,real_independent_shadow_target_cross_release,matched_kmeans,release_2,logistic,0.99,1040,520,326,0.8865030674846626,official UCI labeled train+validation portions; official test labels are unavailable,0.9994859467455621,0.9994941510918776,0.9884615384615385,
uci-171,uci-171_labeled_train_validation,uci-171,21,6,3,real_independent_shadow_target_cross_release,matched_kmeans,release_2,random_forest,0.99,1040,520,326,0.8865030674846626,official UCI labeled train+validation portions; official test labels are unavailable,0.9998594674556214,0.9998608524454119,0.9961538461538462,
uci-171,uci-171_labeled_train_validation,uci-171,21,6,4,real_independent_shadow_target_cross_release,granular_ball,release_2,logistic,0.99,1040,520,318,0.9339622641509434,official UCI labeled train+validation portions; official test labels are unavailable,1.0,1.0,1.0,
uci-171,uci-171_labeled_train_validation,uci-171,21,6,4,real_independent_shadow_target_cross_release,granular_ball,release_2,random_forest,0.99,1040,520,318,0.9339622641509434,official UCI labeled train+validation portions; official test labels are unavailable,1.0,1.0,1.0,
uci-171,uci-171_labeled_train_validation,uci-171,21,6,4,real_independent_shadow_target_cross_release,matched_kmeans,release_2,logistic,0.99,1040,520,318,0.8805031446540881,official UCI labeled train+validation portions; official test labels are unavailable,0.9980362426035503,0.9981096493058355,0.9557692307692308,
uci-171,uci-171_labeled_train_validation,uci-171,21,6,4,real_independent_shadow_target_cross_release,matched_kmeans,release_2,random_forest,0.99,1040,520,318,0.8805031446540881,official UCI labeled train+validation portions; official test labels are unavailable,0.9985724852071006,0.9986214505462442,0.9711538461538461,
uci-171,uci-171_labeled_train_validation,uci-171,21,6,0,real_independent_shadow_target_cross_release,granular_ball,release_3,logistic,0.99,1040,520,311,0.9035369774919614,official UCI labeled train+validation portions; official test labels are unavailable,1.0,1.0,1.0,
uci-171,uci-171_labeled_train_validation,uci-171,21,6,0,real_independent_shadow_target_cross_release,granular_ball,release_3,random_forest,0.99,1040,520,311,0.9035369774919614,official UCI labeled train+validation portions; official test labels are unavailable,1.0,1.0,1.0,
uci-171,uci-171_labeled_train_validation,uci-171,21,6,0,real_independent_shadow_target_cross_release,matched_kmeans,release_3,logistic,0.99,1040,520,311,0.8681672025723473,official UCI labeled train+validation portions; official test labels are unavailable,0.9986575443786982,0.99873757180378,0.9673076923076923,
uci-171,uci-171_labeled_train_validation,uci-171,21,6,0,real_independent_shadow_target_cross_release,matched_kmeans,release_3,random_forest,0.99,1040,520,311,0.8681672025723473,official UCI labeled train+validation portions; official test labels are unavailable,0.9994230769230769,0.9994659376135274,0.9903846153846154,
uci-171,uci-171_labeled_train_validation,uci-171,21,6,1,real_independent_shadow_target_cross_release,granular_ball,release_3,logistic,0.99,1040,520,327,0.9174311926605505,official UCI labeled train+validation portions; official test labels are unavailable,1.0,1.0,1.0,
uci-171,uci-171_labeled_train_validation,uci-171,21,6,1,real_independent_shadow_target_cross_release,granular_ball,release_3,random_forest,0.99,1040,520,327,0.9174311926605505,official UCI labeled train+validation portions; official test labels are unavailable,0.9999999999999999,1.0,1.0,
uci-171,uci-171_labeled_train_validation,uci-171,21,6,1,real_independent_shadow_target_cross_release,matched_kmeans,release_3,logistic,0.99,1040,520,327,0.9051987767584098,official UCI labeled train+validation portions; official test labels are unavailable,0.99801775147929,0.9981057887235917,0.9557692307692308,
uci-171,uci-171_labeled_train_validation,uci-171,21,6,1,real_independent_shadow_target_cross_release,matched_kmeans,release_3,random_forest,0.99,1040,520,327,0.9051987767584098,official UCI labeled train+validation portions; official test labels are unavailable,0.9994452662721893,0.9994545772371662,0.9846153846153847,
uci-171,uci-171_labeled_train_validation,uci-171,21,6,2,real_independent_shadow_target_cross_release,granular_ball,release_3,logistic,0.99,1040,520,322,0.937888198757764,official UCI labeled train+validation portions; official test labels are unavailable,1.0,1.0,1.0,
uci-171,uci-171_labeled_train_validation,uci-171,21,6,2,real_independent_shadow_target_cross_release,granular_ball,release_3,random_forest,0.99,1040,520,322,0.937888198757764,official UCI labeled train+validation portions; official test labels are unavailable,1.0,1.0,1.0,
uci-171,uci-171_labeled_train_validation,uci-171,21,6,2,real_independent_shadow_target_cross_release,matched_kmeans,release_3,logistic,0.99,1040,520,322,0.9006211180124224,official UCI labeled train+validation portions; official test labels are unavailable,0.9965754437869823,0.996755433909954,0.9288461538461539,
uci-171,uci-171_labeled_train_validation,uci-171,21,6,2,real_independent_shadow_target_cross_release,matched_kmeans,release_3,random_forest,0.99,1040,520,322,0.9006211180124224,official UCI labeled train+validation portions; official test labels are unavailable,0.9986723372781066,0.9988045399569445,0.9826923076923076,
uci-171,uci-171_labeled_train_validation,uci-171,21,6,3,real_independent_shadow_target_cross_release,granular_ball,release_3,logistic,0.99,1040,520,326,0.9355828220858896,official UCI labeled train+validation portions; official test labels are unavailable,1.0,1.0,1.0,
uci-171,uci-171_labeled_train_validation,uci-171,21,6,3,real_independent_shadow_target_cross_release,granular_ball,release_3,random_forest,0.99,1040,520,326,0.9355828220858896,official UCI labeled train+validation portions; official test labels are unavailable,1.0,1.0,1.0,
uci-171,uci-171_labeled_train_validation,uci-171,21,6,3,real_independent_shadow_target_cross_release,matched_kmeans,release_3,logistic,0.99,1040,520,326,0.8865030674846626,official UCI labeled train+validation portions; official test labels are unavailable,0.9994563609467456,0.9994661157009138,0.9884615384615385,
uci-171,uci-171_labeled_train_validation,uci-171,21,6,3,real_independent_shadow_target_cross_release,matched_kmeans,release_3,random_forest,0.99,1040,520,326,0.8865030674846626,official UCI labeled train+validation portions; official test labels are unavailable,0.9998483727810651,0.9998504302814959,0.9961538461538462,
uci-171,uci-171_labeled_train_validation,uci-171,21,6,4,real_independent_shadow_target_cross_release,granular_ball,release_3,logistic,0.99,1040,520,318,0.9339622641509434,official UCI labeled train+validation portions; official test labels are unavailable,1.0,1.0,1.0,
uci-171,uci-171_labeled_train_validation,uci-171,21,6,4,real_independent_shadow_target_cross_release,granular_ball,release_3,random_forest,0.99,1040,520,318,0.9339622641509434,official UCI labeled train+validation portions; official test labels are unavailable,1.0,1.0,1.0,
uci-171,uci-171_labeled_train_validation,uci-171,21,6,4,real_independent_shadow_target_cross_release,matched_kmeans,release_3,logistic,0.99,1040,520,318,0.8805031446540881,official UCI labeled train+validation portions; official test labels are unavailable,0.9980732248520711,0.998155559264515,0.9615384615384616,
uci-171,uci-171_labeled_train_validation,uci-171,21,6,4,real_independent_shadow_target_cross_release,matched_kmeans,release_3,random_forest,0.99,1040,520,318,0.8805031446540881,official UCI labeled train+validation portions; official test labels are unavailable,0.9985336538461538,0.9985916048132646,0.9730769230769231,
uci-372,uci-372_labeled_train_validation,uci-372,1,6,0,real_independent_shadow_target_cross_release,granular_ball,release_1,logistic,0.9,1200,600,1,0.0,official UCI static HTRU_2.csv,0.5227944444444443,0.5214552407644656,0.008333333333333333,
uci-372,uci-372_labeled_train_validation,uci-372,1,6,0,real_independent_shadow_target_cross_release,granular_ball,release_1,random_forest,0.9,1200,600,1,0.0,official UCI static HTRU_2.csv,0.5159916666666667,0.5060440970437939,0.01,
uci-372,uci-372_labeled_train_validation,uci-372,1,6,0,real_independent_shadow_target_cross_release,matched_kmeans,release_1,logistic,0.9,1200,600,1,0.0,official UCI static HTRU_2.csv,0.5227944444444443,0.5214552407644656,0.008333333333333333,
uci-372,uci-372_labeled_train_validation,uci-372,1,6,0,real_independent_shadow_target_cross_release,matched_kmeans,release_1,random_forest,0.9,1200,600,1,0.0,official UCI static HTRU_2.csv,0.5159916666666667,0.5060440970437939,0.01,
uci-372,uci-372_labeled_train_validation,uci-372,1,6,1,real_independent_shadow_target_cross_release,granular_ball,release_1,logistic,0.9,1200,600,1,0.0,official UCI static HTRU_2.csv,0.5155444444444444,0.5206402152601765,0.016666666666666666,
uci-372,uci-372_labeled_train_validation,uci-372,1,6,1,real_independent_shadow_target_cross_release,granular_ball,release_1,random_forest,0.9,1200,600,1,0.0,official UCI static HTRU_2.csv,0.5067583333333333,0.49989838887611837,0.016666666666666666,
uci-372,uci-372_labeled_train_validation,uci-372,1,6,1,real_independent_shadow_target_cross_release,matched_kmeans,release_1,logistic,0.9,1200,600,1,0.0,official UCI static HTRU_2.csv,0.5155444444444444,0.5206402152601765,0.016666666666666666,
uci-372,uci-372_labeled_train_validation,uci-372,1,6,1,real_independent_shadow_target_cross_release,matched_kmeans,release_1,random_forest,0.9,1200,600,1,0.0,official UCI static HTRU_2.csv,0.5067583333333333,0.49989838887611837,0.016666666666666666,
uci-372,uci-372_labeled_train_validation,uci-372,1,6,2,real_independent_shadow_target_cross_release,granular_ball,release_1,logistic,0.9,1200,600,1,0.0,official UCI static HTRU_2.csv,0.46667500000000006,0.48397718000577034,0.01,
uci-372,uci-372_labeled_train_validation,uci-372,1,6,2,real_independent_shadow_target_cross_release,granular_ball,release_1,random_forest,0.9,1200,600,1,0.0,official UCI static HTRU_2.csv,0.5167375,0.5183424645140269,0.018333333333333333,
uci-372,uci-372_labeled_train_validation,uci-372,1,6,2,real_independent_shadow_target_cross_release,matched_kmeans,release_1,logistic,0.9,1200,600,1,0.0,official UCI static HTRU_2.csv,0.46667500000000006,0.48397718000577034,0.01,
uci-372,uci-372_labeled_train_validation,uci-372,1,6,2,real_independent_shadow_target_cross_release,matched_kmeans,release_1,random_forest,0.9,1200,600,1,0.0,official UCI static HTRU_2.csv,0.5167375,0.5183424645140269,0.018333333333333333,
uci-372,uci-372_labeled_train_validation,uci-372,1,6,3,real_independent_shadow_target_cross_release,granular_ball,release_1,logistic,0.9,1200,600,1,0.0,official UCI static HTRU_2.csv,0.4871111111111111,0.49311319192353836,0.006666666666666667,
uci-372,uci-372_labeled_train_validation,uci-372,1,6,3,real_independent_shadow_target_cross_release,granular_ball,release_1,random_forest,0.9,1200,600,1,0.0,official UCI static HTRU_2.csv,0.4817138888888889,0.4838499576598125,0.005,
uci-372,uci-372_labeled_train_validation,uci-372,1,6,3,real_independent_shadow_target_cross_release,matched_kmeans,release_1,logistic,0.9,1200,600,1,0.0,official UCI static HTRU_2.csv,0.4871111111111111,0.49311319192353836,0.006666666666666667,
uci-372,uci-372_labeled_train_validation,uci-372,1,6,3,real_independent_shadow_target_cross_release,matched_kmeans,release_1,random_forest,0.9,1200,600,1,0.0,official UCI static HTRU_2.csv,0.4817138888888889,0.4838499576598125,0.005,
uci-372,uci-372_labeled_train_validation,uci-372,1,6,4,real_independent_shadow_target_cross_release,granular_ball,release_1,logistic,0.9,1200,600,1,0.0,official UCI static HTRU_2.csv,0.4993305555555555,0.49760087110226375,0.006666666666666667,
uci-372,uci-372_labeled_train_validation,uci-372,1,6,4,real_independent_shadow_target_cross_release,granular_ball,release_1,random_forest,0.9,1200,600,1,0.0,official UCI static HTRU_2.csv,0.5091111111111112,0.5086812450915514,0.008333333333333333,
uci-372,uci-372_labeled_train_validation,uci-372,1,6,4,real_independent_shadow_target_cross_release,matched_kmeans,release_1,logistic,0.9,1200,600,1,0.0,official UCI static HTRU_2.csv,0.4993305555555555,0.49760087110226375,0.006666666666666667,
uci-372,uci-372_labeled_train_validation,uci-372,1,6,4,real_independent_shadow_target_cross_release,matched_kmeans,release_1,random_forest,0.9,1200,600,1,0.0,official UCI static HTRU_2.csv,0.5091111111111112,0.5086812450915514,0.008333333333333333,
uci-372,uci-372_labeled_train_validation,uci-372,1,6,0,real_independent_shadow_target_cross_release,granular_ball,release_2,logistic,0.9,1200,600,1,0.0,official UCI static HTRU_2.csv,0.5059611111111111,0.507319061226703,0.008333333333333333,
uci-372,uci-372_labeled_train_validation,uci-372,1,6,0,real_independent_shadow_target_cross_release,granular_ball,release_2,random_forest,0.9,1200,600,1,0.0,official UCI static HTRU_2.csv,0.5099902777777778,0.5042000064803961,0.006666666666666667,
uci-372,uci-372_labeled_train_validation,uci-372,1,6,0,real_independent_shadow_target_cross_release,matched_kmeans,release_2,logistic,0.9,1200,600,1,0.0,official UCI static HTRU_2.csv,0.5059611111111111,0.507319061226703,0.008333333333333333,
uci-372,uci-372_labeled_train_validation,uci-372,1,6,0,real_independent_shadow_target_cross_release,matched_kmeans,release_2,random_forest,0.9,1200,600,1,0.0,official UCI static HTRU_2.csv,0.5099902777777778,0.5042000064803961,0.006666666666666667,
uci-372,uci-372_labeled_train_validation,uci-372,1,6,1,real_independent_shadow_target_cross_release,granular_ball,release_2,logistic,0.9,1200,600,1,0.0,official UCI static HTRU_2.csv,0.5178833333333333,0.5208886965188946,0.016666666666666666,
uci-372,uci-372_labeled_train_validation,uci-372,1,6,1,real_independent_shadow_target_cross_release,granular_ball,release_2,random_forest,0.9,1200,600,1,0.0,official UCI static HTRU_2.csv,0.49707083333333335,0.5003449134496488,0.011666666666666667,
uci-372,uci-372_labeled_train_validation,uci-372,1,6,1,real_independent_shadow_target_cross_release,matched_kmeans,release_2,logistic,0.9,1200,600,1,0.0,official UCI static HTRU_2.csv,0.5178833333333333,0.5208886965188946,0.016666666666666666,
uci-372,uci-372_labeled_train_validation,uci-372,1,6,1,real_independent_shadow_target_cross_release,matched_kmeans,release_2,random_forest,0.9,1200,600,1,0.0,official UCI static HTRU_2.csv,0.49707083333333335,0.5003449134496488,0.011666666666666667,
uci-372,uci-372_labeled_train_validation,uci-372,1,6,2,real_independent_shadow_target_cross_release,granular_ball,release_2,logistic,0.9,1200,600,1,0.0,official UCI static HTRU_2.csv,0.4861305555555556,0.49398624516246475,0.01,
uci-372,uci-372_labeled_train_validation,uci-372,1,6,2,real_independent_shadow_target_cross_release,granular_ball,release_2,random_forest,0.9,1200,600,1,0.0,official UCI static HTRU_2.csv,0.529975,0.5280093983375769,0.016666666666666666,
uci-372,uci-372_labeled_train_validation,uci-372,1,6,2,real_independent_shadow_target_cross_release,matched_kmeans,release_2,logistic,0.9,1200,600,1,0.0,official UCI static HTRU_2.csv,0.4861305555555556,0.49398624516246475,0.01,
uci-372,uci-372_labeled_train_validation,uci-372,1,6,2,real_independent_shadow_target_cross_release,matched_kmeans,release_2,random_forest,0.9,1200,600,1,0.0,official UCI static HTRU_2.csv,0.529975,0.5280093983375769,0.016666666666666666,
uci-372,uci-372_labeled_train_validation,uci-372,1,6,3,real_independent_shadow_target_cross_release,granular_ball,release_2,logistic,0.9,1200,600,1,0.0,official UCI static HTRU_2.csv,0.48936111111111114,0.4922278627933063,0.006666666666666667,
uci-372,uci-372_labeled_train_validation,uci-372,1,6,3,real_independent_shadow_target_cross_release,granular_ball,release_2,random_forest,0.9,1200,600,1,0.0,official UCI static HTRU_2.csv,0.5036444444444445,0.5044073675599522,0.008333333333333333,
uci-372,uci-372_labeled_train_validation,uci-372,1,6,3,real_independent_shadow_target_cross_release,matched_kmeans,release_2,logistic,0.9,1200,600,1,0.0,official UCI static HTRU_2.csv,0.48936111111111114,0.4922278627933063,0.006666666666666667,
uci-372,uci-372_labeled_train_validation,uci-372,1,6,3,real_independent_shadow_target_cross_release,matched_kmeans,release_2,random_forest,0.9,1200,600,1,0.0,official UCI static HTRU_2.csv,0.5036444444444445,0.5044073675599522,0.008333333333333333,
uci-372,uci-372_labeled_train_validation,uci-372,1,6,4,real_independent_shadow_target_cross_release,granular_ball,release_2,logistic,0.9,1200,600,1,0.0,official UCI static HTRU_2.csv,0.5280722222222223,0.5154529591502985,0.006666666666666667,
uci-372,uci-372_labeled_train_validation,uci-372,1,6,4,real_independent_shadow_target_cross_release,granular_ball,release_2,random_forest,0.9,1200,600,1,0.0,official UCI static HTRU_2.csv,0.5129777777777778,0.5173228426983024,0.02666666666666667,
uci-372,uci-372_labeled_train_validation,uci-372,1,6,4,real_independent_shadow_target_cross_release,matched_kmeans,release_2,logistic,0.9,1200,600,1,0.0,official UCI static HTRU_2.csv,0.5280722222222223,0.5154529591502985,0.006666666666666667,
uci-372,uci-372_labeled_train_validation,uci-372,1,6,4,real_independent_shadow_target_cross_release,matched_kmeans,release_2,random_forest,0.9,1200,600,1,0.0,official UCI static HTRU_2.csv,0.5129777777777778,0.5173228426983024,0.02666666666666667,
uci-372,uci-372_labeled_train_validation,uci-372,1,6,0,real_independent_shadow_target_cross_release,granular_ball,release_3,logistic,0.9,1200,600,1,0.0,official UCI static HTRU_2.csv,0.5059611111111111,0.507319061226703,0.008333333333333333,
uci-372,uci-372_labeled_train_validation,uci-372,1,6,0,real_independent_shadow_target_cross_release,granular_ball,release_3,random_forest,0.9,1200,600,1,0.0,official UCI static HTRU_2.csv,0.5086958333333333,0.503545048991545,0.005,
uci-372,uci-372_labeled_train_validation,uci-372,1,6,0,real_independent_shadow_target_cross_release,matched_kmeans,release_3,logistic,0.9,1200,600,1,0.0,official UCI static HTRU_2.csv,0.5059611111111111,0.507319061226703,0.008333333333333333,
uci-372,uci-372_labeled_train_validation,uci-372,1,6,0,real_independent_shadow_target_cross_release,matched_kmeans,release_3,random_forest,0.9,1200,600,1,0.0,official UCI static HTRU_2.csv,0.5086958333333333,0.503545048991545,0.005,
uci-372,uci-372_labeled_train_validation,uci-372,1,6,1,real_independent_shadow_target_cross_release,granular_ball,release_3,logistic,0.9,1200,600,1,0.0,official UCI static HTRU_2.csv,0.5178833333333333,0.5208886965188946,0.016666666666666666,
uci-372,uci-372_labeled_train_validation,uci-372,1,6,1,real_independent_shadow_target_cross_release,granular_ball,release_3,random_forest,0.9,1200,600,1,0.0,official UCI static HTRU_2.csv,0.496525,0.49965458378527444,0.013333333333333334,
uci-372,uci-372_labeled_train_validation,uci-372,1,6,1,real_independent_shadow_target_cross_release,matched_kmeans,release_3,logistic,0.9,1200,600,1,0.0,official UCI static HTRU_2.csv,0.5178833333333333,0.5208886965188946,0.016666666666666666,
uci-372,uci-372_labeled_train_validation,uci-372,1,6,1,real_independent_shadow_target_cross_release,matched_kmeans,release_3,random_forest,0.9,1200,600,1,0.0,official UCI static HTRU_2.csv,0.496525,0.49965458378527444,0.013333333333333334,
uci-372,uci-372_labeled_train_validation,uci-372,1,6,2,real_independent_shadow_target_cross_release,granular_ball,release_3,logistic,0.9,1200,600,1,0.0,official UCI static HTRU_2.csv,0.4861305555555556,0.49398624516246475,0.01,
uci-372,uci-372_labeled_train_validation,uci-372,1,6,2,real_independent_shadow_target_cross_release,granular_ball,release_3,random_forest,0.9,1200,600,1,0.0,official UCI static HTRU_2.csv,0.5346166666666666,0.535720132897917,0.016666666666666666,
uci-372,uci-372_labeled_train_validation,uci-372,1,6,2,real_independent_shadow_target_cross_release,matched_kmeans,release_3,logistic,0.9,1200,600,1,0.0,official UCI static HTRU_2.csv,0.4861305555555556,0.49398624516246475,0.01,
uci-372,uci-372_labeled_train_validation,uci-372,1,6,2,real_independent_shadow_target_cross_release,matched_kmeans,release_3,random_forest,0.9,1200,600,1,0.0,official UCI static HTRU_2.csv,0.5346166666666666,0.535720132897917,0.016666666666666666,
uci-372,uci-372_labeled_train_validation,uci-372,1,6,3,real_independent_shadow_target_cross_release,granular_ball,release_3,logistic,0.9,1200,600,1,0.0,official UCI static HTRU_2.csv,0.48936111111111114,0.4922278627933063,0.006666666666666667,
uci-372,uci-372_labeled_train_validation,uci-372,1,6,3,real_independent_shadow_target_cross_release,granular_ball,release_3,random_forest,0.9,1200,600,1,0.0,official UCI static HTRU_2.csv,0.5022833333333334,0.503773560324544,0.011666666666666667,
uci-372,uci-372_labeled_train_validation,uci-372,1,6,3,real_independent_shadow_target_cross_release,matched_kmeans,release_3,logistic,0.9,1200,600,1,0.0,official UCI static HTRU_2.csv,0.48936111111111114,0.4922278627933063,0.006666666666666667,
uci-372,uci-372_labeled_train_validation,uci-372,1,6,3,real_independent_shadow_target_cross_release,matched_kmeans,release_3,random_forest,0.9,1200,600,1,0.0,official UCI static HTRU_2.csv,0.5022833333333334,0.503773560324544,0.011666666666666667,
uci-372,uci-372_labeled_train_validation,uci-372,1,6,4,real_independent_shadow_target_cross_release,granular_ball,release_3,logistic,0.9,1200,600,1,0.0,official UCI static HTRU_2.csv,0.5280722222222223,0.5154529591502985,0.006666666666666667,
uci-372,uci-372_labeled_train_validation,uci-372,1,6,4,real_independent_shadow_target_cross_release,granular_ball,release_3,random_forest,0.9,1200,600,1,0.0,official UCI static HTRU_2.csv,0.5149944444444444,0.5178260723341764,0.023333333333333334,
uci-372,uci-372_labeled_train_validation,uci-372,1,6,4,real_independent_shadow_target_cross_release,matched_kmeans,release_3,logistic,0.9,1200,600,1,0.0,official UCI static HTRU_2.csv,0.5280722222222223,0.5154529591502985,0.006666666666666667,
uci-372,uci-372_labeled_train_validation,uci-372,1,6,4,real_independent_shadow_target_cross_release,matched_kmeans,release_3,random_forest,0.9,1200,600,1,0.0,official UCI static HTRU_2.csv,0.5149944444444444,0.5178260723341764,0.023333333333333334,
uci-372,uci-372_labeled_train_validation,uci-372,1,6,0,real_independent_shadow_target_cross_release,granular_ball,release_1,logistic,0.95,1200,600,2,0.0,official UCI static HTRU_2.csv,0.5275972222222223,0.5316664224746422,0.015,
uci-372,uci-372_labeled_train_validation,uci-372,1,6,0,real_independent_shadow_target_cross_release,granular_ball,release_1,random_forest,0.95,1200,600,2,0.0,official UCI static HTRU_2.csv,0.5304208333333333,0.5253811886734465,0.011666666666666667,
uci-372,uci-372_labeled_train_validation,uci-372,1,6,0,real_independent_shadow_target_cross_release,matched_kmeans,release_1,logistic,0.95,1200,600,2,0.0,official UCI static HTRU_2.csv,0.492488888888889,0.5083136494459155,0.01,
uci-372,uci-372_labeled_train_validation,uci-372,1,6,0,real_independent_shadow_target_cross_release,matched_kmeans,release_1,random_forest,0.95,1200,600,2,0.0,official UCI static HTRU_2.csv,0.5231138888888889,0.5236210856496111,0.01,
uci-372,uci-372_labeled_train_validation,uci-372,1,6,1,real_independent_shadow_target_cross_release,granular_ball,release_1,logistic,0.95,1200,600,2,0.0,official UCI static HTRU_2.csv,0.4813666666666667,0.48928460695995013,0.011666666666666667,
uci-372,uci-372_labeled_train_validation,uci-372,1,6,1,real_independent_shadow_target_cross_release,granular_ball,release_1,random_forest,0.95,1200,600,2,0.0,official UCI static HTRU_2.csv,0.5177847222222223,0.5098650554093065,0.008333333333333333,
uci-372,uci-372_labeled_train_validation,uci-372,1,6,1,real_independent_shadow_target_cross_release,matched_kmeans,release_1,logistic,0.95,1200,600,2,0.0,official UCI static HTRU_2.csv,0.5282138888888888,0.5336357850279378,0.011666666666666667,
uci-372,uci-372_labeled_train_validation,uci-372,1,6,1,real_independent_shadow_target_cross_release,matched_kmeans,release_1,random_forest,0.95,1200,600,2,0.0,official UCI static HTRU_2.csv,0.5161611111111111,0.508877085299073,0.005,
uci-372,uci-372_labeled_train_validation,uci-372,1,6,2,real_independent_shadow_target_cross_release,granular_ball,release_1,logistic,0.95,1200,600,16,0.5,official UCI static HTRU_2.csv,0.45610833333333334,0.4593246444406694,0.0033333333333333335,
uci-372,uci-372_labeled_train_validation,uci-372,1,6,2,real_independent_shadow_target_cross_release,granular_ball,release_1,random_forest,0.95,1200,600,16,0.5,official UCI static HTRU_2.csv,0.5032291666666666,0.5318709447802265,0.035,
uci-372,uci-372_labeled_train_validation,uci-372,1,6,2,real_independent_shadow_target_cross_release,matched_kmeans,release_1,logistic,0.95,1200,600,16,0.0625,official UCI static HTRU_2.csv,0.4781861111111111,0.4934165983558342,0.008333333333333333,
uci-372,uci-372_labeled_train_validation,uci-372,1,6,2,real_independent_shadow_target_cross_release,matched_kmeans,release_1,random_forest,0.95,1200,600,16,0.0625,official UCI static HTRU_2.csv,0.5376194444444444,0.5169402287157493,0.0033333333333333335,
uci-372,uci-372_labeled_train_validation,uci-372,1,6,3,real_independent_shadow_target_cross_release,granular_ball,release_1,logistic,0.95,1200,600,10,0.3,official UCI static HTRU_2.csv,0.48260555555555557,0.4804429348669282,0.0033333333333333335,
uci-372,uci-372_labeled_train_validation,uci-372,1,6,3,real_independent_shadow_target_cross_release,granular_ball,release_1,random_forest,0.95,1200,600,10,0.3,official UCI static HTRU_2.csv,0.53165,0.5394239726605691,0.018333333333333333,
uci-372,uci-372_labeled_train_validation,uci-372,1,6,3,real_independent_shadow_target_cross_release,matched_kmeans,release_1,logistic,0.95,1200,600,10,0.0,official UCI static HTRU_2.csv,0.5023,0.5023469792489083,0.01,
uci-372,uci-372_labeled_train_validation,uci-372,1,6,3,real_independent_shadow_target_cross_release,matched_kmeans,release_1,random_forest,0.95,1200,600,10,0.0,official UCI static HTRU_2.csv,0.5248097222222222,0.5315912841318239,0.023333333333333334,
uci-372,uci-372_labeled_train_validation,uci-372,1,6,4,real_independent_shadow_target_cross_release,granular_ball,release_1,logistic,0.95,1200,600,2,0.0,official UCI static HTRU_2.csv,0.49663611111111117,0.493613072684198,0.006666666666666667,
uci-372,uci-372_labeled_train_validation,uci-372,1,6,4,real_independent_shadow_target_cross_release,granular_ball,release_1,random_forest,0.95,1200,600,2,0.0,official UCI static HTRU_2.csv,0.4836083333333333,0.5003692563614299,0.015,
uci-372,uci-372_labeled_train_validation,uci-372,1,6,4,real_independent_shadow_target_cross_release,matched_kmeans,release_1,logistic,0.95,1200,600,2,0.0,official UCI static HTRU_2.csv,0.5064666666666666,0.5075832413154283,0.006666666666666667,
uci-372,uci-372_labeled_train_validation,uci-372,1,6,4,real_independent_shadow_target_cross_release,matched_kmeans,release_1,random_forest,0.95,1200,600,2,0.0,official UCI static HTRU_2.csv,0.49745555555555554,0.49103748088371224,0.005,
uci-372,uci-372_labeled_train_validation,uci-372,1,6,0,real_independent_shadow_target_cross_release,granular_ball,release_2,logistic,0.95,1200,600,2,0.0,official UCI static HTRU_2.csv,0.548386111111111,0.5368046575234156,0.006666666666666667,
uci-372,uci-372_labeled_train_validation,uci-372,1,6,0,real_independent_shadow_target_cross_release,granular_ball,release_2,random_forest,0.95,1200,600,2,0.0,official UCI static HTRU_2.csv,0.5058972222222222,0.522013385339294,0.028333333333333332,
uci-372,uci-372_labeled_train_validation,uci-372,1,6,0,real_independent_shadow_target_cross_release,matched_kmeans,release_2,logistic,0.95,1200,600,2,0.0,official UCI static HTRU_2.csv,0.49435277777777786,0.4979457065389964,0.008333333333333333,
uci-372,uci-372_labeled_train_validation,uci-372,1,6,0,real_independent_shadow_target_cross_release,matched_kmeans,release_2,random_forest,0.95,1200,600,2,0.0,official UCI static HTRU_2.csv,0.5077013888888888,0.5200413706496781,0.021666666666666667,
uci-372,uci-372_labeled_train_validation,uci-372,1,6,1,real_independent_shadow_target_cross_release,granular_ball,release_2,logistic,0.95,1200,600,2,0.0,official UCI static HTRU_2.csv,0.48502500000000004,0.48323577009053675,0.005,
uci-372,uci-372_labeled_train_validation,uci-372,1,6,1,real_independent_shadow_target_cross_release,granular_ball,release_2,random_forest,0.95,1200,600,2,0.0,official UCI static HTRU_2.csv,0.5344777777777777,0.530510938975474,0.018333333333333333,
uci-372,uci-372_labeled_train_validation,uci-372,1,6,1,real_independent_shadow_target_cross_release,matched_kmeans,release_2,logistic,0.95,1200,600,2,0.0,official UCI static HTRU_2.csv,0.4847638888888889,0.4961727841274937,0.015,
uci-372,uci-372_labeled_train_validation,uci-372,1,6,1,real_independent_shadow_target_cross_release,matched_kmeans,release_2,random_forest,0.95,1200,600,2,0.0,official UCI static HTRU_2.csv,0.508425,0.5170435693362063,0.02,
uci-372,uci-372_labeled_train_validation,uci-372,1,6,2,real_independent_shadow_target_cross_release,granular_ball,release_2,logistic,0.95,1200,600,16,0.5,official UCI static HTRU_2.csv,0.44642777777777776,0.4582616359563673,0.0016666666666666668,
uci-372,uci-372_labeled_train_validation,uci-372,1,6,2,real_independent_shadow_target_cross_release,granular_ball,release_2,random_forest,0.95,1200,600,16,0.5,official UCI static HTRU_2.csv,0.5023916666666666,0.5297092093481137,0.03666666666666667,
uci-372,uci-372_labeled_train_validation,uci-372,1,6,2,real_independent_shadow_target_cross_release,matched_kmeans,release_2,logistic,0.95,1200,600,16,0.0625,official UCI static HTRU_2.csv,0.5020597222222223,0.5099377987128466,0.021666666666666667,
uci-372,uci-372_labeled_train_validation,uci-372,1,6,2,real_independent_shadow_target_cross_release,matched_kmeans,release_2,random_forest,0.95,1200,600,16,0.0625,official UCI static HTRU_2.csv,0.5346388888888889,0.5170742005618144,0.005,
uci-372,uci-372_labeled_train_validation,uci-372,1,6,3,real_independent_shadow_target_cross_release,granular_ball,release_2,logistic,0.95,1200,600,10,0.3,official UCI static HTRU_2.csv,0.47067777777777775,0.4711361231297113,0.005,
uci-372,uci-372_labeled_train_validation,uci-372,1,6,3,real_independent_shadow_target_cross_release,granular_ball,release_2,random_forest,0.95,1200,600,10,0.3,official UCI static HTRU_2.csv,0.5286361111111111,0.5287800221874652,0.008333333333333333,
uci-372,uci-372_labeled_train_validation,uci-372,1,6,3,real_independent_shadow_target_cross_release,matched_kmeans,release_2,logistic,0.95,1200,600,10,0.0,official UCI static HTRU_2.csv,0.5198416666666668,0.5123712812442869,0.016666666666666666,
uci-372,uci-372_labeled_train_validation,uci-372,1,6,3,real_independent_shadow_target_cross_release,matched_kmeans,release_2,random_forest,0.95,1200,600,10,0.0,official UCI static HTRU_2.csv,0.5266916666666667,0.5232682541770084,0.02,
uci-372,uci-372_labeled_train_validation,uci-372,1,6,4,real_independent_shadow_target_cross_release,granular_ball,release_2,logistic,0.95,1200,600,2,0.0,official UCI static HTRU_2.csv,0.4991472222222222,0.5161070633949187,0.015,
uci-372,uci-372_labeled_train_validation,uci-372,1,6,4,real_independent_shadow_target_cross_release,granular_ball,release_2,random_forest,0.95,1200,600,2,0.0,official UCI static HTRU_2.csv,0.5075208333333333,0.5166379160990279,0.023333333333333334,
uci-372,uci-372_labeled_train_validation,uci-372,1,6,4,real_independent_shadow_target_cross_release,matched_kmeans,release_2,logistic,0.95,1200,600,2,0.0,official UCI static HTRU_2.csv,0.5129166666666667,0.5116173859474646,0.006666666666666667,
uci-372,uci-372_labeled_train_validation,uci-372,1,6,4,real_independent_shadow_target_cross_release,matched_kmeans,release_2,random_forest,0.95,1200,600,2,0.0,official UCI static HTRU_2.csv,0.49364444444444444,0.49854993853127316,0.016666666666666666,
uci-372,uci-372_labeled_train_validation,uci-372,1,6,0,real_independent_shadow_target_cross_release,granular_ball,release_3,logistic,0.95,1200,600,2,0.0,official UCI static HTRU_2.csv,0.5400666666666667,0.5264211629749653,0.011666666666666667,
uci-372,uci-372_labeled_train_validation,uci-372,1,6,0,real_independent_shadow_target_cross_release,granular_ball,release_3,random_forest,0.95,1200,600,2,0.0,official UCI static HTRU_2.csv,0.5061361111111111,0.5279054637701748,0.03666666666666667,
uci-372,uci-372_labeled_train_validation,uci-372,1,6,0,real_independent_shadow_target_cross_release,matched_kmeans,release_3,logistic,0.95,1200,600,2,0.0,official UCI static HTRU_2.csv,0.4934472222222222,0.49759520313986216,0.008333333333333333,
uci-372,uci-372_labeled_train_validation,uci-372,1,6,0,real_independent_shadow_target_cross_release,matched_kmeans,release_3,random_forest,0.95,1200,600,2,0.0,official UCI static HTRU_2.csv,0.5172805555555555,0.5274152966808932,0.021666666666666667,
uci-372,uci-372_labeled_train_validation,uci-372,1,6,1,real_independent_shadow_target_cross_release,granular_ball,release_3,logistic,0.95,1200,600,2,0.0,official UCI static HTRU_2.csv,0.48959444444444444,0.5044759351627004,0.015,
uci-372,uci-372_labeled_train_validation,uci-372,1,6,1,real_independent_shadow_target_cross_release,granular_ball,release_3,random_forest,0.95,1200,600,2,0.0,official UCI static HTRU_2.csv,0.5258111111111111,0.5281988083157236,0.016666666666666666,
uci-372,uci-372_labeled_train_validation,uci-372,1,6,1,real_independent_shadow_target_cross_release,matched_kmeans,release_3,logistic,0.95,1200,600,2,0.0,official UCI static HTRU_2.csv,0.4852777777777778,0.49576431144215816,0.015,
uci-372,uci-372_labeled_train_validation,uci-372,1,6,1,real_independent_shadow_target_cross_release,matched_kmeans,release_3,random_forest,0.95,1200,600,2,0.0,official UCI static HTRU_2.csv,0.5064611111111111,0.5196690682542007,0.025,
uci-372,uci-372_labeled_train_validation,uci-372,1,6,2,real_independent_shadow_target_cross_release,granular_ball,release_3,logistic,0.95,1200,600,16,0.5,official UCI static HTRU_2.csv,0.4548583333333333,0.46525278744513776,0.0016666666666666668,
uci-372,uci-372_labeled_train_validation,uci-372,1,6,2,real_independent_shadow_target_cross_release,granular_ball,release_3,random_forest,0.95,1200,600,16,0.5,official UCI static HTRU_2.csv,0.49860694444444453,0.5305713704888044,0.04,
uci-372,uci-372_labeled_train_validation,uci-372,1,6,2,real_independent_shadow_target_cross_release,matched_kmeans,release_3,logistic,0.95,1200,600,16,0.0625,official UCI static HTRU_2.csv,0.4991319444444444,0.5097899118527843,0.015,
uci-372,uci-372_labeled_train_validation,uci-372,1,6,2,real_independent_shadow_target_cross_release,matched_kmeans,release_3,random_forest,0.95,1200,600,16,0.0625,official UCI static HTRU_2.csv,0.5394666666666666,0.5289453080512468,0.01,
uci-372,uci-372_labeled_train_validation,uci-372,1,6,3,real_independent_shadow_target_cross_release,granular_ball,release_3,logistic,0.95,1200,600,10,0.3,official UCI static HTRU_2.csv,0.47301111111111116,0.4761607026848816,0.005,
uci-372,uci-372_labeled_train_validation,uci-372,1,6,3,real_independent_shadow_target_cross_release,granular_ball,release_3,random_forest,0.95,1200,600,10,0.3,official UCI static HTRU_2.csv,0.5122027777777778,0.5190155997614,0.015,
uci-372,uci-372_labeled_train_validation,uci-372,1,6,3,real_independent_shadow_target_cross_release,matched_kmeans,release_3,logistic,0.95,1200,600,10,0.0,official UCI static HTRU_2.csv,0.5196361111111111,0.5111421028315518,0.015,
uci-372,uci-372_labeled_train_validation,uci-372,1,6,3,real_independent_shadow_target_cross_release,matched_kmeans,release_3,random_forest,0.95,1200,600,10,0.0,official UCI static HTRU_2.csv,0.5286944444444445,0.5276651594459549,0.02,
uci-372,uci-372_labeled_train_validation,uci-372,1,6,4,real_independent_shadow_target_cross_release,granular_ball,release_3,logistic,0.95,1200,600,2,0.0,official UCI static HTRU_2.csv,0.503913888888889,0.504385794016947,0.01,
uci-372,uci-372_labeled_train_validation,uci-372,1,6,4,real_independent_shadow_target_cross_release,granular_ball,release_3,random_forest,0.95,1200,600,2,0.0,official UCI static HTRU_2.csv,0.5192277777777777,0.5192487739763012,0.018333333333333333,
uci-372,uci-372_labeled_train_validation,uci-372,1,6,4,real_independent_shadow_target_cross_release,matched_kmeans,release_3,logistic,0.95,1200,600,2,0.0,official UCI static HTRU_2.csv,0.5134277777777778,0.512268191598602,0.006666666666666667,
uci-372,uci-372_labeled_train_validation,uci-372,1,6,4,real_independent_shadow_target_cross_release,matched_kmeans,release_3,random_forest,0.95,1200,600,2,0.0,official UCI static HTRU_2.csv,0.4985305555555556,0.5060591883777579,0.013333333333333334,
uci-372,uci-372_labeled_train_validation,uci-372,1,6,0,real_independent_shadow_target_cross_release,granular_ball,release_1,logistic,0.99,1200,600,53,0.4528301886792453,official UCI static HTRU_2.csv,0.5291111111111111,0.5285361607689316,0.006666666666666667,
uci-372,uci-372_labeled_train_validation,uci-372,1,6,0,real_independent_shadow_target_cross_release,granular_ball,release_1,random_forest,0.99,1200,600,53,0.4528301886792453,official UCI static HTRU_2.csv,0.5136791666666667,0.5303406348924914,0.04,
uci-372,uci-372_labeled_train_validation,uci-372,1,6,0,real_independent_shadow_target_cross_release,matched_kmeans,release_1,logistic,0.99,1200,600,53,0.22641509433962265,official UCI static HTRU_2.csv,0.654125,0.6462932906769923,0.058333333333333334,
uci-372,uci-372_labeled_train_validation,uci-372,1,6,0,real_independent_shadow_target_cross_release,matched_kmeans,release_1,random_forest,0.99,1200,600,53,0.22641509433962265,official UCI static HTRU_2.csv,0.6202875000000001,0.612249513796363,0.041666666666666664,
uci-372,uci-372_labeled_train_validation,uci-372,1,6,1,real_independent_shadow_target_cross_release,granular_ball,release_1,logistic,0.99,1200,600,49,0.5102040816326531,official UCI static HTRU_2.csv,0.5647888888888888,0.5707512881504155,0.018333333333333333,
uci-372,uci-372_labeled_train_validation,uci-372,1,6,1,real_independent_shadow_target_cross_release,granular_ball,release_1,random_forest,0.99,1200,600,49,0.5102040816326531,official UCI static HTRU_2.csv,0.5305944444444444,0.5566634379536801,0.04833333333333333,
uci-372,uci-372_labeled_train_validation,uci-372,1,6,1,real_independent_shadow_target_cross_release,matched_kmeans,release_1,logistic,0.99,1200,600,49,0.1836734693877551,official UCI static HTRU_2.csv,0.6047472222222222,0.598896044581041,0.041666666666666664,
uci-372,uci-372_labeled_train_validation,uci-372,1,6,1,real_independent_shadow_target_cross_release,matched_kmeans,release_1,random_forest,0.99,1200,600,49,0.1836734693877551,official UCI static HTRU_2.csv,0.5995583333333333,0.5924266097630151,0.028333333333333332,
uci-372,uci-372_labeled_train_validation,uci-372,1,6,2,real_independent_shadow_target_cross_release,granular_ball,release_1,logistic,0.99,1200,600,70,0.5285714285714286,official UCI static HTRU_2.csv,0.5692805555555556,0.5708296873074898,0.013333333333333334,
uci-372,uci-372_labeled_train_validation,uci-372,1,6,2,real_independent_shadow_target_cross_release,granular_ball,release_1,random_forest,0.99,1200,600,70,0.5285714285714286,official UCI static HTRU_2.csv,0.5701166666666666,0.6119890901676002,0.08666666666666667,
uci-372,uci-372_labeled_train_validation,uci-372,1,6,2,real_independent_shadow_target_cross_release,matched_kmeans,release_1,logistic,0.99,1200,600,70,0.2571428571428571,official UCI static HTRU_2.csv,0.6827333333333333,0.6682746648488056,0.065,
uci-372,uci-372_labeled_train_validation,uci-372,1,6,2,real_independent_shadow_target_cross_release,matched_kmeans,release_1,random_forest,0.99,1200,600,70,0.2571428571428571,official UCI static HTRU_2.csv,0.6306180555555555,0.6162674179359533,0.04,
uci-372,uci-372_labeled_train_validation,uci-372,1,6,3,real_independent_shadow_target_cross_release,granular_ball,release_1,logistic,0.99,1200,600,60,0.5666666666666667,official UCI static HTRU_2.csv,0.5645888888888889,0.5781299440945962,0.02666666666666667,
uci-372,uci-372_labeled_train_validation,uci-372,1,6,3,real_independent_shadow_target_cross_release,granular_ball,release_1,random_forest,0.99,1200,600,60,0.5666666666666667,official UCI static HTRU_2.csv,0.5576708333333333,0.5807735645860979,0.051666666666666666,
uci-372,uci-372_labeled_train_validation,uci-372,1,6,3,real_independent_shadow_target_cross_release,matched_kmeans,release_1,logistic,0.99,1200,600,60,0.2,official UCI static HTRU_2.csv,0.6363888888888889,0.6327514415913555,0.04666666666666667,
uci-372,uci-372_labeled_train_validation,uci-372,1,6,3,real_independent_shadow_target_cross_release,matched_kmeans,release_1,random_forest,0.99,1200,600,60,0.2,official UCI static HTRU_2.csv,0.58365,0.5703979691631358,0.03666666666666667,
uci-372,uci-372_labeled_train_validation,uci-372,1,6,4,real_independent_shadow_target_cross_release,granular_ball,release_1,logistic,0.99,1200,600,38,0.6052631578947368,official UCI static HTRU_2.csv,0.5376611111111111,0.5357021640826769,0.015,
uci-372,uci-372_labeled_train_validation,uci-372,1,6,4,real_independent_shadow_target_cross_release,granular_ball,release_1,random_forest,0.99,1200,600,38,0.6052631578947368,official UCI static HTRU_2.csv,0.552238888888889,0.5674729972008433,0.04,
uci-372,uci-372_labeled_train_validation,uci-372,1,6,4,real_independent_shadow_target_cross_release,matched_kmeans,release_1,logistic,0.99,1200,600,38,0.02631578947368421,official UCI static HTRU_2.csv,0.6112861111111111,0.5999779550279152,0.03333333333333333,
uci-372,uci-372_labeled_train_validation,uci-372,1,6,4,real_independent_shadow_target_cross_release,matched_kmeans,release_1,random_forest,0.99,1200,600,38,0.02631578947368421,official UCI static HTRU_2.csv,0.5778666666666666,0.5763654996805702,0.03666666666666667,
uci-372,uci-372_labeled_train_validation,uci-372,1,6,0,real_independent_shadow_target_cross_release,granular_ball,release_2,logistic,0.99,1200,600,53,0.4528301886792453,official UCI static HTRU_2.csv,0.5449833333333334,0.5394203937328307,0.011666666666666667,
uci-372,uci-372_labeled_train_validation,uci-372,1,6,0,real_independent_shadow_target_cross_release,granular_ball,release_2,random_forest,0.99,1200,600,53,0.4528301886792453,official UCI static HTRU_2.csv,0.5602916666666666,0.5898838358206263,0.07166666666666667,
uci-372,uci-372_labeled_train_validation,uci-372,1,6,0,real_independent_shadow_target_cross_release,matched_kmeans,release_2,logistic,0.99,1200,600,53,0.22641509433962265,official UCI static HTRU_2.csv,0.6683361111111112,0.6589229374248887,0.07,
uci-372,uci-372_labeled_train_validation,uci-372,1,6,0,real_independent_shadow_target_cross_release,matched_kmeans,release_2,random_forest,0.99,1200,600,53,0.22641509433962265,official UCI static HTRU_2.csv,0.6520777777777778,0.6343947923616455,0.028333333333333332,
uci-372,uci-372_labeled_train_validation,uci-372,1,6,1,real_independent_shadow_target_cross_release,granular_ball,release_2,logistic,0.99,1200,600,49,0.5102040816326531,official UCI static HTRU_2.csv,0.5900027777777778,0.5920682256046119,0.016666666666666666,
uci-372,uci-372_labeled_train_validation,uci-372,1,6,1,real_independent_shadow_target_cross_release,granular_ball,release_2,random_forest,0.99,1200,600,49,0.5102040816326531,official UCI static HTRU_2.csv,0.5588847222222222,0.5994059042865658,0.085,
uci-372,uci-372_labeled_train_validation,uci-372,1,6,1,real_independent_shadow_target_cross_release,matched_kmeans,release_2,logistic,0.99,1200,600,49,0.1836734693877551,official UCI static HTRU_2.csv,0.6103500000000001,0.6023956115260299,0.035,
uci-372,uci-372_labeled_train_validation,uci-372,1,6,1,real_independent_shadow_target_cross_release,matched_kmeans,release_2,random_forest,0.99,1200,600,49,0.1836734693877551,official UCI static HTRU_2.csv,0.6126763888888889,0.6000420390296699,0.03833333333333333,
uci-372,uci-372_labeled_train_validation,uci-372,1,6,2,real_independent_shadow_target_cross_release,granular_ball,release_2,logistic,0.99,1200,600,70,0.5285714285714286,official UCI static HTRU_2.csv,0.5935361111111112,0.594045196330653,0.013333333333333334,
uci-372,uci-372_labeled_train_validation,uci-372,1,6,2,real_independent_shadow_target_cross_release,granular_ball,release_2,random_forest,0.99,1200,600,70,0.5285714285714286,official UCI static HTRU_2.csv,0.6184583333333333,0.6480983613871926,0.12166666666666667,
uci-372,uci-372_labeled_train_validation,uci-372,1,6,2,real_independent_shadow_target_cross_release,matched_kmeans,release_2,logistic,0.99,1200,600,70,0.2571428571428571,official UCI static HTRU_2.csv,0.697763888888889,0.6815481140401191,0.07166666666666667,
uci-372,uci-372_labeled_train_validation,uci-372,1,6,2,real_independent_shadow_target_cross_release,matched_kmeans,release_2,random_forest,0.99,1200,600,70,0.2571428571428571,official UCI static HTRU_2.csv,0.6789791666666667,0.6694072450668858,0.058333333333333334,
uci-372,uci-372_labeled_train_validation,uci-372,1,6,3,real_independent_shadow_target_cross_release,granular_ball,release_2,logistic,0.99,1200,600,60,0.5666666666666667,official UCI static HTRU_2.csv,0.6011666666666666,0.6077235311229351,0.02666666666666667,
uci-372,uci-372_labeled_train_validation,uci-372,1,6,3,real_independent_shadow_target_cross_release,granular_ball,release_2,random_forest,0.99,1200,600,60,0.5666666666666667,official UCI static HTRU_2.csv,0.5910027777777779,0.6176100799887754,0.095,
uci-372,uci-372_labeled_train_validation,uci-372,1,6,3,real_independent_shadow_target_cross_release,matched_kmeans,release_2,logistic,0.99,1200,600,60,0.2,official UCI static HTRU_2.csv,0.6420638888888889,0.6347160966531853,0.03833333333333333,
uci-372,uci-372_labeled_train_validation,uci-372,1,6,3,real_independent_shadow_target_cross_release,matched_kmeans,release_2,random_forest,0.99,1200,600,60,0.2,official UCI static HTRU_2.csv,0.5982583333333333,0.5975354138504287,0.05,
uci-372,uci-372_labeled_train_validation,uci-372,1,6,4,real_independent_shadow_target_cross_release,granular_ball,release_2,logistic,0.99,1200,600,38,0.6052631578947368,official UCI static HTRU_2.csv,0.5611027777777778,0.5573638226370088,0.023333333333333334,
uci-372,uci-372_labeled_train_validation,uci-372,1,6,4,real_independent_shadow_target_cross_release,granular_ball,release_2,random_forest,0.99,1200,600,38,0.6052631578947368,official UCI static HTRU_2.csv,0.5419944444444444,0.5733936376834944,0.06,
uci-372,uci-372_labeled_train_validation,uci-372,1,6,4,real_independent_shadow_target_cross_release,matched_kmeans,release_2,logistic,0.99,1200,600,38,0.02631578947368421,official UCI static HTRU_2.csv,0.6175777777777778,0.6068781937622791,0.03833333333333333,
uci-372,uci-372_labeled_train_validation,uci-372,1,6,4,real_independent_shadow_target_cross_release,matched_kmeans,release_2,random_forest,0.99,1200,600,38,0.02631578947368421,official UCI static HTRU_2.csv,0.5731763888888889,0.5662565830513383,0.035,
uci-372,uci-372_labeled_train_validation,uci-372,1,6,0,real_independent_shadow_target_cross_release,granular_ball,release_3,logistic,0.99,1200,600,53,0.4528301886792453,official UCI static HTRU_2.csv,0.5441583333333333,0.5376642105314869,0.013333333333333334,
uci-372,uci-372_labeled_train_validation,uci-372,1,6,0,real_independent_shadow_target_cross_release,granular_ball,release_3,random_forest,0.99,1200,600,53,0.4528301886792453,official UCI static HTRU_2.csv,0.5720555555555555,0.5993691660694609,0.06333333333333334,
uci-372,uci-372_labeled_train_validation,uci-372,1,6,0,real_independent_shadow_target_cross_release,matched_kmeans,release_3,logistic,0.99,1200,600,53,0.22641509433962265,official UCI static HTRU_2.csv,0.6694194444444443,0.6604881644339625,0.058333333333333334,
uci-372,uci-372_labeled_train_validation,uci-372,1,6,0,real_independent_shadow_target_cross_release,matched_kmeans,release_3,random_forest,0.99,1200,600,53,0.22641509433962265,official UCI static HTRU_2.csv,0.6667694444444444,0.6515545427637155,0.06333333333333334,
uci-372,uci-372_labeled_train_validation,uci-372,1,6,1,real_independent_shadow_target_cross_release,granular_ball,release_3,logistic,0.99,1200,600,49,0.5102040816326531,official UCI static HTRU_2.csv,0.5910833333333334,0.592744931223081,0.016666666666666666,
uci-372,uci-372_labeled_train_validation,uci-372,1,6,1,real_independent_shadow_target_cross_release,granular_ball,release_3,random_forest,0.99,1200,600,49,0.5102040816326531,official UCI static HTRU_2.csv,0.5809388888888889,0.6130007315685178,0.08666666666666667,
uci-372,uci-372_labeled_train_validation,uci-372,1,6,1,real_independent_shadow_target_cross_release,matched_kmeans,release_3,logistic,0.99,1200,600,49,0.1836734693877551,official UCI static HTRU_2.csv,0.6112777777777778,0.6012597704799784,0.035,
uci-372,uci-372_labeled_train_validation,uci-372,1,6,1,real_independent_shadow_target_cross_release,matched_kmeans,release_3,random_forest,0.99,1200,600,49,0.1836734693877551,official UCI static HTRU_2.csv,0.611875,0.6122588804713787,0.06333333333333334,
uci-372,uci-372_labeled_train_validation,uci-372,1,6,2,real_independent_shadow_target_cross_release,granular_ball,release_3,logistic,0.99,1200,600,70,0.5285714285714286,official UCI static HTRU_2.csv,0.5929222222222221,0.5914626390730164,0.013333333333333334,
uci-372,uci-372_labeled_train_validation,uci-372,1,6,2,real_independent_shadow_target_cross_release,granular_ball,release_3,random_forest,0.99,1200,600,70,0.5285714285714286,official UCI static HTRU_2.csv,0.6324555555555555,0.6631989561139771,0.11833333333333333,
uci-372,uci-372_labeled_train_validation,uci-372,1,6,2,real_independent_shadow_target_cross_release,matched_kmeans,release_3,logistic,0.99,1200,600,70,0.2571428571428571,official UCI static HTRU_2.csv,0.6963916666666666,0.6782996888157845,0.07333333333333333,
uci-372,uci-372_labeled_train_validation,uci-372,1,6,2,real_independent_shadow_target_cross_release,matched_kmeans,release_3,random_forest,0.99,1200,600,70,0.2571428571428571,official UCI static HTRU_2.csv,0.6871444444444443,0.6759629495925888,0.09,
uci-372,uci-372_labeled_train_validation,uci-372,1,6,3,real_independent_shadow_target_cross_release,granular_ball,release_3,logistic,0.99,1200,600,60,0.5666666666666667,official UCI static HTRU_2.csv,0.6028916666666666,0.6087393203807228,0.021666666666666667,
uci-372,uci-372_labeled_train_validation,uci-372,1,6,3,real_independent_shadow_target_cross_release,granular_ball,release_3,random_forest,0.99,1200,600,60,0.5666666666666667,official UCI static HTRU_2.csv,0.5956611111111111,0.6358581203548088,0.10666666666666667,
uci-372,uci-372_labeled_train_validation,uci-372,1,6,3,real_independent_shadow_target_cross_release,matched_kmeans,release_3,logistic,0.99,1200,600,60,0.2,official UCI static HTRU_2.csv,0.642075,0.6357482920289088,0.041666666666666664,
uci-372,uci-372_labeled_train_validation,uci-372,1,6,3,real_independent_shadow_target_cross_release,matched_kmeans,release_3,random_forest,0.99,1200,600,60,0.2,official UCI static HTRU_2.csv,0.6195333333333333,0.6179178030044565,0.06,
uci-372,uci-372_labeled_train_validation,uci-372,1,6,4,real_independent_shadow_target_cross_release,granular_ball,release_3,logistic,0.99,1200,600,38,0.6052631578947368,official UCI static HTRU_2.csv,0.5600166666666666,0.554756108346067,0.023333333333333334,
uci-372,uci-372_labeled_train_validation,uci-372,1,6,4,real_independent_shadow_target_cross_release,granular_ball,release_3,random_forest,0.99,1200,600,38,0.6052631578947368,official UCI static HTRU_2.csv,0.5636722222222224,0.5886015848876555,0.06833333333333333,
uci-372,uci-372_labeled_train_validation,uci-372,1,6,4,real_independent_shadow_target_cross_release,matched_kmeans,release_3,logistic,0.99,1200,600,38,0.02631578947368421,official UCI static HTRU_2.csv,0.6175972222222222,0.6073425566284092,0.041666666666666664,
uci-372,uci-372_labeled_train_validation,uci-372,1,6,4,real_independent_shadow_target_cross_release,matched_kmeans,release_3,random_forest,0.99,1200,600,38,0.02631578947368421,official UCI static HTRU_2.csv,0.5723527777777778,0.5675044041182133,0.03333333333333333,
uci-372,uci-372_labeled_train_validation,uci-372,7,6,0,real_independent_shadow_target_cross_release,granular_ball,release_1,logistic,0.9,1200,600,1,0.0,official UCI static HTRU_2.csv,0.5001888888888889,0.5066777366912869,0.013333333333333334,
uci-372,uci-372_labeled_train_validation,uci-372,7,6,0,real_independent_shadow_target_cross_release,granular_ball,release_1,random_forest,0.9,1200,600,1,0.0,official UCI static HTRU_2.csv,0.4729,0.4919400512632261,0.008333333333333333,
uci-372,uci-372_labeled_train_validation,uci-372,7,6,0,real_independent_shadow_target_cross_release,matched_kmeans,release_1,logistic,0.9,1200,600,1,0.0,official UCI static HTRU_2.csv,0.5001888888888889,0.5066777366912869,0.013333333333333334,
uci-372,uci-372_labeled_train_validation,uci-372,7,6,0,real_independent_shadow_target_cross_release,matched_kmeans,release_1,random_forest,0.9,1200,600,1,0.0,official UCI static HTRU_2.csv,0.4729,0.4919400512632261,0.008333333333333333,
uci-372,uci-372_labeled_train_validation,uci-372,7,6,1,real_independent_shadow_target_cross_release,granular_ball,release_1,logistic,0.9,1200,600,1,0.0,official UCI static HTRU_2.csv,0.5184,0.520127801208244,0.018333333333333333,
uci-372,uci-372_labeled_train_validation,uci-372,7,6,1,real_independent_shadow_target_cross_release,granular_ball,release_1,random_forest,0.9,1200,600,1,0.0,official UCI static HTRU_2.csv,0.4938458333333333,0.49692215703682824,0.016666666666666666,
uci-372,uci-372_labeled_train_validation,uci-372,7,6,1,real_independent_shadow_target_cross_release,matched_kmeans,release_1,logistic,0.9,1200,600,1,0.0,official UCI static HTRU_2.csv,0.5184,0.520127801208244,0.018333333333333333,
uci-372,uci-372_labeled_train_validation,uci-372,7,6,1,real_independent_shadow_target_cross_release,matched_kmeans,release_1,random_forest,0.9,1200,600,1,0.0,official UCI static HTRU_2.csv,0.4938458333333333,0.49692215703682824,0.016666666666666666,
uci-372,uci-372_labeled_train_validation,uci-372,7,6,2,real_independent_shadow_target_cross_release,granular_ball,release_1,logistic,0.9,1200,600,1,0.0,official UCI static HTRU_2.csv,0.5123777777777778,0.5136100848583625,0.008333333333333333,
uci-372,uci-372_labeled_train_validation,uci-372,7,6,2,real_independent_shadow_target_cross_release,granular_ball,release_1,random_forest,0.9,1200,600,1,0.0,official UCI static HTRU_2.csv,0.5061861111111111,0.5002682204942489,0.015,
uci-372,uci-372_labeled_train_validation,uci-372,7,6,2,real_independent_shadow_target_cross_release,matched_kmeans,release_1,logistic,0.9,1200,600,1,0.0,official UCI static HTRU_2.csv,0.5123777777777778,0.5136100848583625,0.008333333333333333,
uci-372,uci-372_labeled_train_validation,uci-372,7,6,2,real_independent_shadow_target_cross_release,matched_kmeans,release_1,random_forest,0.9,1200,600,1,0.0,official UCI static HTRU_2.csv,0.5061861111111111,0.5002682204942489,0.015,
uci-372,uci-372_labeled_train_validation,uci-372,7,6,3,real_independent_shadow_target_cross_release,granular_ball,release_1,logistic,0.9,1200,600,1,0.0,official UCI static HTRU_2.csv,0.49895555555555554,0.5149396628610914,0.018333333333333333,
uci-372,uci-372_labeled_train_validation,uci-372,7,6,3,real_independent_shadow_target_cross_release,granular_ball,release_1,random_forest,0.9,1200,600,1,0.0,official UCI static HTRU_2.csv,0.4932777777777778,0.49446157955958914,0.006666666666666667,
uci-372,uci-372_labeled_train_validation,uci-372,7,6,3,real_independent_shadow_target_cross_release,matched_kmeans,release_1,logistic,0.9,1200,600,1,0.0,official UCI static HTRU_2.csv,0.49895555555555554,0.5149396628610914,0.018333333333333333,
uci-372,uci-372_labeled_train_validation,uci-372,7,6,3,real_independent_shadow_target_cross_release,matched_kmeans,release_1,random_forest,0.9,1200,600,1,0.0,official UCI static HTRU_2.csv,0.4932777777777778,0.49446157955958914,0.006666666666666667,
uci-372,uci-372_labeled_train_validation,uci-372,7,6,4,real_independent_shadow_target_cross_release,granular_ball,release_1,logistic,0.9,1200,600,1,0.0,official UCI static HTRU_2.csv,0.4774083333333333,0.49290349154716034,0.013333333333333334,
uci-372,uci-372_labeled_train_validation,uci-372,7,6,4,real_independent_shadow_target_cross_release,granular_ball,release_1,random_forest,0.9,1200,600,1,0.0,official UCI static HTRU_2.csv,0.4933736111111111,0.5020626144102083,0.013333333333333334,
uci-372,uci-372_labeled_train_validation,uci-372,7,6,4,real_independent_shadow_target_cross_release,matched_kmeans,release_1,logistic,0.9,1200,600,1,0.0,official UCI static HTRU_2.csv,0.4774083333333333,0.49290349154716034,0.013333333333333334,
uci-372,uci-372_labeled_train_validation,uci-372,7,6,4,real_independent_shadow_target_cross_release,matched_kmeans,release_1,random_forest,0.9,1200,600,1,0.0,official UCI static HTRU_2.csv,0.4933736111111111,0.5020626144102083,0.013333333333333334,
uci-372,uci-372_labeled_train_validation,uci-372,7,6,0,real_independent_shadow_target_cross_release,granular_ball,release_2,logistic,0.9,1200,600,1,0.0,official UCI static HTRU_2.csv,0.4952,0.5003414513917133,0.008333333333333333,
uci-372,uci-372_labeled_train_validation,uci-372,7,6,0,real_independent_shadow_target_cross_release,granular_ball,release_2,random_forest,0.9,1200,600,1,0.0,official UCI static HTRU_2.csv,0.4790722222222222,0.47848018200424086,0.0033333333333333335,
uci-372,uci-372_labeled_train_validation,uci-372,7,6,0,real_independent_shadow_target_cross_release,matched_kmeans,release_2,logistic,0.9,1200,600,1,0.0,official UCI static HTRU_2.csv,0.4952,0.5003414513917133,0.008333333333333333,
uci-372,uci-372_labeled_train_validation,uci-372,7,6,0,real_independent_shadow_target_cross_release,matched_kmeans,release_2,random_forest,0.9,1200,600,1,0.0,official UCI static HTRU_2.csv,0.4790722222222222,0.47848018200424086,0.0033333333333333335,
uci-372,uci-372_labeled_train_validation,uci-372,7,6,1,real_independent_shadow_target_cross_release,granular_ball,release_2,logistic,0.9,1200,600,1,0.0,official UCI static HTRU_2.csv,0.4903277777777778,0.5004208082071828,0.02,
uci-372,uci-372_labeled_train_validation,uci-372,7,6,1,real_independent_shadow_target_cross_release,granular_ball,release_2,random_forest,0.9,1200,600,1,0.0,official UCI static HTRU_2.csv,0.47058194444444446,0.4648032792078085,0.0,
uci-372,uci-372_labeled_train_validation,uci-372,7,6,1,real_independent_shadow_target_cross_release,matched_kmeans,release_2,logistic,0.9,1200,600,1,0.0,official UCI static HTRU_2.csv,0.4903277777777778,0.5004208082071828,0.02,
uci-372,uci-372_labeled_train_validation,uci-372,7,6,1,real_independent_shadow_target_cross_release,matched_kmeans,release_2,random_forest,0.9,1200,600,1,0.0,official UCI static HTRU_2.csv,0.47058194444444446,0.4648032792078085,0.0,
uci-372,uci-372_labeled_train_validation,uci-372,7,6,2,real_independent_shadow_target_cross_release,granular_ball,release_2,logistic,0.9,1200,600,1,0.0,official UCI static HTRU_2.csv,0.4761444444444445,0.48254085206826147,0.008333333333333333,
uci-372,uci-372_labeled_train_validation,uci-372,7,6,2,real_independent_shadow_target_cross_release,granular_ball,release_2,random_forest,0.9,1200,600,1,0.0,official UCI static HTRU_2.csv,0.5237444444444443,0.5125474055413881,0.015,
uci-372,uci-372_labeled_train_validation,uci-372,7,6,2,real_independent_shadow_target_cross_release,matched_kmeans,release_2,logistic,0.9,1200,600,1,0.0,official UCI static HTRU_2.csv,0.4761444444444445,0.48254085206826147,0.008333333333333333,
uci-372,uci-372_labeled_train_validation,uci-372,7,6,2,real_independent_shadow_target_cross_release,matched_kmeans,release_2,random_forest,0.9,1200,600,1,0.0,official UCI static HTRU_2.csv,0.5237444444444443,0.5125474055413881,0.015,
uci-372,uci-372_labeled_train_validation,uci-372,7,6,3,real_independent_shadow_target_cross_release,granular_ball,release_2,logistic,0.9,1200,600,1,0.0,official UCI static HTRU_2.csv,0.5169944444444444,0.5228179363716647,0.02,
uci-372,uci-372_labeled_train_validation,uci-372,7,6,3,real_independent_shadow_target_cross_release,granular_ball,release_2,random_forest,0.9,1200,600,1,0.0,official UCI static HTRU_2.csv,0.4917986111111111,0.48923057275255527,0.006666666666666667,
uci-372,uci-372_labeled_train_validation,uci-372,7,6,3,real_independent_shadow_target_cross_release,matched_kmeans,release_2,logistic,0.9,1200,600,1,0.0,official UCI static HTRU_2.csv,0.5169944444444444,0.5228179363716647,0.02,
uci-372,uci-372_labeled_train_validation,uci-372,7,6,3,real_independent_shadow_target_cross_release,matched_kmeans,release_2,random_forest,0.9,1200,600,1,0.0,official UCI static HTRU_2.csv,0.4917986111111111,0.48923057275255527,0.006666666666666667,
uci-372,uci-372_labeled_train_validation,uci-372,7,6,4,real_independent_shadow_target_cross_release,granular_ball,release_2,logistic,0.9,1200,600,1,0.0,official UCI static HTRU_2.csv,0.5115333333333334,0.516725093231329,0.01,
uci-372,uci-372_labeled_train_validation,uci-372,7,6,4,real_independent_shadow_target_cross_release,granular_ball,release_2,random_forest,0.9,1200,600,1,0.0,official UCI static HTRU_2.csv,0.5326763888888889,0.5355378182722572,0.015,
uci-372,uci-372_labeled_train_validation,uci-372,7,6,4,real_independent_shadow_target_cross_release,matched_kmeans,release_2,logistic,0.9,1200,600,1,0.0,official UCI static HTRU_2.csv,0.5115333333333334,0.516725093231329,0.01,
uci-372,uci-372_labeled_train_validation,uci-372,7,6,4,real_independent_shadow_target_cross_release,matched_kmeans,release_2,random_forest,0.9,1200,600,1,0.0,official UCI static HTRU_2.csv,0.5326763888888889,0.5355378182722572,0.015,
uci-372,uci-372_labeled_train_validation,uci-372,7,6,0,real_independent_shadow_target_cross_release,granular_ball,release_3,logistic,0.9,1200,600,1,0.0,official UCI static HTRU_2.csv,0.4952,0.5003414513917133,0.008333333333333333,
uci-372,uci-372_labeled_train_validation,uci-372,7,6,0,real_independent_shadow_target_cross_release,granular_ball,release_3,random_forest,0.9,1200,600,1,0.0,official UCI static HTRU_2.csv,0.4781388888888889,0.4791454814163156,0.006666666666666667,
uci-372,uci-372_labeled_train_validation,uci-372,7,6,0,real_independent_shadow_target_cross_release,matched_kmeans,release_3,logistic,0.9,1200,600,1,0.0,official UCI static HTRU_2.csv,0.4952,0.5003414513917133,0.008333333333333333,
uci-372,uci-372_labeled_train_validation,uci-372,7,6,0,real_independent_shadow_target_cross_release,matched_kmeans,release_3,random_forest,0.9,1200,600,1,0.0,official UCI static HTRU_2.csv,0.4781388888888889,0.4791454814163156,0.006666666666666667,
uci-372,uci-372_labeled_train_validation,uci-372,7,6,1,real_independent_shadow_target_cross_release,granular_ball,release_3,logistic,0.9,1200,600,1,0.0,official UCI static HTRU_2.csv,0.4903277777777778,0.5004208082071828,0.02,
uci-372,uci-372_labeled_train_validation,uci-372,7,6,1,real_independent_shadow_target_cross_release,granular_ball,release_3,random_forest,0.9,1200,600,1,0.0,official UCI static HTRU_2.csv,0.4722875000000001,0.46590161072660363,0.0016666666666666668,
uci-372,uci-372_labeled_train_validation,uci-372,7,6,1,real_independent_shadow_target_cross_release,matched_kmeans,release_3,logistic,0.9,1200,600,1,0.0,official UCI static HTRU_2.csv,0.4903277777777778,0.5004208082071828,0.02,
uci-372,uci-372_labeled_train_validation,uci-372,7,6,1,real_independent_shadow_target_cross_release,matched_kmeans,release_3,random_forest,0.9,1200,600,1,0.0,official UCI static HTRU_2.csv,0.4722875000000001,0.46590161072660363,0.0016666666666666668,
uci-372,uci-372_labeled_train_validation,uci-372,7,6,2,real_independent_shadow_target_cross_release,granular_ball,release_3,logistic,0.9,1200,600,1,0.0,official UCI static HTRU_2.csv,0.4761444444444445,0.48254085206826147,0.008333333333333333,
uci-372,uci-372_labeled_train_validation,uci-372,7,6,2,real_independent_shadow_target_cross_release,granular_ball,release_3,random_forest,0.9,1200,600,1,0.0,official UCI static HTRU_2.csv,0.5219944444444444,0.5116323569963193,0.018333333333333333,
uci-372,uci-372_labeled_train_validation,uci-372,7,6,2,real_independent_shadow_target_cross_release,matched_kmeans,release_3,logistic,0.9,1200,600,1,0.0,official UCI static HTRU_2.csv,0.4761444444444445,0.48254085206826147,0.008333333333333333,
uci-372,uci-372_labeled_train_validation,uci-372,7,6,2,real_independent_shadow_target_cross_release,matched_kmeans,release_3,random_forest,0.9,1200,600,1,0.0,official UCI static HTRU_2.csv,0.5219944444444444,0.5116323569963193,0.018333333333333333,
uci-372,uci-372_labeled_train_validation,uci-372,7,6,3,real_independent_shadow_target_cross_release,granular_ball,release_3,logistic,0.9,1200,600,1,0.0,official UCI static HTRU_2.csv,0.5169944444444444,0.5228179363716647,0.02,
uci-372,uci-372_labeled_train_validation,uci-372,7,6,3,real_independent_shadow_target_cross_release,granular_ball,release_3,random_forest,0.9,1200,600,1,0.0,official UCI static HTRU_2.csv,0.4893194444444444,0.4871029520026986,0.005,
uci-372,uci-372_labeled_train_validation,uci-372,7,6,3,real_independent_shadow_target_cross_release,matched_kmeans,release_3,logistic,0.9,1200,600,1,0.0,official UCI static HTRU_2.csv,0.5169944444444444,0.5228179363716647,0.02,
uci-372,uci-372_labeled_train_validation,uci-372,7,6,3,real_independent_shadow_target_cross_release,matched_kmeans,release_3,random_forest,0.9,1200,600,1,0.0,official UCI static HTRU_2.csv,0.4893194444444444,0.4871029520026986,0.005,
uci-372,uci-372_labeled_train_validation,uci-372,7,6,4,real_independent_shadow_target_cross_release,granular_ball,release_3,logistic,0.9,1200,600,1,0.0,official UCI static HTRU_2.csv,0.5115333333333334,0.516725093231329,0.01,
uci-372,uci-372_labeled_train_validation,uci-372,7,6,4,real_independent_shadow_target_cross_release,granular_ball,release_3,random_forest,0.9,1200,600,1,0.0,official UCI static HTRU_2.csv,0.5313611111111112,0.533434815120811,0.02,
uci-372,uci-372_labeled_train_validation,uci-372,7,6,4,real_independent_shadow_target_cross_release,matched_kmeans,release_3,logistic,0.9,1200,600,1,0.0,official UCI static HTRU_2.csv,0.5115333333333334,0.516725093231329,0.01,
uci-372,uci-372_labeled_train_validation,uci-372,7,6,4,real_independent_shadow_target_cross_release,matched_kmeans,release_3,random_forest,0.9,1200,600,1,0.0,official UCI static HTRU_2.csv,0.5313611111111112,0.533434815120811,0.02,
uci-372,uci-372_labeled_train_validation,uci-372,7,6,0,real_independent_shadow_target_cross_release,granular_ball,release_1,logistic,0.95,1200,600,6,0.5,official UCI static HTRU_2.csv,0.5056111111111111,0.5191483942894675,0.02,
uci-372,uci-372_labeled_train_validation,uci-372,7,6,0,real_independent_shadow_target_cross_release,granular_ball,release_1,random_forest,0.95,1200,600,6,0.5,official UCI static HTRU_2.csv,0.5126611111111111,0.5191049028243966,0.03,
uci-372,uci-372_labeled_train_validation,uci-372,7,6,0,real_independent_shadow_target_cross_release,matched_kmeans,release_1,logistic,0.95,1200,600,6,0.0,official UCI static HTRU_2.csv,0.49383055555555555,0.507918208403308,0.021666666666666667,
uci-372,uci-372_labeled_train_validation,uci-372,7,6,0,real_independent_shadow_target_cross_release,matched_kmeans,release_1,random_forest,0.95,1200,600,6,0.0,official UCI static HTRU_2.csv,0.4979166666666667,0.4986010887553879,0.008333333333333333,
uci-372,uci-372_labeled_train_validation,uci-372,7,6,1,real_independent_shadow_target_cross_release,granular_ball,release_1,logistic,0.95,1200,600,10,0.5,official UCI static HTRU_2.csv,0.5221277777777777,0.5311269517266162,0.021666666666666667,
uci-372,uci-372_labeled_train_validation,uci-372,7,6,1,real_independent_shadow_target_cross_release,granular_ball,release_1,random_forest,0.95,1200,600,10,0.5,official UCI static HTRU_2.csv,0.521623611111111,0.5376754946381715,0.03166666666666667,
uci-372,uci-372_labeled_train_validation,uci-372,7,6,1,real_independent_shadow_target_cross_release,matched_kmeans,release_1,logistic,0.95,1200,600,10,0.0,official UCI static HTRU_2.csv,0.5425305555555555,0.5347370792503137,0.01,
uci-372,uci-372_labeled_train_validation,uci-372,7,6,1,real_independent_shadow_target_cross_release,matched_kmeans,release_1,random_forest,0.95,1200,600,10,0.0,official UCI static HTRU_2.csv,0.5196222222222222,0.5130300011957637,0.015,
uci-372,uci-372_labeled_train_validation,uci-372,7,6,2,real_independent_shadow_target_cross_release,granular_ball,release_1,logistic,0.95,1200,600,14,0.6428571428571429,official UCI static HTRU_2.csv,0.5090527777777778,0.5182279084907015,0.021666666666666667,
uci-372,uci-372_labeled_train_validation,uci-372,7,6,2,real_independent_shadow_target_cross_release,granular_ball,release_1,random_forest,0.95,1200,600,14,0.6428571428571429,official UCI static HTRU_2.csv,0.5340708333333333,0.5329930257462361,0.018333333333333333,
uci-372,uci-372_labeled_train_validation,uci-372,7,6,2,real_independent_shadow_target_cross_release,matched_kmeans,release_1,logistic,0.95,1200,600,14,0.0,official UCI static HTRU_2.csv,0.5213361111111111,0.5251597732060933,0.008333333333333333,
uci-372,uci-372_labeled_train_validation,uci-372,7,6,2,real_independent_shadow_target_cross_release,matched_kmeans,release_1,random_forest,0.95,1200,600,14,0.0,official UCI static HTRU_2.csv,0.5301694444444445,0.5167110568762926,0.006666666666666667,
uci-372,uci-372_labeled_train_validation,uci-372,7,6,3,real_independent_shadow_target_cross_release,granular_ball,release_1,logistic,0.95,1200,600,11,0.6363636363636364,official UCI static HTRU_2.csv,0.4972305555555555,0.5114550266818565,0.018333333333333333,
uci-372,uci-372_labeled_train_validation,uci-372,7,6,3,real_independent_shadow_target_cross_release,granular_ball,release_1,random_forest,0.95,1200,600,11,0.6363636363636364,official UCI static HTRU_2.csv,0.53,0.5107750368552202,0.011666666666666667,
uci-372,uci-372_labeled_train_validation,uci-372,7,6,3,real_independent_shadow_target_cross_release,matched_kmeans,release_1,logistic,0.95,1200,600,11,0.0,official UCI static HTRU_2.csv,0.5222194444444445,0.5127713009754755,0.006666666666666667,
uci-372,uci-372_labeled_train_validation,uci-372,7,6,3,real_independent_shadow_target_cross_release,matched_kmeans,release_1,random_forest,0.95,1200,600,11,0.0,official UCI static HTRU_2.csv,0.5196638888888888,0.5144968051648242,0.006666666666666667,
uci-372,uci-372_labeled_train_validation,uci-372,7,6,4,real_independent_shadow_target_cross_release,granular_ball,release_1,logistic,0.95,1200,600,10,0.5,official UCI static HTRU_2.csv,0.4797777777777778,0.5021142023552116,0.018333333333333333,
uci-372,uci-372_labeled_train_validation,uci-372,7,6,4,real_independent_shadow_target_cross_release,granular_ball,release_1,random_forest,0.95,1200,600,10,0.5,official UCI static HTRU_2.csv,0.49301527777777776,0.4992004017515539,0.011666666666666667,
uci-372,uci-372_labeled_train_validation,uci-372,7,6,4,real_independent_shadow_target_cross_release,matched_kmeans,release_1,logistic,0.95,1200,600,10,0.1,official UCI static HTRU_2.csv,0.5506694444444444,0.539989544272406,0.015,
uci-372,uci-372_labeled_train_validation,uci-372,7,6,4,real_independent_shadow_target_cross_release,matched_kmeans,release_1,random_forest,0.95,1200,600,10,0.1,official UCI static HTRU_2.csv,0.4950194444444444,0.5020690278360167,0.016666666666666666,
uci-372,uci-372_labeled_train_validation,uci-372,7,6,0,real_independent_shadow_target_cross_release,granular_ball,release_2,logistic,0.95,1200,600,6,0.5,official UCI static HTRU_2.csv,0.4958722222222222,0.5053655662336838,0.013333333333333334,
uci-372,uci-372_labeled_train_validation,uci-372,7,6,0,real_independent_shadow_target_cross_release,granular_ball,release_2,random_forest,0.95,1200,600,6,0.5,official UCI static HTRU_2.csv,0.512861111111111,0.5200319053993736,0.02,
uci-372,uci-372_labeled_train_validation,uci-372,7,6,0,real_independent_shadow_target_cross_release,matched_kmeans,release_2,logistic,0.95,1200,600,6,0.0,official UCI static HTRU_2.csv,0.4936555555555555,0.5072771615182866,0.02,
uci-372,uci-372_labeled_train_validation,uci-372,7,6,0,real_independent_shadow_target_cross_release,matched_kmeans,release_2,random_forest,0.95,1200,600,6,0.0,official UCI static HTRU_2.csv,0.48488611111111113,0.4867191086649976,0.008333333333333333,
uci-372,uci-372_labeled_train_validation,uci-372,7,6,1,real_independent_shadow_target_cross_release,granular_ball,release_2,logistic,0.95,1200,600,10,0.5,official UCI static HTRU_2.csv,0.49397222222222226,0.501120351527151,0.006666666666666667,
uci-372,uci-372_labeled_train_validation,uci-372,7,6,1,real_independent_shadow_target_cross_release,granular_ball,release_2,random_forest,0.95,1200,600,10,0.5,official UCI static HTRU_2.csv,0.5272861111111111,0.54152670725784,0.03333333333333333,
uci-372,uci-372_labeled_train_validation,uci-372,7,6,1,real_independent_shadow_target_cross_release,matched_kmeans,release_2,logistic,0.95,1200,600,10,0.0,official UCI static HTRU_2.csv,0.5436138888888888,0.5346258687463342,0.01,
uci-372,uci-372_labeled_train_validation,uci-372,7,6,1,real_independent_shadow_target_cross_release,matched_kmeans,release_2,random_forest,0.95,1200,600,10,0.0,official UCI static HTRU_2.csv,0.5129194444444444,0.5202575932730169,0.011666666666666667,
uci-372,uci-372_labeled_train_validation,uci-372,7,6,2,real_independent_shadow_target_cross_release,granular_ball,release_2,logistic,0.95,1200,600,14,0.6428571428571429,official UCI static HTRU_2.csv,0.49887777777777775,0.5098079970671097,0.02,
uci-372,uci-372_labeled_train_validation,uci-372,7,6,2,real_independent_shadow_target_cross_release,granular_ball,release_2,random_forest,0.95,1200,600,14,0.6428571428571429,official UCI static HTRU_2.csv,0.5246097222222221,0.5343677219680307,0.028333333333333332,
uci-372,uci-372_labeled_train_validation,uci-372,7,6,2,real_independent_shadow_target_cross_release,matched_kmeans,release_2,logistic,0.95,1200,600,14,0.0,official UCI static HTRU_2.csv,0.5248611111111112,0.5245221793782155,0.011666666666666667,
uci-372,uci-372_labeled_train_validation,uci-372,7,6,2,real_independent_shadow_target_cross_release,matched_kmeans,release_2,random_forest,0.95,1200,600,14,0.0,official UCI static HTRU_2.csv,0.506461111111111,0.4988322340524613,0.0033333333333333335,
uci-372,uci-372_labeled_train_validation,uci-372,7,6,3,real_independent_shadow_target_cross_release,granular_ball,release_2,logistic,0.95,1200,600,11,0.6363636363636364,official UCI static HTRU_2.csv,0.5032555555555556,0.5107185480599588,0.016666666666666666,
uci-372,uci-372_labeled_train_validation,uci-372,7,6,3,real_independent_shadow_target_cross_release,granular_ball,release_2,random_forest,0.95,1200,600,11,0.6363636363636364,official UCI static HTRU_2.csv,0.5108166666666667,0.5214562339555967,0.023333333333333334,
uci-372,uci-372_labeled_train_validation,uci-372,7,6,3,real_independent_shadow_target_cross_release,matched_kmeans,release_2,logistic,0.95,1200,600,11,0.0,official UCI static HTRU_2.csv,0.5226638888888888,0.5130051133796723,0.011666666666666667,
uci-372,uci-372_labeled_train_validation,uci-372,7,6,3,real_independent_shadow_target_cross_release,matched_kmeans,release_2,random_forest,0.95,1200,600,11,0.0,official UCI static HTRU_2.csv,0.5383777777777778,0.5292804997238603,0.021666666666666667,
uci-372,uci-372_labeled_train_validation,uci-372,7,6,4,real_independent_shadow_target_cross_release,granular_ball,release_2,logistic,0.95,1200,600,10,0.5,official UCI static HTRU_2.csv,0.4850333333333333,0.5036804995952302,0.018333333333333333,
uci-372,uci-372_labeled_train_validation,uci-372,7,6,4,real_independent_shadow_target_cross_release,granular_ball,release_2,random_forest,0.95,1200,600,10,0.5,official UCI static HTRU_2.csv,0.5143805555555556,0.5408163270742916,0.028333333333333332,
uci-372,uci-372_labeled_train_validation,uci-372,7,6,4,real_independent_shadow_target_cross_release,matched_kmeans,release_2,logistic,0.95,1200,600,10,0.1,official UCI static HTRU_2.csv,0.5442027777777778,0.5360544111746026,0.011666666666666667,
uci-372,uci-372_labeled_train_validation,uci-372,7,6,4,real_independent_shadow_target_cross_release,matched_kmeans,release_2,random_forest,0.95,1200,600,10,0.1,official UCI static HTRU_2.csv,0.5289805555555556,0.5258817362243392,0.0033333333333333335,
uci-372,uci-372_labeled_train_validation,uci-372,7,6,0,real_independent_shadow_target_cross_release,granular_ball,release_3,logistic,0.95,1200,600,6,0.5,official UCI static HTRU_2.csv,0.4975166666666667,0.510865534898129,0.02,
uci-372,uci-372_labeled_train_validation,uci-372,7,6,0,real_independent_shadow_target_cross_release,granular_ball,release_3,random_forest,0.95,1200,600,6,0.5,official UCI static HTRU_2.csv,0.5168486111111111,0.5207291122462663,0.02,
uci-372,uci-372_labeled_train_validation,uci-372,7,6,0,real_independent_shadow_target_cross_release,matched_kmeans,release_3,logistic,0.95,1200,600,6,0.0,official UCI static HTRU_2.csv,0.4916277777777778,0.5089807605037389,0.018333333333333333,
uci-372,uci-372_labeled_train_validation,uci-372,7,6,0,real_independent_shadow_target_cross_release,matched_kmeans,release_3,random_forest,0.95,1200,600,6,0.0,official UCI static HTRU_2.csv,0.4982388888888889,0.4984622012006755,0.008333333333333333,
uci-372,uci-372_labeled_train_validation,uci-372,7,6,1,real_independent_shadow_target_cross_release,granular_ball,release_3,logistic,0.95,1200,600,10,0.5,official UCI static HTRU_2.csv,0.4904638888888889,0.4947998999916904,0.006666666666666667,
uci-372,uci-372_labeled_train_validation,uci-372,7,6,1,real_independent_shadow_target_cross_release,granular_ball,release_3,random_forest,0.95,1200,600,10,0.5,official UCI static HTRU_2.csv,0.5305944444444444,0.5479093840619254,0.045,
uci-372,uci-372_labeled_train_validation,uci-372,7,6,1,real_independent_shadow_target_cross_release,matched_kmeans,release_3,logistic,0.95,1200,600,10,0.0,official UCI static HTRU_2.csv,0.5415527777777778,0.5325434180322701,0.011666666666666667,
uci-372,uci-372_labeled_train_validation,uci-372,7,6,1,real_independent_shadow_target_cross_release,matched_kmeans,release_3,random_forest,0.95,1200,600,10,0.0,official UCI static HTRU_2.csv,0.5197472222222222,0.5187479089211113,0.013333333333333334,
uci-372,uci-372_labeled_train_validation,uci-372,7,6,2,real_independent_shadow_target_cross_release,granular_ball,release_3,logistic,0.95,1200,600,14,0.6428571428571429,official UCI static HTRU_2.csv,0.4973138888888889,0.5085201205950378,0.021666666666666667,
uci-372,uci-372_labeled_train_validation,uci-372,7,6,2,real_independent_shadow_target_cross_release,granular_ball,release_3,random_forest,0.95,1200,600,14,0.6428571428571429,official UCI static HTRU_2.csv,0.5354263888888888,0.5492969039271864,0.035,
uci-372,uci-372_labeled_train_validation,uci-372,7,6,2,real_independent_shadow_target_cross_release,matched_kmeans,release_3,logistic,0.95,1200,600,14,0.0,official UCI static HTRU_2.csv,0.5250111111111111,0.5211364496803474,0.006666666666666667,
uci-372,uci-372_labeled_train_validation,uci-372,7,6,2,real_independent_shadow_target_cross_release,matched_kmeans,release_3,random_forest,0.95,1200,600,14,0.0,official UCI static HTRU_2.csv,0.520825,0.5159666894625683,0.006666666666666667,
uci-372,uci-372_labeled_train_validation,uci-372,7,6,3,real_independent_shadow_target_cross_release,granular_ball,release_3,logistic,0.95,1200,600,11,0.6363636363636364,official UCI static HTRU_2.csv,0.5015638888888889,0.507027477631655,0.016666666666666666,
uci-372,uci-372_labeled_train_validation,uci-372,7,6,3,real_independent_shadow_target_cross_release,granular_ball,release_3,random_forest,0.95,1200,600,11,0.6363636363636364,official UCI static HTRU_2.csv,0.5088111111111111,0.5226085915901348,0.03166666666666667,
uci-372,uci-372_labeled_train_validation,uci-372,7,6,3,real_independent_shadow_target_cross_release,matched_kmeans,release_3,logistic,0.95,1200,600,11,0.0,official UCI static HTRU_2.csv,0.5201055555555555,0.5100659600573993,0.006666666666666667,
uci-372,uci-372_labeled_train_validation,uci-372,7,6,3,real_independent_shadow_target_cross_release,matched_kmeans,release_3,random_forest,0.95,1200,600,11,0.0,official UCI static HTRU_2.csv,0.5344055555555556,0.5288937840399632,0.021666666666666667,
uci-372,uci-372_labeled_train_validation,uci-372,7,6,4,real_independent_shadow_target_cross_release,granular_ball,release_3,logistic,0.95,1200,600,10,0.5,official UCI static HTRU_2.csv,0.48591388888888887,0.5017782174779085,0.011666666666666667,
uci-372,uci-372_labeled_train_validation,uci-372,7,6,4,real_independent_shadow_target_cross_release,granular_ball,release_3,random_forest,0.95,1200,600,10,0.5,official UCI static HTRU_2.csv,0.5175027777777778,0.536247871067335,0.03833333333333333,
uci-372,uci-372_labeled_train_validation,uci-372,7,6,4,real_independent_shadow_target_cross_release,matched_kmeans,release_3,logistic,0.95,1200,600,10,0.1,official UCI static HTRU_2.csv,0.5350666666666667,0.5272806172615833,0.005,
uci-372,uci-372_labeled_train_validation,uci-372,7,6,4,real_independent_shadow_target_cross_release,matched_kmeans,release_3,random_forest,0.95,1200,600,10,0.1,official UCI static HTRU_2.csv,0.5240583333333333,0.51419631732467,0.013333333333333334,
uci-372,uci-372_labeled_train_validation,uci-372,7,6,0,real_independent_shadow_target_cross_release,granular_ball,release_1,logistic,0.99,1200,600,48,0.5416666666666666,official UCI static HTRU_2.csv,0.5473361111111111,0.5686751989030256,0.035,
uci-372,uci-372_labeled_train_validation,uci-372,7,6,0,real_independent_shadow_target_cross_release,granular_ball,release_1,random_forest,0.99,1200,600,48,0.5416666666666666,official UCI static HTRU_2.csv,0.5431916666666667,0.5585534730428527,0.041666666666666664,
uci-372,uci-372_labeled_train_validation,uci-372,7,6,0,real_independent_shadow_target_cross_release,matched_kmeans,release_1,logistic,0.99,1200,600,48,0.16666666666666666,official UCI static HTRU_2.csv,0.6050694444444444,0.6039064445334106,0.05,
uci-372,uci-372_labeled_train_validation,uci-372,7,6,0,real_independent_shadow_target_cross_release,matched_kmeans,release_1,random_forest,0.99,1200,600,48,0.16666666666666666,official UCI static HTRU_2.csv,0.591488888888889,0.577737569834882,0.03666666666666667,
uci-372,uci-372_labeled_train_validation,uci-372,7,6,1,real_independent_shadow_target_cross_release,granular_ball,release_1,logistic,0.99,1200,600,46,0.4782608695652174,official UCI static HTRU_2.csv,0.5600777777777778,0.5598123168545808,0.018333333333333333,
uci-372,uci-372_labeled_train_validation,uci-372,7,6,1,real_independent_shadow_target_cross_release,granular_ball,release_1,random_forest,0.99,1200,600,46,0.4782608695652174,official UCI static HTRU_2.csv,0.5431861111111111,0.5523430446804254,0.03166666666666667,
uci-372,uci-372_labeled_train_validation,uci-372,7,6,1,real_independent_shadow_target_cross_release,matched_kmeans,release_1,logistic,0.99,1200,600,46,0.15217391304347827,official UCI static HTRU_2.csv,0.6169583333333333,0.616070755166149,0.03333333333333333,
uci-372,uci-372_labeled_train_validation,uci-372,7,6,1,real_independent_shadow_target_cross_release,matched_kmeans,release_1,random_forest,0.99,1200,600,46,0.15217391304347827,official UCI static HTRU_2.csv,0.5921638888888889,0.5879659605241803,0.043333333333333335,
uci-372,uci-372_labeled_train_validation,uci-372,7,6,2,real_independent_shadow_target_cross_release,granular_ball,release_1,logistic,0.99,1200,600,40,0.475,official UCI static HTRU_2.csv,0.5138416666666668,0.5241980916223927,0.028333333333333332,
uci-372,uci-372_labeled_train_validation,uci-372,7,6,2,real_independent_shadow_target_cross_release,granular_ball,release_1,random_forest,0.99,1200,600,40,0.475,official UCI static HTRU_2.csv,0.5147027777777777,0.5404055561229935,0.03333333333333333,
uci-372,uci-372_labeled_train_validation,uci-372,7,6,2,real_independent_shadow_target_cross_release,matched_kmeans,release_1,logistic,0.99,1200,600,40,0.1,official UCI static HTRU_2.csv,0.6044555555555555,0.5853118600938692,0.023333333333333334,
uci-372,uci-372_labeled_train_validation,uci-372,7,6,2,real_independent_shadow_target_cross_release,matched_kmeans,release_1,random_forest,0.99,1200,600,40,0.1,official UCI static HTRU_2.csv,0.5798916666666667,0.562729137843681,0.03166666666666667,
uci-372,uci-372_labeled_train_validation,uci-372,7,6,3,real_independent_shadow_target_cross_release,granular_ball,release_1,logistic,0.99,1200,600,57,0.40350877192982454,official UCI static HTRU_2.csv,0.5570472222222221,0.5689364413029221,0.03333333333333333,
uci-372,uci-372_labeled_train_validation,uci-372,7,6,3,real_independent_shadow_target_cross_release,granular_ball,release_1,random_forest,0.99,1200,600,57,0.40350877192982454,official UCI static HTRU_2.csv,0.5494083333333333,0.5616634135592103,0.035,
uci-372,uci-372_labeled_train_validation,uci-372,7,6,3,real_independent_shadow_target_cross_release,matched_kmeans,release_1,logistic,0.99,1200,600,57,0.19298245614035087,official UCI static HTRU_2.csv,0.6353222222222222,0.6357981167792736,0.056666666666666664,
uci-372,uci-372_labeled_train_validation,uci-372,7,6,3,real_independent_shadow_target_cross_release,matched_kmeans,release_1,random_forest,0.99,1200,600,57,0.19298245614035087,official UCI static HTRU_2.csv,0.5943361111111111,0.5866772348673539,0.035,
uci-372,uci-372_labeled_train_validation,uci-372,7,6,4,real_independent_shadow_target_cross_release,granular_ball,release_1,logistic,0.99,1200,600,25,0.44,official UCI static HTRU_2.csv,0.5160722222222223,0.5072830233832688,0.01,
uci-372,uci-372_labeled_train_validation,uci-372,7,6,4,real_independent_shadow_target_cross_release,granular_ball,release_1,random_forest,0.99,1200,600,25,0.44,official UCI static HTRU_2.csv,0.5151625,0.5258013402566244,0.02,
uci-372,uci-372_labeled_train_validation,uci-372,7,6,4,real_independent_shadow_target_cross_release,matched_kmeans,release_1,logistic,0.99,1200,600,25,0.0,official UCI static HTRU_2.csv,0.6001,0.5896985507086623,0.04,
uci-372,uci-372_labeled_train_validation,uci-372,7,6,4,real_independent_shadow_target_cross_release,matched_kmeans,release_1,random_forest,0.99,1200,600,25,0.0,official UCI static HTRU_2.csv,0.587325,0.5682850092055995,0.025,
uci-372,uci-372_labeled_train_validation,uci-372,7,6,0,real_independent_shadow_target_cross_release,granular_ball,release_2,logistic,0.99,1200,600,48,0.5416666666666666,official UCI static HTRU_2.csv,0.5515833333333333,0.5800242215941143,0.051666666666666666,
uci-372,uci-372_labeled_train_validation,uci-372,7,6,0,real_independent_shadow_target_cross_release,granular_ball,release_2,random_forest,0.99,1200,600,48,0.5416666666666666,official UCI static HTRU_2.csv,0.56115,0.5977129279795114,0.07666666666666666,
uci-372,uci-372_labeled_train_validation,uci-372,7,6,0,real_independent_shadow_target_cross_release,matched_kmeans,release_2,logistic,0.99,1200,600,48,0.16666666666666666,official UCI static HTRU_2.csv,0.6103388888888889,0.6043696379490522,0.03833333333333333,
uci-372,uci-372_labeled_train_validation,uci-372,7,6,0,real_independent_shadow_target_cross_release,matched_kmeans,release_2,random_forest,0.99,1200,600,48,0.16666666666666666,official UCI static HTRU_2.csv,0.6060861111111111,0.6021992504726889,0.043333333333333335,
uci-372,uci-372_labeled_train_validation,uci-372,7,6,1,real_independent_shadow_target_cross_release,granular_ball,release_2,logistic,0.99,1200,600,46,0.4782608695652174,official UCI static HTRU_2.csv,0.5634527777777778,0.5697697409659406,0.035,
uci-372,uci-372_labeled_train_validation,uci-372,7,6,1,real_independent_shadow_target_cross_release,granular_ball,release_2,random_forest,0.99,1200,600,46,0.4782608695652174,official UCI static HTRU_2.csv,0.5692625,0.5904693026511383,0.058333333333333334,
uci-372,uci-372_labeled_train_validation,uci-372,7,6,1,real_independent_shadow_target_cross_release,matched_kmeans,release_2,logistic,0.99,1200,600,46,0.15217391304347827,official UCI static HTRU_2.csv,0.6198277777777778,0.6137755684063371,0.03666666666666667,
uci-372,uci-372_labeled_train_validation,uci-372,7,6,1,real_independent_shadow_target_cross_release,matched_kmeans,release_2,random_forest,0.99,1200,600,46,0.15217391304347827,official UCI static HTRU_2.csv,0.6034611111111112,0.5985330424233486,0.03833333333333333,
uci-372,uci-372_labeled_train_validation,uci-372,7,6,2,real_independent_shadow_target_cross_release,granular_ball,release_2,logistic,0.99,1200,600,40,0.475,official UCI static HTRU_2.csv,0.5324,0.549302888621537,0.025,
uci-372,uci-372_labeled_train_validation,uci-372,7,6,2,real_independent_shadow_target_cross_release,granular_ball,release_2,random_forest,0.99,1200,600,40,0.475,official UCI static HTRU_2.csv,0.5447944444444444,0.5753754683481758,0.07333333333333333,
uci-372,uci-372_labeled_train_validation,uci-372,7,6,2,real_independent_shadow_target_cross_release,matched_kmeans,release_2,logistic,0.99,1200,600,40,0.1,official UCI static HTRU_2.csv,0.6082472222222222,0.5899695250558818,0.041666666666666664,
uci-372,uci-372_labeled_train_validation,uci-372,7,6,2,real_independent_shadow_target_cross_release,matched_kmeans,release_2,random_forest,0.99,1200,600,40,0.1,official UCI static HTRU_2.csv,0.5913694444444444,0.5679687240603846,0.023333333333333334,
uci-372,uci-372_labeled_train_validation,uci-372,7,6,3,real_independent_shadow_target_cross_release,granular_ball,release_2,logistic,0.99,1200,600,57,0.40350877192982454,official UCI static HTRU_2.csv,0.5688777777777777,0.5861862708814831,0.055,
uci-372,uci-372_labeled_train_validation,uci-372,7,6,3,real_independent_shadow_target_cross_release,granular_ball,release_2,random_forest,0.99,1200,600,57,0.40350877192982454,official UCI static HTRU_2.csv,0.5757388888888889,0.6139804913219282,0.09333333333333334,
uci-372,uci-372_labeled_train_validation,uci-372,7,6,3,real_independent_shadow_target_cross_release,matched_kmeans,release_2,logistic,0.99,1200,600,57,0.19298245614035087,official UCI static HTRU_2.csv,0.643586111111111,0.6391649489917584,0.04833333333333333,
uci-372,uci-372_labeled_train_validation,uci-372,7,6,3,real_independent_shadow_target_cross_release,matched_kmeans,release_2,random_forest,0.99,1200,600,57,0.19298245614035087,official UCI static HTRU_2.csv,0.6074527777777777,0.5992577934384888,0.035,
uci-372,uci-372_labeled_train_validation,uci-372,7,6,4,real_independent_shadow_target_cross_release,granular_ball,release_2,logistic,0.99,1200,600,25,0.44,official UCI static HTRU_2.csv,0.51545,0.5065040816065837,0.011666666666666667,
uci-372,uci-372_labeled_train_validation,uci-372,7,6,4,real_independent_shadow_target_cross_release,granular_ball,release_2,random_forest,0.99,1200,600,25,0.44,official UCI static HTRU_2.csv,0.5403888888888888,0.5442375335106238,0.04,
uci-372,uci-372_labeled_train_validation,uci-372,7,6,4,real_independent_shadow_target_cross_release,matched_kmeans,release_2,logistic,0.99,1200,600,25,0.0,official UCI static HTRU_2.csv,0.6057444444444444,0.5969613272686689,0.04,
uci-372,uci-372_labeled_train_validation,uci-372,7,6,4,real_independent_shadow_target_cross_release,matched_kmeans,release_2,random_forest,0.99,1200,600,25,0.0,official UCI static HTRU_2.csv,0.5773625,0.5473720734657251,0.011666666666666667,
uci-372,uci-372_labeled_train_validation,uci-372,7,6,0,real_independent_shadow_target_cross_release,granular_ball,release_3,logistic,0.99,1200,600,48,0.5416666666666666,official UCI static HTRU_2.csv,0.5459055555555555,0.5783482702084386,0.06,
uci-372,uci-372_labeled_train_validation,uci-372,7,6,0,real_independent_shadow_target_cross_release,granular_ball,release_3,random_forest,0.99,1200,600,48,0.5416666666666666,official UCI static HTRU_2.csv,0.581875,0.6186473087578224,0.08166666666666667,
uci-372,uci-372_labeled_train_validation,uci-372,7,6,0,real_independent_shadow_target_cross_release,matched_kmeans,release_3,logistic,0.99,1200,600,48,0.16666666666666666,official UCI static HTRU_2.csv,0.6119111111111111,0.6048714784583202,0.03666666666666667,
uci-372,uci-372_labeled_train_validation,uci-372,7,6,0,real_independent_shadow_target_cross_release,matched_kmeans,release_3,random_forest,0.99,1200,600,48,0.16666666666666666,official UCI static HTRU_2.csv,0.6155916666666666,0.6128712888907357,0.06333333333333334,
uci-372,uci-372_labeled_train_validation,uci-372,7,6,1,real_independent_shadow_target_cross_release,granular_ball,release_3,logistic,0.99,1200,600,46,0.4782608695652174,official UCI static HTRU_2.csv,0.5624333333333333,0.5708275330596431,0.028333333333333332,
uci-372,uci-372_labeled_train_validation,uci-372,7,6,1,real_independent_shadow_target_cross_release,granular_ball,release_3,random_forest,0.99,1200,600,46,0.4782608695652174,official UCI static HTRU_2.csv,0.5744,0.6009274752333841,0.065,
uci-372,uci-372_labeled_train_validation,uci-372,7,6,1,real_independent_shadow_target_cross_release,matched_kmeans,release_3,logistic,0.99,1200,600,46,0.15217391304347827,official UCI static HTRU_2.csv,0.6217,0.6147148421998718,0.03166666666666667,
uci-372,uci-372_labeled_train_validation,uci-372,7,6,1,real_independent_shadow_target_cross_release,matched_kmeans,release_3,random_forest,0.99,1200,600,46,0.15217391304347827,official UCI static HTRU_2.csv,0.6027666666666667,0.5980948748557037,0.03666666666666667,
uci-372,uci-372_labeled_train_validation,uci-372,7,6,2,real_independent_shadow_target_cross_release,granular_ball,release_3,logistic,0.99,1200,600,40,0.475,official UCI static HTRU_2.csv,0.5288,0.5495756178433606,0.03,
uci-372,uci-372_labeled_train_validation,uci-372,7,6,2,real_independent_shadow_target_cross_release,granular_ball,release_3,random_forest,0.99,1200,600,40,0.475,official UCI static HTRU_2.csv,0.5555111111111111,0.5868926250971278,0.06833333333333333,
uci-372,uci-372_labeled_train_validation,uci-372,7,6,2,real_independent_shadow_target_cross_release,matched_kmeans,release_3,logistic,0.99,1200,600,40,0.1,official UCI static HTRU_2.csv,0.6113500000000001,0.5908712029390378,0.03666666666666667,
uci-372,uci-372_labeled_train_validation,uci-372,7,6,2,real_independent_shadow_target_cross_release,matched_kmeans,release_3,random_forest,0.99,1200,600,40,0.1,official UCI static HTRU_2.csv,0.6020333333333333,0.5833884839835434,0.028333333333333332,
uci-372,uci-372_labeled_train_validation,uci-372,7,6,3,real_independent_shadow_target_cross_release,granular_ball,release_3,logistic,0.99,1200,600,57,0.40350877192982454,official UCI static HTRU_2.csv,0.55585,0.5811146083205003,0.07,
uci-372,uci-372_labeled_train_validation,uci-372,7,6,3,real_independent_shadow_target_cross_release,granular_ball,release_3,random_forest,0.99,1200,600,57,0.40350877192982454,official UCI static HTRU_2.csv,0.5849916666666666,0.6199321061030658,0.09,
uci-372,uci-372_labeled_train_validation,uci-372,7,6,3,real_independent_shadow_target_cross_release,matched_kmeans,release_3,logistic,0.99,1200,600,57,0.19298245614035087,official UCI static HTRU_2.csv,0.6412222222222222,0.6383879219645876,0.043333333333333335,
uci-372,uci-372_labeled_train_validation,uci-372,7,6,3,real_independent_shadow_target_cross_release,matched_kmeans,release_3,random_forest,0.99,1200,600,57,0.19298245614035087,official UCI static HTRU_2.csv,0.6324138888888889,0.6235971348444199,0.045,
uci-372,uci-372_labeled_train_validation,uci-372,7,6,4,real_independent_shadow_target_cross_release,granular_ball,release_3,logistic,0.99,1200,600,25,0.44,official UCI static HTRU_2.csv,0.5136694444444444,0.5123455315213983,0.011666666666666667,
uci-372,uci-372_labeled_train_validation,uci-372,7,6,4,real_independent_shadow_target_cross_release,granular_ball,release_3,random_forest,0.99,1200,600,25,0.44,official UCI static HTRU_2.csv,0.542088888888889,0.5518047502096488,0.04,
uci-372,uci-372_labeled_train_validation,uci-372,7,6,4,real_independent_shadow_target_cross_release,matched_kmeans,release_3,logistic,0.99,1200,600,25,0.0,official UCI static HTRU_2.csv,0.6022611111111111,0.5947401635344108,0.035,
uci-372,uci-372_labeled_train_validation,uci-372,7,6,4,real_independent_shadow_target_cross_release,matched_kmeans,release_3,random_forest,0.99,1200,600,25,0.0,official UCI static HTRU_2.csv,0.6126638888888889,0.5820073384607443,0.016666666666666666,
uci-372,uci-372_labeled_train_validation,uci-372,21,6,0,real_independent_shadow_target_cross_release,granular_ball,release_1,logistic,0.9,1200,600,1,0.0,official UCI static HTRU_2.csv,0.47842777777777773,0.4881437137361551,0.016666666666666666,
uci-372,uci-372_labeled_train_validation,uci-372,21,6,0,real_independent_shadow_target_cross_release,granular_ball,release_1,random_forest,0.9,1200,600,1,0.0,official UCI static HTRU_2.csv,0.4959902777777778,0.5013286136089569,0.018333333333333333,
uci-372,uci-372_labeled_train_validation,uci-372,21,6,0,real_independent_shadow_target_cross_release,matched_kmeans,release_1,logistic,0.9,1200,600,1,0.0,official UCI static HTRU_2.csv,0.47842777777777773,0.4881437137361551,0.016666666666666666,
uci-372,uci-372_labeled_train_validation,uci-372,21,6,0,real_independent_shadow_target_cross_release,matched_kmeans,release_1,random_forest,0.9,1200,600,1,0.0,official UCI static HTRU_2.csv,0.4959902777777778,0.5013286136089569,0.018333333333333333,
uci-372,uci-372_labeled_train_validation,uci-372,21,6,1,real_independent_shadow_target_cross_release,granular_ball,release_1,logistic,0.9,1200,600,1,0.0,official UCI static HTRU_2.csv,0.49518333333333336,0.49155955664018447,0.01,
uci-372,uci-372_labeled_train_validation,uci-372,21,6,1,real_independent_shadow_target_cross_release,granular_ball,release_1,random_forest,0.9,1200,600,1,0.0,official UCI static HTRU_2.csv,0.5286305555555555,0.5395404543568809,0.013333333333333334,
uci-372,uci-372_labeled_train_validation,uci-372,21,6,1,real_independent_shadow_target_cross_release,matched_kmeans,release_1,logistic,0.9,1200,600,1,0.0,official UCI static HTRU_2.csv,0.49518333333333336,0.49155955664018447,0.01,
uci-372,uci-372_labeled_train_validation,uci-372,21,6,1,real_independent_shadow_target_cross_release,matched_kmeans,release_1,random_forest,0.9,1200,600,1,0.0,official UCI static HTRU_2.csv,0.5286305555555555,0.5395404543568809,0.013333333333333334,
uci-372,uci-372_labeled_train_validation,uci-372,21,6,2,real_independent_shadow_target_cross_release,granular_ball,release_1,logistic,0.9,1200,600,1,0.0,official UCI static HTRU_2.csv,0.5076833333333333,0.505442641712252,0.011666666666666667,
uci-372,uci-372_labeled_train_validation,uci-372,21,6,2,real_independent_shadow_target_cross_release,granular_ball,release_1,random_forest,0.9,1200,600,1,0.0,official UCI static HTRU_2.csv,0.4940041666666666,0.49157867691640794,0.01,
uci-372,uci-372_labeled_train_validation,uci-372,21,6,2,real_independent_shadow_target_cross_release,matched_kmeans,release_1,logistic,0.9,1200,600,1,0.0,official UCI static HTRU_2.csv,0.5076833333333333,0.505442641712252,0.011666666666666667,
uci-372,uci-372_labeled_train_validation,uci-372,21,6,2,real_independent_shadow_target_cross_release,matched_kmeans,release_1,random_forest,0.9,1200,600,1,0.0,official UCI static HTRU_2.csv,0.4940041666666666,0.49157867691640794,0.01,
uci-372,uci-372_labeled_train_validation,uci-372,21,6,3,real_independent_shadow_target_cross_release,granular_ball,release_1,logistic,0.9,1200,600,1,0.0,official UCI static HTRU_2.csv,0.49214722222222224,0.49939426701498524,0.015,
uci-372,uci-372_labeled_train_validation,uci-372,21,6,3,real_independent_shadow_target_cross_release,granular_ball,release_1,random_forest,0.9,1200,600,1,0.0,official UCI static HTRU_2.csv,0.5001722222222222,0.521932402583539,0.028333333333333332,
uci-372,uci-372_labeled_train_validation,uci-372,21,6,3,real_independent_shadow_target_cross_release,matched_kmeans,release_1,logistic,0.9,1200,600,1,0.0,official UCI static HTRU_2.csv,0.49214722222222224,0.49939426701498524,0.015,
uci-372,uci-372_labeled_train_validation,uci-372,21,6,3,real_independent_shadow_target_cross_release,matched_kmeans,release_1,random_forest,0.9,1200,600,1,0.0,official UCI static HTRU_2.csv,0.5001722222222222,0.521932402583539,0.028333333333333332,
uci-372,uci-372_labeled_train_validation,uci-372,21,6,4,real_independent_shadow_target_cross_release,granular_ball,release_1,logistic,0.9,1200,600,1,0.0,official UCI static HTRU_2.csv,0.5026333333333333,0.5131763788789028,0.023333333333333334,
uci-372,uci-372_labeled_train_validation,uci-372,21,6,4,real_independent_shadow_target_cross_release,granular_ball,release_1,random_forest,0.9,1200,600,1,0.0,official UCI static HTRU_2.csv,0.5189347222222223,0.5075231871023964,0.0033333333333333335,
uci-372,uci-372_labeled_train_validation,uci-372,21,6,4,real_independent_shadow_target_cross_release,matched_kmeans,release_1,logistic,0.9,1200,600,1,0.0,official UCI static HTRU_2.csv,0.5026333333333333,0.5131763788789028,0.023333333333333334,
uci-372,uci-372_labeled_train_validation,uci-372,21,6,4,real_independent_shadow_target_cross_release,matched_kmeans,release_1,random_forest,0.9,1200,600,1,0.0,official UCI static HTRU_2.csv,0.5189347222222223,0.5075231871023964,0.0033333333333333335,
uci-372,uci-372_labeled_train_validation,uci-372,21,6,0,real_independent_shadow_target_cross_release,granular_ball,release_2,logistic,0.9,1200,600,1,0.0,official UCI static HTRU_2.csv,0.47842777777777773,0.4881437137361551,0.016666666666666666,
uci-372,uci-372_labeled_train_validation,uci-372,21,6,0,real_independent_shadow_target_cross_release,granular_ball,release_2,random_forest,0.9,1200,600,1,0.0,official UCI static HTRU_2.csv,0.5123,0.5179771695145295,0.02666666666666667,
uci-372,uci-372_labeled_train_validation,uci-372,21,6,0,real_independent_shadow_target_cross_release,matched_kmeans,release_2,logistic,0.9,1200,600,1,0.0,official UCI static HTRU_2.csv,0.47842777777777773,0.4881437137361551,0.016666666666666666,
uci-372,uci-372_labeled_train_validation,uci-372,21,6,0,real_independent_shadow_target_cross_release,matched_kmeans,release_2,random_forest,0.9,1200,600,1,0.0,official UCI static HTRU_2.csv,0.5123,0.5179771695145295,0.02666666666666667,
uci-372,uci-372_labeled_train_validation,uci-372,21,6,1,real_independent_shadow_target_cross_release,granular_ball,release_2,logistic,0.9,1200,600,1,0.0,official UCI static HTRU_2.csv,0.49518333333333336,0.49155955664018447,0.01,
uci-372,uci-372_labeled_train_validation,uci-372,21,6,1,real_independent_shadow_target_cross_release,granular_ball,release_2,random_forest,0.9,1200,600,1,0.0,official UCI static HTRU_2.csv,0.5168472222222222,0.5172449866895492,0.011666666666666667,
uci-372,uci-372_labeled_train_validation,uci-372,21,6,1,real_independent_shadow_target_cross_release,matched_kmeans,release_2,logistic,0.9,1200,600,1,0.0,official UCI static HTRU_2.csv,0.49518333333333336,0.49155955664018447,0.01,
uci-372,uci-372_labeled_train_validation,uci-372,21,6,1,real_independent_shadow_target_cross_release,matched_kmeans,release_2,random_forest,0.9,1200,600,1,0.0,official UCI static HTRU_2.csv,0.5168472222222222,0.5172449866895492,0.011666666666666667,
uci-372,uci-372_labeled_train_validation,uci-372,21,6,2,real_independent_shadow_target_cross_release,granular_ball,release_2,logistic,0.9,1200,600,1,0.0,official UCI static HTRU_2.csv,0.5076833333333333,0.505442641712252,0.011666666666666667,
uci-372,uci-372_labeled_train_validation,uci-372,21,6,2,real_independent_shadow_target_cross_release,granular_ball,release_2,random_forest,0.9,1200,600,1,0.0,official UCI static HTRU_2.csv,0.4843444444444444,0.4958182535227076,0.011666666666666667,
uci-372,uci-372_labeled_train_validation,uci-372,21,6,2,real_independent_shadow_target_cross_release,matched_kmeans,release_2,logistic,0.9,1200,600,1,0.0,official UCI static HTRU_2.csv,0.5076833333333333,0.505442641712252,0.011666666666666667,
uci-372,uci-372_labeled_train_validation,uci-372,21,6,2,real_independent_shadow_target_cross_release,matched_kmeans,release_2,random_forest,0.9,1200,600,1,0.0,official UCI static HTRU_2.csv,0.4843444444444444,0.4958182535227076,0.011666666666666667,
uci-372,uci-372_labeled_train_validation,uci-372,21,6,3,real_independent_shadow_target_cross_release,granular_ball,release_2,logistic,0.9,1200,600,1,0.0,official UCI static HTRU_2.csv,0.49214722222222224,0.49939426701498524,0.015,
uci-372,uci-372_labeled_train_validation,uci-372,21,6,3,real_independent_shadow_target_cross_release,granular_ball,release_2,random_forest,0.9,1200,600,1,0.0,official UCI static HTRU_2.csv,0.5196444444444445,0.5178741825100028,0.011666666666666667,
uci-372,uci-372_labeled_train_validation,uci-372,21,6,3,real_independent_shadow_target_cross_release,matched_kmeans,release_2,logistic,0.9,1200,600,1,0.0,official UCI static HTRU_2.csv,0.49214722222222224,0.49939426701498524,0.015,
uci-372,uci-372_labeled_train_validation,uci-372,21,6,3,real_independent_shadow_target_cross_release,matched_kmeans,release_2,random_forest,0.9,1200,600,1,0.0,official UCI static HTRU_2.csv,0.5196444444444445,0.5178741825100028,0.011666666666666667,
uci-372,uci-372_labeled_train_validation,uci-372,21,6,4,real_independent_shadow_target_cross_release,granular_ball,release_2,logistic,0.9,1200,600,1,0.0,official UCI static HTRU_2.csv,0.5026333333333333,0.5131763788789028,0.023333333333333334,
uci-372,uci-372_labeled_train_validation,uci-372,21,6,4,real_independent_shadow_target_cross_release,granular_ball,release_2,random_forest,0.9,1200,600,1,0.0,official UCI static HTRU_2.csv,0.5063388888888889,0.5001490983453623,0.013333333333333334,
uci-372,uci-372_labeled_train_validation,uci-372,21,6,4,real_independent_shadow_target_cross_release,matched_kmeans,release_2,logistic,0.9,1200,600,1,0.0,official UCI static HTRU_2.csv,0.5026333333333333,0.5131763788789028,0.023333333333333334,
uci-372,uci-372_labeled_train_validation,uci-372,21,6,4,real_independent_shadow_target_cross_release,matched_kmeans,release_2,random_forest,0.9,1200,600,1,0.0,official UCI static HTRU_2.csv,0.5063388888888889,0.5001490983453623,0.013333333333333334,
uci-372,uci-372_labeled_train_validation,uci-372,21,6,0,real_independent_shadow_target_cross_release,granular_ball,release_3,logistic,0.9,1200,600,1,0.0,official UCI static HTRU_2.csv,0.47842777777777773,0.4881437137361551,0.016666666666666666,
uci-372,uci-372_labeled_train_validation,uci-372,21,6,0,real_independent_shadow_target_cross_release,granular_ball,release_3,random_forest,0.9,1200,600,1,0.0,official UCI static HTRU_2.csv,0.5116180555555556,0.519971842715971,0.025,
uci-372,uci-372_labeled_train_validation,uci-372,21,6,0,real_independent_shadow_target_cross_release,matched_kmeans,release_3,logistic,0.9,1200,600,1,0.0,official UCI static HTRU_2.csv,0.47842777777777773,0.4881437137361551,0.016666666666666666,
uci-372,uci-372_labeled_train_validation,uci-372,21,6,0,real_independent_shadow_target_cross_release,matched_kmeans,release_3,random_forest,0.9,1200,600,1,0.0,official UCI static HTRU_2.csv,0.5116180555555556,0.519971842715971,0.025,
uci-372,uci-372_labeled_train_validation,uci-372,21,6,1,real_independent_shadow_target_cross_release,granular_ball,release_3,logistic,0.9,1200,600,1,0.0,official UCI static HTRU_2.csv,0.49518333333333336,0.49155955664018447,0.01,
uci-372,uci-372_labeled_train_validation,uci-372,21,6,1,real_independent_shadow_target_cross_release,granular_ball,release_3,random_forest,0.9,1200,600,1,0.0,official UCI static HTRU_2.csv,0.5154624999999999,0.5180805542141108,0.02,
uci-372,uci-372_labeled_train_validation,uci-372,21,6,1,real_independent_shadow_target_cross_release,matched_kmeans,release_3,logistic,0.9,1200,600,1,0.0,official UCI static HTRU_2.csv,0.49518333333333336,0.49155955664018447,0.01,
uci-372,uci-372_labeled_train_validation,uci-372,21,6,1,real_independent_shadow_target_cross_release,matched_kmeans,release_3,random_forest,0.9,1200,600,1,0.0,official UCI static HTRU_2.csv,0.5154624999999999,0.5180805542141108,0.02,
uci-372,uci-372_labeled_train_validation,uci-372,21,6,2,real_independent_shadow_target_cross_release,granular_ball,release_3,logistic,0.9,1200,600,1,0.0,official UCI static HTRU_2.csv,0.5076833333333333,0.505442641712252,0.011666666666666667,
uci-372,uci-372_labeled_train_validation,uci-372,21,6,2,real_independent_shadow_target_cross_release,granular_ball,release_3,random_forest,0.9,1200,600,1,0.0,official UCI static HTRU_2.csv,0.4864791666666667,0.499297876970917,0.008333333333333333,
uci-372,uci-372_labeled_train_validation,uci-372,21,6,2,real_independent_shadow_target_cross_release,matched_kmeans,release_3,logistic,0.9,1200,600,1,0.0,official UCI static HTRU_2.csv,0.5076833333333333,0.505442641712252,0.011666666666666667,
uci-372,uci-372_labeled_train_validation,uci-372,21,6,2,real_independent_shadow_target_cross_release,matched_kmeans,release_3,random_forest,0.9,1200,600,1,0.0,official UCI static HTRU_2.csv,0.4864791666666667,0.499297876970917,0.008333333333333333,
uci-372,uci-372_labeled_train_validation,uci-372,21,6,3,real_independent_shadow_target_cross_release,granular_ball,release_3,logistic,0.9,1200,600,1,0.0,official UCI static HTRU_2.csv,0.49214722222222224,0.49939426701498524,0.015,
uci-372,uci-372_labeled_train_validation,uci-372,21,6,3,real_independent_shadow_target_cross_release,granular_ball,release_3,random_forest,0.9,1200,600,1,0.0,official UCI static HTRU_2.csv,0.5187833333333334,0.5134312731783038,0.015,
uci-372,uci-372_labeled_train_validation,uci-372,21,6,3,real_independent_shadow_target_cross_release,matched_kmeans,release_3,logistic,0.9,1200,600,1,0.0,official UCI static HTRU_2.csv,0.49214722222222224,0.49939426701498524,0.015,
uci-372,uci-372_labeled_train_validation,uci-372,21,6,3,real_independent_shadow_target_cross_release,matched_kmeans,release_3,random_forest,0.9,1200,600,1,0.0,official UCI static HTRU_2.csv,0.5187833333333334,0.5134312731783038,0.015,
uci-372,uci-372_labeled_train_validation,uci-372,21,6,4,real_independent_shadow_target_cross_release,granular_ball,release_3,logistic,0.9,1200,600,1,0.0,official UCI static HTRU_2.csv,0.5026333333333333,0.5131763788789028,0.023333333333333334,
uci-372,uci-372_labeled_train_validation,uci-372,21,6,4,real_independent_shadow_target_cross_release,granular_ball,release_3,random_forest,0.9,1200,600,1,0.0,official UCI static HTRU_2.csv,0.5039625,0.49884629425818977,0.011666666666666667,
uci-372,uci-372_labeled_train_validation,uci-372,21,6,4,real_independent_shadow_target_cross_release,matched_kmeans,release_3,logistic,0.9,1200,600,1,0.0,official UCI static HTRU_2.csv,0.5026333333333333,0.5131763788789028,0.023333333333333334,
uci-372,uci-372_labeled_train_validation,uci-372,21,6,4,real_independent_shadow_target_cross_release,matched_kmeans,release_3,random_forest,0.9,1200,600,1,0.0,official UCI static HTRU_2.csv,0.5039625,0.49884629425818977,0.011666666666666667,
uci-372,uci-372_labeled_train_validation,uci-372,21,6,0,real_independent_shadow_target_cross_release,granular_ball,release_1,logistic,0.95,1200,600,14,0.35714285714285715,official UCI static HTRU_2.csv,0.5127194444444445,0.5126558570939779,0.023333333333333334,
uci-372,uci-372_labeled_train_validation,uci-372,21,6,0,real_independent_shadow_target_cross_release,granular_ball,release_1,random_forest,0.95,1200,600,14,0.35714285714285715,official UCI static HTRU_2.csv,0.5259972222222222,0.5434043882209573,0.03,
uci-372,uci-372_labeled_train_validation,uci-372,21,6,0,real_independent_shadow_target_cross_release,matched_kmeans,release_1,logistic,0.95,1200,600,14,0.07142857142857142,official UCI static HTRU_2.csv,0.5108611111111111,0.5146823467826066,0.008333333333333333,
uci-372,uci-372_labeled_train_validation,uci-372,21,6,0,real_independent_shadow_target_cross_release,matched_kmeans,release_1,random_forest,0.95,1200,600,14,0.07142857142857142,official UCI static HTRU_2.csv,0.5386805555555556,0.5229676026603812,0.013333333333333334,
uci-372,uci-372_labeled_train_validation,uci-372,21,6,1,real_independent_shadow_target_cross_release,granular_ball,release_1,logistic,0.95,1200,600,15,0.4,official UCI static HTRU_2.csv,0.495575,0.5026657918582258,0.008333333333333333,
uci-372,uci-372_labeled_train_validation,uci-372,21,6,1,real_independent_shadow_target_cross_release,granular_ball,release_1,random_forest,0.95,1200,600,15,0.4,official UCI static HTRU_2.csv,0.5137361111111112,0.5217332270789286,0.02666666666666667,
uci-372,uci-372_labeled_train_validation,uci-372,21,6,1,real_independent_shadow_target_cross_release,matched_kmeans,release_1,logistic,0.95,1200,600,15,0.0,official UCI static HTRU_2.csv,0.5186722222222222,0.5149906893896263,0.011666666666666667,
uci-372,uci-372_labeled_train_validation,uci-372,21,6,1,real_independent_shadow_target_cross_release,matched_kmeans,release_1,random_forest,0.95,1200,600,15,0.0,official UCI static HTRU_2.csv,0.5239347222222221,0.5064471222492192,0.005,
uci-372,uci-372_labeled_train_validation,uci-372,21,6,2,real_independent_shadow_target_cross_release,granular_ball,release_1,logistic,0.95,1200,600,2,0.0,official UCI static HTRU_2.csv,0.4825611111111111,0.5038652067198056,0.018333333333333333,
uci-372,uci-372_labeled_train_validation,uci-372,21,6,2,real_independent_shadow_target_cross_release,granular_ball,release_1,random_forest,0.95,1200,600,2,0.0,official UCI static HTRU_2.csv,0.5242180555555556,0.5104656494603563,0.005,
uci-372,uci-372_labeled_train_validation,uci-372,21,6,2,real_independent_shadow_target_cross_release,matched_kmeans,release_1,logistic,0.95,1200,600,2,0.0,official UCI static HTRU_2.csv,0.5146027777777777,0.5206136487175828,0.015,
uci-372,uci-372_labeled_train_validation,uci-372,21,6,2,real_independent_shadow_target_cross_release,matched_kmeans,release_1,random_forest,0.95,1200,600,2,0.0,official UCI static HTRU_2.csv,0.486225,0.4933683467234158,0.013333333333333334,
uci-372,uci-372_labeled_train_validation,uci-372,21,6,3,real_independent_shadow_target_cross_release,granular_ball,release_1,logistic,0.95,1200,600,15,0.6,official UCI static HTRU_2.csv,0.5029944444444445,0.50832712196702,0.018333333333333333,
uci-372,uci-372_labeled_train_validation,uci-372,21,6,3,real_independent_shadow_target_cross_release,granular_ball,release_1,random_forest,0.95,1200,600,15,0.6,official UCI static HTRU_2.csv,0.5154777777777778,0.5236357867025871,0.02,
uci-372,uci-372_labeled_train_validation,uci-372,21,6,3,real_independent_shadow_target_cross_release,matched_kmeans,release_1,logistic,0.95,1200,600,15,0.0,official UCI static HTRU_2.csv,0.5323916666666666,0.5341433806395848,0.02666666666666667,
uci-372,uci-372_labeled_train_validation,uci-372,21,6,3,real_independent_shadow_target_cross_release,matched_kmeans,release_1,random_forest,0.95,1200,600,15,0.0,official UCI static HTRU_2.csv,0.5511277777777778,0.5423324593170373,0.02666666666666667,
uci-372,uci-372_labeled_train_validation,uci-372,21,6,4,real_independent_shadow_target_cross_release,granular_ball,release_1,logistic,0.95,1200,600,12,0.5833333333333334,official UCI static HTRU_2.csv,0.49563333333333337,0.4968813235240269,0.006666666666666667,
uci-372,uci-372_labeled_train_validation,uci-372,21,6,4,real_independent_shadow_target_cross_release,granular_ball,release_1,random_forest,0.95,1200,600,12,0.5833333333333334,official UCI static HTRU_2.csv,0.5268527777777777,0.5409726946347857,0.03,
uci-372,uci-372_labeled_train_validation,uci-372,21,6,4,real_independent_shadow_target_cross_release,matched_kmeans,release_1,logistic,0.95,1200,600,12,0.0,official UCI static HTRU_2.csv,0.5337027777777777,0.5272995112857509,0.025,
uci-372,uci-372_labeled_train_validation,uci-372,21,6,4,real_independent_shadow_target_cross_release,matched_kmeans,release_1,random_forest,0.95,1200,600,12,0.0,official UCI static HTRU_2.csv,0.5003430555555556,0.5116184488830392,0.018333333333333333,
uci-372,uci-372_labeled_train_validation,uci-372,21,6,0,real_independent_shadow_target_cross_release,granular_ball,release_2,logistic,0.95,1200,600,14,0.35714285714285715,official UCI static HTRU_2.csv,0.4990055555555556,0.5005252346678741,0.011666666666666667,
uci-372,uci-372_labeled_train_validation,uci-372,21,6,0,real_independent_shadow_target_cross_release,granular_ball,release_2,random_forest,0.95,1200,600,14,0.35714285714285715,official UCI static HTRU_2.csv,0.5258069444444444,0.5384103630983996,0.03833333333333333,
uci-372,uci-372_labeled_train_validation,uci-372,21,6,0,real_independent_shadow_target_cross_release,matched_kmeans,release_2,logistic,0.95,1200,600,14,0.07142857142857142,official UCI static HTRU_2.csv,0.5125305555555555,0.516566778511165,0.013333333333333334,
uci-372,uci-372_labeled_train_validation,uci-372,21,6,0,real_independent_shadow_target_cross_release,matched_kmeans,release_2,random_forest,0.95,1200,600,14,0.07142857142857142,official UCI static HTRU_2.csv,0.5301597222222223,0.5207335015928463,0.013333333333333334,
uci-372,uci-372_labeled_train_validation,uci-372,21,6,1,real_independent_shadow_target_cross_release,granular_ball,release_2,logistic,0.95,1200,600,15,0.4,official UCI static HTRU_2.csv,0.5100777777777779,0.5222148895423755,0.035,
uci-372,uci-372_labeled_train_validation,uci-372,21,6,1,real_independent_shadow_target_cross_release,granular_ball,release_2,random_forest,0.95,1200,600,15,0.4,official UCI static HTRU_2.csv,0.5317138888888888,0.5424275322073682,0.03166666666666667,
uci-372,uci-372_labeled_train_validation,uci-372,21,6,1,real_independent_shadow_target_cross_release,matched_kmeans,release_2,logistic,0.95,1200,600,15,0.0,official UCI static HTRU_2.csv,0.5026583333333333,0.5021405762072793,0.006666666666666667,
uci-372,uci-372_labeled_train_validation,uci-372,21,6,1,real_independent_shadow_target_cross_release,matched_kmeans,release_2,random_forest,0.95,1200,600,15,0.0,official UCI static HTRU_2.csv,0.538038888888889,0.5275586109503789,0.005,
uci-372,uci-372_labeled_train_validation,uci-372,21,6,2,real_independent_shadow_target_cross_release,granular_ball,release_2,logistic,0.95,1200,600,2,0.0,official UCI static HTRU_2.csv,0.47563055555555556,0.48025575576708945,0.0033333333333333335,
uci-372,uci-372_labeled_train_validation,uci-372,21,6,2,real_independent_shadow_target_cross_release,granular_ball,release_2,random_forest,0.95,1200,600,2,0.0,official UCI static HTRU_2.csv,0.5088361111111112,0.5001066174267002,0.0033333333333333335,
uci-372,uci-372_labeled_train_validation,uci-372,21,6,2,real_independent_shadow_target_cross_release,matched_kmeans,release_2,logistic,0.95,1200,600,2,0.0,official UCI static HTRU_2.csv,0.4927805555555556,0.49812535367318816,0.011666666666666667,
uci-372,uci-372_labeled_train_validation,uci-372,21,6,2,real_independent_shadow_target_cross_release,matched_kmeans,release_2,random_forest,0.95,1200,600,2,0.0,official UCI static HTRU_2.csv,0.48754444444444445,0.4895076912845879,0.005,
uci-372,uci-372_labeled_train_validation,uci-372,21,6,3,real_independent_shadow_target_cross_release,granular_ball,release_2,logistic,0.95,1200,600,15,0.6,official UCI static HTRU_2.csv,0.505375,0.5178213745683324,0.028333333333333332,
uci-372,uci-372_labeled_train_validation,uci-372,21,6,3,real_independent_shadow_target_cross_release,granular_ball,release_2,random_forest,0.95,1200,600,15,0.6,official UCI static HTRU_2.csv,0.5013305555555556,0.5132546604440523,0.02,
uci-372,uci-372_labeled_train_validation,uci-372,21,6,3,real_independent_shadow_target_cross_release,matched_kmeans,release_2,logistic,0.95,1200,600,15,0.0,official UCI static HTRU_2.csv,0.5237555555555555,0.5107965774601751,0.005,
uci-372,uci-372_labeled_train_validation,uci-372,21,6,3,real_independent_shadow_target_cross_release,matched_kmeans,release_2,random_forest,0.95,1200,600,15,0.0,official UCI static HTRU_2.csv,0.5328055555555555,0.5246735133325007,0.011666666666666667,
uci-372,uci-372_labeled_train_validation,uci-372,21,6,4,real_independent_shadow_target_cross_release,granular_ball,release_2,logistic,0.95,1200,600,12,0.5833333333333334,official UCI static HTRU_2.csv,0.5061027777777778,0.5139128810910647,0.021666666666666667,
uci-372,uci-372_labeled_train_validation,uci-372,21,6,4,real_independent_shadow_target_cross_release,granular_ball,release_2,random_forest,0.95,1200,600,12,0.5833333333333334,official UCI static HTRU_2.csv,0.5349916666666666,0.5503697216505172,0.04,
uci-372,uci-372_labeled_train_validation,uci-372,21,6,4,real_independent_shadow_target_cross_release,matched_kmeans,release_2,logistic,0.95,1200,600,12,0.0,official UCI static HTRU_2.csv,0.5373833333333333,0.5498856445439431,0.018333333333333333,
uci-372,uci-372_labeled_train_validation,uci-372,21,6,4,real_independent_shadow_target_cross_release,matched_kmeans,release_2,random_forest,0.95,1200,600,12,0.0,official UCI static HTRU_2.csv,0.49458611111111106,0.5138952434153619,0.018333333333333333,
uci-372,uci-372_labeled_train_validation,uci-372,21,6,0,real_independent_shadow_target_cross_release,granular_ball,release_3,logistic,0.95,1200,600,14,0.35714285714285715,official UCI static HTRU_2.csv,0.5038472222222222,0.5070908284591711,0.01,
uci-372,uci-372_labeled_train_validation,uci-372,21,6,0,real_independent_shadow_target_cross_release,granular_ball,release_3,random_forest,0.95,1200,600,14,0.35714285714285715,official UCI static HTRU_2.csv,0.5090680555555556,0.530990140525177,0.028333333333333332,
uci-372,uci-372_labeled_train_validation,uci-372,21,6,0,real_independent_shadow_target_cross_release,matched_kmeans,release_3,logistic,0.95,1200,600,14,0.07142857142857142,official UCI static HTRU_2.csv,0.5059166666666667,0.5112428237156141,0.016666666666666666,
uci-372,uci-372_labeled_train_validation,uci-372,21,6,0,real_independent_shadow_target_cross_release,matched_kmeans,release_3,random_forest,0.95,1200,600,14,0.07142857142857142,official UCI static HTRU_2.csv,0.5349138888888889,0.5163551112701397,0.01,
uci-372,uci-372_labeled_train_validation,uci-372,21,6,1,real_independent_shadow_target_cross_release,granular_ball,release_3,logistic,0.95,1200,600,15,0.4,official UCI static HTRU_2.csv,0.5170777777777777,0.5186655523868589,0.006666666666666667,
uci-372,uci-372_labeled_train_validation,uci-372,21,6,1,real_independent_shadow_target_cross_release,granular_ball,release_3,random_forest,0.95,1200,600,15,0.4,official UCI static HTRU_2.csv,0.5306736111111111,0.5501301068993998,0.043333333333333335,
uci-372,uci-372_labeled_train_validation,uci-372,21,6,1,real_independent_shadow_target_cross_release,matched_kmeans,release_3,logistic,0.95,1200,600,15,0.0,official UCI static HTRU_2.csv,0.4982972222222222,0.4996587011456546,0.008333333333333333,
uci-372,uci-372_labeled_train_validation,uci-372,21,6,1,real_independent_shadow_target_cross_release,matched_kmeans,release_3,random_forest,0.95,1200,600,15,0.0,official UCI static HTRU_2.csv,0.5313888888888889,0.5183983276592165,0.008333333333333333,
uci-372,uci-372_labeled_train_validation,uci-372,21,6,2,real_independent_shadow_target_cross_release,granular_ball,release_3,logistic,0.95,1200,600,2,0.0,official UCI static HTRU_2.csv,0.46900833333333336,0.47632102579427493,0.0016666666666666668,
uci-372,uci-372_labeled_train_validation,uci-372,21,6,2,real_independent_shadow_target_cross_release,granular_ball,release_3,random_forest,0.95,1200,600,2,0.0,official UCI static HTRU_2.csv,0.5068277777777778,0.5004736622363102,0.006666666666666667,
uci-372,uci-372_labeled_train_validation,uci-372,21,6,2,real_independent_shadow_target_cross_release,matched_kmeans,release_3,logistic,0.95,1200,600,2,0.0,official UCI static HTRU_2.csv,0.4955277777777778,0.4975677345013294,0.013333333333333334,
uci-372,uci-372_labeled_train_validation,uci-372,21,6,2,real_independent_shadow_target_cross_release,matched_kmeans,release_3,random_forest,0.95,1200,600,2,0.0,official UCI static HTRU_2.csv,0.49673611111111116,0.5000163902623884,0.01,
uci-372,uci-372_labeled_train_validation,uci-372,21,6,3,real_independent_shadow_target_cross_release,granular_ball,release_3,logistic,0.95,1200,600,15,0.6,official UCI static HTRU_2.csv,0.5109916666666667,0.5148692177064386,0.02,
uci-372,uci-372_labeled_train_validation,uci-372,21,6,3,real_independent_shadow_target_cross_release,granular_ball,release_3,random_forest,0.95,1200,600,15,0.6,official UCI static HTRU_2.csv,0.5142305555555555,0.5337233376875595,0.03666666666666667,
uci-372,uci-372_labeled_train_validation,uci-372,21,6,3,real_independent_shadow_target_cross_release,matched_kmeans,release_3,logistic,0.95,1200,600,15,0.0,official UCI static HTRU_2.csv,0.5059111111111111,0.5022633749874539,0.013333333333333334,
uci-372,uci-372_labeled_train_validation,uci-372,21,6,3,real_independent_shadow_target_cross_release,matched_kmeans,release_3,random_forest,0.95,1200,600,15,0.0,official UCI static HTRU_2.csv,0.5367263888888889,0.5297078834866569,0.016666666666666666,
uci-372,uci-372_labeled_train_validation,uci-372,21,6,4,real_independent_shadow_target_cross_release,granular_ball,release_3,logistic,0.95,1200,600,12,0.5833333333333334,official UCI static HTRU_2.csv,0.5098055555555556,0.5094906377490962,0.013333333333333334,
uci-372,uci-372_labeled_train_validation,uci-372,21,6,4,real_independent_shadow_target_cross_release,granular_ball,release_3,random_forest,0.95,1200,600,12,0.5833333333333334,official UCI static HTRU_2.csv,0.5453430555555555,0.5531220480196434,0.03333333333333333,
uci-372,uci-372_labeled_train_validation,uci-372,21,6,4,real_independent_shadow_target_cross_release,matched_kmeans,release_3,logistic,0.95,1200,600,12,0.0,official UCI static HTRU_2.csv,0.5272222222222223,0.5370084399099719,0.02,
uci-372,uci-372_labeled_train_validation,uci-372,21,6,4,real_independent_shadow_target_cross_release,matched_kmeans,release_3,random_forest,0.95,1200,600,12,0.0,official UCI static HTRU_2.csv,0.5036472222222222,0.5278966357440009,0.03166666666666667,
uci-372,uci-372_labeled_train_validation,uci-372,21,6,0,real_independent_shadow_target_cross_release,granular_ball,release_1,logistic,0.99,1200,600,45,0.37777777777777777,official UCI static HTRU_2.csv,0.5773166666666667,0.5723112569449673,0.03333333333333333,
uci-372,uci-372_labeled_train_validation,uci-372,21,6,0,real_independent_shadow_target_cross_release,granular_ball,release_1,random_forest,0.99,1200,600,45,0.37777777777777777,official UCI static HTRU_2.csv,0.5587111111111112,0.5557088975572231,0.025,
uci-372,uci-372_labeled_train_validation,uci-372,21,6,0,real_independent_shadow_target_cross_release,matched_kmeans,release_1,logistic,0.99,1200,600,45,0.24444444444444444,official UCI static HTRU_2.csv,0.6193805555555556,0.6049638618940973,0.028333333333333332,
uci-372,uci-372_labeled_train_validation,uci-372,21,6,0,real_independent_shadow_target_cross_release,matched_kmeans,release_1,random_forest,0.99,1200,600,45,0.24444444444444444,official UCI static HTRU_2.csv,0.6026583333333334,0.5957641836188603,0.03166666666666667,
uci-372,uci-372_labeled_train_validation,uci-372,21,6,1,real_independent_shadow_target_cross_release,granular_ball,release_1,logistic,0.99,1200,600,80,0.525,official UCI static HTRU_2.csv,0.6003000000000001,0.6062607774497641,0.025,
uci-372,uci-372_labeled_train_validation,uci-372,21,6,1,real_independent_shadow_target_cross_release,granular_ball,release_1,random_forest,0.99,1200,600,80,0.525,official UCI static HTRU_2.csv,0.5615194444444445,0.6034216561652789,0.09833333333333333,
uci-372,uci-372_labeled_train_validation,uci-372,21,6,1,real_independent_shadow_target_cross_release,matched_kmeans,release_1,logistic,0.99,1200,600,80,0.275,official UCI static HTRU_2.csv,0.6999305555555555,0.6964937305349996,0.075,
uci-372,uci-372_labeled_train_validation,uci-372,21,6,1,real_independent_shadow_target_cross_release,matched_kmeans,release_1,random_forest,0.99,1200,600,80,0.275,official UCI static HTRU_2.csv,0.6016652777777778,0.5964294323348636,0.041666666666666664,
uci-372,uci-372_labeled_train_validation,uci-372,21,6,2,real_independent_shadow_target_cross_release,granular_ball,release_1,logistic,0.99,1200,600,56,0.48214285714285715,official UCI static HTRU_2.csv,0.589925,0.6010229476043636,0.04833333333333333,
uci-372,uci-372_labeled_train_validation,uci-372,21,6,2,real_independent_shadow_target_cross_release,granular_ball,release_1,random_forest,0.99,1200,600,56,0.48214285714285715,official UCI static HTRU_2.csv,0.5543430555555555,0.5798607344417759,0.055,
uci-372,uci-372_labeled_train_validation,uci-372,21,6,2,real_independent_shadow_target_cross_release,matched_kmeans,release_1,logistic,0.99,1200,600,56,0.19642857142857142,official UCI static HTRU_2.csv,0.6645527777777778,0.6553345303264067,0.056666666666666664,
uci-372,uci-372_labeled_train_validation,uci-372,21,6,2,real_independent_shadow_target_cross_release,matched_kmeans,release_1,random_forest,0.99,1200,600,56,0.19642857142857142,official UCI static HTRU_2.csv,0.6190972222222222,0.6037928389983553,0.043333333333333335,
uci-372,uci-372_labeled_train_validation,uci-372,21,6,3,real_independent_shadow_target_cross_release,granular_ball,release_1,logistic,0.99,1200,600,46,0.43478260869565216,official UCI static HTRU_2.csv,0.5725861111111111,0.5804358959211673,0.056666666666666664,
uci-372,uci-372_labeled_train_validation,uci-372,21,6,3,real_independent_shadow_target_cross_release,granular_ball,release_1,random_forest,0.99,1200,600,46,0.43478260869565216,official UCI static HTRU_2.csv,0.5490166666666667,0.5732878767938927,0.045,
uci-372,uci-372_labeled_train_validation,uci-372,21,6,3,real_independent_shadow_target_cross_release,matched_kmeans,release_1,logistic,0.99,1200,600,46,0.15217391304347827,official UCI static HTRU_2.csv,0.6395555555555555,0.6217512106891101,0.028333333333333332,
uci-372,uci-372_labeled_train_validation,uci-372,21,6,3,real_independent_shadow_target_cross_release,matched_kmeans,release_1,random_forest,0.99,1200,600,46,0.15217391304347827,official UCI static HTRU_2.csv,0.6099583333333334,0.5923499391001237,0.043333333333333335,
uci-372,uci-372_labeled_train_validation,uci-372,21,6,4,real_independent_shadow_target_cross_release,granular_ball,release_1,logistic,0.99,1200,600,56,0.5,official UCI static HTRU_2.csv,0.5827666666666667,0.5755322417722915,0.03166666666666667,
uci-372,uci-372_labeled_train_validation,uci-372,21,6,4,real_independent_shadow_target_cross_release,granular_ball,release_1,random_forest,0.99,1200,600,56,0.5,official UCI static HTRU_2.csv,0.5245597222222222,0.547994622959759,0.043333333333333335,
uci-372,uci-372_labeled_train_validation,uci-372,21,6,4,real_independent_shadow_target_cross_release,matched_kmeans,release_1,logistic,0.99,1200,600,56,0.26785714285714285,official UCI static HTRU_2.csv,0.6513666666666668,0.6436452958471667,0.058333333333333334,
uci-372,uci-372_labeled_train_validation,uci-372,21,6,4,real_independent_shadow_target_cross_release,matched_kmeans,release_1,random_forest,0.99,1200,600,56,0.26785714285714285,official UCI static HTRU_2.csv,0.613875,0.5991145465630496,0.03833333333333333,
uci-372,uci-372_labeled_train_validation,uci-372,21,6,0,real_independent_shadow_target_cross_release,granular_ball,release_2,logistic,0.99,1200,600,45,0.37777777777777777,official UCI static HTRU_2.csv,0.5743111111111111,0.5677932603471361,0.025,
uci-372,uci-372_labeled_train_validation,uci-372,21,6,0,real_independent_shadow_target_cross_release,granular_ball,release_2,random_forest,0.99,1200,600,45,0.37777777777777777,official UCI static HTRU_2.csv,0.55345,0.5689193956587628,0.045,
uci-372,uci-372_labeled_train_validation,uci-372,21,6,0,real_independent_shadow_target_cross_release,matched_kmeans,release_2,logistic,0.99,1200,600,45,0.24444444444444444,official UCI static HTRU_2.csv,0.6255083333333333,0.6078470841548129,0.021666666666666667,
uci-372,uci-372_labeled_train_validation,uci-372,21,6,0,real_independent_shadow_target_cross_release,matched_kmeans,release_2,random_forest,0.99,1200,600,45,0.24444444444444444,official UCI static HTRU_2.csv,0.6151805555555555,0.6041066846066296,0.03833333333333333,
uci-372,uci-372_labeled_train_validation,uci-372,21,6,1,real_independent_shadow_target_cross_release,granular_ball,release_2,logistic,0.99,1200,600,80,0.525,official UCI static HTRU_2.csv,0.6161861111111111,0.6276655326971923,0.03333333333333333,
uci-372,uci-372_labeled_train_validation,uci-372,21,6,1,real_independent_shadow_target_cross_release,granular_ball,release_2,random_forest,0.99,1200,600,80,0.525,official UCI static HTRU_2.csv,0.6150277777777777,0.649864570952092,0.115,
uci-372,uci-372_labeled_train_validation,uci-372,21,6,1,real_independent_shadow_target_cross_release,matched_kmeans,release_2,logistic,0.99,1200,600,80,0.275,official UCI static HTRU_2.csv,0.7155,0.7090054982838743,0.07666666666666666,
uci-372,uci-372_labeled_train_validation,uci-372,21,6,1,real_independent_shadow_target_cross_release,matched_kmeans,release_2,random_forest,0.99,1200,600,80,0.275,official UCI static HTRU_2.csv,0.6471138888888889,0.6457743627002148,0.06333333333333334,
uci-372,uci-372_labeled_train_validation,uci-372,21,6,2,real_independent_shadow_target_cross_release,granular_ball,release_2,logistic,0.99,1200,600,56,0.48214285714285715,official UCI static HTRU_2.csv,0.5880472222222223,0.5872893340899024,0.03,
uci-372,uci-372_labeled_train_validation,uci-372,21,6,2,real_independent_shadow_target_cross_release,granular_ball,release_2,random_forest,0.99,1200,600,56,0.48214285714285715,official UCI static HTRU_2.csv,0.5649694444444444,0.590823584545082,0.06666666666666667,
uci-372,uci-372_labeled_train_validation,uci-372,21,6,2,real_independent_shadow_target_cross_release,matched_kmeans,release_2,logistic,0.99,1200,600,56,0.19642857142857142,official UCI static HTRU_2.csv,0.6744749999999999,0.6583938007676464,0.043333333333333335,
uci-372,uci-372_labeled_train_validation,uci-372,21,6,2,real_independent_shadow_target_cross_release,matched_kmeans,release_2,random_forest,0.99,1200,600,56,0.19642857142857142,official UCI static HTRU_2.csv,0.6210333333333333,0.6145032460711533,0.05333333333333334,
uci-372,uci-372_labeled_train_validation,uci-372,21,6,3,real_independent_shadow_target_cross_release,granular_ball,release_2,logistic,0.99,1200,600,46,0.43478260869565216,official UCI static HTRU_2.csv,0.58925,0.5853804260818275,0.03166666666666667,
uci-372,uci-372_labeled_train_validation,uci-372,21,6,3,real_independent_shadow_target_cross_release,granular_ball,release_2,random_forest,0.99,1200,600,46,0.43478260869565216,official UCI static HTRU_2.csv,0.5974416666666666,0.624916402318105,0.08333333333333333,
uci-372,uci-372_labeled_train_validation,uci-372,21,6,3,real_independent_shadow_target_cross_release,matched_kmeans,release_2,logistic,0.99,1200,600,46,0.15217391304347827,official UCI static HTRU_2.csv,0.646075,0.6246963930446799,0.03333333333333333,
uci-372,uci-372_labeled_train_validation,uci-372,21,6,3,real_independent_shadow_target_cross_release,matched_kmeans,release_2,random_forest,0.99,1200,600,46,0.15217391304347827,official UCI static HTRU_2.csv,0.6006194444444444,0.5823283114982616,0.028333333333333332,
uci-372,uci-372_labeled_train_validation,uci-372,21,6,4,real_independent_shadow_target_cross_release,granular_ball,release_2,logistic,0.99,1200,600,56,0.5,official UCI static HTRU_2.csv,0.5969027777777778,0.5794984515941122,0.021666666666666667,
uci-372,uci-372_labeled_train_validation,uci-372,21,6,4,real_independent_shadow_target_cross_release,granular_ball,release_2,random_forest,0.99,1200,600,56,0.5,official UCI static HTRU_2.csv,0.5774513888888888,0.6232524481568876,0.08666666666666667,
uci-372,uci-372_labeled_train_validation,uci-372,21,6,4,real_independent_shadow_target_cross_release,matched_kmeans,release_2,logistic,0.99,1200,600,56,0.26785714285714285,official UCI static HTRU_2.csv,0.6576472222222222,0.6444089417174836,0.05,
uci-372,uci-372_labeled_train_validation,uci-372,21,6,4,real_independent_shadow_target_cross_release,matched_kmeans,release_2,random_forest,0.99,1200,600,56,0.26785714285714285,official UCI static HTRU_2.csv,0.6149361111111111,0.6062917868066975,0.043333333333333335,
uci-372,uci-372_labeled_train_validation,uci-372,21,6,0,real_independent_shadow_target_cross_release,granular_ball,release_3,logistic,0.99,1200,600,45,0.37777777777777777,official UCI static HTRU_2.csv,0.5793111111111111,0.5687307090980536,0.016666666666666666,
uci-372,uci-372_labeled_train_validation,uci-372,21,6,0,real_independent_shadow_target_cross_release,granular_ball,release_3,random_forest,0.99,1200,600,45,0.37777777777777777,official UCI static HTRU_2.csv,0.5686083333333334,0.5839546242517766,0.055,
uci-372,uci-372_labeled_train_validation,uci-372,21,6,0,real_independent_shadow_target_cross_release,matched_kmeans,release_3,logistic,0.99,1200,600,45,0.24444444444444444,official UCI static HTRU_2.csv,0.625975,0.6053065110865808,0.018333333333333333,
uci-372,uci-372_labeled_train_validation,uci-372,21,6,0,real_independent_shadow_target_cross_release,matched_kmeans,release_3,random_forest,0.99,1200,600,45,0.24444444444444444,official UCI static HTRU_2.csv,0.6327472222222221,0.6120942327815828,0.043333333333333335,
uci-372,uci-372_labeled_train_validation,uci-372,21,6,1,real_independent_shadow_target_cross_release,granular_ball,release_3,logistic,0.99,1200,600,80,0.525,official UCI static HTRU_2.csv,0.6163416666666667,0.6206840106787275,0.041666666666666664,
uci-372,uci-372_labeled_train_validation,uci-372,21,6,1,real_independent_shadow_target_cross_release,granular_ball,release_3,random_forest,0.99,1200,600,80,0.525,official UCI static HTRU_2.csv,0.6226972222222222,0.66690427152843,0.14333333333333334,
uci-372,uci-372_labeled_train_validation,uci-372,21,6,1,real_independent_shadow_target_cross_release,matched_kmeans,release_3,logistic,0.99,1200,600,80,0.275,official UCI static HTRU_2.csv,0.7170611111111111,0.7084787728726514,0.07166666666666667,
uci-372,uci-372_labeled_train_validation,uci-372,21,6,1,real_independent_shadow_target_cross_release,matched_kmeans,release_3,random_forest,0.99,1200,600,80,0.275,official UCI static HTRU_2.csv,0.6851666666666667,0.6776128376991252,0.08166666666666667,
uci-372,uci-372_labeled_train_validation,uci-372,21,6,2,real_independent_shadow_target_cross_release,granular_ball,release_3,logistic,0.99,1200,600,56,0.48214285714285715,official UCI static HTRU_2.csv,0.5922750000000001,0.590324364467879,0.02666666666666667,
uci-372,uci-372_labeled_train_validation,uci-372,21,6,2,real_independent_shadow_target_cross_release,granular_ball,release_3,random_forest,0.99,1200,600,56,0.48214285714285715,official UCI static HTRU_2.csv,0.5888277777777777,0.6123564546354199,0.075,
uci-372,uci-372_labeled_train_validation,uci-372,21,6,2,real_independent_shadow_target_cross_release,matched_kmeans,release_3,logistic,0.99,1200,600,56,0.19642857142857142,official UCI static HTRU_2.csv,0.674875,0.6568722869691144,0.041666666666666664,
uci-372,uci-372_labeled_train_validation,uci-372,21,6,2,real_independent_shadow_target_cross_release,matched_kmeans,release_3,random_forest,0.99,1200,600,56,0.19642857142857142,official UCI static HTRU_2.csv,0.6468250000000001,0.6401743252582046,0.056666666666666664,
uci-372,uci-372_labeled_train_validation,uci-372,21,6,3,real_independent_shadow_target_cross_release,granular_ball,release_3,logistic,0.99,1200,600,46,0.43478260869565216,official UCI static HTRU_2.csv,0.585475,0.5815789721060977,0.03,
uci-372,uci-372_labeled_train_validation,uci-372,21,6,3,real_independent_shadow_target_cross_release,granular_ball,release_3,random_forest,0.99,1200,600,46,0.43478260869565216,official UCI static HTRU_2.csv,0.5992305555555555,0.6261511345463493,0.08,
uci-372,uci-372_labeled_train_validation,uci-372,21,6,3,real_independent_shadow_target_cross_release,matched_kmeans,release_3,logistic,0.99,1200,600,46,0.15217391304347827,official UCI static HTRU_2.csv,0.6483500000000001,0.6246489373995647,0.03333333333333333,
uci-372,uci-372_labeled_train_validation,uci-372,21,6,3,real_independent_shadow_target_cross_release,matched_kmeans,release_3,random_forest,0.99,1200,600,46,0.15217391304347827,official UCI static HTRU_2.csv,0.6049472222222222,0.5929950592045119,0.03666666666666667,
uci-372,uci-372_labeled_train_validation,uci-372,21,6,4,real_independent_shadow_target_cross_release,granular_ball,release_3,logistic,0.99,1200,600,56,0.5,official UCI static HTRU_2.csv,0.5947444444444445,0.5762625740118629,0.023333333333333334,
uci-372,uci-372_labeled_train_validation,uci-372,21,6,4,real_independent_shadow_target_cross_release,granular_ball,release_3,random_forest,0.99,1200,600,56,0.5,official UCI static HTRU_2.csv,0.5952638888888889,0.6344153504565399,0.09333333333333334,
uci-372,uci-372_labeled_train_validation,uci-372,21,6,4,real_independent_shadow_target_cross_release,matched_kmeans,release_3,logistic,0.99,1200,600,56,0.26785714285714285,official UCI static HTRU_2.csv,0.6599055555555555,0.6444070538662925,0.04833333333333333,
uci-372,uci-372_labeled_train_validation,uci-372,21,6,4,real_independent_shadow_target_cross_release,matched_kmeans,release_3,random_forest,0.99,1200,600,56,0.26785714285714285,official UCI static HTRU_2.csv,0.6235472222222223,0.6147168845642221,0.045,
uci-602,uci-602_labeled_train_validation,uci-602,1,6,0,real_independent_shadow_target_cross_release,granular_ball,release_1,logistic,0.9,1200,600,86,0.6627906976744186,official UCI static Dry_Bean_Dataset.arff,0.5945722222222222,0.5982694660185457,0.015,
uci-602,uci-602_labeled_train_validation,uci-602,1,6,0,real_independent_shadow_target_cross_release,granular_ball,release_1,random_forest,0.9,1200,600,86,0.6627906976744186,official UCI static Dry_Bean_Dataset.arff,0.6260611111111111,0.6581373155641225,0.12,
uci-602,uci-602_labeled_train_validation,uci-602,1,6,0,real_independent_shadow_target_cross_release,matched_kmeans,release_1,logistic,0.9,1200,600,86,0.2441860465116279,official UCI static Dry_Bean_Dataset.arff,0.7497333333333334,0.7402156301617615,0.10833333333333334,
uci-602,uci-602_labeled_train_validation,uci-602,1,6,0,real_independent_shadow_target_cross_release,matched_kmeans,release_1,random_forest,0.9,1200,600,86,0.2441860465116279,official UCI static Dry_Bean_Dataset.arff,0.7074555555555555,0.6972227456443287,0.07333333333333333,
uci-602,uci-602_labeled_train_validation,uci-602,1,6,1,real_independent_shadow_target_cross_release,granular_ball,release_1,logistic,0.9,1200,600,90,0.7333333333333333,official UCI static Dry_Bean_Dataset.arff,0.5817805555555555,0.5951873070051605,0.015,
uci-602,uci-602_labeled_train_validation,uci-602,1,6,1,real_independent_shadow_target_cross_release,granular_ball,release_1,random_forest,0.9,1200,600,90,0.7333333333333333,official UCI static Dry_Bean_Dataset.arff,0.5848458333333334,0.6327220234802291,0.09833333333333333,
uci-602,uci-602_labeled_train_validation,uci-602,1,6,1,real_independent_shadow_target_cross_release,matched_kmeans,release_1,logistic,0.9,1200,600,90,0.26666666666666666,official UCI static Dry_Bean_Dataset.arff,0.7204416666666666,0.7247189050357692,0.10833333333333334,
uci-602,uci-602_labeled_train_validation,uci-602,1,6,1,real_independent_shadow_target_cross_release,matched_kmeans,release_1,random_forest,0.9,1200,600,90,0.26666666666666666,official UCI static Dry_Bean_Dataset.arff,0.6923236111111111,0.691097701779579,0.07666666666666666,
uci-602,uci-602_labeled_train_validation,uci-602,1,6,2,real_independent_shadow_target_cross_release,granular_ball,release_1,logistic,0.9,1200,600,74,0.6621621621621622,official UCI static Dry_Bean_Dataset.arff,0.5697583333333334,0.5827580565735027,0.021666666666666667,
uci-602,uci-602_labeled_train_validation,uci-602,1,6,2,real_independent_shadow_target_cross_release,granular_ball,release_1,random_forest,0.9,1200,600,74,0.6621621621621622,official UCI static Dry_Bean_Dataset.arff,0.6002763888888889,0.6345261656225123,0.09333333333333334,
uci-602,uci-602_labeled_train_validation,uci-602,1,6,2,real_independent_shadow_target_cross_release,matched_kmeans,release_1,logistic,0.9,1200,600,74,0.2702702702702703,official UCI static Dry_Bean_Dataset.arff,0.6841055555555555,0.6801372258093179,0.08,
uci-602,uci-602_labeled_train_validation,uci-602,1,6,2,real_independent_shadow_target_cross_release,matched_kmeans,release_1,random_forest,0.9,1200,600,74,0.2702702702702703,official UCI static Dry_Bean_Dataset.arff,0.6678333333333333,0.6604910095416218,0.065,
uci-602,uci-602_labeled_train_validation,uci-602,1,6,3,real_independent_shadow_target_cross_release,granular_ball,release_1,logistic,0.9,1200,600,100,0.7,official UCI static Dry_Bean_Dataset.arff,0.6137472222222222,0.6259851551006602,0.01,
uci-602,uci-602_labeled_train_validation,uci-602,1,6,3,real_independent_shadow_target_cross_release,granular_ball,release_1,random_forest,0.9,1200,600,100,0.7,official UCI static Dry_Bean_Dataset.arff,0.6030194444444444,0.6381111186288259,0.09166666666666666,
uci-602,uci-602_labeled_train_validation,uci-602,1,6,3,real_independent_shadow_target_cross_release,matched_kmeans,release_1,logistic,0.9,1200,600,100,0.3,official UCI static Dry_Bean_Dataset.arff,0.7464305555555557,0.7451635841220933,0.105,
uci-602,uci-602_labeled_train_validation,uci-602,1,6,3,real_independent_shadow_target_cross_release,matched_kmeans,release_1,random_forest,0.9,1200,600,100,0.3,official UCI static Dry_Bean_Dataset.arff,0.7172111111111111,0.6980548020262098,0.065,
uci-602,uci-602_labeled_train_validation,uci-602,1,6,4,real_independent_shadow_target_cross_release,granular_ball,release_1,logistic,0.9,1200,600,82,0.6585365853658537,official UCI static Dry_Bean_Dataset.arff,0.5849166666666668,0.5849773821539634,0.023333333333333334,
uci-602,uci-602_labeled_train_validation,uci-602,1,6,4,real_independent_shadow_target_cross_release,granular_ball,release_1,random_forest,0.9,1200,600,82,0.6585365853658537,official UCI static Dry_Bean_Dataset.arff,0.5709055555555556,0.616371001569479,0.09,
uci-602,uci-602_labeled_train_validation,uci-602,1,6,4,real_independent_shadow_target_cross_release,matched_kmeans,release_1,logistic,0.9,1200,600,82,0.2073170731707317,official UCI static Dry_Bean_Dataset.arff,0.7012222222222222,0.7012513984401644,0.09,
uci-602,uci-602_labeled_train_validation,uci-602,1,6,4,real_independent_shadow_target_cross_release,matched_kmeans,release_1,random_forest,0.9,1200,600,82,0.2073170731707317,official UCI static Dry_Bean_Dataset.arff,0.678375,0.6792708149951,0.1,
uci-602,uci-602_labeled_train_validation,uci-602,1,6,0,real_independent_shadow_target_cross_release,granular_ball,release_2,logistic,0.9,1200,600,86,0.6627906976744186,official UCI static Dry_Bean_Dataset.arff,0.616075,0.6117308992983443,0.016666666666666666,
uci-602,uci-602_labeled_train_validation,uci-602,1,6,0,real_independent_shadow_target_cross_release,granular_ball,release_2,random_forest,0.9,1200,600,86,0.6627906976744186,official UCI static Dry_Bean_Dataset.arff,0.6415736111111111,0.6842496776731379,0.17166666666666666,
uci-602,uci-602_labeled_train_validation,uci-602,1,6,0,real_independent_shadow_target_cross_release,matched_kmeans,release_2,logistic,0.9,1200,600,86,0.2441860465116279,official UCI static Dry_Bean_Dataset.arff,0.7569416666666667,0.7440905163012941,0.095,
uci-602,uci-602_labeled_train_validation,uci-602,1,6,0,real_independent_shadow_target_cross_release,matched_kmeans,release_2,random_forest,0.9,1200,600,86,0.2441860465116279,official UCI static Dry_Bean_Dataset.arff,0.7299041666666666,0.7256849810839154,0.06833333333333333,
uci-602,uci-602_labeled_train_validation,uci-602,1,6,1,real_independent_shadow_target_cross_release,granular_ball,release_2,logistic,0.9,1200,600,90,0.7333333333333333,official UCI static Dry_Bean_Dataset.arff,0.6002722222222222,0.6044991525105973,0.025,
uci-602,uci-602_labeled_train_validation,uci-602,1,6,1,real_independent_shadow_target_cross_release,granular_ball,release_2,random_forest,0.9,1200,600,90,0.7333333333333333,official UCI static Dry_Bean_Dataset.arff,0.64305,0.6847450755442663,0.17,
uci-602,uci-602_labeled_train_validation,uci-602,1,6,1,real_independent_shadow_target_cross_release,matched_kmeans,release_2,logistic,0.9,1200,600,90,0.26666666666666666,official UCI static Dry_Bean_Dataset.arff,0.73425,0.7274253331311744,0.07833333333333334,
uci-602,uci-602_labeled_train_validation,uci-602,1,6,1,real_independent_shadow_target_cross_release,matched_kmeans,release_2,random_forest,0.9,1200,600,90,0.26666666666666666,official UCI static Dry_Bean_Dataset.arff,0.7088583333333333,0.702491352762637,0.085,
uci-602,uci-602_labeled_train_validation,uci-602,1,6,2,real_independent_shadow_target_cross_release,granular_ball,release_2,logistic,0.9,1200,600,74,0.6621621621621622,official UCI static Dry_Bean_Dataset.arff,0.5753472222222222,0.5775230944033676,0.03333333333333333,
uci-602,uci-602_labeled_train_validation,uci-602,1,6,2,real_independent_shadow_target_cross_release,granular_ball,release_2,random_forest,0.9,1200,600,74,0.6621621621621622,official UCI static Dry_Bean_Dataset.arff,0.6267722222222223,0.6539144388928407,0.12833333333333333,
uci-602,uci-602_labeled_train_validation,uci-602,1,6,2,real_independent_shadow_target_cross_release,matched_kmeans,release_2,logistic,0.9,1200,600,74,0.2702702702702703,official UCI static Dry_Bean_Dataset.arff,0.6976722222222221,0.6869683362282244,0.07,
uci-602,uci-602_labeled_train_validation,uci-602,1,6,2,real_independent_shadow_target_cross_release,matched_kmeans,release_2,random_forest,0.9,1200,600,74,0.2702702702702703,official UCI static Dry_Bean_Dataset.arff,0.6834902777777778,0.6784061534424971,0.08,
uci-602,uci-602_labeled_train_validation,uci-602,1,6,3,real_independent_shadow_target_cross_release,granular_ball,release_2,logistic,0.9,1200,600,100,0.7,official UCI static Dry_Bean_Dataset.arff,0.6328916666666666,0.6274035314927497,0.013333333333333334,
uci-602,uci-602_labeled_train_validation,uci-602,1,6,3,real_independent_shadow_target_cross_release,granular_ball,release_2,random_forest,0.9,1200,600,100,0.7,official UCI static Dry_Bean_Dataset.arff,0.6764888888888889,0.7145761828627051,0.19666666666666666,
uci-602,uci-602_labeled_train_validation,uci-602,1,6,3,real_independent_shadow_target_cross_release,matched_kmeans,release_2,logistic,0.9,1200,600,100,0.3,official UCI static Dry_Bean_Dataset.arff,0.7602749999999999,0.7515336267328092,0.13,
uci-602,uci-602_labeled_train_validation,uci-602,1,6,3,real_independent_shadow_target_cross_release,matched_kmeans,release_2,random_forest,0.9,1200,600,100,0.3,official UCI static Dry_Bean_Dataset.arff,0.7512166666666668,0.735071300332233,0.1,
uci-602,uci-602_labeled_train_validation,uci-602,1,6,4,real_independent_shadow_target_cross_release,granular_ball,release_2,logistic,0.9,1200,600,82,0.6585365853658537,official UCI static Dry_Bean_Dataset.arff,0.5854833333333334,0.57835982616244,0.011666666666666667,
uci-602,uci-602_labeled_train_validation,uci-602,1,6,4,real_independent_shadow_target_cross_release,granular_ball,release_2,random_forest,0.9,1200,600,82,0.6585365853658537,official UCI static Dry_Bean_Dataset.arff,0.6195333333333333,0.6563751395600927,0.155,
uci-602,uci-602_labeled_train_validation,uci-602,1,6,4,real_independent_shadow_target_cross_release,matched_kmeans,release_2,logistic,0.9,1200,600,82,0.2073170731707317,official UCI static Dry_Bean_Dataset.arff,0.7135111111111111,0.7005111217567095,0.09666666666666666,
uci-602,uci-602_labeled_train_validation,uci-602,1,6,4,real_independent_shadow_target_cross_release,matched_kmeans,release_2,random_forest,0.9,1200,600,82,0.2073170731707317,official UCI static Dry_Bean_Dataset.arff,0.7038416666666667,0.6950170087153527,0.08833333333333333,
uci-602,uci-602_labeled_train_validation,uci-602,1,6,0,real_independent_shadow_target_cross_release,granular_ball,release_3,logistic,0.9,1200,600,86,0.6627906976744186,official UCI static Dry_Bean_Dataset.arff,0.6210722222222222,0.6133628791225463,0.03166666666666667,
uci-602,uci-602_labeled_train_validation,uci-602,1,6,0,real_independent_shadow_target_cross_release,granular_ball,release_3,random_forest,0.9,1200,600,86,0.6627906976744186,official UCI static Dry_Bean_Dataset.arff,0.6760097222222223,0.7103388811794176,0.17833333333333334,
uci-602,uci-602_labeled_train_validation,uci-602,1,6,0,real_independent_shadow_target_cross_release,matched_kmeans,release_3,logistic,0.9,1200,600,86,0.2441860465116279,official UCI static Dry_Bean_Dataset.arff,0.7606777777777778,0.7452327891874202,0.09333333333333334,
uci-602,uci-602_labeled_train_validation,uci-602,1,6,0,real_independent_shadow_target_cross_release,matched_kmeans,release_3,random_forest,0.9,1200,600,86,0.2441860465116279,official UCI static Dry_Bean_Dataset.arff,0.7391416666666667,0.7346117021501699,0.12,
uci-602,uci-602_labeled_train_validation,uci-602,1,6,1,real_independent_shadow_target_cross_release,granular_ball,release_3,logistic,0.9,1200,600,90,0.7333333333333333,official UCI static Dry_Bean_Dataset.arff,0.5995055555555555,0.6079644045679808,0.045,
uci-602,uci-602_labeled_train_validation,uci-602,1,6,1,real_independent_shadow_target_cross_release,granular_ball,release_3,random_forest,0.9,1200,600,90,0.7333333333333333,official UCI static Dry_Bean_Dataset.arff,0.6677333333333333,0.7025351195549998,0.18833333333333332,
uci-602,uci-602_labeled_train_validation,uci-602,1,6,1,real_independent_shadow_target_cross_release,matched_kmeans,release_3,logistic,0.9,1200,600,90,0.26666666666666666,official UCI static Dry_Bean_Dataset.arff,0.7352277777777778,0.7252319919964667,0.075,
uci-602,uci-602_labeled_train_validation,uci-602,1,6,1,real_independent_shadow_target_cross_release,matched_kmeans,release_3,random_forest,0.9,1200,600,90,0.26666666666666666,official UCI static Dry_Bean_Dataset.arff,0.7247694444444445,0.7214435775472454,0.115,
uci-602,uci-602_labeled_train_validation,uci-602,1,6,2,real_independent_shadow_target_cross_release,granular_ball,release_3,logistic,0.9,1200,600,74,0.6621621621621622,official UCI static Dry_Bean_Dataset.arff,0.582138888888889,0.5804360380579392,0.03666666666666667,
uci-602,uci-602_labeled_train_validation,uci-602,1,6,2,real_independent_shadow_target_cross_release,granular_ball,release_3,random_forest,0.9,1200,600,74,0.6621621621621622,official UCI static Dry_Bean_Dataset.arff,0.6406305555555556,0.6638484946910148,0.12833333333333333,
uci-602,uci-602_labeled_train_validation,uci-602,1,6,2,real_independent_shadow_target_cross_release,matched_kmeans,release_3,logistic,0.9,1200,600,74,0.2702702702702703,official UCI static Dry_Bean_Dataset.arff,0.7021916666666668,0.69056371267964,0.07666666666666666,
uci-602,uci-602_labeled_train_validation,uci-602,1,6,2,real_independent_shadow_target_cross_release,matched_kmeans,release_3,random_forest,0.9,1200,600,74,0.2702702702702703,official UCI static Dry_Bean_Dataset.arff,0.7032,0.6974514900071438,0.1,
uci-602,uci-602_labeled_train_validation,uci-602,1,6,3,real_independent_shadow_target_cross_release,granular_ball,release_3,logistic,0.9,1200,600,100,0.7,official UCI static Dry_Bean_Dataset.arff,0.6292111111111112,0.633594193842002,0.03,
uci-602,uci-602_labeled_train_validation,uci-602,1,6,3,real_independent_shadow_target_cross_release,granular_ball,release_3,random_forest,0.9,1200,600,100,0.7,official UCI static Dry_Bean_Dataset.arff,0.6957777777777777,0.7300302691362741,0.20666666666666667,
uci-602,uci-602_labeled_train_validation,uci-602,1,6,3,real_independent_shadow_target_cross_release,matched_kmeans,release_3,logistic,0.9,1200,600,100,0.3,official UCI static Dry_Bean_Dataset.arff,0.7612055555555556,0.7470184204023895,0.115,
uci-602,uci-602_labeled_train_validation,uci-602,1,6,3,real_independent_shadow_target_cross_release,matched_kmeans,release_3,random_forest,0.9,1200,600,100,0.3,official UCI static Dry_Bean_Dataset.arff,0.7678333333333334,0.7556308372915337,0.135,
uci-602,uci-602_labeled_train_validation,uci-602,1,6,4,real_independent_shadow_target_cross_release,granular_ball,release_3,logistic,0.9,1200,600,82,0.6585365853658537,official UCI static Dry_Bean_Dataset.arff,0.5894611111111112,0.5887850283638822,0.03833333333333333,
uci-602,uci-602_labeled_train_validation,uci-602,1,6,4,real_independent_shadow_target_cross_release,granular_ball,release_3,random_forest,0.9,1200,600,82,0.6585365853658537,official UCI static Dry_Bean_Dataset.arff,0.633486111111111,0.6644547791254197,0.14833333333333334,
uci-602,uci-602_labeled_train_validation,uci-602,1,6,4,real_independent_shadow_target_cross_release,matched_kmeans,release_3,logistic,0.9,1200,600,82,0.2073170731707317,official UCI static Dry_Bean_Dataset.arff,0.7185555555555555,0.7023270276338451,0.085,
uci-602,uci-602_labeled_train_validation,uci-602,1,6,4,real_independent_shadow_target_cross_release,matched_kmeans,release_3,random_forest,0.9,1200,600,82,0.2073170731707317,official UCI static Dry_Bean_Dataset.arff,0.7175555555555556,0.702276313228335,0.08166666666666667,
uci-602,uci-602_labeled_train_validation,uci-602,1,6,0,real_independent_shadow_target_cross_release,granular_ball,release_1,logistic,0.95,1200,600,126,0.6507936507936508,official UCI static Dry_Bean_Dataset.arff,0.6620444444444444,0.6734162589499397,0.02,
uci-602,uci-602_labeled_train_validation,uci-602,1,6,0,real_independent_shadow_target_cross_release,granular_ball,release_1,random_forest,0.95,1200,600,126,0.6507936507936508,official UCI static Dry_Bean_Dataset.arff,0.6477847222222222,0.6894513016693621,0.15333333333333332,
uci-602,uci-602_labeled_train_validation,uci-602,1,6,0,real_independent_shadow_target_cross_release,matched_kmeans,release_1,logistic,0.95,1200,600,126,0.3968253968253968,official UCI static Dry_Bean_Dataset.arff,0.7883527777777777,0.7916131387143764,0.14333333333333334,
uci-602,uci-602_labeled_train_validation,uci-602,1,6,0,real_independent_shadow_target_cross_release,matched_kmeans,release_1,random_forest,0.95,1200,600,126,0.3968253968253968,official UCI static Dry_Bean_Dataset.arff,0.7607041666666667,0.7612760454743643,0.145,
uci-602,uci-602_labeled_train_validation,uci-602,1,6,1,real_independent_shadow_target_cross_release,granular_ball,release_1,logistic,0.95,1200,600,131,0.7175572519083969,official UCI static Dry_Bean_Dataset.arff,0.642875,0.6612615732001358,0.016666666666666666,
uci-602,uci-602_labeled_train_validation,uci-602,1,6,1,real_independent_shadow_target_cross_release,granular_ball,release_1,random_forest,0.95,1200,600,131,0.7175572519083969,official UCI static Dry_Bean_Dataset.arff,0.6577902777777778,0.698635193608782,0.145,
uci-602,uci-602_labeled_train_validation,uci-602,1,6,1,real_independent_shadow_target_cross_release,matched_kmeans,release_1,logistic,0.95,1200,600,131,0.3893129770992366,official UCI static Dry_Bean_Dataset.arff,0.7754833333333334,0.7817603110870803,0.18166666666666667,
uci-602,uci-602_labeled_train_validation,uci-602,1,6,1,real_independent_shadow_target_cross_release,matched_kmeans,release_1,random_forest,0.95,1200,600,131,0.3893129770992366,official UCI static Dry_Bean_Dataset.arff,0.7555236111111111,0.7610832442933361,0.16,
uci-602,uci-602_labeled_train_validation,uci-602,1,6,2,real_independent_shadow_target_cross_release,granular_ball,release_1,logistic,0.95,1200,600,128,0.65625,official UCI static Dry_Bean_Dataset.arff,0.6332555555555556,0.6563692072162303,0.03166666666666667,
uci-602,uci-602_labeled_train_validation,uci-602,1,6,2,real_independent_shadow_target_cross_release,granular_ball,release_1,random_forest,0.95,1200,600,128,0.65625,official UCI static Dry_Bean_Dataset.arff,0.6468583333333333,0.6912912846280432,0.14,
uci-602,uci-602_labeled_train_validation,uci-602,1,6,2,real_independent_shadow_target_cross_release,matched_kmeans,release_1,logistic,0.95,1200,600,128,0.421875,official UCI static Dry_Bean_Dataset.arff,0.7860555555555556,0.776321093403905,0.12333333333333334,
uci-602,uci-602_labeled_train_validation,uci-602,1,6,2,real_independent_shadow_target_cross_release,matched_kmeans,release_1,random_forest,0.95,1200,600,128,0.421875,official UCI static Dry_Bean_Dataset.arff,0.7537305555555556,0.74332032289498,0.095,
uci-602,uci-602_labeled_train_validation,uci-602,1,6,3,real_independent_shadow_target_cross_release,granular_ball,release_1,logistic,0.95,1200,600,120,0.6833333333333333,official UCI static Dry_Bean_Dataset.arff,0.6446583333333333,0.6540939239154018,0.01,
uci-602,uci-602_labeled_train_validation,uci-602,1,6,3,real_independent_shadow_target_cross_release,granular_ball,release_1,random_forest,0.95,1200,600,120,0.6833333333333333,official UCI static Dry_Bean_Dataset.arff,0.6516097222222222,0.6790987728828726,0.09333333333333334,
uci-602,uci-602_labeled_train_validation,uci-602,1,6,3,real_independent_shadow_target_cross_release,matched_kmeans,release_1,logistic,0.95,1200,600,120,0.375,official UCI static Dry_Bean_Dataset.arff,0.7733555555555556,0.7741824532185765,0.15666666666666668,
uci-602,uci-602_labeled_train_validation,uci-602,1,6,3,real_independent_shadow_target_cross_release,matched_kmeans,release_1,random_forest,0.95,1200,600,120,0.375,official UCI static Dry_Bean_Dataset.arff,0.7523694444444444,0.7491719181517519,0.10666666666666667,
uci-602,uci-602_labeled_train_validation,uci-602,1,6,4,real_independent_shadow_target_cross_release,granular_ball,release_1,logistic,0.95,1200,600,115,0.6521739130434783,official UCI static Dry_Bean_Dataset.arff,0.6269194444444445,0.6301745712156037,0.02666666666666667,
uci-602,uci-602_labeled_train_validation,uci-602,1,6,4,real_independent_shadow_target_cross_release,granular_ball,release_1,random_forest,0.95,1200,600,115,0.6521739130434783,official UCI static Dry_Bean_Dataset.arff,0.6197791666666667,0.6486095281465887,0.12333333333333334,
uci-602,uci-602_labeled_train_validation,uci-602,1,6,4,real_independent_shadow_target_cross_release,matched_kmeans,release_1,logistic,0.95,1200,600,115,0.26956521739130435,official UCI static Dry_Bean_Dataset.arff,0.7505333333333335,0.7506801287379893,0.12833333333333333,
uci-602,uci-602_labeled_train_validation,uci-602,1,6,4,real_independent_shadow_target_cross_release,matched_kmeans,release_1,random_forest,0.95,1200,600,115,0.26956521739130435,official UCI static Dry_Bean_Dataset.arff,0.7371986111111111,0.7341933758825112,0.13,
uci-602,uci-602_labeled_train_validation,uci-602,1,6,0,real_independent_shadow_target_cross_release,granular_ball,release_2,logistic,0.95,1200,600,126,0.6507936507936508,official UCI static Dry_Bean_Dataset.arff,0.6787277777777777,0.6711929140404822,0.02666666666666667,
uci-602,uci-602_labeled_train_validation,uci-602,1,6,0,real_independent_shadow_target_cross_release,granular_ball,release_2,random_forest,0.95,1200,600,126,0.6507936507936508,official UCI static Dry_Bean_Dataset.arff,0.7187055555555555,0.7529404585125861,0.25333333333333335,
uci-602,uci-602_labeled_train_validation,uci-602,1,6,0,real_independent_shadow_target_cross_release,matched_kmeans,release_2,logistic,0.95,1200,600,126,0.3968253968253968,official UCI static Dry_Bean_Dataset.arff,0.7973694444444444,0.7914030129762519,0.14833333333333334,
uci-602,uci-602_labeled_train_validation,uci-602,1,6,0,real_independent_shadow_target_cross_release,matched_kmeans,release_2,random_forest,0.95,1200,600,126,0.3968253968253968,official UCI static Dry_Bean_Dataset.arff,0.7848055555555555,0.785268880502338,0.18166666666666667,
uci-602,uci-602_labeled_train_validation,uci-602,1,6,1,real_independent_shadow_target_cross_release,granular_ball,release_2,logistic,0.95,1200,600,131,0.7175572519083969,official UCI static Dry_Bean_Dataset.arff,0.6697916666666667,0.6738193059200391,0.015,
uci-602,uci-602_labeled_train_validation,uci-602,1,6,1,real_independent_shadow_target_cross_release,granular_ball,release_2,random_forest,0.95,1200,600,131,0.7175572519083969,official UCI static Dry_Bean_Dataset.arff,0.7350972222222222,0.7685231591339652,0.24666666666666667,
uci-602,uci-602_labeled_train_validation,uci-602,1,6,1,real_independent_shadow_target_cross_release,matched_kmeans,release_2,logistic,0.95,1200,600,131,0.3893129770992366,official UCI static Dry_Bean_Dataset.arff,0.797138888888889,0.7900770153839095,0.16166666666666665,
uci-602,uci-602_labeled_train_validation,uci-602,1,6,1,real_independent_shadow_target_cross_release,matched_kmeans,release_2,random_forest,0.95,1200,600,131,0.3893129770992366,official UCI static Dry_Bean_Dataset.arff,0.7960680555555556,0.7946233547260784,0.17666666666666667,
uci-602,uci-602_labeled_train_validation,uci-602,1,6,2,real_independent_shadow_target_cross_release,granular_ball,release_2,logistic,0.95,1200,600,128,0.65625,official UCI static Dry_Bean_Dataset.arff,0.6457194444444445,0.632638377607389,0.028333333333333332,
uci-602,uci-602_labeled_train_validation,uci-602,1,6,2,real_independent_shadow_target_cross_release,granular_ball,release_2,random_forest,0.95,1200,600,128,0.65625,official UCI static Dry_Bean_Dataset.arff,0.7014041666666668,0.7330853758088233,0.21666666666666667,
uci-602,uci-602_labeled_train_validation,uci-602,1,6,2,real_independent_shadow_target_cross_release,matched_kmeans,release_2,logistic,0.95,1200,600,128,0.421875,official UCI static Dry_Bean_Dataset.arff,0.8008416666666667,0.7828397683665638,0.13,
uci-602,uci-602_labeled_train_validation,uci-602,1,6,2,real_independent_shadow_target_cross_release,matched_kmeans,release_2,random_forest,0.95,1200,600,128,0.421875,official UCI static Dry_Bean_Dataset.arff,0.7884694444444444,0.7806996794973485,0.12,
uci-602,uci-602_labeled_train_validation,uci-602,1,6,3,real_independent_shadow_target_cross_release,granular_ball,release_2,logistic,0.95,1200,600,120,0.6833333333333333,official UCI static Dry_Bean_Dataset.arff,0.6611250000000002,0.6632760338300219,0.016666666666666666,
uci-602,uci-602_labeled_train_validation,uci-602,1,6,3,real_independent_shadow_target_cross_release,granular_ball,release_2,random_forest,0.95,1200,600,120,0.6833333333333333,official UCI static Dry_Bean_Dataset.arff,0.7153624999999999,0.7436452034179828,0.22333333333333333,
uci-602,uci-602_labeled_train_validation,uci-602,1,6,3,real_independent_shadow_target_cross_release,matched_kmeans,release_2,logistic,0.95,1200,600,120,0.375,official UCI static Dry_Bean_Dataset.arff,0.7873666666666668,0.7763258106998033,0.12333333333333334,
uci-602,uci-602_labeled_train_validation,uci-602,1,6,3,real_independent_shadow_target_cross_release,matched_kmeans,release_2,random_forest,0.95,1200,600,120,0.375,official UCI static Dry_Bean_Dataset.arff,0.7722402777777777,0.7671870659039128,0.14166666666666666,
uci-602,uci-602_labeled_train_validation,uci-602,1,6,4,real_independent_shadow_target_cross_release,granular_ball,release_2,logistic,0.95,1200,600,115,0.6521739130434783,official UCI static Dry_Bean_Dataset.arff,0.6347194444444444,0.6266768409150832,0.03,
uci-602,uci-602_labeled_train_validation,uci-602,1,6,4,real_independent_shadow_target_cross_release,granular_ball,release_2,random_forest,0.95,1200,600,115,0.6521739130434783,official UCI static Dry_Bean_Dataset.arff,0.7034277777777778,0.7332324454804255,0.19333333333333333,
uci-602,uci-602_labeled_train_validation,uci-602,1,6,4,real_independent_shadow_target_cross_release,matched_kmeans,release_2,logistic,0.95,1200,600,115,0.26956521739130435,official UCI static Dry_Bean_Dataset.arff,0.7620055555555556,0.7551656157031847,0.10833333333333334,
uci-602,uci-602_labeled_train_validation,uci-602,1,6,4,real_independent_shadow_target_cross_release,matched_kmeans,release_2,random_forest,0.95,1200,600,115,0.26956521739130435,official UCI static Dry_Bean_Dataset.arff,0.7534027777777778,0.7416881813006044,0.12,
uci-602,uci-602_labeled_train_validation,uci-602,1,6,0,real_independent_shadow_target_cross_release,granular_ball,release_3,logistic,0.95,1200,600,126,0.6507936507936508,official UCI static Dry_Bean_Dataset.arff,0.6858083333333334,0.6821485814852288,0.04833333333333333,
uci-602,uci-602_labeled_train_validation,uci-602,1,6,0,real_independent_shadow_target_cross_release,granular_ball,release_3,random_forest,0.95,1200,600,126,0.6507936507936508,official UCI static Dry_Bean_Dataset.arff,0.7439805555555556,0.7743013277350498,0.25333333333333335,
uci-602,uci-602_labeled_train_validation,uci-602,1,6,0,real_independent_shadow_target_cross_release,matched_kmeans,release_3,logistic,0.95,1200,600,126,0.3968253968253968,official UCI static Dry_Bean_Dataset.arff,0.8003694444444445,0.7924533783608877,0.14833333333333334,
uci-602,uci-602_labeled_train_validation,uci-602,1,6,0,real_independent_shadow_target_cross_release,matched_kmeans,release_3,random_forest,0.95,1200,600,126,0.3968253968253968,official UCI static Dry_Bean_Dataset.arff,0.7992944444444445,0.796048786028587,0.17166666666666666,
uci-602,uci-602_labeled_train_validation,uci-602,1,6,1,real_independent_shadow_target_cross_release,granular_ball,release_3,logistic,0.95,1200,600,131,0.7175572519083969,official UCI static Dry_Bean_Dataset.arff,0.6727083333333334,0.686366582402438,0.09666666666666666,
uci-602,uci-602_labeled_train_validation,uci-602,1,6,1,real_independent_shadow_target_cross_release,granular_ball,release_3,random_forest,0.95,1200,600,131,0.7175572519083969,official UCI static Dry_Bean_Dataset.arff,0.744211111111111,0.7714561243781767,0.25833333333333336,
uci-602,uci-602_labeled_train_validation,uci-602,1,6,1,real_independent_shadow_target_cross_release,matched_kmeans,release_3,logistic,0.95,1200,600,131,0.3893129770992366,official UCI static Dry_Bean_Dataset.arff,0.7996666666666666,0.7889164270619367,0.155,
uci-602,uci-602_labeled_train_validation,uci-602,1,6,1,real_independent_shadow_target_cross_release,matched_kmeans,release_3,random_forest,0.95,1200,600,131,0.3893129770992366,official UCI static Dry_Bean_Dataset.arff,0.8076777777777778,0.8026346738869783,0.17666666666666667,
uci-602,uci-602_labeled_train_validation,uci-602,1,6,2,real_independent_shadow_target_cross_release,granular_ball,release_3,logistic,0.95,1200,600,128,0.65625,official UCI static Dry_Bean_Dataset.arff,0.6566861111111111,0.6420686843025223,0.03,
uci-602,uci-602_labeled_train_validation,uci-602,1,6,2,real_independent_shadow_target_cross_release,granular_ball,release_3,random_forest,0.95,1200,600,128,0.65625,official UCI static Dry_Bean_Dataset.arff,0.7104583333333334,0.7402690374192987,0.22833333333333333,
uci-602,uci-602_labeled_train_validation,uci-602,1,6,2,real_independent_shadow_target_cross_release,matched_kmeans,release_3,logistic,0.95,1200,600,128,0.421875,official UCI static Dry_Bean_Dataset.arff,0.8020916666666668,0.7821396131297758,0.13666666666666666,
uci-602,uci-602_labeled_train_validation,uci-602,1,6,2,real_independent_shadow_target_cross_release,matched_kmeans,release_3,random_forest,0.95,1200,600,128,0.421875,official UCI static Dry_Bean_Dataset.arff,0.8024361111111111,0.7979578374783372,0.17833333333333334,
uci-602,uci-602_labeled_train_validation,uci-602,1,6,3,real_independent_shadow_target_cross_release,granular_ball,release_3,logistic,0.95,1200,600,120,0.6833333333333333,official UCI static Dry_Bean_Dataset.arff,0.6612444444444445,0.6733400068029121,0.058333333333333334,
uci-602,uci-602_labeled_train_validation,uci-602,1,6,3,real_independent_shadow_target_cross_release,granular_ball,release_3,random_forest,0.95,1200,600,120,0.6833333333333333,official UCI static Dry_Bean_Dataset.arff,0.7324083333333333,0.7614392916592289,0.23166666666666666,
uci-602,uci-602_labeled_train_validation,uci-602,1,6,3,real_independent_shadow_target_cross_release,matched_kmeans,release_3,logistic,0.95,1200,600,120,0.375,official UCI static Dry_Bean_Dataset.arff,0.7863166666666667,0.7716657423500938,0.10166666666666667,
uci-602,uci-602_labeled_train_validation,uci-602,1,6,3,real_independent_shadow_target_cross_release,matched_kmeans,release_3,random_forest,0.95,1200,600,120,0.375,official UCI static Dry_Bean_Dataset.arff,0.7880638888888889,0.7785466874901353,0.13833333333333334,
uci-602,uci-602_labeled_train_validation,uci-602,1,6,4,real_independent_shadow_target_cross_release,granular_ball,release_3,logistic,0.95,1200,600,115,0.6521739130434783,official UCI static Dry_Bean_Dataset.arff,0.6434277777777778,0.6468820622113942,0.05333333333333334,
uci-602,uci-602_labeled_train_validation,uci-602,1,6,4,real_independent_shadow_target_cross_release,granular_ball,release_3,random_forest,0.95,1200,600,115,0.6521739130434783,official UCI static Dry_Bean_Dataset.arff,0.7139055555555556,0.7421764524298555,0.20166666666666666,
uci-602,uci-602_labeled_train_validation,uci-602,1,6,4,real_independent_shadow_target_cross_release,matched_kmeans,release_3,logistic,0.95,1200,600,115,0.26956521739130435,official UCI static Dry_Bean_Dataset.arff,0.7653916666666667,0.7572670417490186,0.11333333333333333,
uci-602,uci-602_labeled_train_validation,uci-602,1,6,4,real_independent_shadow_target_cross_release,matched_kmeans,release_3,random_forest,0.95,1200,600,115,0.26956521739130435,official UCI static Dry_Bean_Dataset.arff,0.760025,0.7544188816303492,0.16166666666666665,
uci-602,uci-602_labeled_train_validation,uci-602,1,6,0,real_independent_shadow_target_cross_release,granular_ball,release_1,logistic,0.99,1200,600,144,0.6319444444444444,official UCI static Dry_Bean_Dataset.arff,0.7044499999999999,0.6983912420798498,0.016666666666666666,
uci-602,uci-602_labeled_train_validation,uci-602,1,6,0,real_independent_shadow_target_cross_release,granular_ball,release_1,random_forest,0.99,1200,600,144,0.6319444444444444,official UCI static Dry_Bean_Dataset.arff,0.6885111111111112,0.7244366493377608,0.13666666666666666,
uci-602,uci-602_labeled_train_validation,uci-602,1,6,0,real_independent_shadow_target_cross_release,matched_kmeans,release_1,logistic,0.99,1200,600,144,0.4375,official UCI static Dry_Bean_Dataset.arff,0.8086055555555556,0.8103522775887319,0.16333333333333333,
uci-602,uci-602_labeled_train_validation,uci-602,1,6,0,real_independent_shadow_target_cross_release,matched_kmeans,release_1,random_forest,0.99,1200,600,144,0.4375,official UCI static Dry_Bean_Dataset.arff,0.7848000000000002,0.7793293255622087,0.13833333333333334,
uci-602,uci-602_labeled_train_validation,uci-602,1,6,1,real_independent_shadow_target_cross_release,granular_ball,release_1,logistic,0.99,1200,600,153,0.6862745098039216,official UCI static Dry_Bean_Dataset.arff,0.6850583333333333,0.687510395810626,0.016666666666666666,
uci-602,uci-602_labeled_train_validation,uci-602,1,6,1,real_independent_shadow_target_cross_release,granular_ball,release_1,random_forest,0.99,1200,600,153,0.6862745098039216,official UCI static Dry_Bean_Dataset.arff,0.6830805555555556,0.7199046509215881,0.16166666666666665,
uci-602,uci-602_labeled_train_validation,uci-602,1,6,1,real_independent_shadow_target_cross_release,matched_kmeans,release_1,logistic,0.99,1200,600,153,0.43137254901960786,official UCI static Dry_Bean_Dataset.arff,0.8205583333333334,0.829710369091466,0.23166666666666666,
uci-602,uci-602_labeled_train_validation,uci-602,1,6,1,real_independent_shadow_target_cross_release,matched_kmeans,release_1,random_forest,0.99,1200,600,153,0.43137254901960786,official UCI static Dry_Bean_Dataset.arff,0.7936694444444444,0.7984890334124544,0.17666666666666667,
uci-602,uci-602_labeled_train_validation,uci-602,1,6,2,real_independent_shadow_target_cross_release,granular_ball,release_1,logistic,0.99,1200,600,158,0.6392405063291139,official UCI static Dry_Bean_Dataset.arff,0.6939472222222222,0.6973005118387614,0.03,
uci-602,uci-602_labeled_train_validation,uci-602,1,6,2,real_independent_shadow_target_cross_release,granular_ball,release_1,random_forest,0.99,1200,600,158,0.6392405063291139,official UCI static Dry_Bean_Dataset.arff,0.6986833333333333,0.7340047737667172,0.17333333333333334,
uci-602,uci-602_labeled_train_validation,uci-602,1,6,2,real_independent_shadow_target_cross_release,matched_kmeans,release_1,logistic,0.99,1200,600,158,0.46835443037974683,official UCI static Dry_Bean_Dataset.arff,0.8068305555555556,0.7958448064283009,0.16333333333333333,
uci-602,uci-602_labeled_train_validation,uci-602,1,6,2,real_independent_shadow_target_cross_release,matched_kmeans,release_1,random_forest,0.99,1200,600,158,0.46835443037974683,official UCI static Dry_Bean_Dataset.arff,0.7912083333333334,0.7761452541463776,0.15,
uci-602,uci-602_labeled_train_validation,uci-602,1,6,3,real_independent_shadow_target_cross_release,granular_ball,release_1,logistic,0.99,1200,600,155,0.6387096774193548,official UCI static Dry_Bean_Dataset.arff,0.7092222222222222,0.7094706690900032,0.07,
uci-602,uci-602_labeled_train_validation,uci-602,1,6,3,real_independent_shadow_target_cross_release,granular_ball,release_1,random_forest,0.99,1200,600,155,0.6387096774193548,official UCI static Dry_Bean_Dataset.arff,0.6986583333333333,0.7249476370009754,0.14666666666666667,
uci-602,uci-602_labeled_train_validation,uci-602,1,6,3,real_independent_shadow_target_cross_release,matched_kmeans,release_1,logistic,0.99,1200,600,155,0.4258064516129032,official UCI static Dry_Bean_Dataset.arff,0.8089166666666667,0.8075722997764185,0.195,
uci-602,uci-602_labeled_train_validation,uci-602,1,6,3,real_independent_shadow_target_cross_release,matched_kmeans,release_1,random_forest,0.99,1200,600,155,0.4258064516129032,official UCI static Dry_Bean_Dataset.arff,0.7790847222222221,0.7771335864444295,0.14166666666666666,
uci-602,uci-602_labeled_train_validation,uci-602,1,6,4,real_independent_shadow_target_cross_release,granular_ball,release_1,logistic,0.99,1200,600,140,0.6214285714285714,official UCI static Dry_Bean_Dataset.arff,0.6696861111111112,0.6660651534955822,0.025,
uci-602,uci-602_labeled_train_validation,uci-602,1,6,4,real_independent_shadow_target_cross_release,granular_ball,release_1,random_forest,0.99,1200,600,140,0.6214285714285714,official UCI static Dry_Bean_Dataset.arff,0.6632055555555555,0.6999346910892694,0.13666666666666666,
uci-602,uci-602_labeled_train_validation,uci-602,1,6,4,real_independent_shadow_target_cross_release,matched_kmeans,release_1,logistic,0.99,1200,600,140,0.3357142857142857,official UCI static Dry_Bean_Dataset.arff,0.77965,0.7866258938564817,0.18666666666666668,
uci-602,uci-602_labeled_train_validation,uci-602,1,6,4,real_independent_shadow_target_cross_release,matched_kmeans,release_1,random_forest,0.99,1200,600,140,0.3357142857142857,official UCI static Dry_Bean_Dataset.arff,0.7648041666666667,0.7712246331630992,0.20166666666666666,
uci-602,uci-602_labeled_train_validation,uci-602,1,6,0,real_independent_shadow_target_cross_release,granular_ball,release_2,logistic,0.99,1200,600,144,0.6319444444444444,official UCI static Dry_Bean_Dataset.arff,0.7117194444444443,0.6891082290443425,0.016666666666666666,
uci-602,uci-602_labeled_train_validation,uci-602,1,6,0,real_independent_shadow_target_cross_release,granular_ball,release_2,random_forest,0.99,1200,600,144,0.6319444444444444,official UCI static Dry_Bean_Dataset.arff,0.7457138888888889,0.7691860219985027,0.24666666666666667,
uci-602,uci-602_labeled_train_validation,uci-602,1,6,0,real_independent_shadow_target_cross_release,matched_kmeans,release_2,logistic,0.99,1200,600,144,0.4375,official UCI static Dry_Bean_Dataset.arff,0.8242194444444444,0.8141848208264172,0.14833333333333334,
uci-602,uci-602_labeled_train_validation,uci-602,1,6,0,real_independent_shadow_target_cross_release,matched_kmeans,release_2,random_forest,0.99,1200,600,144,0.4375,official UCI static Dry_Bean_Dataset.arff,0.8182138888888889,0.8143588429222453,0.15666666666666668,
uci-602,uci-602_labeled_train_validation,uci-602,1,6,1,real_independent_shadow_target_cross_release,granular_ball,release_2,logistic,0.99,1200,600,153,0.6862745098039216,official UCI static Dry_Bean_Dataset.arff,0.7002027777777777,0.6873961405290424,0.016666666666666666,
uci-602,uci-602_labeled_train_validation,uci-602,1,6,1,real_independent_shadow_target_cross_release,granular_ball,release_2,random_forest,0.99,1200,600,153,0.6862745098039216,official UCI static Dry_Bean_Dataset.arff,0.7779444444444444,0.7996524881288177,0.2866666666666667,
uci-602,uci-602_labeled_train_validation,uci-602,1,6,1,real_independent_shadow_target_cross_release,matched_kmeans,release_2,logistic,0.99,1200,600,153,0.43137254901960786,official UCI static Dry_Bean_Dataset.arff,0.8402777777777778,0.837627464573782,0.215,
uci-602,uci-602_labeled_train_validation,uci-602,1,6,1,real_independent_shadow_target_cross_release,matched_kmeans,release_2,random_forest,0.99,1200,600,153,0.43137254901960786,official UCI static Dry_Bean_Dataset.arff,0.8340055555555557,0.8356493126768694,0.225,
uci-602,uci-602_labeled_train_validation,uci-602,1,6,2,real_independent_shadow_target_cross_release,granular_ball,release_2,logistic,0.99,1200,600,158,0.6392405063291139,official UCI static Dry_Bean_Dataset.arff,0.6931694444444445,0.6740173295948169,0.035,
uci-602,uci-602_labeled_train_validation,uci-602,1,6,2,real_independent_shadow_target_cross_release,granular_ball,release_2,random_forest,0.99,1200,600,158,0.6392405063291139,official UCI static Dry_Bean_Dataset.arff,0.7510972222222223,0.7785748734273551,0.275,
uci-602,uci-602_labeled_train_validation,uci-602,1,6,2,real_independent_shadow_target_cross_release,matched_kmeans,release_2,logistic,0.99,1200,600,158,0.46835443037974683,official UCI static Dry_Bean_Dataset.arff,0.8228027777777777,0.8001830235934517,0.13666666666666666,
uci-602,uci-602_labeled_train_validation,uci-602,1,6,2,real_independent_shadow_target_cross_release,matched_kmeans,release_2,random_forest,0.99,1200,600,158,0.46835443037974683,official UCI static Dry_Bean_Dataset.arff,0.8269472222222223,0.8206616608400001,0.21,
uci-602,uci-602_labeled_train_validation,uci-602,1,6,3,real_independent_shadow_target_cross_release,granular_ball,release_2,logistic,0.99,1200,600,155,0.6387096774193548,official UCI static Dry_Bean_Dataset.arff,0.7171055555555554,0.7062541975382487,0.051666666666666666,
uci-602,uci-602_labeled_train_validation,uci-602,1,6,3,real_independent_shadow_target_cross_release,granular_ball,release_2,random_forest,0.99,1200,600,155,0.6387096774193548,official UCI static Dry_Bean_Dataset.arff,0.7643694444444444,0.7903534547430947,0.26666666666666666,
uci-602,uci-602_labeled_train_validation,uci-602,1,6,3,real_independent_shadow_target_cross_release,matched_kmeans,release_2,logistic,0.99,1200,600,155,0.4258064516129032,official UCI static Dry_Bean_Dataset.arff,0.8292277777777777,0.818557069859851,0.17,
uci-602,uci-602_labeled_train_validation,uci-602,1,6,3,real_independent_shadow_target_cross_release,matched_kmeans,release_2,random_forest,0.99,1200,600,155,0.4258064516129032,official UCI static Dry_Bean_Dataset.arff,0.8154569444444444,0.8082649162581697,0.17166666666666666,
uci-602,uci-602_labeled_train_validation,uci-602,1,6,4,real_independent_shadow_target_cross_release,granular_ball,release_2,logistic,0.99,1200,600,140,0.6214285714285714,official UCI static Dry_Bean_Dataset.arff,0.6713555555555556,0.6488493703585971,0.028333333333333332,
uci-602,uci-602_labeled_train_validation,uci-602,1,6,4,real_independent_shadow_target_cross_release,granular_ball,release_2,random_forest,0.99,1200,600,140,0.6214285714285714,official UCI static Dry_Bean_Dataset.arff,0.7297250000000001,0.7563674324662015,0.20833333333333334,
uci-602,uci-602_labeled_train_validation,uci-602,1,6,4,real_independent_shadow_target_cross_release,matched_kmeans,release_2,logistic,0.99,1200,600,140,0.3357142857142857,official UCI static Dry_Bean_Dataset.arff,0.8065138888888889,0.7998132720689435,0.20166666666666666,
uci-602,uci-602_labeled_train_validation,uci-602,1,6,4,real_independent_shadow_target_cross_release,matched_kmeans,release_2,random_forest,0.99,1200,600,140,0.3357142857142857,official UCI static Dry_Bean_Dataset.arff,0.7906277777777778,0.7826271194748392,0.18666666666666668,
uci-602,uci-602_labeled_train_validation,uci-602,1,6,0,real_independent_shadow_target_cross_release,granular_ball,release_3,logistic,0.99,1200,600,144,0.6319444444444444,official UCI static Dry_Bean_Dataset.arff,0.7203944444444443,0.7049512255838581,0.028333333333333332,
uci-602,uci-602_labeled_train_validation,uci-602,1,6,0,real_independent_shadow_target_cross_release,granular_ball,release_3,random_forest,0.99,1200,600,144,0.6319444444444444,official UCI static Dry_Bean_Dataset.arff,0.7695805555555555,0.7947963162501086,0.26,
uci-602,uci-602_labeled_train_validation,uci-602,1,6,0,real_independent_shadow_target_cross_release,matched_kmeans,release_3,logistic,0.99,1200,600,144,0.4375,official UCI static Dry_Bean_Dataset.arff,0.8266611111111112,0.8155620735515268,0.15,
uci-602,uci-602_labeled_train_validation,uci-602,1,6,0,real_independent_shadow_target_cross_release,matched_kmeans,release_3,random_forest,0.99,1200,600,144,0.4375,official UCI static Dry_Bean_Dataset.arff,0.8295444444444445,0.82410501477195,0.21,
uci-602,uci-602_labeled_train_validation,uci-602,1,6,1,real_independent_shadow_target_cross_release,granular_ball,release_3,logistic,0.99,1200,600,153,0.6862745098039216,official UCI static Dry_Bean_Dataset.arff,0.7072444444444443,0.6982668607304146,0.03333333333333333,
uci-602,uci-602_labeled_train_validation,uci-602,1,6,1,real_independent_shadow_target_cross_release,granular_ball,release_3,random_forest,0.99,1200,600,153,0.6862745098039216,official UCI static Dry_Bean_Dataset.arff,0.7882666666666667,0.8097801290460813,0.29,
uci-602,uci-602_labeled_train_validation,uci-602,1,6,1,real_independent_shadow_target_cross_release,matched_kmeans,release_3,logistic,0.99,1200,600,153,0.43137254901960786,official UCI static Dry_Bean_Dataset.arff,0.844775,0.8402872611975505,0.205,
uci-602,uci-602_labeled_train_validation,uci-602,1,6,1,real_independent_shadow_target_cross_release,matched_kmeans,release_3,random_forest,0.99,1200,600,153,0.43137254901960786,official UCI static Dry_Bean_Dataset.arff,0.8505361111111112,0.8471932716314172,0.21666666666666667,
uci-602,uci-602_labeled_train_validation,uci-602,1,6,2,real_independent_shadow_target_cross_release,granular_ball,release_3,logistic,0.99,1200,600,158,0.6392405063291139,official UCI static Dry_Bean_Dataset.arff,0.7037027777777778,0.6926495245271859,0.058333333333333334,
uci-602,uci-602_labeled_train_validation,uci-602,1,6,2,real_independent_shadow_target_cross_release,granular_ball,release_3,random_forest,0.99,1200,600,158,0.6392405063291139,official UCI static Dry_Bean_Dataset.arff,0.7665972222222222,0.7927628777332358,0.2866666666666667,
uci-602,uci-602_labeled_train_validation,uci-602,1,6,2,real_independent_shadow_target_cross_release,matched_kmeans,release_3,logistic,0.99,1200,600,158,0.46835443037974683,official UCI static Dry_Bean_Dataset.arff,0.8240722222222223,0.8000063458092949,0.15,
uci-602,uci-602_labeled_train_validation,uci-602,1,6,2,real_independent_shadow_target_cross_release,matched_kmeans,release_3,random_forest,0.99,1200,600,158,0.46835443037974683,official UCI static Dry_Bean_Dataset.arff,0.8386611111111111,0.8297520273760922,0.225,
uci-602,uci-602_labeled_train_validation,uci-602,1,6,3,real_independent_shadow_target_cross_release,granular_ball,release_3,logistic,0.99,1200,600,155,0.6387096774193548,official UCI static Dry_Bean_Dataset.arff,0.7162416666666667,0.7175241370384577,0.09333333333333334,
uci-602,uci-602_labeled_train_validation,uci-602,1,6,3,real_independent_shadow_target_cross_release,granular_ball,release_3,random_forest,0.99,1200,600,155,0.6387096774193548,official UCI static Dry_Bean_Dataset.arff,0.7885777777777778,0.807470928210434,0.28,
uci-602,uci-602_labeled_train_validation,uci-602,1,6,3,real_independent_shadow_target_cross_release,matched_kmeans,release_3,logistic,0.99,1200,600,155,0.4258064516129032,official UCI static Dry_Bean_Dataset.arff,0.8303,0.8186705979698407,0.16166666666666665,
uci-602,uci-602_labeled_train_validation,uci-602,1,6,3,real_independent_shadow_target_cross_release,matched_kmeans,release_3,random_forest,0.99,1200,600,155,0.4258064516129032,official UCI static Dry_Bean_Dataset.arff,0.8362222222222222,0.8249843565753512,0.18,
uci-602,uci-602_labeled_train_validation,uci-602,1,6,4,real_independent_shadow_target_cross_release,granular_ball,release_3,logistic,0.99,1200,600,140,0.6214285714285714,official UCI static Dry_Bean_Dataset.arff,0.6807166666666666,0.6686542162101259,0.041666666666666664,
uci-602,uci-602_labeled_train_validation,uci-602,1,6,4,real_independent_shadow_target_cross_release,granular_ball,release_3,random_forest,0.99,1200,600,140,0.6214285714285714,official UCI static Dry_Bean_Dataset.arff,0.7582861111111111,0.780554783234745,0.225,
uci-602,uci-602_labeled_train_validation,uci-602,1,6,4,real_independent_shadow_target_cross_release,matched_kmeans,release_3,logistic,0.99,1200,600,140,0.3357142857142857,official UCI static Dry_Bean_Dataset.arff,0.8091861111111112,0.8013653728912845,0.215,
uci-602,uci-602_labeled_train_validation,uci-602,1,6,4,real_independent_shadow_target_cross_release,matched_kmeans,release_3,random_forest,0.99,1200,600,140,0.3357142857142857,official UCI static Dry_Bean_Dataset.arff,0.8044055555555556,0.7978628101829,0.22166666666666668,
uci-602,uci-602_labeled_train_validation,uci-602,7,6,0,real_independent_shadow_target_cross_release,granular_ball,release_1,logistic,0.9,1200,600,86,0.6744186046511628,official UCI static Dry_Bean_Dataset.arff,0.5761972222222222,0.6039076748375476,0.016666666666666666,
uci-602,uci-602_labeled_train_validation,uci-602,7,6,0,real_independent_shadow_target_cross_release,granular_ball,release_1,random_forest,0.9,1200,600,86,0.6744186046511628,official UCI static Dry_Bean_Dataset.arff,0.5948958333333334,0.6271470377281175,0.1,
uci-602,uci-602_labeled_train_validation,uci-602,7,6,0,real_independent_shadow_target_cross_release,matched_kmeans,release_1,logistic,0.9,1200,600,86,0.2441860465116279,official UCI static Dry_Bean_Dataset.arff,0.691863888888889,0.6938539165305394,0.095,
uci-602,uci-602_labeled_train_validation,uci-602,7,6,0,real_independent_shadow_target_cross_release,matched_kmeans,release_1,random_forest,0.9,1200,600,86,0.2441860465116279,official UCI static Dry_Bean_Dataset.arff,0.659275,0.6600689628542454,0.07833333333333334,
uci-602,uci-602_labeled_train_validation,uci-602,7,6,1,real_independent_shadow_target_cross_release,granular_ball,release_1,logistic,0.9,1200,600,93,0.6451612903225806,official UCI static Dry_Bean_Dataset.arff,0.6073416666666667,0.6070229148062732,0.015,
uci-602,uci-602_labeled_train_validation,uci-602,7,6,1,real_independent_shadow_target_cross_release,granular_ball,release_1,random_forest,0.9,1200,600,93,0.6451612903225806,official UCI static Dry_Bean_Dataset.arff,0.5820652777777778,0.6130397157945695,0.075,
uci-602,uci-602_labeled_train_validation,uci-602,7,6,1,real_independent_shadow_target_cross_release,matched_kmeans,release_1,logistic,0.9,1200,600,93,0.27956989247311825,official UCI static Dry_Bean_Dataset.arff,0.7198972222222223,0.7160949234663447,0.13,
uci-602,uci-602_labeled_train_validation,uci-602,7,6,1,real_independent_shadow_target_cross_release,matched_kmeans,release_1,random_forest,0.9,1200,600,93,0.27956989247311825,official UCI static Dry_Bean_Dataset.arff,0.6688138888888889,0.6648512289601712,0.08666666666666667,
uci-602,uci-602_labeled_train_validation,uci-602,7,6,2,real_independent_shadow_target_cross_release,granular_ball,release_1,logistic,0.9,1200,600,89,0.6404494382022472,official UCI static Dry_Bean_Dataset.arff,0.5878027777777778,0.5949451943806874,0.0016666666666666668,
uci-602,uci-602_labeled_train_validation,uci-602,7,6,2,real_independent_shadow_target_cross_release,granular_ball,release_1,random_forest,0.9,1200,600,89,0.6404494382022472,official UCI static Dry_Bean_Dataset.arff,0.5675444444444444,0.6071749964619919,0.085,
uci-602,uci-602_labeled_train_validation,uci-602,7,6,2,real_independent_shadow_target_cross_release,matched_kmeans,release_1,logistic,0.9,1200,600,89,0.20224719101123595,official UCI static Dry_Bean_Dataset.arff,0.7000194444444444,0.6989463287596152,0.10333333333333333,
uci-602,uci-602_labeled_train_validation,uci-602,7,6,2,real_independent_shadow_target_cross_release,matched_kmeans,release_1,random_forest,0.9,1200,600,89,0.20224719101123595,official UCI static Dry_Bean_Dataset.arff,0.6845916666666666,0.6877248346543399,0.085,
uci-602,uci-602_labeled_train_validation,uci-602,7,6,3,real_independent_shadow_target_cross_release,granular_ball,release_1,logistic,0.9,1200,600,97,0.6391752577319587,official UCI static Dry_Bean_Dataset.arff,0.6444055555555557,0.6558275169558521,0.05333333333333334,
uci-602,uci-602_labeled_train_validation,uci-602,7,6,3,real_independent_shadow_target_cross_release,granular_ball,release_1,random_forest,0.9,1200,600,97,0.6391752577319587,official UCI static Dry_Bean_Dataset.arff,0.5893527777777777,0.6255126236978741,0.095,
uci-602,uci-602_labeled_train_validation,uci-602,7,6,3,real_independent_shadow_target_cross_release,matched_kmeans,release_1,logistic,0.9,1200,600,97,0.18556701030927836,official UCI static Dry_Bean_Dataset.arff,0.7474972222222221,0.7278911555843683,0.065,
uci-602,uci-602_labeled_train_validation,uci-602,7,6,3,real_independent_shadow_target_cross_release,matched_kmeans,release_1,random_forest,0.9,1200,600,97,0.18556701030927836,official UCI static Dry_Bean_Dataset.arff,0.6969680555555555,0.6769001577147165,0.06,
uci-602,uci-602_labeled_train_validation,uci-602,7,6,4,real_independent_shadow_target_cross_release,granular_ball,release_1,logistic,0.9,1200,600,97,0.6907216494845361,official UCI static Dry_Bean_Dataset.arff,0.6113833333333333,0.6260865943725928,0.025,
uci-602,uci-602_labeled_train_validation,uci-602,7,6,4,real_independent_shadow_target_cross_release,granular_ball,release_1,random_forest,0.9,1200,600,97,0.6907216494845361,official UCI static Dry_Bean_Dataset.arff,0.5954625,0.6363433688250253,0.125,
uci-602,uci-602_labeled_train_validation,uci-602,7,6,4,real_independent_shadow_target_cross_release,matched_kmeans,release_1,logistic,0.9,1200,600,97,0.24742268041237114,official UCI static Dry_Bean_Dataset.arff,0.7161805555555555,0.7161863469470582,0.10833333333333334,
uci-602,uci-602_labeled_train_validation,uci-602,7,6,4,real_independent_shadow_target_cross_release,matched_kmeans,release_1,random_forest,0.9,1200,600,97,0.24742268041237114,official UCI static Dry_Bean_Dataset.arff,0.6711611111111111,0.6695295634968115,0.08,
uci-602,uci-602_labeled_train_validation,uci-602,7,6,0,real_independent_shadow_target_cross_release,granular_ball,release_2,logistic,0.9,1200,600,86,0.6744186046511628,official UCI static Dry_Bean_Dataset.arff,0.5974611111111111,0.6025636952930962,0.025,
uci-602,uci-602_labeled_train_validation,uci-602,7,6,0,real_independent_shadow_target_cross_release,granular_ball,release_2,random_forest,0.9,1200,600,86,0.6744186046511628,official UCI static Dry_Bean_Dataset.arff,0.6341902777777777,0.67427744853814,0.16666666666666666,
uci-602,uci-602_labeled_train_validation,uci-602,7,6,0,real_independent_shadow_target_cross_release,matched_kmeans,release_2,logistic,0.9,1200,600,86,0.2441860465116279,official UCI static Dry_Bean_Dataset.arff,0.701938888888889,0.6946727805962225,0.075,
uci-602,uci-602_labeled_train_validation,uci-602,7,6,0,real_independent_shadow_target_cross_release,matched_kmeans,release_2,random_forest,0.9,1200,600,86,0.2441860465116279,official UCI static Dry_Bean_Dataset.arff,0.6871402777777778,0.6898726558607025,0.10666666666666667,
uci-602,uci-602_labeled_train_validation,uci-602,7,6,1,real_independent_shadow_target_cross_release,granular_ball,release_2,logistic,0.9,1200,600,93,0.6451612903225806,official UCI static Dry_Bean_Dataset.arff,0.6304583333333333,0.626364200467421,0.021666666666666667,
uci-602,uci-602_labeled_train_validation,uci-602,7,6,1,real_independent_shadow_target_cross_release,granular_ball,release_2,random_forest,0.9,1200,600,93,0.6451612903225806,official UCI static Dry_Bean_Dataset.arff,0.6561222222222223,0.7016386296136269,0.19333333333333333,
uci-602,uci-602_labeled_train_validation,uci-602,7,6,1,real_independent_shadow_target_cross_release,matched_kmeans,release_2,logistic,0.9,1200,600,93,0.27956989247311825,official UCI static Dry_Bean_Dataset.arff,0.7416583333333333,0.7270549056047874,0.11,
uci-602,uci-602_labeled_train_validation,uci-602,7,6,1,real_independent_shadow_target_cross_release,matched_kmeans,release_2,random_forest,0.9,1200,600,93,0.27956989247311825,official UCI static Dry_Bean_Dataset.arff,0.7042916666666666,0.6925566201041244,0.09666666666666666,
uci-602,uci-602_labeled_train_validation,uci-602,7,6,2,real_independent_shadow_target_cross_release,granular_ball,release_2,logistic,0.9,1200,600,89,0.6404494382022472,official UCI static Dry_Bean_Dataset.arff,0.6013833333333333,0.6094007237615973,0.016666666666666666,
uci-602,uci-602_labeled_train_validation,uci-602,7,6,2,real_independent_shadow_target_cross_release,granular_ball,release_2,random_forest,0.9,1200,600,89,0.6404494382022472,official UCI static Dry_Bean_Dataset.arff,0.6428097222222222,0.682797606836985,0.15,
uci-602,uci-602_labeled_train_validation,uci-602,7,6,2,real_independent_shadow_target_cross_release,matched_kmeans,release_2,logistic,0.9,1200,600,89,0.20224719101123595,official UCI static Dry_Bean_Dataset.arff,0.7146555555555555,0.7050515181932665,0.075,
uci-602,uci-602_labeled_train_validation,uci-602,7,6,2,real_independent_shadow_target_cross_release,matched_kmeans,release_2,random_forest,0.9,1200,600,89,0.20224719101123595,official UCI static Dry_Bean_Dataset.arff,0.6760902777777777,0.6711570356081904,0.07,
uci-602,uci-602_labeled_train_validation,uci-602,7,6,3,real_independent_shadow_target_cross_release,granular_ball,release_2,logistic,0.9,1200,600,97,0.6391752577319587,official UCI static Dry_Bean_Dataset.arff,0.6394833333333333,0.6455841990861313,0.045,
uci-602,uci-602_labeled_train_validation,uci-602,7,6,3,real_independent_shadow_target_cross_release,granular_ball,release_2,random_forest,0.9,1200,600,97,0.6391752577319587,official UCI static Dry_Bean_Dataset.arff,0.6512805555555556,0.687468157962942,0.18,
uci-602,uci-602_labeled_train_validation,uci-602,7,6,3,real_independent_shadow_target_cross_release,matched_kmeans,release_2,logistic,0.9,1200,600,97,0.18556701030927836,official UCI static Dry_Bean_Dataset.arff,0.7677555555555555,0.7485571487186657,0.08666666666666667,
uci-602,uci-602_labeled_train_validation,uci-602,7,6,3,real_independent_shadow_target_cross_release,matched_kmeans,release_2,random_forest,0.9,1200,600,97,0.18556701030927836,official UCI static Dry_Bean_Dataset.arff,0.7432708333333332,0.721640233837857,0.08,
uci-602,uci-602_labeled_train_validation,uci-602,7,6,4,real_independent_shadow_target_cross_release,granular_ball,release_2,logistic,0.9,1200,600,97,0.6907216494845361,official UCI static Dry_Bean_Dataset.arff,0.6354722222222222,0.6449848213697005,0.03166666666666667,
uci-602,uci-602_labeled_train_validation,uci-602,7,6,4,real_independent_shadow_target_cross_release,granular_ball,release_2,random_forest,0.9,1200,600,97,0.6907216494845361,official UCI static Dry_Bean_Dataset.arff,0.6647055555555557,0.7070056426933814,0.195,
uci-602,uci-602_labeled_train_validation,uci-602,7,6,4,real_independent_shadow_target_cross_release,matched_kmeans,release_2,logistic,0.9,1200,600,97,0.24742268041237114,official UCI static Dry_Bean_Dataset.arff,0.7323555555555555,0.7230955194010279,0.07666666666666666,
uci-602,uci-602_labeled_train_validation,uci-602,7,6,4,real_independent_shadow_target_cross_release,matched_kmeans,release_2,random_forest,0.9,1200,600,97,0.24742268041237114,official UCI static Dry_Bean_Dataset.arff,0.7190944444444445,0.701055424309474,0.08166666666666667,
uci-602,uci-602_labeled_train_validation,uci-602,7,6,0,real_independent_shadow_target_cross_release,granular_ball,release_3,logistic,0.9,1200,600,86,0.6744186046511628,official UCI static Dry_Bean_Dataset.arff,0.6000861111111111,0.6050588262616243,0.035,
uci-602,uci-602_labeled_train_validation,uci-602,7,6,0,real_independent_shadow_target_cross_release,granular_ball,release_3,random_forest,0.9,1200,600,86,0.6744186046511628,official UCI static Dry_Bean_Dataset.arff,0.6544444444444445,0.6882401748132465,0.17333333333333334,
uci-602,uci-602_labeled_train_validation,uci-602,7,6,0,real_independent_shadow_target_cross_release,matched_kmeans,release_3,logistic,0.9,1200,600,86,0.2441860465116279,official UCI static Dry_Bean_Dataset.arff,0.699763888888889,0.6937056571337729,0.09666666666666666,
uci-602,uci-602_labeled_train_validation,uci-602,7,6,0,real_independent_shadow_target_cross_release,matched_kmeans,release_3,random_forest,0.9,1200,600,86,0.2441860465116279,official UCI static Dry_Bean_Dataset.arff,0.7101388888888889,0.7020279437221111,0.08666666666666667,
uci-602,uci-602_labeled_train_validation,uci-602,7,6,1,real_independent_shadow_target_cross_release,granular_ball,release_3,logistic,0.9,1200,600,93,0.6451612903225806,official UCI static Dry_Bean_Dataset.arff,0.632163888888889,0.6398951660212469,0.04833333333333333,
uci-602,uci-602_labeled_train_validation,uci-602,7,6,1,real_independent_shadow_target_cross_release,granular_ball,release_3,random_forest,0.9,1200,600,93,0.6451612903225806,official UCI static Dry_Bean_Dataset.arff,0.6733611111111111,0.714385616182047,0.195,
uci-602,uci-602_labeled_train_validation,uci-602,7,6,1,real_independent_shadow_target_cross_release,matched_kmeans,release_3,logistic,0.9,1200,600,93,0.27956989247311825,official UCI static Dry_Bean_Dataset.arff,0.7437722222222222,0.7302944799683231,0.125,
uci-602,uci-602_labeled_train_validation,uci-602,7,6,1,real_independent_shadow_target_cross_release,matched_kmeans,release_3,random_forest,0.9,1200,600,93,0.27956989247311825,official UCI static Dry_Bean_Dataset.arff,0.7367027777777777,0.7219335002377287,0.08833333333333333,
uci-602,uci-602_labeled_train_validation,uci-602,7,6,2,real_independent_shadow_target_cross_release,granular_ball,release_3,logistic,0.9,1200,600,89,0.6404494382022472,official UCI static Dry_Bean_Dataset.arff,0.6046611111111111,0.6288309740392337,0.05333333333333334,
uci-602,uci-602_labeled_train_validation,uci-602,7,6,2,real_independent_shadow_target_cross_release,granular_ball,release_3,random_forest,0.9,1200,600,89,0.6404494382022472,official UCI static Dry_Bean_Dataset.arff,0.6507305555555556,0.6937515961445991,0.17333333333333334,
uci-602,uci-602_labeled_train_validation,uci-602,7,6,2,real_independent_shadow_target_cross_release,matched_kmeans,release_3,logistic,0.9,1200,600,89,0.20224719101123595,official UCI static Dry_Bean_Dataset.arff,0.7168555555555556,0.706506440371404,0.09333333333333334,
uci-602,uci-602_labeled_train_validation,uci-602,7,6,2,real_independent_shadow_target_cross_release,matched_kmeans,release_3,random_forest,0.9,1200,600,89,0.20224719101123595,official UCI static Dry_Bean_Dataset.arff,0.7003194444444445,0.692327743121261,0.07833333333333334,
uci-602,uci-602_labeled_train_validation,uci-602,7,6,3,real_independent_shadow_target_cross_release,granular_ball,release_3,logistic,0.9,1200,600,97,0.6391752577319587,official UCI static Dry_Bean_Dataset.arff,0.6460555555555556,0.6638359618735048,0.055,
uci-602,uci-602_labeled_train_validation,uci-602,7,6,3,real_independent_shadow_target_cross_release,granular_ball,release_3,random_forest,0.9,1200,600,97,0.6391752577319587,official UCI static Dry_Bean_Dataset.arff,0.6756527777777778,0.712279701002768,0.205,
uci-602,uci-602_labeled_train_validation,uci-602,7,6,3,real_independent_shadow_target_cross_release,matched_kmeans,release_3,logistic,0.9,1200,600,97,0.18556701030927836,official UCI static Dry_Bean_Dataset.arff,0.7683694444444444,0.7466320339657204,0.085,
uci-602,uci-602_labeled_train_validation,uci-602,7,6,3,real_independent_shadow_target_cross_release,matched_kmeans,release_3,random_forest,0.9,1200,600,97,0.18556701030927836,official UCI static Dry_Bean_Dataset.arff,0.7653583333333333,0.7434452207856743,0.06833333333333333,
uci-602,uci-602_labeled_train_validation,uci-602,7,6,4,real_independent_shadow_target_cross_release,granular_ball,release_3,logistic,0.9,1200,600,97,0.6907216494845361,official UCI static Dry_Bean_Dataset.arff,0.638938888888889,0.6508610535170234,0.05,
uci-602,uci-602_labeled_train_validation,uci-602,7,6,4,real_independent_shadow_target_cross_release,granular_ball,release_3,random_forest,0.9,1200,600,97,0.6907216494845361,official UCI static Dry_Bean_Dataset.arff,0.6717472222222223,0.7075842141405659,0.18666666666666668,
uci-602,uci-602_labeled_train_validation,uci-602,7,6,4,real_independent_shadow_target_cross_release,matched_kmeans,release_3,logistic,0.9,1200,600,97,0.24742268041237114,official UCI static Dry_Bean_Dataset.arff,0.7343666666666666,0.725003625280564,0.07666666666666666,
uci-602,uci-602_labeled_train_validation,uci-602,7,6,4,real_independent_shadow_target_cross_release,matched_kmeans,release_3,random_forest,0.9,1200,600,97,0.24742268041237114,official UCI static Dry_Bean_Dataset.arff,0.7428694444444445,0.7228580124517925,0.07666666666666666,
uci-602,uci-602_labeled_train_validation,uci-602,7,6,0,real_independent_shadow_target_cross_release,granular_ball,release_1,logistic,0.95,1200,600,117,0.6410256410256411,official UCI static Dry_Bean_Dataset.arff,0.6291972222222222,0.6443810468809718,0.023333333333333334,
uci-602,uci-602_labeled_train_validation,uci-602,7,6,0,real_independent_shadow_target_cross_release,granular_ball,release_1,random_forest,0.95,1200,600,117,0.6410256410256411,official UCI static Dry_Bean_Dataset.arff,0.6109652777777779,0.6612829665431175,0.14833333333333334,
uci-602,uci-602_labeled_train_validation,uci-602,7,6,0,real_independent_shadow_target_cross_release,matched_kmeans,release_1,logistic,0.95,1200,600,117,0.3076923076923077,official UCI static Dry_Bean_Dataset.arff,0.7398944444444444,0.7411496375666025,0.16333333333333333,
uci-602,uci-602_labeled_train_validation,uci-602,7,6,0,real_independent_shadow_target_cross_release,matched_kmeans,release_1,random_forest,0.95,1200,600,117,0.3076923076923077,official UCI static Dry_Bean_Dataset.arff,0.7195916666666666,0.707401121975086,0.10333333333333333,
uci-602,uci-602_labeled_train_validation,uci-602,7,6,1,real_independent_shadow_target_cross_release,granular_ball,release_1,logistic,0.95,1200,600,130,0.6,official UCI static Dry_Bean_Dataset.arff,0.6586083333333334,0.6625551904288809,0.015,
uci-602,uci-602_labeled_train_validation,uci-602,7,6,1,real_independent_shadow_target_cross_release,granular_ball,release_1,random_forest,0.95,1200,600,130,0.6,official UCI static Dry_Bean_Dataset.arff,0.6418625,0.680667505970652,0.14666666666666667,
uci-602,uci-602_labeled_train_validation,uci-602,7,6,1,real_independent_shadow_target_cross_release,matched_kmeans,release_1,logistic,0.95,1200,600,130,0.34615384615384615,official UCI static Dry_Bean_Dataset.arff,0.771911111111111,0.7741854510493247,0.16833333333333333,
uci-602,uci-602_labeled_train_validation,uci-602,7,6,1,real_independent_shadow_target_cross_release,matched_kmeans,release_1,random_forest,0.95,1200,600,130,0.34615384615384615,official UCI static Dry_Bean_Dataset.arff,0.7460083333333334,0.7446159931856885,0.10333333333333333,
uci-602,uci-602_labeled_train_validation,uci-602,7,6,2,real_independent_shadow_target_cross_release,granular_ball,release_1,logistic,0.95,1200,600,122,0.6229508196721312,official UCI static Dry_Bean_Dataset.arff,0.6188944444444444,0.628659732981287,0.0016666666666666668,
uci-602,uci-602_labeled_train_validation,uci-602,7,6,2,real_independent_shadow_target_cross_release,granular_ball,release_1,random_forest,0.95,1200,600,122,0.6229508196721312,official UCI static Dry_Bean_Dataset.arff,0.6299972222222222,0.6684182583154028,0.11666666666666667,
uci-602,uci-602_labeled_train_validation,uci-602,7,6,2,real_independent_shadow_target_cross_release,matched_kmeans,release_1,logistic,0.95,1200,600,122,0.3360655737704918,official UCI static Dry_Bean_Dataset.arff,0.7808138888888889,0.7809142133614215,0.13833333333333334,
uci-602,uci-602_labeled_train_validation,uci-602,7,6,2,real_independent_shadow_target_cross_release,matched_kmeans,release_1,random_forest,0.95,1200,600,122,0.3360655737704918,official UCI static Dry_Bean_Dataset.arff,0.7325555555555555,0.743978010319525,0.13666666666666666,
uci-602,uci-602_labeled_train_validation,uci-602,7,6,3,real_independent_shadow_target_cross_release,granular_ball,release_1,logistic,0.95,1200,600,108,0.6388888888888888,official UCI static Dry_Bean_Dataset.arff,0.6698833333333334,0.6779479791216343,0.085,
uci-602,uci-602_labeled_train_validation,uci-602,7,6,3,real_independent_shadow_target_cross_release,granular_ball,release_1,random_forest,0.95,1200,600,108,0.6388888888888888,official UCI static Dry_Bean_Dataset.arff,0.6301347222222222,0.6530002663703391,0.10666666666666667,
uci-602,uci-602_labeled_train_validation,uci-602,7,6,3,real_independent_shadow_target_cross_release,matched_kmeans,release_1,logistic,0.95,1200,600,108,0.2222222222222222,official UCI static Dry_Bean_Dataset.arff,0.7539527777777779,0.7405286164700247,0.09166666666666666,
uci-602,uci-602_labeled_train_validation,uci-602,7,6,3,real_independent_shadow_target_cross_release,matched_kmeans,release_1,random_forest,0.95,1200,600,108,0.2222222222222222,official UCI static Dry_Bean_Dataset.arff,0.7155055555555556,0.6940214097095643,0.041666666666666664,
uci-602,uci-602_labeled_train_validation,uci-602,7,6,4,real_independent_shadow_target_cross_release,granular_ball,release_1,logistic,0.95,1200,600,120,0.675,official UCI static Dry_Bean_Dataset.arff,0.6426027777777779,0.6408502806285834,0.025,
uci-602,uci-602_labeled_train_validation,uci-602,7,6,4,real_independent_shadow_target_cross_release,granular_ball,release_1,random_forest,0.95,1200,600,120,0.675,official UCI static Dry_Bean_Dataset.arff,0.6160111111111111,0.6519773863395231,0.12,
uci-602,uci-602_labeled_train_validation,uci-602,7,6,4,real_independent_shadow_target_cross_release,matched_kmeans,release_1,logistic,0.95,1200,600,120,0.325,official UCI static Dry_Bean_Dataset.arff,0.7674027777777779,0.7669197006924637,0.14333333333333334,
uci-602,uci-602_labeled_train_validation,uci-602,7,6,4,real_independent_shadow_target_cross_release,matched_kmeans,release_1,random_forest,0.95,1200,600,120,0.325,official UCI static Dry_Bean_Dataset.arff,0.7240597222222221,0.7269331483068723,0.125,
uci-602,uci-602_labeled_train_validation,uci-602,7,6,0,real_independent_shadow_target_cross_release,granular_ball,release_2,logistic,0.95,1200,600,117,0.6410256410256411,official UCI static Dry_Bean_Dataset.arff,0.6494500000000001,0.6441240803256728,0.028333333333333332,
uci-602,uci-602_labeled_train_validation,uci-602,7,6,0,real_independent_shadow_target_cross_release,granular_ball,release_2,random_forest,0.95,1200,600,117,0.6410256410256411,official UCI static Dry_Bean_Dataset.arff,0.6809555555555555,0.716406375596851,0.19833333333333333,
uci-602,uci-602_labeled_train_validation,uci-602,7,6,0,real_independent_shadow_target_cross_release,matched_kmeans,release_2,logistic,0.95,1200,600,117,0.3076923076923077,official UCI static Dry_Bean_Dataset.arff,0.7535111111111111,0.7452601904078728,0.11,
uci-602,uci-602_labeled_train_validation,uci-602,7,6,0,real_independent_shadow_target_cross_release,matched_kmeans,release_2,random_forest,0.95,1200,600,117,0.3076923076923077,official UCI static Dry_Bean_Dataset.arff,0.7430916666666667,0.7346331838565238,0.13333333333333333,
uci-602,uci-602_labeled_train_validation,uci-602,7,6,1,real_independent_shadow_target_cross_release,granular_ball,release_2,logistic,0.95,1200,600,130,0.6,official UCI static Dry_Bean_Dataset.arff,0.6842638888888889,0.6802772577920863,0.021666666666666667,
uci-602,uci-602_labeled_train_validation,uci-602,7,6,1,real_independent_shadow_target_cross_release,granular_ball,release_2,random_forest,0.95,1200,600,130,0.6,official UCI static Dry_Bean_Dataset.arff,0.7442500000000001,0.7719305269417341,0.24833333333333332,
uci-602,uci-602_labeled_train_validation,uci-602,7,6,1,real_independent_shadow_target_cross_release,matched_kmeans,release_2,logistic,0.95,1200,600,130,0.34615384615384615,official UCI static Dry_Bean_Dataset.arff,0.7922777777777779,0.7828601196914592,0.16833333333333333,
uci-602,uci-602_labeled_train_validation,uci-602,7,6,1,real_independent_shadow_target_cross_release,matched_kmeans,release_2,random_forest,0.95,1200,600,130,0.34615384615384615,official UCI static Dry_Bean_Dataset.arff,0.7872791666666668,0.7757119155633568,0.11333333333333333,
uci-602,uci-602_labeled_train_validation,uci-602,7,6,2,real_independent_shadow_target_cross_release,granular_ball,release_2,logistic,0.95,1200,600,122,0.6229508196721312,official UCI static Dry_Bean_Dataset.arff,0.6390194444444445,0.6346548761333521,0.018333333333333333,
uci-602,uci-602_labeled_train_validation,uci-602,7,6,2,real_independent_shadow_target_cross_release,granular_ball,release_2,random_forest,0.95,1200,600,122,0.6229508196721312,official UCI static Dry_Bean_Dataset.arff,0.6952611111111111,0.7352605302847429,0.20666666666666667,
uci-602,uci-602_labeled_train_validation,uci-602,7,6,2,real_independent_shadow_target_cross_release,matched_kmeans,release_2,logistic,0.95,1200,600,122,0.3360655737704918,official UCI static Dry_Bean_Dataset.arff,0.7973750000000001,0.792291447728486,0.14666666666666667,
uci-602,uci-602_labeled_train_validation,uci-602,7,6,2,real_independent_shadow_target_cross_release,matched_kmeans,release_2,random_forest,0.95,1200,600,122,0.3360655737704918,official UCI static Dry_Bean_Dataset.arff,0.774488888888889,0.767821780553035,0.13166666666666665,
uci-602,uci-602_labeled_train_validation,uci-602,7,6,3,real_independent_shadow_target_cross_release,granular_ball,release_2,logistic,0.95,1200,600,108,0.6388888888888888,official UCI static Dry_Bean_Dataset.arff,0.6661666666666667,0.6662364830888132,0.04666666666666667,
uci-602,uci-602_labeled_train_validation,uci-602,7,6,3,real_independent_shadow_target_cross_release,granular_ball,release_2,random_forest,0.95,1200,600,108,0.6388888888888888,official UCI static Dry_Bean_Dataset.arff,0.6809083333333333,0.7165710623439315,0.195,
uci-602,uci-602_labeled_train_validation,uci-602,7,6,3,real_independent_shadow_target_cross_release,matched_kmeans,release_2,logistic,0.95,1200,600,108,0.2222222222222222,official UCI static Dry_Bean_Dataset.arff,0.7780305555555557,0.7617775206210323,0.10833333333333334,
uci-602,uci-602_labeled_train_validation,uci-602,7,6,3,real_independent_shadow_target_cross_release,matched_kmeans,release_2,random_forest,0.95,1200,600,108,0.2222222222222222,official UCI static Dry_Bean_Dataset.arff,0.7479444444444444,0.7347984591951154,0.095,
uci-602,uci-602_labeled_train_validation,uci-602,7,6,4,real_independent_shadow_target_cross_release,granular_ball,release_2,logistic,0.95,1200,600,120,0.675,official UCI static Dry_Bean_Dataset.arff,0.6576194444444445,0.6486116894946039,0.03,
uci-602,uci-602_labeled_train_validation,uci-602,7,6,4,real_independent_shadow_target_cross_release,granular_ball,release_2,random_forest,0.95,1200,600,120,0.675,official UCI static Dry_Bean_Dataset.arff,0.6934458333333333,0.7331906688651297,0.21833333333333332,
uci-602,uci-602_labeled_train_validation,uci-602,7,6,4,real_independent_shadow_target_cross_release,matched_kmeans,release_2,logistic,0.95,1200,600,120,0.325,official UCI static Dry_Bean_Dataset.arff,0.7867638888888888,0.7768264643725786,0.11333333333333333,
uci-602,uci-602_labeled_train_validation,uci-602,7,6,4,real_independent_shadow_target_cross_release,matched_kmeans,release_2,random_forest,0.95,1200,600,120,0.325,official UCI static Dry_Bean_Dataset.arff,0.7673083333333334,0.7555480915507734,0.13833333333333334,
uci-602,uci-602_labeled_train_validation,uci-602,7,6,0,real_independent_shadow_target_cross_release,granular_ball,release_3,logistic,0.95,1200,600,117,0.6410256410256411,official UCI static Dry_Bean_Dataset.arff,0.6595277777777777,0.6646318629789393,0.04666666666666667,
uci-602,uci-602_labeled_train_validation,uci-602,7,6,0,real_independent_shadow_target_cross_release,granular_ball,release_3,random_forest,0.95,1200,600,117,0.6410256410256411,official UCI static Dry_Bean_Dataset.arff,0.7092444444444445,0.7446625225531911,0.23833333333333334,
uci-602,uci-602_labeled_train_validation,uci-602,7,6,0,real_independent_shadow_target_cross_release,matched_kmeans,release_3,logistic,0.95,1200,600,117,0.3076923076923077,official UCI static Dry_Bean_Dataset.arff,0.7537527777777777,0.7451499288548248,0.11833333333333333,
uci-602,uci-602_labeled_train_validation,uci-602,7,6,0,real_independent_shadow_target_cross_release,matched_kmeans,release_3,random_forest,0.95,1200,600,117,0.3076923076923077,official UCI static Dry_Bean_Dataset.arff,0.7506333333333333,0.7426010339619094,0.14,
uci-602,uci-602_labeled_train_validation,uci-602,7,6,1,real_independent_shadow_target_cross_release,granular_ball,release_3,logistic,0.95,1200,600,130,0.6,official UCI static Dry_Bean_Dataset.arff,0.6906944444444445,0.6963301197737868,0.07833333333333334,
uci-602,uci-602_labeled_train_validation,uci-602,7,6,1,real_independent_shadow_target_cross_release,granular_ball,release_3,random_forest,0.95,1200,600,130,0.6,official UCI static Dry_Bean_Dataset.arff,0.7549555555555556,0.7789045065407838,0.23333333333333334,
uci-602,uci-602_labeled_train_validation,uci-602,7,6,1,real_independent_shadow_target_cross_release,matched_kmeans,release_3,logistic,0.95,1200,600,130,0.34615384615384615,official UCI static Dry_Bean_Dataset.arff,0.7933583333333333,0.7814277897081447,0.16333333333333333,
uci-602,uci-602_labeled_train_validation,uci-602,7,6,1,real_independent_shadow_target_cross_release,matched_kmeans,release_3,random_forest,0.95,1200,600,130,0.34615384615384615,official UCI static Dry_Bean_Dataset.arff,0.7855861111111113,0.7765024631780999,0.18,
uci-602,uci-602_labeled_train_validation,uci-602,7,6,2,real_independent_shadow_target_cross_release,granular_ball,release_3,logistic,0.95,1200,600,122,0.6229508196721312,official UCI static Dry_Bean_Dataset.arff,0.6500083333333333,0.6645548286506071,0.075,
uci-602,uci-602_labeled_train_validation,uci-602,7,6,2,real_independent_shadow_target_cross_release,granular_ball,release_3,random_forest,0.95,1200,600,122,0.6229508196721312,official UCI static Dry_Bean_Dataset.arff,0.714225,0.7561166268966606,0.22333333333333333,
uci-602,uci-602_labeled_train_validation,uci-602,7,6,2,real_independent_shadow_target_cross_release,matched_kmeans,release_3,logistic,0.95,1200,600,122,0.3360655737704918,official UCI static Dry_Bean_Dataset.arff,0.7995222222222222,0.7917481142362829,0.15166666666666667,
uci-602,uci-602_labeled_train_validation,uci-602,7,6,2,real_independent_shadow_target_cross_release,matched_kmeans,release_3,random_forest,0.95,1200,600,122,0.3360655737704918,official UCI static Dry_Bean_Dataset.arff,0.7962861111111111,0.7905958975276282,0.13666666666666666,
uci-602,uci-602_labeled_train_validation,uci-602,7,6,3,real_independent_shadow_target_cross_release,granular_ball,release_3,logistic,0.95,1200,600,108,0.6388888888888888,official UCI static Dry_Bean_Dataset.arff,0.6709638888888889,0.6804040396389722,0.085,
uci-602,uci-602_labeled_train_validation,uci-602,7,6,3,real_independent_shadow_target_cross_release,granular_ball,release_3,random_forest,0.95,1200,600,108,0.6388888888888888,official UCI static Dry_Bean_Dataset.arff,0.7013333333333333,0.7379374380648781,0.21333333333333335,
uci-602,uci-602_labeled_train_validation,uci-602,7,6,3,real_independent_shadow_target_cross_release,matched_kmeans,release_3,logistic,0.95,1200,600,108,0.2222222222222222,official UCI static Dry_Bean_Dataset.arff,0.7811861111111111,0.760871648334158,0.09333333333333334,
uci-602,uci-602_labeled_train_validation,uci-602,7,6,3,real_independent_shadow_target_cross_release,matched_kmeans,release_3,random_forest,0.95,1200,600,108,0.2222222222222222,official UCI static Dry_Bean_Dataset.arff,0.7767722222222222,0.7665421221757573,0.12833333333333333,
uci-602,uci-602_labeled_train_validation,uci-602,7,6,4,real_independent_shadow_target_cross_release,granular_ball,release_3,logistic,0.95,1200,600,120,0.675,official UCI static Dry_Bean_Dataset.arff,0.6656194444444444,0.6816951633834462,0.07666666666666666,
uci-602,uci-602_labeled_train_validation,uci-602,7,6,4,real_independent_shadow_target_cross_release,granular_ball,release_3,random_forest,0.95,1200,600,120,0.675,official UCI static Dry_Bean_Dataset.arff,0.7146722222222223,0.7491777631613952,0.23666666666666666,
uci-602,uci-602_labeled_train_validation,uci-602,7,6,4,real_independent_shadow_target_cross_release,matched_kmeans,release_3,logistic,0.95,1200,600,120,0.325,official UCI static Dry_Bean_Dataset.arff,0.7877277777777778,0.7763447976692186,0.11333333333333333,
uci-602,uci-602_labeled_train_validation,uci-602,7,6,4,real_independent_shadow_target_cross_release,matched_kmeans,release_3,random_forest,0.95,1200,600,120,0.325,official UCI static Dry_Bean_Dataset.arff,0.7869555555555556,0.7786747679973223,0.145,
uci-602,uci-602_labeled_train_validation,uci-602,7,6,0,real_independent_shadow_target_cross_release,granular_ball,release_1,logistic,0.99,1200,600,143,0.6363636363636364,official UCI static Dry_Bean_Dataset.arff,0.6728333333333334,0.6797073158259467,0.02,
uci-602,uci-602_labeled_train_validation,uci-602,7,6,0,real_independent_shadow_target_cross_release,granular_ball,release_1,random_forest,0.99,1200,600,143,0.6363636363636364,official UCI static Dry_Bean_Dataset.arff,0.6751569444444445,0.7148251750587553,0.17,
uci-602,uci-602_labeled_train_validation,uci-602,7,6,0,real_independent_shadow_target_cross_release,matched_kmeans,release_1,logistic,0.99,1200,600,143,0.34965034965034963,official UCI static Dry_Bean_Dataset.arff,0.7877194444444445,0.7906399346207609,0.19833333333333333,
uci-602,uci-602_labeled_train_validation,uci-602,7,6,0,real_independent_shadow_target_cross_release,matched_kmeans,release_1,random_forest,0.99,1200,600,143,0.34965034965034963,official UCI static Dry_Bean_Dataset.arff,0.7645055555555555,0.7616754035411325,0.15666666666666668,
uci-602,uci-602_labeled_train_validation,uci-602,7,6,1,real_independent_shadow_target_cross_release,granular_ball,release_1,logistic,0.99,1200,600,144,0.5902777777777778,official UCI static Dry_Bean_Dataset.arff,0.6782416666666666,0.674163400699217,0.013333333333333334,
uci-602,uci-602_labeled_train_validation,uci-602,7,6,1,real_independent_shadow_target_cross_release,granular_ball,release_1,random_forest,0.99,1200,600,144,0.5902777777777778,official UCI static Dry_Bean_Dataset.arff,0.6573361111111111,0.6931186685543257,0.125,
uci-602,uci-602_labeled_train_validation,uci-602,7,6,1,real_independent_shadow_target_cross_release,matched_kmeans,release_1,logistic,0.99,1200,600,144,0.3611111111111111,official UCI static Dry_Bean_Dataset.arff,0.7900416666666666,0.7919355891659463,0.185,
uci-602,uci-602_labeled_train_validation,uci-602,7,6,1,real_independent_shadow_target_cross_release,matched_kmeans,release_1,random_forest,0.99,1200,600,144,0.3611111111111111,official UCI static Dry_Bean_Dataset.arff,0.7553125,0.7527802842486775,0.13333333333333333,
uci-602,uci-602_labeled_train_validation,uci-602,7,6,2,real_independent_shadow_target_cross_release,granular_ball,release_1,logistic,0.99,1200,600,145,0.6137931034482759,official UCI static Dry_Bean_Dataset.arff,0.66605,0.7019147472699008,0.105,
uci-602,uci-602_labeled_train_validation,uci-602,7,6,2,real_independent_shadow_target_cross_release,granular_ball,release_1,random_forest,0.99,1200,600,145,0.6137931034482759,official UCI static Dry_Bean_Dataset.arff,0.6679625,0.7011899876169894,0.145,
uci-602,uci-602_labeled_train_validation,uci-602,7,6,2,real_independent_shadow_target_cross_release,matched_kmeans,release_1,logistic,0.99,1200,600,145,0.41379310344827586,official UCI static Dry_Bean_Dataset.arff,0.8155972222222222,0.8147126803902437,0.17333333333333334,
uci-602,uci-602_labeled_train_validation,uci-602,7,6,2,real_independent_shadow_target_cross_release,matched_kmeans,release_1,random_forest,0.99,1200,600,145,0.41379310344827586,official UCI static Dry_Bean_Dataset.arff,0.7892652777777778,0.7861831851566892,0.145,
uci-602,uci-602_labeled_train_validation,uci-602,7,6,3,real_independent_shadow_target_cross_release,granular_ball,release_1,logistic,0.99,1200,600,138,0.6159420289855072,official UCI static Dry_Bean_Dataset.arff,0.70445,0.7105337740275597,0.105,
uci-602,uci-602_labeled_train_validation,uci-602,7,6,3,real_independent_shadow_target_cross_release,granular_ball,release_1,random_forest,0.99,1200,600,138,0.6159420289855072,official UCI static Dry_Bean_Dataset.arff,0.6799388888888889,0.7046379051254872,0.12,
uci-602,uci-602_labeled_train_validation,uci-602,7,6,3,real_independent_shadow_target_cross_release,matched_kmeans,release_1,logistic,0.99,1200,600,138,0.391304347826087,official UCI static Dry_Bean_Dataset.arff,0.7981416666666667,0.7928222396239193,0.14333333333333334,
uci-602,uci-602_labeled_train_validation,uci-602,7,6,3,real_independent_shadow_target_cross_release,matched_kmeans,release_1,random_forest,0.99,1200,600,138,0.391304347826087,official UCI static Dry_Bean_Dataset.arff,0.7748208333333333,0.763321971567187,0.11833333333333333,
uci-602,uci-602_labeled_train_validation,uci-602,7,6,4,real_independent_shadow_target_cross_release,granular_ball,release_1,logistic,0.99,1200,600,154,0.6493506493506493,official UCI static Dry_Bean_Dataset.arff,0.6874388888888889,0.7148065468990231,0.1,
uci-602,uci-602_labeled_train_validation,uci-602,7,6,4,real_independent_shadow_target_cross_release,granular_ball,release_1,random_forest,0.99,1200,600,154,0.6493506493506493,official UCI static Dry_Bean_Dataset.arff,0.6742277777777779,0.706682646497042,0.16166666666666665,
uci-602,uci-602_labeled_train_validation,uci-602,7,6,4,real_independent_shadow_target_cross_release,matched_kmeans,release_1,logistic,0.99,1200,600,154,0.44155844155844154,official UCI static Dry_Bean_Dataset.arff,0.8152916666666667,0.8162957519365879,0.18166666666666667,
uci-602,uci-602_labeled_train_validation,uci-602,7,6,4,real_independent_shadow_target_cross_release,matched_kmeans,release_1,random_forest,0.99,1200,600,154,0.44155844155844154,official UCI static Dry_Bean_Dataset.arff,0.7848611111111111,0.7909778945489558,0.18333333333333332,
uci-602,uci-602_labeled_train_validation,uci-602,7,6,0,real_independent_shadow_target_cross_release,granular_ball,release_2,logistic,0.99,1200,600,143,0.6363636363636364,official UCI static Dry_Bean_Dataset.arff,0.6958583333333334,0.6724126710462994,0.021666666666666667,
uci-602,uci-602_labeled_train_validation,uci-602,7,6,0,real_independent_shadow_target_cross_release,granular_ball,release_2,random_forest,0.99,1200,600,143,0.6363636363636364,official UCI static Dry_Bean_Dataset.arff,0.7431097222222223,0.7673515954232852,0.25166666666666665,
uci-602,uci-602_labeled_train_validation,uci-602,7,6,0,real_independent_shadow_target_cross_release,matched_kmeans,release_2,logistic,0.99,1200,600,143,0.34965034965034963,official UCI static Dry_Bean_Dataset.arff,0.8059388888888889,0.797089783648689,0.16833333333333333,
uci-602,uci-602_labeled_train_validation,uci-602,7,6,0,real_independent_shadow_target_cross_release,matched_kmeans,release_2,random_forest,0.99,1200,600,143,0.34965034965034963,official UCI static Dry_Bean_Dataset.arff,0.7973277777777777,0.7912167091655324,0.17333333333333334,
uci-602,uci-602_labeled_train_validation,uci-602,7,6,1,real_independent_shadow_target_cross_release,granular_ball,release_2,logistic,0.99,1200,600,144,0.5902777777777778,official UCI static Dry_Bean_Dataset.arff,0.707813888888889,0.6869604200523656,0.016666666666666666,
uci-602,uci-602_labeled_train_validation,uci-602,7,6,1,real_independent_shadow_target_cross_release,granular_ball,release_2,random_forest,0.99,1200,600,144,0.5902777777777778,official UCI static Dry_Bean_Dataset.arff,0.7505972222222221,0.7807829778365827,0.27166666666666667,
uci-602,uci-602_labeled_train_validation,uci-602,7,6,1,real_independent_shadow_target_cross_release,matched_kmeans,release_2,logistic,0.99,1200,600,144,0.3611111111111111,official UCI static Dry_Bean_Dataset.arff,0.814,0.799473124431632,0.15833333333333333,
uci-602,uci-602_labeled_train_validation,uci-602,7,6,1,real_independent_shadow_target_cross_release,matched_kmeans,release_2,random_forest,0.99,1200,600,144,0.3611111111111111,official UCI static Dry_Bean_Dataset.arff,0.7892986111111111,0.7758775139828185,0.15833333333333333,
uci-602,uci-602_labeled_train_validation,uci-602,7,6,2,real_independent_shadow_target_cross_release,granular_ball,release_2,logistic,0.99,1200,600,145,0.6137931034482759,official UCI static Dry_Bean_Dataset.arff,0.6988833333333334,0.7057286550996177,0.07333333333333333,
uci-602,uci-602_labeled_train_validation,uci-602,7,6,2,real_independent_shadow_target_cross_release,granular_ball,release_2,random_forest,0.99,1200,600,145,0.6137931034482759,official UCI static Dry_Bean_Dataset.arff,0.7507805555555555,0.776281707773061,0.22166666666666668,
uci-602,uci-602_labeled_train_validation,uci-602,7,6,2,real_independent_shadow_target_cross_release,matched_kmeans,release_2,logistic,0.99,1200,600,145,0.41379310344827586,official UCI static Dry_Bean_Dataset.arff,0.8327722222222222,0.8249264483639352,0.16833333333333333,
uci-602,uci-602_labeled_train_validation,uci-602,7,6,2,real_independent_shadow_target_cross_release,matched_kmeans,release_2,random_forest,0.99,1200,600,145,0.41379310344827586,official UCI static Dry_Bean_Dataset.arff,0.8078055555555554,0.8038205309245825,0.20333333333333334,
uci-602,uci-602_labeled_train_validation,uci-602,7,6,3,real_independent_shadow_target_cross_release,granular_ball,release_2,logistic,0.99,1200,600,138,0.6159420289855072,official UCI static Dry_Bean_Dataset.arff,0.7087611111111111,0.6983815090022678,0.055,
uci-602,uci-602_labeled_train_validation,uci-602,7,6,3,real_independent_shadow_target_cross_release,granular_ball,release_2,random_forest,0.99,1200,600,138,0.6159420289855072,official UCI static Dry_Bean_Dataset.arff,0.727875,0.7559527802895725,0.235,
uci-602,uci-602_labeled_train_validation,uci-602,7,6,3,real_independent_shadow_target_cross_release,matched_kmeans,release_2,logistic,0.99,1200,600,138,0.391304347826087,official UCI static Dry_Bean_Dataset.arff,0.8192166666666667,0.8041142901863825,0.16166666666666665,
uci-602,uci-602_labeled_train_validation,uci-602,7,6,3,real_independent_shadow_target_cross_release,matched_kmeans,release_2,random_forest,0.99,1200,600,138,0.391304347826087,official UCI static Dry_Bean_Dataset.arff,0.8082583333333334,0.8054918427255446,0.18166666666666667,
uci-602,uci-602_labeled_train_validation,uci-602,7,6,4,real_independent_shadow_target_cross_release,granular_ball,release_2,logistic,0.99,1200,600,154,0.6493506493506493,official UCI static Dry_Bean_Dataset.arff,0.7065444444444444,0.7093928167709627,0.07333333333333333,
uci-602,uci-602_labeled_train_validation,uci-602,7,6,4,real_independent_shadow_target_cross_release,granular_ball,release_2,random_forest,0.99,1200,600,154,0.6493506493506493,official UCI static Dry_Bean_Dataset.arff,0.7534652777777778,0.7824445401148294,0.275,
uci-602,uci-602_labeled_train_validation,uci-602,7,6,4,real_independent_shadow_target_cross_release,matched_kmeans,release_2,logistic,0.99,1200,600,154,0.44155844155844154,official UCI static Dry_Bean_Dataset.arff,0.8421472222222223,0.8311269570382425,0.215,
uci-602,uci-602_labeled_train_validation,uci-602,7,6,4,real_independent_shadow_target_cross_release,matched_kmeans,release_2,random_forest,0.99,1200,600,154,0.44155844155844154,official UCI static Dry_Bean_Dataset.arff,0.8294472222222222,0.8251576476548216,0.20333333333333334,
uci-602,uci-602_labeled_train_validation,uci-602,7,6,0,real_independent_shadow_target_cross_release,granular_ball,release_3,logistic,0.99,1200,600,143,0.6363636363636364,official UCI static Dry_Bean_Dataset.arff,0.7075805555555557,0.6878699377074596,0.045,
uci-602,uci-602_labeled_train_validation,uci-602,7,6,0,real_independent_shadow_target_cross_release,granular_ball,release_3,random_forest,0.99,1200,600,143,0.6363636363636364,official UCI static Dry_Bean_Dataset.arff,0.7634194444444444,0.7904035972812349,0.27,
uci-602,uci-602_labeled_train_validation,uci-602,7,6,0,real_independent_shadow_target_cross_release,matched_kmeans,release_3,logistic,0.99,1200,600,143,0.34965034965034963,official UCI static Dry_Bean_Dataset.arff,0.8073916666666668,0.798443135824324,0.15166666666666667,
uci-602,uci-602_labeled_train_validation,uci-602,7,6,0,real_independent_shadow_target_cross_release,matched_kmeans,release_3,random_forest,0.99,1200,600,143,0.34965034965034963,official UCI static Dry_Bean_Dataset.arff,0.8133888888888889,0.8063601149799955,0.21666666666666667,
uci-602,uci-602_labeled_train_validation,uci-602,7,6,1,real_independent_shadow_target_cross_release,granular_ball,release_3,logistic,0.99,1200,600,144,0.5902777777777778,official UCI static Dry_Bean_Dataset.arff,0.7154694444444445,0.7052719393151787,0.041666666666666664,
uci-602,uci-602_labeled_train_validation,uci-602,7,6,1,real_independent_shadow_target_cross_release,granular_ball,release_3,random_forest,0.99,1200,600,144,0.5902777777777778,official UCI static Dry_Bean_Dataset.arff,0.7822944444444444,0.8073606809849123,0.25666666666666665,
uci-602,uci-602_labeled_train_validation,uci-602,7,6,1,real_independent_shadow_target_cross_release,matched_kmeans,release_3,logistic,0.99,1200,600,144,0.3611111111111111,official UCI static Dry_Bean_Dataset.arff,0.8149972222222224,0.7983495267154319,0.16333333333333333,
uci-602,uci-602_labeled_train_validation,uci-602,7,6,1,real_independent_shadow_target_cross_release,matched_kmeans,release_3,random_forest,0.99,1200,600,144,0.3611111111111111,official UCI static Dry_Bean_Dataset.arff,0.8165916666666667,0.8043273425996151,0.18,
uci-602,uci-602_labeled_train_validation,uci-602,7,6,2,real_independent_shadow_target_cross_release,granular_ball,release_3,logistic,0.99,1200,600,145,0.6137931034482759,official UCI static Dry_Bean_Dataset.arff,0.6951777777777779,0.7126189822490194,0.10166666666666667,
uci-602,uci-602_labeled_train_validation,uci-602,7,6,2,real_independent_shadow_target_cross_release,granular_ball,release_3,random_forest,0.99,1200,600,145,0.6137931034482759,official UCI static Dry_Bean_Dataset.arff,0.7532638888888888,0.7807057102579751,0.23833333333333334,
uci-602,uci-602_labeled_train_validation,uci-602,7,6,2,real_independent_shadow_target_cross_release,matched_kmeans,release_3,logistic,0.99,1200,600,145,0.41379310344827586,official UCI static Dry_Bean_Dataset.arff,0.8334749999999999,0.8257051059309053,0.17333333333333334,
uci-602,uci-602_labeled_train_validation,uci-602,7,6,2,real_independent_shadow_target_cross_release,matched_kmeans,release_3,random_forest,0.99,1200,600,145,0.41379310344827586,official UCI static Dry_Bean_Dataset.arff,0.8276694444444443,0.8232440062505837,0.22333333333333333,
uci-602,uci-602_labeled_train_validation,uci-602,7,6,3,real_independent_shadow_target_cross_release,granular_ball,release_3,logistic,0.99,1200,600,138,0.6159420289855072,official UCI static Dry_Bean_Dataset.arff,0.7179805555555556,0.7113064595769454,0.055,
uci-602,uci-602_labeled_train_validation,uci-602,7,6,3,real_independent_shadow_target_cross_release,granular_ball,release_3,random_forest,0.99,1200,600,138,0.6159420289855072,official UCI static Dry_Bean_Dataset.arff,0.7524861111111111,0.7807706959025048,0.25333333333333335,
uci-602,uci-602_labeled_train_validation,uci-602,7,6,3,real_independent_shadow_target_cross_release,matched_kmeans,release_3,logistic,0.99,1200,600,138,0.391304347826087,official UCI static Dry_Bean_Dataset.arff,0.821838888888889,0.8038072664292994,0.13833333333333334,
uci-602,uci-602_labeled_train_validation,uci-602,7,6,3,real_independent_shadow_target_cross_release,matched_kmeans,release_3,random_forest,0.99,1200,600,138,0.391304347826087,official UCI static Dry_Bean_Dataset.arff,0.8245972222222222,0.8187416063573218,0.18,
uci-602,uci-602_labeled_train_validation,uci-602,7,6,4,real_independent_shadow_target_cross_release,granular_ball,release_3,logistic,0.99,1200,600,154,0.6493506493506493,official UCI static Dry_Bean_Dataset.arff,0.7044166666666666,0.7195901348688345,0.085,
uci-602,uci-602_labeled_train_validation,uci-602,7,6,4,real_independent_shadow_target_cross_release,granular_ball,release_3,random_forest,0.99,1200,600,154,0.6493506493506493,official UCI static Dry_Bean_Dataset.arff,0.7635833333333333,0.7915935273115307,0.28833333333333333,
uci-602,uci-602_labeled_train_validation,uci-602,7,6,4,real_independent_shadow_target_cross_release,matched_kmeans,release_3,logistic,0.99,1200,600,154,0.44155844155844154,official UCI static Dry_Bean_Dataset.arff,0.8412361111111111,0.8289369121529843,0.22166666666666668,
uci-602,uci-602_labeled_train_validation,uci-602,7,6,4,real_independent_shadow_target_cross_release,matched_kmeans,release_3,random_forest,0.99,1200,600,154,0.44155844155844154,official UCI static Dry_Bean_Dataset.arff,0.840175,0.8364961691752818,0.2633333333333333,
uci-602,uci-602_labeled_train_validation,uci-602,21,6,0,real_independent_shadow_target_cross_release,granular_ball,release_1,logistic,0.9,1200,600,114,0.7719298245614035,official UCI static Dry_Bean_Dataset.arff,0.6525666666666666,0.6765793135516558,0.065,
uci-602,uci-602_labeled_train_validation,uci-602,21,6,0,real_independent_shadow_target_cross_release,granular_ball,release_1,random_forest,0.9,1200,600,114,0.7719298245614035,official UCI static Dry_Bean_Dataset.arff,0.6297083333333334,0.6682482643138008,0.11,
uci-602,uci-602_labeled_train_validation,uci-602,21,6,0,real_independent_shadow_target_cross_release,matched_kmeans,release_1,logistic,0.9,1200,600,114,0.35964912280701755,official UCI static Dry_Bean_Dataset.arff,0.7563444444444445,0.7501758053179665,0.10833333333333334,
uci-602,uci-602_labeled_train_validation,uci-602,21,6,0,real_independent_shadow_target_cross_release,matched_kmeans,release_1,random_forest,0.9,1200,600,114,0.35964912280701755,official UCI static Dry_Bean_Dataset.arff,0.7238666666666667,0.7166285456944737,0.09833333333333333,
uci-602,uci-602_labeled_train_validation,uci-602,21,6,1,real_independent_shadow_target_cross_release,granular_ball,release_1,logistic,0.9,1200,600,79,0.6962025316455697,official UCI static Dry_Bean_Dataset.arff,0.573175,0.5718376824215505,0.015,
uci-602,uci-602_labeled_train_validation,uci-602,21,6,1,real_independent_shadow_target_cross_release,granular_ball,release_1,random_forest,0.9,1200,600,79,0.6962025316455697,official UCI static Dry_Bean_Dataset.arff,0.6128319444444444,0.6325461635670251,0.05333333333333334,
uci-602,uci-602_labeled_train_validation,uci-602,21,6,1,real_independent_shadow_target_cross_release,matched_kmeans,release_1,logistic,0.9,1200,600,79,0.189873417721519,official UCI static Dry_Bean_Dataset.arff,0.7218833333333333,0.7033048391423824,0.051666666666666666,
uci-602,uci-602_labeled_train_validation,uci-602,21,6,1,real_independent_shadow_target_cross_release,matched_kmeans,release_1,random_forest,0.9,1200,600,79,0.189873417721519,official UCI static Dry_Bean_Dataset.arff,0.6971305555555555,0.6712760351975251,0.045,
uci-602,uci-602_labeled_train_validation,uci-602,21,6,2,real_independent_shadow_target_cross_release,granular_ball,release_1,logistic,0.9,1200,600,100,0.7,official UCI static Dry_Bean_Dataset.arff,0.5991027777777778,0.6045963326948045,0.021666666666666667,
uci-602,uci-602_labeled_train_validation,uci-602,21,6,2,real_independent_shadow_target_cross_release,granular_ball,release_1,random_forest,0.9,1200,600,100,0.7,official UCI static Dry_Bean_Dataset.arff,0.6138527777777778,0.6531118882196171,0.12,
uci-602,uci-602_labeled_train_validation,uci-602,21,6,2,real_independent_shadow_target_cross_release,matched_kmeans,release_1,logistic,0.9,1200,600,100,0.28,official UCI static Dry_Bean_Dataset.arff,0.7490361111111111,0.743396494610083,0.11833333333333333,
uci-602,uci-602_labeled_train_validation,uci-602,21,6,2,real_independent_shadow_target_cross_release,matched_kmeans,release_1,random_forest,0.9,1200,600,100,0.28,official UCI static Dry_Bean_Dataset.arff,0.701975,0.6970058277143731,0.1,
uci-602,uci-602_labeled_train_validation,uci-602,21,6,3,real_independent_shadow_target_cross_release,granular_ball,release_1,logistic,0.9,1200,600,80,0.675,official UCI static Dry_Bean_Dataset.arff,0.5759555555555556,0.5849367118344256,0.015,
uci-602,uci-602_labeled_train_validation,uci-602,21,6,3,real_independent_shadow_target_cross_release,granular_ball,release_1,random_forest,0.9,1200,600,80,0.675,official UCI static Dry_Bean_Dataset.arff,0.5671916666666666,0.6006201983630891,0.06666666666666667,
uci-602,uci-602_labeled_train_validation,uci-602,21,6,3,real_independent_shadow_target_cross_release,matched_kmeans,release_1,logistic,0.9,1200,600,80,0.225,official UCI static Dry_Bean_Dataset.arff,0.7176,0.7079274877680263,0.10833333333333334,
uci-602,uci-602_labeled_train_validation,uci-602,21,6,3,real_independent_shadow_target_cross_release,matched_kmeans,release_1,random_forest,0.9,1200,600,80,0.225,official UCI static Dry_Bean_Dataset.arff,0.6722888888888889,0.6627744184794374,0.07,
uci-602,uci-602_labeled_train_validation,uci-602,21,6,4,real_independent_shadow_target_cross_release,granular_ball,release_1,logistic,0.9,1200,600,119,0.7647058823529411,official UCI static Dry_Bean_Dataset.arff,0.6438694444444445,0.655495766831008,0.04833333333333333,
uci-602,uci-602_labeled_train_validation,uci-602,21,6,4,real_independent_shadow_target_cross_release,granular_ball,release_1,random_forest,0.9,1200,600,119,0.7647058823529411,official UCI static Dry_Bean_Dataset.arff,0.6425152777777777,0.6793229952941346,0.10333333333333333,
uci-602,uci-602_labeled_train_validation,uci-602,21,6,4,real_independent_shadow_target_cross_release,matched_kmeans,release_1,logistic,0.9,1200,600,119,0.3697478991596639,official UCI static Dry_Bean_Dataset.arff,0.7616138888888888,0.7596760334155233,0.13666666666666666,
uci-602,uci-602_labeled_train_validation,uci-602,21,6,4,real_independent_shadow_target_cross_release,matched_kmeans,release_1,random_forest,0.9,1200,600,119,0.3697478991596639,official UCI static Dry_Bean_Dataset.arff,0.719525,0.7149978067157168,0.09166666666666666,
uci-602,uci-602_labeled_train_validation,uci-602,21,6,0,real_independent_shadow_target_cross_release,granular_ball,release_2,logistic,0.9,1200,600,114,0.7719298245614035,official UCI static Dry_Bean_Dataset.arff,0.6586666666666667,0.6750037693486071,0.05333333333333334,
uci-602,uci-602_labeled_train_validation,uci-602,21,6,0,real_independent_shadow_target_cross_release,granular_ball,release_2,random_forest,0.9,1200,600,114,0.7719298245614035,official UCI static Dry_Bean_Dataset.arff,0.6777,0.7255896921233973,0.22666666666666666,
uci-602,uci-602_labeled_train_validation,uci-602,21,6,0,real_independent_shadow_target_cross_release,matched_kmeans,release_2,logistic,0.9,1200,600,114,0.35964912280701755,official UCI static Dry_Bean_Dataset.arff,0.777925,0.7646484806962466,0.115,
uci-602,uci-602_labeled_train_validation,uci-602,21,6,0,real_independent_shadow_target_cross_release,matched_kmeans,release_2,random_forest,0.9,1200,600,114,0.35964912280701755,official UCI static Dry_Bean_Dataset.arff,0.7544916666666667,0.746087270308454,0.13666666666666666,
uci-602,uci-602_labeled_train_validation,uci-602,21,6,1,real_independent_shadow_target_cross_release,granular_ball,release_2,logistic,0.9,1200,600,79,0.6962025316455697,official UCI static Dry_Bean_Dataset.arff,0.5751805555555556,0.5695527409482648,0.0033333333333333335,
uci-602,uci-602_labeled_train_validation,uci-602,21,6,1,real_independent_shadow_target_cross_release,granular_ball,release_2,random_forest,0.9,1200,600,79,0.6962025316455697,official UCI static Dry_Bean_Dataset.arff,0.6538638888888889,0.6904034395623107,0.155,
uci-602,uci-602_labeled_train_validation,uci-602,21,6,1,real_independent_shadow_target_cross_release,matched_kmeans,release_2,logistic,0.9,1200,600,79,0.189873417721519,official UCI static Dry_Bean_Dataset.arff,0.7309027777777778,0.7037419692267938,0.065,
uci-602,uci-602_labeled_train_validation,uci-602,21,6,1,real_independent_shadow_target_cross_release,matched_kmeans,release_2,random_forest,0.9,1200,600,79,0.189873417721519,official UCI static Dry_Bean_Dataset.arff,0.7099444444444444,0.6893845949702468,0.06333333333333334,
uci-602,uci-602_labeled_train_validation,uci-602,21,6,2,real_independent_shadow_target_cross_release,granular_ball,release_2,logistic,0.9,1200,600,100,0.7,official UCI static Dry_Bean_Dataset.arff,0.6008027777777778,0.6135268195755278,0.045,
uci-602,uci-602_labeled_train_validation,uci-602,21,6,2,real_independent_shadow_target_cross_release,granular_ball,release_2,random_forest,0.9,1200,600,100,0.7,official UCI static Dry_Bean_Dataset.arff,0.6781763888888889,0.7176547709386336,0.19833333333333333,
uci-602,uci-602_labeled_train_validation,uci-602,21,6,2,real_independent_shadow_target_cross_release,matched_kmeans,release_2,logistic,0.9,1200,600,100,0.28,official UCI static Dry_Bean_Dataset.arff,0.7592166666666667,0.7476033474863193,0.125,
uci-602,uci-602_labeled_train_validation,uci-602,21,6,2,real_independent_shadow_target_cross_release,matched_kmeans,release_2,random_forest,0.9,1200,600,100,0.28,official UCI static Dry_Bean_Dataset.arff,0.7210138888888888,0.7081770530397036,0.10166666666666667,
uci-602,uci-602_labeled_train_validation,uci-602,21,6,3,real_independent_shadow_target_cross_release,granular_ball,release_2,logistic,0.9,1200,600,80,0.675,official UCI static Dry_Bean_Dataset.arff,0.5915666666666667,0.6017295275303364,0.03,
uci-602,uci-602_labeled_train_validation,uci-602,21,6,3,real_independent_shadow_target_cross_release,granular_ball,release_2,random_forest,0.9,1200,600,80,0.675,official UCI static Dry_Bean_Dataset.arff,0.6272777777777778,0.6618895540913092,0.14333333333333334,
uci-602,uci-602_labeled_train_validation,uci-602,21,6,3,real_independent_shadow_target_cross_release,matched_kmeans,release_2,logistic,0.9,1200,600,80,0.225,official UCI static Dry_Bean_Dataset.arff,0.7256277777777778,0.7111242889532842,0.09,
uci-602,uci-602_labeled_train_validation,uci-602,21,6,3,real_independent_shadow_target_cross_release,matched_kmeans,release_2,random_forest,0.9,1200,600,80,0.225,official UCI static Dry_Bean_Dataset.arff,0.6931027777777777,0.6807114553366008,0.07666666666666666,
uci-602,uci-602_labeled_train_validation,uci-602,21,6,4,real_independent_shadow_target_cross_release,granular_ball,release_2,logistic,0.9,1200,600,119,0.7647058823529411,official UCI static Dry_Bean_Dataset.arff,0.6442222222222223,0.6465123302771532,0.056666666666666664,
uci-602,uci-602_labeled_train_validation,uci-602,21,6,4,real_independent_shadow_target_cross_release,granular_ball,release_2,random_forest,0.9,1200,600,119,0.7647058823529411,official UCI static Dry_Bean_Dataset.arff,0.7154694444444445,0.7541825128851907,0.26166666666666666,
uci-602,uci-602_labeled_train_validation,uci-602,21,6,4,real_independent_shadow_target_cross_release,matched_kmeans,release_2,logistic,0.9,1200,600,119,0.3697478991596639,official UCI static Dry_Bean_Dataset.arff,0.7754000000000001,0.7617626463904452,0.10666666666666667,
uci-602,uci-602_labeled_train_validation,uci-602,21,6,4,real_independent_shadow_target_cross_release,matched_kmeans,release_2,random_forest,0.9,1200,600,119,0.3697478991596639,official UCI static Dry_Bean_Dataset.arff,0.7534694444444445,0.7428604408312779,0.10166666666666667,
uci-602,uci-602_labeled_train_validation,uci-602,21,6,0,real_independent_shadow_target_cross_release,granular_ball,release_3,logistic,0.9,1200,600,114,0.7719298245614035,official UCI static Dry_Bean_Dataset.arff,0.6554888888888888,0.6860352875273299,0.145,
uci-602,uci-602_labeled_train_validation,uci-602,21,6,0,real_independent_shadow_target_cross_release,granular_ball,release_3,random_forest,0.9,1200,600,114,0.7719298245614035,official UCI static Dry_Bean_Dataset.arff,0.7020277777777777,0.7435815587945752,0.25666666666666665,
uci-602,uci-602_labeled_train_validation,uci-602,21,6,0,real_independent_shadow_target_cross_release,matched_kmeans,release_3,logistic,0.9,1200,600,114,0.35964912280701755,official UCI static Dry_Bean_Dataset.arff,0.7787,0.7612371067790341,0.12833333333333333,
uci-602,uci-602_labeled_train_validation,uci-602,21,6,0,real_independent_shadow_target_cross_release,matched_kmeans,release_3,random_forest,0.9,1200,600,114,0.35964912280701755,official UCI static Dry_Bean_Dataset.arff,0.7764694444444444,0.7671390218016629,0.15833333333333333,
uci-602,uci-602_labeled_train_validation,uci-602,21,6,1,real_independent_shadow_target_cross_release,granular_ball,release_3,logistic,0.9,1200,600,79,0.6962025316455697,official UCI static Dry_Bean_Dataset.arff,0.5755277777777779,0.5772965214681803,0.02,
uci-602,uci-602_labeled_train_validation,uci-602,21,6,1,real_independent_shadow_target_cross_release,granular_ball,release_3,random_forest,0.9,1200,600,79,0.6962025316455697,official UCI static Dry_Bean_Dataset.arff,0.6646222222222222,0.6906951032487526,0.16666666666666666,
uci-602,uci-602_labeled_train_validation,uci-602,21,6,1,real_independent_shadow_target_cross_release,matched_kmeans,release_3,logistic,0.9,1200,600,79,0.189873417721519,official UCI static Dry_Bean_Dataset.arff,0.7337611111111112,0.7049835212096295,0.06,
uci-602,uci-602_labeled_train_validation,uci-602,21,6,1,real_independent_shadow_target_cross_release,matched_kmeans,release_3,random_forest,0.9,1200,600,79,0.189873417721519,official UCI static Dry_Bean_Dataset.arff,0.7283222222222222,0.717395698611805,0.08166666666666667,
uci-602,uci-602_labeled_train_validation,uci-602,21,6,2,real_independent_shadow_target_cross_release,granular_ball,release_3,logistic,0.9,1200,600,100,0.7,official UCI static Dry_Bean_Dataset.arff,0.6102277777777778,0.6356093170663353,0.08666666666666667,
uci-602,uci-602_labeled_train_validation,uci-602,21,6,2,real_independent_shadow_target_cross_release,granular_ball,release_3,random_forest,0.9,1200,600,100,0.7,official UCI static Dry_Bean_Dataset.arff,0.7064638888888889,0.7459716338303929,0.22,
uci-602,uci-602_labeled_train_validation,uci-602,21,6,2,real_independent_shadow_target_cross_release,matched_kmeans,release_3,logistic,0.9,1200,600,100,0.28,official UCI static Dry_Bean_Dataset.arff,0.7612055555555557,0.7472190478947711,0.10666666666666667,
uci-602,uci-602_labeled_train_validation,uci-602,21,6,2,real_independent_shadow_target_cross_release,matched_kmeans,release_3,random_forest,0.9,1200,600,100,0.28,official UCI static Dry_Bean_Dataset.arff,0.7505611111111111,0.7340721608861169,0.09833333333333333,
uci-602,uci-602_labeled_train_validation,uci-602,21,6,3,real_independent_shadow_target_cross_release,granular_ball,release_3,logistic,0.9,1200,600,80,0.675,official UCI static Dry_Bean_Dataset.arff,0.5944388888888889,0.6045157017526891,0.041666666666666664,
uci-602,uci-602_labeled_train_validation,uci-602,21,6,3,real_independent_shadow_target_cross_release,granular_ball,release_3,random_forest,0.9,1200,600,80,0.675,official UCI static Dry_Bean_Dataset.arff,0.6544333333333333,0.6850298512185669,0.13833333333333334,
uci-602,uci-602_labeled_train_validation,uci-602,21,6,3,real_independent_shadow_target_cross_release,matched_kmeans,release_3,logistic,0.9,1200,600,80,0.225,official UCI static Dry_Bean_Dataset.arff,0.7289277777777777,0.7081979704678006,0.075,
uci-602,uci-602_labeled_train_validation,uci-602,21,6,3,real_independent_shadow_target_cross_release,matched_kmeans,release_3,random_forest,0.9,1200,600,80,0.225,official UCI static Dry_Bean_Dataset.arff,0.7107666666666665,0.6969323521437449,0.11,
uci-602,uci-602_labeled_train_validation,uci-602,21,6,4,real_independent_shadow_target_cross_release,granular_ball,release_3,logistic,0.9,1200,600,119,0.7647058823529411,official UCI static Dry_Bean_Dataset.arff,0.6508694444444444,0.6616935603792785,0.06666666666666667,
uci-602,uci-602_labeled_train_validation,uci-602,21,6,4,real_independent_shadow_target_cross_release,granular_ball,release_3,random_forest,0.9,1200,600,119,0.7647058823529411,official UCI static Dry_Bean_Dataset.arff,0.7328027777777779,0.7647894278685516,0.265,
uci-602,uci-602_labeled_train_validation,uci-602,21,6,4,real_independent_shadow_target_cross_release,matched_kmeans,release_3,logistic,0.9,1200,600,119,0.3697478991596639,official UCI static Dry_Bean_Dataset.arff,0.7767916666666667,0.7579304321900213,0.08833333333333333,
uci-602,uci-602_labeled_train_validation,uci-602,21,6,4,real_independent_shadow_target_cross_release,matched_kmeans,release_3,random_forest,0.9,1200,600,119,0.3697478991596639,official UCI static Dry_Bean_Dataset.arff,0.7815805555555556,0.7704818859809247,0.14,
uci-602,uci-602_labeled_train_validation,uci-602,21,6,0,real_independent_shadow_target_cross_release,granular_ball,release_1,logistic,0.95,1200,600,136,0.7867647058823529,official UCI static Dry_Bean_Dataset.arff,0.6821305555555555,0.6998802997928848,0.056666666666666664,
uci-602,uci-602_labeled_train_validation,uci-602,21,6,0,real_independent_shadow_target_cross_release,granular_ball,release_1,random_forest,0.95,1200,600,136,0.7867647058823529,official UCI static Dry_Bean_Dataset.arff,0.6602138888888889,0.6983933574032994,0.12166666666666667,
uci-602,uci-602_labeled_train_validation,uci-602,21,6,0,real_independent_shadow_target_cross_release,matched_kmeans,release_1,logistic,0.95,1200,600,136,0.375,official UCI static Dry_Bean_Dataset.arff,0.8009111111111111,0.7915520036475686,0.11666666666666667,
uci-602,uci-602_labeled_train_validation,uci-602,21,6,0,real_independent_shadow_target_cross_release,matched_kmeans,release_1,random_forest,0.95,1200,600,136,0.375,official UCI static Dry_Bean_Dataset.arff,0.780861111111111,0.7762571817932392,0.15,
uci-602,uci-602_labeled_train_validation,uci-602,21,6,1,real_independent_shadow_target_cross_release,granular_ball,release_1,logistic,0.95,1200,600,149,0.7046979865771812,official UCI static Dry_Bean_Dataset.arff,0.6833583333333333,0.6665262379528656,0.018333333333333333,
uci-602,uci-602_labeled_train_validation,uci-602,21,6,1,real_independent_shadow_target_cross_release,granular_ball,release_1,random_forest,0.95,1200,600,149,0.7046979865771812,official UCI static Dry_Bean_Dataset.arff,0.66295,0.694570816438971,0.10333333333333333,
uci-602,uci-602_labeled_train_validation,uci-602,21,6,1,real_independent_shadow_target_cross_release,matched_kmeans,release_1,logistic,0.95,1200,600,149,0.40268456375838924,official UCI static Dry_Bean_Dataset.arff,0.7987499999999998,0.7971304250659137,0.175,
uci-602,uci-602_labeled_train_validation,uci-602,21,6,1,real_independent_shadow_target_cross_release,matched_kmeans,release_1,random_forest,0.95,1200,600,149,0.40268456375838924,official UCI static Dry_Bean_Dataset.arff,0.7626027777777777,0.7594772535123595,0.14,
uci-602,uci-602_labeled_train_validation,uci-602,21,6,2,real_independent_shadow_target_cross_release,granular_ball,release_1,logistic,0.95,1200,600,141,0.7092198581560284,official UCI static Dry_Bean_Dataset.arff,0.6525111111111112,0.657565369053454,0.021666666666666667,
uci-602,uci-602_labeled_train_validation,uci-602,21,6,2,real_independent_shadow_target_cross_release,granular_ball,release_1,random_forest,0.95,1200,600,141,0.7092198581560284,official UCI static Dry_Bean_Dataset.arff,0.6651277777777778,0.7053342601904931,0.16,
uci-602,uci-602_labeled_train_validation,uci-602,21,6,2,real_independent_shadow_target_cross_release,matched_kmeans,release_1,logistic,0.95,1200,600,141,0.375886524822695,official UCI static Dry_Bean_Dataset.arff,0.8022333333333334,0.7964433108384539,0.15166666666666667,
uci-602,uci-602_labeled_train_validation,uci-602,21,6,2,real_independent_shadow_target_cross_release,matched_kmeans,release_1,random_forest,0.95,1200,600,141,0.375886524822695,official UCI static Dry_Bean_Dataset.arff,0.7663444444444444,0.7672774168619678,0.17,
uci-602,uci-602_labeled_train_validation,uci-602,21,6,3,real_independent_shadow_target_cross_release,granular_ball,release_1,logistic,0.95,1200,600,112,0.6785714285714286,official UCI static Dry_Bean_Dataset.arff,0.6250611111111111,0.615901151220468,0.02666666666666667,
uci-602,uci-602_labeled_train_validation,uci-602,21,6,3,real_independent_shadow_target_cross_release,granular_ball,release_1,random_forest,0.95,1200,600,112,0.6785714285714286,official UCI static Dry_Bean_Dataset.arff,0.6120833333333333,0.6424311815680604,0.095,
uci-602,uci-602_labeled_train_validation,uci-602,21,6,3,real_independent_shadow_target_cross_release,matched_kmeans,release_1,logistic,0.95,1200,600,112,0.32142857142857145,official UCI static Dry_Bean_Dataset.arff,0.7724027777777778,0.7672292869303627,0.155,
uci-602,uci-602_labeled_train_validation,uci-602,21,6,3,real_independent_shadow_target_cross_release,matched_kmeans,release_1,random_forest,0.95,1200,600,112,0.32142857142857145,official UCI static Dry_Bean_Dataset.arff,0.741348611111111,0.7359174819979086,0.11,
uci-602,uci-602_labeled_train_validation,uci-602,21,6,4,real_independent_shadow_target_cross_release,granular_ball,release_1,logistic,0.95,1200,600,137,0.7299270072992701,official UCI static Dry_Bean_Dataset.arff,0.6587277777777778,0.6385572517293859,0.03166666666666667,
uci-602,uci-602_labeled_train_validation,uci-602,21,6,4,real_independent_shadow_target_cross_release,granular_ball,release_1,random_forest,0.95,1200,600,137,0.7299270072992701,official UCI static Dry_Bean_Dataset.arff,0.6720180555555555,0.6908377014013305,0.1,
uci-602,uci-602_labeled_train_validation,uci-602,21,6,4,real_independent_shadow_target_cross_release,matched_kmeans,release_1,logistic,0.95,1200,600,137,0.40145985401459855,official UCI static Dry_Bean_Dataset.arff,0.7922222222222224,0.800847834967714,0.19166666666666668,
uci-602,uci-602_labeled_train_validation,uci-602,21,6,4,real_independent_shadow_target_cross_release,matched_kmeans,release_1,random_forest,0.95,1200,600,137,0.40145985401459855,official UCI static Dry_Bean_Dataset.arff,0.776675,0.7763754135075239,0.14333333333333334,
uci-602,uci-602_labeled_train_validation,uci-602,21,6,0,real_independent_shadow_target_cross_release,granular_ball,release_2,logistic,0.95,1200,600,136,0.7867647058823529,official UCI static Dry_Bean_Dataset.arff,0.696575,0.6988403214745043,0.055,
uci-602,uci-602_labeled_train_validation,uci-602,21,6,0,real_independent_shadow_target_cross_release,granular_ball,release_2,random_forest,0.95,1200,600,136,0.7867647058823529,official UCI static Dry_Bean_Dataset.arff,0.7459555555555556,0.7811823360812497,0.275,
uci-602,uci-602_labeled_train_validation,uci-602,21,6,0,real_independent_shadow_target_cross_release,matched_kmeans,release_2,logistic,0.95,1200,600,136,0.375,official UCI static Dry_Bean_Dataset.arff,0.820575,0.8050926459146472,0.125,
uci-602,uci-602_labeled_train_validation,uci-602,21,6,0,real_independent_shadow_target_cross_release,matched_kmeans,release_2,random_forest,0.95,1200,600,136,0.375,official UCI static Dry_Bean_Dataset.arff,0.8017305555555555,0.7819665329297204,0.14333333333333334,
uci-602,uci-602_labeled_train_validation,uci-602,21,6,1,real_independent_shadow_target_cross_release,granular_ball,release_2,logistic,0.95,1200,600,149,0.7046979865771812,official UCI static Dry_Bean_Dataset.arff,0.6906,0.6635295344627152,0.013333333333333334,
uci-602,uci-602_labeled_train_validation,uci-602,21,6,1,real_independent_shadow_target_cross_release,granular_ball,release_2,random_forest,0.95,1200,600,149,0.7046979865771812,official UCI static Dry_Bean_Dataset.arff,0.7587527777777778,0.7881100033655687,0.2816666666666667,
uci-602,uci-602_labeled_train_validation,uci-602,21,6,1,real_independent_shadow_target_cross_release,matched_kmeans,release_2,logistic,0.95,1200,600,149,0.40268456375838924,official UCI static Dry_Bean_Dataset.arff,0.8131916666666666,0.8037832676500074,0.15,
uci-602,uci-602_labeled_train_validation,uci-602,21,6,1,real_independent_shadow_target_cross_release,matched_kmeans,release_2,random_forest,0.95,1200,600,149,0.40268456375838924,official UCI static Dry_Bean_Dataset.arff,0.7943888888888888,0.7873379999841705,0.14833333333333334,
uci-602,uci-602_labeled_train_validation,uci-602,21,6,2,real_independent_shadow_target_cross_release,granular_ball,release_2,logistic,0.95,1200,600,141,0.7092198581560284,official UCI static Dry_Bean_Dataset.arff,0.6569416666666666,0.6457843614402533,0.025,
uci-602,uci-602_labeled_train_validation,uci-602,21,6,2,real_independent_shadow_target_cross_release,granular_ball,release_2,random_forest,0.95,1200,600,141,0.7092198581560284,official UCI static Dry_Bean_Dataset.arff,0.7449222222222223,0.7762014756242224,0.26666666666666666,
uci-602,uci-602_labeled_train_validation,uci-602,21,6,2,real_independent_shadow_target_cross_release,matched_kmeans,release_2,logistic,0.95,1200,600,141,0.375886524822695,official UCI static Dry_Bean_Dataset.arff,0.8184944444444443,0.8067366521554424,0.16833333333333333,
uci-602,uci-602_labeled_train_validation,uci-602,21,6,2,real_independent_shadow_target_cross_release,matched_kmeans,release_2,random_forest,0.95,1200,600,141,0.375886524822695,official UCI static Dry_Bean_Dataset.arff,0.7975861111111112,0.7943683256415179,0.19666666666666666,
uci-602,uci-602_labeled_train_validation,uci-602,21,6,3,real_independent_shadow_target_cross_release,granular_ball,release_2,logistic,0.95,1200,600,112,0.6785714285714286,official UCI static Dry_Bean_Dataset.arff,0.6421861111111111,0.6305328357767925,0.045,
uci-602,uci-602_labeled_train_validation,uci-602,21,6,3,real_independent_shadow_target_cross_release,granular_ball,release_2,random_forest,0.95,1200,600,112,0.6785714285714286,official UCI static Dry_Bean_Dataset.arff,0.6967472222222222,0.7350825902806297,0.205,
uci-602,uci-602_labeled_train_validation,uci-602,21,6,3,real_independent_shadow_target_cross_release,matched_kmeans,release_2,logistic,0.95,1200,600,112,0.32142857142857145,official UCI static Dry_Bean_Dataset.arff,0.7872138888888889,0.7713330448792743,0.12833333333333333,
uci-602,uci-602_labeled_train_validation,uci-602,21,6,3,real_independent_shadow_target_cross_release,matched_kmeans,release_2,random_forest,0.95,1200,600,112,0.32142857142857145,official UCI static Dry_Bean_Dataset.arff,0.7687083333333333,0.7527078065111777,0.135,
uci-602,uci-602_labeled_train_validation,uci-602,21,6,4,real_independent_shadow_target_cross_release,granular_ball,release_2,logistic,0.95,1200,600,137,0.7299270072992701,official UCI static Dry_Bean_Dataset.arff,0.6582472222222222,0.6394558122545881,0.055,
uci-602,uci-602_labeled_train_validation,uci-602,21,6,4,real_independent_shadow_target_cross_release,granular_ball,release_2,random_forest,0.95,1200,600,137,0.7299270072992701,official UCI static Dry_Bean_Dataset.arff,0.7352138888888888,0.769210314439303,0.27166666666666667,
uci-602,uci-602_labeled_train_validation,uci-602,21,6,4,real_independent_shadow_target_cross_release,matched_kmeans,release_2,logistic,0.95,1200,600,137,0.40145985401459855,official UCI static Dry_Bean_Dataset.arff,0.8098583333333336,0.8131644336633488,0.205,
uci-602,uci-602_labeled_train_validation,uci-602,21,6,4,real_independent_shadow_target_cross_release,matched_kmeans,release_2,random_forest,0.95,1200,600,137,0.40145985401459855,official UCI static Dry_Bean_Dataset.arff,0.7908680555555555,0.7941417399912156,0.22166666666666668,
uci-602,uci-602_labeled_train_validation,uci-602,21,6,0,real_independent_shadow_target_cross_release,granular_ball,release_3,logistic,0.95,1200,600,136,0.7867647058823529,official UCI static Dry_Bean_Dataset.arff,0.6967722222222223,0.7138948754599772,0.11,
uci-602,uci-602_labeled_train_validation,uci-602,21,6,0,real_independent_shadow_target_cross_release,granular_ball,release_3,random_forest,0.95,1200,600,136,0.7867647058823529,official UCI static Dry_Bean_Dataset.arff,0.7582861111111111,0.7923009631907637,0.27666666666666667,
uci-602,uci-602_labeled_train_validation,uci-602,21,6,0,real_independent_shadow_target_cross_release,matched_kmeans,release_3,logistic,0.95,1200,600,136,0.375,official UCI static Dry_Bean_Dataset.arff,0.820811111111111,0.80468813784899,0.13333333333333333,
uci-602,uci-602_labeled_train_validation,uci-602,21,6,0,real_independent_shadow_target_cross_release,matched_kmeans,release_3,random_forest,0.95,1200,600,136,0.375,official UCI static Dry_Bean_Dataset.arff,0.8223333333333335,0.8041172422263319,0.125,
uci-602,uci-602_labeled_train_validation,uci-602,21,6,1,real_independent_shadow_target_cross_release,granular_ball,release_3,logistic,0.95,1200,600,149,0.7046979865771812,official UCI static Dry_Bean_Dataset.arff,0.7042055555555555,0.6827406050701192,0.03333333333333333,
uci-602,uci-602_labeled_train_validation,uci-602,21,6,1,real_independent_shadow_target_cross_release,granular_ball,release_3,random_forest,0.95,1200,600,149,0.7046979865771812,official UCI static Dry_Bean_Dataset.arff,0.7850638888888889,0.8080569912668397,0.3016666666666667,
uci-602,uci-602_labeled_train_validation,uci-602,21,6,1,real_independent_shadow_target_cross_release,matched_kmeans,release_3,logistic,0.95,1200,600,149,0.40268456375838924,official UCI static Dry_Bean_Dataset.arff,0.8135055555555555,0.8017760255900492,0.15666666666666668,
uci-602,uci-602_labeled_train_validation,uci-602,21,6,1,real_independent_shadow_target_cross_release,matched_kmeans,release_3,random_forest,0.95,1200,600,149,0.40268456375838924,official UCI static Dry_Bean_Dataset.arff,0.8167638888888888,0.8065019198734324,0.175,
uci-602,uci-602_labeled_train_validation,uci-602,21,6,2,real_independent_shadow_target_cross_release,granular_ball,release_3,logistic,0.95,1200,600,141,0.7092198581560284,official UCI static Dry_Bean_Dataset.arff,0.6651027777777778,0.6730273045831674,0.07666666666666666,
uci-602,uci-602_labeled_train_validation,uci-602,21,6,2,real_independent_shadow_target_cross_release,granular_ball,release_3,random_forest,0.95,1200,600,141,0.7092198581560284,official UCI static Dry_Bean_Dataset.arff,0.7710472222222221,0.7989014824608198,0.30833333333333335,
uci-602,uci-602_labeled_train_validation,uci-602,21,6,2,real_independent_shadow_target_cross_release,matched_kmeans,release_3,logistic,0.95,1200,600,141,0.375886524822695,official UCI static Dry_Bean_Dataset.arff,0.819713888888889,0.8063550180404623,0.17,
uci-602,uci-602_labeled_train_validation,uci-602,21,6,2,real_independent_shadow_target_cross_release,matched_kmeans,release_3,random_forest,0.95,1200,600,141,0.375886524822695,official UCI static Dry_Bean_Dataset.arff,0.8171305555555556,0.8131317022763849,0.23166666666666666,
uci-602,uci-602_labeled_train_validation,uci-602,21,6,3,real_independent_shadow_target_cross_release,granular_ball,release_3,logistic,0.95,1200,600,112,0.6785714285714286,official UCI static Dry_Bean_Dataset.arff,0.6400833333333333,0.6289723922403645,0.04833333333333333,
uci-602,uci-602_labeled_train_validation,uci-602,21,6,3,real_independent_shadow_target_cross_release,granular_ball,release_3,random_forest,0.95,1200,600,112,0.6785714285714286,official UCI static Dry_Bean_Dataset.arff,0.7097305555555555,0.7420006721991248,0.22166666666666668,
uci-602,uci-602_labeled_train_validation,uci-602,21,6,3,real_independent_shadow_target_cross_release,matched_kmeans,release_3,logistic,0.95,1200,600,112,0.32142857142857145,official UCI static Dry_Bean_Dataset.arff,0.7881277777777778,0.7696962571224077,0.13333333333333333,
uci-602,uci-602_labeled_train_validation,uci-602,21,6,3,real_independent_shadow_target_cross_release,matched_kmeans,release_3,random_forest,0.95,1200,600,112,0.32142857142857145,official UCI static Dry_Bean_Dataset.arff,0.8001888888888888,0.7828034372033019,0.13333333333333333,
uci-602,uci-602_labeled_train_validation,uci-602,21,6,4,real_independent_shadow_target_cross_release,granular_ball,release_3,logistic,0.95,1200,600,137,0.7299270072992701,official UCI static Dry_Bean_Dataset.arff,0.6659166666666667,0.6565049470285402,0.041666666666666664,
uci-602,uci-602_labeled_train_validation,uci-602,21,6,4,real_independent_shadow_target_cross_release,granular_ball,release_3,random_forest,0.95,1200,600,137,0.7299270072992701,official UCI static Dry_Bean_Dataset.arff,0.7563916666666667,0.7870697431205188,0.31666666666666665,
uci-602,uci-602_labeled_train_validation,uci-602,21,6,4,real_independent_shadow_target_cross_release,matched_kmeans,release_3,logistic,0.95,1200,600,137,0.40145985401459855,official UCI static Dry_Bean_Dataset.arff,0.8122444444444445,0.8133254513910121,0.21166666666666667,
uci-602,uci-602_labeled_train_validation,uci-602,21,6,4,real_independent_shadow_target_cross_release,matched_kmeans,release_3,random_forest,0.95,1200,600,137,0.40145985401459855,official UCI static Dry_Bean_Dataset.arff,0.8128805555555556,0.8169665265432531,0.25166666666666665,
uci-602,uci-602_labeled_train_validation,uci-602,21,6,0,real_independent_shadow_target_cross_release,granular_ball,release_1,logistic,0.99,1200,600,153,0.7581699346405228,official UCI static Dry_Bean_Dataset.arff,0.7158333333333333,0.7515229638030638,0.12666666666666668,
uci-602,uci-602_labeled_train_validation,uci-602,21,6,0,real_independent_shadow_target_cross_release,granular_ball,release_1,random_forest,0.99,1200,600,153,0.7581699346405228,official UCI static Dry_Bean_Dataset.arff,0.701298611111111,0.7269287687883618,0.12,
uci-602,uci-602_labeled_train_validation,uci-602,21,6,0,real_independent_shadow_target_cross_release,matched_kmeans,release_1,logistic,0.99,1200,600,153,0.49673202614379086,official UCI static Dry_Bean_Dataset.arff,0.8208444444444444,0.820491602609281,0.18666666666666668,
uci-602,uci-602_labeled_train_validation,uci-602,21,6,0,real_independent_shadow_target_cross_release,matched_kmeans,release_1,random_forest,0.99,1200,600,153,0.49673202614379086,official UCI static Dry_Bean_Dataset.arff,0.793325,0.7949777511605477,0.17,
uci-602,uci-602_labeled_train_validation,uci-602,21,6,1,real_independent_shadow_target_cross_release,granular_ball,release_1,logistic,0.99,1200,600,163,0.6993865030674846,official UCI static Dry_Bean_Dataset.arff,0.710325,0.7038808796688846,0.021666666666666667,
uci-602,uci-602_labeled_train_validation,uci-602,21,6,1,real_independent_shadow_target_cross_release,granular_ball,release_1,random_forest,0.99,1200,600,163,0.6993865030674846,official UCI static Dry_Bean_Dataset.arff,0.6950736111111111,0.7242511134626531,0.12166666666666667,
uci-602,uci-602_labeled_train_validation,uci-602,21,6,1,real_independent_shadow_target_cross_release,matched_kmeans,release_1,logistic,0.99,1200,600,163,0.4539877300613497,official UCI static Dry_Bean_Dataset.arff,0.8247111111111112,0.8181434601839472,0.18333333333333332,
uci-602,uci-602_labeled_train_validation,uci-602,21,6,1,real_independent_shadow_target_cross_release,matched_kmeans,release_1,random_forest,0.99,1200,600,163,0.4539877300613497,official UCI static Dry_Bean_Dataset.arff,0.7878694444444445,0.7875467941579205,0.17,
uci-602,uci-602_labeled_train_validation,uci-602,21,6,2,real_independent_shadow_target_cross_release,granular_ball,release_1,logistic,0.99,1200,600,150,0.6933333333333334,official UCI static Dry_Bean_Dataset.arff,0.6624194444444444,0.6672972090061493,0.023333333333333334,
uci-602,uci-602_labeled_train_validation,uci-602,21,6,2,real_independent_shadow_target_cross_release,granular_ball,release_1,random_forest,0.99,1200,600,150,0.6933333333333334,official UCI static Dry_Bean_Dataset.arff,0.6772902777777778,0.7138618516928851,0.13833333333333334,
uci-602,uci-602_labeled_train_validation,uci-602,21,6,2,real_independent_shadow_target_cross_release,matched_kmeans,release_1,logistic,0.99,1200,600,150,0.4,official UCI static Dry_Bean_Dataset.arff,0.8036694444444444,0.8034121940102401,0.15,
uci-602,uci-602_labeled_train_validation,uci-602,21,6,2,real_independent_shadow_target_cross_release,matched_kmeans,release_1,random_forest,0.99,1200,600,150,0.4,official UCI static Dry_Bean_Dataset.arff,0.7886222222222222,0.7802202057102365,0.1,
uci-602,uci-602_labeled_train_validation,uci-602,21,6,3,real_independent_shadow_target_cross_release,granular_ball,release_1,logistic,0.99,1200,600,150,0.6533333333333333,official UCI static Dry_Bean_Dataset.arff,0.6998722222222222,0.70248362941649,0.028333333333333332,
uci-602,uci-602_labeled_train_validation,uci-602,21,6,3,real_independent_shadow_target_cross_release,granular_ball,release_1,random_forest,0.99,1200,600,150,0.6533333333333333,official UCI static Dry_Bean_Dataset.arff,0.6712652777777778,0.7003774853957395,0.13166666666666665,
uci-602,uci-602_labeled_train_validation,uci-602,21,6,3,real_independent_shadow_target_cross_release,matched_kmeans,release_1,logistic,0.99,1200,600,150,0.42,official UCI static Dry_Bean_Dataset.arff,0.816825,0.8200027831421696,0.21,
uci-602,uci-602_labeled_train_validation,uci-602,21,6,3,real_independent_shadow_target_cross_release,matched_kmeans,release_1,random_forest,0.99,1200,600,150,0.42,official UCI static Dry_Bean_Dataset.arff,0.7851041666666667,0.7871871226081663,0.20333333333333334,
uci-602,uci-602_labeled_train_validation,uci-602,21,6,4,real_independent_shadow_target_cross_release,granular_ball,release_1,logistic,0.99,1200,600,162,0.6790123456790124,official UCI static Dry_Bean_Dataset.arff,0.7110722222222223,0.7199090404172059,0.03166666666666667,
uci-602,uci-602_labeled_train_validation,uci-602,21,6,4,real_independent_shadow_target_cross_release,granular_ball,release_1,random_forest,0.99,1200,600,162,0.6790123456790124,official UCI static Dry_Bean_Dataset.arff,0.7185444444444444,0.734701803933395,0.11666666666666667,
uci-602,uci-602_labeled_train_validation,uci-602,21,6,4,real_independent_shadow_target_cross_release,matched_kmeans,release_1,logistic,0.99,1200,600,162,0.48148148148148145,official UCI static Dry_Bean_Dataset.arff,0.8270722222222223,0.8244381805454012,0.23333333333333334,
uci-602,uci-602_labeled_train_validation,uci-602,21,6,4,real_independent_shadow_target_cross_release,matched_kmeans,release_1,random_forest,0.99,1200,600,162,0.48148148148148145,official UCI static Dry_Bean_Dataset.arff,0.7966777777777777,0.7914943346138616,0.16,
uci-602,uci-602_labeled_train_validation,uci-602,21,6,0,real_independent_shadow_target_cross_release,granular_ball,release_2,logistic,0.99,1200,600,153,0.7581699346405228,official UCI static Dry_Bean_Dataset.arff,0.727211111111111,0.7416219731354095,0.10166666666666667,
uci-602,uci-602_labeled_train_validation,uci-602,21,6,0,real_independent_shadow_target_cross_release,granular_ball,release_2,random_forest,0.99,1200,600,153,0.7581699346405228,official UCI static Dry_Bean_Dataset.arff,0.7628277777777779,0.7937890809298269,0.2916666666666667,
uci-602,uci-602_labeled_train_validation,uci-602,21,6,0,real_independent_shadow_target_cross_release,matched_kmeans,release_2,logistic,0.99,1200,600,153,0.49673202614379086,official UCI static Dry_Bean_Dataset.arff,0.838775,0.8314341777471735,0.18,
uci-602,uci-602_labeled_train_validation,uci-602,21,6,0,real_independent_shadow_target_cross_release,matched_kmeans,release_2,random_forest,0.99,1200,600,153,0.49673202614379086,official UCI static Dry_Bean_Dataset.arff,0.822526388888889,0.8146244108265269,0.18666666666666668,
uci-602,uci-602_labeled_train_validation,uci-602,21,6,1,real_independent_shadow_target_cross_release,granular_ball,release_2,logistic,0.99,1200,600,163,0.6993865030674846,official UCI static Dry_Bean_Dataset.arff,0.7251083333333334,0.6972965167575471,0.018333333333333333,
uci-602,uci-602_labeled_train_validation,uci-602,21,6,1,real_independent_shadow_target_cross_release,granular_ball,release_2,random_forest,0.99,1200,600,163,0.6993865030674846,official UCI static Dry_Bean_Dataset.arff,0.7884722222222221,0.8131979914566834,0.32166666666666666,
uci-602,uci-602_labeled_train_validation,uci-602,21,6,1,real_independent_shadow_target_cross_release,matched_kmeans,release_2,logistic,0.99,1200,600,163,0.4539877300613497,official UCI static Dry_Bean_Dataset.arff,0.8349222222222223,0.820764970558944,0.15833333333333333,
uci-602,uci-602_labeled_train_validation,uci-602,21,6,1,real_independent_shadow_target_cross_release,matched_kmeans,release_2,random_forest,0.99,1200,600,163,0.4539877300613497,official UCI static Dry_Bean_Dataset.arff,0.8215319444444446,0.8145744539721842,0.20166666666666666,
uci-602,uci-602_labeled_train_validation,uci-602,21,6,2,real_independent_shadow_target_cross_release,granular_ball,release_2,logistic,0.99,1200,600,150,0.6933333333333334,official UCI static Dry_Bean_Dataset.arff,0.6816777777777778,0.6631610810104844,0.02,
uci-602,uci-602_labeled_train_validation,uci-602,21,6,2,real_independent_shadow_target_cross_release,granular_ball,release_2,random_forest,0.99,1200,600,150,0.6933333333333334,official UCI static Dry_Bean_Dataset.arff,0.7652305555555556,0.7947218401455629,0.2866666666666667,
uci-602,uci-602_labeled_train_validation,uci-602,21,6,2,real_independent_shadow_target_cross_release,matched_kmeans,release_2,logistic,0.99,1200,600,150,0.4,official UCI static Dry_Bean_Dataset.arff,0.830375,0.8208700329913681,0.15166666666666667,
uci-602,uci-602_labeled_train_validation,uci-602,21,6,2,real_independent_shadow_target_cross_release,matched_kmeans,release_2,random_forest,0.99,1200,600,150,0.4,official UCI static Dry_Bean_Dataset.arff,0.8266208333333334,0.8153707932166756,0.20333333333333334,
uci-602,uci-602_labeled_train_validation,uci-602,21,6,3,real_independent_shadow_target_cross_release,granular_ball,release_2,logistic,0.99,1200,600,150,0.6533333333333333,official UCI static Dry_Bean_Dataset.arff,0.7077944444444445,0.6951441414841533,0.04666666666666667,
uci-602,uci-602_labeled_train_validation,uci-602,21,6,3,real_independent_shadow_target_cross_release,granular_ball,release_2,random_forest,0.99,1200,600,150,0.6533333333333333,official UCI static Dry_Bean_Dataset.arff,0.7532222222222222,0.7838690061628144,0.26166666666666666,
uci-602,uci-602_labeled_train_validation,uci-602,21,6,3,real_independent_shadow_target_cross_release,matched_kmeans,release_2,logistic,0.99,1200,600,150,0.42,official UCI static Dry_Bean_Dataset.arff,0.8331666666666668,0.824578836876234,0.17666666666666667,
uci-602,uci-602_labeled_train_validation,uci-602,21,6,3,real_independent_shadow_target_cross_release,matched_kmeans,release_2,random_forest,0.99,1200,600,150,0.42,official UCI static Dry_Bean_Dataset.arff,0.8118555555555556,0.80534253771516,0.23166666666666666,
uci-602,uci-602_labeled_train_validation,uci-602,21,6,4,real_independent_shadow_target_cross_release,granular_ball,release_2,logistic,0.99,1200,600,162,0.6790123456790124,official UCI static Dry_Bean_Dataset.arff,0.7036777777777778,0.6876100898739975,0.04666666666666667,
uci-602,uci-602_labeled_train_validation,uci-602,21,6,4,real_independent_shadow_target_cross_release,granular_ball,release_2,random_forest,0.99,1200,600,162,0.6790123456790124,official UCI static Dry_Bean_Dataset.arff,0.7801888888888889,0.8088047911720297,0.29,
uci-602,uci-602_labeled_train_validation,uci-602,21,6,4,real_independent_shadow_target_cross_release,matched_kmeans,release_2,logistic,0.99,1200,600,162,0.48148148148148145,official UCI static Dry_Bean_Dataset.arff,0.8464361111111111,0.8322062888223309,0.22,
uci-602,uci-602_labeled_train_validation,uci-602,21,6,4,real_independent_shadow_target_cross_release,matched_kmeans,release_2,random_forest,0.99,1200,600,162,0.48148148148148145,official UCI static Dry_Bean_Dataset.arff,0.8430708333333333,0.8383557201931975,0.24666666666666667,
uci-602,uci-602_labeled_train_validation,uci-602,21,6,0,real_independent_shadow_target_cross_release,granular_ball,release_3,logistic,0.99,1200,600,153,0.7581699346405228,official UCI static Dry_Bean_Dataset.arff,0.7173972222222221,0.7362081841493269,0.13,
uci-602,uci-602_labeled_train_validation,uci-602,21,6,0,real_independent_shadow_target_cross_release,granular_ball,release_3,random_forest,0.99,1200,600,153,0.7581699346405228,official UCI static Dry_Bean_Dataset.arff,0.7800916666666666,0.810993039374355,0.30333333333333334,
uci-602,uci-602_labeled_train_validation,uci-602,21,6,0,real_independent_shadow_target_cross_release,matched_kmeans,release_3,logistic,0.99,1200,600,153,0.49673202614379086,official UCI static Dry_Bean_Dataset.arff,0.8392833333333334,0.8307845945797138,0.195,
uci-602,uci-602_labeled_train_validation,uci-602,21,6,0,real_independent_shadow_target_cross_release,matched_kmeans,release_3,random_forest,0.99,1200,600,153,0.49673202614379086,official UCI static Dry_Bean_Dataset.arff,0.8379416666666668,0.8329027164722813,0.24333333333333335,
uci-602,uci-602_labeled_train_validation,uci-602,21,6,1,real_independent_shadow_target_cross_release,granular_ball,release_3,logistic,0.99,1200,600,163,0.6993865030674846,official UCI static Dry_Bean_Dataset.arff,0.7422666666666667,0.7226366762682244,0.05333333333333334,
uci-602,uci-602_labeled_train_validation,uci-602,21,6,1,real_independent_shadow_target_cross_release,granular_ball,release_3,random_forest,0.99,1200,600,163,0.6993865030674846,official UCI static Dry_Bean_Dataset.arff,0.8119722222222221,0.8324381000312191,0.31333333333333335,
uci-602,uci-602_labeled_train_validation,uci-602,21,6,1,real_independent_shadow_target_cross_release,matched_kmeans,release_3,logistic,0.99,1200,600,163,0.4539877300613497,official UCI static Dry_Bean_Dataset.arff,0.8353,0.8190325177087859,0.15166666666666667,
uci-602,uci-602_labeled_train_validation,uci-602,21,6,1,real_independent_shadow_target_cross_release,matched_kmeans,release_3,random_forest,0.99,1200,600,163,0.4539877300613497,official UCI static Dry_Bean_Dataset.arff,0.8336305555555555,0.8242692821179745,0.21666666666666667,
uci-602,uci-602_labeled_train_validation,uci-602,21,6,2,real_independent_shadow_target_cross_release,granular_ball,release_3,logistic,0.99,1200,600,150,0.6933333333333334,official UCI static Dry_Bean_Dataset.arff,0.6916555555555555,0.6878714814559151,0.04666666666666667,
uci-602,uci-602_labeled_train_validation,uci-602,21,6,2,real_independent_shadow_target_cross_release,granular_ball,release_3,random_forest,0.99,1200,600,150,0.6933333333333334,official UCI static Dry_Bean_Dataset.arff,0.794086111111111,0.8182673123217338,0.33666666666666667,
uci-602,uci-602_labeled_train_validation,uci-602,21,6,2,real_independent_shadow_target_cross_release,matched_kmeans,release_3,logistic,0.99,1200,600,150,0.4,official UCI static Dry_Bean_Dataset.arff,0.8309805555555556,0.8195220319722762,0.16833333333333333,
uci-602,uci-602_labeled_train_validation,uci-602,21,6,2,real_independent_shadow_target_cross_release,matched_kmeans,release_3,random_forest,0.99,1200,600,150,0.4,official UCI static Dry_Bean_Dataset.arff,0.8417222222222223,0.8323323634892992,0.185,
uci-602,uci-602_labeled_train_validation,uci-602,21,6,3,real_independent_shadow_target_cross_release,granular_ball,release_3,logistic,0.99,1200,600,150,0.6533333333333333,official UCI static Dry_Bean_Dataset.arff,0.7108277777777777,0.7093205554150608,0.07666666666666666,
uci-602,uci-602_labeled_train_validation,uci-602,21,6,3,real_independent_shadow_target_cross_release,granular_ball,release_3,random_forest,0.99,1200,600,150,0.6533333333333333,official UCI static Dry_Bean_Dataset.arff,0.7707027777777778,0.7953149076987698,0.23666666666666666,
uci-602,uci-602_labeled_train_validation,uci-602,21,6,3,real_independent_shadow_target_cross_release,matched_kmeans,release_3,logistic,0.99,1200,600,150,0.42,official UCI static Dry_Bean_Dataset.arff,0.8353222222222222,0.8243843021048263,0.17166666666666666,
uci-602,uci-602_labeled_train_validation,uci-602,21,6,3,real_independent_shadow_target_cross_release,matched_kmeans,release_3,random_forest,0.99,1200,600,150,0.42,official UCI static Dry_Bean_Dataset.arff,0.8340694444444445,0.8307399932186377,0.23833333333333334,
uci-602,uci-602_labeled_train_validation,uci-602,21,6,4,real_independent_shadow_target_cross_release,granular_ball,release_3,logistic,0.99,1200,600,162,0.6790123456790124,official UCI static Dry_Bean_Dataset.arff,0.7093583333333333,0.7165657219908461,0.07333333333333333,
uci-602,uci-602_labeled_train_validation,uci-602,21,6,4,real_independent_shadow_target_cross_release,granular_ball,release_3,random_forest,0.99,1200,600,162,0.6790123456790124,official UCI static Dry_Bean_Dataset.arff,0.7978916666666667,0.8215023335443121,0.315,
uci-602,uci-602_labeled_train_validation,uci-602,21,6,4,real_independent_shadow_target_cross_release,matched_kmeans,release_3,logistic,0.99,1200,600,162,0.48148148148148145,official UCI static Dry_Bean_Dataset.arff,0.8481333333333333,0.8318617817209011,0.20166666666666666,
uci-602,uci-602_labeled_train_validation,uci-602,21,6,4,real_independent_shadow_target_cross_release,matched_kmeans,release_3,random_forest,0.99,1200,600,162,0.48148148148148145,official UCI static Dry_Bean_Dataset.arff,0.8608416666666666,0.8521903496828614,0.25666666666666665,
