dataset,source,seed,threshold,release,method,attack,n,d,classes,number_of_balls,mean_ball_size,median_ball_size,min_ball_size,max_ball_size,singleton_count,fraction_size_le_2,fraction_size_le_5,mean_radius,median_radius,purity_mean,purity_median,purity_q25,purity_q75,roc_auc,pr_auc,tpr_at_1pct_fpr,tpr_at_0_1pct_fpr
breast_cancer,sklearn.load_breast_cancer,1,0.7,release_1,granular_ball,logistic,569,30,2,2,142.0,142.0,86,198,0,0.0,0.0,4.349237531197048,4.349237531197048,0.9244773314540757,0.9244773314540757,0.9041578576462298,0.9447968052619216,0.49980162666137673,0.5200562228768801,0.017605633802816902,nan
breast_cancer,sklearn.load_breast_cancer,1,0.7,release_1,granular_ball,random_forest,569,30,2,2,142.0,142.0,86,198,0,0.0,0.0,4.349237531197048,4.349237531197048,0.9244773314540757,0.9244773314540757,0.9041578576462298,0.9447968052619216,0.5482419162864509,0.5500013734005615,0.007042253521126761,nan
breast_cancer,sklearn.load_breast_cancer,1,0.7,release_1,matched_kmeans,logistic,569,30,2,2,142.0,142.0,91,193,0,0.0,0.0,4.33114798986035,4.33114798986035,0.9045436428856118,0.9045436428856118,0.8952770027899561,0.9138102829812675,0.5035707200952192,0.5230361186194915,0.02112676056338028,nan
breast_cancer,sklearn.load_breast_cancer,1,0.7,release_1,matched_kmeans,random_forest,569,30,2,2,142.0,142.0,91,193,0,0.0,0.0,4.33114798986035,4.33114798986035,0.9045436428856118,0.9045436428856118,0.8952770027899561,0.9138102829812675,0.5035459234278913,0.5168545343715837,0.0035211267605633804,nan
breast_cancer,sklearn.load_breast_cancer,1,0.7,release_2,granular_ball,logistic,569,30,2,2,142.0,142.0,86,198,0,0.0,0.0,4.349237531197048,4.349237531197048,0.9244773314540757,0.9244773314540757,0.9041578576462298,0.9447968052619216,0.46690884745090266,0.4921111084620641,0.01056338028169014,nan
breast_cancer,sklearn.load_breast_cancer,1,0.7,release_2,granular_ball,random_forest,569,30,2,2,142.0,142.0,86,198,0,0.0,0.0,4.349237531197048,4.349237531197048,0.9244773314540757,0.9244773314540757,0.9041578576462298,0.9447968052619216,0.544088474509026,0.5363363684125874,0.007042253521126761,nan
breast_cancer,sklearn.load_breast_cancer,1,0.7,release_2,matched_kmeans,logistic,569,30,2,2,142.0,142.0,91,193,0,0.0,0.0,4.33114798986035,4.33114798986035,0.9045436428856118,0.9045436428856118,0.8952770027899561,0.9138102829812675,0.46511108906962906,0.4816215444706892,0.01056338028169014,nan
breast_cancer,sklearn.load_breast_cancer,1,0.7,release_2,matched_kmeans,random_forest,569,30,2,2,142.0,142.0,91,193,0,0.0,0.0,4.33114798986035,4.33114798986035,0.9045436428856118,0.9045436428856118,0.8952770027899561,0.9138102829812675,0.5239039873041063,0.5248193773526768,0.0,nan
breast_cancer,sklearn.load_breast_cancer,1,0.7,release_3,granular_ball,logistic,569,30,2,2,142.0,142.0,86,198,0,0.0,0.0,4.349237531197048,4.349237531197048,0.9244773314540757,0.9244773314540757,0.9041578576462298,0.9447968052619216,0.46713201745685384,0.49279364325387565,0.017605633802816902,nan
breast_cancer,sklearn.load_breast_cancer,1,0.7,release_3,granular_ball,random_forest,569,30,2,2,142.0,142.0,86,198,0,0.0,0.0,4.349237531197048,4.349237531197048,0.9244773314540757,0.9244773314540757,0.9041578576462298,0.9447968052619216,0.5372321959928585,0.527787038426404,0.0,nan
breast_cancer,sklearn.load_breast_cancer,1,0.7,release_3,matched_kmeans,logistic,569,30,2,2,142.0,142.0,91,193,0,0.0,0.0,4.33114798986035,4.33114798986035,0.9045436428856118,0.9045436428856118,0.8952770027899561,0.9138102829812675,0.46555742908153147,0.48258836474180644,0.01056338028169014,nan
breast_cancer,sklearn.load_breast_cancer,1,0.7,release_3,matched_kmeans,random_forest,569,30,2,2,142.0,142.0,91,193,0,0.0,0.0,4.33114798986035,4.33114798986035,0.9045436428856118,0.9045436428856118,0.8952770027899561,0.9138102829812675,0.5252554056734775,0.52466231428344,0.0,nan
breast_cancer,sklearn.load_breast_cancer,1,0.8,release_1,granular_ball,logistic,569,30,2,2,142.0,142.0,86,198,0,0.0,0.0,4.349237531197048,4.349237531197048,0.9244773314540757,0.9244773314540757,0.9041578576462298,0.9447968052619216,0.49980162666137673,0.5200562228768801,0.017605633802816902,nan
breast_cancer,sklearn.load_breast_cancer,1,0.8,release_1,granular_ball,random_forest,569,30,2,2,142.0,142.0,86,198,0,0.0,0.0,4.349237531197048,4.349237531197048,0.9244773314540757,0.9244773314540757,0.9041578576462298,0.9447968052619216,0.5482419162864509,0.5500013734005615,0.007042253521126761,nan
breast_cancer,sklearn.load_breast_cancer,1,0.8,release_1,matched_kmeans,logistic,569,30,2,2,142.0,142.0,91,193,0,0.0,0.0,4.33114798986035,4.33114798986035,0.9045436428856118,0.9045436428856118,0.8952770027899561,0.9138102829812675,0.5035707200952192,0.5230361186194915,0.02112676056338028,nan
breast_cancer,sklearn.load_breast_cancer,1,0.8,release_1,matched_kmeans,random_forest,569,30,2,2,142.0,142.0,91,193,0,0.0,0.0,4.33114798986035,4.33114798986035,0.9045436428856118,0.9045436428856118,0.8952770027899561,0.9138102829812675,0.5035459234278913,0.5168545343715837,0.0035211267605633804,nan
breast_cancer,sklearn.load_breast_cancer,1,0.8,release_2,granular_ball,logistic,569,30,2,2,142.0,142.0,86,198,0,0.0,0.0,4.349237531197048,4.349237531197048,0.9244773314540757,0.9244773314540757,0.9041578576462298,0.9447968052619216,0.46690884745090266,0.4921111084620641,0.01056338028169014,nan
breast_cancer,sklearn.load_breast_cancer,1,0.8,release_2,granular_ball,random_forest,569,30,2,2,142.0,142.0,86,198,0,0.0,0.0,4.349237531197048,4.349237531197048,0.9244773314540757,0.9244773314540757,0.9041578576462298,0.9447968052619216,0.544088474509026,0.5363363684125874,0.007042253521126761,nan
breast_cancer,sklearn.load_breast_cancer,1,0.8,release_2,matched_kmeans,logistic,569,30,2,2,142.0,142.0,91,193,0,0.0,0.0,4.33114798986035,4.33114798986035,0.9045436428856118,0.9045436428856118,0.8952770027899561,0.9138102829812675,0.46511108906962906,0.4816215444706892,0.01056338028169014,nan
breast_cancer,sklearn.load_breast_cancer,1,0.8,release_2,matched_kmeans,random_forest,569,30,2,2,142.0,142.0,91,193,0,0.0,0.0,4.33114798986035,4.33114798986035,0.9045436428856118,0.9045436428856118,0.8952770027899561,0.9138102829812675,0.5239039873041063,0.5248193773526768,0.0,nan
breast_cancer,sklearn.load_breast_cancer,1,0.8,release_3,granular_ball,logistic,569,30,2,2,142.0,142.0,86,198,0,0.0,0.0,4.349237531197048,4.349237531197048,0.9244773314540757,0.9244773314540757,0.9041578576462298,0.9447968052619216,0.46713201745685384,0.49279364325387565,0.017605633802816902,nan
breast_cancer,sklearn.load_breast_cancer,1,0.8,release_3,granular_ball,random_forest,569,30,2,2,142.0,142.0,86,198,0,0.0,0.0,4.349237531197048,4.349237531197048,0.9244773314540757,0.9244773314540757,0.9041578576462298,0.9447968052619216,0.5372321959928585,0.527787038426404,0.0,nan
breast_cancer,sklearn.load_breast_cancer,1,0.8,release_3,matched_kmeans,logistic,569,30,2,2,142.0,142.0,91,193,0,0.0,0.0,4.33114798986035,4.33114798986035,0.9045436428856118,0.9045436428856118,0.8952770027899561,0.9138102829812675,0.46555742908153147,0.48258836474180644,0.01056338028169014,nan
breast_cancer,sklearn.load_breast_cancer,1,0.8,release_3,matched_kmeans,random_forest,569,30,2,2,142.0,142.0,91,193,0,0.0,0.0,4.33114798986035,4.33114798986035,0.9045436428856118,0.9045436428856118,0.8952770027899561,0.9138102829812675,0.5252554056734775,0.52466231428344,0.0,nan
breast_cancer,sklearn.load_breast_cancer,1,0.9,release_1,granular_ball,logistic,569,30,2,13,21.846153846153847,3.0,1,91,1,0.38461538461538464,0.6153846153846154,1.9669289668144572,1.862836019759863,0.9857993080264996,1.0,0.978021978021978,1.0,0.5477831779408847,0.5632040265968443,0.02464788732394366,nan
breast_cancer,sklearn.load_breast_cancer,1,0.9,release_1,granular_ball,random_forest,569,30,2,13,21.846153846153847,3.0,1,91,1,0.38461538461538464,0.6153846153846154,1.9669289668144572,1.862836019759863,0.9857993080264996,1.0,0.978021978021978,1.0,0.5192050188454672,0.5155832528062018,0.01056338028169014,nan
breast_cancer,sklearn.load_breast_cancer,1,0.9,release_1,matched_kmeans,logistic,569,30,2,13,21.846153846153847,21.0,1,45,1,0.15384615384615385,0.15384615384615385,3.038010582546752,2.8020315604538992,0.9408383283383283,0.975,0.9333333333333333,1.0,0.5383356476889506,0.5304097177226236,0.014084507042253521,nan
breast_cancer,sklearn.load_breast_cancer,1,0.9,release_1,matched_kmeans,random_forest,569,30,2,13,21.846153846153847,21.0,1,45,1,0.15384615384615385,0.15384615384615385,3.038010582546752,2.8020315604538992,0.9408383283383283,0.975,0.9333333333333333,1.0,0.5566851815116048,0.5396910739819228,0.014084507042253521,nan
breast_cancer,sklearn.load_breast_cancer,1,0.9,release_2,granular_ball,logistic,569,30,2,13,21.846153846153847,3.0,1,91,1,0.38461538461538464,0.6153846153846154,1.9669289668144572,1.862836019759863,0.9857993080264996,1.0,0.978021978021978,1.0,0.5472624479269986,0.5610955935853502,0.02464788732394366,nan
breast_cancer,sklearn.load_breast_cancer,1,0.9,release_2,granular_ball,random_forest,569,30,2,13,21.846153846153847,3.0,1,91,1,0.38461538461538464,0.6153846153846154,1.9669289668144572,1.862836019759863,0.9857993080264996,1.0,0.978021978021978,1.0,0.516179825431462,0.51712309840073,0.0035211267605633804,nan
breast_cancer,sklearn.load_breast_cancer,1,0.9,release_2,matched_kmeans,logistic,569,30,2,13,21.846153846153847,21.0,1,45,1,0.15384615384615385,0.15384615384615385,3.038010582546752,2.8020315604538992,0.9408383283383283,0.975,0.9333333333333333,1.0,0.5620536599880976,0.5386472794068065,0.01056338028169014,nan
breast_cancer,sklearn.load_breast_cancer,1,0.9,release_2,matched_kmeans,random_forest,569,30,2,13,21.846153846153847,21.0,1,45,1,0.15384615384615385,0.15384615384615385,3.038010582546752,2.8020315604538992,0.9408383283383283,0.975,0.9333333333333333,1.0,0.572821612775243,0.5570136793679538,0.01056338028169014,nan
breast_cancer,sklearn.load_breast_cancer,1,0.9,release_3,granular_ball,logistic,569,30,2,13,21.846153846153847,3.0,1,91,1,0.38461538461538464,0.6153846153846154,1.9669289668144572,1.862836019759863,0.9857993080264996,1.0,0.978021978021978,1.0,0.5468780995834159,0.5636036465767982,0.04225352112676056,nan
breast_cancer,sklearn.load_breast_cancer,1,0.9,release_3,granular_ball,random_forest,569,30,2,13,21.846153846153847,3.0,1,91,1,0.38461538461538464,0.6153846153846154,1.9669289668144572,1.862836019759863,0.9857993080264996,1.0,0.978021978021978,1.0,0.5097078952588772,0.5126097969322215,0.007042253521126761,nan
breast_cancer,sklearn.load_breast_cancer,1,0.9,release_3,matched_kmeans,logistic,569,30,2,13,21.846153846153847,21.0,1,45,1,0.15384615384615385,0.15384615384615385,3.038010582546752,2.8020315604538992,0.9408383283383283,0.975,0.9333333333333333,1.0,0.552172188057925,0.5495405910024824,0.02464788732394366,nan
breast_cancer,sklearn.load_breast_cancer,1,0.9,release_3,matched_kmeans,random_forest,569,30,2,13,21.846153846153847,21.0,1,45,1,0.15384615384615385,0.15384615384615385,3.038010582546752,2.8020315604538992,0.9408383283383283,0.975,0.9333333333333333,1.0,0.5961118825629835,0.5851525446411436,0.02464788732394366,nan
breast_cancer,sklearn.load_breast_cancer,1,0.95,release_1,granular_ball,logistic,569,30,2,21,13.523809523809524,2.0,1,91,5,0.5238095238095238,0.7142857142857143,1.6374274362407282,1.5801531465621712,0.9478417485062003,1.0,1.0,1.0,0.5469400912517358,0.5675643609163522,0.04225352112676056,nan
breast_cancer,sklearn.load_breast_cancer,1,0.95,release_1,granular_ball,random_forest,569,30,2,21,13.523809523809524,2.0,1,91,5,0.5238095238095238,0.7142857142857143,1.6374274362407282,1.5801531465621712,0.9478417485062003,1.0,1.0,1.0,0.538534021027574,0.5711327500976523,0.04225352112676056,nan
breast_cancer,sklearn.load_breast_cancer,1,0.95,release_1,matched_kmeans,logistic,569,30,2,21,13.523809523809524,12.0,1,37,3,0.23809523809523808,0.3333333333333333,2.439205940642342,2.501371885949285,0.9611842101682709,1.0,0.9230769230769231,1.0,0.6751636580043643,0.676518382793416,0.06338028169014084,nan
breast_cancer,sklearn.load_breast_cancer,1,0.95,release_1,matched_kmeans,random_forest,569,30,2,21,13.523809523809524,12.0,1,37,3,0.23809523809523808,0.3333333333333333,2.439205940642342,2.501371885949285,0.9611842101682709,1.0,0.9230769230769231,1.0,0.6300337234675659,0.5908969971649631,0.01056338028169014,nan
breast_cancer,sklearn.load_breast_cancer,1,0.95,release_2,granular_ball,logistic,569,30,2,21,13.523809523809524,2.0,1,91,5,0.5238095238095238,0.7142857142857143,1.6374274362407282,1.5801531465621712,0.9478417485062003,1.0,1.0,1.0,0.5380132910136878,0.5643376898543284,0.028169014084507043,nan
breast_cancer,sklearn.load_breast_cancer,1,0.95,release_2,granular_ball,random_forest,569,30,2,21,13.523809523809524,2.0,1,91,5,0.5238095238095238,0.7142857142857143,1.6374274362407282,1.5801531465621712,0.9478417485062003,1.0,1.0,1.0,0.5211639555643721,0.5604504470667087,0.056338028169014086,nan
breast_cancer,sklearn.load_breast_cancer,1,0.95,release_2,matched_kmeans,logistic,569,30,2,21,13.523809523809524,12.0,1,37,3,0.23809523809523808,0.3333333333333333,2.439205940642342,2.501371885949285,0.9611842101682709,1.0,0.9230769230769231,1.0,0.670737452886332,0.6739901101322889,0.056338028169014086,nan
breast_cancer,sklearn.load_breast_cancer,1,0.95,release_2,matched_kmeans,random_forest,569,30,2,21,13.523809523809524,12.0,1,37,3,0.23809523809523808,0.3333333333333333,2.439205940642342,2.501371885949285,0.9611842101682709,1.0,0.9230769230769231,1.0,0.6382166236857767,0.6159630617300293,0.035211267605633804,nan
breast_cancer,sklearn.load_breast_cancer,1,0.95,release_3,granular_ball,logistic,569,30,2,21,13.523809523809524,2.0,1,91,5,0.5238095238095238,0.7142857142857143,1.6374274362407282,1.5801531465621712,0.9478417485062003,1.0,1.0,1.0,0.5313181908351517,0.5455803561361998,0.02464788732394366,nan
breast_cancer,sklearn.load_breast_cancer,1,0.95,release_3,granular_ball,random_forest,569,30,2,21,13.523809523809524,2.0,1,91,5,0.5238095238095238,0.7142857142857143,1.6374274362407282,1.5801531465621712,0.9478417485062003,1.0,1.0,1.0,0.5248834556635588,0.5557955231278933,0.03873239436619718,nan
breast_cancer,sklearn.load_breast_cancer,1,0.95,release_3,matched_kmeans,logistic,569,30,2,21,13.523809523809524,12.0,1,37,3,0.23809523809523808,0.3333333333333333,2.439205940642342,2.501371885949285,0.9611842101682709,1.0,0.9230769230769231,1.0,0.6705390795477087,0.6762933821915901,0.07042253521126761,nan
breast_cancer,sklearn.load_breast_cancer,1,0.95,release_3,matched_kmeans,random_forest,569,30,2,21,13.523809523809524,12.0,1,37,3,0.23809523809523808,0.3333333333333333,2.439205940642342,2.501371885949285,0.9611842101682709,1.0,0.9230769230769231,1.0,0.6539749057726642,0.6277220403172621,0.02112676056338028,nan
breast_cancer,sklearn.load_breast_cancer,1,0.99,release_1,granular_ball,logistic,569,30,2,45,6.311111111111111,2.0,1,61,14,0.6,0.7333333333333333,1.4463909908183903,1.4281208028632877,0.9666666666666667,1.0,1.0,1.0,0.6566529458440786,0.6963420760281285,0.08098591549295775,nan
breast_cancer,sklearn.load_breast_cancer,1,0.99,release_1,granular_ball,random_forest,569,30,2,45,6.311111111111111,2.0,1,61,14,0.6,0.7333333333333333,1.4463909908183903,1.4281208028632877,0.9666666666666667,1.0,1.0,1.0,0.6395308470541559,0.673628169714664,0.08450704225352113,nan
breast_cancer,sklearn.load_breast_cancer,1,0.99,release_1,matched_kmeans,logistic,569,30,2,45,6.311111111111111,4.0,1,23,11,0.37777777777777777,0.5777777777777777,1.7734716756996645,2.1310359043879545,0.9639793378923812,1.0,1.0,1.0,0.7868478476492758,0.796489415144295,0.20422535211267606,nan
breast_cancer,sklearn.load_breast_cancer,1,0.99,release_1,matched_kmeans,random_forest,569,30,2,45,6.311111111111111,4.0,1,23,11,0.37777777777777777,0.5777777777777777,1.7734716756996645,2.1310359043879545,0.9639793378923812,1.0,1.0,1.0,0.753068587581829,0.7614916807852682,0.16549295774647887,nan
breast_cancer,sklearn.load_breast_cancer,1,0.99,release_2,granular_ball,logistic,569,30,2,45,6.311111111111111,2.0,1,61,14,0.6,0.7333333333333333,1.4463909908183903,1.4281208028632877,0.9666666666666667,1.0,1.0,1.0,0.6567149375123984,0.6906151873663685,0.07394366197183098,nan
breast_cancer,sklearn.load_breast_cancer,1,0.99,release_2,granular_ball,random_forest,569,30,2,45,6.311111111111111,2.0,1,61,14,0.6,0.7333333333333333,1.4463909908183903,1.4281208028632877,0.9666666666666667,1.0,1.0,1.0,0.6188752231700059,0.6631263177871893,0.08098591549295775,nan
breast_cancer,sklearn.load_breast_cancer,1,0.99,release_2,matched_kmeans,logistic,569,30,2,45,6.311111111111111,4.0,1,23,11,0.37777777777777777,0.5777777777777777,1.7734716756996645,2.1310359043879545,0.9639793378923812,1.0,1.0,1.0,0.8030648680817298,0.804460942271114,0.16901408450704225,nan
breast_cancer,sklearn.load_breast_cancer,1,0.99,release_2,matched_kmeans,random_forest,569,30,2,45,6.311111111111111,4.0,1,23,11,0.37777777777777777,0.5777777777777777,1.7734716756996645,2.1310359043879545,0.9639793378923812,1.0,1.0,1.0,0.7746416881571117,0.7547345995726735,0.07746478873239436,nan
breast_cancer,sklearn.load_breast_cancer,1,0.99,release_3,granular_ball,logistic,569,30,2,45,6.311111111111111,2.0,1,61,14,0.6,0.7333333333333333,1.4463909908183903,1.4281208028632877,0.9666666666666667,1.0,1.0,1.0,0.6436470938305892,0.6759406043739147,0.06338028169014084,nan
breast_cancer,sklearn.load_breast_cancer,1,0.99,release_3,granular_ball,random_forest,569,30,2,45,6.311111111111111,2.0,1,61,14,0.6,0.7333333333333333,1.4463909908183903,1.4281208028632877,0.9666666666666667,1.0,1.0,1.0,0.6266241817099781,0.664805005310106,0.06690140845070422,nan
breast_cancer,sklearn.load_breast_cancer,1,0.99,release_3,matched_kmeans,logistic,569,30,2,45,6.311111111111111,4.0,1,23,11,0.37777777777777777,0.5777777777777777,1.7734716756996645,2.1310359043879545,0.9639793378923812,1.0,1.0,1.0,0.808073794881968,0.804737062239264,0.15845070422535212,nan
breast_cancer,sklearn.load_breast_cancer,1,0.99,release_3,matched_kmeans,random_forest,569,30,2,45,6.311111111111111,4.0,1,23,11,0.37777777777777777,0.5777777777777777,1.7734716756996645,2.1310359043879545,0.9639793378923812,1.0,1.0,1.0,0.7776730807379488,0.7653442554589733,0.11619718309859155,nan
sonar,UCI id=151 via ucimlrepo,1,0.7,release_1,granular_ball,logistic,208,60,2,18,5.777777777777778,3.0,1,29,6,0.5,0.7777777777777778,3.067567497051747,3.881475857784576,0.8709068085005117,1.0,0.75,1.0,0.733912721893491,0.7362413153274885,0.16346153846153846,nan
sonar,UCI id=151 via ucimlrepo,1,0.7,release_1,granular_ball,random_forest,208,60,2,18,5.777777777777778,3.0,1,29,6,0.5,0.7777777777777778,3.067567497051747,3.881475857784576,0.8709068085005117,1.0,0.75,1.0,0.6571745562130178,0.6643905963245313,0.125,nan
sonar,UCI id=151 via ucimlrepo,1,0.7,release_1,matched_kmeans,logistic,208,60,2,18,5.777777777777778,4.0,1,19,4,0.3333333333333333,0.6111111111111112,3.8918284640952683,4.891027927942064,0.8034159472755964,0.775,0.6666666666666666,1.0,0.8210059171597632,0.8188212907882946,0.25,nan
sonar,UCI id=151 via ucimlrepo,1,0.7,release_1,matched_kmeans,random_forest,208,60,2,18,5.777777777777778,4.0,1,19,4,0.3333333333333333,0.6111111111111112,3.8918284640952683,4.891027927942064,0.8034159472755964,0.775,0.6666666666666666,1.0,0.7119082840236686,0.6896442428316607,0.057692307692307696,nan
sonar,UCI id=151 via ucimlrepo,1,0.7,release_2,granular_ball,logistic,208,60,2,18,5.777777777777778,3.0,1,29,6,0.5,0.7777777777777778,3.067567497051747,3.881475857784576,0.8709068085005117,1.0,0.75,1.0,0.7590606508875739,0.7529569003315661,0.11538461538461539,nan
sonar,UCI id=151 via ucimlrepo,1,0.7,release_2,granular_ball,random_forest,208,60,2,18,5.777777777777778,3.0,1,29,6,0.5,0.7777777777777778,3.067567497051747,3.881475857784576,0.8709068085005117,1.0,0.75,1.0,0.6633690828402365,0.6617534960366825,0.1346153846153846,nan
sonar,UCI id=151 via ucimlrepo,1,0.7,release_2,matched_kmeans,logistic,208,60,2,18,5.777777777777778,4.0,1,19,4,0.3333333333333333,0.6111111111111112,3.8918284640952683,4.891027927942064,0.8034159472755964,0.775,0.6666666666666666,1.0,0.8159208579881656,0.8155401671416809,0.25,nan
sonar,UCI id=151 via ucimlrepo,1,0.7,release_2,matched_kmeans,random_forest,208,60,2,18,5.777777777777778,4.0,1,19,4,0.3333333333333333,0.6111111111111112,3.8918284640952683,4.891027927942064,0.8034159472755964,0.775,0.6666666666666666,1.0,0.7584596893491125,0.7310842747482138,0.08653846153846154,nan
sonar,UCI id=151 via ucimlrepo,1,0.7,release_3,granular_ball,logistic,208,60,2,18,5.777777777777778,3.0,1,29,6,0.5,0.7777777777777778,3.067567497051747,3.881475857784576,0.8709068085005117,1.0,0.75,1.0,0.7418639053254438,0.7321543198145595,0.125,nan
sonar,UCI id=151 via ucimlrepo,1,0.7,release_3,granular_ball,random_forest,208,60,2,18,5.777777777777778,3.0,1,29,6,0.5,0.7777777777777778,3.067567497051747,3.881475857784576,0.8709068085005117,1.0,0.75,1.0,0.6580066568047338,0.6671911647558297,0.15384615384615385,nan
sonar,UCI id=151 via ucimlrepo,1,0.7,release_3,matched_kmeans,logistic,208,60,2,18,5.777777777777778,4.0,1,19,4,0.3333333333333333,0.6111111111111112,3.8918284640952683,4.891027927942064,0.8034159472755964,0.775,0.6666666666666666,1.0,0.8280325443786982,0.8346105900234113,0.36538461538461536,nan
sonar,UCI id=151 via ucimlrepo,1,0.7,release_3,matched_kmeans,random_forest,208,60,2,18,5.777777777777778,4.0,1,19,4,0.3333333333333333,0.6111111111111112,3.8918284640952683,4.891027927942064,0.8034159472755964,0.775,0.6666666666666666,1.0,0.78125,0.7641876287459844,0.125,nan
sonar,UCI id=151 via ucimlrepo,1,0.8,release_1,granular_ball,logistic,208,60,2,38,2.736842105263158,2.0,1,14,16,0.7105263157894737,0.868421052631579,2.2029978191824053,2.105107039330205,0.913021189336979,1.0,1.0,1.0,0.8717640532544378,0.8758303226868516,0.3173076923076923,nan
sonar,UCI id=151 via ucimlrepo,1,0.8,release_1,granular_ball,random_forest,208,60,2,38,2.736842105263158,2.0,1,14,16,0.7105263157894737,0.868421052631579,2.2029978191824053,2.105107039330205,0.913021189336979,1.0,1.0,1.0,0.8148113905325443,0.814294713043338,0.16346153846153846,nan
sonar,UCI id=151 via ucimlrepo,1,0.8,release_1,matched_kmeans,logistic,208,60,2,38,2.736842105263158,1.5,1,15,19,0.6052631578947368,0.9473684210526315,1.967168975066101,1.2546808599341492,0.9092105263157894,1.0,0.8,1.0,0.8773113905325444,0.8711862410351575,0.2980769230769231,nan
sonar,UCI id=151 via ucimlrepo,1,0.8,release_1,matched_kmeans,random_forest,208,60,2,38,2.736842105263158,1.5,1,15,19,0.6052631578947368,0.9473684210526315,1.967168975066101,1.2546808599341492,0.9092105263157894,1.0,0.8,1.0,0.8415310650887574,0.8245154756993109,0.20192307692307693,nan
sonar,UCI id=151 via ucimlrepo,1,0.8,release_2,granular_ball,logistic,208,60,2,38,2.736842105263158,2.0,1,14,16,0.7105263157894737,0.868421052631579,2.2029978191824053,2.105107039330205,0.913021189336979,1.0,1.0,1.0,0.8911797337278106,0.8957596446677696,0.38461538461538464,nan
sonar,UCI id=151 via ucimlrepo,1,0.8,release_2,granular_ball,random_forest,208,60,2,38,2.736842105263158,2.0,1,14,16,0.7105263157894737,0.868421052631579,2.2029978191824053,2.105107039330205,0.913021189336979,1.0,1.0,1.0,0.8717640532544378,0.8679076633038747,0.2403846153846154,nan
sonar,UCI id=151 via ucimlrepo,1,0.8,release_2,matched_kmeans,logistic,208,60,2,38,2.736842105263158,1.5,1,15,19,0.6052631578947368,0.9473684210526315,1.967168975066101,1.2546808599341492,0.9092105263157894,1.0,0.8,1.0,0.8806397928994082,0.8759427906272232,0.2980769230769231,nan
sonar,UCI id=151 via ucimlrepo,1,0.8,release_2,matched_kmeans,random_forest,208,60,2,38,2.736842105263158,1.5,1,15,19,0.6052631578947368,0.9473684210526315,1.967168975066101,1.2546808599341492,0.9092105263157894,1.0,0.8,1.0,0.851978550295858,0.84830718723594,0.3076923076923077,nan
sonar,UCI id=151 via ucimlrepo,1,0.8,release_3,granular_ball,logistic,208,60,2,38,2.736842105263158,2.0,1,14,16,0.7105263157894737,0.868421052631579,2.2029978191824053,2.105107039330205,0.913021189336979,1.0,1.0,1.0,0.8747226331360947,0.8762643549449782,0.3557692307692308,nan
sonar,UCI id=151 via ucimlrepo,1,0.8,release_3,granular_ball,random_forest,208,60,2,38,2.736842105263158,2.0,1,14,16,0.7105263157894737,0.868421052631579,2.2029978191824053,2.105107039330205,0.913021189336979,1.0,1.0,1.0,0.8747226331360947,0.8770994470569728,0.3173076923076923,nan
sonar,UCI id=151 via ucimlrepo,1,0.8,release_3,matched_kmeans,logistic,208,60,2,38,2.736842105263158,1.5,1,15,19,0.6052631578947368,0.9473684210526315,1.967168975066101,1.2546808599341492,0.9092105263157894,1.0,0.8,1.0,0.8811020710059171,0.8702455044971564,0.3076923076923077,nan
sonar,UCI id=151 via ucimlrepo,1,0.8,release_3,matched_kmeans,random_forest,208,60,2,38,2.736842105263158,1.5,1,15,19,0.6052631578947368,0.9473684210526315,1.967168975066101,1.2546808599341492,0.9092105263157894,1.0,0.8,1.0,0.8509615384615385,0.8439495934897722,0.3173076923076923,nan
sonar,UCI id=151 via ucimlrepo,1,0.9,release_1,granular_ball,logistic,208,60,2,40,2.6,2.0,1,14,17,0.7,0.9,2.1800037276103517,2.105107039330205,0.9209415584415584,1.0,1.0,1.0,0.8794378698224852,0.8782517419968524,0.3173076923076923,nan
sonar,UCI id=151 via ucimlrepo,1,0.9,release_1,granular_ball,random_forest,208,60,2,40,2.6,2.0,1,14,17,0.7,0.9,2.1800037276103517,2.105107039330205,0.9209415584415584,1.0,1.0,1.0,0.8280325443786982,0.8223883140929722,0.18269230769230768,nan
sonar,UCI id=151 via ucimlrepo,1,0.9,release_1,matched_kmeans,logistic,208,60,2,40,2.6,1.0,1,15,21,0.65,0.95,1.8307195919496617,0.0,0.9083333333333334,1.0,0.8,1.0,0.8799926035502958,0.8762353315244793,0.33653846153846156,nan
sonar,UCI id=151 via ucimlrepo,1,0.9,release_1,matched_kmeans,random_forest,208,60,2,40,2.6,1.0,1,15,21,0.65,0.95,1.8307195919496617,0.0,0.9083333333333334,1.0,0.8,1.0,0.8468010355029585,0.8387858067995337,0.16346153846153846,nan
sonar,UCI id=151 via ucimlrepo,1,0.9,release_2,granular_ball,logistic,208,60,2,40,2.6,2.0,1,14,17,0.7,0.9,2.1800037276103517,2.105107039330205,0.9209415584415584,1.0,1.0,1.0,0.8957100591715976,0.8931375850973615,0.33653846153846156,nan
sonar,UCI id=151 via ucimlrepo,1,0.9,release_2,granular_ball,random_forest,208,60,2,40,2.6,2.0,1,14,17,0.7,0.9,2.1800037276103517,2.105107039330205,0.9209415584415584,1.0,1.0,1.0,0.8816568047337279,0.8744849098017946,0.25,nan
sonar,UCI id=151 via ucimlrepo,1,0.9,release_2,matched_kmeans,logistic,208,60,2,40,2.6,1.0,1,15,21,0.65,0.95,1.8307195919496617,0.0,0.9083333333333334,1.0,0.8,1.0,0.883228550295858,0.8799890148990532,0.33653846153846156,nan
sonar,UCI id=151 via ucimlrepo,1,0.9,release_2,matched_kmeans,random_forest,208,60,2,40,2.6,1.0,1,15,21,0.65,0.95,1.8307195919496617,0.0,0.9083333333333334,1.0,0.8,1.0,0.8553069526627218,0.8532719401826933,0.3076923076923077,nan
sonar,UCI id=151 via ucimlrepo,1,0.9,release_3,granular_ball,logistic,208,60,2,40,2.6,2.0,1,14,17,0.7,0.9,2.1800037276103517,2.105107039330205,0.9209415584415584,1.0,1.0,1.0,0.8774963017751478,0.8686248520979655,0.28846153846153844,nan
sonar,UCI id=151 via ucimlrepo,1,0.9,release_3,granular_ball,random_forest,208,60,2,40,2.6,2.0,1,14,17,0.7,0.9,2.1800037276103517,2.105107039330205,0.9209415584415584,1.0,1.0,1.0,0.8817492603550295,0.8778146034858311,0.3076923076923077,nan
sonar,UCI id=151 via ucimlrepo,1,0.9,release_3,matched_kmeans,logistic,208,60,2,40,2.6,1.0,1,15,21,0.65,0.95,1.8307195919496617,0.0,0.9083333333333334,1.0,0.8,1.0,0.8846153846153846,0.8730374556631919,0.28846153846153844,nan
sonar,UCI id=151 via ucimlrepo,1,0.9,release_3,matched_kmeans,random_forest,208,60,2,40,2.6,1.0,1,15,21,0.65,0.95,1.8307195919496617,0.0,0.9083333333333334,1.0,0.8,1.0,0.8614090236686389,0.8597379361997879,0.33653846153846156,nan
sonar,UCI id=151 via ucimlrepo,1,0.95,release_1,granular_ball,logistic,208,60,2,43,2.4186046511627906,2.0,1,12,17,0.6976744186046512,0.9302325581395349,2.3276949448984663,2.5093617198682985,0.9069767441860465,1.0,1.0,1.0,0.8776812130177515,0.8760845987632553,0.3076923076923077,nan
sonar,UCI id=151 via ucimlrepo,1,0.95,release_1,granular_ball,random_forest,208,60,2,43,2.4186046511627906,2.0,1,12,17,0.6976744186046512,0.9302325581395349,2.3276949448984663,2.5093617198682985,0.9069767441860465,1.0,1.0,1.0,0.8379252958579883,0.8305764407066468,0.22115384615384615,nan
sonar,UCI id=151 via ucimlrepo,1,0.95,release_1,matched_kmeans,logistic,208,60,2,43,2.4186046511627906,1.0,1,14,23,0.6976744186046512,0.9534883720930233,1.6978585659544139,0.0,0.9220376522702104,1.0,1.0,1.0,0.8881286982248521,0.8843960599828347,0.28846153846153844,nan
sonar,UCI id=151 via ucimlrepo,1,0.95,release_1,matched_kmeans,random_forest,208,60,2,43,2.4186046511627906,1.0,1,14,23,0.6976744186046512,0.9534883720930233,1.6978585659544139,0.0,0.9220376522702104,1.0,1.0,1.0,0.8513313609467454,0.8443201625224703,0.21153846153846154,nan
sonar,UCI id=151 via ucimlrepo,1,0.95,release_2,granular_ball,logistic,208,60,2,43,2.4186046511627906,2.0,1,12,17,0.6976744186046512,0.9302325581395349,2.3276949448984663,2.5093617198682985,0.9069767441860465,1.0,1.0,1.0,0.9112426035502958,0.9086885995318531,0.3557692307692308,nan
sonar,UCI id=151 via ucimlrepo,1,0.95,release_2,granular_ball,random_forest,208,60,2,43,2.4186046511627906,2.0,1,12,17,0.6976744186046512,0.9302325581395349,2.3276949448984663,2.5093617198682985,0.9069767441860465,1.0,1.0,1.0,0.9009338017751479,0.8832352813605835,0.20192307692307693,nan
sonar,UCI id=151 via ucimlrepo,1,0.95,release_2,matched_kmeans,logistic,208,60,2,43,2.4186046511627906,1.0,1,14,23,0.6976744186046512,0.9534883720930233,1.6978585659544139,0.0,0.9220376522702104,1.0,1.0,1.0,0.9046782544378698,0.9054399221373568,0.36538461538461536,nan
sonar,UCI id=151 via ucimlrepo,1,0.95,release_2,matched_kmeans,random_forest,208,60,2,43,2.4186046511627906,1.0,1,14,23,0.6976744186046512,0.9534883720930233,1.6978585659544139,0.0,0.9220376522702104,1.0,1.0,1.0,0.8791142751479291,0.8744661643063832,0.4326923076923077,nan
sonar,UCI id=151 via ucimlrepo,1,0.95,release_3,granular_ball,logistic,208,60,2,43,2.4186046511627906,2.0,1,12,17,0.6976744186046512,0.9302325581395349,2.3276949448984663,2.5093617198682985,0.9069767441860465,1.0,1.0,1.0,0.8972818047337279,0.8897084872743917,0.36538461538461536,nan
sonar,UCI id=151 via ucimlrepo,1,0.95,release_3,granular_ball,random_forest,208,60,2,43,2.4186046511627906,2.0,1,12,17,0.6976744186046512,0.9302325581395349,2.3276949448984663,2.5093617198682985,0.9069767441860465,1.0,1.0,1.0,0.8993158284023668,0.885609940461268,0.2692307692307692,nan
sonar,UCI id=151 via ucimlrepo,1,0.95,release_3,matched_kmeans,logistic,208,60,2,43,2.4186046511627906,1.0,1,14,23,0.6976744186046512,0.9534883720930233,1.6978585659544139,0.0,0.9220376522702104,1.0,1.0,1.0,0.9020894970414202,0.893202409883831,0.2980769230769231,nan
sonar,UCI id=151 via ucimlrepo,1,0.95,release_3,matched_kmeans,random_forest,208,60,2,43,2.4186046511627906,1.0,1,14,23,0.6976744186046512,0.9534883720930233,1.6978585659544139,0.0,0.9220376522702104,1.0,1.0,1.0,0.8851701183431951,0.8830135211375618,0.36538461538461536,nan
sonar,UCI id=151 via ucimlrepo,1,0.99,release_1,granular_ball,logistic,208,60,2,43,2.4186046511627906,2.0,1,12,17,0.6976744186046512,0.9302325581395349,2.3276949448984663,2.5093617198682985,0.9069767441860465,1.0,1.0,1.0,0.8776812130177515,0.8760845987632553,0.3076923076923077,nan
sonar,UCI id=151 via ucimlrepo,1,0.99,release_1,granular_ball,random_forest,208,60,2,43,2.4186046511627906,2.0,1,12,17,0.6976744186046512,0.9302325581395349,2.3276949448984663,2.5093617198682985,0.9069767441860465,1.0,1.0,1.0,0.8379252958579883,0.8305764407066468,0.22115384615384615,nan
sonar,UCI id=151 via ucimlrepo,1,0.99,release_1,matched_kmeans,logistic,208,60,2,43,2.4186046511627906,1.0,1,14,23,0.6976744186046512,0.9534883720930233,1.6978585659544139,0.0,0.9220376522702104,1.0,1.0,1.0,0.8881286982248521,0.8843960599828347,0.28846153846153844,nan
sonar,UCI id=151 via ucimlrepo,1,0.99,release_1,matched_kmeans,random_forest,208,60,2,43,2.4186046511627906,1.0,1,14,23,0.6976744186046512,0.9534883720930233,1.6978585659544139,0.0,0.9220376522702104,1.0,1.0,1.0,0.8513313609467454,0.8443201625224703,0.21153846153846154,nan
sonar,UCI id=151 via ucimlrepo,1,0.99,release_2,granular_ball,logistic,208,60,2,43,2.4186046511627906,2.0,1,12,17,0.6976744186046512,0.9302325581395349,2.3276949448984663,2.5093617198682985,0.9069767441860465,1.0,1.0,1.0,0.9112426035502958,0.9086885995318531,0.3557692307692308,nan
sonar,UCI id=151 via ucimlrepo,1,0.99,release_2,granular_ball,random_forest,208,60,2,43,2.4186046511627906,2.0,1,12,17,0.6976744186046512,0.9302325581395349,2.3276949448984663,2.5093617198682985,0.9069767441860465,1.0,1.0,1.0,0.9009338017751479,0.8832352813605835,0.20192307692307693,nan
sonar,UCI id=151 via ucimlrepo,1,0.99,release_2,matched_kmeans,logistic,208,60,2,43,2.4186046511627906,1.0,1,14,23,0.6976744186046512,0.9534883720930233,1.6978585659544139,0.0,0.9220376522702104,1.0,1.0,1.0,0.9046782544378698,0.9054399221373568,0.36538461538461536,nan
sonar,UCI id=151 via ucimlrepo,1,0.99,release_2,matched_kmeans,random_forest,208,60,2,43,2.4186046511627906,1.0,1,14,23,0.6976744186046512,0.9534883720930233,1.6978585659544139,0.0,0.9220376522702104,1.0,1.0,1.0,0.8791142751479291,0.8744661643063832,0.4326923076923077,nan
sonar,UCI id=151 via ucimlrepo,1,0.99,release_3,granular_ball,logistic,208,60,2,43,2.4186046511627906,2.0,1,12,17,0.6976744186046512,0.9302325581395349,2.3276949448984663,2.5093617198682985,0.9069767441860465,1.0,1.0,1.0,0.8972818047337279,0.8897084872743917,0.36538461538461536,nan
sonar,UCI id=151 via ucimlrepo,1,0.99,release_3,granular_ball,random_forest,208,60,2,43,2.4186046511627906,2.0,1,12,17,0.6976744186046512,0.9302325581395349,2.3276949448984663,2.5093617198682985,0.9069767441860465,1.0,1.0,1.0,0.8993158284023668,0.885609940461268,0.2692307692307692,nan
sonar,UCI id=151 via ucimlrepo,1,0.99,release_3,matched_kmeans,logistic,208,60,2,43,2.4186046511627906,1.0,1,14,23,0.6976744186046512,0.9534883720930233,1.6978585659544139,0.0,0.9220376522702104,1.0,1.0,1.0,0.9020894970414202,0.893202409883831,0.2980769230769231,nan
sonar,UCI id=151 via ucimlrepo,1,0.99,release_3,matched_kmeans,random_forest,208,60,2,43,2.4186046511627906,1.0,1,14,23,0.6976744186046512,0.9534883720930233,1.6978585659544139,0.0,0.9220376522702104,1.0,1.0,1.0,0.8851701183431951,0.8830135211375618,0.36538461538461536,nan
sonar,UCI id=151 via ucimlrepo,7,0.7,release_1,granular_ball,logistic,208,60,2,11,9.454545454545455,2.0,1,36,4,0.5454545454545454,0.6363636363636364,3.416424390668993,3.807985356511245,0.8649234278266537,1.0,0.7459677419354839,1.0,0.6330436390532544,0.663130545342366,0.09615384615384616,nan
sonar,UCI id=151 via ucimlrepo,7,0.7,release_1,granular_ball,random_forest,208,60,2,11,9.454545454545455,2.0,1,36,4,0.5454545454545454,0.6363636363636364,3.416424390668993,3.807985356511245,0.8649234278266537,1.0,0.7459677419354839,1.0,0.613905325443787,0.6563293897427712,0.08653846153846154,nan
sonar,UCI id=151 via ucimlrepo,7,0.7,release_1,matched_kmeans,logistic,208,60,2,11,9.454545454545455,10.0,3,18,0,0.0,0.2727272727272727,5.475182123680221,5.237105086099547,0.8106934731934732,0.8333333333333334,0.6666666666666666,1.0,0.6627218934911242,0.628635517540316,0.038461538461538464,nan
sonar,UCI id=151 via ucimlrepo,7,0.7,release_1,matched_kmeans,random_forest,208,60,2,11,9.454545454545455,10.0,3,18,0,0.0,0.2727272727272727,5.475182123680221,5.237105086099547,0.8106934731934732,0.8333333333333334,0.6666666666666666,1.0,0.5171042899408285,0.5090049414984774,0.009615384615384616,nan
sonar,UCI id=151 via ucimlrepo,7,0.7,release_2,granular_ball,logistic,208,60,2,11,9.454545454545455,2.0,1,36,4,0.5454545454545454,0.6363636363636364,3.416424390668993,3.807985356511245,0.8649234278266537,1.0,0.7459677419354839,1.0,0.6347078402366864,0.6707835269362303,0.10576923076923077,nan
sonar,UCI id=151 via ucimlrepo,7,0.7,release_2,granular_ball,random_forest,208,60,2,11,9.454545454545455,2.0,1,36,4,0.5454545454545454,0.6363636363636364,3.416424390668993,3.807985356511245,0.8649234278266537,1.0,0.7459677419354839,1.0,0.6360022189349113,0.6369044639641146,0.07692307692307693,nan
sonar,UCI id=151 via ucimlrepo,7,0.7,release_2,matched_kmeans,logistic,208,60,2,11,9.454545454545455,10.0,3,18,0,0.0,0.2727272727272727,5.475182123680221,5.237105086099547,0.8106934731934732,0.8333333333333334,0.6666666666666666,1.0,0.6864829881656805,0.6448056587717129,0.028846153846153848,nan
sonar,UCI id=151 via ucimlrepo,7,0.7,release_2,matched_kmeans,random_forest,208,60,2,11,9.454545454545455,10.0,3,18,0,0.0,0.2727272727272727,5.475182123680221,5.237105086099547,0.8106934731934732,0.8333333333333334,0.6666666666666666,1.0,0.5754437869822485,0.5352429884067549,0.019230769230769232,nan
sonar,UCI id=151 via ucimlrepo,7,0.7,release_3,granular_ball,logistic,208,60,2,11,9.454545454545455,2.0,1,36,4,0.5454545454545454,0.6363636363636364,3.416424390668993,3.807985356511245,0.8649234278266537,1.0,0.7459677419354839,1.0,0.6276812130177515,0.65498512266428,0.0673076923076923,nan
sonar,UCI id=151 via ucimlrepo,7,0.7,release_3,granular_ball,random_forest,208,60,2,11,9.454545454545455,2.0,1,36,4,0.5454545454545454,0.6363636363636364,3.416424390668993,3.807985356511245,0.8649234278266537,1.0,0.7459677419354839,1.0,0.6416420118343195,0.6349592088488263,0.0673076923076923,nan
sonar,UCI id=151 via ucimlrepo,7,0.7,release_3,matched_kmeans,logistic,208,60,2,11,9.454545454545455,10.0,3,18,0,0.0,0.2727272727272727,5.475182123680221,5.237105086099547,0.8106934731934732,0.8333333333333334,0.6666666666666666,1.0,0.6490384615384615,0.6079926317508896,0.0,nan
sonar,UCI id=151 via ucimlrepo,7,0.7,release_3,matched_kmeans,random_forest,208,60,2,11,9.454545454545455,10.0,3,18,0,0.0,0.2727272727272727,5.475182123680221,5.237105086099547,0.8106934731934732,0.8333333333333334,0.6666666666666666,1.0,0.5656434911242604,0.5229310589674377,0.0,nan
sonar,UCI id=151 via ucimlrepo,7,0.8,release_1,granular_ball,logistic,208,60,2,35,2.9714285714285715,2.0,1,10,16,0.6,0.8,2.2269401400207975,1.5693413856998513,0.9396825396825396,1.0,1.0,1.0,0.7811575443786982,0.8010362544020095,0.27884615384615385,nan
sonar,UCI id=151 via ucimlrepo,7,0.8,release_1,granular_ball,random_forest,208,60,2,35,2.9714285714285715,2.0,1,10,16,0.6,0.8,2.2269401400207975,1.5693413856998513,0.9396825396825396,1.0,1.0,1.0,0.7240199704142011,0.7472660276924062,0.20192307692307693,nan
sonar,UCI id=151 via ucimlrepo,7,0.8,release_1,matched_kmeans,logistic,208,60,2,35,2.9714285714285715,2.0,1,14,12,0.6,0.8857142857142857,2.430852521609996,3.2208850656753167,0.9459183673469387,1.0,1.0,1.0,0.8325628698224853,0.829511058233242,0.15384615384615385,nan
sonar,UCI id=151 via ucimlrepo,7,0.8,release_1,matched_kmeans,random_forest,208,60,2,35,2.9714285714285715,2.0,1,14,12,0.6,0.8857142857142857,2.430852521609996,3.2208850656753167,0.9459183673469387,1.0,1.0,1.0,0.8295118343195267,0.7804653462208642,0.019230769230769232,nan
sonar,UCI id=151 via ucimlrepo,7,0.8,release_2,granular_ball,logistic,208,60,2,35,2.9714285714285715,2.0,1,10,16,0.6,0.8,2.2269401400207975,1.5693413856998513,0.9396825396825396,1.0,1.0,1.0,0.8525332840236686,0.8504760434459233,0.17307692307692307,nan
sonar,UCI id=151 via ucimlrepo,7,0.8,release_2,granular_ball,random_forest,208,60,2,35,2.9714285714285715,2.0,1,10,16,0.6,0.8,2.2269401400207975,1.5693413856998513,0.9396825396825396,1.0,1.0,1.0,0.8125,0.7888724906245967,0.09615384615384616,nan
sonar,UCI id=151 via ucimlrepo,7,0.8,release_2,matched_kmeans,logistic,208,60,2,35,2.9714285714285715,2.0,1,14,12,0.6,0.8857142857142857,2.430852521609996,3.2208850656753167,0.9459183673469387,1.0,1.0,1.0,0.8541050295857988,0.8544914462827229,0.28846153846153844,nan
sonar,UCI id=151 via ucimlrepo,7,0.8,release_2,matched_kmeans,random_forest,208,60,2,35,2.9714285714285715,2.0,1,14,12,0.6,0.8857142857142857,2.430852521609996,3.2208850656753167,0.9459183673469387,1.0,1.0,1.0,0.8438886834319527,0.8153035833891085,0.11538461538461539,nan
sonar,UCI id=151 via ucimlrepo,7,0.8,release_3,granular_ball,logistic,208,60,2,35,2.9714285714285715,2.0,1,10,16,0.6,0.8,2.2269401400207975,1.5693413856998513,0.9396825396825396,1.0,1.0,1.0,0.8341346153846153,0.8189842165492847,0.09615384615384616,nan
sonar,UCI id=151 via ucimlrepo,7,0.8,release_3,granular_ball,random_forest,208,60,2,35,2.9714285714285715,2.0,1,10,16,0.6,0.8,2.2269401400207975,1.5693413856998513,0.9396825396825396,1.0,1.0,1.0,0.8142104289940828,0.7828330347240455,0.08653846153846154,nan
sonar,UCI id=151 via ucimlrepo,7,0.8,release_3,matched_kmeans,logistic,208,60,2,35,2.9714285714285715,2.0,1,14,12,0.6,0.8857142857142857,2.430852521609996,3.2208850656753167,0.9459183673469387,1.0,1.0,1.0,0.8412536982248521,0.8424942318152576,0.28846153846153844,nan
sonar,UCI id=151 via ucimlrepo,7,0.8,release_3,matched_kmeans,random_forest,208,60,2,35,2.9714285714285715,2.0,1,14,12,0.6,0.8857142857142857,2.430852521609996,3.2208850656753167,0.9459183673469387,1.0,1.0,1.0,0.8468010355029586,0.8313568602314567,0.20192307692307693,nan
sonar,UCI id=151 via ucimlrepo,7,0.9,release_1,granular_ball,logistic,208,60,2,41,2.5365853658536586,2.0,1,10,19,0.6585365853658537,0.8536585365853658,2.0868916069916557,1.5693413856998513,0.9365853658536585,1.0,1.0,1.0,0.8299741124260355,0.8471797478907954,0.34615384615384615,nan
sonar,UCI id=151 via ucimlrepo,7,0.9,release_1,granular_ball,random_forest,208,60,2,41,2.5365853658536586,2.0,1,10,19,0.6585365853658537,0.8536585365853658,2.0868916069916557,1.5693413856998513,0.9365853658536585,1.0,1.0,1.0,0.7822670118343196,0.7852268195212206,0.23076923076923078,nan
sonar,UCI id=151 via ucimlrepo,7,0.9,release_1,matched_kmeans,logistic,208,60,2,41,2.5365853658536586,2.0,1,12,19,0.6585365853658537,0.926829268292683,1.892231986594733,2.3572896474375895,0.9598915989159891,1.0,1.0,1.0,0.8545673076923077,0.8575598899466214,0.23076923076923078,nan
sonar,UCI id=151 via ucimlrepo,7,0.9,release_1,matched_kmeans,random_forest,208,60,2,41,2.5365853658536586,2.0,1,12,19,0.6585365853658537,0.926829268292683,1.892231986594733,2.3572896474375895,0.9598915989159891,1.0,1.0,1.0,0.8724112426035503,0.8417187655462867,0.07692307692307693,nan
sonar,UCI id=151 via ucimlrepo,7,0.9,release_2,granular_ball,logistic,208,60,2,41,2.5365853658536586,2.0,1,10,19,0.6585365853658537,0.8536585365853658,2.0868916069916557,1.5693413856998513,0.9365853658536585,1.0,1.0,1.0,0.8893306213017751,0.8885605823801693,0.34615384615384615,nan
sonar,UCI id=151 via ucimlrepo,7,0.9,release_2,granular_ball,random_forest,208,60,2,41,2.5365853658536586,2.0,1,10,19,0.6585365853658537,0.8536585365853658,2.0868916069916557,1.5693413856998513,0.9365853658536585,1.0,1.0,1.0,0.8623335798816568,0.8420640565934249,0.18269230769230768,nan
sonar,UCI id=151 via ucimlrepo,7,0.9,release_2,matched_kmeans,logistic,208,60,2,41,2.5365853658536586,2.0,1,12,19,0.6585365853658537,0.926829268292683,1.892231986594733,2.3572896474375895,0.9598915989159891,1.0,1.0,1.0,0.8846153846153846,0.8874771905894197,0.36538461538461536,nan
sonar,UCI id=151 via ucimlrepo,7,0.9,release_2,matched_kmeans,random_forest,208,60,2,41,2.5365853658536586,2.0,1,12,19,0.6585365853658537,0.926829268292683,1.892231986594733,2.3572896474375895,0.9598915989159891,1.0,1.0,1.0,0.8994082840236687,0.888421730025654,0.2980769230769231,nan
sonar,UCI id=151 via ucimlrepo,7,0.9,release_3,granular_ball,logistic,208,60,2,41,2.5365853658536586,2.0,1,10,19,0.6585365853658537,0.8536585365853658,2.0868916069916557,1.5693413856998513,0.9365853658536585,1.0,1.0,1.0,0.8743528106508875,0.8692075935036634,0.23076923076923078,nan
sonar,UCI id=151 via ucimlrepo,7,0.9,release_3,granular_ball,random_forest,208,60,2,41,2.5365853658536586,2.0,1,10,19,0.6585365853658537,0.8536585365853658,2.0868916069916557,1.5693413856998513,0.9365853658536585,1.0,1.0,1.0,0.8627958579881657,0.8453083017560035,0.21153846153846154,nan
sonar,UCI id=151 via ucimlrepo,7,0.9,release_3,matched_kmeans,logistic,208,60,2,41,2.5365853658536586,2.0,1,12,19,0.6585365853658537,0.926829268292683,1.892231986594733,2.3572896474375895,0.9598915989159891,1.0,1.0,1.0,0.8668639053254438,0.8689086176033471,0.3173076923076923,nan
sonar,UCI id=151 via ucimlrepo,7,0.9,release_3,matched_kmeans,random_forest,208,60,2,41,2.5365853658536586,2.0,1,12,19,0.6585365853658537,0.926829268292683,1.892231986594733,2.3572896474375895,0.9598915989159891,1.0,1.0,1.0,0.8939534023668638,0.8882331437624817,0.25961538461538464,nan
sonar,UCI id=151 via ucimlrepo,7,0.95,release_1,granular_ball,logistic,208,60,2,45,2.311111111111111,2.0,1,6,21,0.6888888888888889,0.8888888888888888,1.9871354089669777,1.5693413856998513,0.9444444444444444,1.0,1.0,1.0,0.8568786982248521,0.866208449358496,0.3557692307692308,nan
sonar,UCI id=151 via ucimlrepo,7,0.95,release_1,granular_ball,random_forest,208,60,2,45,2.311111111111111,2.0,1,6,21,0.6888888888888889,0.8888888888888888,1.9871354089669777,1.5693413856998513,0.9444444444444444,1.0,1.0,1.0,0.7924371301775147,0.799755220049885,0.2403846153846154,nan
sonar,UCI id=151 via ucimlrepo,7,0.95,release_1,matched_kmeans,logistic,208,60,2,45,2.311111111111111,2.0,1,10,21,0.6666666666666666,0.9333333333333333,1.7774443639626072,2.194820398669795,0.9636507936507936,1.0,1.0,1.0,0.8871116863905325,0.8859177115212611,0.28846153846153844,nan
sonar,UCI id=151 via ucimlrepo,7,0.95,release_1,matched_kmeans,random_forest,208,60,2,45,2.311111111111111,2.0,1,10,21,0.6666666666666666,0.9333333333333333,1.7774443639626072,2.194820398669795,0.9636507936507936,1.0,1.0,1.0,0.8731508875739645,0.8509787698271307,0.125,nan
sonar,UCI id=151 via ucimlrepo,7,0.95,release_2,granular_ball,logistic,208,60,2,45,2.311111111111111,2.0,1,6,21,0.6888888888888889,0.8888888888888888,1.9871354089669777,1.5693413856998513,0.9444444444444444,1.0,1.0,1.0,0.909116124260355,0.8996811603294889,0.28846153846153844,nan
sonar,UCI id=151 via ucimlrepo,7,0.95,release_2,granular_ball,random_forest,208,60,2,45,2.311111111111111,2.0,1,6,21,0.6888888888888889,0.8888888888888888,1.9871354089669777,1.5693413856998513,0.9444444444444444,1.0,1.0,1.0,0.8907174556213017,0.8574677543842092,0.125,nan
sonar,UCI id=151 via ucimlrepo,7,0.95,release_2,matched_kmeans,logistic,208,60,2,45,2.311111111111111,2.0,1,10,21,0.6666666666666666,0.9333333333333333,1.7774443639626072,2.194820398669795,0.9636507936507936,1.0,1.0,1.0,0.9085613905325444,0.9060003755773338,0.36538461538461536,nan
sonar,UCI id=151 via ucimlrepo,7,0.95,release_2,matched_kmeans,random_forest,208,60,2,45,2.311111111111111,2.0,1,10,21,0.6666666666666666,0.9333333333333333,1.7774443639626072,2.194820398669795,0.9636507936507936,1.0,1.0,1.0,0.9076368343195267,0.8981685825720367,0.2692307692307692,nan
sonar,UCI id=151 via ucimlrepo,7,0.95,release_3,granular_ball,logistic,208,60,2,45,2.311111111111111,2.0,1,6,21,0.6888888888888889,0.8888888888888888,1.9871354089669777,1.5693413856998513,0.9444444444444444,1.0,1.0,1.0,0.8993158284023669,0.8814166365330979,0.19230769230769232,nan
sonar,UCI id=151 via ucimlrepo,7,0.95,release_3,granular_ball,random_forest,208,60,2,45,2.311111111111111,2.0,1,6,21,0.6888888888888889,0.8888888888888888,1.9871354089669777,1.5693413856998513,0.9444444444444444,1.0,1.0,1.0,0.8927514792899408,0.8518053694563908,0.09615384615384616,nan
sonar,UCI id=151 via ucimlrepo,7,0.95,release_3,matched_kmeans,logistic,208,60,2,45,2.311111111111111,2.0,1,10,21,0.6666666666666666,0.9333333333333333,1.7774443639626072,2.194820398669795,0.9636507936507936,1.0,1.0,1.0,0.892659023668639,0.889597104453331,0.36538461538461536,nan
sonar,UCI id=151 via ucimlrepo,7,0.95,release_3,matched_kmeans,random_forest,208,60,2,45,2.311111111111111,2.0,1,10,21,0.6666666666666666,0.9333333333333333,1.7774443639626072,2.194820398669795,0.9636507936507936,1.0,1.0,1.0,0.8977903106508875,0.8859312111611621,0.16346153846153846,nan
sonar,UCI id=151 via ucimlrepo,7,0.99,release_1,granular_ball,logistic,208,60,2,45,2.311111111111111,2.0,1,6,21,0.6888888888888889,0.8888888888888888,1.9871354089669777,1.5693413856998513,0.9444444444444444,1.0,1.0,1.0,0.8568786982248521,0.866208449358496,0.3557692307692308,nan
sonar,UCI id=151 via ucimlrepo,7,0.99,release_1,granular_ball,random_forest,208,60,2,45,2.311111111111111,2.0,1,6,21,0.6888888888888889,0.8888888888888888,1.9871354089669777,1.5693413856998513,0.9444444444444444,1.0,1.0,1.0,0.7924371301775147,0.799755220049885,0.2403846153846154,nan
sonar,UCI id=151 via ucimlrepo,7,0.99,release_1,matched_kmeans,logistic,208,60,2,45,2.311111111111111,2.0,1,10,21,0.6666666666666666,0.9333333333333333,1.7774443639626072,2.194820398669795,0.9636507936507936,1.0,1.0,1.0,0.8871116863905325,0.8859177115212611,0.28846153846153844,nan
sonar,UCI id=151 via ucimlrepo,7,0.99,release_1,matched_kmeans,random_forest,208,60,2,45,2.311111111111111,2.0,1,10,21,0.6666666666666666,0.9333333333333333,1.7774443639626072,2.194820398669795,0.9636507936507936,1.0,1.0,1.0,0.8731508875739645,0.8509787698271307,0.125,nan
sonar,UCI id=151 via ucimlrepo,7,0.99,release_2,granular_ball,logistic,208,60,2,45,2.311111111111111,2.0,1,6,21,0.6888888888888889,0.8888888888888888,1.9871354089669777,1.5693413856998513,0.9444444444444444,1.0,1.0,1.0,0.909116124260355,0.8996811603294889,0.28846153846153844,nan
sonar,UCI id=151 via ucimlrepo,7,0.99,release_2,granular_ball,random_forest,208,60,2,45,2.311111111111111,2.0,1,6,21,0.6888888888888889,0.8888888888888888,1.9871354089669777,1.5693413856998513,0.9444444444444444,1.0,1.0,1.0,0.8907174556213017,0.8574677543842092,0.125,nan
sonar,UCI id=151 via ucimlrepo,7,0.99,release_2,matched_kmeans,logistic,208,60,2,45,2.311111111111111,2.0,1,10,21,0.6666666666666666,0.9333333333333333,1.7774443639626072,2.194820398669795,0.9636507936507936,1.0,1.0,1.0,0.9085613905325444,0.9060003755773338,0.36538461538461536,nan
sonar,UCI id=151 via ucimlrepo,7,0.99,release_2,matched_kmeans,random_forest,208,60,2,45,2.311111111111111,2.0,1,10,21,0.6666666666666666,0.9333333333333333,1.7774443639626072,2.194820398669795,0.9636507936507936,1.0,1.0,1.0,0.9076368343195267,0.8981685825720367,0.2692307692307692,nan
sonar,UCI id=151 via ucimlrepo,7,0.99,release_3,granular_ball,logistic,208,60,2,45,2.311111111111111,2.0,1,6,21,0.6888888888888889,0.8888888888888888,1.9871354089669777,1.5693413856998513,0.9444444444444444,1.0,1.0,1.0,0.8993158284023669,0.8814166365330979,0.19230769230769232,nan
sonar,UCI id=151 via ucimlrepo,7,0.99,release_3,granular_ball,random_forest,208,60,2,45,2.311111111111111,2.0,1,6,21,0.6888888888888889,0.8888888888888888,1.9871354089669777,1.5693413856998513,0.9444444444444444,1.0,1.0,1.0,0.8927514792899408,0.8518053694563908,0.09615384615384616,nan
sonar,UCI id=151 via ucimlrepo,7,0.99,release_3,matched_kmeans,logistic,208,60,2,45,2.311111111111111,2.0,1,10,21,0.6666666666666666,0.9333333333333333,1.7774443639626072,2.194820398669795,0.9636507936507936,1.0,1.0,1.0,0.892659023668639,0.889597104453331,0.36538461538461536,nan
sonar,UCI id=151 via ucimlrepo,7,0.99,release_3,matched_kmeans,random_forest,208,60,2,45,2.311111111111111,2.0,1,10,21,0.6666666666666666,0.9333333333333333,1.7774443639626072,2.194820398669795,0.9636507936507936,1.0,1.0,1.0,0.8977903106508875,0.8859312111611621,0.16346153846153846,nan
sonar,UCI id=151 via ucimlrepo,21,0.7,release_1,granular_ball,logistic,208,60,2,22,4.7272727272727275,2.0,1,26,7,0.5454545454545454,0.7727272727272727,3.074791746557122,3.940439503603545,0.8374000999000999,0.8541666666666667,0.7637362637362637,1.0,0.7371486686390533,0.7687600594204986,0.21153846153846154,nan
sonar,UCI id=151 via ucimlrepo,21,0.7,release_1,granular_ball,random_forest,208,60,2,22,4.7272727272727275,2.0,1,26,7,0.5454545454545454,0.7727272727272727,3.074791746557122,3.940439503603545,0.8374000999000999,0.8541666666666667,0.7637362637362637,1.0,0.7217085798816567,0.7150375944782071,0.09615384615384616,nan
sonar,UCI id=151 via ucimlrepo,21,0.7,release_1,matched_kmeans,logistic,208,60,2,22,4.7272727272727275,3.5,1,22,5,0.45454545454545453,0.6363636363636364,3.3831087419316273,3.9754109611972135,0.9011478420569329,1.0,0.8083333333333333,1.0,0.740477071005917,0.7425186825353353,0.17307692307692307,nan
sonar,UCI id=151 via ucimlrepo,21,0.7,release_1,matched_kmeans,random_forest,208,60,2,22,4.7272727272727275,3.5,1,22,5,0.45454545454545453,0.6363636363636364,3.3831087419316273,3.9754109611972135,0.9011478420569329,1.0,0.8083333333333333,1.0,0.7408468934911243,0.6928447872215366,0.11538461538461539,nan
sonar,UCI id=151 via ucimlrepo,21,0.7,release_2,granular_ball,logistic,208,60,2,22,4.7272727272727275,2.0,1,26,7,0.5454545454545454,0.7727272727272727,3.074791746557122,3.940439503603545,0.8374000999000999,0.8541666666666667,0.7637362637362637,1.0,0.729382396449704,0.7634382713879933,0.17307692307692307,nan
sonar,UCI id=151 via ucimlrepo,21,0.7,release_2,granular_ball,random_forest,208,60,2,22,4.7272727272727275,2.0,1,26,7,0.5454545454545454,0.7727272727272727,3.074791746557122,3.940439503603545,0.8374000999000999,0.8541666666666667,0.7637362637362637,1.0,0.7279955621301775,0.7088913375930559,0.0673076923076923,nan
sonar,UCI id=151 via ucimlrepo,21,0.7,release_2,matched_kmeans,logistic,208,60,2,22,4.7272727272727275,3.5,1,22,5,0.45454545454545453,0.6363636363636364,3.3831087419316273,3.9754109611972135,0.9011478420569329,1.0,0.8083333333333333,1.0,0.7455621301775147,0.7147207030346048,0.028846153846153848,nan
sonar,UCI id=151 via ucimlrepo,21,0.7,release_2,matched_kmeans,random_forest,208,60,2,22,4.7272727272727275,3.5,1,22,5,0.45454545454545453,0.6363636363636364,3.3831087419316273,3.9754109611972135,0.9011478420569329,1.0,0.8083333333333333,1.0,0.780417899408284,0.7542057031728635,0.08653846153846154,nan
sonar,UCI id=151 via ucimlrepo,21,0.7,release_3,granular_ball,logistic,208,60,2,22,4.7272727272727275,2.0,1,26,7,0.5454545454545454,0.7727272727272727,3.074791746557122,3.940439503603545,0.8374000999000999,0.8541666666666667,0.7637362637362637,1.0,0.7242048816568047,0.768071855570646,0.22115384615384615,nan
sonar,UCI id=151 via ucimlrepo,21,0.7,release_3,granular_ball,random_forest,208,60,2,22,4.7272727272727275,2.0,1,26,7,0.5454545454545454,0.7727272727272727,3.074791746557122,3.940439503603545,0.8374000999000999,0.8541666666666667,0.7637362637362637,1.0,0.7263313609467456,0.7129772519461507,0.10576923076923077,nan
sonar,UCI id=151 via ucimlrepo,21,0.7,release_3,matched_kmeans,logistic,208,60,2,22,4.7272727272727275,3.5,1,22,5,0.45454545454545453,0.6363636363636364,3.3831087419316273,3.9754109611972135,0.9011478420569329,1.0,0.8083333333333333,1.0,0.7392751479289941,0.7144914245266667,0.057692307692307696,nan
sonar,UCI id=151 via ucimlrepo,21,0.7,release_3,matched_kmeans,random_forest,208,60,2,22,4.7272727272727275,3.5,1,22,5,0.45454545454545453,0.6363636363636364,3.3831087419316273,3.9754109611972135,0.9011478420569329,1.0,0.8083333333333333,1.0,0.7832840236686391,0.7625018122189198,0.11538461538461539,nan
sonar,UCI id=151 via ucimlrepo,21,0.8,release_1,granular_ball,logistic,208,60,2,31,3.3548387096774195,2.0,1,15,10,0.6129032258064516,0.8064516129032258,2.7416092889863584,3.5347951939621596,0.8754480286738352,1.0,0.8166666666666667,1.0,0.8114829881656804,0.8307896863119153,0.2692307692307692,nan
sonar,UCI id=151 via ucimlrepo,21,0.8,release_1,granular_ball,random_forest,208,60,2,31,3.3548387096774195,2.0,1,15,10,0.6129032258064516,0.8064516129032258,2.7416092889863584,3.5347951939621596,0.8754480286738352,1.0,0.8166666666666667,1.0,0.7957655325443787,0.8036966113641331,0.1346153846153846,nan
sonar,UCI id=151 via ucimlrepo,21,0.8,release_1,matched_kmeans,logistic,208,60,2,31,3.3548387096774195,2.0,1,20,10,0.5483870967741935,0.8709677419354839,2.59560811094281,3.2193245645012976,0.9048387096774195,1.0,0.875,1.0,0.7954881656804733,0.8065681871890027,0.25,nan
sonar,UCI id=151 via ucimlrepo,21,0.8,release_1,matched_kmeans,random_forest,208,60,2,31,3.3548387096774195,2.0,1,20,10,0.5483870967741935,0.8709677419354839,2.59560811094281,3.2193245645012976,0.9048387096774195,1.0,0.875,1.0,0.7733912721893491,0.7815826592360405,0.11538461538461539,nan
sonar,UCI id=151 via ucimlrepo,21,0.8,release_2,granular_ball,logistic,208,60,2,31,3.3548387096774195,2.0,1,15,10,0.6129032258064516,0.8064516129032258,2.7416092889863584,3.5347951939621596,0.8754480286738352,1.0,0.8166666666666667,1.0,0.8132396449704141,0.8309032698566639,0.34615384615384615,nan
sonar,UCI id=151 via ucimlrepo,21,0.8,release_2,granular_ball,random_forest,208,60,2,31,3.3548387096774195,2.0,1,15,10,0.6129032258064516,0.8064516129032258,2.7416092889863584,3.5347951939621596,0.8754480286738352,1.0,0.8166666666666667,1.0,0.7941013313609467,0.8019615896396686,0.23076923076923078,nan
sonar,UCI id=151 via ucimlrepo,21,0.8,release_2,matched_kmeans,logistic,208,60,2,31,3.3548387096774195,2.0,1,20,10,0.5483870967741935,0.8709677419354839,2.59560811094281,3.2193245645012976,0.9048387096774195,1.0,0.875,1.0,0.783284023668639,0.7397244611696607,0.0,nan
sonar,UCI id=151 via ucimlrepo,21,0.8,release_2,matched_kmeans,random_forest,208,60,2,31,3.3548387096774195,2.0,1,20,10,0.5483870967741935,0.8709677419354839,2.59560811094281,3.2193245645012976,0.9048387096774195,1.0,0.875,1.0,0.8207285502958579,0.8083738563298819,0.15384615384615385,nan
sonar,UCI id=151 via ucimlrepo,21,0.8,release_3,granular_ball,logistic,208,60,2,31,3.3548387096774195,2.0,1,15,10,0.6129032258064516,0.8064516129032258,2.7416092889863584,3.5347951939621596,0.8754480286738352,1.0,0.8166666666666667,1.0,0.8043639053254438,0.8279670475829162,0.36538461538461536,nan
sonar,UCI id=151 via ucimlrepo,21,0.8,release_3,granular_ball,random_forest,208,60,2,31,3.3548387096774195,2.0,1,15,10,0.6129032258064516,0.8064516129032258,2.7416092889863584,3.5347951939621596,0.8754480286738352,1.0,0.8166666666666667,1.0,0.7840236686390534,0.7951637722012135,0.25961538461538464,nan
sonar,UCI id=151 via ucimlrepo,21,0.8,release_3,matched_kmeans,logistic,208,60,2,31,3.3548387096774195,2.0,1,20,10,0.5483870967741935,0.8709677419354839,2.59560811094281,3.2193245645012976,0.9048387096774195,1.0,0.875,1.0,0.7817122781065089,0.7440404618162599,0.0,nan
sonar,UCI id=151 via ucimlrepo,21,0.8,release_3,matched_kmeans,random_forest,208,60,2,31,3.3548387096774195,2.0,1,20,10,0.5483870967741935,0.8709677419354839,2.59560811094281,3.2193245645012976,0.9048387096774195,1.0,0.875,1.0,0.826460798816568,0.8075182659168227,0.20192307692307693,nan
sonar,UCI id=151 via ucimlrepo,21,0.9,release_1,granular_ball,logistic,208,60,2,44,2.3636363636363638,2.0,1,15,17,0.75,0.9545454545454546,2.197376092362238,2.558945880896304,0.9075757575757577,1.0,1.0,1.0,0.8785133136094674,0.8810005549080647,0.2980769230769231,nan
sonar,UCI id=151 via ucimlrepo,21,0.9,release_1,granular_ball,random_forest,208,60,2,44,2.3636363636363638,2.0,1,15,17,0.75,0.9545454545454546,2.197376092362238,2.558945880896304,0.9075757575757577,1.0,1.0,1.0,0.8609929733727811,0.8416074748008,0.14423076923076922,nan
sonar,UCI id=151 via ucimlrepo,21,0.9,release_1,matched_kmeans,logistic,208,60,2,44,2.3636363636363638,1.5,1,9,22,0.6818181818181818,0.8863636363636364,1.6564096385497,0.695740031460546,0.9393939393939393,1.0,1.0,1.0,0.8661242603550297,0.8696762017251006,0.375,nan
sonar,UCI id=151 via ucimlrepo,21,0.9,release_1,matched_kmeans,random_forest,208,60,2,44,2.3636363636363638,1.5,1,9,22,0.6818181818181818,0.8863636363636364,1.6564096385497,0.695740031460546,0.9393939393939393,1.0,1.0,1.0,0.8359837278106509,0.8257424963948348,0.25,nan
sonar,UCI id=151 via ucimlrepo,21,0.9,release_2,granular_ball,logistic,208,60,2,44,2.3636363636363638,2.0,1,15,17,0.75,0.9545454545454546,2.197376092362238,2.558945880896304,0.9075757575757577,1.0,1.0,1.0,0.8893306213017751,0.8867312062331426,0.27884615384615385,nan
sonar,UCI id=151 via ucimlrepo,21,0.9,release_2,granular_ball,random_forest,208,60,2,44,2.3636363636363638,2.0,1,15,17,0.75,0.9545454545454546,2.197376092362238,2.558945880896304,0.9075757575757577,1.0,1.0,1.0,0.8786982248520709,0.8703410499527162,0.21153846153846154,nan
sonar,UCI id=151 via ucimlrepo,21,0.9,release_2,matched_kmeans,logistic,208,60,2,44,2.3636363636363638,1.5,1,9,22,0.6818181818181818,0.8863636363636364,1.6564096385497,0.695740031460546,0.9393939393939393,1.0,1.0,1.0,0.8836908284023668,0.8773726131566373,0.3557692307692308,nan
sonar,UCI id=151 via ucimlrepo,21,0.9,release_2,matched_kmeans,random_forest,208,60,2,44,2.3636363636363638,1.5,1,9,22,0.6818181818181818,0.8863636363636364,1.6564096385497,0.695740031460546,0.9393939393939393,1.0,1.0,1.0,0.8738905325443788,0.8648571800355946,0.28846153846153844,nan
sonar,UCI id=151 via ucimlrepo,21,0.9,release_3,granular_ball,logistic,208,60,2,44,2.3636363636363638,2.0,1,15,17,0.75,0.9545454545454546,2.197376092362238,2.558945880896304,0.9075757575757577,1.0,1.0,1.0,0.891457100591716,0.8961294971778475,0.33653846153846156,nan
sonar,UCI id=151 via ucimlrepo,21,0.9,release_3,granular_ball,random_forest,208,60,2,44,2.3636363636363638,2.0,1,15,17,0.75,0.9545454545454546,2.197376092362238,2.558945880896304,0.9075757575757577,1.0,1.0,1.0,0.8738905325443787,0.8582463065132706,0.125,nan
sonar,UCI id=151 via ucimlrepo,21,0.9,release_3,matched_kmeans,logistic,208,60,2,44,2.3636363636363638,1.5,1,9,22,0.6818181818181818,0.8863636363636364,1.6564096385497,0.695740031460546,0.9393939393939393,1.0,1.0,1.0,0.8913646449704142,0.8880294957863053,0.3173076923076923,nan
sonar,UCI id=151 via ucimlrepo,21,0.9,release_3,matched_kmeans,random_forest,208,60,2,44,2.3636363636363638,1.5,1,9,22,0.6818181818181818,0.8863636363636364,1.6564096385497,0.695740031460546,0.9393939393939393,1.0,1.0,1.0,0.8801775147928993,0.8721434430461719,0.3076923076923077,nan
sonar,UCI id=151 via ucimlrepo,21,0.95,release_1,granular_ball,logistic,208,60,2,47,2.2127659574468086,2.0,1,10,18,0.7659574468085106,0.9574468085106383,2.1030478924670915,2.535161363636366,0.9148936170212766,1.0,1.0,1.0,0.8943232248520709,0.8932600913192263,0.3076923076923077,nan
sonar,UCI id=151 via ucimlrepo,21,0.95,release_1,granular_ball,random_forest,208,60,2,47,2.2127659574468086,2.0,1,10,18,0.7659574468085106,0.9574468085106383,2.1030478924670915,2.535161363636366,0.9148936170212766,1.0,1.0,1.0,0.8652921597633136,0.8335278334610241,0.10576923076923077,nan
sonar,UCI id=151 via ucimlrepo,21,0.95,release_1,matched_kmeans,logistic,208,60,2,47,2.2127659574468086,1.0,1,9,25,0.7021276595744681,0.9148936170212766,1.495339180326478,0.0,0.9453900709219858,1.0,1.0,1.0,0.8820266272189349,0.8815061489930616,0.36538461538461536,nan
sonar,UCI id=151 via ucimlrepo,21,0.95,release_1,matched_kmeans,random_forest,208,60,2,47,2.2127659574468086,1.0,1,9,25,0.7021276595744681,0.9148936170212766,1.495339180326478,0.0,0.9453900709219858,1.0,1.0,1.0,0.8525332840236686,0.8407202823537077,0.25,nan
sonar,UCI id=151 via ucimlrepo,21,0.95,release_2,granular_ball,logistic,208,60,2,47,2.2127659574468086,2.0,1,10,18,0.7659574468085106,0.9574468085106383,2.1030478924670915,2.535161363636366,0.9148936170212766,1.0,1.0,1.0,0.907082100591716,0.9020464220361828,0.27884615384615385,nan
sonar,UCI id=151 via ucimlrepo,21,0.95,release_2,granular_ball,random_forest,208,60,2,47,2.2127659574468086,2.0,1,10,18,0.7659574468085106,0.9574468085106383,2.1030478924670915,2.535161363636366,0.9148936170212766,1.0,1.0,1.0,0.8952477810650887,0.8758333660551059,0.18269230769230768,nan
sonar,UCI id=151 via ucimlrepo,21,0.95,release_2,matched_kmeans,logistic,208,60,2,47,2.2127659574468086,1.0,1,9,25,0.7021276595744681,0.9148936170212766,1.495339180326478,0.0,0.9453900709219858,1.0,1.0,1.0,0.897189349112426,0.8880047025411195,0.3557692307692308,nan
sonar,UCI id=151 via ucimlrepo,21,0.95,release_2,matched_kmeans,random_forest,208,60,2,47,2.2127659574468086,1.0,1,9,25,0.7021276595744681,0.9148936170212766,1.495339180326478,0.0,0.9453900709219858,1.0,1.0,1.0,0.8984837278106509,0.8859208258230866,0.3173076923076923,nan
sonar,UCI id=151 via ucimlrepo,21,0.95,release_3,granular_ball,logistic,208,60,2,47,2.2127659574468086,2.0,1,10,18,0.7659574468085106,0.9574468085106383,2.1030478924670915,2.535161363636366,0.9148936170212766,1.0,1.0,1.0,0.9044008875739644,0.9037801899460476,0.33653846153846156,nan
sonar,UCI id=151 via ucimlrepo,21,0.95,release_3,granular_ball,random_forest,208,60,2,47,2.2127659574468086,2.0,1,10,18,0.7659574468085106,0.9574468085106383,2.1030478924670915,2.535161363636366,0.9148936170212766,1.0,1.0,1.0,0.8974667159763314,0.8812748962993137,0.15384615384615385,nan
sonar,UCI id=151 via ucimlrepo,21,0.95,release_3,matched_kmeans,logistic,208,60,2,47,2.2127659574468086,1.0,1,9,25,0.7021276595744681,0.9148936170212766,1.495339180326478,0.0,0.9453900709219858,1.0,1.0,1.0,0.9013498520710059,0.896195311241419,0.28846153846153844,nan
sonar,UCI id=151 via ucimlrepo,21,0.95,release_3,matched_kmeans,random_forest,208,60,2,47,2.2127659574468086,1.0,1,9,25,0.7021276595744681,0.9148936170212766,1.495339180326478,0.0,0.9453900709219858,1.0,1.0,1.0,0.8990384615384616,0.8863229826278611,0.25,nan
sonar,UCI id=151 via ucimlrepo,21,0.99,release_1,granular_ball,logistic,208,60,2,47,2.2127659574468086,2.0,1,10,18,0.7659574468085106,0.9574468085106383,2.1030478924670915,2.535161363636366,0.9148936170212766,1.0,1.0,1.0,0.8943232248520709,0.8932600913192263,0.3076923076923077,nan
sonar,UCI id=151 via ucimlrepo,21,0.99,release_1,granular_ball,random_forest,208,60,2,47,2.2127659574468086,2.0,1,10,18,0.7659574468085106,0.9574468085106383,2.1030478924670915,2.535161363636366,0.9148936170212766,1.0,1.0,1.0,0.8652921597633136,0.8335278334610241,0.10576923076923077,nan
sonar,UCI id=151 via ucimlrepo,21,0.99,release_1,matched_kmeans,logistic,208,60,2,47,2.2127659574468086,1.0,1,9,25,0.7021276595744681,0.9148936170212766,1.495339180326478,0.0,0.9453900709219858,1.0,1.0,1.0,0.8820266272189349,0.8815061489930616,0.36538461538461536,nan
sonar,UCI id=151 via ucimlrepo,21,0.99,release_1,matched_kmeans,random_forest,208,60,2,47,2.2127659574468086,1.0,1,9,25,0.7021276595744681,0.9148936170212766,1.495339180326478,0.0,0.9453900709219858,1.0,1.0,1.0,0.8525332840236686,0.8407202823537077,0.25,nan
sonar,UCI id=151 via ucimlrepo,21,0.99,release_2,granular_ball,logistic,208,60,2,47,2.2127659574468086,2.0,1,10,18,0.7659574468085106,0.9574468085106383,2.1030478924670915,2.535161363636366,0.9148936170212766,1.0,1.0,1.0,0.907082100591716,0.9020464220361828,0.27884615384615385,nan
sonar,UCI id=151 via ucimlrepo,21,0.99,release_2,granular_ball,random_forest,208,60,2,47,2.2127659574468086,2.0,1,10,18,0.7659574468085106,0.9574468085106383,2.1030478924670915,2.535161363636366,0.9148936170212766,1.0,1.0,1.0,0.8952477810650887,0.8758333660551059,0.18269230769230768,nan
sonar,UCI id=151 via ucimlrepo,21,0.99,release_2,matched_kmeans,logistic,208,60,2,47,2.2127659574468086,1.0,1,9,25,0.7021276595744681,0.9148936170212766,1.495339180326478,0.0,0.9453900709219858,1.0,1.0,1.0,0.897189349112426,0.8880047025411195,0.3557692307692308,nan
sonar,UCI id=151 via ucimlrepo,21,0.99,release_2,matched_kmeans,random_forest,208,60,2,47,2.2127659574468086,1.0,1,9,25,0.7021276595744681,0.9148936170212766,1.495339180326478,0.0,0.9453900709219858,1.0,1.0,1.0,0.8984837278106509,0.8859208258230866,0.3173076923076923,nan
sonar,UCI id=151 via ucimlrepo,21,0.99,release_3,granular_ball,logistic,208,60,2,47,2.2127659574468086,2.0,1,10,18,0.7659574468085106,0.9574468085106383,2.1030478924670915,2.535161363636366,0.9148936170212766,1.0,1.0,1.0,0.9044008875739644,0.9037801899460476,0.33653846153846156,nan
sonar,UCI id=151 via ucimlrepo,21,0.99,release_3,granular_ball,random_forest,208,60,2,47,2.2127659574468086,2.0,1,10,18,0.7659574468085106,0.9574468085106383,2.1030478924670915,2.535161363636366,0.9148936170212766,1.0,1.0,1.0,0.8974667159763314,0.8812748962993137,0.15384615384615385,nan
sonar,UCI id=151 via ucimlrepo,21,0.99,release_3,matched_kmeans,logistic,208,60,2,47,2.2127659574468086,1.0,1,9,25,0.7021276595744681,0.9148936170212766,1.495339180326478,0.0,0.9453900709219858,1.0,1.0,1.0,0.9013498520710059,0.896195311241419,0.28846153846153844,nan
sonar,UCI id=151 via ucimlrepo,21,0.99,release_3,matched_kmeans,random_forest,208,60,2,47,2.2127659574468086,1.0,1,9,25,0.7021276595744681,0.9148936170212766,1.495339180326478,0.0,0.9453900709219858,1.0,1.0,1.0,0.8990384615384616,0.8863229826278611,0.25,nan
sonar,UCI id=151 via ucimlrepo,42,0.7,release_1,granular_ball,logistic,208,60,2,16,6.5,2.5,1,25,3,0.5,0.625,3.6496796689254407,3.594810768556486,0.8005620421245422,0.7646153846153847,0.7127976190476191,1.0,0.7635909763313609,0.7751669871134824,0.17307692307692307,nan
sonar,UCI id=151 via ucimlrepo,42,0.7,release_1,granular_ball,random_forest,208,60,2,16,6.5,2.5,1,25,3,0.5,0.625,3.6496796689254407,3.594810768556486,0.8005620421245422,0.7646153846153847,0.7127976190476191,1.0,0.6940643491124261,0.6679840376741344,0.019230769230769232,nan
sonar,UCI id=151 via ucimlrepo,42,0.7,release_1,matched_kmeans,logistic,208,60,2,16,6.5,4.0,1,19,2,0.1875,0.5625,4.268098487436914,4.778931866807447,0.8463193878489931,1.0,0.7017045454545454,1.0,0.7885539940828402,0.7916069172136335,0.19230769230769232,nan
sonar,UCI id=151 via ucimlrepo,42,0.7,release_1,matched_kmeans,random_forest,208,60,2,16,6.5,4.0,1,19,2,0.1875,0.5625,4.268098487436914,4.778931866807447,0.8463193878489931,1.0,0.7017045454545454,1.0,0.717917899408284,0.7246189538579777,0.09615384615384616,nan
sonar,UCI id=151 via ucimlrepo,42,0.7,release_2,granular_ball,logistic,208,60,2,16,6.5,2.5,1,25,3,0.5,0.625,3.6496796689254407,3.594810768556486,0.8005620421245422,0.7646153846153847,0.7127976190476191,1.0,0.7630362426035503,0.7662113180876143,0.20192307692307693,nan
sonar,UCI id=151 via ucimlrepo,42,0.7,release_2,granular_ball,random_forest,208,60,2,16,6.5,2.5,1,25,3,0.5,0.625,3.6496796689254407,3.594810768556486,0.8005620421245422,0.7646153846153847,0.7127976190476191,1.0,0.7383505917159764,0.6748912100772433,0.0,nan
sonar,UCI id=151 via ucimlrepo,42,0.7,release_2,matched_kmeans,logistic,208,60,2,16,6.5,4.0,1,19,2,0.1875,0.5625,4.268098487436914,4.778931866807447,0.8463193878489931,1.0,0.7017045454545454,1.0,0.78125,0.7891158857452373,0.18269230769230768,nan
sonar,UCI id=151 via ucimlrepo,42,0.7,release_2,matched_kmeans,random_forest,208,60,2,16,6.5,4.0,1,19,2,0.1875,0.5625,4.268098487436914,4.778931866807447,0.8463193878489931,1.0,0.7017045454545454,1.0,0.7205991124260356,0.7240781231403786,0.07692307692307693,nan
sonar,UCI id=151 via ucimlrepo,42,0.7,release_3,granular_ball,logistic,208,60,2,16,6.5,2.5,1,25,3,0.5,0.625,3.6496796689254407,3.594810768556486,0.8005620421245422,0.7646153846153847,0.7127976190476191,1.0,0.7513868343195267,0.7627703258199698,0.16346153846153846,nan
sonar,UCI id=151 via ucimlrepo,42,0.7,release_3,granular_ball,random_forest,208,60,2,16,6.5,2.5,1,25,3,0.5,0.625,3.6496796689254407,3.594810768556486,0.8005620421245422,0.7646153846153847,0.7127976190476191,1.0,0.737241124260355,0.6704650318686419,0.009615384615384616,nan
sonar,UCI id=151 via ucimlrepo,42,0.7,release_3,matched_kmeans,logistic,208,60,2,16,6.5,4.0,1,19,2,0.1875,0.5625,4.268098487436914,4.778931866807447,0.8463193878489931,1.0,0.7017045454545454,1.0,0.7818047337278107,0.7926166818732263,0.21153846153846154,nan
sonar,UCI id=151 via ucimlrepo,42,0.7,release_3,matched_kmeans,random_forest,208,60,2,16,6.5,4.0,1,19,2,0.1875,0.5625,4.268098487436914,4.778931866807447,0.8463193878489931,1.0,0.7017045454545454,1.0,0.739737426035503,0.7262542696847192,0.057692307692307696,nan
sonar,UCI id=151 via ucimlrepo,42,0.8,release_1,granular_ball,logistic,208,60,2,31,3.3548387096774195,2.0,1,11,9,0.6129032258064516,0.7741935483870968,2.8434949368371423,2.7445273940943395,0.9033142484755388,1.0,0.8571428571428571,1.0,0.8458764792899408,0.8717743544915079,0.3269230769230769,nan
sonar,UCI id=151 via ucimlrepo,42,0.8,release_1,granular_ball,random_forest,208,60,2,31,3.3548387096774195,2.0,1,11,9,0.6129032258064516,0.7741935483870968,2.8434949368371423,2.7445273940943395,0.9033142484755388,1.0,0.8571428571428571,1.0,0.8579881656804733,0.8516463053540573,0.27884615384615385,nan
sonar,UCI id=151 via ucimlrepo,42,0.8,release_1,matched_kmeans,logistic,208,60,2,31,3.3548387096774195,2.0,1,10,11,0.5483870967741935,0.7741935483870968,2.556308548935405,3.4501919458372505,0.961136712749616,1.0,1.0,1.0,0.8676960059171598,0.8754428243583204,0.3942307692307692,nan
sonar,UCI id=151 via ucimlrepo,42,0.8,release_1,matched_kmeans,random_forest,208,60,2,31,3.3548387096774195,2.0,1,10,11,0.5483870967741935,0.7741935483870968,2.556308548935405,3.4501919458372505,0.961136712749616,1.0,1.0,1.0,0.8391734467455622,0.838315649235728,0.36538461538461536,nan
sonar,UCI id=151 via ucimlrepo,42,0.8,release_2,granular_ball,logistic,208,60,2,31,3.3548387096774195,2.0,1,11,9,0.6129032258064516,0.7741935483870968,2.8434949368371423,2.7445273940943395,0.9033142484755388,1.0,0.8571428571428571,1.0,0.8578032544378698,0.8679551197181001,0.3076923076923077,nan
sonar,UCI id=151 via ucimlrepo,42,0.8,release_2,granular_ball,random_forest,208,60,2,31,3.3548387096774195,2.0,1,11,9,0.6129032258064516,0.7741935483870968,2.8434949368371423,2.7445273940943395,0.9033142484755388,1.0,0.8571428571428571,1.0,0.8483727810650888,0.8469897407711858,0.22115384615384615,nan
sonar,UCI id=151 via ucimlrepo,42,0.8,release_2,matched_kmeans,logistic,208,60,2,31,3.3548387096774195,2.0,1,10,11,0.5483870967741935,0.7741935483870968,2.556308548935405,3.4501919458372505,0.961136712749616,1.0,1.0,1.0,0.8703772189349113,0.8732011972042115,0.33653846153846156,nan
sonar,UCI id=151 via ucimlrepo,42,0.8,release_2,matched_kmeans,random_forest,208,60,2,31,3.3548387096774195,2.0,1,10,11,0.5483870967741935,0.7741935483870968,2.556308548935405,3.4501919458372505,0.961136712749616,1.0,1.0,1.0,0.8468010355029586,0.8495191610282535,0.25,nan
sonar,UCI id=151 via ucimlrepo,42,0.8,release_3,granular_ball,logistic,208,60,2,31,3.3548387096774195,2.0,1,11,9,0.6129032258064516,0.7741935483870968,2.8434949368371423,2.7445273940943395,0.9033142484755388,1.0,0.8571428571428571,1.0,0.8534578402366865,0.8656115361547555,0.34615384615384615,nan
sonar,UCI id=151 via ucimlrepo,42,0.8,release_3,granular_ball,random_forest,208,60,2,31,3.3548387096774195,2.0,1,11,9,0.6129032258064516,0.7741935483870968,2.8434949368371423,2.7445273940943395,0.9033142484755388,1.0,0.8571428571428571,1.0,0.8441198224852071,0.8207584524485846,0.11538461538461539,nan
sonar,UCI id=151 via ucimlrepo,42,0.8,release_3,matched_kmeans,logistic,208,60,2,31,3.3548387096774195,2.0,1,10,11,0.5483870967741935,0.7741935483870968,2.556308548935405,3.4501919458372505,0.961136712749616,1.0,1.0,1.0,0.8711168639053254,0.8766041226368055,0.33653846153846156,nan
sonar,UCI id=151 via ucimlrepo,42,0.8,release_3,matched_kmeans,random_forest,208,60,2,31,3.3548387096774195,2.0,1,10,11,0.5483870967741935,0.7741935483870968,2.556308548935405,3.4501919458372505,0.961136712749616,1.0,1.0,1.0,0.8476331360946746,0.8512213190888208,0.23076923076923078,nan
sonar,UCI id=151 via ucimlrepo,42,0.9,release_1,granular_ball,logistic,208,60,2,42,2.4761904761904763,2.0,1,11,17,0.7142857142857143,0.9523809523809523,2.2702154797761884,2.328100449842469,0.9264069264069263,1.0,1.0,1.0,0.8878513313609467,0.8961889853923368,0.25,nan
sonar,UCI id=151 via ucimlrepo,42,0.9,release_1,granular_ball,random_forest,208,60,2,42,2.4761904761904763,2.0,1,11,17,0.7142857142857143,0.9523809523809523,2.2702154797761884,2.328100449842469,0.9264069264069263,1.0,1.0,1.0,0.8995931952662722,0.8952749224291994,0.3269230769230769,nan
sonar,UCI id=151 via ucimlrepo,42,0.9,release_1,matched_kmeans,logistic,208,60,2,42,2.4761904761904763,1.0,1,9,24,0.7142857142857143,0.8809523809523809,1.4678917429832328,0.0,0.9760015117157975,1.0,1.0,1.0,0.8821190828402367,0.8891996706281704,0.41346153846153844,nan
sonar,UCI id=151 via ucimlrepo,42,0.9,release_1,matched_kmeans,random_forest,208,60,2,42,2.4761904761904763,1.0,1,9,24,0.7142857142857143,0.8809523809523809,1.4678917429832328,0.0,0.9760015117157975,1.0,1.0,1.0,0.8752773668639054,0.8838150059836477,0.375,nan
sonar,UCI id=151 via ucimlrepo,42,0.9,release_2,granular_ball,logistic,208,60,2,42,2.4761904761904763,2.0,1,11,17,0.7142857142857143,0.9523809523809523,2.2702154797761884,2.328100449842469,0.9264069264069263,1.0,1.0,1.0,0.8933062130177515,0.8932450653891738,0.3076923076923077,nan
sonar,UCI id=151 via ucimlrepo,42,0.9,release_2,granular_ball,random_forest,208,60,2,42,2.4761904761904763,2.0,1,11,17,0.7142857142857143,0.9523809523809523,2.2702154797761884,2.328100449842469,0.9264069264069263,1.0,1.0,1.0,0.8936298076923076,0.8871964915469023,0.23076923076923078,nan
sonar,UCI id=151 via ucimlrepo,42,0.9,release_2,matched_kmeans,logistic,208,60,2,42,2.4761904761904763,1.0,1,9,24,0.7142857142857143,0.8809523809523809,1.4678917429832328,0.0,0.9760015117157975,1.0,1.0,1.0,0.9031065088757396,0.904654530236574,0.38461538461538464,nan
sonar,UCI id=151 via ucimlrepo,42,0.9,release_2,matched_kmeans,random_forest,208,60,2,42,2.4761904761904763,1.0,1,9,24,0.7142857142857143,0.8809523809523809,1.4678917429832328,0.0,0.9760015117157975,1.0,1.0,1.0,0.8960798816568047,0.8890754462156619,0.3076923076923077,nan
sonar,UCI id=151 via ucimlrepo,42,0.9,release_3,granular_ball,logistic,208,60,2,42,2.4761904761904763,2.0,1,11,17,0.7142857142857143,0.9523809523809523,2.2702154797761884,2.328100449842469,0.9264069264069263,1.0,1.0,1.0,0.8994082840236687,0.9019147390903239,0.3076923076923077,nan
sonar,UCI id=151 via ucimlrepo,42,0.9,release_3,granular_ball,random_forest,208,60,2,42,2.4761904761904763,2.0,1,11,17,0.7142857142857143,0.9523809523809523,2.2702154797761884,2.328100449842469,0.9264069264069263,1.0,1.0,1.0,0.8924741124260355,0.8719111937987127,0.23076923076923078,nan
sonar,UCI id=151 via ucimlrepo,42,0.9,release_3,matched_kmeans,logistic,208,60,2,42,2.4761904761904763,1.0,1,9,24,0.7142857142857143,0.8809523809523809,1.4678917429832328,0.0,0.9760015117157975,1.0,1.0,1.0,0.9109652366863905,0.9170882745876602,0.47115384615384615,nan
sonar,UCI id=151 via ucimlrepo,42,0.9,release_3,matched_kmeans,random_forest,208,60,2,42,2.4761904761904763,1.0,1,9,24,0.7142857142857143,0.8809523809523809,1.4678917429832328,0.0,0.9760015117157975,1.0,1.0,1.0,0.8939534023668639,0.8921641229069044,0.2692307692307692,nan
sonar,UCI id=151 via ucimlrepo,42,0.95,release_1,granular_ball,logistic,208,60,2,43,2.4186046511627906,2.0,1,10,18,0.7209302325581395,0.9534883720930233,2.211180645412419,2.291007095489028,0.9302325581395349,1.0,1.0,1.0,0.8806397928994083,0.8848249002198564,0.25,nan
sonar,UCI id=151 via ucimlrepo,42,0.95,release_1,granular_ball,random_forest,208,60,2,43,2.4186046511627906,2.0,1,10,18,0.7209302325581395,0.9534883720930233,2.211180645412419,2.291007095489028,0.9302325581395349,1.0,1.0,1.0,0.87916050295858,0.8833486466327378,0.3557692307692308,nan
sonar,UCI id=151 via ucimlrepo,42,0.95,release_1,matched_kmeans,logistic,208,60,2,43,2.4186046511627906,1.0,1,9,25,0.7209302325581395,0.8837209302325582,1.4247233392323002,0.0,0.979328165374677,1.0,1.0,1.0,0.8857248520710059,0.8928750250940006,0.40384615384615385,nan
sonar,UCI id=151 via ucimlrepo,42,0.95,release_1,matched_kmeans,random_forest,208,60,2,43,2.4186046511627906,1.0,1,9,25,0.7209302325581395,0.8837209302325582,1.4247233392323002,0.0,0.979328165374677,1.0,1.0,1.0,0.8805473372781065,0.8861303592349992,0.3557692307692308,nan
sonar,UCI id=151 via ucimlrepo,42,0.95,release_2,granular_ball,logistic,208,60,2,43,2.4186046511627906,2.0,1,10,18,0.7209302325581395,0.9534883720930233,2.211180645412419,2.291007095489028,0.9302325581395349,1.0,1.0,1.0,0.8887758875739645,0.8856482115502603,0.27884615384615385,nan
sonar,UCI id=151 via ucimlrepo,42,0.95,release_2,granular_ball,random_forest,208,60,2,43,2.4186046511627906,2.0,1,10,18,0.7209302325581395,0.9534883720930233,2.211180645412419,2.291007095489028,0.9302325581395349,1.0,1.0,1.0,0.8925203402366864,0.8923981205718333,0.2692307692307692,nan
sonar,UCI id=151 via ucimlrepo,42,0.95,release_2,matched_kmeans,logistic,208,60,2,43,2.4186046511627906,1.0,1,9,25,0.7209302325581395,0.8837209302325582,1.4247233392323002,0.0,0.979328165374677,1.0,1.0,1.0,0.9052329881656804,0.9073989463919475,0.3942307692307692,nan
sonar,UCI id=151 via ucimlrepo,42,0.95,release_2,matched_kmeans,random_forest,208,60,2,43,2.4186046511627906,1.0,1,9,25,0.7209302325581395,0.8837209302325582,1.4247233392323002,0.0,0.979328165374677,1.0,1.0,1.0,0.8938609467455622,0.8901774458431704,0.38461538461538464,nan
sonar,UCI id=151 via ucimlrepo,42,0.95,release_3,granular_ball,logistic,208,60,2,43,2.4186046511627906,2.0,1,10,18,0.7209302325581395,0.9534883720930233,2.211180645412419,2.291007095489028,0.9302325581395349,1.0,1.0,1.0,0.8929363905325444,0.8929009224963975,0.28846153846153844,nan
sonar,UCI id=151 via ucimlrepo,42,0.95,release_3,granular_ball,random_forest,208,60,2,43,2.4186046511627906,2.0,1,10,18,0.7209302325581395,0.9534883720930233,2.211180645412419,2.291007095489028,0.9302325581395349,1.0,1.0,1.0,0.8913646449704141,0.8913657627668702,0.2403846153846154,nan
sonar,UCI id=151 via ucimlrepo,42,0.95,release_3,matched_kmeans,logistic,208,60,2,43,2.4186046511627906,1.0,1,9,25,0.7209302325581395,0.8837209302325582,1.4247233392323002,0.0,0.979328165374677,1.0,1.0,1.0,0.9145710059171598,0.9194924656680864,0.49038461538461536,nan
sonar,UCI id=151 via ucimlrepo,42,0.95,release_3,matched_kmeans,random_forest,208,60,2,43,2.4186046511627906,1.0,1,9,25,0.7209302325581395,0.8837209302325582,1.4247233392323002,0.0,0.979328165374677,1.0,1.0,1.0,0.8993158284023669,0.8978696945649248,0.25961538461538464,nan
sonar,UCI id=151 via ucimlrepo,42,0.99,release_1,granular_ball,logistic,208,60,2,43,2.4186046511627906,2.0,1,10,18,0.7209302325581395,0.9534883720930233,2.211180645412419,2.291007095489028,0.9302325581395349,1.0,1.0,1.0,0.8806397928994083,0.8848249002198564,0.25,nan
sonar,UCI id=151 via ucimlrepo,42,0.99,release_1,granular_ball,random_forest,208,60,2,43,2.4186046511627906,2.0,1,10,18,0.7209302325581395,0.9534883720930233,2.211180645412419,2.291007095489028,0.9302325581395349,1.0,1.0,1.0,0.87916050295858,0.8833486466327378,0.3557692307692308,nan
sonar,UCI id=151 via ucimlrepo,42,0.99,release_1,matched_kmeans,logistic,208,60,2,43,2.4186046511627906,1.0,1,9,25,0.7209302325581395,0.8837209302325582,1.4247233392323002,0.0,0.979328165374677,1.0,1.0,1.0,0.8857248520710059,0.8928750250940006,0.40384615384615385,nan
sonar,UCI id=151 via ucimlrepo,42,0.99,release_1,matched_kmeans,random_forest,208,60,2,43,2.4186046511627906,1.0,1,9,25,0.7209302325581395,0.8837209302325582,1.4247233392323002,0.0,0.979328165374677,1.0,1.0,1.0,0.8805473372781065,0.8861303592349992,0.3557692307692308,nan
sonar,UCI id=151 via ucimlrepo,42,0.99,release_2,granular_ball,logistic,208,60,2,43,2.4186046511627906,2.0,1,10,18,0.7209302325581395,0.9534883720930233,2.211180645412419,2.291007095489028,0.9302325581395349,1.0,1.0,1.0,0.8887758875739645,0.8856482115502603,0.27884615384615385,nan
sonar,UCI id=151 via ucimlrepo,42,0.99,release_2,granular_ball,random_forest,208,60,2,43,2.4186046511627906,2.0,1,10,18,0.7209302325581395,0.9534883720930233,2.211180645412419,2.291007095489028,0.9302325581395349,1.0,1.0,1.0,0.8925203402366864,0.8923981205718333,0.2692307692307692,nan
sonar,UCI id=151 via ucimlrepo,42,0.99,release_2,matched_kmeans,logistic,208,60,2,43,2.4186046511627906,1.0,1,9,25,0.7209302325581395,0.8837209302325582,1.4247233392323002,0.0,0.979328165374677,1.0,1.0,1.0,0.9052329881656804,0.9073989463919475,0.3942307692307692,nan
sonar,UCI id=151 via ucimlrepo,42,0.99,release_2,matched_kmeans,random_forest,208,60,2,43,2.4186046511627906,1.0,1,9,25,0.7209302325581395,0.8837209302325582,1.4247233392323002,0.0,0.979328165374677,1.0,1.0,1.0,0.8938609467455622,0.8901774458431704,0.38461538461538464,nan
sonar,UCI id=151 via ucimlrepo,42,0.99,release_3,granular_ball,logistic,208,60,2,43,2.4186046511627906,2.0,1,10,18,0.7209302325581395,0.9534883720930233,2.211180645412419,2.291007095489028,0.9302325581395349,1.0,1.0,1.0,0.8929363905325444,0.8929009224963975,0.28846153846153844,nan
sonar,UCI id=151 via ucimlrepo,42,0.99,release_3,granular_ball,random_forest,208,60,2,43,2.4186046511627906,2.0,1,10,18,0.7209302325581395,0.9534883720930233,2.211180645412419,2.291007095489028,0.9302325581395349,1.0,1.0,1.0,0.8913646449704141,0.8913657627668702,0.2403846153846154,nan
sonar,UCI id=151 via ucimlrepo,42,0.99,release_3,matched_kmeans,logistic,208,60,2,43,2.4186046511627906,1.0,1,9,25,0.7209302325581395,0.8837209302325582,1.4247233392323002,0.0,0.979328165374677,1.0,1.0,1.0,0.9145710059171598,0.9194924656680864,0.49038461538461536,nan
sonar,UCI id=151 via ucimlrepo,42,0.99,release_3,matched_kmeans,random_forest,208,60,2,43,2.4186046511627906,1.0,1,9,25,0.7209302325581395,0.8837209302325582,1.4247233392323002,0.0,0.979328165374677,1.0,1.0,1.0,0.8993158284023669,0.8978696945649248,0.25961538461538464,nan
sonar,UCI id=151 via ucimlrepo,2026,0.7,release_1,granular_ball,logistic,208,60,2,23,4.521739130434782,2.0,1,18,9,0.5652173913043478,0.6956521739130435,2.719303315324774,2.8302604032521503,0.8796662274923146,1.0,0.7638888888888888,1.0,0.6881471893491123,0.7159275480901074,0.15384615384615385,nan
sonar,UCI id=151 via ucimlrepo,2026,0.7,release_1,granular_ball,random_forest,208,60,2,23,4.521739130434782,2.0,1,18,9,0.5652173913043478,0.6956521739130435,2.719303315324774,2.8302604032521503,0.8796662274923146,1.0,0.7638888888888888,1.0,0.6280510355029586,0.6566496329351772,0.08653846153846154,nan
sonar,UCI id=151 via ucimlrepo,2026,0.7,release_1,matched_kmeans,logistic,208,60,2,23,4.521739130434782,2.0,1,18,8,0.5652173913043478,0.6521739130434783,2.9359353786099898,4.069606042529559,0.8629917184265009,1.0,0.75,1.0,0.7370562130177514,0.7646240968839548,0.21153846153846154,nan
sonar,UCI id=151 via ucimlrepo,2026,0.7,release_1,matched_kmeans,random_forest,208,60,2,23,4.521739130434782,2.0,1,18,8,0.5652173913043478,0.6521739130434783,2.9359353786099898,4.069606042529559,0.8629917184265009,1.0,0.75,1.0,0.7008598372781064,0.7173437258581249,0.17307692307692307,nan
sonar,UCI id=151 via ucimlrepo,2026,0.7,release_2,granular_ball,logistic,208,60,2,23,4.521739130434782,2.0,1,18,9,0.5652173913043478,0.6956521739130435,2.719303315324774,2.8302604032521503,0.8796662274923146,1.0,0.7638888888888888,1.0,0.7296597633136095,0.7210878918391164,0.14423076923076922,nan
sonar,UCI id=151 via ucimlrepo,2026,0.7,release_2,granular_ball,random_forest,208,60,2,23,4.521739130434782,2.0,1,18,9,0.5652173913043478,0.6956521739130435,2.719303315324774,2.8302604032521503,0.8796662274923146,1.0,0.7638888888888888,1.0,0.6853735207100591,0.6778582854042897,0.08653846153846154,nan
sonar,UCI id=151 via ucimlrepo,2026,0.7,release_2,matched_kmeans,logistic,208,60,2,23,4.521739130434782,2.0,1,18,8,0.5652173913043478,0.6521739130434783,2.9359353786099898,4.069606042529559,0.8629917184265009,1.0,0.75,1.0,0.7382581360946745,0.7659072396191953,0.22115384615384615,nan
sonar,UCI id=151 via ucimlrepo,2026,0.7,release_2,matched_kmeans,random_forest,208,60,2,23,4.521739130434782,2.0,1,18,8,0.5652173913043478,0.6521739130434783,2.9359353786099898,4.069606042529559,0.8629917184265009,1.0,0.75,1.0,0.7210613905325444,0.7355887729803545,0.16346153846153846,nan
sonar,UCI id=151 via ucimlrepo,2026,0.7,release_3,granular_ball,logistic,208,60,2,23,4.521739130434782,2.0,1,18,9,0.5652173913043478,0.6956521739130435,2.719303315324774,2.8302604032521503,0.8796662274923146,1.0,0.7638888888888888,1.0,0.7154215976331362,0.707842461061351,0.11538461538461539,nan
sonar,UCI id=151 via ucimlrepo,2026,0.7,release_3,granular_ball,random_forest,208,60,2,23,4.521739130434782,2.0,1,18,9,0.5652173913043478,0.6956521739130435,2.719303315324774,2.8302604032521503,0.8796662274923146,1.0,0.7638888888888888,1.0,0.6972078402366864,0.6863733696876985,0.10576923076923077,nan
sonar,UCI id=151 via ucimlrepo,2026,0.7,release_3,matched_kmeans,logistic,208,60,2,23,4.521739130434782,2.0,1,18,8,0.5652173913043478,0.6521739130434783,2.9359353786099898,4.069606042529559,0.8629917184265009,1.0,0.75,1.0,0.7208764792899408,0.7411810528978994,0.21153846153846154,nan
sonar,UCI id=151 via ucimlrepo,2026,0.7,release_3,matched_kmeans,random_forest,208,60,2,23,4.521739130434782,2.0,1,18,8,0.5652173913043478,0.6521739130434783,2.9359353786099898,4.069606042529559,0.8629917184265009,1.0,0.75,1.0,0.7152366863905325,0.725301786733659,0.15384615384615385,nan
sonar,UCI id=151 via ucimlrepo,2026,0.8,release_1,granular_ball,logistic,208,60,2,30,3.466666666666667,2.0,1,18,12,0.7,0.8,2.741831974781497,2.7960260178993366,0.8735714285714287,1.0,0.8083333333333333,1.0,0.7550850591715976,0.7900373022668365,0.25961538461538464,nan
sonar,UCI id=151 via ucimlrepo,2026,0.8,release_1,granular_ball,random_forest,208,60,2,30,3.466666666666667,2.0,1,18,12,0.7,0.8,2.741831974781497,2.7960260178993366,0.8735714285714287,1.0,0.8083333333333333,1.0,0.6788091715976331,0.7061972178906781,0.20192307692307693,nan
sonar,UCI id=151 via ucimlrepo,2026,0.8,release_1,matched_kmeans,logistic,208,60,2,30,3.466666666666667,1.5,1,14,15,0.6666666666666666,0.7333333333333333,2.068286129352872,1.4419355291810272,0.8935425685425685,1.0,0.8571428571428571,1.0,0.7861501479289941,0.8036649953429593,0.25961538461538464,nan
sonar,UCI id=151 via ucimlrepo,2026,0.8,release_1,matched_kmeans,random_forest,208,60,2,30,3.466666666666667,1.5,1,14,15,0.6666666666666666,0.7333333333333333,2.068286129352872,1.4419355291810272,0.8935425685425685,1.0,0.8571428571428571,1.0,0.7506471893491122,0.7652981651624118,0.19230769230769232,nan
sonar,UCI id=151 via ucimlrepo,2026,0.8,release_2,granular_ball,logistic,208,60,2,30,3.466666666666667,2.0,1,18,12,0.7,0.8,2.741831974781497,2.7960260178993366,0.8735714285714287,1.0,0.8083333333333333,1.0,0.7887389053254437,0.7972586824619446,0.21153846153846154,nan
sonar,UCI id=151 via ucimlrepo,2026,0.8,release_2,granular_ball,random_forest,208,60,2,30,3.466666666666667,2.0,1,18,12,0.7,0.8,2.741831974781497,2.7960260178993366,0.8735714285714287,1.0,0.8083333333333333,1.0,0.7607248520710059,0.7687275017209778,0.14423076923076922,nan
sonar,UCI id=151 via ucimlrepo,2026,0.8,release_2,matched_kmeans,logistic,208,60,2,30,3.466666666666667,1.5,1,14,15,0.6666666666666666,0.7333333333333333,2.068286129352872,1.4419355291810272,0.8935425685425685,1.0,0.8571428571428571,1.0,0.784116124260355,0.8029752089123614,0.2980769230769231,nan
sonar,UCI id=151 via ucimlrepo,2026,0.8,release_2,matched_kmeans,random_forest,208,60,2,30,3.466666666666667,1.5,1,14,15,0.6666666666666666,0.7333333333333333,2.068286129352872,1.4419355291810272,0.8935425685425685,1.0,0.8571428571428571,1.0,0.7699704142011834,0.7788409628234945,0.18269230769230768,nan
sonar,UCI id=151 via ucimlrepo,2026,0.8,release_3,granular_ball,logistic,208,60,2,30,3.466666666666667,2.0,1,18,12,0.7,0.8,2.741831974781497,2.7960260178993366,0.8735714285714287,1.0,0.8083333333333333,1.0,0.7858727810650887,0.7988147557251222,0.16346153846153846,nan
sonar,UCI id=151 via ucimlrepo,2026,0.8,release_3,granular_ball,random_forest,208,60,2,30,3.466666666666667,2.0,1,18,12,0.7,0.8,2.741831974781497,2.7960260178993366,0.8735714285714287,1.0,0.8083333333333333,1.0,0.781666050295858,0.7812877761566415,0.125,nan
sonar,UCI id=151 via ucimlrepo,2026,0.8,release_3,matched_kmeans,logistic,208,60,2,30,3.466666666666667,1.5,1,14,15,0.6666666666666666,0.7333333333333333,2.068286129352872,1.4419355291810272,0.8935425685425685,1.0,0.8571428571428571,1.0,0.7859652366863905,0.7974750584432075,0.25961538461538464,nan
sonar,UCI id=151 via ucimlrepo,2026,0.8,release_3,matched_kmeans,random_forest,208,60,2,30,3.466666666666667,1.5,1,14,15,0.6666666666666666,0.7333333333333333,2.068286129352872,1.4419355291810272,0.8935425685425685,1.0,0.8571428571428571,1.0,0.7654400887573963,0.7775499769129517,0.18269230769230768,nan
sonar,UCI id=151 via ucimlrepo,2026,0.9,release_1,granular_ball,logistic,208,60,2,47,2.2127659574468086,2.0,1,12,23,0.7872340425531915,0.9361702127659575,1.9534678207977918,1.6657567202012178,0.9131205673758864,1.0,1.0,1.0,0.8384800295857988,0.8561713042903828,0.23076923076923078,nan
sonar,UCI id=151 via ucimlrepo,2026,0.9,release_1,granular_ball,random_forest,208,60,2,47,2.2127659574468086,2.0,1,12,23,0.7872340425531915,0.9361702127659575,1.9534678207977918,1.6657567202012178,0.9131205673758864,1.0,1.0,1.0,0.7899408284023668,0.8133742925744583,0.25961538461538464,nan
sonar,UCI id=151 via ucimlrepo,2026,0.9,release_1,matched_kmeans,logistic,208,60,2,47,2.2127659574468086,1.0,1,12,32,0.723404255319149,0.9361702127659575,1.1206502488557712,0.0,0.9481256332320163,1.0,1.0,1.0,0.8829511834319527,0.8883779251582861,0.4519230769230769,nan
sonar,UCI id=151 via ucimlrepo,2026,0.9,release_1,matched_kmeans,random_forest,208,60,2,47,2.2127659574468086,1.0,1,12,32,0.723404255319149,0.9361702127659575,1.1206502488557712,0.0,0.9481256332320163,1.0,1.0,1.0,0.8819341715976332,0.8872199693594756,0.4326923076923077,nan
sonar,UCI id=151 via ucimlrepo,2026,0.9,release_2,granular_ball,logistic,208,60,2,47,2.2127659574468086,2.0,1,12,23,0.7872340425531915,0.9361702127659575,1.9534678207977918,1.6657567202012178,0.9131205673758864,1.0,1.0,1.0,0.8909023668639053,0.8811296944669783,0.25,nan
sonar,UCI id=151 via ucimlrepo,2026,0.9,release_2,granular_ball,random_forest,208,60,2,47,2.2127659574468086,2.0,1,12,23,0.7872340425531915,0.9361702127659575,1.9534678207977918,1.6657567202012178,0.9131205673758864,1.0,1.0,1.0,0.8909948224852071,0.8827829138715582,0.2403846153846154,nan
sonar,UCI id=151 via ucimlrepo,2026,0.9,release_2,matched_kmeans,logistic,208,60,2,47,2.2127659574468086,1.0,1,12,32,0.723404255319149,0.9361702127659575,1.1206502488557712,0.0,0.9481256332320163,1.0,1.0,1.0,0.8946005917159763,0.8981392409435849,0.4807692307692308,nan
sonar,UCI id=151 via ucimlrepo,2026,0.9,release_2,matched_kmeans,random_forest,208,60,2,47,2.2127659574468086,1.0,1,12,32,0.723404255319149,0.9361702127659575,1.1206502488557712,0.0,0.9481256332320163,1.0,1.0,1.0,0.8861871301775148,0.8925236567623405,0.46153846153846156,nan
sonar,UCI id=151 via ucimlrepo,2026,0.9,release_3,granular_ball,logistic,208,60,2,47,2.2127659574468086,2.0,1,12,23,0.7872340425531915,0.9361702127659575,1.9534678207977918,1.6657567202012178,0.9131205673758864,1.0,1.0,1.0,0.8833210059171598,0.8698775548475307,0.14423076923076922,nan
sonar,UCI id=151 via ucimlrepo,2026,0.9,release_3,granular_ball,random_forest,208,60,2,47,2.2127659574468086,2.0,1,12,23,0.7872340425531915,0.9361702127659575,1.9534678207977918,1.6657567202012178,0.9131205673758864,1.0,1.0,1.0,0.911612426035503,0.9051096964571775,0.2980769230769231,nan
sonar,UCI id=151 via ucimlrepo,2026,0.9,release_3,matched_kmeans,logistic,208,60,2,47,2.2127659574468086,1.0,1,12,32,0.723404255319149,0.9361702127659575,1.1206502488557712,0.0,0.9481256332320163,1.0,1.0,1.0,0.8836908284023668,0.8881351778271734,0.4230769230769231,nan
sonar,UCI id=151 via ucimlrepo,2026,0.9,release_3,matched_kmeans,random_forest,208,60,2,47,2.2127659574468086,1.0,1,12,32,0.723404255319149,0.9361702127659575,1.1206502488557712,0.0,0.9481256332320163,1.0,1.0,1.0,0.8802699704142012,0.8875161880305613,0.5,nan
sonar,UCI id=151 via ucimlrepo,2026,0.95,release_1,granular_ball,logistic,208,60,2,48,2.1666666666666665,1.5,1,11,24,0.7916666666666666,0.9375,1.906816350525968,0.8328783601006089,0.9166666666666666,1.0,1.0,1.0,0.8443971893491123,0.8619363380963472,0.2692307692307692,nan
sonar,UCI id=151 via ucimlrepo,2026,0.95,release_1,granular_ball,random_forest,208,60,2,48,2.1666666666666665,1.5,1,11,24,0.7916666666666666,0.9375,1.906816350525968,0.8328783601006089,0.9166666666666666,1.0,1.0,1.0,0.810835798816568,0.8333747586011733,0.2980769230769231,nan
sonar,UCI id=151 via ucimlrepo,2026,0.95,release_1,matched_kmeans,logistic,208,60,2,48,2.1666666666666665,1.0,1,12,34,0.7291666666666666,0.9375,1.0226927924227007,0.0,0.9492063492063493,1.0,1.0,1.0,0.8843380177514792,0.8907584991997171,0.47115384615384615,nan
sonar,UCI id=151 via ucimlrepo,2026,0.95,release_1,matched_kmeans,random_forest,208,60,2,48,2.1666666666666665,1.0,1,12,34,0.7291666666666666,0.9375,1.0226927924227007,0.0,0.9492063492063493,1.0,1.0,1.0,0.8841531065088757,0.8880019356314267,0.4326923076923077,nan
sonar,UCI id=151 via ucimlrepo,2026,0.95,release_2,granular_ball,logistic,208,60,2,48,2.1666666666666665,1.5,1,11,24,0.7916666666666666,0.9375,1.906816350525968,0.8328783601006089,0.9166666666666666,1.0,1.0,1.0,0.8904400887573964,0.8842407451154533,0.3173076923076923,nan
sonar,UCI id=151 via ucimlrepo,2026,0.95,release_2,granular_ball,random_forest,208,60,2,48,2.1666666666666665,1.5,1,11,24,0.7916666666666666,0.9375,1.906816350525968,0.8328783601006089,0.9166666666666666,1.0,1.0,1.0,0.8982988165680474,0.8982349642104647,0.33653846153846156,nan
sonar,UCI id=151 via ucimlrepo,2026,0.95,release_2,matched_kmeans,logistic,208,60,2,48,2.1666666666666665,1.0,1,12,34,0.7291666666666666,0.9375,1.0226927924227007,0.0,0.9492063492063493,1.0,1.0,1.0,0.8955251479289941,0.8995948980346489,0.49038461538461536,nan
sonar,UCI id=151 via ucimlrepo,2026,0.95,release_2,matched_kmeans,random_forest,208,60,2,48,2.1666666666666665,1.0,1,12,34,0.7291666666666666,0.9375,1.0226927924227007,0.0,0.9492063492063493,1.0,1.0,1.0,0.8911797337278106,0.8966666528312954,0.5096153846153846,nan
sonar,UCI id=151 via ucimlrepo,2026,0.95,release_3,granular_ball,logistic,208,60,2,48,2.1666666666666665,1.5,1,11,24,0.7916666666666666,0.9375,1.906816350525968,0.8328783601006089,0.9166666666666666,1.0,1.0,1.0,0.8809171597633136,0.8726639276260773,0.15384615384615385,nan
sonar,UCI id=151 via ucimlrepo,2026,0.95,release_3,granular_ball,random_forest,208,60,2,48,2.1666666666666665,1.5,1,11,24,0.7916666666666666,0.9375,1.906816350525968,0.8328783601006089,0.9166666666666666,1.0,1.0,1.0,0.9131841715976331,0.911090604530997,0.3173076923076923,nan
sonar,UCI id=151 via ucimlrepo,2026,0.95,release_3,matched_kmeans,logistic,208,60,2,48,2.1666666666666665,1.0,1,12,34,0.7291666666666666,0.9375,1.0226927924227007,0.0,0.9492063492063493,1.0,1.0,1.0,0.8846153846153846,0.889709989394107,0.4423076923076923,nan
sonar,UCI id=151 via ucimlrepo,2026,0.95,release_3,matched_kmeans,random_forest,208,60,2,48,2.1666666666666665,1.0,1,12,34,0.7291666666666666,0.9375,1.0226927924227007,0.0,0.9492063492063493,1.0,1.0,1.0,0.8876664201183432,0.8930090143605963,0.5,nan
sonar,UCI id=151 via ucimlrepo,2026,0.99,release_1,granular_ball,logistic,208,60,2,48,2.1666666666666665,1.5,1,11,24,0.7916666666666666,0.9375,1.906816350525968,0.8328783601006089,0.9166666666666666,1.0,1.0,1.0,0.8443971893491123,0.8619363380963472,0.2692307692307692,nan
sonar,UCI id=151 via ucimlrepo,2026,0.99,release_1,granular_ball,random_forest,208,60,2,48,2.1666666666666665,1.5,1,11,24,0.7916666666666666,0.9375,1.906816350525968,0.8328783601006089,0.9166666666666666,1.0,1.0,1.0,0.810835798816568,0.8333747586011733,0.2980769230769231,nan
sonar,UCI id=151 via ucimlrepo,2026,0.99,release_1,matched_kmeans,logistic,208,60,2,48,2.1666666666666665,1.0,1,12,34,0.7291666666666666,0.9375,1.0226927924227007,0.0,0.9492063492063493,1.0,1.0,1.0,0.8843380177514792,0.8907584991997171,0.47115384615384615,nan
sonar,UCI id=151 via ucimlrepo,2026,0.99,release_1,matched_kmeans,random_forest,208,60,2,48,2.1666666666666665,1.0,1,12,34,0.7291666666666666,0.9375,1.0226927924227007,0.0,0.9492063492063493,1.0,1.0,1.0,0.8841531065088757,0.8880019356314267,0.4326923076923077,nan
sonar,UCI id=151 via ucimlrepo,2026,0.99,release_2,granular_ball,logistic,208,60,2,48,2.1666666666666665,1.5,1,11,24,0.7916666666666666,0.9375,1.906816350525968,0.8328783601006089,0.9166666666666666,1.0,1.0,1.0,0.8904400887573964,0.8842407451154533,0.3173076923076923,nan
sonar,UCI id=151 via ucimlrepo,2026,0.99,release_2,granular_ball,random_forest,208,60,2,48,2.1666666666666665,1.5,1,11,24,0.7916666666666666,0.9375,1.906816350525968,0.8328783601006089,0.9166666666666666,1.0,1.0,1.0,0.8982988165680474,0.8982349642104647,0.33653846153846156,nan
sonar,UCI id=151 via ucimlrepo,2026,0.99,release_2,matched_kmeans,logistic,208,60,2,48,2.1666666666666665,1.0,1,12,34,0.7291666666666666,0.9375,1.0226927924227007,0.0,0.9492063492063493,1.0,1.0,1.0,0.8955251479289941,0.8995948980346489,0.49038461538461536,nan
sonar,UCI id=151 via ucimlrepo,2026,0.99,release_2,matched_kmeans,random_forest,208,60,2,48,2.1666666666666665,1.0,1,12,34,0.7291666666666666,0.9375,1.0226927924227007,0.0,0.9492063492063493,1.0,1.0,1.0,0.8911797337278106,0.8966666528312954,0.5096153846153846,nan
sonar,UCI id=151 via ucimlrepo,2026,0.99,release_3,granular_ball,logistic,208,60,2,48,2.1666666666666665,1.5,1,11,24,0.7916666666666666,0.9375,1.906816350525968,0.8328783601006089,0.9166666666666666,1.0,1.0,1.0,0.8809171597633136,0.8726639276260773,0.15384615384615385,nan
sonar,UCI id=151 via ucimlrepo,2026,0.99,release_3,granular_ball,random_forest,208,60,2,48,2.1666666666666665,1.5,1,11,24,0.7916666666666666,0.9375,1.906816350525968,0.8328783601006089,0.9166666666666666,1.0,1.0,1.0,0.9131841715976331,0.911090604530997,0.3173076923076923,nan
sonar,UCI id=151 via ucimlrepo,2026,0.99,release_3,matched_kmeans,logistic,208,60,2,48,2.1666666666666665,1.0,1,12,34,0.7291666666666666,0.9375,1.0226927924227007,0.0,0.9492063492063493,1.0,1.0,1.0,0.8846153846153846,0.889709989394107,0.4423076923076923,nan
sonar,UCI id=151 via ucimlrepo,2026,0.99,release_3,matched_kmeans,random_forest,208,60,2,48,2.1666666666666665,1.0,1,12,34,0.7291666666666666,0.9375,1.0226927924227007,0.0,0.9492063492063493,1.0,1.0,1.0,0.8876664201183432,0.8930090143605963,0.5,nan
spambase,UCI id=94 via ucimlrepo,1,0.7,release_1,granular_ball,logistic,4601,57,2,2,1150.0,1150.0,698,1602,0,0.0,0.0,6.13608998261523,6.13608998261523,0.865147076183424,0.865147076183424,0.8464312159943337,0.8838629363725143,0.49957258979206054,0.5049325668723625,0.01565217391304348,0.0026086956521739132
spambase,UCI id=94 via ucimlrepo,1,0.7,release_1,granular_ball,random_forest,4601,57,2,2,1150.0,1150.0,698,1602,0,0.0,0.0,6.13608998261523,6.13608998261523,0.865147076183424,0.865147076183424,0.8464312159943337,0.8838629363725143,0.5104628544423441,0.5054358498482114,0.012608695652173913,0.0004347826086956522
spambase,UCI id=94 via ucimlrepo,1,0.7,release_1,matched_kmeans,logistic,4601,57,2,2,1150.0,1150.0,698,1602,0,0.0,0.0,6.13608998261523,6.13608998261523,0.865147076183424,0.865147076183424,0.8464312159943337,0.8838629363725143,0.49957258979206054,0.5049325668723625,0.01565217391304348,0.0026086956521739132
spambase,UCI id=94 via ucimlrepo,1,0.7,release_1,matched_kmeans,random_forest,4601,57,2,2,1150.0,1150.0,698,1602,0,0.0,0.0,6.13608998261523,6.13608998261523,0.865147076183424,0.865147076183424,0.8464312159943337,0.8838629363725143,0.5104628544423441,0.5054358498482114,0.012608695652173913,0.0004347826086956522
spambase,UCI id=94 via ucimlrepo,1,0.7,release_2,granular_ball,logistic,4601,57,2,2,1150.0,1150.0,698,1602,0,0.0,0.0,6.13608998261523,6.13608998261523,0.865147076183424,0.865147076183424,0.8464312159943337,0.8838629363725143,0.48617069943289226,0.4922507418232901,0.00782608695652174,0.0
spambase,UCI id=94 via ucimlrepo,1,0.7,release_2,granular_ball,random_forest,4601,57,2,2,1150.0,1150.0,698,1602,0,0.0,0.0,6.13608998261523,6.13608998261523,0.865147076183424,0.865147076183424,0.8464312159943337,0.8838629363725143,0.5068330812854442,0.500260655608403,0.005652173913043478,0.0004347826086956522
spambase,UCI id=94 via ucimlrepo,1,0.7,release_2,matched_kmeans,logistic,4601,57,2,2,1150.0,1150.0,698,1602,0,0.0,0.0,6.13608998261523,6.13608998261523,0.865147076183424,0.865147076183424,0.8464312159943337,0.8838629363725143,0.48617069943289226,0.4922507418232901,0.00782608695652174,0.0
spambase,UCI id=94 via ucimlrepo,1,0.7,release_2,matched_kmeans,random_forest,4601,57,2,2,1150.0,1150.0,698,1602,0,0.0,0.0,6.13608998261523,6.13608998261523,0.865147076183424,0.865147076183424,0.8464312159943337,0.8838629363725143,0.5068330812854442,0.500260655608403,0.005652173913043478,0.0004347826086956522
spambase,UCI id=94 via ucimlrepo,1,0.7,release_3,granular_ball,logistic,4601,57,2,2,1150.0,1150.0,698,1602,0,0.0,0.0,6.13608998261523,6.13608998261523,0.865147076183424,0.865147076183424,0.8464312159943337,0.8838629363725143,0.48613421550094515,0.4922213356201285,0.00782608695652174,0.0
spambase,UCI id=94 via ucimlrepo,1,0.7,release_3,granular_ball,random_forest,4601,57,2,2,1150.0,1150.0,698,1602,0,0.0,0.0,6.13608998261523,6.13608998261523,0.865147076183424,0.865147076183424,0.8464312159943337,0.8838629363725143,0.5043022684310019,0.4972192495504157,0.00782608695652174,0.0004347826086956522
spambase,UCI id=94 via ucimlrepo,1,0.7,release_3,matched_kmeans,logistic,4601,57,2,2,1150.0,1150.0,698,1602,0,0.0,0.0,6.13608998261523,6.13608998261523,0.865147076183424,0.865147076183424,0.8464312159943337,0.8838629363725143,0.48613421550094515,0.4922213356201285,0.00782608695652174,0.0
spambase,UCI id=94 via ucimlrepo,1,0.7,release_3,matched_kmeans,random_forest,4601,57,2,2,1150.0,1150.0,698,1602,0,0.0,0.0,6.13608998261523,6.13608998261523,0.865147076183424,0.865147076183424,0.8464312159943337,0.8838629363725143,0.5043022684310019,0.4972192495504157,0.00782608695652174,0.0004347826086956522
spambase,UCI id=94 via ucimlrepo,1,0.8,release_1,granular_ball,logistic,4601,57,2,2,1150.0,1150.0,698,1602,0,0.0,0.0,6.13608998261523,6.13608998261523,0.865147076183424,0.865147076183424,0.8464312159943337,0.8838629363725143,0.49957258979206054,0.5049325668723625,0.01565217391304348,0.0026086956521739132
spambase,UCI id=94 via ucimlrepo,1,0.8,release_1,granular_ball,random_forest,4601,57,2,2,1150.0,1150.0,698,1602,0,0.0,0.0,6.13608998261523,6.13608998261523,0.865147076183424,0.865147076183424,0.8464312159943337,0.8838629363725143,0.5104628544423441,0.5054358498482114,0.012608695652173913,0.0004347826086956522
spambase,UCI id=94 via ucimlrepo,1,0.8,release_1,matched_kmeans,logistic,4601,57,2,2,1150.0,1150.0,698,1602,0,0.0,0.0,6.13608998261523,6.13608998261523,0.865147076183424,0.865147076183424,0.8464312159943337,0.8838629363725143,0.49957258979206054,0.5049325668723625,0.01565217391304348,0.0026086956521739132
spambase,UCI id=94 via ucimlrepo,1,0.8,release_1,matched_kmeans,random_forest,4601,57,2,2,1150.0,1150.0,698,1602,0,0.0,0.0,6.13608998261523,6.13608998261523,0.865147076183424,0.865147076183424,0.8464312159943337,0.8838629363725143,0.5104628544423441,0.5054358498482114,0.012608695652173913,0.0004347826086956522
spambase,UCI id=94 via ucimlrepo,1,0.8,release_2,granular_ball,logistic,4601,57,2,2,1150.0,1150.0,698,1602,0,0.0,0.0,6.13608998261523,6.13608998261523,0.865147076183424,0.865147076183424,0.8464312159943337,0.8838629363725143,0.48617069943289226,0.4922507418232901,0.00782608695652174,0.0
spambase,UCI id=94 via ucimlrepo,1,0.8,release_2,granular_ball,random_forest,4601,57,2,2,1150.0,1150.0,698,1602,0,0.0,0.0,6.13608998261523,6.13608998261523,0.865147076183424,0.865147076183424,0.8464312159943337,0.8838629363725143,0.5068330812854442,0.500260655608403,0.005652173913043478,0.0004347826086956522
spambase,UCI id=94 via ucimlrepo,1,0.8,release_2,matched_kmeans,logistic,4601,57,2,2,1150.0,1150.0,698,1602,0,0.0,0.0,6.13608998261523,6.13608998261523,0.865147076183424,0.865147076183424,0.8464312159943337,0.8838629363725143,0.48617069943289226,0.4922507418232901,0.00782608695652174,0.0
spambase,UCI id=94 via ucimlrepo,1,0.8,release_2,matched_kmeans,random_forest,4601,57,2,2,1150.0,1150.0,698,1602,0,0.0,0.0,6.13608998261523,6.13608998261523,0.865147076183424,0.865147076183424,0.8464312159943337,0.8838629363725143,0.5068330812854442,0.500260655608403,0.005652173913043478,0.0004347826086956522
spambase,UCI id=94 via ucimlrepo,1,0.8,release_3,granular_ball,logistic,4601,57,2,2,1150.0,1150.0,698,1602,0,0.0,0.0,6.13608998261523,6.13608998261523,0.865147076183424,0.865147076183424,0.8464312159943337,0.8838629363725143,0.48613421550094515,0.4922213356201285,0.00782608695652174,0.0
spambase,UCI id=94 via ucimlrepo,1,0.8,release_3,granular_ball,random_forest,4601,57,2,2,1150.0,1150.0,698,1602,0,0.0,0.0,6.13608998261523,6.13608998261523,0.865147076183424,0.865147076183424,0.8464312159943337,0.8838629363725143,0.5043022684310019,0.4972192495504157,0.00782608695652174,0.0004347826086956522
spambase,UCI id=94 via ucimlrepo,1,0.8,release_3,matched_kmeans,logistic,4601,57,2,2,1150.0,1150.0,698,1602,0,0.0,0.0,6.13608998261523,6.13608998261523,0.865147076183424,0.865147076183424,0.8464312159943337,0.8838629363725143,0.48613421550094515,0.4922213356201285,0.00782608695652174,0.0
spambase,UCI id=94 via ucimlrepo,1,0.8,release_3,matched_kmeans,random_forest,4601,57,2,2,1150.0,1150.0,698,1602,0,0.0,0.0,6.13608998261523,6.13608998261523,0.865147076183424,0.865147076183424,0.8464312159943337,0.8838629363725143,0.5043022684310019,0.4972192495504157,0.00782608695652174,0.0004347826086956522
spambase,UCI id=94 via ucimlrepo,1,0.9,release_1,granular_ball,logistic,4601,57,2,206,11.16504854368932,2.0,1,698,78,0.587378640776699,0.7669902912621359,1.2630070803589932,0.9446282809514801,0.9525438361732296,1.0,1.0,1.0,0.5492431001890359,0.5535588926301985,0.012608695652173913,0.0008695652173913044
spambase,UCI id=94 via ucimlrepo,1,0.9,release_1,granular_ball,random_forest,4601,57,2,206,11.16504854368932,2.0,1,698,78,0.587378640776699,0.7669902912621359,1.2630070803589932,0.9446282809514801,0.9525438361732296,1.0,1.0,1.0,0.5359826086956522,0.5498553001397444,0.03130434782608696,0.0008695652173913044
spambase,UCI id=94 via ucimlrepo,1,0.9,release_1,matched_kmeans,logistic,4601,57,2,206,11.16504854368932,5.5,1,164,40,0.3106796116504854,0.5,2.4252514339133104,2.8368807756414673,0.9317829151364306,1.0,0.9230769230769231,1.0,0.5926300567107751,0.5742957930118833,0.01956521739130435,0.003043478260869565
spambase,UCI id=94 via ucimlrepo,1,0.9,release_1,matched_kmeans,random_forest,4601,57,2,206,11.16504854368932,5.5,1,164,40,0.3106796116504854,0.5,2.4252514339133104,2.8368807756414673,0.9317829151364306,1.0,0.9230769230769231,1.0,0.588363988657845,0.566881443406944,0.013043478260869565,0.0026086956521739132
spambase,UCI id=94 via ucimlrepo,1,0.9,release_2,granular_ball,logistic,4601,57,2,206,11.16504854368932,2.0,1,698,78,0.587378640776699,0.7669902912621359,1.2630070803589932,0.9446282809514801,0.9525438361732296,1.0,1.0,1.0,0.5490189035916824,0.5513967598056996,0.013478260869565217,0.0008695652173913044
spambase,UCI id=94 via ucimlrepo,1,0.9,release_2,granular_ball,random_forest,4601,57,2,206,11.16504854368932,2.0,1,698,78,0.587378640776699,0.7669902912621359,1.2630070803589932,0.9446282809514801,0.9525438361732296,1.0,1.0,1.0,0.553446313799622,0.5668558878103719,0.03608695652173913,0.0026086956521739132
spambase,UCI id=94 via ucimlrepo,1,0.9,release_2,matched_kmeans,logistic,4601,57,2,206,11.16504854368932,5.5,1,164,40,0.3106796116504854,0.5,2.4252514339133104,2.8368807756414673,0.9317829151364306,1.0,0.9230769230769231,1.0,0.6067572778827978,0.590063157378897,0.023478260869565216,0.00391304347826087
spambase,UCI id=94 via ucimlrepo,1,0.9,release_2,matched_kmeans,random_forest,4601,57,2,206,11.16504854368932,5.5,1,164,40,0.3106796116504854,0.5,2.4252514339133104,2.8368807756414673,0.9317829151364306,1.0,0.9230769230769231,1.0,0.5832832703213611,0.5645460438878686,0.016956521739130436,0.004782608695652174
spambase,UCI id=94 via ucimlrepo,1,0.9,release_3,granular_ball,logistic,4601,57,2,206,11.16504854368932,2.0,1,698,78,0.587378640776699,0.7669902912621359,1.2630070803589932,0.9446282809514801,0.9525438361732296,1.0,1.0,1.0,0.5489563327032135,0.5539420302293694,0.019130434782608695,0.0008695652173913044
spambase,UCI id=94 via ucimlrepo,1,0.9,release_3,granular_ball,random_forest,4601,57,2,206,11.16504854368932,2.0,1,698,78,0.587378640776699,0.7669902912621359,1.2630070803589932,0.9446282809514801,0.9525438361732296,1.0,1.0,1.0,0.5570175803402646,0.5743189307020742,0.034782608695652174,0.018695652173913044
spambase,UCI id=94 via ucimlrepo,1,0.9,release_3,matched_kmeans,logistic,4601,57,2,206,11.16504854368932,5.5,1,164,40,0.3106796116504854,0.5,2.4252514339133104,2.8368807756414673,0.9317829151364306,1.0,0.9230769230769231,1.0,0.605145179584121,0.5891615996788762,0.023478260869565216,0.00391304347826087
spambase,UCI id=94 via ucimlrepo,1,0.9,release_3,matched_kmeans,random_forest,4601,57,2,206,11.16504854368932,5.5,1,164,40,0.3106796116504854,0.5,2.4252514339133104,2.8368807756414673,0.9317829151364306,1.0,0.9230769230769231,1.0,0.5789573724007562,0.5634700381903515,0.022608695652173914,0.009565217391304347
spambase,UCI id=94 via ucimlrepo,1,0.95,release_1,granular_ball,logistic,4601,57,2,399,5.764411027568922,2.0,1,204,162,0.6416040100250626,0.8145363408521303,1.2103596098129046,0.8810566734468072,0.953908237203282,1.0,1.0,1.0,0.6069824196597353,0.596401725903845,0.013478260869565217,0.0008695652173913044
spambase,UCI id=94 via ucimlrepo,1,0.95,release_1,granular_ball,random_forest,4601,57,2,399,5.764411027568922,2.0,1,204,162,0.6416040100250626,0.8145363408521303,1.2103596098129046,0.8810566734468072,0.953908237203282,1.0,1.0,1.0,0.5864978260869564,0.6062647324110672,0.06913043478260869,0.0004347826086956522
spambase,UCI id=94 via ucimlrepo,1,0.95,release_1,matched_kmeans,logistic,4601,57,2,399,5.764411027568922,3.0,1,115,133,0.48872180451127817,0.6867167919799498,1.445254487232845,1.7483672691234828,0.9499165496469997,1.0,1.0,1.0,0.6541336483931947,0.6216123714020043,0.018695652173913044,0.004347826086956522
spambase,UCI id=94 via ucimlrepo,1,0.95,release_1,matched_kmeans,random_forest,4601,57,2,399,5.764411027568922,3.0,1,115,133,0.48872180451127817,0.6867167919799498,1.445254487232845,1.7483672691234828,0.9499165496469997,1.0,1.0,1.0,0.6372902646502837,0.6094889036278524,0.02782608695652174,0.004347826086956522
spambase,UCI id=94 via ucimlrepo,1,0.95,release_2,granular_ball,logistic,4601,57,2,399,5.764411027568922,2.0,1,204,162,0.6416040100250626,0.8145363408521303,1.2103596098129046,0.8810566734468072,0.953908237203282,1.0,1.0,1.0,0.6136629489603026,0.5906735756504727,0.01565217391304348,0.0008695652173913044
spambase,UCI id=94 via ucimlrepo,1,0.95,release_2,granular_ball,random_forest,4601,57,2,399,5.764411027568922,2.0,1,204,162,0.6416040100250626,0.8145363408521303,1.2103596098129046,0.8810566734468072,0.953908237203282,1.0,1.0,1.0,0.648388752362949,0.6559686704711228,0.06782608695652174,0.0034782608695652175
spambase,UCI id=94 via ucimlrepo,1,0.95,release_2,matched_kmeans,logistic,4601,57,2,399,5.764411027568922,3.0,1,115,133,0.48872180451127817,0.6867167919799498,1.445254487232845,1.7483672691234828,0.9499165496469997,1.0,1.0,1.0,0.6827213610586012,0.6499754164860111,0.02782608695652174,0.01
spambase,UCI id=94 via ucimlrepo,1,0.95,release_2,matched_kmeans,random_forest,4601,57,2,399,5.764411027568922,3.0,1,115,133,0.48872180451127817,0.6867167919799498,1.445254487232845,1.7483672691234828,0.9499165496469997,1.0,1.0,1.0,0.6616842155009452,0.643502686011637,0.050434782608695654,0.004782608695652174
spambase,UCI id=94 via ucimlrepo,1,0.95,release_3,granular_ball,logistic,4601,57,2,399,5.764411027568922,2.0,1,204,162,0.6416040100250626,0.8145363408521303,1.2103596098129046,0.8810566734468072,0.953908237203282,1.0,1.0,1.0,0.6083345935727789,0.5988102069415902,0.018695652173913044,0.0004347826086956522
spambase,UCI id=94 via ucimlrepo,1,0.95,release_3,granular_ball,random_forest,4601,57,2,399,5.764411027568922,2.0,1,204,162,0.6416040100250626,0.8145363408521303,1.2103596098129046,0.8810566734468072,0.953908237203282,1.0,1.0,1.0,0.6477894139886577,0.663766314157467,0.08217391304347826,0.03217391304347826
spambase,UCI id=94 via ucimlrepo,1,0.95,release_3,matched_kmeans,logistic,4601,57,2,399,5.764411027568922,3.0,1,115,133,0.48872180451127817,0.6867167919799498,1.445254487232845,1.7483672691234828,0.9499165496469997,1.0,1.0,1.0,0.6837404536862003,0.6553544609656685,0.026956521739130435,0.012608695652173913
spambase,UCI id=94 via ucimlrepo,1,0.95,release_3,matched_kmeans,random_forest,4601,57,2,399,5.764411027568922,3.0,1,115,133,0.48872180451127817,0.6867167919799498,1.445254487232845,1.7483672691234828,0.9499165496469997,1.0,1.0,1.0,0.6721587901701324,0.6539446690298014,0.05652173913043478,0.00608695652173913
spambase,UCI id=94 via ucimlrepo,1,0.99,release_1,granular_ball,logistic,4601,57,2,487,4.722792607802875,2.0,1,204,194,0.6242299794661191,0.8069815195071869,1.2926260001971475,0.9701491547473575,0.9546628044761329,1.0,1.0,1.0,0.6324177693761814,0.6140410766542796,0.01608695652173913,0.0008695652173913044
spambase,UCI id=94 via ucimlrepo,1,0.99,release_1,granular_ball,random_forest,4601,57,2,487,4.722792607802875,2.0,1,204,194,0.6242299794661191,0.8069815195071869,1.2926260001971475,0.9701491547473575,0.9546628044761329,1.0,1.0,1.0,0.6046165406427222,0.6188731225375302,0.06739130434782609,0.0004347826086956522
spambase,UCI id=94 via ucimlrepo,1,0.99,release_1,matched_kmeans,logistic,4601,57,2,487,4.722792607802875,2.0,1,87,184,0.5441478439425051,0.7535934291581109,1.198656281659954,1.170526622246399,0.9597993530046687,1.0,1.0,1.0,0.6773,0.6405520785243597,0.021304347826086957,0.0052173913043478265
spambase,UCI id=94 via ucimlrepo,1,0.99,release_1,matched_kmeans,random_forest,4601,57,2,487,4.722792607802875,2.0,1,87,184,0.5441478439425051,0.7535934291581109,1.198656281659954,1.170526622246399,0.9597993530046687,1.0,1.0,1.0,0.6789327032136105,0.6577619249403518,0.05478260869565217,0.010869565217391304
spambase,UCI id=94 via ucimlrepo,1,0.99,release_2,granular_ball,logistic,4601,57,2,487,4.722792607802875,2.0,1,204,194,0.6242299794661191,0.8069815195071869,1.2926260001971475,0.9701491547473575,0.9546628044761329,1.0,1.0,1.0,0.6451444234404538,0.6063038760919853,0.017826086956521738,0.0004347826086956522
spambase,UCI id=94 via ucimlrepo,1,0.99,release_2,granular_ball,random_forest,4601,57,2,487,4.722792607802875,2.0,1,204,194,0.6242299794661191,0.8069815195071869,1.2926260001971475,0.9701491547473575,0.9546628044761329,1.0,1.0,1.0,0.6789350661625709,0.6823420934704858,0.07478260869565218,0.01
spambase,UCI id=94 via ucimlrepo,1,0.99,release_2,matched_kmeans,logistic,4601,57,2,487,4.722792607802875,2.0,1,87,184,0.5441478439425051,0.7535934291581109,1.198656281659954,1.170526622246399,0.9597993530046687,1.0,1.0,1.0,0.71281190926276,0.6627244678379044,0.019130434782608695,0.004347826086956522
spambase,UCI id=94 via ucimlrepo,1,0.99,release_2,matched_kmeans,random_forest,4601,57,2,487,4.722792607802875,2.0,1,87,184,0.5441478439425051,0.7535934291581109,1.198656281659954,1.170526622246399,0.9597993530046687,1.0,1.0,1.0,0.7069148393194707,0.6926215812459211,0.08652173913043479,0.005652173913043478
spambase,UCI id=94 via ucimlrepo,1,0.99,release_3,granular_ball,logistic,4601,57,2,487,4.722792607802875,2.0,1,204,194,0.6242299794661191,0.8069815195071869,1.2926260001971475,0.9701491547473575,0.9546628044761329,1.0,1.0,1.0,0.6404960302457468,0.6164596484534268,0.02217391304347826,0.0004347826086956522
spambase,UCI id=94 via ucimlrepo,1,0.99,release_3,granular_ball,random_forest,4601,57,2,487,4.722792607802875,2.0,1,204,194,0.6242299794661191,0.8069815195071869,1.2926260001971475,0.9701491547473575,0.9546628044761329,1.0,1.0,1.0,0.6842500945179585,0.6956934555963485,0.09913043478260869,0.023478260869565216
spambase,UCI id=94 via ucimlrepo,1,0.99,release_3,matched_kmeans,logistic,4601,57,2,487,4.722792607802875,2.0,1,87,184,0.5441478439425051,0.7535934291581109,1.198656281659954,1.170526622246399,0.9597993530046687,1.0,1.0,1.0,0.7166831758034027,0.6848244265919292,0.03217391304347826,0.006956521739130435
spambase,UCI id=94 via ucimlrepo,1,0.99,release_3,matched_kmeans,random_forest,4601,57,2,487,4.722792607802875,2.0,1,87,184,0.5441478439425051,0.7535934291581109,1.198656281659954,1.170526622246399,0.9597993530046687,1.0,1.0,1.0,0.7181981096408319,0.7049358773626917,0.0891304347826087,0.027391304347826086
spambase,UCI id=94 via ucimlrepo,7,0.7,release_1,granular_ball,logistic,4601,57,2,2,1150.0,1150.0,801,1499,0,0.0,0.0,5.97405853415713,5.97405853415713,0.87111465904444,0.87111465904444,0.8678455216503054,0.8743837964385746,0.5047705103969754,0.5018805955130481,0.00826086956521739,0.0008695652173913044
spambase,UCI id=94 via ucimlrepo,7,0.7,release_1,granular_ball,random_forest,4601,57,2,2,1150.0,1150.0,801,1499,0,0.0,0.0,5.97405853415713,5.97405853415713,0.87111465904444,0.87111465904444,0.8678455216503054,0.8743837964385746,0.5088402646502835,0.5057111848430471,0.01,0.0008695652173913044
spambase,UCI id=94 via ucimlrepo,7,0.7,release_1,matched_kmeans,logistic,4601,57,2,2,1150.0,1150.0,15,2285,0,0.0,0.0,7.938047606836019,7.938047606836019,0.8017505470459518,0.8017505470459518,0.7026258205689278,0.9008752735229759,0.5103058601134215,0.507851669483045,0.006956521739130435,0.0
spambase,UCI id=94 via ucimlrepo,7,0.7,release_1,matched_kmeans,random_forest,4601,57,2,2,1150.0,1150.0,15,2285,0,0.0,0.0,7.938047606836019,7.938047606836019,0.8017505470459518,0.8017505470459518,0.7026258205689278,0.9008752735229759,0.5097070888468809,0.5112033592058687,0.009130434782608696,0.0017391304347826088
spambase,UCI id=94 via ucimlrepo,7,0.7,release_2,granular_ball,logistic,4601,57,2,2,1150.0,1150.0,801,1499,0,0.0,0.0,5.97405853415713,5.97405853415713,0.87111465904444,0.87111465904444,0.8678455216503054,0.8743837964385746,0.495601134215501,0.4957947330079891,0.01,0.0017391304347826088
spambase,UCI id=94 via ucimlrepo,7,0.7,release_2,granular_ball,random_forest,4601,57,2,2,1150.0,1150.0,801,1499,0,0.0,0.0,5.97405853415713,5.97405853415713,0.87111465904444,0.87111465904444,0.8678455216503054,0.8743837964385746,0.504774763705104,0.5047540178576005,0.01,0.0004347826086956522
spambase,UCI id=94 via ucimlrepo,7,0.7,release_2,matched_kmeans,logistic,4601,57,2,2,1150.0,1150.0,15,2285,0,0.0,0.0,7.938047606836019,7.938047606836019,0.8017505470459518,0.8017505470459518,0.7026258205689278,0.9008752735229759,0.5037697542533082,0.5024188734744207,0.00608695652173913,0.0
spambase,UCI id=94 via ucimlrepo,7,0.7,release_2,matched_kmeans,random_forest,4601,57,2,2,1150.0,1150.0,15,2285,0,0.0,0.0,7.938047606836019,7.938047606836019,0.8017505470459518,0.8017505470459518,0.7026258205689278,0.9008752735229759,0.509837618147448,0.5126916347941639,0.01217391304347826,0.0004347826086956522
spambase,UCI id=94 via ucimlrepo,7,0.7,release_3,granular_ball,logistic,4601,57,2,2,1150.0,1150.0,801,1499,0,0.0,0.0,5.97405853415713,5.97405853415713,0.87111465904444,0.87111465904444,0.8678455216503054,0.8743837964385746,0.4956022684310019,0.4957555453951161,0.01,0.0017391304347826088
spambase,UCI id=94 via ucimlrepo,7,0.7,release_3,granular_ball,random_forest,4601,57,2,2,1150.0,1150.0,801,1499,0,0.0,0.0,5.97405853415713,5.97405853415713,0.87111465904444,0.87111465904444,0.8678455216503054,0.8743837964385746,0.5022021739130434,0.5025268316632092,0.00826086956521739,0.0008695652173913044
spambase,UCI id=94 via ucimlrepo,7,0.7,release_3,matched_kmeans,logistic,4601,57,2,2,1150.0,1150.0,15,2285,0,0.0,0.0,7.938047606836019,7.938047606836019,0.8017505470459518,0.8017505470459518,0.7026258205689278,0.9008752735229759,0.5036293005671078,0.5019921555674338,0.0052173913043478265,0.0
spambase,UCI id=94 via ucimlrepo,7,0.7,release_3,matched_kmeans,random_forest,4601,57,2,2,1150.0,1150.0,15,2285,0,0.0,0.0,7.938047606836019,7.938047606836019,0.8017505470459518,0.8017505470459518,0.7026258205689278,0.9008752735229759,0.510980718336484,0.5122833278665178,0.010434782608695653,0.0013043478260869566
spambase,UCI id=94 via ucimlrepo,7,0.8,release_1,granular_ball,logistic,4601,57,2,2,1150.0,1150.0,801,1499,0,0.0,0.0,5.97405853415713,5.97405853415713,0.87111465904444,0.87111465904444,0.8678455216503054,0.8743837964385746,0.5047705103969754,0.5018805955130481,0.00826086956521739,0.0008695652173913044
spambase,UCI id=94 via ucimlrepo,7,0.8,release_1,granular_ball,random_forest,4601,57,2,2,1150.0,1150.0,801,1499,0,0.0,0.0,5.97405853415713,5.97405853415713,0.87111465904444,0.87111465904444,0.8678455216503054,0.8743837964385746,0.5088402646502835,0.5057111848430471,0.01,0.0008695652173913044
spambase,UCI id=94 via ucimlrepo,7,0.8,release_1,matched_kmeans,logistic,4601,57,2,2,1150.0,1150.0,15,2285,0,0.0,0.0,7.938047606836019,7.938047606836019,0.8017505470459518,0.8017505470459518,0.7026258205689278,0.9008752735229759,0.5103058601134215,0.507851669483045,0.006956521739130435,0.0
spambase,UCI id=94 via ucimlrepo,7,0.8,release_1,matched_kmeans,random_forest,4601,57,2,2,1150.0,1150.0,15,2285,0,0.0,0.0,7.938047606836019,7.938047606836019,0.8017505470459518,0.8017505470459518,0.7026258205689278,0.9008752735229759,0.5097070888468809,0.5112033592058687,0.009130434782608696,0.0017391304347826088
spambase,UCI id=94 via ucimlrepo,7,0.8,release_2,granular_ball,logistic,4601,57,2,2,1150.0,1150.0,801,1499,0,0.0,0.0,5.97405853415713,5.97405853415713,0.87111465904444,0.87111465904444,0.8678455216503054,0.8743837964385746,0.495601134215501,0.4957947330079891,0.01,0.0017391304347826088
spambase,UCI id=94 via ucimlrepo,7,0.8,release_2,granular_ball,random_forest,4601,57,2,2,1150.0,1150.0,801,1499,0,0.0,0.0,5.97405853415713,5.97405853415713,0.87111465904444,0.87111465904444,0.8678455216503054,0.8743837964385746,0.504774763705104,0.5047540178576005,0.01,0.0004347826086956522
spambase,UCI id=94 via ucimlrepo,7,0.8,release_2,matched_kmeans,logistic,4601,57,2,2,1150.0,1150.0,15,2285,0,0.0,0.0,7.938047606836019,7.938047606836019,0.8017505470459518,0.8017505470459518,0.7026258205689278,0.9008752735229759,0.5037697542533082,0.5024188734744207,0.00608695652173913,0.0
spambase,UCI id=94 via ucimlrepo,7,0.8,release_2,matched_kmeans,random_forest,4601,57,2,2,1150.0,1150.0,15,2285,0,0.0,0.0,7.938047606836019,7.938047606836019,0.8017505470459518,0.8017505470459518,0.7026258205689278,0.9008752735229759,0.509837618147448,0.5126916347941639,0.01217391304347826,0.0004347826086956522
spambase,UCI id=94 via ucimlrepo,7,0.8,release_3,granular_ball,logistic,4601,57,2,2,1150.0,1150.0,801,1499,0,0.0,0.0,5.97405853415713,5.97405853415713,0.87111465904444,0.87111465904444,0.8678455216503054,0.8743837964385746,0.4956022684310019,0.4957555453951161,0.01,0.0017391304347826088
spambase,UCI id=94 via ucimlrepo,7,0.8,release_3,granular_ball,random_forest,4601,57,2,2,1150.0,1150.0,801,1499,0,0.0,0.0,5.97405853415713,5.97405853415713,0.87111465904444,0.87111465904444,0.8678455216503054,0.8743837964385746,0.5022021739130434,0.5025268316632092,0.00826086956521739,0.0008695652173913044
spambase,UCI id=94 via ucimlrepo,7,0.8,release_3,matched_kmeans,logistic,4601,57,2,2,1150.0,1150.0,15,2285,0,0.0,0.0,7.938047606836019,7.938047606836019,0.8017505470459518,0.8017505470459518,0.7026258205689278,0.9008752735229759,0.5036293005671078,0.5019921555674338,0.0052173913043478265,0.0
spambase,UCI id=94 via ucimlrepo,7,0.8,release_3,matched_kmeans,random_forest,4601,57,2,2,1150.0,1150.0,15,2285,0,0.0,0.0,7.938047606836019,7.938047606836019,0.8017505470459518,0.8017505470459518,0.7026258205689278,0.9008752735229759,0.510980718336484,0.5122833278665178,0.010434782608695653,0.0013043478260869566
spambase,UCI id=94 via ucimlrepo,7,0.9,release_1,granular_ball,logistic,4601,57,2,303,7.590759075907591,2.0,1,198,120,0.6732673267326733,0.8184818481848185,1.2980724082611157,0.682522006517285,0.9446909556140702,1.0,1.0,1.0,0.568090359168242,0.5628243228728111,0.006956521739130435,0.002173913043478261
spambase,UCI id=94 via ucimlrepo,7,0.9,release_1,granular_ball,random_forest,4601,57,2,303,7.590759075907591,2.0,1,198,120,0.6732673267326733,0.8184818481848185,1.2980724082611157,0.682522006517285,0.9446909556140702,1.0,1.0,1.0,0.5445690926275992,0.5726223821126857,0.06130434782608696,0.004782608695652174
spambase,UCI id=94 via ucimlrepo,7,0.9,release_1,matched_kmeans,logistic,4601,57,2,303,7.590759075907591,4.0,1,147,87,0.42244224422442245,0.6171617161716172,1.7803684994171967,2.1534671561567076,0.9494344419452407,1.0,1.0,1.0,0.6250120982986768,0.6055756358475786,0.04,0.011739130434782608
spambase,UCI id=94 via ucimlrepo,7,0.9,release_1,matched_kmeans,random_forest,4601,57,2,303,7.590759075907591,4.0,1,147,87,0.42244224422442245,0.6171617161716172,1.7803684994171967,2.1534671561567076,0.9494344419452407,1.0,1.0,1.0,0.6080210775047259,0.5934828761019625,0.03391304347826087,0.007391304347826087
spambase,UCI id=94 via ucimlrepo,7,0.9,release_2,granular_ball,logistic,4601,57,2,303,7.590759075907591,2.0,1,198,120,0.6732673267326733,0.8184818481848185,1.2980724082611157,0.682522006517285,0.9446909556140702,1.0,1.0,1.0,0.5676296786389414,0.5582409190063617,0.008695652173913044,0.0017391304347826088
spambase,UCI id=94 via ucimlrepo,7,0.9,release_2,granular_ball,random_forest,4601,57,2,303,7.590759075907591,2.0,1,198,120,0.6732673267326733,0.8184818481848185,1.2980724082611157,0.682522006517285,0.9446909556140702,1.0,1.0,1.0,0.589076370510397,0.6214233046458886,0.0817391304347826,0.014347826086956521
spambase,UCI id=94 via ucimlrepo,7,0.9,release_2,matched_kmeans,logistic,4601,57,2,303,7.590759075907591,4.0,1,147,87,0.42244224422442245,0.6171617161716172,1.7803684994171967,2.1534671561567076,0.9494344419452407,1.0,1.0,1.0,0.6410185255198488,0.614654143295104,0.029130434782608697,0.00826086956521739
spambase,UCI id=94 via ucimlrepo,7,0.9,release_2,matched_kmeans,random_forest,4601,57,2,303,7.590759075907591,4.0,1,147,87,0.42244224422442245,0.6171617161716172,1.7803684994171967,2.1534671561567076,0.9494344419452407,1.0,1.0,1.0,0.624345652173913,0.6164555216782421,0.04869565217391304,0.01565217391304348
spambase,UCI id=94 via ucimlrepo,7,0.9,release_3,granular_ball,logistic,4601,57,2,303,7.590759075907591,2.0,1,198,120,0.6732673267326733,0.8184818481848185,1.2980724082611157,0.682522006517285,0.9446909556140702,1.0,1.0,1.0,0.5642238185255198,0.5585209365946238,0.011739130434782608,0.002173913043478261
spambase,UCI id=94 via ucimlrepo,7,0.9,release_3,granular_ball,random_forest,4601,57,2,303,7.590759075907591,2.0,1,198,120,0.6732673267326733,0.8184818481848185,1.2980724082611157,0.682522006517285,0.9446909556140702,1.0,1.0,1.0,0.5932469754253308,0.627768698479199,0.09608695652173913,0.01652173913043478
spambase,UCI id=94 via ucimlrepo,7,0.9,release_3,matched_kmeans,logistic,4601,57,2,303,7.590759075907591,4.0,1,147,87,0.42244224422442245,0.6171617161716172,1.7803684994171967,2.1534671561567076,0.9494344419452407,1.0,1.0,1.0,0.6397506616257089,0.617744029642195,0.036521739130434785,0.00782608695652174
spambase,UCI id=94 via ucimlrepo,7,0.9,release_3,matched_kmeans,random_forest,4601,57,2,303,7.590759075907591,4.0,1,147,87,0.42244224422442245,0.6171617161716172,1.7803684994171967,2.1534671561567076,0.9494344419452407,1.0,1.0,1.0,0.6368652173913044,0.6274073835888515,0.06391304347826086,0.009565217391304347
spambase,UCI id=94 via ucimlrepo,7,0.95,release_1,granular_ball,logistic,4601,57,2,437,5.2631578947368425,2.0,1,198,179,0.6842105263157895,0.8466819221967964,1.156862411085591,0.6512254760520886,0.9450295623951729,1.0,1.0,1.0,0.6071323251417768,0.5962235033252586,0.00782608695652174,0.0034782608695652175
spambase,UCI id=94 via ucimlrepo,7,0.95,release_1,granular_ball,random_forest,4601,57,2,437,5.2631578947368425,2.0,1,198,179,0.6842105263157895,0.8466819221967964,1.156862411085591,0.6512254760520886,0.9450295623951729,1.0,1.0,1.0,0.5705375236294896,0.6053877619513358,0.08347826086956522,0.0034782608695652175
spambase,UCI id=94 via ucimlrepo,7,0.95,release_1,matched_kmeans,logistic,4601,57,2,437,5.2631578947368425,2.0,1,138,158,0.5148741418764302,0.7185354691075515,1.2851516181032168,1.3321335737135933,0.9629878134796448,1.0,1.0,1.0,0.668007561436673,0.6430468273189758,0.052608695652173916,0.011304347826086957
spambase,UCI id=94 via ucimlrepo,7,0.95,release_1,matched_kmeans,random_forest,4601,57,2,437,5.2631578947368425,2.0,1,138,158,0.5148741418764302,0.7185354691075515,1.2851516181032168,1.3321335737135933,0.9629878134796448,1.0,1.0,1.0,0.6675220226843099,0.6532688873950308,0.06173913043478261,0.03217391304347826
spambase,UCI id=94 via ucimlrepo,7,0.95,release_2,granular_ball,logistic,4601,57,2,437,5.2631578947368425,2.0,1,198,179,0.6842105263157895,0.8466819221967964,1.156862411085591,0.6512254760520886,0.9450295623951729,1.0,1.0,1.0,0.6127584120982987,0.5897100167221294,0.009565217391304347,0.0017391304347826088
spambase,UCI id=94 via ucimlrepo,7,0.95,release_2,granular_ball,random_forest,4601,57,2,437,5.2631578947368425,2.0,1,198,179,0.6842105263157895,0.8466819221967964,1.156862411085591,0.6512254760520886,0.9450295623951729,1.0,1.0,1.0,0.6458006616257089,0.6781799751227794,0.11739130434782609,0.01608695652173913
spambase,UCI id=94 via ucimlrepo,7,0.95,release_2,matched_kmeans,logistic,4601,57,2,437,5.2631578947368425,2.0,1,138,158,0.5148741418764302,0.7185354691075515,1.2851516181032168,1.3321335737135933,0.9629878134796448,1.0,1.0,1.0,0.6913009451795842,0.6621017847921145,0.04434782608695652,0.010869565217391304
spambase,UCI id=94 via ucimlrepo,7,0.95,release_2,matched_kmeans,random_forest,4601,57,2,437,5.2631578947368425,2.0,1,138,158,0.5148741418764302,0.7185354691075515,1.2851516181032168,1.3321335737135933,0.9629878134796448,1.0,1.0,1.0,0.6984031190926275,0.686497961066473,0.08,0.03
spambase,UCI id=94 via ucimlrepo,7,0.95,release_3,granular_ball,logistic,4601,57,2,437,5.2631578947368425,2.0,1,198,179,0.6842105263157895,0.8466819221967964,1.156862411085591,0.6512254760520886,0.9450295623951729,1.0,1.0,1.0,0.6069971644612476,0.5984533344572232,0.013478260869565217,0.0013043478260869566
spambase,UCI id=94 via ucimlrepo,7,0.95,release_3,granular_ball,random_forest,4601,57,2,437,5.2631578947368425,2.0,1,198,179,0.6842105263157895,0.8466819221967964,1.156862411085591,0.6512254760520886,0.9450295623951729,1.0,1.0,1.0,0.6603021739130435,0.6904741185489609,0.13043478260869565,0.0034782608695652175
spambase,UCI id=94 via ucimlrepo,7,0.95,release_3,matched_kmeans,logistic,4601,57,2,437,5.2631578947368425,2.0,1,138,158,0.5148741418764302,0.7185354691075515,1.2851516181032168,1.3321335737135933,0.9629878134796448,1.0,1.0,1.0,0.6897754253308128,0.6628089679845883,0.05521739130434783,0.009565217391304347
spambase,UCI id=94 via ucimlrepo,7,0.95,release_3,matched_kmeans,random_forest,4601,57,2,437,5.2631578947368425,2.0,1,138,158,0.5148741418764302,0.7185354691075515,1.2851516181032168,1.3321335737135933,0.9629878134796448,1.0,1.0,1.0,0.7086904536862003,0.6929195542044707,0.08826086956521739,0.01956521739130435
spambase,UCI id=94 via ucimlrepo,7,0.99,release_1,granular_ball,logistic,4601,57,2,493,4.665314401622718,2.0,1,198,201,0.6815415821501014,0.8498985801217038,1.1525594241050119,0.6538833094865786,0.9489471065333135,1.0,1.0,1.0,0.6215510396975426,0.6061779740047503,0.00826086956521739,0.00391304347826087
spambase,UCI id=94 via ucimlrepo,7,0.99,release_1,granular_ball,random_forest,4601,57,2,493,4.665314401622718,2.0,1,198,201,0.6815415821501014,0.8498985801217038,1.1525594241050119,0.6538833094865786,0.9489471065333135,1.0,1.0,1.0,0.5977736294896031,0.6274049467607762,0.08565217391304347,0.00826086956521739
spambase,UCI id=94 via ucimlrepo,7,0.99,release_1,matched_kmeans,logistic,4601,57,2,493,4.665314401622718,2.0,1,127,198,0.563894523326572,0.7505070993914807,1.112775566096915,0.765869636349545,0.9659445208520596,1.0,1.0,1.0,0.6817712665406427,0.6562625622269744,0.05304347826086957,0.010869565217391304
spambase,UCI id=94 via ucimlrepo,7,0.99,release_1,matched_kmeans,random_forest,4601,57,2,493,4.665314401622718,2.0,1,127,198,0.563894523326572,0.7505070993914807,1.112775566096915,0.765869636349545,0.9659445208520596,1.0,1.0,1.0,0.6740555765595463,0.6633697524982805,0.07434782608695652,0.012608695652173913
spambase,UCI id=94 via ucimlrepo,7,0.99,release_2,granular_ball,logistic,4601,57,2,493,4.665314401622718,2.0,1,198,201,0.6815415821501014,0.8498985801217038,1.1525594241050119,0.6538833094865786,0.9489471065333135,1.0,1.0,1.0,0.6304156899810964,0.5990112025777121,0.010434782608695653,0.0026086956521739132
spambase,UCI id=94 via ucimlrepo,7,0.99,release_2,granular_ball,random_forest,4601,57,2,493,4.665314401622718,2.0,1,198,201,0.6815415821501014,0.8498985801217038,1.1525594241050119,0.6538833094865786,0.9489471065333135,1.0,1.0,1.0,0.6742175803402647,0.7021187453914854,0.1282608695652174,0.01608695652173913
spambase,UCI id=94 via ucimlrepo,7,0.99,release_2,matched_kmeans,logistic,4601,57,2,493,4.665314401622718,2.0,1,127,198,0.563894523326572,0.7505070993914807,1.112775566096915,0.765869636349545,0.9659445208520596,1.0,1.0,1.0,0.7072213610586012,0.6733684938704974,0.041304347826086954,0.013043478260869565
spambase,UCI id=94 via ucimlrepo,7,0.99,release_2,matched_kmeans,random_forest,4601,57,2,493,4.665314401622718,2.0,1,127,198,0.563894523326572,0.7505070993914807,1.112775566096915,0.765869636349545,0.9659445208520596,1.0,1.0,1.0,0.7092442344045369,0.7008444514973463,0.09304347826086956,0.025217391304347827
spambase,UCI id=94 via ucimlrepo,7,0.99,release_3,granular_ball,logistic,4601,57,2,493,4.665314401622718,2.0,1,198,201,0.6815415821501014,0.8498985801217038,1.1525594241050119,0.6538833094865786,0.9489471065333135,1.0,1.0,1.0,0.6283786389413988,0.6151130079072656,0.01652173913043478,0.002173913043478261
spambase,UCI id=94 via ucimlrepo,7,0.99,release_3,granular_ball,random_forest,4601,57,2,493,4.665314401622718,2.0,1,198,201,0.6815415821501014,0.8498985801217038,1.1525594241050119,0.6538833094865786,0.9489471065333135,1.0,1.0,1.0,0.690758695652174,0.7145056899127793,0.13130434782608696,0.021304347826086957
spambase,UCI id=94 via ucimlrepo,7,0.99,release_3,matched_kmeans,logistic,4601,57,2,493,4.665314401622718,2.0,1,127,198,0.563894523326572,0.7505070993914807,1.112775566096915,0.765869636349545,0.9659445208520596,1.0,1.0,1.0,0.7060446124763704,0.6774717063016498,0.05782608695652174,0.01391304347826087
spambase,UCI id=94 via ucimlrepo,7,0.99,release_3,matched_kmeans,random_forest,4601,57,2,493,4.665314401622718,2.0,1,127,198,0.563894523326572,0.7505070993914807,1.112775566096915,0.765869636349545,0.9659445208520596,1.0,1.0,1.0,0.7270717391304349,0.7116942119369568,0.1082608695652174,0.017391304347826087
spambase,UCI id=94 via ucimlrepo,21,0.7,release_1,granular_ball,logistic,4601,57,2,5,460.0,270.0,12,1460,0,0.0,0.0,5.6564722868918444,6.479849388121423,0.9279096340348787,0.9814814814814815,0.9313543599257885,1.0,0.5010501890359168,0.507953784765387,0.009130434782608696,0.0034782608695652175
spambase,UCI id=94 via ucimlrepo,21,0.7,release_1,granular_ball,random_forest,4601,57,2,5,460.0,270.0,12,1460,0,0.0,0.0,5.6564722868918444,6.479849388121423,0.9279096340348787,0.9814814814814815,0.9313543599257885,1.0,0.5010897920604915,0.4913254294751895,0.00782608695652174,0.0008695652173913044
spambase,UCI id=94 via ucimlrepo,21,0.7,release_1,matched_kmeans,logistic,4601,57,2,5,460.0,129.0,6,1291,0,0.0,0.0,7.502014923498285,8.661388661345386,0.9310219227928593,0.9767441860465116,0.9085979860573199,1.0,0.505412381852552,0.5001707319474441,0.009565217391304347,0.0013043478260869566
spambase,UCI id=94 via ucimlrepo,21,0.7,release_1,matched_kmeans,random_forest,4601,57,2,5,460.0,129.0,6,1291,0,0.0,0.0,7.502014923498285,8.661388661345386,0.9310219227928593,0.9767441860465116,0.9085979860573199,1.0,0.5018375236294895,0.5009270415756494,0.008695652173913044,0.0
spambase,UCI id=94 via ucimlrepo,21,0.7,release_2,granular_ball,logistic,4601,57,2,5,460.0,270.0,12,1460,0,0.0,0.0,5.6564722868918444,6.479849388121423,0.9279096340348787,0.9814814814814815,0.9313543599257885,1.0,0.4964923440453686,0.49964116490524574,0.009130434782608696,0.0004347826086956522
spambase,UCI id=94 via ucimlrepo,21,0.7,release_2,granular_ball,random_forest,4601,57,2,5,460.0,270.0,12,1460,0,0.0,0.0,5.6564722868918444,6.479849388121423,0.9279096340348787,0.9814814814814815,0.9313543599257885,1.0,0.496723629489603,0.4903724152904948,0.006521739130434782,0.0008695652173913044
spambase,UCI id=94 via ucimlrepo,21,0.7,release_2,matched_kmeans,logistic,4601,57,2,5,460.0,129.0,6,1291,0,0.0,0.0,7.502014923498285,8.661388661345386,0.9310219227928593,0.9767441860465116,0.9085979860573199,1.0,0.5039084120982986,0.4991853940046824,0.009565217391304347,0.0008695652173913044
spambase,UCI id=94 via ucimlrepo,21,0.7,release_2,matched_kmeans,random_forest,4601,57,2,5,460.0,129.0,6,1291,0,0.0,0.0,7.502014923498285,8.661388661345386,0.9310219227928593,0.9767441860465116,0.9085979860573199,1.0,0.49058034026465025,0.4895647348722965,0.007391304347826087,0.0004347826086956522
spambase,UCI id=94 via ucimlrepo,21,0.7,release_3,granular_ball,logistic,4601,57,2,5,460.0,270.0,12,1460,0,0.0,0.0,5.6564722868918444,6.479849388121423,0.9279096340348787,0.9814814814814815,0.9313543599257885,1.0,0.49240349716446125,0.49551985039594726,0.008695652173913044,0.0
spambase,UCI id=94 via ucimlrepo,21,0.7,release_3,granular_ball,random_forest,4601,57,2,5,460.0,270.0,12,1460,0,0.0,0.0,5.6564722868918444,6.479849388121423,0.9279096340348787,0.9814814814814815,0.9313543599257885,1.0,0.4944047258979206,0.4902084957779484,0.01,0.0017391304347826088
spambase,UCI id=94 via ucimlrepo,21,0.7,release_3,matched_kmeans,logistic,4601,57,2,5,460.0,129.0,6,1291,0,0.0,0.0,7.502014923498285,8.661388661345386,0.9310219227928593,0.9767441860465116,0.9085979860573199,1.0,0.4969012287334594,0.4986821099485526,0.011739130434782608,0.0
spambase,UCI id=94 via ucimlrepo,21,0.7,release_3,matched_kmeans,random_forest,4601,57,2,5,460.0,129.0,6,1291,0,0.0,0.0,7.502014923498285,8.661388661345386,0.9310219227928593,0.9767441860465116,0.9085979860573199,1.0,0.4932947069943289,0.49279927506177196,0.006956521739130435,0.0004347826086956522
spambase,UCI id=94 via ucimlrepo,21,0.8,release_1,granular_ball,logistic,4601,57,2,68,33.8235294117647,3.0,1,682,20,0.4264705882352941,0.5735294117647058,2.0331192551949933,1.9115641371368697,0.9263947772180776,1.0,0.8872549019607843,1.0,0.509499527410208,0.5123517412686649,0.010869565217391304,0.0004347826086956522
spambase,UCI id=94 via ucimlrepo,21,0.8,release_1,granular_ball,random_forest,4601,57,2,68,33.8235294117647,3.0,1,682,20,0.4264705882352941,0.5735294117647058,2.0331192551949933,1.9115641371368697,0.9263947772180776,1.0,0.8872549019607843,1.0,0.5033182419659735,0.5021591477936942,0.014347826086956521,0.0008695652173913044
spambase,UCI id=94 via ucimlrepo,21,0.8,release_1,matched_kmeans,logistic,4601,57,2,68,33.8235294117647,13.5,1,494,5,0.16176470588235295,0.2647058823529412,4.460462869391794,4.6484780849673415,0.9029550725270948,1.0,0.8216216216216217,1.0,0.5202229678638941,0.5143492354119231,0.010434782608695653,0.0017391304347826088
spambase,UCI id=94 via ucimlrepo,21,0.8,release_1,matched_kmeans,random_forest,4601,57,2,68,33.8235294117647,13.5,1,494,5,0.16176470588235295,0.2647058823529412,4.460462869391794,4.6484780849673415,0.9029550725270948,1.0,0.8216216216216217,1.0,0.5168697542533081,0.5123969612432288,0.01217391304347826,0.0004347826086956522
spambase,UCI id=94 via ucimlrepo,21,0.8,release_2,granular_ball,logistic,4601,57,2,68,33.8235294117647,3.0,1,682,20,0.4264705882352941,0.5735294117647058,2.0331192551949933,1.9115641371368697,0.9263947772180776,1.0,0.8872549019607843,1.0,0.5067658790170132,0.5043182311551964,0.01,0.0004347826086956522
spambase,UCI id=94 via ucimlrepo,21,0.8,release_2,granular_ball,random_forest,4601,57,2,68,33.8235294117647,3.0,1,682,20,0.4264705882352941,0.5735294117647058,2.0331192551949933,1.9115641371368697,0.9263947772180776,1.0,0.8872549019607843,1.0,0.5162051984877127,0.5178190701529837,0.018695652173913044,0.002173913043478261
spambase,UCI id=94 via ucimlrepo,21,0.8,release_2,matched_kmeans,logistic,4601,57,2,68,33.8235294117647,13.5,1,494,5,0.16176470588235295,0.2647058823529412,4.460462869391794,4.6484780849673415,0.9029550725270948,1.0,0.8216216216216217,1.0,0.5247046313799621,0.5173812567896369,0.01565217391304348,0.0004347826086956522
spambase,UCI id=94 via ucimlrepo,21,0.8,release_2,matched_kmeans,random_forest,4601,57,2,68,33.8235294117647,13.5,1,494,5,0.16176470588235295,0.2647058823529412,4.460462869391794,4.6484780849673415,0.9029550725270948,1.0,0.8216216216216217,1.0,0.525132325141777,0.515331335343589,0.01391304347826087,0.0004347826086956522
spambase,UCI id=94 via ucimlrepo,21,0.8,release_3,granular_ball,logistic,4601,57,2,68,33.8235294117647,3.0,1,682,20,0.4264705882352941,0.5735294117647058,2.0331192551949933,1.9115641371368697,0.9263947772180776,1.0,0.8872549019607843,1.0,0.5096963137996219,0.5117019639954146,0.012608695652173913,0.0004347826086956522
spambase,UCI id=94 via ucimlrepo,21,0.8,release_3,granular_ball,random_forest,4601,57,2,68,33.8235294117647,3.0,1,682,20,0.4264705882352941,0.5735294117647058,2.0331192551949933,1.9115641371368697,0.9263947772180776,1.0,0.8872549019607843,1.0,0.5217271266540643,0.5205007253608953,0.017391304347826087,0.0026086956521739132
spambase,UCI id=94 via ucimlrepo,21,0.8,release_3,matched_kmeans,logistic,4601,57,2,68,33.8235294117647,13.5,1,494,5,0.16176470588235295,0.2647058823529412,4.460462869391794,4.6484780849673415,0.9029550725270948,1.0,0.8216216216216217,1.0,0.5172288279773157,0.512573540138594,0.011739130434782608,0.0
spambase,UCI id=94 via ucimlrepo,21,0.8,release_3,matched_kmeans,random_forest,4601,57,2,68,33.8235294117647,13.5,1,494,5,0.16176470588235295,0.2647058823529412,4.460462869391794,4.6484780849673415,0.9029550725270948,1.0,0.8216216216216217,1.0,0.529018809073724,0.5156584970001258,0.011739130434782608,0.002173913043478261
spambase,UCI id=94 via ucimlrepo,21,0.9,release_1,granular_ball,logistic,4601,57,2,310,7.419354838709677,2.0,1,539,127,0.6290322580645161,0.8225806451612904,1.2340770926823967,0.8846851507477657,0.945189633161927,1.0,1.0,1.0,0.5554868620037807,0.5592929688943367,0.011739130434782608,0.0004347826086956522
spambase,UCI id=94 via ucimlrepo,21,0.9,release_1,granular_ball,random_forest,4601,57,2,310,7.419354838709677,2.0,1,539,127,0.6290322580645161,0.8225806451612904,1.2340770926823967,0.8846851507477657,0.945189633161927,1.0,1.0,1.0,0.5402622873345935,0.5618399098844702,0.050434782608695654,0.007391304347826087
spambase,UCI id=94 via ucimlrepo,21,0.9,release_1,matched_kmeans,logistic,4601,57,2,310,7.419354838709677,3.0,1,129,92,0.4161290322580645,0.6387096774193548,1.7904197190314328,2.1638521906615127,0.9465456453420771,1.0,1.0,1.0,0.6270522684310019,0.606669657482101,0.020869565217391306,0.0052173913043478265
spambase,UCI id=94 via ucimlrepo,21,0.9,release_1,matched_kmeans,random_forest,4601,57,2,310,7.419354838709677,3.0,1,129,92,0.4161290322580645,0.6387096774193548,1.7904197190314328,2.1638521906615127,0.9465456453420771,1.0,1.0,1.0,0.6168558601134215,0.5876688016120822,0.026521739130434784,0.0034782608695652175
spambase,UCI id=94 via ucimlrepo,21,0.9,release_2,granular_ball,logistic,4601,57,2,310,7.419354838709677,2.0,1,539,127,0.6290322580645161,0.8225806451612904,1.2340770926823967,0.8846851507477657,0.945189633161927,1.0,1.0,1.0,0.5480549149338374,0.5538304940280722,0.014347826086956521,0.0004347826086956522
spambase,UCI id=94 via ucimlrepo,21,0.9,release_2,granular_ball,random_forest,4601,57,2,310,7.419354838709677,2.0,1,539,127,0.6290322580645161,0.8225806451612904,1.2340770926823967,0.8846851507477657,0.945189633161927,1.0,1.0,1.0,0.5978513232514178,0.6147848030551167,0.06913043478260869,0.021304347826086957
spambase,UCI id=94 via ucimlrepo,21,0.9,release_2,matched_kmeans,logistic,4601,57,2,310,7.419354838709677,3.0,1,129,92,0.4161290322580645,0.6387096774193548,1.7904197190314328,2.1638521906615127,0.9465456453420771,1.0,1.0,1.0,0.6537810018903591,0.6255893455273341,0.01956521739130435,0.005652173913043478
spambase,UCI id=94 via ucimlrepo,21,0.9,release_2,matched_kmeans,random_forest,4601,57,2,310,7.419354838709677,3.0,1,129,92,0.4161290322580645,0.6387096774193548,1.7904197190314328,2.1638521906615127,0.9465456453420771,1.0,1.0,1.0,0.640337145557656,0.6120292960354756,0.03173913043478261,0.00608695652173913
spambase,UCI id=94 via ucimlrepo,21,0.9,release_3,granular_ball,logistic,4601,57,2,310,7.419354838709677,2.0,1,539,127,0.6290322580645161,0.8225806451612904,1.2340770926823967,0.8846851507477657,0.945189633161927,1.0,1.0,1.0,0.536548865784499,0.5523344654409024,0.013043478260869565,0.0004347826086956522
spambase,UCI id=94 via ucimlrepo,21,0.9,release_3,granular_ball,random_forest,4601,57,2,310,7.419354838709677,2.0,1,539,127,0.6290322580645161,0.8225806451612904,1.2340770926823967,0.8846851507477657,0.945189633161927,1.0,1.0,1.0,0.6041980151228733,0.6229199367871998,0.07434782608695652,0.03217391304347826
spambase,UCI id=94 via ucimlrepo,21,0.9,release_3,matched_kmeans,logistic,4601,57,2,310,7.419354838709677,3.0,1,129,92,0.4161290322580645,0.6387096774193548,1.7904197190314328,2.1638521906615127,0.9465456453420771,1.0,1.0,1.0,0.6524104914933837,0.6269433527108275,0.022608695652173914,0.006956521739130435
spambase,UCI id=94 via ucimlrepo,21,0.9,release_3,matched_kmeans,random_forest,4601,57,2,310,7.419354838709677,3.0,1,129,92,0.4161290322580645,0.6387096774193548,1.7904197190314328,2.1638521906615127,0.9465456453420771,1.0,1.0,1.0,0.6447113421550095,0.6131276360575246,0.03304347826086956,0.00391304347826087
spambase,UCI id=94 via ucimlrepo,21,0.95,release_1,granular_ball,logistic,4601,57,2,425,5.411764705882353,2.0,1,295,178,0.6635294117647059,0.8635294117647059,1.1872535926100696,0.7477371725321595,0.9489923720814616,1.0,1.0,1.0,0.5944670132325142,0.5900262254469364,0.01391304347826087,0.0004347826086956522
spambase,UCI id=94 via ucimlrepo,21,0.95,release_1,granular_ball,random_forest,4601,57,2,425,5.411764705882353,2.0,1,295,178,0.6635294117647059,0.8635294117647059,1.1872535926100696,0.7477371725321595,0.9489923720814616,1.0,1.0,1.0,0.611814461247637,0.6261730940789116,0.07217391304347825,0.004782608695652174
spambase,UCI id=94 via ucimlrepo,21,0.95,release_1,matched_kmeans,logistic,4601,57,2,425,5.411764705882353,2.0,1,100,154,0.5011764705882353,0.7129411764705882,1.3239479831877938,1.3439973771489144,0.9573143743993128,1.0,1.0,1.0,0.6580312854442344,0.63460982201482,0.021739130434782608,0.005652173913043478
spambase,UCI id=94 via ucimlrepo,21,0.95,release_1,matched_kmeans,random_forest,4601,57,2,425,5.411764705882353,2.0,1,100,154,0.5011764705882353,0.7129411764705882,1.3239479831877938,1.3439973771489144,0.9573143743993128,1.0,1.0,1.0,0.6518460302457467,0.6329605821198755,0.05478260869565217,0.013043478260869565
spambase,UCI id=94 via ucimlrepo,21,0.95,release_2,granular_ball,logistic,4601,57,2,425,5.411764705882353,2.0,1,295,178,0.6635294117647059,0.8635294117647059,1.1872535926100696,0.7477371725321595,0.9489923720814616,1.0,1.0,1.0,0.5947681474480151,0.5900459303791687,0.01391304347826087,0.0004347826086956522
spambase,UCI id=94 via ucimlrepo,21,0.95,release_2,granular_ball,random_forest,4601,57,2,425,5.411764705882353,2.0,1,295,178,0.6635294117647059,0.8635294117647059,1.1872535926100696,0.7477371725321595,0.9489923720814616,1.0,1.0,1.0,0.64711190926276,0.6673558783331541,0.09521739130434782,0.011304347826086957
spambase,UCI id=94 via ucimlrepo,21,0.95,release_2,matched_kmeans,logistic,4601,57,2,425,5.411764705882353,2.0,1,100,154,0.5011764705882353,0.7129411764705882,1.3239479831877938,1.3439973771489144,0.9573143743993128,1.0,1.0,1.0,0.6940881852551984,0.6621132100611808,0.021304347826086957,0.0052173913043478265
spambase,UCI id=94 via ucimlrepo,21,0.95,release_2,matched_kmeans,random_forest,4601,57,2,425,5.411764705882353,2.0,1,100,154,0.5011764705882353,0.7129411764705882,1.3239479831877938,1.3439973771489144,0.9573143743993128,1.0,1.0,1.0,0.6799955576559547,0.6591987336170686,0.06695652173913043,0.012608695652173913
spambase,UCI id=94 via ucimlrepo,21,0.95,release_3,granular_ball,logistic,4601,57,2,425,5.411764705882353,2.0,1,295,178,0.6635294117647059,0.8635294117647059,1.1872535926100696,0.7477371725321595,0.9489923720814616,1.0,1.0,1.0,0.5832367674858223,0.5969196789947551,0.014782608695652174,0.0004347826086956522
spambase,UCI id=94 via ucimlrepo,21,0.95,release_3,granular_ball,random_forest,4601,57,2,425,5.411764705882353,2.0,1,295,178,0.6635294117647059,0.8635294117647059,1.1872535926100696,0.7477371725321595,0.9489923720814616,1.0,1.0,1.0,0.6515540642722117,0.6753686189575866,0.1082608695652174,0.02043478260869565
spambase,UCI id=94 via ucimlrepo,21,0.95,release_3,matched_kmeans,logistic,4601,57,2,425,5.411764705882353,2.0,1,100,154,0.5011764705882353,0.7129411764705882,1.3239479831877938,1.3439973771489144,0.9573143743993128,1.0,1.0,1.0,0.6931670132325141,0.6648022397039645,0.026521739130434784,0.005652173913043478
spambase,UCI id=94 via ucimlrepo,21,0.95,release_3,matched_kmeans,random_forest,4601,57,2,425,5.411764705882353,2.0,1,100,154,0.5011764705882353,0.7129411764705882,1.3239479831877938,1.3439973771489144,0.9573143743993128,1.0,1.0,1.0,0.6881756143667297,0.6672196803014805,0.07347826086956522,0.013043478260869565
spambase,UCI id=94 via ucimlrepo,21,0.99,release_1,granular_ball,logistic,4601,57,2,547,4.204753199268739,2.0,1,112,215,0.6361974405850092,0.8372943327239488,1.366340279780896,0.9634770576024867,0.9535770801203259,1.0,1.0,1.0,0.649583270321361,0.627844252036983,0.01608695652173913,0.0026086956521739132
spambase,UCI id=94 via ucimlrepo,21,0.99,release_1,granular_ball,random_forest,4601,57,2,547,4.204753199268739,2.0,1,112,215,0.6361974405850092,0.8372943327239488,1.366340279780896,0.9634770576024867,0.9535770801203259,1.0,1.0,1.0,0.6406136105860114,0.6498246174372022,0.08304347826086957,0.002173913043478261
spambase,UCI id=94 via ucimlrepo,21,0.99,release_1,matched_kmeans,logistic,4601,57,2,547,4.204753199268739,2.0,1,87,242,0.5978062157221207,0.7751371115173674,0.9894736975439161,0.3036124246362542,0.9650823436844309,1.0,1.0,1.0,0.6948613421550095,0.664373109004675,0.020869565217391306,0.005652173913043478
spambase,UCI id=94 via ucimlrepo,21,0.99,release_1,matched_kmeans,random_forest,4601,57,2,547,4.204753199268739,2.0,1,87,242,0.5978062157221207,0.7751371115173674,0.9894736975439161,0.3036124246362542,0.9650823436844309,1.0,1.0,1.0,0.6952635160680529,0.6761028439036266,0.06478260869565218,0.018695652173913044
spambase,UCI id=94 via ucimlrepo,21,0.99,release_2,granular_ball,logistic,4601,57,2,547,4.204753199268739,2.0,1,112,215,0.6361974405850092,0.8372943327239488,1.366340279780896,0.9634770576024867,0.9535770801203259,1.0,1.0,1.0,0.6700322306238186,0.6251926331029377,0.016956521739130436,0.0017391304347826088
spambase,UCI id=94 via ucimlrepo,21,0.99,release_2,granular_ball,random_forest,4601,57,2,547,4.204753199268739,2.0,1,112,215,0.6361974405850092,0.8372943327239488,1.366340279780896,0.9634770576024867,0.9535770801203259,1.0,1.0,1.0,0.6991450850661627,0.7102174693122764,0.12521739130434784,0.01217391304347826
spambase,UCI id=94 via ucimlrepo,21,0.99,release_2,matched_kmeans,logistic,4601,57,2,547,4.204753199268739,2.0,1,87,242,0.5978062157221207,0.7751371115173674,0.9894736975439161,0.3036124246362542,0.9650823436844309,1.0,1.0,1.0,0.732398393194707,0.6926307018815334,0.02043478260869565,0.009565217391304347
spambase,UCI id=94 via ucimlrepo,21,0.99,release_2,matched_kmeans,random_forest,4601,57,2,547,4.204753199268739,2.0,1,87,242,0.5978062157221207,0.7751371115173674,0.9894736975439161,0.3036124246362542,0.9650823436844309,1.0,1.0,1.0,0.7351120037807183,0.7192349635744058,0.09391304347826086,0.026521739130434784
spambase,UCI id=94 via ucimlrepo,21,0.99,release_3,granular_ball,logistic,4601,57,2,547,4.204753199268739,2.0,1,112,215,0.6361974405850092,0.8372943327239488,1.366340279780896,0.9634770576024867,0.9535770801203259,1.0,1.0,1.0,0.6667093572778828,0.6443297555480372,0.01956521739130435,0.0013043478260869566
spambase,UCI id=94 via ucimlrepo,21,0.99,release_3,granular_ball,random_forest,4601,57,2,547,4.204753199268739,2.0,1,112,215,0.6361974405850092,0.8372943327239488,1.366340279780896,0.9634770576024867,0.9535770801203259,1.0,1.0,1.0,0.7101364839319472,0.7232507280611401,0.13521739130434782,0.03173913043478261
spambase,UCI id=94 via ucimlrepo,21,0.99,release_3,matched_kmeans,logistic,4601,57,2,547,4.204753199268739,2.0,1,87,242,0.5978062157221207,0.7751371115173674,0.9894736975439161,0.3036124246362542,0.9650823436844309,1.0,1.0,1.0,0.7306403591682419,0.7031482027639726,0.035652173913043476,0.00826086956521739
spambase,UCI id=94 via ucimlrepo,21,0.99,release_3,matched_kmeans,random_forest,4601,57,2,547,4.204753199268739,2.0,1,87,242,0.5978062157221207,0.7751371115173674,0.9894736975439161,0.3036124246362542,0.9650823436844309,1.0,1.0,1.0,0.7477741020793952,0.7295859027722216,0.1117391304347826,0.02043478260869565
spambase,UCI id=94 via ucimlrepo,42,0.7,release_1,granular_ball,logistic,4601,57,2,2,1150.0,1150.0,700,1600,0,0.0,0.0,6.072873320705632,6.072873320705632,0.8688839285714285,0.8688839285714285,0.8497544642857142,0.8880133928571429,0.4800817580340265,0.4828091959401536,0.006956521739130435,0.0
spambase,UCI id=94 via ucimlrepo,42,0.7,release_1,granular_ball,random_forest,4601,57,2,2,1150.0,1150.0,700,1600,0,0.0,0.0,6.072873320705632,6.072873320705632,0.8688839285714285,0.8688839285714285,0.8497544642857142,0.8880133928571429,0.49534697542533085,0.4986205267474971,0.011304347826086957,0.0034782608695652175
spambase,UCI id=94 via ucimlrepo,42,0.7,release_1,matched_kmeans,logistic,4601,57,2,2,1150.0,1150.0,674,1626,0,0.0,0.0,6.092572143398231,6.092572143398231,0.8636000306590603,0.8636000306590603,0.8413941112704896,0.8858059500476311,0.4801942344045369,0.4828083495941914,0.006956521739130435,0.0
spambase,UCI id=94 via ucimlrepo,42,0.7,release_1,matched_kmeans,random_forest,4601,57,2,2,1150.0,1150.0,674,1626,0,0.0,0.0,6.092572143398231,6.092572143398231,0.8636000306590603,0.8636000306590603,0.8413941112704896,0.8858059500476311,0.49663090737240073,0.5034557956348561,0.011739130434782608,0.003043478260869565
spambase,UCI id=94 via ucimlrepo,42,0.7,release_2,granular_ball,logistic,4601,57,2,2,1150.0,1150.0,700,1600,0,0.0,0.0,6.072873320705632,6.072873320705632,0.8688839285714285,0.8688839285714285,0.8497544642857142,0.8880133928571429,0.5033804347826086,0.5036827963322552,0.01217391304347826,0.0013043478260869566
spambase,UCI id=94 via ucimlrepo,42,0.7,release_2,granular_ball,random_forest,4601,57,2,2,1150.0,1150.0,700,1600,0,0.0,0.0,6.072873320705632,6.072873320705632,0.8688839285714285,0.8688839285714285,0.8497544642857142,0.8880133928571429,0.5051163516068053,0.5062523820055809,0.01391304347826087,0.0008695652173913044
spambase,UCI id=94 via ucimlrepo,42,0.7,release_2,matched_kmeans,logistic,4601,57,2,2,1150.0,1150.0,674,1626,0,0.0,0.0,6.092572143398231,6.092572143398231,0.8636000306590603,0.8636000306590603,0.8413941112704896,0.8858059500476311,0.504037145557656,0.50254440024096,0.009130434782608696,0.0004347826086956522
spambase,UCI id=94 via ucimlrepo,42,0.7,release_2,matched_kmeans,random_forest,4601,57,2,2,1150.0,1150.0,674,1626,0,0.0,0.0,6.092572143398231,6.092572143398231,0.8636000306590603,0.8636000306590603,0.8413941112704896,0.8858059500476311,0.5009404536862003,0.5030011681149422,0.013043478260869565,0.0008695652173913044
spambase,UCI id=94 via ucimlrepo,42,0.7,release_3,granular_ball,logistic,4601,57,2,2,1150.0,1150.0,700,1600,0,0.0,0.0,6.072873320705632,6.072873320705632,0.8688839285714285,0.8688839285714285,0.8497544642857142,0.8880133928571429,0.5034687145557656,0.503772938827478,0.01217391304347826,0.0013043478260869566
spambase,UCI id=94 via ucimlrepo,42,0.7,release_3,granular_ball,random_forest,4601,57,2,2,1150.0,1150.0,700,1600,0,0.0,0.0,6.072873320705632,6.072873320705632,0.8688839285714285,0.8688839285714285,0.8497544642857142,0.8880133928571429,0.5060960302457467,0.5089466988886504,0.014782608695652174,0.0008695652173913044
spambase,UCI id=94 via ucimlrepo,42,0.7,release_3,matched_kmeans,logistic,4601,57,2,2,1150.0,1150.0,674,1626,0,0.0,0.0,6.092572143398231,6.092572143398231,0.8636000306590603,0.8636000306590603,0.8413941112704896,0.8858059500476311,0.503954347826087,0.5024740380646562,0.01,0.0004347826086956522
spambase,UCI id=94 via ucimlrepo,42,0.7,release_3,matched_kmeans,random_forest,4601,57,2,2,1150.0,1150.0,674,1626,0,0.0,0.0,6.092572143398231,6.092572143398231,0.8636000306590603,0.8636000306590603,0.8413941112704896,0.8858059500476311,0.502900472589792,0.5042042439030954,0.008695652173913044,0.0026086956521739132
spambase,UCI id=94 via ucimlrepo,42,0.8,release_1,granular_ball,logistic,4601,57,2,2,1150.0,1150.0,700,1600,0,0.0,0.0,6.072873320705632,6.072873320705632,0.8688839285714285,0.8688839285714285,0.8497544642857142,0.8880133928571429,0.4800817580340265,0.4828091959401536,0.006956521739130435,0.0
spambase,UCI id=94 via ucimlrepo,42,0.8,release_1,granular_ball,random_forest,4601,57,2,2,1150.0,1150.0,700,1600,0,0.0,0.0,6.072873320705632,6.072873320705632,0.8688839285714285,0.8688839285714285,0.8497544642857142,0.8880133928571429,0.49534697542533085,0.4986205267474971,0.011304347826086957,0.0034782608695652175
spambase,UCI id=94 via ucimlrepo,42,0.8,release_1,matched_kmeans,logistic,4601,57,2,2,1150.0,1150.0,674,1626,0,0.0,0.0,6.092572143398231,6.092572143398231,0.8636000306590603,0.8636000306590603,0.8413941112704896,0.8858059500476311,0.4801942344045369,0.4828083495941914,0.006956521739130435,0.0
spambase,UCI id=94 via ucimlrepo,42,0.8,release_1,matched_kmeans,random_forest,4601,57,2,2,1150.0,1150.0,674,1626,0,0.0,0.0,6.092572143398231,6.092572143398231,0.8636000306590603,0.8636000306590603,0.8413941112704896,0.8858059500476311,0.49663090737240073,0.5034557956348561,0.011739130434782608,0.003043478260869565
spambase,UCI id=94 via ucimlrepo,42,0.8,release_2,granular_ball,logistic,4601,57,2,2,1150.0,1150.0,700,1600,0,0.0,0.0,6.072873320705632,6.072873320705632,0.8688839285714285,0.8688839285714285,0.8497544642857142,0.8880133928571429,0.5033804347826086,0.5036827963322552,0.01217391304347826,0.0013043478260869566
spambase,UCI id=94 via ucimlrepo,42,0.8,release_2,granular_ball,random_forest,4601,57,2,2,1150.0,1150.0,700,1600,0,0.0,0.0,6.072873320705632,6.072873320705632,0.8688839285714285,0.8688839285714285,0.8497544642857142,0.8880133928571429,0.5051163516068053,0.5062523820055809,0.01391304347826087,0.0008695652173913044
spambase,UCI id=94 via ucimlrepo,42,0.8,release_2,matched_kmeans,logistic,4601,57,2,2,1150.0,1150.0,674,1626,0,0.0,0.0,6.092572143398231,6.092572143398231,0.8636000306590603,0.8636000306590603,0.8413941112704896,0.8858059500476311,0.504037145557656,0.50254440024096,0.009130434782608696,0.0004347826086956522
spambase,UCI id=94 via ucimlrepo,42,0.8,release_2,matched_kmeans,random_forest,4601,57,2,2,1150.0,1150.0,674,1626,0,0.0,0.0,6.092572143398231,6.092572143398231,0.8636000306590603,0.8636000306590603,0.8413941112704896,0.8858059500476311,0.5009404536862003,0.5030011681149422,0.013043478260869565,0.0008695652173913044
spambase,UCI id=94 via ucimlrepo,42,0.8,release_3,granular_ball,logistic,4601,57,2,2,1150.0,1150.0,700,1600,0,0.0,0.0,6.072873320705632,6.072873320705632,0.8688839285714285,0.8688839285714285,0.8497544642857142,0.8880133928571429,0.5034687145557656,0.503772938827478,0.01217391304347826,0.0013043478260869566
spambase,UCI id=94 via ucimlrepo,42,0.8,release_3,granular_ball,random_forest,4601,57,2,2,1150.0,1150.0,700,1600,0,0.0,0.0,6.072873320705632,6.072873320705632,0.8688839285714285,0.8688839285714285,0.8497544642857142,0.8880133928571429,0.5060960302457467,0.5089466988886504,0.014782608695652174,0.0008695652173913044
spambase,UCI id=94 via ucimlrepo,42,0.8,release_3,matched_kmeans,logistic,4601,57,2,2,1150.0,1150.0,674,1626,0,0.0,0.0,6.092572143398231,6.092572143398231,0.8636000306590603,0.8636000306590603,0.8413941112704896,0.8858059500476311,0.503954347826087,0.5024740380646562,0.01,0.0004347826086956522
spambase,UCI id=94 via ucimlrepo,42,0.8,release_3,matched_kmeans,random_forest,4601,57,2,2,1150.0,1150.0,674,1626,0,0.0,0.0,6.092572143398231,6.092572143398231,0.8636000306590603,0.8636000306590603,0.8413941112704896,0.8858059500476311,0.502900472589792,0.5042042439030954,0.008695652173913044,0.0026086956521739132
spambase,UCI id=94 via ucimlrepo,42,0.9,release_1,granular_ball,logistic,4601,57,2,270,8.518518518518519,2.0,1,700,119,0.7037037037037037,0.8481481481481481,1.0128760455239478,0.5781131071484408,0.9337986836711377,1.0,1.0,1.0,0.5485934782608696,0.559626108006021,0.014782608695652174,0.002173913043478261
spambase,UCI id=94 via ucimlrepo,42,0.9,release_1,granular_ball,random_forest,4601,57,2,270,8.518518518518519,2.0,1,700,119,0.7037037037037037,0.8481481481481481,1.0128760455239478,0.5781131071484408,0.9337986836711377,1.0,1.0,1.0,0.5680463137996219,0.5951124902724825,0.06173913043478261,0.01565217391304348
spambase,UCI id=94 via ucimlrepo,42,0.9,release_1,matched_kmeans,logistic,4601,57,2,270,8.518518518518519,4.0,1,149,59,0.36666666666666664,0.5740740740740741,1.980385041311219,2.494709772213538,0.9424765060596213,1.0,0.9829545454545454,1.0,0.6183112476370511,0.5978945360447212,0.029130434782608697,0.011739130434782608
spambase,UCI id=94 via ucimlrepo,42,0.9,release_1,matched_kmeans,random_forest,4601,57,2,270,8.518518518518519,4.0,1,149,59,0.36666666666666664,0.5740740740740741,1.980385041311219,2.494709772213538,0.9424765060596213,1.0,0.9829545454545454,1.0,0.6074560491493384,0.6004963668549245,0.03739130434782609,0.009130434782608696
spambase,UCI id=94 via ucimlrepo,42,0.9,release_2,granular_ball,logistic,4601,57,2,270,8.518518518518519,2.0,1,700,119,0.7037037037037037,0.8481481481481481,1.0128760455239478,0.5781131071484408,0.9337986836711377,1.0,1.0,1.0,0.5669310964083176,0.5574660067299558,0.013478260869565217,0.0026086956521739132
spambase,UCI id=94 via ucimlrepo,42,0.9,release_2,granular_ball,random_forest,4601,57,2,270,8.518518518518519,2.0,1,700,119,0.7037037037037037,0.8481481481481481,1.0128760455239478,0.5781131071484408,0.9337986836711377,1.0,1.0,1.0,0.6023854442344045,0.6352390899035694,0.09173913043478261,0.02608695652173913
spambase,UCI id=94 via ucimlrepo,42,0.9,release_2,matched_kmeans,logistic,4601,57,2,270,8.518518518518519,4.0,1,149,59,0.36666666666666664,0.5740740740740741,1.980385041311219,2.494709772213538,0.9424765060596213,1.0,0.9829545454545454,1.0,0.6425110586011342,0.6202023952451294,0.02217391304347826,0.013478260869565217
spambase,UCI id=94 via ucimlrepo,42,0.9,release_2,matched_kmeans,random_forest,4601,57,2,270,8.518518518518519,4.0,1,149,59,0.36666666666666664,0.5740740740740741,1.980385041311219,2.494709772213538,0.9424765060596213,1.0,0.9829545454545454,1.0,0.6180388468809074,0.6081256570194281,0.03782608695652174,0.01391304347826087
spambase,UCI id=94 via ucimlrepo,42,0.9,release_3,granular_ball,logistic,4601,57,2,270,8.518518518518519,2.0,1,700,119,0.7037037037037037,0.8481481481481481,1.0128760455239478,0.5781131071484408,0.9337986836711377,1.0,1.0,1.0,0.5550014177693762,0.5558015704357449,0.01608695652173913,0.0026086956521739132
spambase,UCI id=94 via ucimlrepo,42,0.9,release_3,granular_ball,random_forest,4601,57,2,270,8.518518518518519,2.0,1,700,119,0.7037037037037037,0.8481481481481481,1.0128760455239478,0.5781131071484408,0.9337986836711377,1.0,1.0,1.0,0.6053190926275993,0.6406169764572238,0.1,0.04391304347826087
spambase,UCI id=94 via ucimlrepo,42,0.9,release_3,matched_kmeans,logistic,4601,57,2,270,8.518518518518519,4.0,1,149,59,0.36666666666666664,0.5740740740740741,1.980385041311219,2.494709772213538,0.9424765060596213,1.0,0.9829545454545454,1.0,0.6399138941398865,0.6217786033774345,0.030434782608695653,0.012608695652173913
spambase,UCI id=94 via ucimlrepo,42,0.9,release_3,matched_kmeans,random_forest,4601,57,2,270,8.518518518518519,4.0,1,149,59,0.36666666666666664,0.5740740740740741,1.980385041311219,2.494709772213538,0.9424765060596213,1.0,0.9829545454545454,1.0,0.620610302457467,0.6111537737497703,0.043478260869565216,0.012608695652173913
spambase,UCI id=94 via ucimlrepo,42,0.95,release_1,granular_ball,logistic,4601,57,2,458,5.021834061135372,2.0,1,212,200,0.6899563318777293,0.8558951965065502,1.03468740456918,0.42883328698977285,0.9399198287708066,1.0,1.0,1.0,0.6123394139886579,0.6119881019114992,0.01565217391304348,0.003043478260869565
spambase,UCI id=94 via ucimlrepo,42,0.95,release_1,granular_ball,random_forest,4601,57,2,458,5.021834061135372,2.0,1,212,200,0.6899563318777293,0.8558951965065502,1.03468740456918,0.42883328698977285,0.9399198287708066,1.0,1.0,1.0,0.6200618147448016,0.6395948968953895,0.0782608695652174,0.01
spambase,UCI id=94 via ucimlrepo,42,0.95,release_1,matched_kmeans,logistic,4601,57,2,458,5.021834061135372,2.0,1,116,162,0.5262008733624454,0.7336244541484717,1.2491442391813907,1.369950598877217,0.9635867362174899,1.0,1.0,1.0,0.6696414933837429,0.6457063109461072,0.03173913043478261,0.00826086956521739
spambase,UCI id=94 via ucimlrepo,42,0.95,release_1,matched_kmeans,random_forest,4601,57,2,458,5.021834061135372,2.0,1,116,162,0.5262008733624454,0.7336244541484717,1.2491442391813907,1.369950598877217,0.9635867362174899,1.0,1.0,1.0,0.6695405482041588,0.6476720065656849,0.050434782608695654,0.013043478260869565
spambase,UCI id=94 via ucimlrepo,42,0.95,release_2,granular_ball,logistic,4601,57,2,458,5.021834061135372,2.0,1,212,200,0.6899563318777293,0.8558951965065502,1.03468740456918,0.42883328698977285,0.9399198287708066,1.0,1.0,1.0,0.6293520793950851,0.6083941713731504,0.017826086956521738,0.003043478260869565
spambase,UCI id=94 via ucimlrepo,42,0.95,release_2,granular_ball,random_forest,4601,57,2,458,5.021834061135372,2.0,1,212,200,0.6899563318777293,0.8558951965065502,1.03468740456918,0.42883328698977285,0.9399198287708066,1.0,1.0,1.0,0.6624819470699432,0.6869926645467042,0.12217391304347826,0.03260869565217391
spambase,UCI id=94 via ucimlrepo,42,0.95,release_2,matched_kmeans,logistic,4601,57,2,458,5.021834061135372,2.0,1,116,162,0.5262008733624454,0.7336244541484717,1.2491442391813907,1.369950598877217,0.9635867362174899,1.0,1.0,1.0,0.7115586956521739,0.6751413088846576,0.021739130434782608,0.009130434782608696
spambase,UCI id=94 via ucimlrepo,42,0.95,release_2,matched_kmeans,random_forest,4601,57,2,458,5.021834061135372,2.0,1,116,162,0.5262008733624454,0.7336244541484717,1.2491442391813907,1.369950598877217,0.9635867362174899,1.0,1.0,1.0,0.7015544423440454,0.6857910308549815,0.06391304347826086,0.008695652173913044
spambase,UCI id=94 via ucimlrepo,42,0.95,release_3,granular_ball,logistic,4601,57,2,458,5.021834061135372,2.0,1,212,200,0.6899563318777293,0.8558951965065502,1.03468740456918,0.42883328698977285,0.9399198287708066,1.0,1.0,1.0,0.6174707939508506,0.6149995780677391,0.022608695652173914,0.002173913043478261
spambase,UCI id=94 via ucimlrepo,42,0.95,release_3,granular_ball,random_forest,4601,57,2,458,5.021834061135372,2.0,1,212,200,0.6899563318777293,0.8558951965065502,1.03468740456918,0.42883328698977285,0.9399198287708066,1.0,1.0,1.0,0.6676505671077505,0.6948264007822187,0.12130434782608696,0.03391304347826087
spambase,UCI id=94 via ucimlrepo,42,0.95,release_3,matched_kmeans,logistic,4601,57,2,458,5.021834061135372,2.0,1,116,162,0.5262008733624454,0.7336244541484717,1.2491442391813907,1.369950598877217,0.9635867362174899,1.0,1.0,1.0,0.710474763705104,0.6758449683943809,0.02043478260869565,0.010869565217391304
spambase,UCI id=94 via ucimlrepo,42,0.95,release_3,matched_kmeans,random_forest,4601,57,2,458,5.021834061135372,2.0,1,116,162,0.5262008733624454,0.7336244541484717,1.2491442391813907,1.369950598877217,0.9635867362174899,1.0,1.0,1.0,0.7170716446124764,0.6975886377584541,0.07391304347826087,0.01608695652173913
spambase,UCI id=94 via ucimlrepo,42,0.99,release_1,granular_ball,logistic,4601,57,2,558,4.121863799283154,2.0,1,212,240,0.6666666666666666,0.8476702508960573,1.1119317512231934,0.5663301331224455,0.9450293321289407,1.0,1.0,1.0,0.6404707939508507,0.6309999242472367,0.01652173913043478,0.002173913043478261
spambase,UCI id=94 via ucimlrepo,42,0.99,release_1,granular_ball,random_forest,4601,57,2,558,4.121863799283154,2.0,1,212,240,0.6666666666666666,0.8476702508960573,1.1119317512231934,0.5663301331224455,0.9450293321289407,1.0,1.0,1.0,0.6408912098298677,0.6609215907409782,0.09826086956521739,0.019130434782608695
spambase,UCI id=94 via ucimlrepo,42,0.99,release_1,matched_kmeans,logistic,4601,57,2,558,4.121863799283154,2.0,1,109,232,0.600358422939068,0.7939068100358423,1.00396271171518,0.5719187391463196,0.9708725009810938,1.0,1.0,1.0,0.6963885633270321,0.6675995805122238,0.029565217391304348,0.008695652173913044
spambase,UCI id=94 via ucimlrepo,42,0.99,release_1,matched_kmeans,random_forest,4601,57,2,558,4.121863799283154,2.0,1,109,232,0.600358422939068,0.7939068100358423,1.00396271171518,0.5719187391463196,0.9708725009810938,1.0,1.0,1.0,0.6984293950850662,0.6823923834027354,0.08739130434782609,0.021304347826086957
spambase,UCI id=94 via ucimlrepo,42,0.99,release_2,granular_ball,logistic,4601,57,2,558,4.121863799283154,2.0,1,212,240,0.6666666666666666,0.8476702508960573,1.1119317512231934,0.5663301331224455,0.9450293321289407,1.0,1.0,1.0,0.6609802457466919,0.6243274948755737,0.017391304347826087,0.00391304347826087
spambase,UCI id=94 via ucimlrepo,42,0.99,release_2,granular_ball,random_forest,4601,57,2,558,4.121863799283154,2.0,1,212,240,0.6666666666666666,0.8476702508960573,1.1119317512231934,0.5663301331224455,0.9450293321289407,1.0,1.0,1.0,0.7042965973534973,0.724309825235253,0.1356521739130435,0.03434782608695652
spambase,UCI id=94 via ucimlrepo,42,0.99,release_2,matched_kmeans,logistic,4601,57,2,558,4.121863799283154,2.0,1,109,232,0.600358422939068,0.7939068100358423,1.00396271171518,0.5719187391463196,0.9708725009810938,1.0,1.0,1.0,0.734656427221172,0.6951433091504171,0.021739130434782608,0.010869565217391304
spambase,UCI id=94 via ucimlrepo,42,0.99,release_2,matched_kmeans,random_forest,4601,57,2,558,4.121863799283154,2.0,1,109,232,0.600358422939068,0.7939068100358423,1.00396271171518,0.5719187391463196,0.9708725009810938,1.0,1.0,1.0,0.7427544423440453,0.7313431932910319,0.11739130434782609,0.004782608695652174
spambase,UCI id=94 via ucimlrepo,42,0.99,release_3,granular_ball,logistic,4601,57,2,558,4.121863799283154,2.0,1,212,240,0.6666666666666666,0.8476702508960573,1.1119317512231934,0.5663301331224455,0.9450293321289407,1.0,1.0,1.0,0.6537719281663517,0.637862945459737,0.025652173913043478,0.004347826086956522
spambase,UCI id=94 via ucimlrepo,42,0.99,release_3,granular_ball,random_forest,4601,57,2,558,4.121863799283154,2.0,1,212,240,0.6666666666666666,0.8476702508960573,1.1119317512231934,0.5663301331224455,0.9450293321289407,1.0,1.0,1.0,0.7141444234404536,0.7304628533388491,0.12956521739130436,0.07130434782608695
spambase,UCI id=94 via ucimlrepo,42,0.99,release_3,matched_kmeans,logistic,4601,57,2,558,4.121863799283154,2.0,1,109,232,0.600358422939068,0.7939068100358423,1.00396271171518,0.5719187391463196,0.9708725009810938,1.0,1.0,1.0,0.7344258034026465,0.7011336291451125,0.029130434782608697,0.010869565217391304
spambase,UCI id=94 via ucimlrepo,42,0.99,release_3,matched_kmeans,random_forest,4601,57,2,558,4.121863799283154,2.0,1,109,232,0.600358422939068,0.7939068100358423,1.00396271171518,0.5719187391463196,0.9708725009810938,1.0,1.0,1.0,0.7559869565217392,0.7418177115098756,0.11130434782608696,0.026956521739130435
spambase,UCI id=94 via ucimlrepo,2026,0.7,release_1,granular_ball,logistic,4601,57,2,2,1150.0,1150.0,726,1574,0,0.0,0.0,6.066181490505852,6.066181490505852,0.8592923575596557,0.8592923575596557,0.8461010707747453,0.8724836443445662,0.49240831758034026,0.48876392339403807,0.006521739130434782,0.0
spambase,UCI id=94 via ucimlrepo,2026,0.7,release_1,granular_ball,random_forest,4601,57,2,2,1150.0,1150.0,726,1574,0,0.0,0.0,6.066181490505852,6.066181490505852,0.8592923575596557,0.8592923575596557,0.8461010707747453,0.8724836443445662,0.49734272211720226,0.5021298491826065,0.019130434782608695,0.0026086956521739132
spambase,UCI id=94 via ucimlrepo,2026,0.7,release_1,matched_kmeans,logistic,4601,57,2,2,1150.0,1150.0,698,1602,0,0.0,0.0,6.0625622564895405,6.0625622564895405,0.8600048649789482,0.8600048649789482,0.8422995610787376,0.8777101688791589,0.49418884688090736,0.48960653898650763,0.006956521739130435,0.0
spambase,UCI id=94 via ucimlrepo,2026,0.7,release_1,matched_kmeans,random_forest,4601,57,2,2,1150.0,1150.0,698,1602,0,0.0,0.0,6.0625622564895405,6.0625622564895405,0.8600048649789482,0.8600048649789482,0.8422995610787376,0.8777101688791589,0.49316578449905485,0.4953714210479549,0.009130434782608696,0.0017391304347826088
spambase,UCI id=94 via ucimlrepo,2026,0.7,release_2,granular_ball,logistic,4601,57,2,2,1150.0,1150.0,726,1574,0,0.0,0.0,6.066181490505852,6.066181490505852,0.8592923575596557,0.8592923575596557,0.8461010707747453,0.8724836443445662,0.5147007561436673,0.5123806625147113,0.010869565217391304,0.002173913043478261
spambase,UCI id=94 via ucimlrepo,2026,0.7,release_2,granular_ball,random_forest,4601,57,2,2,1150.0,1150.0,726,1574,0,0.0,0.0,6.066181490505852,6.066181490505852,0.8592923575596557,0.8592923575596557,0.8461010707747453,0.8724836443445662,0.5012961247637051,0.5056641746029868,0.016956521739130436,0.004782608695652174
spambase,UCI id=94 via ucimlrepo,2026,0.7,release_2,matched_kmeans,logistic,4601,57,2,2,1150.0,1150.0,698,1602,0,0.0,0.0,6.0625622564895405,6.0625622564895405,0.8600048649789482,0.8600048649789482,0.8422995610787376,0.8777101688791589,0.5145843100189036,0.5108178174569326,0.011304347826086957,0.0017391304347826088
spambase,UCI id=94 via ucimlrepo,2026,0.7,release_2,matched_kmeans,random_forest,4601,57,2,2,1150.0,1150.0,698,1602,0,0.0,0.0,6.0625622564895405,6.0625622564895405,0.8600048649789482,0.8600048649789482,0.8422995610787376,0.8777101688791589,0.5038196597353497,0.5049852743473648,0.01391304347826087,0.003043478260869565
spambase,UCI id=94 via ucimlrepo,2026,0.7,release_3,granular_ball,logistic,4601,57,2,2,1150.0,1150.0,726,1574,0,0.0,0.0,6.066181490505852,6.066181490505852,0.8592923575596557,0.8592923575596557,0.8461010707747453,0.8724836443445662,0.5146986767485822,0.5123177423893623,0.010869565217391304,0.002173913043478261
spambase,UCI id=94 via ucimlrepo,2026,0.7,release_3,granular_ball,random_forest,4601,57,2,2,1150.0,1150.0,726,1574,0,0.0,0.0,6.066181490505852,6.066181490505852,0.8592923575596557,0.8592923575596557,0.8461010707747453,0.8724836443445662,0.5049298676748583,0.5071164623314626,0.014347826086956521,0.0034782608695652175
spambase,UCI id=94 via ucimlrepo,2026,0.7,release_3,matched_kmeans,logistic,4601,57,2,2,1150.0,1150.0,698,1602,0,0.0,0.0,6.0625622564895405,6.0625622564895405,0.8600048649789482,0.8600048649789482,0.8422995610787376,0.8777101688791589,0.5145238185255199,0.5107978243557305,0.011304347826086957,0.0017391304347826088
spambase,UCI id=94 via ucimlrepo,2026,0.7,release_3,matched_kmeans,random_forest,4601,57,2,2,1150.0,1150.0,698,1602,0,0.0,0.0,6.0625622564895405,6.0625622564895405,0.8600048649789482,0.8600048649789482,0.8422995610787376,0.8777101688791589,0.5060761814744802,0.5079018011531078,0.016956521739130436,0.00391304347826087
spambase,UCI id=94 via ucimlrepo,2026,0.8,release_1,granular_ball,logistic,4601,57,2,2,1150.0,1150.0,726,1574,0,0.0,0.0,6.066181490505852,6.066181490505852,0.8592923575596557,0.8592923575596557,0.8461010707747453,0.8724836443445662,0.49240831758034026,0.48876392339403807,0.006521739130434782,0.0
spambase,UCI id=94 via ucimlrepo,2026,0.8,release_1,granular_ball,random_forest,4601,57,2,2,1150.0,1150.0,726,1574,0,0.0,0.0,6.066181490505852,6.066181490505852,0.8592923575596557,0.8592923575596557,0.8461010707747453,0.8724836443445662,0.49734272211720226,0.5021298491826065,0.019130434782608695,0.0026086956521739132
spambase,UCI id=94 via ucimlrepo,2026,0.8,release_1,matched_kmeans,logistic,4601,57,2,2,1150.0,1150.0,698,1602,0,0.0,0.0,6.0625622564895405,6.0625622564895405,0.8600048649789482,0.8600048649789482,0.8422995610787376,0.8777101688791589,0.49418884688090736,0.48960653898650763,0.006956521739130435,0.0
spambase,UCI id=94 via ucimlrepo,2026,0.8,release_1,matched_kmeans,random_forest,4601,57,2,2,1150.0,1150.0,698,1602,0,0.0,0.0,6.0625622564895405,6.0625622564895405,0.8600048649789482,0.8600048649789482,0.8422995610787376,0.8777101688791589,0.49316578449905485,0.4953714210479549,0.009130434782608696,0.0017391304347826088
spambase,UCI id=94 via ucimlrepo,2026,0.8,release_2,granular_ball,logistic,4601,57,2,2,1150.0,1150.0,726,1574,0,0.0,0.0,6.066181490505852,6.066181490505852,0.8592923575596557,0.8592923575596557,0.8461010707747453,0.8724836443445662,0.5147007561436673,0.5123806625147113,0.010869565217391304,0.002173913043478261
spambase,UCI id=94 via ucimlrepo,2026,0.8,release_2,granular_ball,random_forest,4601,57,2,2,1150.0,1150.0,726,1574,0,0.0,0.0,6.066181490505852,6.066181490505852,0.8592923575596557,0.8592923575596557,0.8461010707747453,0.8724836443445662,0.5012961247637051,0.5056641746029868,0.016956521739130436,0.004782608695652174
spambase,UCI id=94 via ucimlrepo,2026,0.8,release_2,matched_kmeans,logistic,4601,57,2,2,1150.0,1150.0,698,1602,0,0.0,0.0,6.0625622564895405,6.0625622564895405,0.8600048649789482,0.8600048649789482,0.8422995610787376,0.8777101688791589,0.5145843100189036,0.5108178174569326,0.011304347826086957,0.0017391304347826088
spambase,UCI id=94 via ucimlrepo,2026,0.8,release_2,matched_kmeans,random_forest,4601,57,2,2,1150.0,1150.0,698,1602,0,0.0,0.0,6.0625622564895405,6.0625622564895405,0.8600048649789482,0.8600048649789482,0.8422995610787376,0.8777101688791589,0.5038196597353497,0.5049852743473648,0.01391304347826087,0.003043478260869565
spambase,UCI id=94 via ucimlrepo,2026,0.8,release_3,granular_ball,logistic,4601,57,2,2,1150.0,1150.0,726,1574,0,0.0,0.0,6.066181490505852,6.066181490505852,0.8592923575596557,0.8592923575596557,0.8461010707747453,0.8724836443445662,0.5146986767485822,0.5123177423893623,0.010869565217391304,0.002173913043478261
spambase,UCI id=94 via ucimlrepo,2026,0.8,release_3,granular_ball,random_forest,4601,57,2,2,1150.0,1150.0,726,1574,0,0.0,0.0,6.066181490505852,6.066181490505852,0.8592923575596557,0.8592923575596557,0.8461010707747453,0.8724836443445662,0.5049298676748583,0.5071164623314626,0.014347826086956521,0.0034782608695652175
spambase,UCI id=94 via ucimlrepo,2026,0.8,release_3,matched_kmeans,logistic,4601,57,2,2,1150.0,1150.0,698,1602,0,0.0,0.0,6.0625622564895405,6.0625622564895405,0.8600048649789482,0.8600048649789482,0.8422995610787376,0.8777101688791589,0.5145238185255199,0.5107978243557305,0.011304347826086957,0.0017391304347826088
spambase,UCI id=94 via ucimlrepo,2026,0.8,release_3,matched_kmeans,random_forest,4601,57,2,2,1150.0,1150.0,698,1602,0,0.0,0.0,6.0625622564895405,6.0625622564895405,0.8600048649789482,0.8600048649789482,0.8422995610787376,0.8777101688791589,0.5060761814744802,0.5079018011531078,0.016956521739130436,0.00391304347826087
spambase,UCI id=94 via ucimlrepo,2026,0.9,release_1,granular_ball,logistic,4601,57,2,251,9.163346613545817,2.0,1,285,98,0.6095617529880478,0.796812749003984,1.2819055966955801,0.7432368766240371,0.9287739981701696,1.0,1.0,1.0,0.5513761814744802,0.5527835289458274,0.006521739130434782,0.0008695652173913044
spambase,UCI id=94 via ucimlrepo,2026,0.9,release_1,granular_ball,random_forest,4601,57,2,251,9.163346613545817,2.0,1,285,98,0.6095617529880478,0.796812749003984,1.2819055966955801,0.7432368766240371,0.9287739981701696,1.0,1.0,1.0,0.5466646502835539,0.5749863802983213,0.05217391304347826,0.03173913043478261
spambase,UCI id=94 via ucimlrepo,2026,0.9,release_1,matched_kmeans,logistic,4601,57,2,251,9.163346613545817,4.0,1,154,69,0.3705179282868526,0.545816733067729,2.061653360645853,2.57388327785724,0.9391175501829274,1.0,0.9910714285714286,1.0,0.6050733459357278,0.5855927002580938,0.023478260869565216,0.004347826086956522
spambase,UCI id=94 via ucimlrepo,2026,0.9,release_1,matched_kmeans,random_forest,4601,57,2,251,9.163346613545817,4.0,1,154,69,0.3705179282868526,0.545816733067729,2.061653360645853,2.57388327785724,0.9391175501829274,1.0,0.9910714285714286,1.0,0.5846388468809074,0.5646078692627114,0.02826086956521739,0.00391304347826087
spambase,UCI id=94 via ucimlrepo,2026,0.9,release_2,granular_ball,logistic,4601,57,2,251,9.163346613545817,2.0,1,285,98,0.6095617529880478,0.796812749003984,1.2819055966955801,0.7432368766240371,0.9287739981701696,1.0,1.0,1.0,0.5645901701323252,0.5489781846796343,0.006956521739130435,0.0008695652173913044
spambase,UCI id=94 via ucimlrepo,2026,0.9,release_2,granular_ball,random_forest,4601,57,2,251,9.163346613545817,2.0,1,285,98,0.6095617529880478,0.796812749003984,1.2819055966955801,0.7432368766240371,0.9287739981701696,1.0,1.0,1.0,0.5773312854442344,0.6043378182173618,0.06913043478260869,0.04739130434782609
spambase,UCI id=94 via ucimlrepo,2026,0.9,release_2,matched_kmeans,logistic,4601,57,2,251,9.163346613545817,4.0,1,154,69,0.3705179282868526,0.545816733067729,2.061653360645853,2.57388327785724,0.9391175501829274,1.0,0.9910714285714286,1.0,0.6247374291115312,0.6049878763391374,0.024782608695652172,0.01217391304347826
spambase,UCI id=94 via ucimlrepo,2026,0.9,release_2,matched_kmeans,random_forest,4601,57,2,251,9.163346613545817,4.0,1,154,69,0.3705179282868526,0.545816733067729,2.061653360645853,2.57388327785724,0.9391175501829274,1.0,0.9910714285714286,1.0,0.6107196597353497,0.5927418177651419,0.035217391304347825,0.01
spambase,UCI id=94 via ucimlrepo,2026,0.9,release_3,granular_ball,logistic,4601,57,2,251,9.163346613545817,2.0,1,285,98,0.6095617529880478,0.796812749003984,1.2819055966955801,0.7432368766240371,0.9287739981701696,1.0,1.0,1.0,0.5578206049149338,0.5448373405081677,0.007391304347826087,0.0008695652173913044
spambase,UCI id=94 via ucimlrepo,2026,0.9,release_3,granular_ball,random_forest,4601,57,2,251,9.163346613545817,2.0,1,285,98,0.6095617529880478,0.796812749003984,1.2819055966955801,0.7432368766240371,0.9287739981701696,1.0,1.0,1.0,0.5750891304347826,0.6020924122532978,0.07086956521739131,0.03173913043478261
spambase,UCI id=94 via ucimlrepo,2026,0.9,release_3,matched_kmeans,logistic,4601,57,2,251,9.163346613545817,4.0,1,154,69,0.3705179282868526,0.545816733067729,2.061653360645853,2.57388327785724,0.9391175501829274,1.0,0.9910714285714286,1.0,0.6233425330812854,0.6053359531813562,0.025217391304347827,0.012608695652173913
spambase,UCI id=94 via ucimlrepo,2026,0.9,release_3,matched_kmeans,random_forest,4601,57,2,251,9.163346613545817,4.0,1,154,69,0.3705179282868526,0.545816733067729,2.061653360645853,2.57388327785724,0.9391175501829274,1.0,0.9910714285714286,1.0,0.6117791115311909,0.5932188404585804,0.035217391304347825,0.015217391304347827
spambase,UCI id=94 via ucimlrepo,2026,0.95,release_1,granular_ball,logistic,4601,57,2,407,5.651105651105651,2.0,1,200,169,0.6437346437346437,0.8427518427518428,1.1832918370683554,0.6045980412160413,0.9428662018165699,1.0,1.0,1.0,0.5887542533081286,0.582711231988604,0.010434782608695653,0.0013043478260869566
spambase,UCI id=94 via ucimlrepo,2026,0.95,release_1,granular_ball,random_forest,4601,57,2,407,5.651105651105651,2.0,1,200,169,0.6437346437346437,0.8427518427518428,1.1832918370683554,0.6045980412160413,0.9428662018165699,1.0,1.0,1.0,0.5880472589792061,0.614127449612939,0.07565217391304348,0.04826086956521739
spambase,UCI id=94 via ucimlrepo,2026,0.95,release_1,matched_kmeans,logistic,4601,57,2,407,5.651105651105651,2.0,1,135,141,0.5085995085995086,0.7125307125307125,1.3755951947884115,1.486752340364564,0.9606710681172156,1.0,1.0,1.0,0.6495493383742912,0.6270502065094331,0.029565217391304348,0.007391304347826087
spambase,UCI id=94 via ucimlrepo,2026,0.95,release_1,matched_kmeans,random_forest,4601,57,2,407,5.651105651105651,2.0,1,135,141,0.5085995085995086,0.7125307125307125,1.3755951947884115,1.486752340364564,0.9606710681172156,1.0,1.0,1.0,0.6338062381852552,0.62255876097849,0.06347826086956522,0.0052173913043478265
spambase,UCI id=94 via ucimlrepo,2026,0.95,release_2,granular_ball,logistic,4601,57,2,407,5.651105651105651,2.0,1,200,169,0.6437346437346437,0.8427518427518428,1.1832918370683554,0.6045980412160413,0.9428662018165699,1.0,1.0,1.0,0.602403213610586,0.5817434479977515,0.01217391304347826,0.0013043478260869566
spambase,UCI id=94 via ucimlrepo,2026,0.95,release_2,granular_ball,random_forest,4601,57,2,407,5.651105651105651,2.0,1,200,169,0.6437346437346437,0.8427518427518428,1.1832918370683554,0.6045980412160413,0.9428662018165699,1.0,1.0,1.0,0.6350053875236294,0.6582354228308294,0.10956521739130434,0.06478260869565218
spambase,UCI id=94 via ucimlrepo,2026,0.95,release_2,matched_kmeans,logistic,4601,57,2,407,5.651105651105651,2.0,1,135,141,0.5085995085995086,0.7125307125307125,1.3755951947884115,1.486752340364564,0.9606710681172156,1.0,1.0,1.0,0.6726952741020794,0.6399517498884268,0.02608695652173913,0.013478260869565217
spambase,UCI id=94 via ucimlrepo,2026,0.95,release_2,matched_kmeans,random_forest,4601,57,2,407,5.651105651105651,2.0,1,135,141,0.5085995085995086,0.7125307125307125,1.3755951947884115,1.486752340364564,0.9606710681172156,1.0,1.0,1.0,0.6582043478260868,0.6510091118292267,0.08347826086956522,0.014782608695652174
spambase,UCI id=94 via ucimlrepo,2026,0.95,release_3,granular_ball,logistic,4601,57,2,407,5.651105651105651,2.0,1,200,169,0.6437346437346437,0.8427518427518428,1.1832918370683554,0.6045980412160413,0.9428662018165699,1.0,1.0,1.0,0.5987595463137996,0.5861487169985933,0.012608695652173913,0.0008695652173913044
spambase,UCI id=94 via ucimlrepo,2026,0.95,release_3,granular_ball,random_forest,4601,57,2,407,5.651105651105651,2.0,1,200,169,0.6437346437346437,0.8427518427518428,1.1832918370683554,0.6045980412160413,0.9428662018165699,1.0,1.0,1.0,0.64022202268431,0.6655188317152947,0.10347826086956521,0.04
spambase,UCI id=94 via ucimlrepo,2026,0.95,release_3,matched_kmeans,logistic,4601,57,2,407,5.651105651105651,2.0,1,135,141,0.5085995085995086,0.7125307125307125,1.3755951947884115,1.486752340364564,0.9606710681172156,1.0,1.0,1.0,0.6704604914933838,0.6472190895588223,0.034782608695652174,0.016956521739130436
spambase,UCI id=94 via ucimlrepo,2026,0.95,release_3,matched_kmeans,random_forest,4601,57,2,407,5.651105651105651,2.0,1,135,141,0.5085995085995086,0.7125307125307125,1.3755951947884115,1.486752340364564,0.9606710681172156,1.0,1.0,1.0,0.6719367674858223,0.6653012061112769,0.09130434782608696,0.006956521739130435
spambase,UCI id=94 via ucimlrepo,2026,0.99,release_1,granular_ball,logistic,4601,57,2,490,4.6938775510204085,2.0,1,132,195,0.6346938775510204,0.8244897959183674,1.3082182805986424,0.8026472920903595,0.9430424290928493,1.0,1.0,1.0,0.6194788279773157,0.6043717141611487,0.011304347826086957,0.0052173913043478265
spambase,UCI id=94 via ucimlrepo,2026,0.99,release_1,granular_ball,random_forest,4601,57,2,490,4.6938775510204085,2.0,1,132,195,0.6346938775510204,0.8244897959183674,1.3082182805986424,0.8026472920903595,0.9430424290928493,1.0,1.0,1.0,0.596942911153119,0.6220278812391788,0.07434782608695652,0.027391304347826086
spambase,UCI id=94 via ucimlrepo,2026,0.99,release_1,matched_kmeans,logistic,4601,57,2,490,4.6938775510204085,2.0,1,125,184,0.5510204081632653,0.7591836734693878,1.1850373301342445,1.1123211158493866,0.9619050094960742,1.0,1.0,1.0,0.6730081285444234,0.6475157772885969,0.024782608695652172,0.01
spambase,UCI id=94 via ucimlrepo,2026,0.99,release_1,matched_kmeans,random_forest,4601,57,2,490,4.6938775510204085,2.0,1,125,184,0.5510204081632653,0.7591836734693878,1.1850373301342445,1.1123211158493866,0.9619050094960742,1.0,1.0,1.0,0.6620198487712665,0.6510570152322127,0.0782608695652174,0.03608695652173913
spambase,UCI id=94 via ucimlrepo,2026,0.99,release_2,granular_ball,logistic,4601,57,2,490,4.6938775510204085,2.0,1,132,195,0.6346938775510204,0.8244897959183674,1.3082182805986424,0.8026472920903595,0.9430424290928493,1.0,1.0,1.0,0.6386179584120982,0.6028853351418259,0.011739130434782608,0.0026086956521739132
spambase,UCI id=94 via ucimlrepo,2026,0.99,release_2,granular_ball,random_forest,4601,57,2,490,4.6938775510204085,2.0,1,132,195,0.6346938775510204,0.8244897959183674,1.3082182805986424,0.8026472920903595,0.9430424290928493,1.0,1.0,1.0,0.672559640831758,0.6904305781320276,0.11347826086956522,0.03782608695652174
spambase,UCI id=94 via ucimlrepo,2026,0.99,release_2,matched_kmeans,logistic,4601,57,2,490,4.6938775510204085,2.0,1,125,184,0.5510204081632653,0.7591836734693878,1.1850373301342445,1.1123211158493866,0.9619050094960742,1.0,1.0,1.0,0.7025937618147449,0.6649317359852878,0.02826086956521739,0.01391304347826087
spambase,UCI id=94 via ucimlrepo,2026,0.99,release_2,matched_kmeans,random_forest,4601,57,2,490,4.6938775510204085,2.0,1,125,184,0.5510204081632653,0.7591836734693878,1.1850373301342445,1.1123211158493866,0.9619050094960742,1.0,1.0,1.0,0.6947849716446125,0.6911151260126059,0.09304347826086956,0.010869565217391304
spambase,UCI id=94 via ucimlrepo,2026,0.99,release_3,granular_ball,logistic,4601,57,2,490,4.6938775510204085,2.0,1,132,195,0.6346938775510204,0.8244897959183674,1.3082182805986424,0.8026472920903595,0.9430424290928493,1.0,1.0,1.0,0.6387362948960302,0.6122510760218876,0.01391304347826087,0.0026086956521739132
spambase,UCI id=94 via ucimlrepo,2026,0.99,release_3,granular_ball,random_forest,4601,57,2,490,4.6938775510204085,2.0,1,132,195,0.6346938775510204,0.8244897959183674,1.3082182805986424,0.8026472920903595,0.9430424290928493,1.0,1.0,1.0,0.6821805293005672,0.698899971760246,0.12043478260869565,0.05173913043478261
spambase,UCI id=94 via ucimlrepo,2026,0.99,release_3,matched_kmeans,logistic,4601,57,2,490,4.6938775510204085,2.0,1,125,184,0.5510204081632653,0.7591836734693878,1.1850373301342445,1.1123211158493866,0.9619050094960742,1.0,1.0,1.0,0.7013956521739131,0.6744363827064688,0.034782608695652174,0.018260869565217393
spambase,UCI id=94 via ucimlrepo,2026,0.99,release_3,matched_kmeans,random_forest,4601,57,2,490,4.6938775510204085,2.0,1,125,184,0.5510204081632653,0.7591836734693878,1.1850373301342445,1.1123211158493866,0.9619050094960742,1.0,1.0,1.0,0.7138577504725898,0.7076878429745808,0.10391304347826087,0.011739130434782608
