dataset,source,seed,threshold,release,method,attack,n,d,classes,number_of_balls,mean_ball_size,median_ball_size,min_ball_size,max_ball_size,singleton_count,fraction_size_le_2,fraction_size_le_5,mean_radius,median_radius,purity_mean,purity_median,purity_q25,purity_q75,base_dataset,training_label_noise,intervention,roc_auc,pr_auc,tpr_at_1pct_fpr,tpr_at_0_1pct_fpr
semi_sonar_trainnoise0.05,UCI id=151 via ucimlrepo,2,0.7,release_1,granular_ball,logistic,208,60,2,20,5.2,3.0,1,15,3,0.4,0.7,3.8401347765945246,3.6870069343997773,0.8916666666666668,1.0,0.7875000000000001,1.0,sonar,0.05,member_training_labels_only,0.7431582840236686,0.7812557531378851,0.2692307692307692,nan
semi_sonar_trainnoise0.05,UCI id=151 via ucimlrepo,2,0.7,release_1,granular_ball,random_forest,208,60,2,20,5.2,3.0,1,15,3,0.4,0.7,3.8401347765945246,3.6870069343997773,0.8916666666666668,1.0,0.7875000000000001,1.0,sonar,0.05,member_training_labels_only,0.7577662721893491,0.7812557579682133,0.11538461538461539,nan
semi_sonar_trainnoise0.05,UCI id=151 via ucimlrepo,2,0.7,release_1,matched_kmeans,logistic,208,60,2,20,5.2,4.0,1,19,4,0.45,0.7,3.604455965013102,4.309317037955721,0.866255060728745,1.0,0.6666666666666666,1.0,sonar,0.05,member_training_labels_only,0.7722818047337278,0.7910197290959439,0.20192307692307693,nan
semi_sonar_trainnoise0.05,UCI id=151 via ucimlrepo,2,0.7,release_1,matched_kmeans,random_forest,208,60,2,20,5.2,4.0,1,19,4,0.45,0.7,3.604455965013102,4.309317037955721,0.866255060728745,1.0,0.6666666666666666,1.0,sonar,0.05,member_training_labels_only,0.7411242603550295,0.7532842376281991,0.17307692307692307,nan
semi_sonar_trainnoise0.05,UCI id=151 via ucimlrepo,2,0.7,release_2,granular_ball,logistic,208,60,2,20,5.2,3.0,1,15,3,0.4,0.7,3.8401347765945246,3.6870069343997773,0.8916666666666668,1.0,0.7875000000000001,1.0,sonar,0.05,member_training_labels_only,0.7659948224852071,0.7937182975350834,0.25,nan
semi_sonar_trainnoise0.05,UCI id=151 via ucimlrepo,2,0.7,release_2,granular_ball,random_forest,208,60,2,20,5.2,3.0,1,15,3,0.4,0.7,3.8401347765945246,3.6870069343997773,0.8916666666666668,1.0,0.7875000000000001,1.0,sonar,0.05,member_training_labels_only,0.7425110946745561,0.7670727934258399,0.20192307692307693,nan
semi_sonar_trainnoise0.05,UCI id=151 via ucimlrepo,2,0.7,release_2,matched_kmeans,logistic,208,60,2,20,5.2,4.0,1,19,4,0.45,0.7,3.604455965013102,4.309317037955721,0.866255060728745,1.0,0.6666666666666666,1.0,sonar,0.05,member_training_labels_only,0.7887389053254437,0.8112165344255897,0.3269230769230769,nan
semi_sonar_trainnoise0.05,UCI id=151 via ucimlrepo,2,0.7,release_2,matched_kmeans,random_forest,208,60,2,20,5.2,4.0,1,19,4,0.45,0.7,3.604455965013102,4.309317037955721,0.866255060728745,1.0,0.6666666666666666,1.0,sonar,0.05,member_training_labels_only,0.7689534023668639,0.7845408964646696,0.2403846153846154,nan
semi_sonar_trainnoise0.05,UCI id=151 via ucimlrepo,2,0.7,release_3,granular_ball,logistic,208,60,2,20,5.2,3.0,1,15,3,0.4,0.7,3.8401347765945246,3.6870069343997773,0.8916666666666668,1.0,0.7875000000000001,1.0,sonar,0.05,member_training_labels_only,0.7692307692307693,0.7904253090892626,0.23076923076923078,nan
semi_sonar_trainnoise0.05,UCI id=151 via ucimlrepo,2,0.7,release_3,granular_ball,random_forest,208,60,2,20,5.2,3.0,1,15,3,0.4,0.7,3.8401347765945246,3.6870069343997773,0.8916666666666668,1.0,0.7875000000000001,1.0,sonar,0.05,member_training_labels_only,0.7360392011834319,0.7584536278470838,0.17307692307692307,nan
semi_sonar_trainnoise0.05,UCI id=151 via ucimlrepo,2,0.7,release_3,matched_kmeans,logistic,208,60,2,20,5.2,4.0,1,19,4,0.45,0.7,3.604455965013102,4.309317037955721,0.866255060728745,1.0,0.6666666666666666,1.0,sonar,0.05,member_training_labels_only,0.778383875739645,0.8009140211420636,0.28846153846153844,nan
semi_sonar_trainnoise0.05,UCI id=151 via ucimlrepo,2,0.7,release_3,matched_kmeans,random_forest,208,60,2,20,5.2,4.0,1,19,4,0.45,0.7,3.604455965013102,4.309317037955721,0.866255060728745,1.0,0.6666666666666666,1.0,sonar,0.05,member_training_labels_only,0.7873520710059171,0.7930530926564894,0.22115384615384615,nan
semi_sonar_trainnoise0.05,UCI id=151 via ucimlrepo,2,0.8,release_1,granular_ball,logistic,208,60,2,31,3.3548387096774195,2.0,1,15,8,0.5483870967741935,0.8709677419354839,3.085565644204906,3.3686341141888603,0.9262672811059908,1.0,0.8571428571428571,1.0,sonar,0.05,member_training_labels_only,0.8588202662721892,0.8758685953631964,0.41346153846153844,nan
semi_sonar_trainnoise0.05,UCI id=151 via ucimlrepo,2,0.8,release_1,granular_ball,random_forest,208,60,2,31,3.3548387096774195,2.0,1,15,8,0.5483870967741935,0.8709677419354839,3.085565644204906,3.3686341141888603,0.9262672811059908,1.0,0.8571428571428571,1.0,sonar,0.05,member_training_labels_only,0.8367233727810651,0.8650946726524907,0.4230769230769231,nan
semi_sonar_trainnoise0.05,UCI id=151 via ucimlrepo,2,0.8,release_1,matched_kmeans,logistic,208,60,2,31,3.3548387096774195,2.0,1,13,15,0.5806451612903226,0.8064516129032258,2.0850986665283964,2.4976399219208227,0.9064240419079129,1.0,0.8611111111111112,1.0,sonar,0.05,member_training_labels_only,0.8555843195266272,0.8707182742280453,0.34615384615384615,nan
semi_sonar_trainnoise0.05,UCI id=151 via ucimlrepo,2,0.8,release_1,matched_kmeans,random_forest,208,60,2,31,3.3548387096774195,2.0,1,13,15,0.5806451612903226,0.8064516129032258,2.0850986665283964,2.4976399219208227,0.9064240419079129,1.0,0.8611111111111112,1.0,sonar,0.05,member_training_labels_only,0.8198039940828402,0.8371002093401938,0.25961538461538464,nan
semi_sonar_trainnoise0.05,UCI id=151 via ucimlrepo,2,0.8,release_2,granular_ball,logistic,208,60,2,31,3.3548387096774195,2.0,1,15,8,0.5483870967741935,0.8709677419354839,3.085565644204906,3.3686341141888603,0.9262672811059908,1.0,0.8571428571428571,1.0,sonar,0.05,member_training_labels_only,0.8832285502958581,0.8972447742030876,0.5,nan
semi_sonar_trainnoise0.05,UCI id=151 via ucimlrepo,2,0.8,release_2,granular_ball,random_forest,208,60,2,31,3.3548387096774195,2.0,1,15,8,0.5483870967741935,0.8709677419354839,3.085565644204906,3.3686341141888603,0.9262672811059908,1.0,0.8571428571428571,1.0,sonar,0.05,member_training_labels_only,0.8776812130177515,0.8981536893590292,0.5096153846153846,nan
semi_sonar_trainnoise0.05,UCI id=151 via ucimlrepo,2,0.8,release_2,matched_kmeans,logistic,208,60,2,31,3.3548387096774195,2.0,1,13,15,0.5806451612903226,0.8064516129032258,2.0850986665283964,2.4976399219208227,0.9064240419079129,1.0,0.8611111111111112,1.0,sonar,0.05,member_training_labels_only,0.8602995562130179,0.8716133414118648,0.3942307692307692,nan
semi_sonar_trainnoise0.05,UCI id=151 via ucimlrepo,2,0.8,release_2,matched_kmeans,random_forest,208,60,2,31,3.3548387096774195,2.0,1,13,15,0.5806451612903226,0.8064516129032258,2.0850986665283964,2.4976399219208227,0.9064240419079129,1.0,0.8611111111111112,1.0,sonar,0.05,member_training_labels_only,0.8360761834319528,0.8385083981516268,0.19230769230769232,nan
semi_sonar_trainnoise0.05,UCI id=151 via ucimlrepo,2,0.8,release_3,granular_ball,logistic,208,60,2,31,3.3548387096774195,2.0,1,15,8,0.5483870967741935,0.8709677419354839,3.085565644204906,3.3686341141888603,0.9262672811059908,1.0,0.8571428571428571,1.0,sonar,0.05,member_training_labels_only,0.8788831360946745,0.8931008034345782,0.47115384615384615,nan
semi_sonar_trainnoise0.05,UCI id=151 via ucimlrepo,2,0.8,release_3,granular_ball,random_forest,208,60,2,31,3.3548387096774195,2.0,1,15,8,0.5483870967741935,0.8709677419354839,3.085565644204906,3.3686341141888603,0.9262672811059908,1.0,0.8571428571428571,1.0,sonar,0.05,member_training_labels_only,0.8824889053254438,0.9023710274419912,0.5,nan
semi_sonar_trainnoise0.05,UCI id=151 via ucimlrepo,2,0.8,release_3,matched_kmeans,logistic,208,60,2,31,3.3548387096774195,2.0,1,13,15,0.5806451612903226,0.8064516129032258,2.0850986665283964,2.4976399219208227,0.9064240419079129,1.0,0.8611111111111112,1.0,sonar,0.05,member_training_labels_only,0.854012573964497,0.8667850470596399,0.36538461538461536,nan
semi_sonar_trainnoise0.05,UCI id=151 via ucimlrepo,2,0.8,release_3,matched_kmeans,random_forest,208,60,2,31,3.3548387096774195,2.0,1,13,15,0.5806451612903226,0.8064516129032258,2.0850986665283964,2.4976399219208227,0.9064240419079129,1.0,0.8611111111111112,1.0,sonar,0.05,member_training_labels_only,0.8237795857988166,0.8264035256910405,0.23076923076923078,nan
semi_sonar_trainnoise0.05,UCI id=151 via ucimlrepo,2,0.9,release_1,granular_ball,logistic,208,60,2,51,2.0392156862745097,2.0,1,10,23,0.7450980392156863,0.9803921568627451,1.9957953123608407,1.8259951355594166,0.9392156862745098,1.0,1.0,1.0,sonar,0.05,member_training_labels_only,0.9380547337278107,0.9385292695752305,0.47115384615384615,nan
semi_sonar_trainnoise0.05,UCI id=151 via ucimlrepo,2,0.9,release_1,granular_ball,random_forest,208,60,2,51,2.0392156862745097,2.0,1,10,23,0.7450980392156863,0.9803921568627451,1.9957953123608407,1.8259951355594166,0.9392156862745098,1.0,1.0,1.0,sonar,0.05,member_training_labels_only,0.9171597633136095,0.9183291431714554,0.40384615384615385,nan
semi_sonar_trainnoise0.05,UCI id=151 via ucimlrepo,2,0.9,release_1,matched_kmeans,logistic,208,60,2,51,2.0392156862745097,1.0,1,12,35,0.7647058823529411,0.9215686274509803,1.0288256700857388,0.0,0.9589635854341736,1.0,1.0,1.0,sonar,0.05,member_training_labels_only,0.9293639053254439,0.9325997237527697,0.5384615384615384,nan
semi_sonar_trainnoise0.05,UCI id=151 via ucimlrepo,2,0.9,release_1,matched_kmeans,random_forest,208,60,2,51,2.0392156862745097,1.0,1,12,35,0.7647058823529411,0.9215686274509803,1.0288256700857388,0.0,0.9589635854341736,1.0,1.0,1.0,sonar,0.05,member_training_labels_only,0.9112426035502958,0.9082618668869871,0.4807692307692308,nan
semi_sonar_trainnoise0.05,UCI id=151 via ucimlrepo,2,0.9,release_2,granular_ball,logistic,208,60,2,51,2.0392156862745097,2.0,1,10,23,0.7450980392156863,0.9803921568627451,1.9957953123608407,1.8259951355594166,0.9392156862745098,1.0,1.0,1.0,sonar,0.05,member_training_labels_only,0.9535872781065089,0.954516096701956,0.5096153846153846,nan
semi_sonar_trainnoise0.05,UCI id=151 via ucimlrepo,2,0.9,release_2,granular_ball,random_forest,208,60,2,51,2.0392156862745097,2.0,1,10,23,0.7450980392156863,0.9803921568627451,1.9957953123608407,1.8259951355594166,0.9392156862745098,1.0,1.0,1.0,sonar,0.05,member_training_labels_only,0.9592270710059172,0.9588401520738452,0.5192307692307693,nan
semi_sonar_trainnoise0.05,UCI id=151 via ucimlrepo,2,0.9,release_2,matched_kmeans,logistic,208,60,2,51,2.0392156862745097,1.0,1,12,35,0.7647058823529411,0.9215686274509803,1.0288256700857388,0.0,0.9589635854341736,1.0,1.0,1.0,sonar,0.05,member_training_labels_only,0.9253883136094675,0.9287138434057645,0.5480769230769231,nan
semi_sonar_trainnoise0.05,UCI id=151 via ucimlrepo,2,0.9,release_2,matched_kmeans,random_forest,208,60,2,51,2.0392156862745097,1.0,1,12,35,0.7647058823529411,0.9215686274509803,1.0288256700857388,0.0,0.9589635854341736,1.0,1.0,1.0,sonar,0.05,member_training_labels_only,0.9211353550295859,0.9228821412632446,0.5192307692307693,nan
semi_sonar_trainnoise0.05,UCI id=151 via ucimlrepo,2,0.9,release_3,granular_ball,logistic,208,60,2,51,2.0392156862745097,2.0,1,10,23,0.7450980392156863,0.9803921568627451,1.9957953123608407,1.8259951355594166,0.9392156862745098,1.0,1.0,1.0,sonar,0.05,member_training_labels_only,0.9515532544378698,0.9529894405286513,0.5,nan
semi_sonar_trainnoise0.05,UCI id=151 via ucimlrepo,2,0.9,release_3,granular_ball,random_forest,208,60,2,51,2.0392156862745097,2.0,1,10,23,0.7450980392156863,0.9803921568627451,1.9957953123608407,1.8259951355594166,0.9392156862745098,1.0,1.0,1.0,sonar,0.05,member_training_labels_only,0.961353550295858,0.9631690099847434,0.5961538461538461,nan
semi_sonar_trainnoise0.05,UCI id=151 via ucimlrepo,2,0.9,release_3,matched_kmeans,logistic,208,60,2,51,2.0392156862745097,1.0,1,12,35,0.7647058823529411,0.9215686274509803,1.0288256700857388,0.0,0.9589635854341736,1.0,1.0,1.0,sonar,0.05,member_training_labels_only,0.9195636094674555,0.9228753166500094,0.5192307692307693,nan
semi_sonar_trainnoise0.05,UCI id=151 via ucimlrepo,2,0.9,release_3,matched_kmeans,random_forest,208,60,2,51,2.0392156862745097,1.0,1,12,35,0.7647058823529411,0.9215686274509803,1.0288256700857388,0.0,0.9589635854341736,1.0,1.0,1.0,sonar,0.05,member_training_labels_only,0.9123520710059171,0.9118442089234038,0.4326923076923077,nan
semi_sonar_trainnoise0.05,UCI id=151 via ucimlrepo,2,0.95,release_1,granular_ball,logistic,208,60,2,54,1.9259259259259258,2.0,1,5,24,0.7592592592592593,1.0,1.9519643121740249,1.668348596377548,0.9351851851851852,1.0,1.0,1.0,sonar,0.05,member_training_labels_only,0.9443417159763313,0.9467178529829307,0.49038461538461536,nan
semi_sonar_trainnoise0.05,UCI id=151 via ucimlrepo,2,0.95,release_1,granular_ball,random_forest,208,60,2,54,1.9259259259259258,2.0,1,5,24,0.7592592592592593,1.0,1.9519643121740249,1.668348596377548,0.9351851851851852,1.0,1.0,1.0,sonar,0.05,member_training_labels_only,0.9408284023668639,0.9376412033144315,0.5480769230769231,nan
semi_sonar_trainnoise0.05,UCI id=151 via ucimlrepo,2,0.95,release_1,matched_kmeans,logistic,208,60,2,54,1.9259259259259258,1.0,1,12,38,0.7962962962962963,0.9259259259259259,0.880115672635474,0.0,0.9581569664902998,1.0,1.0,1.0,sonar,0.05,member_training_labels_only,0.9296412721893492,0.9342448825468472,0.5865384615384616,nan
semi_sonar_trainnoise0.05,UCI id=151 via ucimlrepo,2,0.95,release_1,matched_kmeans,random_forest,208,60,2,54,1.9259259259259258,1.0,1,12,38,0.7962962962962963,0.9259259259259259,0.880115672635474,0.0,0.9581569664902998,1.0,1.0,1.0,sonar,0.05,member_training_labels_only,0.9192862426035503,0.9211430582576003,0.5480769230769231,nan
semi_sonar_trainnoise0.05,UCI id=151 via ucimlrepo,2,0.95,release_2,granular_ball,logistic,208,60,2,54,1.9259259259259258,2.0,1,5,24,0.7592592592592593,1.0,1.9519643121740249,1.668348596377548,0.9351851851851852,1.0,1.0,1.0,sonar,0.05,member_training_labels_only,0.9692122781065089,0.9732547658392038,0.7596153846153846,nan
semi_sonar_trainnoise0.05,UCI id=151 via ucimlrepo,2,0.95,release_2,granular_ball,random_forest,208,60,2,54,1.9259259259259258,2.0,1,5,24,0.7592592592592593,1.0,1.9519643121740249,1.668348596377548,0.9351851851851852,1.0,1.0,1.0,sonar,0.05,member_training_labels_only,0.9775332840236686,0.9804254135727679,0.8269230769230769,nan
semi_sonar_trainnoise0.05,UCI id=151 via ucimlrepo,2,0.95,release_2,matched_kmeans,logistic,208,60,2,54,1.9259259259259258,1.0,1,12,38,0.7962962962962963,0.9259259259259259,0.880115672635474,0.0,0.9581569664902998,1.0,1.0,1.0,sonar,0.05,member_training_labels_only,0.927237426035503,0.9303899799673986,0.5192307692307693,nan
semi_sonar_trainnoise0.05,UCI id=151 via ucimlrepo,2,0.95,release_2,matched_kmeans,random_forest,208,60,2,54,1.9259259259259258,1.0,1,12,38,0.7962962962962963,0.9259259259259259,0.880115672635474,0.0,0.9581569664902998,1.0,1.0,1.0,sonar,0.05,member_training_labels_only,0.9308431952662721,0.9325531817852082,0.5480769230769231,nan
semi_sonar_trainnoise0.05,UCI id=151 via ucimlrepo,2,0.95,release_3,granular_ball,logistic,208,60,2,54,1.9259259259259258,2.0,1,5,24,0.7592592592592593,1.0,1.9519643121740249,1.668348596377548,0.9351851851851852,1.0,1.0,1.0,sonar,0.05,member_training_labels_only,0.9673631656804733,0.970820994763586,0.7211538461538461,nan
semi_sonar_trainnoise0.05,UCI id=151 via ucimlrepo,2,0.95,release_3,granular_ball,random_forest,208,60,2,54,1.9259259259259258,2.0,1,5,24,0.7592592592592593,1.0,1.9519643121740249,1.668348596377548,0.9351851851851852,1.0,1.0,1.0,sonar,0.05,member_training_labels_only,0.9774408284023669,0.979766402861674,0.8461538461538461,nan
semi_sonar_trainnoise0.05,UCI id=151 via ucimlrepo,2,0.95,release_3,matched_kmeans,logistic,208,60,2,54,1.9259259259259258,1.0,1,12,38,0.7962962962962963,0.9259259259259259,0.880115672635474,0.0,0.9581569664902998,1.0,1.0,1.0,sonar,0.05,member_training_labels_only,0.9205806213017751,0.9226109733384664,0.49038461538461536,nan
semi_sonar_trainnoise0.05,UCI id=151 via ucimlrepo,2,0.95,release_3,matched_kmeans,random_forest,208,60,2,54,1.9259259259259258,1.0,1,12,38,0.7962962962962963,0.9259259259259259,0.880115672635474,0.0,0.9581569664902998,1.0,1.0,1.0,sonar,0.05,member_training_labels_only,0.9263128698224852,0.9250123045756106,0.49038461538461536,nan
semi_sonar_trainnoise0.05,UCI id=151 via ucimlrepo,2,0.99,release_1,granular_ball,logistic,208,60,2,54,1.9259259259259258,2.0,1,5,24,0.7592592592592593,1.0,1.9519643121740249,1.668348596377548,0.9351851851851852,1.0,1.0,1.0,sonar,0.05,member_training_labels_only,0.9443417159763313,0.9467178529829307,0.49038461538461536,nan
semi_sonar_trainnoise0.05,UCI id=151 via ucimlrepo,2,0.99,release_1,granular_ball,random_forest,208,60,2,54,1.9259259259259258,2.0,1,5,24,0.7592592592592593,1.0,1.9519643121740249,1.668348596377548,0.9351851851851852,1.0,1.0,1.0,sonar,0.05,member_training_labels_only,0.9408284023668639,0.9376412033144315,0.5480769230769231,nan
semi_sonar_trainnoise0.05,UCI id=151 via ucimlrepo,2,0.99,release_1,matched_kmeans,logistic,208,60,2,54,1.9259259259259258,1.0,1,12,38,0.7962962962962963,0.9259259259259259,0.880115672635474,0.0,0.9581569664902998,1.0,1.0,1.0,sonar,0.05,member_training_labels_only,0.9296412721893492,0.9342448825468472,0.5865384615384616,nan
semi_sonar_trainnoise0.05,UCI id=151 via ucimlrepo,2,0.99,release_1,matched_kmeans,random_forest,208,60,2,54,1.9259259259259258,1.0,1,12,38,0.7962962962962963,0.9259259259259259,0.880115672635474,0.0,0.9581569664902998,1.0,1.0,1.0,sonar,0.05,member_training_labels_only,0.9192862426035503,0.9211430582576003,0.5480769230769231,nan
semi_sonar_trainnoise0.05,UCI id=151 via ucimlrepo,2,0.99,release_2,granular_ball,logistic,208,60,2,54,1.9259259259259258,2.0,1,5,24,0.7592592592592593,1.0,1.9519643121740249,1.668348596377548,0.9351851851851852,1.0,1.0,1.0,sonar,0.05,member_training_labels_only,0.9692122781065089,0.9732547658392038,0.7596153846153846,nan
semi_sonar_trainnoise0.05,UCI id=151 via ucimlrepo,2,0.99,release_2,granular_ball,random_forest,208,60,2,54,1.9259259259259258,2.0,1,5,24,0.7592592592592593,1.0,1.9519643121740249,1.668348596377548,0.9351851851851852,1.0,1.0,1.0,sonar,0.05,member_training_labels_only,0.9775332840236686,0.9804254135727679,0.8269230769230769,nan
semi_sonar_trainnoise0.05,UCI id=151 via ucimlrepo,2,0.99,release_2,matched_kmeans,logistic,208,60,2,54,1.9259259259259258,1.0,1,12,38,0.7962962962962963,0.9259259259259259,0.880115672635474,0.0,0.9581569664902998,1.0,1.0,1.0,sonar,0.05,member_training_labels_only,0.927237426035503,0.9303899799673986,0.5192307692307693,nan
semi_sonar_trainnoise0.05,UCI id=151 via ucimlrepo,2,0.99,release_2,matched_kmeans,random_forest,208,60,2,54,1.9259259259259258,1.0,1,12,38,0.7962962962962963,0.9259259259259259,0.880115672635474,0.0,0.9581569664902998,1.0,1.0,1.0,sonar,0.05,member_training_labels_only,0.9308431952662721,0.9325531817852082,0.5480769230769231,nan
semi_sonar_trainnoise0.05,UCI id=151 via ucimlrepo,2,0.99,release_3,granular_ball,logistic,208,60,2,54,1.9259259259259258,2.0,1,5,24,0.7592592592592593,1.0,1.9519643121740249,1.668348596377548,0.9351851851851852,1.0,1.0,1.0,sonar,0.05,member_training_labels_only,0.9673631656804733,0.970820994763586,0.7211538461538461,nan
semi_sonar_trainnoise0.05,UCI id=151 via ucimlrepo,2,0.99,release_3,granular_ball,random_forest,208,60,2,54,1.9259259259259258,2.0,1,5,24,0.7592592592592593,1.0,1.9519643121740249,1.668348596377548,0.9351851851851852,1.0,1.0,1.0,sonar,0.05,member_training_labels_only,0.9774408284023669,0.979766402861674,0.8461538461538461,nan
semi_sonar_trainnoise0.05,UCI id=151 via ucimlrepo,2,0.99,release_3,matched_kmeans,logistic,208,60,2,54,1.9259259259259258,1.0,1,12,38,0.7962962962962963,0.9259259259259259,0.880115672635474,0.0,0.9581569664902998,1.0,1.0,1.0,sonar,0.05,member_training_labels_only,0.9205806213017751,0.9226109733384664,0.49038461538461536,nan
semi_sonar_trainnoise0.05,UCI id=151 via ucimlrepo,2,0.99,release_3,matched_kmeans,random_forest,208,60,2,54,1.9259259259259258,1.0,1,12,38,0.7962962962962963,0.9259259259259259,0.880115672635474,0.0,0.9581569664902998,1.0,1.0,1.0,sonar,0.05,member_training_labels_only,0.9263128698224852,0.9250123045756106,0.49038461538461536,nan
semi_sonar_trainnoise0.05,UCI id=151 via ucimlrepo,13,0.7,release_1,granular_ball,logistic,208,60,2,8,13.0,12.0,2,24,0,0.125,0.125,5.220399381496877,4.937941269058585,0.7380473692973694,0.7113095238095238,0.70625,0.7762237762237763,sonar,0.05,member_training_labels_only,0.6636464497041421,0.6896197476314241,0.1346153846153846,nan
semi_sonar_trainnoise0.05,UCI id=151 via ucimlrepo,13,0.7,release_1,granular_ball,random_forest,208,60,2,8,13.0,12.0,2,24,0,0.125,0.125,5.220399381496877,4.937941269058585,0.7380473692973694,0.7113095238095238,0.70625,0.7762237762237763,sonar,0.05,member_training_labels_only,0.6881471893491123,0.6787786307477887,0.0673076923076923,nan
semi_sonar_trainnoise0.05,UCI id=151 via ucimlrepo,13,0.7,release_1,matched_kmeans,logistic,208,60,2,8,13.0,10.0,4,32,0,0.0,0.25,5.920774713797003,5.532459867631276,0.7589657738095239,0.7410714285714286,0.5958333333333333,0.90625,sonar,0.05,member_training_labels_only,0.6793639053254438,0.6181064166493327,0.0,nan
semi_sonar_trainnoise0.05,UCI id=151 via ucimlrepo,13,0.7,release_1,matched_kmeans,random_forest,208,60,2,8,13.0,10.0,4,32,0,0.0,0.25,5.920774713797003,5.532459867631276,0.7589657738095239,0.7410714285714286,0.5958333333333333,0.90625,sonar,0.05,member_training_labels_only,0.6388221153846153,0.6496288569966437,0.16346153846153846,nan
semi_sonar_trainnoise0.05,UCI id=151 via ucimlrepo,13,0.7,release_2,granular_ball,logistic,208,60,2,8,13.0,12.0,2,24,0,0.125,0.125,5.220399381496877,4.937941269058585,0.7380473692973694,0.7113095238095238,0.70625,0.7762237762237763,sonar,0.05,member_training_labels_only,0.6608727810650886,0.6908559409651112,0.125,nan
semi_sonar_trainnoise0.05,UCI id=151 via ucimlrepo,13,0.7,release_2,granular_ball,random_forest,208,60,2,8,13.0,12.0,2,24,0,0.125,0.125,5.220399381496877,4.937941269058585,0.7380473692973694,0.7113095238095238,0.70625,0.7762237762237763,sonar,0.05,member_training_labels_only,0.6621671597633136,0.6495409967847254,0.07692307692307693,nan
semi_sonar_trainnoise0.05,UCI id=151 via ucimlrepo,13,0.7,release_2,matched_kmeans,logistic,208,60,2,8,13.0,10.0,4,32,0,0.0,0.25,5.920774713797003,5.532459867631276,0.7589657738095239,0.7410714285714286,0.5958333333333333,0.90625,sonar,0.05,member_training_labels_only,0.6643860946745562,0.5996803331247681,0.009615384615384616,nan
semi_sonar_trainnoise0.05,UCI id=151 via ucimlrepo,13,0.7,release_2,matched_kmeans,random_forest,208,60,2,8,13.0,10.0,4,32,0,0.0,0.25,5.920774713797003,5.532459867631276,0.7589657738095239,0.7410714285714286,0.5958333333333333,0.90625,sonar,0.05,member_training_labels_only,0.6519045857988166,0.6274018647517372,0.0673076923076923,nan
semi_sonar_trainnoise0.05,UCI id=151 via ucimlrepo,13,0.7,release_3,granular_ball,logistic,208,60,2,8,13.0,12.0,2,24,0,0.125,0.125,5.220399381496877,4.937941269058585,0.7380473692973694,0.7113095238095238,0.70625,0.7762237762237763,sonar,0.05,member_training_labels_only,0.6424741124260355,0.6644107896811602,0.09615384615384616,nan
semi_sonar_trainnoise0.05,UCI id=151 via ucimlrepo,13,0.7,release_3,granular_ball,random_forest,208,60,2,8,13.0,12.0,2,24,0,0.125,0.125,5.220399381496877,4.937941269058585,0.7380473692973694,0.7113095238095238,0.70625,0.7762237762237763,sonar,0.05,member_training_labels_only,0.637389053254438,0.6397430320888968,0.11538461538461539,nan
semi_sonar_trainnoise0.05,UCI id=151 via ucimlrepo,13,0.7,release_3,matched_kmeans,logistic,208,60,2,8,13.0,10.0,4,32,0,0.0,0.25,5.920774713797003,5.532459867631276,0.7589657738095239,0.7410714285714286,0.5958333333333333,0.90625,sonar,0.05,member_training_labels_only,0.6848187869822485,0.6409453125245232,0.009615384615384616,nan
semi_sonar_trainnoise0.05,UCI id=151 via ucimlrepo,13,0.7,release_3,matched_kmeans,random_forest,208,60,2,8,13.0,10.0,4,32,0,0.0,0.25,5.920774713797003,5.532459867631276,0.7589657738095239,0.7410714285714286,0.5958333333333333,0.90625,sonar,0.05,member_training_labels_only,0.6458025147928993,0.6228364766114968,0.04807692307692308,nan
semi_sonar_trainnoise0.05,UCI id=151 via ucimlrepo,13,0.8,release_1,granular_ball,logistic,208,60,2,32,3.25,2.0,1,13,9,0.625,0.90625,2.9002484654024636,3.5376023791380242,0.9113854895104896,1.0,0.9807692307692308,1.0,sonar,0.05,member_training_labels_only,0.8357988165680472,0.83385682170055,0.22115384615384615,nan
semi_sonar_trainnoise0.05,UCI id=151 via ucimlrepo,13,0.8,release_1,granular_ball,random_forest,208,60,2,32,3.25,2.0,1,13,9,0.625,0.90625,2.9002484654024636,3.5376023791380242,0.9113854895104896,1.0,0.9807692307692308,1.0,sonar,0.05,member_training_labels_only,0.8287721893491123,0.8266674267727586,0.125,nan
semi_sonar_trainnoise0.05,UCI id=151 via ucimlrepo,13,0.8,release_1,matched_kmeans,logistic,208,60,2,32,3.25,2.0,1,18,14,0.59375,0.84375,2.195592440458685,2.997542502014456,0.8952876984126984,1.0,0.7944444444444445,1.0,sonar,0.05,member_training_labels_only,0.8888683431952662,0.8869763363097488,0.2403846153846154,nan
semi_sonar_trainnoise0.05,UCI id=151 via ucimlrepo,13,0.8,release_1,matched_kmeans,random_forest,208,60,2,32,3.25,2.0,1,18,14,0.59375,0.84375,2.195592440458685,2.997542502014456,0.8952876984126984,1.0,0.7944444444444445,1.0,sonar,0.05,member_training_labels_only,0.870007396449704,0.8542153603818263,0.20192307692307693,nan
semi_sonar_trainnoise0.05,UCI id=151 via ucimlrepo,13,0.8,release_2,granular_ball,logistic,208,60,2,32,3.25,2.0,1,13,9,0.625,0.90625,2.9002484654024636,3.5376023791380242,0.9113854895104896,1.0,0.9807692307692308,1.0,sonar,0.05,member_training_labels_only,0.8746301775147929,0.8903529486049666,0.46153846153846156,nan
semi_sonar_trainnoise0.05,UCI id=151 via ucimlrepo,13,0.8,release_2,granular_ball,random_forest,208,60,2,32,3.25,2.0,1,13,9,0.625,0.90625,2.9002484654024636,3.5376023791380242,0.9113854895104896,1.0,0.9807692307692308,1.0,sonar,0.05,member_training_labels_only,0.8691752958579881,0.8706352330934677,0.17307692307692307,nan
semi_sonar_trainnoise0.05,UCI id=151 via ucimlrepo,13,0.8,release_2,matched_kmeans,logistic,208,60,2,32,3.25,2.0,1,18,14,0.59375,0.84375,2.195592440458685,2.997542502014456,0.8952876984126984,1.0,0.7944444444444445,1.0,sonar,0.05,member_training_labels_only,0.8801775147928994,0.8767319895870094,0.21153846153846154,nan
semi_sonar_trainnoise0.05,UCI id=151 via ucimlrepo,13,0.8,release_2,matched_kmeans,random_forest,208,60,2,32,3.25,2.0,1,18,14,0.59375,0.84375,2.195592440458685,2.997542502014456,0.8952876984126984,1.0,0.7944444444444445,1.0,sonar,0.05,member_training_labels_only,0.8713942307692307,0.870773508436611,0.2980769230769231,nan
semi_sonar_trainnoise0.05,UCI id=151 via ucimlrepo,13,0.8,release_3,granular_ball,logistic,208,60,2,32,3.25,2.0,1,13,9,0.625,0.90625,2.9002484654024636,3.5376023791380242,0.9113854895104896,1.0,0.9807692307692308,1.0,sonar,0.05,member_training_labels_only,0.875462278106509,0.8876733466735349,0.34615384615384615,nan
semi_sonar_trainnoise0.05,UCI id=151 via ucimlrepo,13,0.8,release_3,granular_ball,random_forest,208,60,2,32,3.25,2.0,1,13,9,0.625,0.90625,2.9002484654024636,3.5376023791380242,0.9113854895104896,1.0,0.9807692307692308,1.0,sonar,0.05,member_training_labels_only,0.8668639053254438,0.8724188671069171,0.2980769230769231,nan
semi_sonar_trainnoise0.05,UCI id=151 via ucimlrepo,13,0.8,release_3,matched_kmeans,logistic,208,60,2,32,3.25,2.0,1,18,14,0.59375,0.84375,2.195592440458685,2.997542502014456,0.8952876984126984,1.0,0.7944444444444445,1.0,sonar,0.05,member_training_labels_only,0.8802699704142011,0.8757238479736003,0.21153846153846154,nan
semi_sonar_trainnoise0.05,UCI id=151 via ucimlrepo,13,0.8,release_3,matched_kmeans,random_forest,208,60,2,32,3.25,2.0,1,18,14,0.59375,0.84375,2.195592440458685,2.997542502014456,0.8952876984126984,1.0,0.7944444444444445,1.0,sonar,0.05,member_training_labels_only,0.8645525147928994,0.8631443821197942,0.36538461538461536,nan
semi_sonar_trainnoise0.05,UCI id=151 via ucimlrepo,13,0.9,release_1,granular_ball,logistic,208,60,2,37,2.810810810810811,2.0,1,13,12,0.6486486486486487,0.9459459459459459,2.6419002970527203,3.403320127881405,0.9282744282744283,1.0,1.0,1.0,sonar,0.05,member_training_labels_only,0.8606693786982249,0.8611076795542363,0.28846153846153844,nan
semi_sonar_trainnoise0.05,UCI id=151 via ucimlrepo,13,0.9,release_1,granular_ball,random_forest,208,60,2,37,2.810810810810811,2.0,1,13,12,0.6486486486486487,0.9459459459459459,2.6419002970527203,3.403320127881405,0.9282744282744283,1.0,1.0,1.0,sonar,0.05,member_training_labels_only,0.8680658284023668,0.8656311056370647,0.21153846153846154,nan
semi_sonar_trainnoise0.05,UCI id=151 via ucimlrepo,13,0.9,release_1,matched_kmeans,logistic,208,60,2,37,2.810810810810811,2.0,1,18,18,0.6756756756756757,0.8918918918918919,1.8515942287078815,2.1769517262513456,0.9252037752037752,1.0,1.0,1.0,sonar,0.05,member_training_labels_only,0.9029215976331361,0.9033229405507566,0.3557692307692308,nan
semi_sonar_trainnoise0.05,UCI id=151 via ucimlrepo,13,0.9,release_1,matched_kmeans,random_forest,208,60,2,37,2.810810810810811,2.0,1,18,18,0.6756756756756757,0.8918918918918919,1.8515942287078815,2.1769517262513456,0.9252037752037752,1.0,1.0,1.0,sonar,0.05,member_training_labels_only,0.875369822485207,0.8754871647119998,0.2980769230769231,nan
semi_sonar_trainnoise0.05,UCI id=151 via ucimlrepo,13,0.9,release_2,granular_ball,logistic,208,60,2,37,2.810810810810811,2.0,1,13,12,0.6486486486486487,0.9459459459459459,2.6419002970527203,3.403320127881405,0.9282744282744283,1.0,1.0,1.0,sonar,0.05,member_training_labels_only,0.9083764792899408,0.9170862787165424,0.4807692307692308,nan
semi_sonar_trainnoise0.05,UCI id=151 via ucimlrepo,13,0.9,release_2,granular_ball,random_forest,208,60,2,37,2.810810810810811,2.0,1,13,12,0.6486486486486487,0.9459459459459459,2.6419002970527203,3.403320127881405,0.9282744282744283,1.0,1.0,1.0,sonar,0.05,member_training_labels_only,0.919008875739645,0.9225924657140246,0.3557692307692308,nan
semi_sonar_trainnoise0.05,UCI id=151 via ucimlrepo,13,0.9,release_2,matched_kmeans,logistic,208,60,2,37,2.810810810810811,2.0,1,18,18,0.6756756756756757,0.8918918918918919,1.8515942287078815,2.1769517262513456,0.9252037752037752,1.0,1.0,1.0,sonar,0.05,member_training_labels_only,0.8982063609467456,0.8952486454591528,0.27884615384615385,nan
semi_sonar_trainnoise0.05,UCI id=151 via ucimlrepo,13,0.9,release_2,matched_kmeans,random_forest,208,60,2,37,2.810810810810811,2.0,1,18,18,0.6756756756756757,0.8918918918918919,1.8515942287078815,2.1769517262513456,0.9252037752037752,1.0,1.0,1.0,sonar,0.05,member_training_labels_only,0.8881286982248521,0.8934859396047642,0.40384615384615385,nan
semi_sonar_trainnoise0.05,UCI id=151 via ucimlrepo,13,0.9,release_3,granular_ball,logistic,208,60,2,37,2.810810810810811,2.0,1,13,12,0.6486486486486487,0.9459459459459459,2.6419002970527203,3.403320127881405,0.9282744282744283,1.0,1.0,1.0,sonar,0.05,member_training_labels_only,0.9067122781065088,0.9132597376971686,0.375,nan
semi_sonar_trainnoise0.05,UCI id=151 via ucimlrepo,13,0.9,release_3,granular_ball,random_forest,208,60,2,37,2.810810810810811,2.0,1,13,12,0.6486486486486487,0.9459459459459459,2.6419002970527203,3.403320127881405,0.9282744282744283,1.0,1.0,1.0,sonar,0.05,member_training_labels_only,0.9163276627218934,0.9226372865526322,0.375,nan
semi_sonar_trainnoise0.05,UCI id=151 via ucimlrepo,13,0.9,release_3,matched_kmeans,logistic,208,60,2,37,2.810810810810811,2.0,1,18,18,0.6756756756756757,0.8918918918918919,1.8515942287078815,2.1769517262513456,0.9252037752037752,1.0,1.0,1.0,sonar,0.05,member_training_labels_only,0.8997781065088757,0.8949482609319337,0.3076923076923077,nan
semi_sonar_trainnoise0.05,UCI id=151 via ucimlrepo,13,0.9,release_3,matched_kmeans,random_forest,208,60,2,37,2.810810810810811,2.0,1,18,18,0.6756756756756757,0.8918918918918919,1.8515942287078815,2.1769517262513456,0.9252037752037752,1.0,1.0,1.0,sonar,0.05,member_training_labels_only,0.8860022189349113,0.8934516195882011,0.4326923076923077,nan
semi_sonar_trainnoise0.05,UCI id=151 via ucimlrepo,13,0.95,release_1,granular_ball,logistic,208,60,2,45,2.311111111111111,2.0,1,5,16,0.6666666666666666,1.0,2.3590981002622318,2.240901220110243,0.9222222222222223,1.0,1.0,1.0,sonar,0.05,member_training_labels_only,0.9041235207100591,0.904580374737928,0.375,nan
semi_sonar_trainnoise0.05,UCI id=151 via ucimlrepo,13,0.95,release_1,granular_ball,random_forest,208,60,2,45,2.311111111111111,2.0,1,5,16,0.6666666666666666,1.0,2.3590981002622318,2.240901220110243,0.9222222222222223,1.0,1.0,1.0,sonar,0.05,member_training_labels_only,0.8829511834319527,0.8728413733394176,0.40384615384615385,nan
semi_sonar_trainnoise0.05,UCI id=151 via ucimlrepo,13,0.95,release_1,matched_kmeans,logistic,208,60,2,45,2.311111111111111,1.0,1,11,27,0.6888888888888889,0.9333333333333333,1.3251792354355398,0.0,0.9487349687349688,1.0,1.0,1.0,sonar,0.05,member_training_labels_only,0.924278846153846,0.927597561392279,0.38461538461538464,nan
semi_sonar_trainnoise0.05,UCI id=151 via ucimlrepo,13,0.95,release_1,matched_kmeans,random_forest,208,60,2,45,2.311111111111111,1.0,1,11,27,0.6888888888888889,0.9333333333333333,1.3251792354355398,0.0,0.9487349687349688,1.0,1.0,1.0,sonar,0.05,member_training_labels_only,0.9072670118343195,0.9149528926847057,0.5384615384615384,nan
semi_sonar_trainnoise0.05,UCI id=151 via ucimlrepo,13,0.95,release_2,granular_ball,logistic,208,60,2,45,2.311111111111111,2.0,1,5,16,0.6666666666666666,1.0,2.3590981002622318,2.240901220110243,0.9222222222222223,1.0,1.0,1.0,sonar,0.05,member_training_labels_only,0.9256656804733728,0.9251862343533828,0.2980769230769231,nan
semi_sonar_trainnoise0.05,UCI id=151 via ucimlrepo,13,0.95,release_2,granular_ball,random_forest,208,60,2,45,2.311111111111111,2.0,1,5,16,0.6666666666666666,1.0,2.3590981002622318,2.240901220110243,0.9222222222222223,1.0,1.0,1.0,sonar,0.05,member_training_labels_only,0.9350961538461537,0.9360069520929426,0.49038461538461536,nan
semi_sonar_trainnoise0.05,UCI id=151 via ucimlrepo,13,0.95,release_2,matched_kmeans,logistic,208,60,2,45,2.311111111111111,1.0,1,11,27,0.6888888888888889,0.9333333333333333,1.3251792354355398,0.0,0.9487349687349688,1.0,1.0,1.0,sonar,0.05,member_training_labels_only,0.9217825443786982,0.9229711489602211,0.33653846153846156,nan
semi_sonar_trainnoise0.05,UCI id=151 via ucimlrepo,13,0.95,release_2,matched_kmeans,random_forest,208,60,2,45,2.311111111111111,1.0,1,11,27,0.6888888888888889,0.9333333333333333,1.3251792354355398,0.0,0.9487349687349688,1.0,1.0,1.0,sonar,0.05,member_training_labels_only,0.9164201183431954,0.9260910218165916,0.5769230769230769,nan
semi_sonar_trainnoise0.05,UCI id=151 via ucimlrepo,13,0.95,release_3,granular_ball,logistic,208,60,2,45,2.311111111111111,2.0,1,5,16,0.6666666666666666,1.0,2.3590981002622318,2.240901220110243,0.9222222222222223,1.0,1.0,1.0,sonar,0.05,member_training_labels_only,0.9254807692307693,0.9266143018900382,0.3269230769230769,nan
semi_sonar_trainnoise0.05,UCI id=151 via ucimlrepo,13,0.95,release_3,granular_ball,random_forest,208,60,2,45,2.311111111111111,2.0,1,5,16,0.6666666666666666,1.0,2.3590981002622318,2.240901220110243,0.9222222222222223,1.0,1.0,1.0,sonar,0.05,member_training_labels_only,0.9330621301775148,0.9388223232437577,0.5,nan
semi_sonar_trainnoise0.05,UCI id=151 via ucimlrepo,13,0.95,release_3,matched_kmeans,logistic,208,60,2,45,2.311111111111111,1.0,1,11,27,0.6888888888888889,0.9333333333333333,1.3251792354355398,0.0,0.9487349687349688,1.0,1.0,1.0,sonar,0.05,member_training_labels_only,0.9222448224852071,0.9220083327438473,0.40384615384615385,nan
semi_sonar_trainnoise0.05,UCI id=151 via ucimlrepo,13,0.95,release_3,matched_kmeans,random_forest,208,60,2,45,2.311111111111111,1.0,1,11,27,0.6888888888888889,0.9333333333333333,1.3251792354355398,0.0,0.9487349687349688,1.0,1.0,1.0,sonar,0.05,member_training_labels_only,0.9172522189349113,0.9266847225233609,0.5961538461538461,nan
semi_sonar_trainnoise0.05,UCI id=151 via ucimlrepo,13,0.99,release_1,granular_ball,logistic,208,60,2,45,2.311111111111111,2.0,1,5,16,0.6666666666666666,1.0,2.3590981002622318,2.240901220110243,0.9222222222222223,1.0,1.0,1.0,sonar,0.05,member_training_labels_only,0.9041235207100591,0.904580374737928,0.375,nan
semi_sonar_trainnoise0.05,UCI id=151 via ucimlrepo,13,0.99,release_1,granular_ball,random_forest,208,60,2,45,2.311111111111111,2.0,1,5,16,0.6666666666666666,1.0,2.3590981002622318,2.240901220110243,0.9222222222222223,1.0,1.0,1.0,sonar,0.05,member_training_labels_only,0.8829511834319527,0.8728413733394176,0.40384615384615385,nan
semi_sonar_trainnoise0.05,UCI id=151 via ucimlrepo,13,0.99,release_1,matched_kmeans,logistic,208,60,2,45,2.311111111111111,1.0,1,11,27,0.6888888888888889,0.9333333333333333,1.3251792354355398,0.0,0.9487349687349688,1.0,1.0,1.0,sonar,0.05,member_training_labels_only,0.924278846153846,0.927597561392279,0.38461538461538464,nan
semi_sonar_trainnoise0.05,UCI id=151 via ucimlrepo,13,0.99,release_1,matched_kmeans,random_forest,208,60,2,45,2.311111111111111,1.0,1,11,27,0.6888888888888889,0.9333333333333333,1.3251792354355398,0.0,0.9487349687349688,1.0,1.0,1.0,sonar,0.05,member_training_labels_only,0.9072670118343195,0.9149528926847057,0.5384615384615384,nan
semi_sonar_trainnoise0.05,UCI id=151 via ucimlrepo,13,0.99,release_2,granular_ball,logistic,208,60,2,45,2.311111111111111,2.0,1,5,16,0.6666666666666666,1.0,2.3590981002622318,2.240901220110243,0.9222222222222223,1.0,1.0,1.0,sonar,0.05,member_training_labels_only,0.9256656804733728,0.9251862343533828,0.2980769230769231,nan
semi_sonar_trainnoise0.05,UCI id=151 via ucimlrepo,13,0.99,release_2,granular_ball,random_forest,208,60,2,45,2.311111111111111,2.0,1,5,16,0.6666666666666666,1.0,2.3590981002622318,2.240901220110243,0.9222222222222223,1.0,1.0,1.0,sonar,0.05,member_training_labels_only,0.9350961538461537,0.9360069520929426,0.49038461538461536,nan
semi_sonar_trainnoise0.05,UCI id=151 via ucimlrepo,13,0.99,release_2,matched_kmeans,logistic,208,60,2,45,2.311111111111111,1.0,1,11,27,0.6888888888888889,0.9333333333333333,1.3251792354355398,0.0,0.9487349687349688,1.0,1.0,1.0,sonar,0.05,member_training_labels_only,0.9217825443786982,0.9229711489602211,0.33653846153846156,nan
semi_sonar_trainnoise0.05,UCI id=151 via ucimlrepo,13,0.99,release_2,matched_kmeans,random_forest,208,60,2,45,2.311111111111111,1.0,1,11,27,0.6888888888888889,0.9333333333333333,1.3251792354355398,0.0,0.9487349687349688,1.0,1.0,1.0,sonar,0.05,member_training_labels_only,0.9164201183431954,0.9260910218165916,0.5769230769230769,nan
semi_sonar_trainnoise0.05,UCI id=151 via ucimlrepo,13,0.99,release_3,granular_ball,logistic,208,60,2,45,2.311111111111111,2.0,1,5,16,0.6666666666666666,1.0,2.3590981002622318,2.240901220110243,0.9222222222222223,1.0,1.0,1.0,sonar,0.05,member_training_labels_only,0.9254807692307693,0.9266143018900382,0.3269230769230769,nan
semi_sonar_trainnoise0.05,UCI id=151 via ucimlrepo,13,0.99,release_3,granular_ball,random_forest,208,60,2,45,2.311111111111111,2.0,1,5,16,0.6666666666666666,1.0,2.3590981002622318,2.240901220110243,0.9222222222222223,1.0,1.0,1.0,sonar,0.05,member_training_labels_only,0.9330621301775148,0.9388223232437577,0.5,nan
semi_sonar_trainnoise0.05,UCI id=151 via ucimlrepo,13,0.99,release_3,matched_kmeans,logistic,208,60,2,45,2.311111111111111,1.0,1,11,27,0.6888888888888889,0.9333333333333333,1.3251792354355398,0.0,0.9487349687349688,1.0,1.0,1.0,sonar,0.05,member_training_labels_only,0.9222448224852071,0.9220083327438473,0.40384615384615385,nan
semi_sonar_trainnoise0.05,UCI id=151 via ucimlrepo,13,0.99,release_3,matched_kmeans,random_forest,208,60,2,45,2.311111111111111,1.0,1,11,27,0.6888888888888889,0.9333333333333333,1.3251792354355398,0.0,0.9487349687349688,1.0,1.0,1.0,sonar,0.05,member_training_labels_only,0.9172522189349113,0.9266847225233609,0.5961538461538461,nan
semi_sonar_trainnoise0.05,UCI id=151 via ucimlrepo,73,0.7,release_1,granular_ball,logistic,208,60,2,24,4.333333333333333,3.5,1,11,6,0.4166666666666667,0.6666666666666666,3.277918940803707,3.9284245300598286,0.845747655122655,0.8660714285714286,0.7410714285714286,1.0,sonar,0.05,member_training_labels_only,0.7955806213017752,0.7918852932595316,0.14423076923076922,nan
semi_sonar_trainnoise0.05,UCI id=151 via ucimlrepo,73,0.7,release_1,granular_ball,random_forest,208,60,2,24,4.333333333333333,3.5,1,11,6,0.4166666666666667,0.6666666666666666,3.277918940803707,3.9284245300598286,0.845747655122655,0.8660714285714286,0.7410714285714286,1.0,sonar,0.05,member_training_labels_only,0.8138868343195266,0.8434681640200612,0.36538461538461536,nan
semi_sonar_trainnoise0.05,UCI id=151 via ucimlrepo,73,0.7,release_1,matched_kmeans,logistic,208,60,2,24,4.333333333333333,3.0,1,11,3,0.2916666666666667,0.6666666666666666,3.9070640342694083,4.309094173700192,0.814378908128908,0.8055555555555556,0.6590909090909091,1.0,sonar,0.05,member_training_labels_only,0.8445821005917159,0.8384330247934281,0.2692307692307692,nan
semi_sonar_trainnoise0.05,UCI id=151 via ucimlrepo,73,0.7,release_1,matched_kmeans,random_forest,208,60,2,24,4.333333333333333,3.0,1,11,3,0.2916666666666667,0.6666666666666666,3.9070640342694083,4.309094173700192,0.814378908128908,0.8055555555555556,0.6590909090909091,1.0,sonar,0.05,member_training_labels_only,0.8080621301775148,0.7599271565929354,0.04807692307692308,nan
semi_sonar_trainnoise0.05,UCI id=151 via ucimlrepo,73,0.7,release_2,granular_ball,logistic,208,60,2,24,4.333333333333333,3.5,1,11,6,0.4166666666666667,0.6666666666666666,3.277918940803707,3.9284245300598286,0.845747655122655,0.8660714285714286,0.7410714285714286,1.0,sonar,0.05,member_training_labels_only,0.8204511834319527,0.8196588313753407,0.2403846153846154,nan
semi_sonar_trainnoise0.05,UCI id=151 via ucimlrepo,73,0.7,release_2,granular_ball,random_forest,208,60,2,24,4.333333333333333,3.5,1,11,6,0.4166666666666667,0.6666666666666666,3.277918940803707,3.9284245300598286,0.845747655122655,0.8660714285714286,0.7410714285714286,1.0,sonar,0.05,member_training_labels_only,0.8166605029585798,0.8341135906320573,0.25961538461538464,nan
semi_sonar_trainnoise0.05,UCI id=151 via ucimlrepo,73,0.7,release_2,matched_kmeans,logistic,208,60,2,24,4.333333333333333,3.0,1,11,3,0.2916666666666667,0.6666666666666666,3.9070640342694083,4.309094173700192,0.814378908128908,0.8055555555555556,0.6590909090909091,1.0,sonar,0.05,member_training_labels_only,0.860207100591716,0.8557768945003568,0.2403846153846154,nan
semi_sonar_trainnoise0.05,UCI id=151 via ucimlrepo,73,0.7,release_2,matched_kmeans,random_forest,208,60,2,24,4.333333333333333,3.0,1,11,3,0.2916666666666667,0.6666666666666666,3.9070640342694083,4.309094173700192,0.814378908128908,0.8055555555555556,0.6590909090909091,1.0,sonar,0.05,member_training_labels_only,0.8351516272189349,0.8080245188350975,0.08653846153846154,nan
semi_sonar_trainnoise0.05,UCI id=151 via ucimlrepo,73,0.7,release_3,granular_ball,logistic,208,60,2,24,4.333333333333333,3.5,1,11,6,0.4166666666666667,0.6666666666666666,3.277918940803707,3.9284245300598286,0.845747655122655,0.8660714285714286,0.7410714285714286,1.0,sonar,0.05,member_training_labels_only,0.8185096153846153,0.8151545952665891,0.21153846153846154,nan
semi_sonar_trainnoise0.05,UCI id=151 via ucimlrepo,73,0.7,release_3,granular_ball,random_forest,208,60,2,24,4.333333333333333,3.5,1,11,6,0.4166666666666667,0.6666666666666666,3.277918940803707,3.9284245300598286,0.845747655122655,0.8660714285714286,0.7410714285714286,1.0,sonar,0.05,member_training_labels_only,0.8230399408284023,0.8290737382147015,0.28846153846153844,nan
semi_sonar_trainnoise0.05,UCI id=151 via ucimlrepo,73,0.7,release_3,matched_kmeans,logistic,208,60,2,24,4.333333333333333,3.0,1,11,3,0.2916666666666667,0.6666666666666666,3.9070640342694083,4.309094173700192,0.814378908128908,0.8055555555555556,0.6590909090909091,1.0,sonar,0.05,member_training_labels_only,0.8592825443786982,0.8522174924902713,0.23076923076923078,nan
semi_sonar_trainnoise0.05,UCI id=151 via ucimlrepo,73,0.7,release_3,matched_kmeans,random_forest,208,60,2,24,4.333333333333333,3.0,1,11,3,0.2916666666666667,0.6666666666666666,3.9070640342694083,4.309094173700192,0.814378908128908,0.8055555555555556,0.6590909090909091,1.0,sonar,0.05,member_training_labels_only,0.8461538461538461,0.8190010728083412,0.07692307692307693,nan
semi_sonar_trainnoise0.05,UCI id=151 via ucimlrepo,73,0.8,release_1,granular_ball,logistic,208,60,2,36,2.888888888888889,2.0,1,11,13,0.5833333333333334,0.8611111111111112,2.507874074573592,2.6741678186130255,0.9023238335738336,1.0,0.8511904761904762,1.0,sonar,0.05,member_training_labels_only,0.865939349112426,0.8706979912204595,0.2980769230769231,nan
semi_sonar_trainnoise0.05,UCI id=151 via ucimlrepo,73,0.8,release_1,granular_ball,random_forest,208,60,2,36,2.888888888888889,2.0,1,11,13,0.5833333333333334,0.8611111111111112,2.507874074573592,2.6741678186130255,0.9023238335738336,1.0,0.8511904761904762,1.0,sonar,0.05,member_training_labels_only,0.8529031065088757,0.868829586879838,0.34615384615384615,nan
semi_sonar_trainnoise0.05,UCI id=151 via ucimlrepo,73,0.8,release_1,matched_kmeans,logistic,208,60,2,36,2.888888888888889,2.0,1,13,17,0.6388888888888888,0.8055555555555556,2.07289622056779,2.8915684307177023,0.9072632614299282,1.0,0.8194444444444444,1.0,sonar,0.05,member_training_labels_only,0.8654770710059171,0.8700372307664359,0.34615384615384615,nan
semi_sonar_trainnoise0.05,UCI id=151 via ucimlrepo,73,0.8,release_1,matched_kmeans,random_forest,208,60,2,36,2.888888888888889,2.0,1,13,17,0.6388888888888888,0.8055555555555556,2.07289622056779,2.8915684307177023,0.9072632614299282,1.0,0.8194444444444444,1.0,sonar,0.05,member_training_labels_only,0.8313609467455622,0.8216027075721051,0.25961538461538464,nan
semi_sonar_trainnoise0.05,UCI id=151 via ucimlrepo,73,0.8,release_2,granular_ball,logistic,208,60,2,36,2.888888888888889,2.0,1,11,13,0.5833333333333334,0.8611111111111112,2.507874074573592,2.6741678186130255,0.9023238335738336,1.0,0.8511904761904762,1.0,sonar,0.05,member_training_labels_only,0.9019045857988165,0.9043151931173357,0.375,nan
semi_sonar_trainnoise0.05,UCI id=151 via ucimlrepo,73,0.8,release_2,granular_ball,random_forest,208,60,2,36,2.888888888888889,2.0,1,11,13,0.5833333333333334,0.8611111111111112,2.507874074573592,2.6741678186130255,0.9023238335738336,1.0,0.8511904761904762,1.0,sonar,0.05,member_training_labels_only,0.8859097633136095,0.8856895499687106,0.3076923076923077,nan
semi_sonar_trainnoise0.05,UCI id=151 via ucimlrepo,73,0.8,release_2,matched_kmeans,logistic,208,60,2,36,2.888888888888889,2.0,1,13,17,0.6388888888888888,0.8055555555555556,2.07289622056779,2.8915684307177023,0.9072632614299282,1.0,0.8194444444444444,1.0,sonar,0.05,member_training_labels_only,0.8755547337278107,0.8749039017207965,0.375,nan
semi_sonar_trainnoise0.05,UCI id=151 via ucimlrepo,73,0.8,release_2,matched_kmeans,random_forest,208,60,2,36,2.888888888888889,2.0,1,13,17,0.6388888888888888,0.8055555555555556,2.07289622056779,2.8915684307177023,0.9072632614299282,1.0,0.8194444444444444,1.0,sonar,0.05,member_training_labels_only,0.8566937869822484,0.8456140448635339,0.22115384615384615,nan
semi_sonar_trainnoise0.05,UCI id=151 via ucimlrepo,73,0.8,release_3,granular_ball,logistic,208,60,2,36,2.888888888888889,2.0,1,11,13,0.5833333333333334,0.8611111111111112,2.507874074573592,2.6741678186130255,0.9023238335738336,1.0,0.8511904761904762,1.0,sonar,0.05,member_training_labels_only,0.9067122781065089,0.9105092384799471,0.4326923076923077,nan
semi_sonar_trainnoise0.05,UCI id=151 via ucimlrepo,73,0.8,release_3,granular_ball,random_forest,208,60,2,36,2.888888888888889,2.0,1,11,13,0.5833333333333334,0.8611111111111112,2.507874074573592,2.6741678186130255,0.9023238335738336,1.0,0.8511904761904762,1.0,sonar,0.05,member_training_labels_only,0.8979289940828403,0.8967688262881398,0.38461538461538464,nan
semi_sonar_trainnoise0.05,UCI id=151 via ucimlrepo,73,0.8,release_3,matched_kmeans,logistic,208,60,2,36,2.888888888888889,2.0,1,13,17,0.6388888888888888,0.8055555555555556,2.07289622056779,2.8915684307177023,0.9072632614299282,1.0,0.8194444444444444,1.0,sonar,0.05,member_training_labels_only,0.877034023668639,0.874149154765257,0.2980769230769231,nan
semi_sonar_trainnoise0.05,UCI id=151 via ucimlrepo,73,0.8,release_3,matched_kmeans,random_forest,208,60,2,36,2.888888888888889,2.0,1,13,17,0.6388888888888888,0.8055555555555556,2.07289622056779,2.8915684307177023,0.9072632614299282,1.0,0.8194444444444444,1.0,sonar,0.05,member_training_labels_only,0.8646449704142012,0.8552306264357379,0.23076923076923078,nan
semi_sonar_trainnoise0.05,UCI id=151 via ucimlrepo,73,0.9,release_1,granular_ball,logistic,208,60,2,46,2.260869565217391,2.0,1,10,21,0.6956521739130435,0.9347826086956522,1.9571632962839467,2.2236056877888295,0.9326086956521739,1.0,1.0,1.0,sonar,0.05,member_training_labels_only,0.9125369822485206,0.9179006299698795,0.4519230769230769,nan
semi_sonar_trainnoise0.05,UCI id=151 via ucimlrepo,73,0.9,release_1,granular_ball,random_forest,208,60,2,46,2.260869565217391,2.0,1,10,21,0.6956521739130435,0.9347826086956522,1.9571632962839467,2.2236056877888295,0.9326086956521739,1.0,1.0,1.0,sonar,0.05,member_training_labels_only,0.8840606508875739,0.8952489359377529,0.33653846153846156,nan
semi_sonar_trainnoise0.05,UCI id=151 via ucimlrepo,73,0.9,release_1,matched_kmeans,logistic,208,60,2,46,2.260869565217391,1.5,1,9,23,0.7608695652173914,0.9130434782608695,1.7041075611258187,1.073156018635661,0.9396135265700483,1.0,1.0,1.0,sonar,0.05,member_training_labels_only,0.908284023668639,0.9067828951590935,0.40384615384615385,nan
semi_sonar_trainnoise0.05,UCI id=151 via ucimlrepo,73,0.9,release_1,matched_kmeans,random_forest,208,60,2,46,2.260869565217391,1.5,1,9,23,0.7608695652173914,0.9130434782608695,1.7041075611258187,1.073156018635661,0.9396135265700483,1.0,1.0,1.0,sonar,0.05,member_training_labels_only,0.889376849112426,0.8954696013185396,0.41346153846153844,nan
semi_sonar_trainnoise0.05,UCI id=151 via ucimlrepo,73,0.9,release_2,granular_ball,logistic,208,60,2,46,2.260869565217391,2.0,1,10,21,0.6956521739130435,0.9347826086956522,1.9571632962839467,2.2236056877888295,0.9326086956521739,1.0,1.0,1.0,sonar,0.05,member_training_labels_only,0.9468380177514794,0.9505128992600692,0.5865384615384616,nan
semi_sonar_trainnoise0.05,UCI id=151 via ucimlrepo,73,0.9,release_2,granular_ball,random_forest,208,60,2,46,2.260869565217391,2.0,1,10,21,0.6956521739130435,0.9347826086956522,1.9571632962839467,2.2236056877888295,0.9326086956521739,1.0,1.0,1.0,sonar,0.05,member_training_labels_only,0.9213202662721892,0.9233995940477653,0.5,nan
semi_sonar_trainnoise0.05,UCI id=151 via ucimlrepo,73,0.9,release_2,matched_kmeans,logistic,208,60,2,46,2.260869565217391,1.5,1,9,23,0.7608695652173914,0.9130434782608695,1.7041075611258187,1.073156018635661,0.9396135265700483,1.0,1.0,1.0,sonar,0.05,member_training_labels_only,0.9114275147928994,0.9062024165990603,0.41346153846153844,nan
semi_sonar_trainnoise0.05,UCI id=151 via ucimlrepo,73,0.9,release_2,matched_kmeans,random_forest,208,60,2,46,2.260869565217391,1.5,1,9,23,0.7608695652173914,0.9130434782608695,1.7041075611258187,1.073156018635661,0.9396135265700483,1.0,1.0,1.0,sonar,0.05,member_training_labels_only,0.8989460059171598,0.8975743459535426,0.34615384615384615,nan
semi_sonar_trainnoise0.05,UCI id=151 via ucimlrepo,73,0.9,release_3,granular_ball,logistic,208,60,2,46,2.260869565217391,2.0,1,10,21,0.6956521739130435,0.9347826086956522,1.9571632962839467,2.2236056877888295,0.9326086956521739,1.0,1.0,1.0,sonar,0.05,member_training_labels_only,0.944064349112426,0.9445909531084031,0.5384615384615384,nan
semi_sonar_trainnoise0.05,UCI id=151 via ucimlrepo,73,0.9,release_3,granular_ball,random_forest,208,60,2,46,2.260869565217391,2.0,1,10,21,0.6956521739130435,0.9347826086956522,1.9571632962839467,2.2236056877888295,0.9326086956521739,1.0,1.0,1.0,sonar,0.05,member_training_labels_only,0.9290865384615384,0.9293578388348137,0.5192307692307693,nan
semi_sonar_trainnoise0.05,UCI id=151 via ucimlrepo,73,0.9,release_3,matched_kmeans,logistic,208,60,2,46,2.260869565217391,1.5,1,9,23,0.7608695652173914,0.9130434782608695,1.7041075611258187,1.073156018635661,0.9396135265700483,1.0,1.0,1.0,sonar,0.05,member_training_labels_only,0.9046782544378698,0.8984200037815878,0.375,nan
semi_sonar_trainnoise0.05,UCI id=151 via ucimlrepo,73,0.9,release_3,matched_kmeans,random_forest,208,60,2,46,2.260869565217391,1.5,1,9,23,0.7608695652173914,0.9130434782608695,1.7041075611258187,1.073156018635661,0.9396135265700483,1.0,1.0,1.0,sonar,0.05,member_training_labels_only,0.8905325443786983,0.8905163720468026,0.3269230769230769,nan
semi_sonar_trainnoise0.05,UCI id=151 via ucimlrepo,73,0.95,release_1,granular_ball,logistic,208,60,2,48,2.1666666666666665,2.0,1,8,22,0.6875,0.9583333333333334,1.9258748144699165,2.2236056877888295,0.9375,1.0,1.0,1.0,sonar,0.05,member_training_labels_only,0.9203957100591715,0.9227743802083437,0.46153846153846156,nan
semi_sonar_trainnoise0.05,UCI id=151 via ucimlrepo,73,0.95,release_1,granular_ball,random_forest,208,60,2,48,2.1666666666666665,2.0,1,8,22,0.6875,0.9583333333333334,1.9258748144699165,2.2236056877888295,0.9375,1.0,1.0,1.0,sonar,0.05,member_training_labels_only,0.9007951183431953,0.8751478190155184,0.18269230769230768,nan
semi_sonar_trainnoise0.05,UCI id=151 via ucimlrepo,73,0.95,release_1,matched_kmeans,logistic,208,60,2,48,2.1666666666666665,1.0,1,9,26,0.7708333333333334,0.9166666666666666,1.5364858322693975,0.0,0.9441550925925926,1.0,1.0,1.0,sonar,0.05,member_training_labels_only,0.9154031065088757,0.9138503983663213,0.41346153846153844,nan
semi_sonar_trainnoise0.05,UCI id=151 via ucimlrepo,73,0.95,release_1,matched_kmeans,random_forest,208,60,2,48,2.1666666666666665,1.0,1,9,26,0.7708333333333334,0.9166666666666666,1.5364858322693975,0.0,0.9441550925925926,1.0,1.0,1.0,sonar,0.05,member_training_labels_only,0.8967732988165681,0.8976196433742455,0.46153846153846156,nan
semi_sonar_trainnoise0.05,UCI id=151 via ucimlrepo,73,0.95,release_2,granular_ball,logistic,208,60,2,48,2.1666666666666665,2.0,1,8,22,0.6875,0.9583333333333334,1.9258748144699165,2.2236056877888295,0.9375,1.0,1.0,1.0,sonar,0.05,member_training_labels_only,0.9583949704142012,0.9589086836249097,0.5288461538461539,nan
semi_sonar_trainnoise0.05,UCI id=151 via ucimlrepo,73,0.95,release_2,granular_ball,random_forest,208,60,2,48,2.1666666666666665,2.0,1,8,22,0.6875,0.9583333333333334,1.9258748144699165,2.2236056877888295,0.9375,1.0,1.0,1.0,sonar,0.05,member_training_labels_only,0.9372226331360948,0.9405885255182029,0.5384615384615384,nan
semi_sonar_trainnoise0.05,UCI id=151 via ucimlrepo,73,0.95,release_2,matched_kmeans,logistic,208,60,2,48,2.1666666666666665,1.0,1,9,26,0.7708333333333334,0.9166666666666666,1.5364858322693975,0.0,0.9441550925925926,1.0,1.0,1.0,sonar,0.05,member_training_labels_only,0.9189164201183432,0.9135689588060814,0.41346153846153844,nan
semi_sonar_trainnoise0.05,UCI id=151 via ucimlrepo,73,0.95,release_2,matched_kmeans,random_forest,208,60,2,48,2.1666666666666665,1.0,1,9,26,0.7708333333333334,0.9166666666666666,1.5364858322693975,0.0,0.9441550925925926,1.0,1.0,1.0,sonar,0.05,member_training_labels_only,0.9092085798816568,0.9058945621052104,0.40384615384615385,nan
semi_sonar_trainnoise0.05,UCI id=151 via ucimlrepo,73,0.95,release_3,granular_ball,logistic,208,60,2,48,2.1666666666666665,2.0,1,8,22,0.6875,0.9583333333333334,1.9258748144699165,2.2236056877888295,0.9375,1.0,1.0,1.0,sonar,0.05,member_training_labels_only,0.9559911242603549,0.9565534557736486,0.5288461538461539,nan
semi_sonar_trainnoise0.05,UCI id=151 via ucimlrepo,73,0.95,release_3,granular_ball,random_forest,208,60,2,48,2.1666666666666665,2.0,1,8,22,0.6875,0.9583333333333334,1.9258748144699165,2.2236056877888295,0.9375,1.0,1.0,1.0,sonar,0.05,member_training_labels_only,0.9410133136094674,0.9444945824094562,0.5576923076923077,nan
semi_sonar_trainnoise0.05,UCI id=151 via ucimlrepo,73,0.95,release_3,matched_kmeans,logistic,208,60,2,48,2.1666666666666665,1.0,1,9,26,0.7708333333333334,0.9166666666666666,1.5364858322693975,0.0,0.9441550925925926,1.0,1.0,1.0,sonar,0.05,member_training_labels_only,0.9133690828402367,0.9083168323879689,0.4326923076923077,nan
semi_sonar_trainnoise0.05,UCI id=151 via ucimlrepo,73,0.95,release_3,matched_kmeans,random_forest,208,60,2,48,2.1666666666666665,1.0,1,9,26,0.7708333333333334,0.9166666666666666,1.5364858322693975,0.0,0.9441550925925926,1.0,1.0,1.0,sonar,0.05,member_training_labels_only,0.901719674556213,0.894910905452085,0.3557692307692308,nan
semi_sonar_trainnoise0.05,UCI id=151 via ucimlrepo,73,0.99,release_1,granular_ball,logistic,208,60,2,48,2.1666666666666665,2.0,1,8,22,0.6875,0.9583333333333334,1.9258748144699165,2.2236056877888295,0.9375,1.0,1.0,1.0,sonar,0.05,member_training_labels_only,0.9203957100591715,0.9227743802083437,0.46153846153846156,nan
semi_sonar_trainnoise0.05,UCI id=151 via ucimlrepo,73,0.99,release_1,granular_ball,random_forest,208,60,2,48,2.1666666666666665,2.0,1,8,22,0.6875,0.9583333333333334,1.9258748144699165,2.2236056877888295,0.9375,1.0,1.0,1.0,sonar,0.05,member_training_labels_only,0.9007951183431953,0.8751478190155184,0.18269230769230768,nan
semi_sonar_trainnoise0.05,UCI id=151 via ucimlrepo,73,0.99,release_1,matched_kmeans,logistic,208,60,2,48,2.1666666666666665,1.0,1,9,26,0.7708333333333334,0.9166666666666666,1.5364858322693975,0.0,0.9441550925925926,1.0,1.0,1.0,sonar,0.05,member_training_labels_only,0.9154031065088757,0.9138503983663213,0.41346153846153844,nan
semi_sonar_trainnoise0.05,UCI id=151 via ucimlrepo,73,0.99,release_1,matched_kmeans,random_forest,208,60,2,48,2.1666666666666665,1.0,1,9,26,0.7708333333333334,0.9166666666666666,1.5364858322693975,0.0,0.9441550925925926,1.0,1.0,1.0,sonar,0.05,member_training_labels_only,0.8967732988165681,0.8976196433742455,0.46153846153846156,nan
semi_sonar_trainnoise0.05,UCI id=151 via ucimlrepo,73,0.99,release_2,granular_ball,logistic,208,60,2,48,2.1666666666666665,2.0,1,8,22,0.6875,0.9583333333333334,1.9258748144699165,2.2236056877888295,0.9375,1.0,1.0,1.0,sonar,0.05,member_training_labels_only,0.9583949704142012,0.9589086836249097,0.5288461538461539,nan
semi_sonar_trainnoise0.05,UCI id=151 via ucimlrepo,73,0.99,release_2,granular_ball,random_forest,208,60,2,48,2.1666666666666665,2.0,1,8,22,0.6875,0.9583333333333334,1.9258748144699165,2.2236056877888295,0.9375,1.0,1.0,1.0,sonar,0.05,member_training_labels_only,0.9372226331360948,0.9405885255182029,0.5384615384615384,nan
semi_sonar_trainnoise0.05,UCI id=151 via ucimlrepo,73,0.99,release_2,matched_kmeans,logistic,208,60,2,48,2.1666666666666665,1.0,1,9,26,0.7708333333333334,0.9166666666666666,1.5364858322693975,0.0,0.9441550925925926,1.0,1.0,1.0,sonar,0.05,member_training_labels_only,0.9189164201183432,0.9135689588060814,0.41346153846153844,nan
semi_sonar_trainnoise0.05,UCI id=151 via ucimlrepo,73,0.99,release_2,matched_kmeans,random_forest,208,60,2,48,2.1666666666666665,1.0,1,9,26,0.7708333333333334,0.9166666666666666,1.5364858322693975,0.0,0.9441550925925926,1.0,1.0,1.0,sonar,0.05,member_training_labels_only,0.9092085798816568,0.9058945621052104,0.40384615384615385,nan
semi_sonar_trainnoise0.05,UCI id=151 via ucimlrepo,73,0.99,release_3,granular_ball,logistic,208,60,2,48,2.1666666666666665,2.0,1,8,22,0.6875,0.9583333333333334,1.9258748144699165,2.2236056877888295,0.9375,1.0,1.0,1.0,sonar,0.05,member_training_labels_only,0.9559911242603549,0.9565534557736486,0.5288461538461539,nan
semi_sonar_trainnoise0.05,UCI id=151 via ucimlrepo,73,0.99,release_3,granular_ball,random_forest,208,60,2,48,2.1666666666666665,2.0,1,8,22,0.6875,0.9583333333333334,1.9258748144699165,2.2236056877888295,0.9375,1.0,1.0,1.0,sonar,0.05,member_training_labels_only,0.9410133136094674,0.9444945824094562,0.5576923076923077,nan
semi_sonar_trainnoise0.05,UCI id=151 via ucimlrepo,73,0.99,release_3,matched_kmeans,logistic,208,60,2,48,2.1666666666666665,1.0,1,9,26,0.7708333333333334,0.9166666666666666,1.5364858322693975,0.0,0.9441550925925926,1.0,1.0,1.0,sonar,0.05,member_training_labels_only,0.9133690828402367,0.9083168323879689,0.4326923076923077,nan
semi_sonar_trainnoise0.05,UCI id=151 via ucimlrepo,73,0.99,release_3,matched_kmeans,random_forest,208,60,2,48,2.1666666666666665,1.0,1,9,26,0.7708333333333334,0.9166666666666666,1.5364858322693975,0.0,0.9441550925925926,1.0,1.0,1.0,sonar,0.05,member_training_labels_only,0.901719674556213,0.894910905452085,0.3557692307692308,nan
semi_sonar_trainnoise0.05,UCI id=151 via ucimlrepo,314,0.7,release_1,granular_ball,logistic,208,60,2,18,5.777777777777778,2.0,1,20,6,0.5555555555555556,0.7222222222222222,3.1691235562866713,3.5750443201474074,0.8708396178984414,0.9615384615384616,0.7625,1.0,sonar,0.05,member_training_labels_only,0.7135724852071005,0.7274832387067909,0.08653846153846154,nan
semi_sonar_trainnoise0.05,UCI id=151 via ucimlrepo,314,0.7,release_1,granular_ball,random_forest,208,60,2,18,5.777777777777778,2.0,1,20,6,0.5555555555555556,0.7222222222222222,3.1691235562866713,3.5750443201474074,0.8708396178984414,0.9615384615384616,0.7625,1.0,sonar,0.05,member_training_labels_only,0.6587463017751479,0.6936014657276428,0.09615384615384616,nan
semi_sonar_trainnoise0.05,UCI id=151 via ucimlrepo,314,0.7,release_1,matched_kmeans,logistic,208,60,2,18,5.777777777777778,5.5,1,15,2,0.2222222222222222,0.5,4.441289571347662,4.891830332314485,0.8250400833734166,0.8257575757575758,0.7232142857142857,1.0,sonar,0.05,member_training_labels_only,0.7558247041420117,0.7540002101668423,0.07692307692307693,nan
semi_sonar_trainnoise0.05,UCI id=151 via ucimlrepo,314,0.7,release_1,matched_kmeans,random_forest,208,60,2,18,5.777777777777778,5.5,1,15,2,0.2222222222222222,0.5,4.441289571347662,4.891830332314485,0.8250400833734166,0.8257575757575758,0.7232142857142857,1.0,sonar,0.05,member_training_labels_only,0.7064996301775148,0.6900838057560568,0.0673076923076923,nan
semi_sonar_trainnoise0.05,UCI id=151 via ucimlrepo,314,0.7,release_2,granular_ball,logistic,208,60,2,18,5.777777777777778,2.0,1,20,6,0.5555555555555556,0.7222222222222222,3.1691235562866713,3.5750443201474074,0.8708396178984414,0.9615384615384616,0.7625,1.0,sonar,0.05,member_training_labels_only,0.7152366863905325,0.7237097867311733,0.07692307692307693,nan
semi_sonar_trainnoise0.05,UCI id=151 via ucimlrepo,314,0.7,release_2,granular_ball,random_forest,208,60,2,18,5.777777777777778,2.0,1,20,6,0.5555555555555556,0.7222222222222222,3.1691235562866713,3.5750443201474074,0.8708396178984414,0.9615384615384616,0.7625,1.0,sonar,0.05,member_training_labels_only,0.7118158284023668,0.7369862092278051,0.11538461538461539,nan
semi_sonar_trainnoise0.05,UCI id=151 via ucimlrepo,314,0.7,release_2,matched_kmeans,logistic,208,60,2,18,5.777777777777778,5.5,1,15,2,0.2222222222222222,0.5,4.441289571347662,4.891830332314485,0.8250400833734166,0.8257575757575758,0.7232142857142857,1.0,sonar,0.05,member_training_labels_only,0.7370562130177515,0.7398869515473925,0.08653846153846154,nan
semi_sonar_trainnoise0.05,UCI id=151 via ucimlrepo,314,0.7,release_2,matched_kmeans,random_forest,208,60,2,18,5.777777777777778,5.5,1,15,2,0.2222222222222222,0.5,4.441289571347662,4.891830332314485,0.8250400833734166,0.8257575757575758,0.7232142857142857,1.0,sonar,0.05,member_training_labels_only,0.7321560650887574,0.6944208058309409,0.038461538461538464,nan
semi_sonar_trainnoise0.05,UCI id=151 via ucimlrepo,314,0.7,release_3,granular_ball,logistic,208,60,2,18,5.777777777777778,2.0,1,20,6,0.5555555555555556,0.7222222222222222,3.1691235562866713,3.5750443201474074,0.8708396178984414,0.9615384615384616,0.7625,1.0,sonar,0.05,member_training_labels_only,0.707655325443787,0.715030317981555,0.10576923076923077,nan
semi_sonar_trainnoise0.05,UCI id=151 via ucimlrepo,314,0.7,release_3,granular_ball,random_forest,208,60,2,18,5.777777777777778,2.0,1,20,6,0.5555555555555556,0.7222222222222222,3.1691235562866713,3.5750443201474074,0.8708396178984414,0.9615384615384616,0.7625,1.0,sonar,0.05,member_training_labels_only,0.7280880177514792,0.7588456738943324,0.16346153846153846,nan
semi_sonar_trainnoise0.05,UCI id=151 via ucimlrepo,314,0.7,release_3,matched_kmeans,logistic,208,60,2,18,5.777777777777778,5.5,1,15,2,0.2222222222222222,0.5,4.441289571347662,4.891830332314485,0.8250400833734166,0.8257575757575758,0.7232142857142857,1.0,sonar,0.05,member_training_labels_only,0.7190273668639053,0.7173215406678924,0.0673076923076923,nan
semi_sonar_trainnoise0.05,UCI id=151 via ucimlrepo,314,0.7,release_3,matched_kmeans,random_forest,208,60,2,18,5.777777777777778,5.5,1,15,2,0.2222222222222222,0.5,4.441289571347662,4.891830332314485,0.8250400833734166,0.8257575757575758,0.7232142857142857,1.0,sonar,0.05,member_training_labels_only,0.7369637573964497,0.6969286114606921,0.0,nan
semi_sonar_trainnoise0.05,UCI id=151 via ucimlrepo,314,0.8,release_1,granular_ball,logistic,208,60,2,27,3.8518518518518516,2.0,1,20,11,0.7777777777777778,0.8148148148148148,2.543753170896702,2.5346436115701887,0.8877492877492877,1.0,0.8730769230769231,1.0,sonar,0.05,member_training_labels_only,0.7596153846153847,0.7817864688894107,0.19230769230769232,nan
semi_sonar_trainnoise0.05,UCI id=151 via ucimlrepo,314,0.8,release_1,granular_ball,random_forest,208,60,2,27,3.8518518518518516,2.0,1,20,11,0.7777777777777778,0.8148148148148148,2.543753170896702,2.5346436115701887,0.8877492877492877,1.0,0.8730769230769231,1.0,sonar,0.05,member_training_labels_only,0.7145894970414202,0.7736490560925633,0.3076923076923077,nan
semi_sonar_trainnoise0.05,UCI id=151 via ucimlrepo,314,0.8,release_1,matched_kmeans,logistic,208,60,2,27,3.8518518518518516,3.0,1,17,9,0.48148148148148145,0.7777777777777778,2.944251300019891,3.8086668803245343,0.8614430957568212,1.0,0.6666666666666666,1.0,sonar,0.05,member_training_labels_only,0.8221153846153846,0.8379674597353111,0.23076923076923078,nan
semi_sonar_trainnoise0.05,UCI id=151 via ucimlrepo,314,0.8,release_1,matched_kmeans,random_forest,208,60,2,27,3.8518518518518516,3.0,1,17,9,0.48148148148148145,0.7777777777777778,2.944251300019891,3.8086668803245343,0.8614430957568212,1.0,0.6666666666666666,1.0,sonar,0.05,member_training_labels_only,0.785780325443787,0.809019776530392,0.25,nan
semi_sonar_trainnoise0.05,UCI id=151 via ucimlrepo,314,0.8,release_2,granular_ball,logistic,208,60,2,27,3.8518518518518516,2.0,1,20,11,0.7777777777777778,0.8148148148148148,2.543753170896702,2.5346436115701887,0.8877492877492877,1.0,0.8730769230769231,1.0,sonar,0.05,member_training_labels_only,0.7696930473372781,0.790298036549859,0.2403846153846154,nan
semi_sonar_trainnoise0.05,UCI id=151 via ucimlrepo,314,0.8,release_2,granular_ball,random_forest,208,60,2,27,3.8518518518518516,2.0,1,20,11,0.7777777777777778,0.8148148148148148,2.543753170896702,2.5346436115701887,0.8877492877492877,1.0,0.8730769230769231,1.0,sonar,0.05,member_training_labels_only,0.7920673076923077,0.8159364853235938,0.33653846153846156,nan
semi_sonar_trainnoise0.05,UCI id=151 via ucimlrepo,314,0.8,release_2,matched_kmeans,logistic,208,60,2,27,3.8518518518518516,3.0,1,17,9,0.48148148148148145,0.7777777777777778,2.944251300019891,3.8086668803245343,0.8614430957568212,1.0,0.6666666666666666,1.0,sonar,0.05,member_training_labels_only,0.8245192307692307,0.844738155511886,0.3269230769230769,nan
semi_sonar_trainnoise0.05,UCI id=151 via ucimlrepo,314,0.8,release_2,matched_kmeans,random_forest,208,60,2,27,3.8518518518518516,3.0,1,17,9,0.48148148148148145,0.7777777777777778,2.944251300019891,3.8086668803245343,0.8614430957568212,1.0,0.6666666666666666,1.0,sonar,0.05,member_training_labels_only,0.7856878698224852,0.7977008748034534,0.19230769230769232,nan
semi_sonar_trainnoise0.05,UCI id=151 via ucimlrepo,314,0.8,release_3,granular_ball,logistic,208,60,2,27,3.8518518518518516,2.0,1,20,11,0.7777777777777778,0.8148148148148148,2.543753170896702,2.5346436115701887,0.8877492877492877,1.0,0.8730769230769231,1.0,sonar,0.05,member_training_labels_only,0.7659023668639052,0.7862586258627439,0.23076923076923078,nan
semi_sonar_trainnoise0.05,UCI id=151 via ucimlrepo,314,0.8,release_3,granular_ball,random_forest,208,60,2,27,3.8518518518518516,2.0,1,20,11,0.7777777777777778,0.8148148148148148,2.543753170896702,2.5346436115701887,0.8877492877492877,1.0,0.8730769230769231,1.0,sonar,0.05,member_training_labels_only,0.7966900887573964,0.8164214115705412,0.3076923076923077,nan
semi_sonar_trainnoise0.05,UCI id=151 via ucimlrepo,314,0.8,release_3,matched_kmeans,logistic,208,60,2,27,3.8518518518518516,3.0,1,17,9,0.48148148148148145,0.7777777777777778,2.944251300019891,3.8086668803245343,0.8614430957568212,1.0,0.6666666666666666,1.0,sonar,0.05,member_training_labels_only,0.8188794378698225,0.840129697410554,0.34615384615384615,nan
semi_sonar_trainnoise0.05,UCI id=151 via ucimlrepo,314,0.8,release_3,matched_kmeans,random_forest,208,60,2,27,3.8518518518518516,3.0,1,17,9,0.48148148148148145,0.7777777777777778,2.944251300019891,3.8086668803245343,0.8614430957568212,1.0,0.6666666666666666,1.0,sonar,0.05,member_training_labels_only,0.7930843195266273,0.8002064428573239,0.15384615384615385,nan
semi_sonar_trainnoise0.05,UCI id=151 via ucimlrepo,314,0.9,release_1,granular_ball,logistic,208,60,2,33,3.1515151515151514,2.0,1,20,13,0.7878787878787878,0.8787878787878788,2.5233944513280635,2.5346436115701887,0.8885780885780886,1.0,0.9230769230769231,1.0,sonar,0.05,member_training_labels_only,0.7856878698224852,0.7948384930887185,0.23076923076923078,nan
semi_sonar_trainnoise0.05,UCI id=151 via ucimlrepo,314,0.9,release_1,granular_ball,random_forest,208,60,2,33,3.1515151515151514,2.0,1,20,13,0.7878787878787878,0.8787878787878788,2.5233944513280635,2.5346436115701887,0.8885780885780886,1.0,0.9230769230769231,1.0,sonar,0.05,member_training_labels_only,0.7585059171597633,0.783081056606886,0.19230769230769232,nan
semi_sonar_trainnoise0.05,UCI id=151 via ucimlrepo,314,0.9,release_1,matched_kmeans,logistic,208,60,2,33,3.1515151515151514,2.0,1,11,11,0.5454545454545454,0.8181818181818182,2.7235227969706215,3.617651050723521,0.887741046831956,1.0,0.75,1.0,sonar,0.05,member_training_labels_only,0.8327477810650887,0.8209212540962266,0.16346153846153846,nan
semi_sonar_trainnoise0.05,UCI id=151 via ucimlrepo,314,0.9,release_1,matched_kmeans,random_forest,208,60,2,33,3.1515151515151514,2.0,1,11,11,0.5454545454545454,0.8181818181818182,2.7235227969706215,3.617651050723521,0.887741046831956,1.0,0.75,1.0,sonar,0.05,member_training_labels_only,0.7987241124260355,0.7977200677779406,0.20192307692307693,nan
semi_sonar_trainnoise0.05,UCI id=151 via ucimlrepo,314,0.9,release_2,granular_ball,logistic,208,60,2,33,3.1515151515151514,2.0,1,20,13,0.7878787878787878,0.8787878787878788,2.5233944513280635,2.5346436115701887,0.8885780885780886,1.0,0.9230769230769231,1.0,sonar,0.05,member_training_labels_only,0.7991863905325443,0.7920745917245152,0.20192307692307693,nan
semi_sonar_trainnoise0.05,UCI id=151 via ucimlrepo,314,0.9,release_2,granular_ball,random_forest,208,60,2,33,3.1515151515151514,2.0,1,20,13,0.7878787878787878,0.8787878787878788,2.5233944513280635,2.5346436115701887,0.8885780885780886,1.0,0.9230769230769231,1.0,sonar,0.05,member_training_labels_only,0.8247965976331362,0.8450380778324793,0.27884615384615385,nan
semi_sonar_trainnoise0.05,UCI id=151 via ucimlrepo,314,0.9,release_2,matched_kmeans,logistic,208,60,2,33,3.1515151515151514,2.0,1,11,11,0.5454545454545454,0.8181818181818182,2.7235227969706215,3.617651050723521,0.887741046831956,1.0,0.75,1.0,sonar,0.05,member_training_labels_only,0.8431028106508875,0.8417081357240536,0.2403846153846154,nan
semi_sonar_trainnoise0.05,UCI id=151 via ucimlrepo,314,0.9,release_2,matched_kmeans,random_forest,208,60,2,33,3.1515151515151514,2.0,1,11,11,0.5454545454545454,0.8181818181818182,2.7235227969706215,3.617651050723521,0.887741046831956,1.0,0.75,1.0,sonar,0.05,member_training_labels_only,0.8278476331360947,0.82727948833482,0.16346153846153846,nan
semi_sonar_trainnoise0.05,UCI id=151 via ucimlrepo,314,0.9,release_3,granular_ball,logistic,208,60,2,33,3.1515151515151514,2.0,1,20,13,0.7878787878787878,0.8787878787878788,2.5233944513280635,2.5346436115701887,0.8885780885780886,1.0,0.9230769230769231,1.0,sonar,0.05,member_training_labels_only,0.7939164201183432,0.7959757608199463,0.19230769230769232,nan
semi_sonar_trainnoise0.05,UCI id=151 via ucimlrepo,314,0.9,release_3,granular_ball,random_forest,208,60,2,33,3.1515151515151514,2.0,1,20,13,0.7878787878787878,0.8787878787878788,2.5233944513280635,2.5346436115701887,0.8885780885780886,1.0,0.9230769230769231,1.0,sonar,0.05,member_training_labels_only,0.8337647928994082,0.8434321832141083,0.34615384615384615,nan
semi_sonar_trainnoise0.05,UCI id=151 via ucimlrepo,314,0.9,release_3,matched_kmeans,logistic,208,60,2,33,3.1515151515151514,2.0,1,11,11,0.5454545454545454,0.8181818181818182,2.7235227969706215,3.617651050723521,0.887741046831956,1.0,0.75,1.0,sonar,0.05,member_training_labels_only,0.844119822485207,0.8334669158063401,0.19230769230769232,nan
semi_sonar_trainnoise0.05,UCI id=151 via ucimlrepo,314,0.9,release_3,matched_kmeans,random_forest,208,60,2,33,3.1515151515151514,2.0,1,11,11,0.5454545454545454,0.8181818181818182,2.7235227969706215,3.617651050723521,0.887741046831956,1.0,0.75,1.0,sonar,0.05,member_training_labels_only,0.8345968934911243,0.8249937949039299,0.15384615384615385,nan
semi_sonar_trainnoise0.05,UCI id=151 via ucimlrepo,314,0.95,release_1,granular_ball,logistic,208,60,2,43,2.4186046511627906,2.0,1,14,17,0.7441860465116279,0.9534883720930233,2.3205385460890358,2.5322303095912075,0.9069767441860465,1.0,1.0,1.0,sonar,0.05,member_training_labels_only,0.8529955621301775,0.8558495230905774,0.27884615384615385,nan
semi_sonar_trainnoise0.05,UCI id=151 via ucimlrepo,314,0.95,release_1,granular_ball,random_forest,208,60,2,43,2.4186046511627906,2.0,1,14,17,0.7441860465116279,0.9534883720930233,2.3205385460890358,2.5322303095912075,0.9069767441860465,1.0,1.0,1.0,sonar,0.05,member_training_labels_only,0.820774778106509,0.8340257013256864,0.25,nan
semi_sonar_trainnoise0.05,UCI id=151 via ucimlrepo,314,0.95,release_1,matched_kmeans,logistic,208,60,2,43,2.4186046511627906,2.0,1,10,21,0.7209302325581395,0.8837209302325582,1.892968704346255,2.361201883147552,0.9205426356589146,1.0,1.0,1.0,sonar,0.05,member_training_labels_only,0.8740754437869822,0.8715688087951441,0.2403846153846154,nan
semi_sonar_trainnoise0.05,UCI id=151 via ucimlrepo,314,0.95,release_1,matched_kmeans,random_forest,208,60,2,43,2.4186046511627906,2.0,1,10,21,0.7209302325581395,0.8837209302325582,1.892968704346255,2.361201883147552,0.9205426356589146,1.0,1.0,1.0,sonar,0.05,member_training_labels_only,0.8452292899408284,0.8453940770189371,0.2980769230769231,nan
semi_sonar_trainnoise0.05,UCI id=151 via ucimlrepo,314,0.95,release_2,granular_ball,logistic,208,60,2,43,2.4186046511627906,2.0,1,14,17,0.7441860465116279,0.9534883720930233,2.3205385460890358,2.5322303095912075,0.9069767441860465,1.0,1.0,1.0,sonar,0.05,member_training_labels_only,0.8641826923076922,0.8687406753160102,0.2980769230769231,nan
semi_sonar_trainnoise0.05,UCI id=151 via ucimlrepo,314,0.95,release_2,granular_ball,random_forest,208,60,2,43,2.4186046511627906,2.0,1,14,17,0.7441860465116279,0.9534883720930233,2.3205385460890358,2.5322303095912075,0.9069767441860465,1.0,1.0,1.0,sonar,0.05,member_training_labels_only,0.8904400887573964,0.9030367630830678,0.27884615384615385,nan
semi_sonar_trainnoise0.05,UCI id=151 via ucimlrepo,314,0.95,release_2,matched_kmeans,logistic,208,60,2,43,2.4186046511627906,2.0,1,10,21,0.7209302325581395,0.8837209302325582,1.892968704346255,2.361201883147552,0.9205426356589146,1.0,1.0,1.0,sonar,0.05,member_training_labels_only,0.8768491124260356,0.8792869421040127,0.3076923076923077,nan
semi_sonar_trainnoise0.05,UCI id=151 via ucimlrepo,314,0.95,release_2,matched_kmeans,random_forest,208,60,2,43,2.4186046511627906,2.0,1,10,21,0.7209302325581395,0.8837209302325582,1.892968704346255,2.361201883147552,0.9205426356589146,1.0,1.0,1.0,sonar,0.05,member_training_labels_only,0.8591900887573963,0.8564708324335719,0.23076923076923078,nan
semi_sonar_trainnoise0.05,UCI id=151 via ucimlrepo,314,0.95,release_3,granular_ball,logistic,208,60,2,43,2.4186046511627906,2.0,1,14,17,0.7441860465116279,0.9534883720930233,2.3205385460890358,2.5322303095912075,0.9069767441860465,1.0,1.0,1.0,sonar,0.05,member_training_labels_only,0.8570636094674556,0.8655119364995086,0.3269230769230769,nan
semi_sonar_trainnoise0.05,UCI id=151 via ucimlrepo,314,0.95,release_3,granular_ball,random_forest,208,60,2,43,2.4186046511627906,2.0,1,14,17,0.7441860465116279,0.9534883720930233,2.3205385460890358,2.5322303095912075,0.9069767441860465,1.0,1.0,1.0,sonar,0.05,member_training_labels_only,0.8965421597633136,0.8832986109549239,0.34615384615384615,nan
semi_sonar_trainnoise0.05,UCI id=151 via ucimlrepo,314,0.95,release_3,matched_kmeans,logistic,208,60,2,43,2.4186046511627906,2.0,1,10,21,0.7209302325581395,0.8837209302325582,1.892968704346255,2.361201883147552,0.9205426356589146,1.0,1.0,1.0,sonar,0.05,member_training_labels_only,0.8772189349112426,0.8722804446324085,0.27884615384615385,nan
semi_sonar_trainnoise0.05,UCI id=151 via ucimlrepo,314,0.95,release_3,matched_kmeans,random_forest,208,60,2,43,2.4186046511627906,2.0,1,10,21,0.7209302325581395,0.8837209302325582,1.892968704346255,2.361201883147552,0.9205426356589146,1.0,1.0,1.0,sonar,0.05,member_training_labels_only,0.8712093195266272,0.86052641215807,0.18269230769230768,nan
semi_sonar_trainnoise0.05,UCI id=151 via ucimlrepo,314,0.99,release_1,granular_ball,logistic,208,60,2,43,2.4186046511627906,2.0,1,14,17,0.7441860465116279,0.9534883720930233,2.3205385460890358,2.5322303095912075,0.9069767441860465,1.0,1.0,1.0,sonar,0.05,member_training_labels_only,0.8529955621301775,0.8558495230905774,0.27884615384615385,nan
semi_sonar_trainnoise0.05,UCI id=151 via ucimlrepo,314,0.99,release_1,granular_ball,random_forest,208,60,2,43,2.4186046511627906,2.0,1,14,17,0.7441860465116279,0.9534883720930233,2.3205385460890358,2.5322303095912075,0.9069767441860465,1.0,1.0,1.0,sonar,0.05,member_training_labels_only,0.820774778106509,0.8340257013256864,0.25,nan
semi_sonar_trainnoise0.05,UCI id=151 via ucimlrepo,314,0.99,release_1,matched_kmeans,logistic,208,60,2,43,2.4186046511627906,2.0,1,10,21,0.7209302325581395,0.8837209302325582,1.892968704346255,2.361201883147552,0.9205426356589146,1.0,1.0,1.0,sonar,0.05,member_training_labels_only,0.8740754437869822,0.8715688087951441,0.2403846153846154,nan
semi_sonar_trainnoise0.05,UCI id=151 via ucimlrepo,314,0.99,release_1,matched_kmeans,random_forest,208,60,2,43,2.4186046511627906,2.0,1,10,21,0.7209302325581395,0.8837209302325582,1.892968704346255,2.361201883147552,0.9205426356589146,1.0,1.0,1.0,sonar,0.05,member_training_labels_only,0.8452292899408284,0.8453940770189371,0.2980769230769231,nan
semi_sonar_trainnoise0.05,UCI id=151 via ucimlrepo,314,0.99,release_2,granular_ball,logistic,208,60,2,43,2.4186046511627906,2.0,1,14,17,0.7441860465116279,0.9534883720930233,2.3205385460890358,2.5322303095912075,0.9069767441860465,1.0,1.0,1.0,sonar,0.05,member_training_labels_only,0.8641826923076922,0.8687406753160102,0.2980769230769231,nan
semi_sonar_trainnoise0.05,UCI id=151 via ucimlrepo,314,0.99,release_2,granular_ball,random_forest,208,60,2,43,2.4186046511627906,2.0,1,14,17,0.7441860465116279,0.9534883720930233,2.3205385460890358,2.5322303095912075,0.9069767441860465,1.0,1.0,1.0,sonar,0.05,member_training_labels_only,0.8904400887573964,0.9030367630830678,0.27884615384615385,nan
semi_sonar_trainnoise0.05,UCI id=151 via ucimlrepo,314,0.99,release_2,matched_kmeans,logistic,208,60,2,43,2.4186046511627906,2.0,1,10,21,0.7209302325581395,0.8837209302325582,1.892968704346255,2.361201883147552,0.9205426356589146,1.0,1.0,1.0,sonar,0.05,member_training_labels_only,0.8768491124260356,0.8792869421040127,0.3076923076923077,nan
semi_sonar_trainnoise0.05,UCI id=151 via ucimlrepo,314,0.99,release_2,matched_kmeans,random_forest,208,60,2,43,2.4186046511627906,2.0,1,10,21,0.7209302325581395,0.8837209302325582,1.892968704346255,2.361201883147552,0.9205426356589146,1.0,1.0,1.0,sonar,0.05,member_training_labels_only,0.8591900887573963,0.8564708324335719,0.23076923076923078,nan
semi_sonar_trainnoise0.05,UCI id=151 via ucimlrepo,314,0.99,release_3,granular_ball,logistic,208,60,2,43,2.4186046511627906,2.0,1,14,17,0.7441860465116279,0.9534883720930233,2.3205385460890358,2.5322303095912075,0.9069767441860465,1.0,1.0,1.0,sonar,0.05,member_training_labels_only,0.8570636094674556,0.8655119364995086,0.3269230769230769,nan
semi_sonar_trainnoise0.05,UCI id=151 via ucimlrepo,314,0.99,release_3,granular_ball,random_forest,208,60,2,43,2.4186046511627906,2.0,1,14,17,0.7441860465116279,0.9534883720930233,2.3205385460890358,2.5322303095912075,0.9069767441860465,1.0,1.0,1.0,sonar,0.05,member_training_labels_only,0.8965421597633136,0.8832986109549239,0.34615384615384615,nan
semi_sonar_trainnoise0.05,UCI id=151 via ucimlrepo,314,0.99,release_3,matched_kmeans,logistic,208,60,2,43,2.4186046511627906,2.0,1,10,21,0.7209302325581395,0.8837209302325582,1.892968704346255,2.361201883147552,0.9205426356589146,1.0,1.0,1.0,sonar,0.05,member_training_labels_only,0.8772189349112426,0.8722804446324085,0.27884615384615385,nan
semi_sonar_trainnoise0.05,UCI id=151 via ucimlrepo,314,0.99,release_3,matched_kmeans,random_forest,208,60,2,43,2.4186046511627906,2.0,1,10,21,0.7209302325581395,0.8837209302325582,1.892968704346255,2.361201883147552,0.9205426356589146,1.0,1.0,1.0,sonar,0.05,member_training_labels_only,0.8712093195266272,0.86052641215807,0.18269230769230768,nan
semi_sonar_trainnoise0.05,UCI id=151 via ucimlrepo,808,0.7,release_1,granular_ball,logistic,208,60,2,17,6.117647058823529,6.0,1,22,1,0.29411764705882354,0.47058823529411764,5.004083892663997,5.284535611006299,0.8297279517867753,0.8571428571428571,0.75,1.0,sonar,0.05,member_training_labels_only,0.7262389053254437,0.6954224786052072,0.028846153846153848,nan
semi_sonar_trainnoise0.05,UCI id=151 via ucimlrepo,808,0.7,release_1,granular_ball,random_forest,208,60,2,17,6.117647058823529,6.0,1,22,1,0.29411764705882354,0.47058823529411764,5.004083892663997,5.284535611006299,0.8297279517867753,0.8571428571428571,0.75,1.0,sonar,0.05,member_training_labels_only,0.6769138313609466,0.6458641021162093,0.028846153846153848,nan
semi_sonar_trainnoise0.05,UCI id=151 via ucimlrepo,808,0.7,release_1,matched_kmeans,logistic,208,60,2,17,6.117647058823529,4.0,1,26,2,0.29411764705882354,0.6470588235294118,4.470495415819087,5.173730566373371,0.8878815628815628,1.0,0.7777777777777778,1.0,sonar,0.05,member_training_labels_only,0.7090421597633135,0.6739366541146218,0.08653846153846154,nan
semi_sonar_trainnoise0.05,UCI id=151 via ucimlrepo,808,0.7,release_1,matched_kmeans,random_forest,208,60,2,17,6.117647058823529,4.0,1,26,2,0.29411764705882354,0.6470588235294118,4.470495415819087,5.173730566373371,0.8878815628815628,1.0,0.7777777777777778,1.0,sonar,0.05,member_training_labels_only,0.709689349112426,0.6688032881879377,0.038461538461538464,nan
semi_sonar_trainnoise0.05,UCI id=151 via ucimlrepo,808,0.7,release_2,granular_ball,logistic,208,60,2,17,6.117647058823529,6.0,1,22,1,0.29411764705882354,0.47058823529411764,5.004083892663997,5.284535611006299,0.8297279517867753,0.8571428571428571,0.75,1.0,sonar,0.05,member_training_labels_only,0.711353550295858,0.6720371136820232,0.028846153846153848,nan
semi_sonar_trainnoise0.05,UCI id=151 via ucimlrepo,808,0.7,release_2,granular_ball,random_forest,208,60,2,17,6.117647058823529,6.0,1,22,1,0.29411764705882354,0.47058823529411764,5.004083892663997,5.284535611006299,0.8297279517867753,0.8571428571428571,0.75,1.0,sonar,0.05,member_training_labels_only,0.6563424556213018,0.6265120316536271,0.028846153846153848,nan
semi_sonar_trainnoise0.05,UCI id=151 via ucimlrepo,808,0.7,release_2,matched_kmeans,logistic,208,60,2,17,6.117647058823529,4.0,1,26,2,0.29411764705882354,0.6470588235294118,4.470495415819087,5.173730566373371,0.8878815628815628,1.0,0.7777777777777778,1.0,sonar,0.05,member_training_labels_only,0.7321560650887573,0.7106206325706126,0.038461538461538464,nan
semi_sonar_trainnoise0.05,UCI id=151 via ucimlrepo,808,0.7,release_2,matched_kmeans,random_forest,208,60,2,17,6.117647058823529,4.0,1,26,2,0.29411764705882354,0.6470588235294118,4.470495415819087,5.173730566373371,0.8878815628815628,1.0,0.7777777777777778,1.0,sonar,0.05,member_training_labels_only,0.7781065088757396,0.7318766985786188,0.057692307692307696,nan
semi_sonar_trainnoise0.05,UCI id=151 via ucimlrepo,808,0.7,release_3,granular_ball,logistic,208,60,2,17,6.117647058823529,6.0,1,22,1,0.29411764705882354,0.47058823529411764,5.004083892663997,5.284535611006299,0.8297279517867753,0.8571428571428571,0.75,1.0,sonar,0.05,member_training_labels_only,0.6955436390532544,0.6480191905255858,0.019230769230769232,nan
semi_sonar_trainnoise0.05,UCI id=151 via ucimlrepo,808,0.7,release_3,granular_ball,random_forest,208,60,2,17,6.117647058823529,6.0,1,22,1,0.29411764705882354,0.47058823529411764,5.004083892663997,5.284535611006299,0.8297279517867753,0.8571428571428571,0.75,1.0,sonar,0.05,member_training_labels_only,0.684633875739645,0.6746967989429644,0.09615384615384616,nan
semi_sonar_trainnoise0.05,UCI id=151 via ucimlrepo,808,0.7,release_3,matched_kmeans,logistic,208,60,2,17,6.117647058823529,4.0,1,26,2,0.29411764705882354,0.6470588235294118,4.470495415819087,5.173730566373371,0.8878815628815628,1.0,0.7777777777777778,1.0,sonar,0.05,member_training_labels_only,0.6967455621301775,0.6394320989662957,0.0,nan
semi_sonar_trainnoise0.05,UCI id=151 via ucimlrepo,808,0.7,release_3,matched_kmeans,random_forest,208,60,2,17,6.117647058823529,4.0,1,26,2,0.29411764705882354,0.6470588235294118,4.470495415819087,5.173730566373371,0.8878815628815628,1.0,0.7777777777777778,1.0,sonar,0.05,member_training_labels_only,0.7705251479289941,0.7198313032894947,0.038461538461538464,nan
semi_sonar_trainnoise0.05,UCI id=151 via ucimlrepo,808,0.8,release_1,granular_ball,logistic,208,60,2,28,3.7142857142857144,2.0,1,11,8,0.5357142857142857,0.6785714285714286,3.380436984400492,4.049146331582648,0.8785830241187383,1.0,0.8474025974025974,1.0,sonar,0.05,member_training_labels_only,0.7419563609467457,0.7303041257223537,0.09615384615384616,nan
semi_sonar_trainnoise0.05,UCI id=151 via ucimlrepo,808,0.8,release_1,granular_ball,random_forest,208,60,2,28,3.7142857142857144,2.0,1,11,8,0.5357142857142857,0.6785714285714286,3.380436984400492,4.049146331582648,0.8785830241187383,1.0,0.8474025974025974,1.0,sonar,0.05,member_training_labels_only,0.6647559171597632,0.6330602781139887,0.028846153846153848,nan
semi_sonar_trainnoise0.05,UCI id=151 via ucimlrepo,808,0.8,release_1,matched_kmeans,logistic,208,60,2,28,3.7142857142857144,2.5,1,13,9,0.5,0.7857142857142857,2.8460827583351613,3.6269288181408057,0.8718474977403547,1.0,0.7875000000000001,1.0,sonar,0.05,member_training_labels_only,0.7800480769230769,0.7807997484278111,0.18269230769230768,nan
semi_sonar_trainnoise0.05,UCI id=151 via ucimlrepo,808,0.8,release_1,matched_kmeans,random_forest,208,60,2,28,3.7142857142857144,2.5,1,13,9,0.5,0.7857142857142857,2.8460827583351613,3.6269288181408057,0.8718474977403547,1.0,0.7875000000000001,1.0,sonar,0.05,member_training_labels_only,0.7381656804733728,0.7130255262982259,0.0673076923076923,nan
semi_sonar_trainnoise0.05,UCI id=151 via ucimlrepo,808,0.8,release_2,granular_ball,logistic,208,60,2,28,3.7142857142857144,2.0,1,11,8,0.5357142857142857,0.6785714285714286,3.380436984400492,4.049146331582648,0.8785830241187383,1.0,0.8474025974025974,1.0,sonar,0.05,member_training_labels_only,0.7355769230769231,0.7236166877170274,0.08653846153846154,nan
semi_sonar_trainnoise0.05,UCI id=151 via ucimlrepo,808,0.8,release_2,granular_ball,random_forest,208,60,2,28,3.7142857142857144,2.0,1,11,8,0.5357142857142857,0.6785714285714286,3.380436984400492,4.049146331582648,0.8785830241187383,1.0,0.8474025974025974,1.0,sonar,0.05,member_training_labels_only,0.6653106508875739,0.6527423611561163,0.057692307692307696,nan
semi_sonar_trainnoise0.05,UCI id=151 via ucimlrepo,808,0.8,release_2,matched_kmeans,logistic,208,60,2,28,3.7142857142857144,2.5,1,13,9,0.5,0.7857142857142857,2.8460827583351613,3.6269288181408057,0.8718474977403547,1.0,0.7875000000000001,1.0,sonar,0.05,member_training_labels_only,0.8103735207100591,0.7944473747382168,0.18269230769230768,nan
semi_sonar_trainnoise0.05,UCI id=151 via ucimlrepo,808,0.8,release_2,matched_kmeans,random_forest,208,60,2,28,3.7142857142857144,2.5,1,13,9,0.5,0.7857142857142857,2.8460827583351613,3.6269288181408057,0.8718474977403547,1.0,0.7875000000000001,1.0,sonar,0.05,member_training_labels_only,0.7716346153846153,0.7386093326116321,0.0673076923076923,nan
semi_sonar_trainnoise0.05,UCI id=151 via ucimlrepo,808,0.8,release_3,granular_ball,logistic,208,60,2,28,3.7142857142857144,2.0,1,11,8,0.5357142857142857,0.6785714285714286,3.380436984400492,4.049146331582648,0.8785830241187383,1.0,0.8474025974025974,1.0,sonar,0.05,member_training_labels_only,0.7272559171597632,0.7230407705523125,0.07692307692307693,nan
semi_sonar_trainnoise0.05,UCI id=151 via ucimlrepo,808,0.8,release_3,granular_ball,random_forest,208,60,2,28,3.7142857142857144,2.0,1,11,8,0.5357142857142857,0.6785714285714286,3.380436984400492,4.049146331582648,0.8785830241187383,1.0,0.8474025974025974,1.0,sonar,0.05,member_training_labels_only,0.6980399408284024,0.7006741220135388,0.08653846153846154,nan
semi_sonar_trainnoise0.05,UCI id=151 via ucimlrepo,808,0.8,release_3,matched_kmeans,logistic,208,60,2,28,3.7142857142857144,2.5,1,13,9,0.5,0.7857142857142857,2.8460827583351613,3.6269288181408057,0.8718474977403547,1.0,0.7875000000000001,1.0,sonar,0.05,member_training_labels_only,0.8131471893491123,0.7999672662361088,0.125,nan
semi_sonar_trainnoise0.05,UCI id=151 via ucimlrepo,808,0.8,release_3,matched_kmeans,random_forest,208,60,2,28,3.7142857142857144,2.5,1,13,9,0.5,0.7857142857142857,2.8460827583351613,3.6269288181408057,0.8718474977403547,1.0,0.7875000000000001,1.0,sonar,0.05,member_training_labels_only,0.7760724852071006,0.7492600038632797,0.09615384615384616,nan
semi_sonar_trainnoise0.05,UCI id=151 via ucimlrepo,808,0.9,release_1,granular_ball,logistic,208,60,2,46,2.260869565217391,2.0,1,8,19,0.7391304347826086,0.9130434782608695,2.250076427824108,2.232045104008484,0.9130434782608695,1.0,1.0,1.0,sonar,0.05,member_training_labels_only,0.8488350591715976,0.8478024057264539,0.3076923076923077,nan
semi_sonar_trainnoise0.05,UCI id=151 via ucimlrepo,808,0.9,release_1,granular_ball,random_forest,208,60,2,46,2.260869565217391,2.0,1,8,19,0.7391304347826086,0.9130434782608695,2.250076427824108,2.232045104008484,0.9130434782608695,1.0,1.0,1.0,sonar,0.05,member_training_labels_only,0.8371856508875739,0.8242495465998447,0.27884615384615385,nan
semi_sonar_trainnoise0.05,UCI id=151 via ucimlrepo,808,0.9,release_1,matched_kmeans,logistic,208,60,2,46,2.260869565217391,1.0,1,7,26,0.6739130434782609,0.9347826086956522,1.535904319218336,0.0,0.9357142857142857,1.0,1.0,1.0,sonar,0.05,member_training_labels_only,0.8881286982248521,0.8918094621335642,0.4230769230769231,nan
semi_sonar_trainnoise0.05,UCI id=151 via ucimlrepo,808,0.9,release_1,matched_kmeans,random_forest,208,60,2,46,2.260869565217391,1.0,1,7,26,0.6739130434782609,0.9347826086956522,1.535904319218336,0.0,0.9357142857142857,1.0,1.0,1.0,sonar,0.05,member_training_labels_only,0.8534578402366864,0.8458001503402199,0.2403846153846154,nan
semi_sonar_trainnoise0.05,UCI id=151 via ucimlrepo,808,0.9,release_2,granular_ball,logistic,208,60,2,46,2.260869565217391,2.0,1,8,19,0.7391304347826086,0.9130434782608695,2.250076427824108,2.232045104008484,0.9130434782608695,1.0,1.0,1.0,sonar,0.05,member_training_labels_only,0.8922892011834319,0.878609229098994,0.15384615384615385,nan
semi_sonar_trainnoise0.05,UCI id=151 via ucimlrepo,808,0.9,release_2,granular_ball,random_forest,208,60,2,46,2.260869565217391,2.0,1,8,19,0.7391304347826086,0.9130434782608695,2.250076427824108,2.232045104008484,0.9130434782608695,1.0,1.0,1.0,sonar,0.05,member_training_labels_only,0.8947855029585798,0.8745747022041831,0.17307692307692307,nan
semi_sonar_trainnoise0.05,UCI id=151 via ucimlrepo,808,0.9,release_2,matched_kmeans,logistic,208,60,2,46,2.260869565217391,1.0,1,7,26,0.6739130434782609,0.9347826086956522,1.535904319218336,0.0,0.9357142857142857,1.0,1.0,1.0,sonar,0.05,member_training_labels_only,0.9257581360946745,0.9277838492899687,0.5288461538461539,nan
semi_sonar_trainnoise0.05,UCI id=151 via ucimlrepo,808,0.9,release_2,matched_kmeans,random_forest,208,60,2,46,2.260869565217391,1.0,1,7,26,0.6739130434782609,0.9347826086956522,1.535904319218336,0.0,0.9357142857142857,1.0,1.0,1.0,sonar,0.05,member_training_labels_only,0.9089312130177515,0.9075045451164478,0.5096153846153846,nan
semi_sonar_trainnoise0.05,UCI id=151 via ucimlrepo,808,0.9,release_3,granular_ball,logistic,208,60,2,46,2.260869565217391,2.0,1,8,19,0.7391304347826086,0.9130434782608695,2.250076427824108,2.232045104008484,0.9130434782608695,1.0,1.0,1.0,sonar,0.05,member_training_labels_only,0.8823039940828402,0.8652771865143363,0.10576923076923077,nan
semi_sonar_trainnoise0.05,UCI id=151 via ucimlrepo,808,0.9,release_3,granular_ball,random_forest,208,60,2,46,2.260869565217391,2.0,1,8,19,0.7391304347826086,0.9130434782608695,2.250076427824108,2.232045104008484,0.9130434782608695,1.0,1.0,1.0,sonar,0.05,member_training_labels_only,0.8923816568047337,0.8657781867140687,0.08653846153846154,nan
semi_sonar_trainnoise0.05,UCI id=151 via ucimlrepo,808,0.9,release_3,matched_kmeans,logistic,208,60,2,46,2.260869565217391,1.0,1,7,26,0.6739130434782609,0.9347826086956522,1.535904319218336,0.0,0.9357142857142857,1.0,1.0,1.0,sonar,0.05,member_training_labels_only,0.9154031065088757,0.9174137440689594,0.5096153846153846,nan
semi_sonar_trainnoise0.05,UCI id=151 via ucimlrepo,808,0.9,release_3,matched_kmeans,random_forest,208,60,2,46,2.260869565217391,1.0,1,7,26,0.6739130434782609,0.9347826086956522,1.535904319218336,0.0,0.9357142857142857,1.0,1.0,1.0,sonar,0.05,member_training_labels_only,0.9069896449704141,0.9057786965639955,0.4423076923076923,nan
semi_sonar_trainnoise0.05,UCI id=151 via ucimlrepo,808,0.95,release_1,granular_ball,logistic,208,60,2,46,2.260869565217391,2.0,1,8,19,0.7391304347826086,0.9130434782608695,2.250076427824108,2.232045104008484,0.9130434782608695,1.0,1.0,1.0,sonar,0.05,member_training_labels_only,0.8488350591715976,0.8478024057264539,0.3076923076923077,nan
semi_sonar_trainnoise0.05,UCI id=151 via ucimlrepo,808,0.95,release_1,granular_ball,random_forest,208,60,2,46,2.260869565217391,2.0,1,8,19,0.7391304347826086,0.9130434782608695,2.250076427824108,2.232045104008484,0.9130434782608695,1.0,1.0,1.0,sonar,0.05,member_training_labels_only,0.8371856508875739,0.8242495465998447,0.27884615384615385,nan
semi_sonar_trainnoise0.05,UCI id=151 via ucimlrepo,808,0.95,release_1,matched_kmeans,logistic,208,60,2,46,2.260869565217391,1.0,1,7,26,0.6739130434782609,0.9347826086956522,1.535904319218336,0.0,0.9357142857142857,1.0,1.0,1.0,sonar,0.05,member_training_labels_only,0.8881286982248521,0.8918094621335642,0.4230769230769231,nan
semi_sonar_trainnoise0.05,UCI id=151 via ucimlrepo,808,0.95,release_1,matched_kmeans,random_forest,208,60,2,46,2.260869565217391,1.0,1,7,26,0.6739130434782609,0.9347826086956522,1.535904319218336,0.0,0.9357142857142857,1.0,1.0,1.0,sonar,0.05,member_training_labels_only,0.8534578402366864,0.8458001503402199,0.2403846153846154,nan
semi_sonar_trainnoise0.05,UCI id=151 via ucimlrepo,808,0.95,release_2,granular_ball,logistic,208,60,2,46,2.260869565217391,2.0,1,8,19,0.7391304347826086,0.9130434782608695,2.250076427824108,2.232045104008484,0.9130434782608695,1.0,1.0,1.0,sonar,0.05,member_training_labels_only,0.8922892011834319,0.878609229098994,0.15384615384615385,nan
semi_sonar_trainnoise0.05,UCI id=151 via ucimlrepo,808,0.95,release_2,granular_ball,random_forest,208,60,2,46,2.260869565217391,2.0,1,8,19,0.7391304347826086,0.9130434782608695,2.250076427824108,2.232045104008484,0.9130434782608695,1.0,1.0,1.0,sonar,0.05,member_training_labels_only,0.8947855029585798,0.8745747022041831,0.17307692307692307,nan
semi_sonar_trainnoise0.05,UCI id=151 via ucimlrepo,808,0.95,release_2,matched_kmeans,logistic,208,60,2,46,2.260869565217391,1.0,1,7,26,0.6739130434782609,0.9347826086956522,1.535904319218336,0.0,0.9357142857142857,1.0,1.0,1.0,sonar,0.05,member_training_labels_only,0.9257581360946745,0.9277838492899687,0.5288461538461539,nan
semi_sonar_trainnoise0.05,UCI id=151 via ucimlrepo,808,0.95,release_2,matched_kmeans,random_forest,208,60,2,46,2.260869565217391,1.0,1,7,26,0.6739130434782609,0.9347826086956522,1.535904319218336,0.0,0.9357142857142857,1.0,1.0,1.0,sonar,0.05,member_training_labels_only,0.9089312130177515,0.9075045451164478,0.5096153846153846,nan
semi_sonar_trainnoise0.05,UCI id=151 via ucimlrepo,808,0.95,release_3,granular_ball,logistic,208,60,2,46,2.260869565217391,2.0,1,8,19,0.7391304347826086,0.9130434782608695,2.250076427824108,2.232045104008484,0.9130434782608695,1.0,1.0,1.0,sonar,0.05,member_training_labels_only,0.8823039940828402,0.8652771865143363,0.10576923076923077,nan
semi_sonar_trainnoise0.05,UCI id=151 via ucimlrepo,808,0.95,release_3,granular_ball,random_forest,208,60,2,46,2.260869565217391,2.0,1,8,19,0.7391304347826086,0.9130434782608695,2.250076427824108,2.232045104008484,0.9130434782608695,1.0,1.0,1.0,sonar,0.05,member_training_labels_only,0.8923816568047337,0.8657781867140687,0.08653846153846154,nan
semi_sonar_trainnoise0.05,UCI id=151 via ucimlrepo,808,0.95,release_3,matched_kmeans,logistic,208,60,2,46,2.260869565217391,1.0,1,7,26,0.6739130434782609,0.9347826086956522,1.535904319218336,0.0,0.9357142857142857,1.0,1.0,1.0,sonar,0.05,member_training_labels_only,0.9154031065088757,0.9174137440689594,0.5096153846153846,nan
semi_sonar_trainnoise0.05,UCI id=151 via ucimlrepo,808,0.95,release_3,matched_kmeans,random_forest,208,60,2,46,2.260869565217391,1.0,1,7,26,0.6739130434782609,0.9347826086956522,1.535904319218336,0.0,0.9357142857142857,1.0,1.0,1.0,sonar,0.05,member_training_labels_only,0.9069896449704141,0.9057786965639955,0.4423076923076923,nan
semi_sonar_trainnoise0.05,UCI id=151 via ucimlrepo,808,0.99,release_1,granular_ball,logistic,208,60,2,46,2.260869565217391,2.0,1,8,19,0.7391304347826086,0.9130434782608695,2.250076427824108,2.232045104008484,0.9130434782608695,1.0,1.0,1.0,sonar,0.05,member_training_labels_only,0.8488350591715976,0.8478024057264539,0.3076923076923077,nan
semi_sonar_trainnoise0.05,UCI id=151 via ucimlrepo,808,0.99,release_1,granular_ball,random_forest,208,60,2,46,2.260869565217391,2.0,1,8,19,0.7391304347826086,0.9130434782608695,2.250076427824108,2.232045104008484,0.9130434782608695,1.0,1.0,1.0,sonar,0.05,member_training_labels_only,0.8371856508875739,0.8242495465998447,0.27884615384615385,nan
semi_sonar_trainnoise0.05,UCI id=151 via ucimlrepo,808,0.99,release_1,matched_kmeans,logistic,208,60,2,46,2.260869565217391,1.0,1,7,26,0.6739130434782609,0.9347826086956522,1.535904319218336,0.0,0.9357142857142857,1.0,1.0,1.0,sonar,0.05,member_training_labels_only,0.8881286982248521,0.8918094621335642,0.4230769230769231,nan
semi_sonar_trainnoise0.05,UCI id=151 via ucimlrepo,808,0.99,release_1,matched_kmeans,random_forest,208,60,2,46,2.260869565217391,1.0,1,7,26,0.6739130434782609,0.9347826086956522,1.535904319218336,0.0,0.9357142857142857,1.0,1.0,1.0,sonar,0.05,member_training_labels_only,0.8534578402366864,0.8458001503402199,0.2403846153846154,nan
semi_sonar_trainnoise0.05,UCI id=151 via ucimlrepo,808,0.99,release_2,granular_ball,logistic,208,60,2,46,2.260869565217391,2.0,1,8,19,0.7391304347826086,0.9130434782608695,2.250076427824108,2.232045104008484,0.9130434782608695,1.0,1.0,1.0,sonar,0.05,member_training_labels_only,0.8922892011834319,0.878609229098994,0.15384615384615385,nan
semi_sonar_trainnoise0.05,UCI id=151 via ucimlrepo,808,0.99,release_2,granular_ball,random_forest,208,60,2,46,2.260869565217391,2.0,1,8,19,0.7391304347826086,0.9130434782608695,2.250076427824108,2.232045104008484,0.9130434782608695,1.0,1.0,1.0,sonar,0.05,member_training_labels_only,0.8947855029585798,0.8745747022041831,0.17307692307692307,nan
semi_sonar_trainnoise0.05,UCI id=151 via ucimlrepo,808,0.99,release_2,matched_kmeans,logistic,208,60,2,46,2.260869565217391,1.0,1,7,26,0.6739130434782609,0.9347826086956522,1.535904319218336,0.0,0.9357142857142857,1.0,1.0,1.0,sonar,0.05,member_training_labels_only,0.9257581360946745,0.9277838492899687,0.5288461538461539,nan
semi_sonar_trainnoise0.05,UCI id=151 via ucimlrepo,808,0.99,release_2,matched_kmeans,random_forest,208,60,2,46,2.260869565217391,1.0,1,7,26,0.6739130434782609,0.9347826086956522,1.535904319218336,0.0,0.9357142857142857,1.0,1.0,1.0,sonar,0.05,member_training_labels_only,0.9089312130177515,0.9075045451164478,0.5096153846153846,nan
semi_sonar_trainnoise0.05,UCI id=151 via ucimlrepo,808,0.99,release_3,granular_ball,logistic,208,60,2,46,2.260869565217391,2.0,1,8,19,0.7391304347826086,0.9130434782608695,2.250076427824108,2.232045104008484,0.9130434782608695,1.0,1.0,1.0,sonar,0.05,member_training_labels_only,0.8823039940828402,0.8652771865143363,0.10576923076923077,nan
semi_sonar_trainnoise0.05,UCI id=151 via ucimlrepo,808,0.99,release_3,granular_ball,random_forest,208,60,2,46,2.260869565217391,2.0,1,8,19,0.7391304347826086,0.9130434782608695,2.250076427824108,2.232045104008484,0.9130434782608695,1.0,1.0,1.0,sonar,0.05,member_training_labels_only,0.8923816568047337,0.8657781867140687,0.08653846153846154,nan
semi_sonar_trainnoise0.05,UCI id=151 via ucimlrepo,808,0.99,release_3,matched_kmeans,logistic,208,60,2,46,2.260869565217391,1.0,1,7,26,0.6739130434782609,0.9347826086956522,1.535904319218336,0.0,0.9357142857142857,1.0,1.0,1.0,sonar,0.05,member_training_labels_only,0.9154031065088757,0.9174137440689594,0.5096153846153846,nan
semi_sonar_trainnoise0.05,UCI id=151 via ucimlrepo,808,0.99,release_3,matched_kmeans,random_forest,208,60,2,46,2.260869565217391,1.0,1,7,26,0.6739130434782609,0.9347826086956522,1.535904319218336,0.0,0.9357142857142857,1.0,1.0,1.0,sonar,0.05,member_training_labels_only,0.9069896449704141,0.9057786965639955,0.4423076923076923,nan
semi_sonar_trainnoise0.1,UCI id=151 via ucimlrepo,2,0.7,release_1,granular_ball,logistic,208,60,2,24,4.333333333333333,2.0,1,15,7,0.5833333333333334,0.7083333333333334,3.2371067644914446,3.40051106902552,0.8421626984126984,1.0,0.7142857142857143,1.0,sonar,0.1,member_training_labels_only,0.7540680473372781,0.7922962955408065,0.2403846153846154,nan
semi_sonar_trainnoise0.1,UCI id=151 via ucimlrepo,2,0.7,release_1,granular_ball,random_forest,208,60,2,24,4.333333333333333,2.0,1,15,7,0.5833333333333334,0.7083333333333334,3.2371067644914446,3.40051106902552,0.8421626984126984,1.0,0.7142857142857143,1.0,sonar,0.1,member_training_labels_only,0.7110761834319527,0.756592818296039,0.20192307692307693,nan
semi_sonar_trainnoise0.1,UCI id=151 via ucimlrepo,2,0.7,release_1,matched_kmeans,logistic,208,60,2,24,4.333333333333333,3.0,1,17,10,0.4583333333333333,0.7916666666666666,2.6360162346789053,3.4212493745524952,0.8877785204991087,1.0,0.7875000000000001,1.0,sonar,0.1,member_training_labels_only,0.8093565088757396,0.8238236959244631,0.23076923076923078,nan
semi_sonar_trainnoise0.1,UCI id=151 via ucimlrepo,2,0.7,release_1,matched_kmeans,random_forest,208,60,2,24,4.333333333333333,3.0,1,17,10,0.4583333333333333,0.7916666666666666,2.6360162346789053,3.4212493745524952,0.8877785204991087,1.0,0.7875000000000001,1.0,sonar,0.1,member_training_labels_only,0.7712647928994083,0.7909458809353518,0.2692307692307692,nan
semi_sonar_trainnoise0.1,UCI id=151 via ucimlrepo,2,0.7,release_2,granular_ball,logistic,208,60,2,24,4.333333333333333,2.0,1,15,7,0.5833333333333334,0.7083333333333334,3.2371067644914446,3.40051106902552,0.8421626984126984,1.0,0.7142857142857143,1.0,sonar,0.1,member_training_labels_only,0.7996486686390533,0.8203815904505669,0.2980769230769231,nan
semi_sonar_trainnoise0.1,UCI id=151 via ucimlrepo,2,0.7,release_2,granular_ball,random_forest,208,60,2,24,4.333333333333333,2.0,1,15,7,0.5833333333333334,0.7083333333333334,3.2371067644914446,3.40051106902552,0.8421626984126984,1.0,0.7142857142857143,1.0,sonar,0.1,member_training_labels_only,0.7595229289940828,0.7802989763217738,0.25,nan
semi_sonar_trainnoise0.1,UCI id=151 via ucimlrepo,2,0.7,release_2,matched_kmeans,logistic,208,60,2,24,4.333333333333333,3.0,1,17,10,0.4583333333333333,0.7916666666666666,2.6360162346789053,3.4212493745524952,0.8877785204991087,1.0,0.7875000000000001,1.0,sonar,0.1,member_training_labels_only,0.8193417159763313,0.8276274098319761,0.25,nan
semi_sonar_trainnoise0.1,UCI id=151 via ucimlrepo,2,0.7,release_2,matched_kmeans,random_forest,208,60,2,24,4.333333333333333,3.0,1,17,10,0.4583333333333333,0.7916666666666666,2.6360162346789053,3.4212493745524952,0.8877785204991087,1.0,0.7875000000000001,1.0,sonar,0.1,member_training_labels_only,0.7953957100591715,0.7991358747676283,0.20192307692307693,nan
semi_sonar_trainnoise0.1,UCI id=151 via ucimlrepo,2,0.7,release_3,granular_ball,logistic,208,60,2,24,4.333333333333333,2.0,1,15,7,0.5833333333333334,0.7083333333333334,3.2371067644914446,3.40051106902552,0.8421626984126984,1.0,0.7142857142857143,1.0,sonar,0.1,member_training_labels_only,0.8015902366863905,0.820872995543036,0.3076923076923077,nan
semi_sonar_trainnoise0.1,UCI id=151 via ucimlrepo,2,0.7,release_3,granular_ball,random_forest,208,60,2,24,4.333333333333333,2.0,1,15,7,0.5833333333333334,0.7083333333333334,3.2371067644914446,3.40051106902552,0.8421626984126984,1.0,0.7142857142857143,1.0,sonar,0.1,member_training_labels_only,0.7390902366863905,0.7635982427072541,0.15384615384615385,nan
semi_sonar_trainnoise0.1,UCI id=151 via ucimlrepo,2,0.7,release_3,matched_kmeans,logistic,208,60,2,24,4.333333333333333,3.0,1,17,10,0.4583333333333333,0.7916666666666666,2.6360162346789053,3.4212493745524952,0.8877785204991087,1.0,0.7875000000000001,1.0,sonar,0.1,member_training_labels_only,0.8137943786982248,0.8261598445561458,0.27884615384615385,nan
semi_sonar_trainnoise0.1,UCI id=151 via ucimlrepo,2,0.7,release_3,matched_kmeans,random_forest,208,60,2,24,4.333333333333333,3.0,1,17,10,0.4583333333333333,0.7916666666666666,2.6360162346789053,3.4212493745524952,0.8877785204991087,1.0,0.7875000000000001,1.0,sonar,0.1,member_training_labels_only,0.7942862426035503,0.7864503365704071,0.17307692307692307,nan
semi_sonar_trainnoise0.1,UCI id=151 via ucimlrepo,2,0.8,release_1,granular_ball,logistic,208,60,2,36,2.888888888888889,2.0,1,15,13,0.6944444444444444,0.9166666666666666,2.572974986092574,2.6713508878253585,0.8765873015873016,1.0,0.8,1.0,sonar,0.1,member_training_labels_only,0.8816568047337278,0.8979768892824271,0.4230769230769231,nan
semi_sonar_trainnoise0.1,UCI id=151 via ucimlrepo,2,0.8,release_1,granular_ball,random_forest,208,60,2,36,2.888888888888889,2.0,1,15,13,0.6944444444444444,0.9166666666666666,2.572974986092574,2.6713508878253585,0.8765873015873016,1.0,0.8,1.0,sonar,0.1,member_training_labels_only,0.8625647189349114,0.8943770537928143,0.5096153846153846,nan
semi_sonar_trainnoise0.1,UCI id=151 via ucimlrepo,2,0.8,release_1,matched_kmeans,logistic,208,60,2,36,2.888888888888889,1.0,1,13,20,0.6388888888888888,0.8333333333333334,1.7097846832616461,0.0,0.9350470517137184,1.0,1.0,1.0,sonar,0.1,member_training_labels_only,0.8711168639053254,0.8824518398487676,0.3942307692307692,nan
semi_sonar_trainnoise0.1,UCI id=151 via ucimlrepo,2,0.8,release_1,matched_kmeans,random_forest,208,60,2,36,2.888888888888889,1.0,1,13,20,0.6388888888888888,0.8333333333333334,1.7097846832616461,0.0,0.9350470517137184,1.0,1.0,1.0,sonar,0.1,member_training_labels_only,0.8569711538461537,0.8647561456290105,0.19230769230769232,nan
semi_sonar_trainnoise0.1,UCI id=151 via ucimlrepo,2,0.8,release_2,granular_ball,logistic,208,60,2,36,2.888888888888889,2.0,1,15,13,0.6944444444444444,0.9166666666666666,2.572974986092574,2.6713508878253585,0.8765873015873016,1.0,0.8,1.0,sonar,0.1,member_training_labels_only,0.9029215976331361,0.9144084746670942,0.5192307692307693,nan
semi_sonar_trainnoise0.1,UCI id=151 via ucimlrepo,2,0.8,release_2,granular_ball,random_forest,208,60,2,36,2.888888888888889,2.0,1,15,13,0.6944444444444444,0.9166666666666666,2.572974986092574,2.6713508878253585,0.8765873015873016,1.0,0.8,1.0,sonar,0.1,member_training_labels_only,0.8979289940828401,0.9167322773702153,0.5673076923076923,nan
semi_sonar_trainnoise0.1,UCI id=151 via ucimlrepo,2,0.8,release_2,matched_kmeans,logistic,208,60,2,36,2.888888888888889,1.0,1,13,20,0.6388888888888888,0.8333333333333334,1.7097846832616461,0.0,0.9350470517137184,1.0,1.0,1.0,sonar,0.1,member_training_labels_only,0.8775887573964497,0.8853165045026379,0.4230769230769231,nan
semi_sonar_trainnoise0.1,UCI id=151 via ucimlrepo,2,0.8,release_2,matched_kmeans,random_forest,208,60,2,36,2.888888888888889,1.0,1,13,20,0.6388888888888888,0.8333333333333334,1.7097846832616461,0.0,0.9350470517137184,1.0,1.0,1.0,sonar,0.1,member_training_labels_only,0.8539201183431954,0.8608645488093902,0.3269230769230769,nan
semi_sonar_trainnoise0.1,UCI id=151 via ucimlrepo,2,0.8,release_3,granular_ball,logistic,208,60,2,36,2.888888888888889,2.0,1,15,13,0.6944444444444444,0.9166666666666666,2.572974986092574,2.6713508878253585,0.8765873015873016,1.0,0.8,1.0,sonar,0.1,member_training_labels_only,0.9003328402366865,0.9107692023219275,0.5192307692307693,nan
semi_sonar_trainnoise0.1,UCI id=151 via ucimlrepo,2,0.8,release_3,granular_ball,random_forest,208,60,2,36,2.888888888888889,2.0,1,15,13,0.6944444444444444,0.9166666666666666,2.572974986092574,2.6713508878253585,0.8765873015873016,1.0,0.8,1.0,sonar,0.1,member_training_labels_only,0.904215976331361,0.9209242975035314,0.5576923076923077,nan
semi_sonar_trainnoise0.1,UCI id=151 via ucimlrepo,2,0.8,release_3,matched_kmeans,logistic,208,60,2,36,2.888888888888889,1.0,1,13,20,0.6388888888888888,0.8333333333333334,1.7097846832616461,0.0,0.9350470517137184,1.0,1.0,1.0,sonar,0.1,member_training_labels_only,0.8706545857988166,0.8788902892236256,0.40384615384615385,nan
semi_sonar_trainnoise0.1,UCI id=151 via ucimlrepo,2,0.8,release_3,matched_kmeans,random_forest,208,60,2,36,2.888888888888889,1.0,1,13,20,0.6388888888888888,0.8333333333333334,1.7097846832616461,0.0,0.9350470517137184,1.0,1.0,1.0,sonar,0.1,member_training_labels_only,0.8448594674556213,0.8474822601437251,0.2692307692307692,nan
semi_sonar_trainnoise0.1,UCI id=151 via ucimlrepo,2,0.9,release_1,granular_ball,logistic,208,60,2,49,2.122448979591837,2.0,1,10,21,0.7755102040816326,0.9795918367346939,2.099448994585103,2.0495762660711856,0.9081632653061225,1.0,1.0,1.0,sonar,0.1,member_training_labels_only,0.9497041420118343,0.9489153189970633,0.5096153846153846,nan
semi_sonar_trainnoise0.1,UCI id=151 via ucimlrepo,2,0.9,release_1,granular_ball,random_forest,208,60,2,49,2.122448979591837,2.0,1,10,21,0.7755102040816326,0.9795918367346939,2.099448994585103,2.0495762660711856,0.9081632653061225,1.0,1.0,1.0,sonar,0.1,member_training_labels_only,0.9404585798816568,0.9390747216318096,0.41346153846153844,nan
semi_sonar_trainnoise0.1,UCI id=151 via ucimlrepo,2,0.9,release_1,matched_kmeans,logistic,208,60,2,49,2.122448979591837,1.0,1,12,35,0.7551020408163265,0.8979591836734694,0.9818610833302319,0.0,0.9600097181729835,1.0,1.0,1.0,sonar,0.1,member_training_labels_only,0.9212278106508877,0.9266916964784876,0.5576923076923077,nan
semi_sonar_trainnoise0.1,UCI id=151 via ucimlrepo,2,0.9,release_1,matched_kmeans,random_forest,208,60,2,49,2.122448979591837,1.0,1,12,35,0.7551020408163265,0.8979591836734694,0.9818610833302319,0.0,0.9600097181729835,1.0,1.0,1.0,sonar,0.1,member_training_labels_only,0.9109652366863905,0.9124696624237654,0.5096153846153846,nan
semi_sonar_trainnoise0.1,UCI id=151 via ucimlrepo,2,0.9,release_2,granular_ball,logistic,208,60,2,49,2.122448979591837,2.0,1,10,21,0.7755102040816326,0.9795918367346939,2.099448994585103,2.0495762660711856,0.9081632653061225,1.0,1.0,1.0,sonar,0.1,member_training_labels_only,0.9597818047337278,0.9599916129627315,0.46153846153846156,nan
semi_sonar_trainnoise0.1,UCI id=151 via ucimlrepo,2,0.9,release_2,granular_ball,random_forest,208,60,2,49,2.122448979591837,2.0,1,10,21,0.7755102040816326,0.9795918367346939,2.099448994585103,2.0495762660711856,0.9081632653061225,1.0,1.0,1.0,sonar,0.1,member_training_labels_only,0.9607988165680473,0.9591676160438727,0.5288461538461539,nan
semi_sonar_trainnoise0.1,UCI id=151 via ucimlrepo,2,0.9,release_2,matched_kmeans,logistic,208,60,2,49,2.122448979591837,1.0,1,12,35,0.7551020408163265,0.8979591836734694,0.9818610833302319,0.0,0.9600097181729835,1.0,1.0,1.0,sonar,0.1,member_training_labels_only,0.9196560650887575,0.9242485121668247,0.5576923076923077,nan
semi_sonar_trainnoise0.1,UCI id=151 via ucimlrepo,2,0.9,release_2,matched_kmeans,random_forest,208,60,2,49,2.122448979591837,1.0,1,12,35,0.7551020408163265,0.8979591836734694,0.9818610833302319,0.0,0.9600097181729835,1.0,1.0,1.0,sonar,0.1,member_training_labels_only,0.9108727810650887,0.913376524500069,0.47115384615384615,nan
semi_sonar_trainnoise0.1,UCI id=151 via ucimlrepo,2,0.9,release_3,granular_ball,logistic,208,60,2,49,2.122448979591837,2.0,1,10,21,0.7755102040816326,0.9795918367346939,2.099448994585103,2.0495762660711856,0.9081632653061225,1.0,1.0,1.0,sonar,0.1,member_training_labels_only,0.9573779585798816,0.9581406760547257,0.49038461538461536,nan
semi_sonar_trainnoise0.1,UCI id=151 via ucimlrepo,2,0.9,release_3,granular_ball,random_forest,208,60,2,49,2.122448979591837,2.0,1,10,21,0.7755102040816326,0.9795918367346939,2.099448994585103,2.0495762660711856,0.9081632653061225,1.0,1.0,1.0,sonar,0.1,member_training_labels_only,0.9664386094674556,0.9676268302387718,0.6730769230769231,nan
semi_sonar_trainnoise0.1,UCI id=151 via ucimlrepo,2,0.9,release_3,matched_kmeans,logistic,208,60,2,49,2.122448979591837,1.0,1,12,35,0.7551020408163265,0.8979591836734694,0.9818610833302319,0.0,0.9600097181729835,1.0,1.0,1.0,sonar,0.1,member_training_labels_only,0.910780325443787,0.9152298200029713,0.5192307692307693,nan
semi_sonar_trainnoise0.1,UCI id=151 via ucimlrepo,2,0.9,release_3,matched_kmeans,random_forest,208,60,2,49,2.122448979591837,1.0,1,12,35,0.7551020408163265,0.8979591836734694,0.9818610833302319,0.0,0.9600097181729835,1.0,1.0,1.0,sonar,0.1,member_training_labels_only,0.9034763313609467,0.9048586891095041,0.4230769230769231,nan
semi_sonar_trainnoise0.1,UCI id=151 via ucimlrepo,2,0.95,release_1,granular_ball,logistic,208,60,2,49,2.122448979591837,2.0,1,10,21,0.7755102040816326,0.9795918367346939,2.099448994585103,2.0495762660711856,0.9081632653061225,1.0,1.0,1.0,sonar,0.1,member_training_labels_only,0.9497041420118343,0.9489153189970633,0.5096153846153846,nan
semi_sonar_trainnoise0.1,UCI id=151 via ucimlrepo,2,0.95,release_1,granular_ball,random_forest,208,60,2,49,2.122448979591837,2.0,1,10,21,0.7755102040816326,0.9795918367346939,2.099448994585103,2.0495762660711856,0.9081632653061225,1.0,1.0,1.0,sonar,0.1,member_training_labels_only,0.9404585798816568,0.9390747216318096,0.41346153846153844,nan
semi_sonar_trainnoise0.1,UCI id=151 via ucimlrepo,2,0.95,release_1,matched_kmeans,logistic,208,60,2,49,2.122448979591837,1.0,1,12,35,0.7551020408163265,0.8979591836734694,0.9818610833302319,0.0,0.9600097181729835,1.0,1.0,1.0,sonar,0.1,member_training_labels_only,0.9212278106508877,0.9266916964784876,0.5576923076923077,nan
semi_sonar_trainnoise0.1,UCI id=151 via ucimlrepo,2,0.95,release_1,matched_kmeans,random_forest,208,60,2,49,2.122448979591837,1.0,1,12,35,0.7551020408163265,0.8979591836734694,0.9818610833302319,0.0,0.9600097181729835,1.0,1.0,1.0,sonar,0.1,member_training_labels_only,0.9109652366863905,0.9124696624237654,0.5096153846153846,nan
semi_sonar_trainnoise0.1,UCI id=151 via ucimlrepo,2,0.95,release_2,granular_ball,logistic,208,60,2,49,2.122448979591837,2.0,1,10,21,0.7755102040816326,0.9795918367346939,2.099448994585103,2.0495762660711856,0.9081632653061225,1.0,1.0,1.0,sonar,0.1,member_training_labels_only,0.9597818047337278,0.9599916129627315,0.46153846153846156,nan
semi_sonar_trainnoise0.1,UCI id=151 via ucimlrepo,2,0.95,release_2,granular_ball,random_forest,208,60,2,49,2.122448979591837,2.0,1,10,21,0.7755102040816326,0.9795918367346939,2.099448994585103,2.0495762660711856,0.9081632653061225,1.0,1.0,1.0,sonar,0.1,member_training_labels_only,0.9607988165680473,0.9591676160438727,0.5288461538461539,nan
semi_sonar_trainnoise0.1,UCI id=151 via ucimlrepo,2,0.95,release_2,matched_kmeans,logistic,208,60,2,49,2.122448979591837,1.0,1,12,35,0.7551020408163265,0.8979591836734694,0.9818610833302319,0.0,0.9600097181729835,1.0,1.0,1.0,sonar,0.1,member_training_labels_only,0.9196560650887575,0.9242485121668247,0.5576923076923077,nan
semi_sonar_trainnoise0.1,UCI id=151 via ucimlrepo,2,0.95,release_2,matched_kmeans,random_forest,208,60,2,49,2.122448979591837,1.0,1,12,35,0.7551020408163265,0.8979591836734694,0.9818610833302319,0.0,0.9600097181729835,1.0,1.0,1.0,sonar,0.1,member_training_labels_only,0.9108727810650887,0.913376524500069,0.47115384615384615,nan
semi_sonar_trainnoise0.1,UCI id=151 via ucimlrepo,2,0.95,release_3,granular_ball,logistic,208,60,2,49,2.122448979591837,2.0,1,10,21,0.7755102040816326,0.9795918367346939,2.099448994585103,2.0495762660711856,0.9081632653061225,1.0,1.0,1.0,sonar,0.1,member_training_labels_only,0.9573779585798816,0.9581406760547257,0.49038461538461536,nan
semi_sonar_trainnoise0.1,UCI id=151 via ucimlrepo,2,0.95,release_3,granular_ball,random_forest,208,60,2,49,2.122448979591837,2.0,1,10,21,0.7755102040816326,0.9795918367346939,2.099448994585103,2.0495762660711856,0.9081632653061225,1.0,1.0,1.0,sonar,0.1,member_training_labels_only,0.9664386094674556,0.9676268302387718,0.6730769230769231,nan
semi_sonar_trainnoise0.1,UCI id=151 via ucimlrepo,2,0.95,release_3,matched_kmeans,logistic,208,60,2,49,2.122448979591837,1.0,1,12,35,0.7551020408163265,0.8979591836734694,0.9818610833302319,0.0,0.9600097181729835,1.0,1.0,1.0,sonar,0.1,member_training_labels_only,0.910780325443787,0.9152298200029713,0.5192307692307693,nan
semi_sonar_trainnoise0.1,UCI id=151 via ucimlrepo,2,0.95,release_3,matched_kmeans,random_forest,208,60,2,49,2.122448979591837,1.0,1,12,35,0.7551020408163265,0.8979591836734694,0.9818610833302319,0.0,0.9600097181729835,1.0,1.0,1.0,sonar,0.1,member_training_labels_only,0.9034763313609467,0.9048586891095041,0.4230769230769231,nan
semi_sonar_trainnoise0.1,UCI id=151 via ucimlrepo,2,0.99,release_1,granular_ball,logistic,208,60,2,49,2.122448979591837,2.0,1,10,21,0.7755102040816326,0.9795918367346939,2.099448994585103,2.0495762660711856,0.9081632653061225,1.0,1.0,1.0,sonar,0.1,member_training_labels_only,0.9497041420118343,0.9489153189970633,0.5096153846153846,nan
semi_sonar_trainnoise0.1,UCI id=151 via ucimlrepo,2,0.99,release_1,granular_ball,random_forest,208,60,2,49,2.122448979591837,2.0,1,10,21,0.7755102040816326,0.9795918367346939,2.099448994585103,2.0495762660711856,0.9081632653061225,1.0,1.0,1.0,sonar,0.1,member_training_labels_only,0.9404585798816568,0.9390747216318096,0.41346153846153844,nan
semi_sonar_trainnoise0.1,UCI id=151 via ucimlrepo,2,0.99,release_1,matched_kmeans,logistic,208,60,2,49,2.122448979591837,1.0,1,12,35,0.7551020408163265,0.8979591836734694,0.9818610833302319,0.0,0.9600097181729835,1.0,1.0,1.0,sonar,0.1,member_training_labels_only,0.9212278106508877,0.9266916964784876,0.5576923076923077,nan
semi_sonar_trainnoise0.1,UCI id=151 via ucimlrepo,2,0.99,release_1,matched_kmeans,random_forest,208,60,2,49,2.122448979591837,1.0,1,12,35,0.7551020408163265,0.8979591836734694,0.9818610833302319,0.0,0.9600097181729835,1.0,1.0,1.0,sonar,0.1,member_training_labels_only,0.9109652366863905,0.9124696624237654,0.5096153846153846,nan
semi_sonar_trainnoise0.1,UCI id=151 via ucimlrepo,2,0.99,release_2,granular_ball,logistic,208,60,2,49,2.122448979591837,2.0,1,10,21,0.7755102040816326,0.9795918367346939,2.099448994585103,2.0495762660711856,0.9081632653061225,1.0,1.0,1.0,sonar,0.1,member_training_labels_only,0.9597818047337278,0.9599916129627315,0.46153846153846156,nan
semi_sonar_trainnoise0.1,UCI id=151 via ucimlrepo,2,0.99,release_2,granular_ball,random_forest,208,60,2,49,2.122448979591837,2.0,1,10,21,0.7755102040816326,0.9795918367346939,2.099448994585103,2.0495762660711856,0.9081632653061225,1.0,1.0,1.0,sonar,0.1,member_training_labels_only,0.9607988165680473,0.9591676160438727,0.5288461538461539,nan
semi_sonar_trainnoise0.1,UCI id=151 via ucimlrepo,2,0.99,release_2,matched_kmeans,logistic,208,60,2,49,2.122448979591837,1.0,1,12,35,0.7551020408163265,0.8979591836734694,0.9818610833302319,0.0,0.9600097181729835,1.0,1.0,1.0,sonar,0.1,member_training_labels_only,0.9196560650887575,0.9242485121668247,0.5576923076923077,nan
semi_sonar_trainnoise0.1,UCI id=151 via ucimlrepo,2,0.99,release_2,matched_kmeans,random_forest,208,60,2,49,2.122448979591837,1.0,1,12,35,0.7551020408163265,0.8979591836734694,0.9818610833302319,0.0,0.9600097181729835,1.0,1.0,1.0,sonar,0.1,member_training_labels_only,0.9108727810650887,0.913376524500069,0.47115384615384615,nan
semi_sonar_trainnoise0.1,UCI id=151 via ucimlrepo,2,0.99,release_3,granular_ball,logistic,208,60,2,49,2.122448979591837,2.0,1,10,21,0.7755102040816326,0.9795918367346939,2.099448994585103,2.0495762660711856,0.9081632653061225,1.0,1.0,1.0,sonar,0.1,member_training_labels_only,0.9573779585798816,0.9581406760547257,0.49038461538461536,nan
semi_sonar_trainnoise0.1,UCI id=151 via ucimlrepo,2,0.99,release_3,granular_ball,random_forest,208,60,2,49,2.122448979591837,2.0,1,10,21,0.7755102040816326,0.9795918367346939,2.099448994585103,2.0495762660711856,0.9081632653061225,1.0,1.0,1.0,sonar,0.1,member_training_labels_only,0.9664386094674556,0.9676268302387718,0.6730769230769231,nan
semi_sonar_trainnoise0.1,UCI id=151 via ucimlrepo,2,0.99,release_3,matched_kmeans,logistic,208,60,2,49,2.122448979591837,1.0,1,12,35,0.7551020408163265,0.8979591836734694,0.9818610833302319,0.0,0.9600097181729835,1.0,1.0,1.0,sonar,0.1,member_training_labels_only,0.910780325443787,0.9152298200029713,0.5192307692307693,nan
semi_sonar_trainnoise0.1,UCI id=151 via ucimlrepo,2,0.99,release_3,matched_kmeans,random_forest,208,60,2,49,2.122448979591837,1.0,1,12,35,0.7551020408163265,0.8979591836734694,0.9818610833302319,0.0,0.9600097181729835,1.0,1.0,1.0,sonar,0.1,member_training_labels_only,0.9034763313609467,0.9048586891095041,0.4230769230769231,nan
semi_sonar_trainnoise0.1,UCI id=151 via ucimlrepo,13,0.7,release_1,granular_ball,logistic,208,60,2,16,6.5,4.0,1,24,4,0.375,0.625,3.237943653461656,3.6391876914230794,0.8302015692640693,0.7708333333333333,0.75,1.0,sonar,0.1,member_training_labels_only,0.6740014792899408,0.6776380258468765,0.038461538461538464,nan
semi_sonar_trainnoise0.1,UCI id=151 via ucimlrepo,13,0.7,release_1,granular_ball,random_forest,208,60,2,16,6.5,4.0,1,24,4,0.375,0.625,3.237943653461656,3.6391876914230794,0.8302015692640693,0.7708333333333333,0.75,1.0,sonar,0.1,member_training_labels_only,0.6745562130177515,0.6554118937728863,0.038461538461538464,nan
semi_sonar_trainnoise0.1,UCI id=151 via ucimlrepo,13,0.7,release_1,matched_kmeans,logistic,208,60,2,16,6.5,5.0,2,13,0,0.125,0.5625,4.611888808510786,5.087413641330484,0.8028252997002997,0.7846153846153847,0.6666666666666666,1.0,sonar,0.1,member_training_labels_only,0.7826368343195266,0.7815048724160831,0.14423076923076922,nan
semi_sonar_trainnoise0.1,UCI id=151 via ucimlrepo,13,0.7,release_1,matched_kmeans,random_forest,208,60,2,16,6.5,5.0,2,13,0,0.125,0.5625,4.611888808510786,5.087413641330484,0.8028252997002997,0.7846153846153847,0.6666666666666666,1.0,sonar,0.1,member_training_labels_only,0.7379807692307692,0.7356067202317049,0.10576923076923077,nan
semi_sonar_trainnoise0.1,UCI id=151 via ucimlrepo,13,0.7,release_2,granular_ball,logistic,208,60,2,16,6.5,4.0,1,24,4,0.375,0.625,3.237943653461656,3.6391876914230794,0.8302015692640693,0.7708333333333333,0.75,1.0,sonar,0.1,member_training_labels_only,0.6654955621301776,0.6956881402434933,0.1346153846153846,nan
semi_sonar_trainnoise0.1,UCI id=151 via ucimlrepo,13,0.7,release_2,granular_ball,random_forest,208,60,2,16,6.5,4.0,1,24,4,0.375,0.625,3.237943653461656,3.6391876914230794,0.8302015692640693,0.7708333333333333,0.75,1.0,sonar,0.1,member_training_labels_only,0.7168084319526626,0.7324700534057624,0.20192307692307693,nan
semi_sonar_trainnoise0.1,UCI id=151 via ucimlrepo,13,0.7,release_2,matched_kmeans,logistic,208,60,2,16,6.5,5.0,2,13,0,0.125,0.5625,4.611888808510786,5.087413641330484,0.8028252997002997,0.7846153846153847,0.6666666666666666,1.0,sonar,0.1,member_training_labels_only,0.7856878698224852,0.7811112632435536,0.11538461538461539,nan
semi_sonar_trainnoise0.1,UCI id=151 via ucimlrepo,13,0.7,release_2,matched_kmeans,random_forest,208,60,2,16,6.5,5.0,2,13,0,0.125,0.5625,4.611888808510786,5.087413641330484,0.8028252997002997,0.7846153846153847,0.6666666666666666,1.0,sonar,0.1,member_training_labels_only,0.7428809171597632,0.7374816352459099,0.08653846153846154,nan
semi_sonar_trainnoise0.1,UCI id=151 via ucimlrepo,13,0.7,release_3,granular_ball,logistic,208,60,2,16,6.5,4.0,1,24,4,0.375,0.625,3.237943653461656,3.6391876914230794,0.8302015692640693,0.7708333333333333,0.75,1.0,sonar,0.1,member_training_labels_only,0.6633690828402365,0.6901812679419495,0.11538461538461539,nan
semi_sonar_trainnoise0.1,UCI id=151 via ucimlrepo,13,0.7,release_3,granular_ball,random_forest,208,60,2,16,6.5,4.0,1,24,4,0.375,0.625,3.237943653461656,3.6391876914230794,0.8302015692640693,0.7708333333333333,0.75,1.0,sonar,0.1,member_training_labels_only,0.6853735207100591,0.6969457801285078,0.15384615384615385,nan
semi_sonar_trainnoise0.1,UCI id=151 via ucimlrepo,13,0.7,release_3,matched_kmeans,logistic,208,60,2,16,6.5,5.0,2,13,0,0.125,0.5625,4.611888808510786,5.087413641330484,0.8028252997002997,0.7846153846153847,0.6666666666666666,1.0,sonar,0.1,member_training_labels_only,0.7944711538461539,0.7915394151855112,0.18269230769230768,nan
semi_sonar_trainnoise0.1,UCI id=151 via ucimlrepo,13,0.7,release_3,matched_kmeans,random_forest,208,60,2,16,6.5,5.0,2,13,0,0.125,0.5625,4.611888808510786,5.087413641330484,0.8028252997002997,0.7846153846153847,0.6666666666666666,1.0,sonar,0.1,member_training_labels_only,0.7401997041420117,0.747133767605471,0.1346153846153846,nan
semi_sonar_trainnoise0.1,UCI id=151 via ucimlrepo,13,0.8,release_1,granular_ball,logistic,208,60,2,34,3.0588235294117645,2.0,1,14,15,0.7058823529411765,0.8529411764705882,2.1616509685587815,1.8060292075671556,0.9014005602240897,1.0,0.8571428571428571,1.0,sonar,0.1,member_training_labels_only,0.8325628698224851,0.8467798240431738,0.21153846153846154,nan
semi_sonar_trainnoise0.1,UCI id=151 via ucimlrepo,13,0.8,release_1,granular_ball,random_forest,208,60,2,34,3.0588235294117645,2.0,1,14,15,0.7058823529411765,0.8529411764705882,2.1616509685587815,1.8060292075671556,0.9014005602240897,1.0,0.8571428571428571,1.0,sonar,0.1,member_training_labels_only,0.8052884615384615,0.81884428364147,0.19230769230769232,nan
semi_sonar_trainnoise0.1,UCI id=151 via ucimlrepo,13,0.8,release_1,matched_kmeans,logistic,208,60,2,34,3.0588235294117645,2.0,1,18,15,0.6470588235294118,0.8823529411764706,2.08634701675673,2.9639299318494645,0.8921335200746965,1.0,0.7625,1.0,sonar,0.1,member_training_labels_only,0.8987610946745562,0.8966102351079636,0.2980769230769231,nan
semi_sonar_trainnoise0.1,UCI id=151 via ucimlrepo,13,0.8,release_1,matched_kmeans,random_forest,208,60,2,34,3.0588235294117645,2.0,1,18,15,0.6470588235294118,0.8823529411764706,2.08634701675673,2.9639299318494645,0.8921335200746965,1.0,0.7625,1.0,sonar,0.1,member_training_labels_only,0.8831360946745562,0.8728971341395245,0.18269230769230768,nan
semi_sonar_trainnoise0.1,UCI id=151 via ucimlrepo,13,0.8,release_2,granular_ball,logistic,208,60,2,34,3.0588235294117645,2.0,1,14,15,0.7058823529411765,0.8529411764705882,2.1616509685587815,1.8060292075671556,0.9014005602240897,1.0,0.8571428571428571,1.0,sonar,0.1,member_training_labels_only,0.8343195266272189,0.8560014396863709,0.3942307692307692,nan
semi_sonar_trainnoise0.1,UCI id=151 via ucimlrepo,13,0.8,release_2,granular_ball,random_forest,208,60,2,34,3.0588235294117645,2.0,1,14,15,0.7058823529411765,0.8529411764705882,2.1616509685587815,1.8060292075671556,0.9014005602240897,1.0,0.8571428571428571,1.0,sonar,0.1,member_training_labels_only,0.8186020710059171,0.840322705362934,0.23076923076923078,nan
semi_sonar_trainnoise0.1,UCI id=151 via ucimlrepo,13,0.8,release_2,matched_kmeans,logistic,208,60,2,34,3.0588235294117645,2.0,1,18,15,0.6470588235294118,0.8823529411764706,2.08634701675673,2.9639299318494645,0.8921335200746965,1.0,0.7625,1.0,sonar,0.1,member_training_labels_only,0.8946930473372781,0.8871239452934265,0.17307692307692307,nan
semi_sonar_trainnoise0.1,UCI id=151 via ucimlrepo,13,0.8,release_2,matched_kmeans,random_forest,208,60,2,34,3.0588235294117645,2.0,1,18,15,0.6470588235294118,0.8823529411764706,2.08634701675673,2.9639299318494645,0.8921335200746965,1.0,0.7625,1.0,sonar,0.1,member_training_labels_only,0.8958949704142012,0.891565919212808,0.23076923076923078,nan
semi_sonar_trainnoise0.1,UCI id=151 via ucimlrepo,13,0.8,release_3,granular_ball,logistic,208,60,2,34,3.0588235294117645,2.0,1,14,15,0.7058823529411765,0.8529411764705882,2.1616509685587815,1.8060292075671556,0.9014005602240897,1.0,0.8571428571428571,1.0,sonar,0.1,member_training_labels_only,0.8299741124260355,0.854166592715698,0.41346153846153844,nan
semi_sonar_trainnoise0.1,UCI id=151 via ucimlrepo,13,0.8,release_3,granular_ball,random_forest,208,60,2,34,3.0588235294117645,2.0,1,14,15,0.7058823529411765,0.8529411764705882,2.1616509685587815,1.8060292075671556,0.9014005602240897,1.0,0.8571428571428571,1.0,sonar,0.1,member_training_labels_only,0.8084319526627218,0.8341312403311112,0.25961538461538464,nan
semi_sonar_trainnoise0.1,UCI id=151 via ucimlrepo,13,0.8,release_3,matched_kmeans,logistic,208,60,2,34,3.0588235294117645,2.0,1,18,15,0.6470588235294118,0.8823529411764706,2.08634701675673,2.9639299318494645,0.8921335200746965,1.0,0.7625,1.0,sonar,0.1,member_training_labels_only,0.9028291420118343,0.8954077662458635,0.19230769230769232,nan
semi_sonar_trainnoise0.1,UCI id=151 via ucimlrepo,13,0.8,release_3,matched_kmeans,random_forest,208,60,2,34,3.0588235294117645,2.0,1,18,15,0.6470588235294118,0.8823529411764706,2.08634701675673,2.9639299318494645,0.8921335200746965,1.0,0.7625,1.0,sonar,0.1,member_training_labels_only,0.8814718934911242,0.8795294275851542,0.2692307692307692,nan
semi_sonar_trainnoise0.1,UCI id=151 via ucimlrepo,13,0.9,release_1,granular_ball,logistic,208,60,2,48,2.1666666666666665,2.0,1,13,22,0.8333333333333334,0.9583333333333334,1.8890895168675996,1.4997133747115556,0.9043560606060606,1.0,1.0,1.0,sonar,0.1,member_training_labels_only,0.9067122781065088,0.913753954089838,0.5576923076923077,nan
semi_sonar_trainnoise0.1,UCI id=151 via ucimlrepo,13,0.9,release_1,granular_ball,random_forest,208,60,2,48,2.1666666666666665,2.0,1,13,22,0.8333333333333334,0.9583333333333334,1.8890895168675996,1.4997133747115556,0.9043560606060606,1.0,1.0,1.0,sonar,0.1,member_training_labels_only,0.905417899408284,0.9183291434834671,0.5576923076923077,nan
semi_sonar_trainnoise0.1,UCI id=151 via ucimlrepo,13,0.9,release_1,matched_kmeans,logistic,208,60,2,48,2.1666666666666665,1.0,1,12,29,0.7083333333333334,0.9583333333333334,1.2602793664032699,0.0,0.9302083333333333,1.0,1.0,1.0,sonar,0.1,member_training_labels_only,0.9323224852071005,0.9368349930244011,0.4519230769230769,nan
semi_sonar_trainnoise0.1,UCI id=151 via ucimlrepo,13,0.9,release_1,matched_kmeans,random_forest,208,60,2,48,2.1666666666666665,1.0,1,12,29,0.7083333333333334,0.9583333333333334,1.2602793664032699,0.0,0.9302083333333333,1.0,1.0,1.0,sonar,0.1,member_training_labels_only,0.9126294378698225,0.9229484515143058,0.5673076923076923,nan
semi_sonar_trainnoise0.1,UCI id=151 via ucimlrepo,13,0.9,release_2,granular_ball,logistic,208,60,2,48,2.1666666666666665,2.0,1,13,22,0.8333333333333334,0.9583333333333334,1.8890895168675996,1.4997133747115556,0.9043560606060606,1.0,1.0,1.0,sonar,0.1,member_training_labels_only,0.9334319526627219,0.9429175447137785,0.6153846153846154,nan
semi_sonar_trainnoise0.1,UCI id=151 via ucimlrepo,13,0.9,release_2,granular_ball,random_forest,208,60,2,48,2.1666666666666665,2.0,1,13,22,0.8333333333333334,0.9583333333333334,1.8890895168675996,1.4997133747115556,0.9043560606060606,1.0,1.0,1.0,sonar,0.1,member_training_labels_only,0.9259430473372781,0.935515934484943,0.5480769230769231,nan
semi_sonar_trainnoise0.1,UCI id=151 via ucimlrepo,13,0.9,release_2,matched_kmeans,logistic,208,60,2,48,2.1666666666666665,1.0,1,12,29,0.7083333333333334,0.9583333333333334,1.2602793664032699,0.0,0.9302083333333333,1.0,1.0,1.0,sonar,0.1,member_training_labels_only,0.9259430473372781,0.9310875897366873,0.4519230769230769,nan
semi_sonar_trainnoise0.1,UCI id=151 via ucimlrepo,13,0.9,release_2,matched_kmeans,random_forest,208,60,2,48,2.1666666666666665,1.0,1,12,29,0.7083333333333334,0.9583333333333334,1.2602793664032699,0.0,0.9302083333333333,1.0,1.0,1.0,sonar,0.1,member_training_labels_only,0.9163738905325444,0.9286137462860921,0.6730769230769231,nan
semi_sonar_trainnoise0.1,UCI id=151 via ucimlrepo,13,0.9,release_3,granular_ball,logistic,208,60,2,48,2.1666666666666665,2.0,1,13,22,0.8333333333333334,0.9583333333333334,1.8890895168675996,1.4997133747115556,0.9043560606060606,1.0,1.0,1.0,sonar,0.1,member_training_labels_only,0.9301960059171597,0.939253754653439,0.5961538461538461,nan
semi_sonar_trainnoise0.1,UCI id=151 via ucimlrepo,13,0.9,release_3,granular_ball,random_forest,208,60,2,48,2.1666666666666665,2.0,1,13,22,0.8333333333333334,0.9583333333333334,1.8890895168675996,1.4997133747115556,0.9043560606060606,1.0,1.0,1.0,sonar,0.1,member_training_labels_only,0.9234467455621301,0.9337813332532117,0.5096153846153846,nan
semi_sonar_trainnoise0.1,UCI id=151 via ucimlrepo,13,0.9,release_3,matched_kmeans,logistic,208,60,2,48,2.1666666666666665,1.0,1,12,29,0.7083333333333334,0.9583333333333334,1.2602793664032699,0.0,0.9302083333333333,1.0,1.0,1.0,sonar,0.1,member_training_labels_only,0.9301960059171598,0.9323772043230356,0.5769230769230769,nan
semi_sonar_trainnoise0.1,UCI id=151 via ucimlrepo,13,0.9,release_3,matched_kmeans,random_forest,208,60,2,48,2.1666666666666665,1.0,1,12,29,0.7083333333333334,0.9583333333333334,1.2602793664032699,0.0,0.9302083333333333,1.0,1.0,1.0,sonar,0.1,member_training_labels_only,0.9240939349112426,0.9346942017053282,0.6730769230769231,nan
semi_sonar_trainnoise0.1,UCI id=151 via ucimlrepo,13,0.95,release_1,granular_ball,logistic,208,60,2,53,1.9622641509433962,2.0,1,13,25,0.8301886792452831,0.9811320754716981,1.8041256020323886,1.3254208308805107,0.9056603773584906,1.0,1.0,1.0,sonar,0.1,member_training_labels_only,0.9276072485207101,0.9322640188483063,0.5769230769230769,nan
semi_sonar_trainnoise0.1,UCI id=151 via ucimlrepo,13,0.95,release_1,granular_ball,random_forest,208,60,2,53,1.9622641509433962,2.0,1,13,25,0.8301886792452831,0.9811320754716981,1.8041256020323886,1.3254208308805107,0.9056603773584906,1.0,1.0,1.0,sonar,0.1,member_training_labels_only,0.9284855769230769,0.9386880132332449,0.6153846153846154,nan
semi_sonar_trainnoise0.1,UCI id=151 via ucimlrepo,13,0.95,release_1,matched_kmeans,logistic,208,60,2,53,1.9622641509433962,1.0,1,12,32,0.7547169811320755,0.9811320754716981,1.146485077463128,0.0,0.9327044025157234,1.0,1.0,1.0,sonar,0.1,member_training_labels_only,0.944896449704142,0.951878931530118,0.7019230769230769,nan
semi_sonar_trainnoise0.1,UCI id=151 via ucimlrepo,13,0.95,release_1,matched_kmeans,random_forest,208,60,2,53,1.9622641509433962,1.0,1,12,32,0.7547169811320755,0.9811320754716981,1.146485077463128,0.0,0.9327044025157234,1.0,1.0,1.0,sonar,0.1,member_training_labels_only,0.9198409763313609,0.9329571281013568,0.6442307692307693,nan
semi_sonar_trainnoise0.1,UCI id=151 via ucimlrepo,13,0.95,release_2,granular_ball,logistic,208,60,2,53,1.9622641509433962,2.0,1,13,25,0.8301886792452831,0.9811320754716981,1.8041256020323886,1.3254208308805107,0.9056603773584906,1.0,1.0,1.0,sonar,0.1,member_training_labels_only,0.9522004437869822,0.9567397879935605,0.5480769230769231,nan
semi_sonar_trainnoise0.1,UCI id=151 via ucimlrepo,13,0.95,release_2,granular_ball,random_forest,208,60,2,53,1.9622641509433962,2.0,1,13,25,0.8301886792452831,0.9811320754716981,1.8041256020323886,1.3254208308805107,0.9056603773584906,1.0,1.0,1.0,sonar,0.1,member_training_labels_only,0.9563609467455622,0.9622941915873868,0.6826923076923077,nan
semi_sonar_trainnoise0.1,UCI id=151 via ucimlrepo,13,0.95,release_2,matched_kmeans,logistic,208,60,2,53,1.9622641509433962,1.0,1,12,32,0.7547169811320755,0.9811320754716981,1.146485077463128,0.0,0.9327044025157234,1.0,1.0,1.0,sonar,0.1,member_training_labels_only,0.9434171597633136,0.9493434737306988,0.6826923076923077,nan
semi_sonar_trainnoise0.1,UCI id=151 via ucimlrepo,13,0.95,release_2,matched_kmeans,random_forest,208,60,2,53,1.9622641509433962,1.0,1,12,32,0.7547169811320755,0.9811320754716981,1.146485077463128,0.0,0.9327044025157234,1.0,1.0,1.0,sonar,0.1,member_training_labels_only,0.9342640532544378,0.9430373481651892,0.6538461538461539,nan
semi_sonar_trainnoise0.1,UCI id=151 via ucimlrepo,13,0.95,release_3,granular_ball,logistic,208,60,2,53,1.9622641509433962,2.0,1,13,25,0.8301886792452831,0.9811320754716981,1.8041256020323886,1.3254208308805107,0.9056603773584906,1.0,1.0,1.0,sonar,0.1,member_training_labels_only,0.9474852071005917,0.952191118415653,0.5961538461538461,nan
semi_sonar_trainnoise0.1,UCI id=151 via ucimlrepo,13,0.95,release_3,granular_ball,random_forest,208,60,2,53,1.9622641509433962,2.0,1,13,25,0.8301886792452831,0.9811320754716981,1.8041256020323886,1.3254208308805107,0.9056603773584906,1.0,1.0,1.0,sonar,0.1,member_training_labels_only,0.9554363905325444,0.9622528812677668,0.6346153846153846,nan
semi_sonar_trainnoise0.1,UCI id=151 via ucimlrepo,13,0.95,release_3,matched_kmeans,logistic,208,60,2,53,1.9622641509433962,1.0,1,12,32,0.7547169811320755,0.9811320754716981,1.146485077463128,0.0,0.9327044025157234,1.0,1.0,1.0,sonar,0.1,member_training_labels_only,0.9400887573964497,0.9428403405359336,0.625,nan
semi_sonar_trainnoise0.1,UCI id=151 via ucimlrepo,13,0.95,release_3,matched_kmeans,random_forest,208,60,2,53,1.9622641509433962,1.0,1,12,32,0.7547169811320755,0.9811320754716981,1.146485077463128,0.0,0.9327044025157234,1.0,1.0,1.0,sonar,0.1,member_training_labels_only,0.9411057692307693,0.9475753763156425,0.6634615384615384,nan
semi_sonar_trainnoise0.1,UCI id=151 via ucimlrepo,13,0.99,release_1,granular_ball,logistic,208,60,2,53,1.9622641509433962,2.0,1,13,25,0.8301886792452831,0.9811320754716981,1.8041256020323886,1.3254208308805107,0.9056603773584906,1.0,1.0,1.0,sonar,0.1,member_training_labels_only,0.9276072485207101,0.9322640188483063,0.5769230769230769,nan
semi_sonar_trainnoise0.1,UCI id=151 via ucimlrepo,13,0.99,release_1,granular_ball,random_forest,208,60,2,53,1.9622641509433962,2.0,1,13,25,0.8301886792452831,0.9811320754716981,1.8041256020323886,1.3254208308805107,0.9056603773584906,1.0,1.0,1.0,sonar,0.1,member_training_labels_only,0.9284855769230769,0.9386880132332449,0.6153846153846154,nan
semi_sonar_trainnoise0.1,UCI id=151 via ucimlrepo,13,0.99,release_1,matched_kmeans,logistic,208,60,2,53,1.9622641509433962,1.0,1,12,32,0.7547169811320755,0.9811320754716981,1.146485077463128,0.0,0.9327044025157234,1.0,1.0,1.0,sonar,0.1,member_training_labels_only,0.944896449704142,0.951878931530118,0.7019230769230769,nan
semi_sonar_trainnoise0.1,UCI id=151 via ucimlrepo,13,0.99,release_1,matched_kmeans,random_forest,208,60,2,53,1.9622641509433962,1.0,1,12,32,0.7547169811320755,0.9811320754716981,1.146485077463128,0.0,0.9327044025157234,1.0,1.0,1.0,sonar,0.1,member_training_labels_only,0.9198409763313609,0.9329571281013568,0.6442307692307693,nan
semi_sonar_trainnoise0.1,UCI id=151 via ucimlrepo,13,0.99,release_2,granular_ball,logistic,208,60,2,53,1.9622641509433962,2.0,1,13,25,0.8301886792452831,0.9811320754716981,1.8041256020323886,1.3254208308805107,0.9056603773584906,1.0,1.0,1.0,sonar,0.1,member_training_labels_only,0.9522004437869822,0.9567397879935605,0.5480769230769231,nan
semi_sonar_trainnoise0.1,UCI id=151 via ucimlrepo,13,0.99,release_2,granular_ball,random_forest,208,60,2,53,1.9622641509433962,2.0,1,13,25,0.8301886792452831,0.9811320754716981,1.8041256020323886,1.3254208308805107,0.9056603773584906,1.0,1.0,1.0,sonar,0.1,member_training_labels_only,0.9563609467455622,0.9622941915873868,0.6826923076923077,nan
semi_sonar_trainnoise0.1,UCI id=151 via ucimlrepo,13,0.99,release_2,matched_kmeans,logistic,208,60,2,53,1.9622641509433962,1.0,1,12,32,0.7547169811320755,0.9811320754716981,1.146485077463128,0.0,0.9327044025157234,1.0,1.0,1.0,sonar,0.1,member_training_labels_only,0.9434171597633136,0.9493434737306988,0.6826923076923077,nan
semi_sonar_trainnoise0.1,UCI id=151 via ucimlrepo,13,0.99,release_2,matched_kmeans,random_forest,208,60,2,53,1.9622641509433962,1.0,1,12,32,0.7547169811320755,0.9811320754716981,1.146485077463128,0.0,0.9327044025157234,1.0,1.0,1.0,sonar,0.1,member_training_labels_only,0.9342640532544378,0.9430373481651892,0.6538461538461539,nan
semi_sonar_trainnoise0.1,UCI id=151 via ucimlrepo,13,0.99,release_3,granular_ball,logistic,208,60,2,53,1.9622641509433962,2.0,1,13,25,0.8301886792452831,0.9811320754716981,1.8041256020323886,1.3254208308805107,0.9056603773584906,1.0,1.0,1.0,sonar,0.1,member_training_labels_only,0.9474852071005917,0.952191118415653,0.5961538461538461,nan
semi_sonar_trainnoise0.1,UCI id=151 via ucimlrepo,13,0.99,release_3,granular_ball,random_forest,208,60,2,53,1.9622641509433962,2.0,1,13,25,0.8301886792452831,0.9811320754716981,1.8041256020323886,1.3254208308805107,0.9056603773584906,1.0,1.0,1.0,sonar,0.1,member_training_labels_only,0.9554363905325444,0.9622528812677668,0.6346153846153846,nan
semi_sonar_trainnoise0.1,UCI id=151 via ucimlrepo,13,0.99,release_3,matched_kmeans,logistic,208,60,2,53,1.9622641509433962,1.0,1,12,32,0.7547169811320755,0.9811320754716981,1.146485077463128,0.0,0.9327044025157234,1.0,1.0,1.0,sonar,0.1,member_training_labels_only,0.9400887573964497,0.9428403405359336,0.625,nan
semi_sonar_trainnoise0.1,UCI id=151 via ucimlrepo,13,0.99,release_3,matched_kmeans,random_forest,208,60,2,53,1.9622641509433962,1.0,1,12,32,0.7547169811320755,0.9811320754716981,1.146485077463128,0.0,0.9327044025157234,1.0,1.0,1.0,sonar,0.1,member_training_labels_only,0.9411057692307693,0.9475753763156425,0.6634615384615384,nan
semi_sonar_trainnoise0.1,UCI id=151 via ucimlrepo,73,0.7,release_1,granular_ball,logistic,208,60,2,24,4.333333333333333,3.5,1,10,6,0.4166666666666667,0.6666666666666666,3.2883770643714834,3.9284245300598286,0.8475198412698411,0.8452380952380952,0.75,1.0,sonar,0.1,member_training_labels_only,0.7862426035502958,0.7858530476372745,0.14423076923076922,nan
semi_sonar_trainnoise0.1,UCI id=151 via ucimlrepo,73,0.7,release_1,granular_ball,random_forest,208,60,2,24,4.333333333333333,3.5,1,10,6,0.4166666666666667,0.6666666666666666,3.2883770643714834,3.9284245300598286,0.8475198412698411,0.8452380952380952,0.75,1.0,sonar,0.1,member_training_labels_only,0.8057507396449705,0.8365655944199077,0.3269230769230769,nan
semi_sonar_trainnoise0.1,UCI id=151 via ucimlrepo,73,0.7,release_1,matched_kmeans,logistic,208,60,2,24,4.333333333333333,3.0,1,11,3,0.2916666666666667,0.6666666666666666,3.9070640342694083,4.309094173700192,0.7880215848965847,0.75,0.6666666666666666,1.0,sonar,0.1,member_training_labels_only,0.8445821005917159,0.8384330247934281,0.2692307692307692,nan
semi_sonar_trainnoise0.1,UCI id=151 via ucimlrepo,73,0.7,release_1,matched_kmeans,random_forest,208,60,2,24,4.333333333333333,3.0,1,11,3,0.2916666666666667,0.6666666666666666,3.9070640342694083,4.309094173700192,0.7880215848965847,0.75,0.6666666666666666,1.0,sonar,0.1,member_training_labels_only,0.8080621301775148,0.7599271565929354,0.04807692307692308,nan
semi_sonar_trainnoise0.1,UCI id=151 via ucimlrepo,73,0.7,release_2,granular_ball,logistic,208,60,2,24,4.333333333333333,3.5,1,10,6,0.4166666666666667,0.6666666666666666,3.2883770643714834,3.9284245300598286,0.8475198412698411,0.8452380952380952,0.75,1.0,sonar,0.1,member_training_labels_only,0.8142566568047337,0.8169828129657706,0.25,nan
semi_sonar_trainnoise0.1,UCI id=151 via ucimlrepo,73,0.7,release_2,granular_ball,random_forest,208,60,2,24,4.333333333333333,3.5,1,10,6,0.4166666666666667,0.6666666666666666,3.2883770643714834,3.9284245300598286,0.8475198412698411,0.8452380952380952,0.75,1.0,sonar,0.1,member_training_labels_only,0.8140717455621302,0.8275070742047499,0.17307692307692307,nan
semi_sonar_trainnoise0.1,UCI id=151 via ucimlrepo,73,0.7,release_2,matched_kmeans,logistic,208,60,2,24,4.333333333333333,3.0,1,11,3,0.2916666666666667,0.6666666666666666,3.9070640342694083,4.309094173700192,0.7880215848965847,0.75,0.6666666666666666,1.0,sonar,0.1,member_training_labels_only,0.860207100591716,0.8557768945003568,0.2403846153846154,nan
semi_sonar_trainnoise0.1,UCI id=151 via ucimlrepo,73,0.7,release_2,matched_kmeans,random_forest,208,60,2,24,4.333333333333333,3.0,1,11,3,0.2916666666666667,0.6666666666666666,3.9070640342694083,4.309094173700192,0.7880215848965847,0.75,0.6666666666666666,1.0,sonar,0.1,member_training_labels_only,0.8351516272189349,0.8080245188350975,0.08653846153846154,nan
semi_sonar_trainnoise0.1,UCI id=151 via ucimlrepo,73,0.7,release_3,granular_ball,logistic,208,60,2,24,4.333333333333333,3.5,1,10,6,0.4166666666666667,0.6666666666666666,3.2883770643714834,3.9284245300598286,0.8475198412698411,0.8452380952380952,0.75,1.0,sonar,0.1,member_training_labels_only,0.8169378698224852,0.8190102396284555,0.22115384615384615,nan
semi_sonar_trainnoise0.1,UCI id=151 via ucimlrepo,73,0.7,release_3,granular_ball,random_forest,208,60,2,24,4.333333333333333,3.5,1,10,6,0.4166666666666667,0.6666666666666666,3.2883770643714834,3.9284245300598286,0.8475198412698411,0.8452380952380952,0.75,1.0,sonar,0.1,member_training_labels_only,0.8171227810650887,0.8346898901006481,0.3076923076923077,nan
semi_sonar_trainnoise0.1,UCI id=151 via ucimlrepo,73,0.7,release_3,matched_kmeans,logistic,208,60,2,24,4.333333333333333,3.0,1,11,3,0.2916666666666667,0.6666666666666666,3.9070640342694083,4.309094173700192,0.7880215848965847,0.75,0.6666666666666666,1.0,sonar,0.1,member_training_labels_only,0.8628883136094674,0.859679743781719,0.23076923076923078,nan
semi_sonar_trainnoise0.1,UCI id=151 via ucimlrepo,73,0.7,release_3,matched_kmeans,random_forest,208,60,2,24,4.333333333333333,3.0,1,11,3,0.2916666666666667,0.6666666666666666,3.9070640342694083,4.309094173700192,0.7880215848965847,0.75,0.6666666666666666,1.0,sonar,0.1,member_training_labels_only,0.8444896449704141,0.8142281610098093,0.08653846153846154,nan
semi_sonar_trainnoise0.1,UCI id=151 via ucimlrepo,73,0.8,release_1,granular_ball,logistic,208,60,2,43,2.4186046511627906,2.0,1,7,18,0.6744186046511628,0.8837209302325582,2.1796455455933024,2.3008993383063365,0.896234772978959,1.0,0.8571428571428571,1.0,sonar,0.1,member_training_labels_only,0.8994082840236686,0.905237305504464,0.4423076923076923,nan
semi_sonar_trainnoise0.1,UCI id=151 via ucimlrepo,73,0.8,release_1,granular_ball,random_forest,208,60,2,43,2.4186046511627906,2.0,1,7,18,0.6744186046511628,0.8837209302325582,2.1796455455933024,2.3008993383063365,0.896234772978959,1.0,0.8571428571428571,1.0,sonar,0.1,member_training_labels_only,0.8933062130177515,0.890817648726573,0.33653846153846156,nan
semi_sonar_trainnoise0.1,UCI id=151 via ucimlrepo,73,0.8,release_1,matched_kmeans,logistic,208,60,2,43,2.4186046511627906,2.0,1,9,20,0.7441860465116279,0.8837209302325582,1.8592976966550434,2.836285850949838,0.9127906976744186,1.0,1.0,1.0,sonar,0.1,member_training_labels_only,0.8993158284023668,0.8972541757569079,0.375,nan
semi_sonar_trainnoise0.1,UCI id=151 via ucimlrepo,73,0.8,release_1,matched_kmeans,random_forest,208,60,2,43,2.4186046511627906,2.0,1,9,20,0.7441860465116279,0.8837209302325582,1.8592976966550434,2.836285850949838,0.9127906976744186,1.0,1.0,1.0,sonar,0.1,member_training_labels_only,0.8823039940828403,0.883961717305526,0.3942307692307692,nan
semi_sonar_trainnoise0.1,UCI id=151 via ucimlrepo,73,0.8,release_2,granular_ball,logistic,208,60,2,43,2.4186046511627906,2.0,1,7,18,0.6744186046511628,0.8837209302325582,2.1796455455933024,2.3008993383063365,0.896234772978959,1.0,0.8571428571428571,1.0,sonar,0.1,member_training_labels_only,0.9434171597633136,0.9411080474891744,0.49038461538461536,nan
semi_sonar_trainnoise0.1,UCI id=151 via ucimlrepo,73,0.8,release_2,granular_ball,random_forest,208,60,2,43,2.4186046511627906,2.0,1,7,18,0.6744186046511628,0.8837209302325582,2.1796455455933024,2.3008993383063365,0.896234772978959,1.0,0.8571428571428571,1.0,sonar,0.1,member_training_labels_only,0.9260355029585798,0.9124333298257985,0.34615384615384615,nan
semi_sonar_trainnoise0.1,UCI id=151 via ucimlrepo,73,0.8,release_2,matched_kmeans,logistic,208,60,2,43,2.4186046511627906,2.0,1,9,20,0.7441860465116279,0.8837209302325582,1.8592976966550434,2.836285850949838,0.9127906976744186,1.0,1.0,1.0,sonar,0.1,member_training_labels_only,0.9040310650887574,0.8983633553547046,0.38461538461538464,nan
semi_sonar_trainnoise0.1,UCI id=151 via ucimlrepo,73,0.8,release_2,matched_kmeans,random_forest,208,60,2,43,2.4186046511627906,2.0,1,9,20,0.7441860465116279,0.8837209302325582,1.8592976966550434,2.836285850949838,0.9127906976744186,1.0,1.0,1.0,sonar,0.1,member_training_labels_only,0.8886834319526626,0.887535706598148,0.34615384615384615,nan
semi_sonar_trainnoise0.1,UCI id=151 via ucimlrepo,73,0.8,release_3,granular_ball,logistic,208,60,2,43,2.4186046511627906,2.0,1,7,18,0.6744186046511628,0.8837209302325582,2.1796455455933024,2.3008993383063365,0.896234772978959,1.0,0.8571428571428571,1.0,sonar,0.1,member_training_labels_only,0.9463757396449703,0.9450582816163593,0.5192307692307693,nan
semi_sonar_trainnoise0.1,UCI id=151 via ucimlrepo,73,0.8,release_3,granular_ball,random_forest,208,60,2,43,2.4186046511627906,2.0,1,7,18,0.6744186046511628,0.8837209302325582,2.1796455455933024,2.3008993383063365,0.896234772978959,1.0,0.8571428571428571,1.0,sonar,0.1,member_training_labels_only,0.9319526627218935,0.9210134109030517,0.2692307692307692,nan
semi_sonar_trainnoise0.1,UCI id=151 via ucimlrepo,73,0.8,release_3,matched_kmeans,logistic,208,60,2,43,2.4186046511627906,2.0,1,9,20,0.7441860465116279,0.8837209302325582,1.8592976966550434,2.836285850949838,0.9127906976744186,1.0,1.0,1.0,sonar,0.1,member_training_labels_only,0.8978365384615384,0.8945676546784493,0.38461538461538464,nan
semi_sonar_trainnoise0.1,UCI id=151 via ucimlrepo,73,0.8,release_3,matched_kmeans,random_forest,208,60,2,43,2.4186046511627906,2.0,1,9,20,0.7441860465116279,0.8837209302325582,1.8592976966550434,2.836285850949838,0.9127906976744186,1.0,1.0,1.0,sonar,0.1,member_training_labels_only,0.8880362426035503,0.8889774364593922,0.40384615384615385,nan
semi_sonar_trainnoise0.1,UCI id=151 via ucimlrepo,73,0.9,release_1,granular_ball,logistic,208,60,2,56,1.8571428571428572,2.0,1,6,27,0.7857142857142857,0.9821428571428571,1.7379622704810476,1.4893065519866027,0.9196428571428571,1.0,1.0,1.0,sonar,0.1,member_training_labels_only,0.9492418639053255,0.9507800324246154,0.5384615384615384,nan
semi_sonar_trainnoise0.1,UCI id=151 via ucimlrepo,73,0.9,release_1,granular_ball,random_forest,208,60,2,56,1.8571428571428572,2.0,1,6,27,0.7857142857142857,0.9821428571428571,1.7379622704810476,1.4893065519866027,0.9196428571428571,1.0,1.0,1.0,sonar,0.1,member_training_labels_only,0.9292714497041421,0.9188803005533863,0.2403846153846154,nan
semi_sonar_trainnoise0.1,UCI id=151 via ucimlrepo,73,0.9,release_1,matched_kmeans,logistic,208,60,2,56,1.8571428571428572,1.0,1,7,36,0.7678571428571429,0.9464285714285714,1.157536699745552,0.0,0.9377125850340136,1.0,1.0,1.0,sonar,0.1,member_training_labels_only,0.9303809171597632,0.9329596560035012,0.5288461538461539,nan
semi_sonar_trainnoise0.1,UCI id=151 via ucimlrepo,73,0.9,release_1,matched_kmeans,random_forest,208,60,2,56,1.8571428571428572,1.0,1,7,36,0.7678571428571429,0.9464285714285714,1.157536699745552,0.0,0.9377125850340136,1.0,1.0,1.0,sonar,0.1,member_training_labels_only,0.9116586538461539,0.9167350112550456,0.49038461538461536,nan
semi_sonar_trainnoise0.1,UCI id=151 via ucimlrepo,73,0.9,release_2,granular_ball,logistic,208,60,2,56,1.8571428571428572,2.0,1,6,27,0.7857142857142857,0.9821428571428571,1.7379622704810476,1.4893065519866027,0.9196428571428571,1.0,1.0,1.0,sonar,0.1,member_training_labels_only,0.9751294378698225,0.9727390167824459,0.5480769230769231,nan
semi_sonar_trainnoise0.1,UCI id=151 via ucimlrepo,73,0.9,release_2,granular_ball,random_forest,208,60,2,56,1.8571428571428572,2.0,1,6,27,0.7857142857142857,0.9821428571428571,1.7379622704810476,1.4893065519866027,0.9196428571428571,1.0,1.0,1.0,sonar,0.1,member_training_labels_only,0.9656065088757397,0.9653772727104705,0.6057692307692307,nan
semi_sonar_trainnoise0.1,UCI id=151 via ucimlrepo,73,0.9,release_2,matched_kmeans,logistic,208,60,2,56,1.8571428571428572,1.0,1,7,36,0.7678571428571429,0.9464285714285714,1.157536699745552,0.0,0.9377125850340136,1.0,1.0,1.0,sonar,0.1,member_training_labels_only,0.9367603550295858,0.939172226923245,0.5961538461538461,nan
semi_sonar_trainnoise0.1,UCI id=151 via ucimlrepo,73,0.9,release_2,matched_kmeans,random_forest,208,60,2,56,1.8571428571428572,1.0,1,7,36,0.7678571428571429,0.9464285714285714,1.157536699745552,0.0,0.9377125850340136,1.0,1.0,1.0,sonar,0.1,member_training_labels_only,0.92603550295858,0.9317562228544177,0.5,nan
semi_sonar_trainnoise0.1,UCI id=151 via ucimlrepo,73,0.9,release_3,granular_ball,logistic,208,60,2,56,1.8571428571428572,2.0,1,6,27,0.7857142857142857,0.9821428571428571,1.7379622704810476,1.4893065519866027,0.9196428571428571,1.0,1.0,1.0,sonar,0.1,member_training_labels_only,0.9708764792899408,0.9697829364079287,0.5384615384615384,nan
semi_sonar_trainnoise0.1,UCI id=151 via ucimlrepo,73,0.9,release_3,granular_ball,random_forest,208,60,2,56,1.8571428571428572,2.0,1,6,27,0.7857142857142857,0.9821428571428571,1.7379622704810476,1.4893065519866027,0.9196428571428571,1.0,1.0,1.0,sonar,0.1,member_training_labels_only,0.9703217455621301,0.9665590269804658,0.5480769230769231,nan
semi_sonar_trainnoise0.1,UCI id=151 via ucimlrepo,73,0.9,release_3,matched_kmeans,logistic,208,60,2,56,1.8571428571428572,1.0,1,7,36,0.7678571428571429,0.9464285714285714,1.157536699745552,0.0,0.9377125850340136,1.0,1.0,1.0,sonar,0.1,member_training_labels_only,0.9396264792899408,0.9436644174830406,0.6346153846153846,nan
semi_sonar_trainnoise0.1,UCI id=151 via ucimlrepo,73,0.9,release_3,matched_kmeans,random_forest,208,60,2,56,1.8571428571428572,1.0,1,7,36,0.7678571428571429,0.9464285714285714,1.157536699745552,0.0,0.9377125850340136,1.0,1.0,1.0,sonar,0.1,member_training_labels_only,0.9344027366863905,0.9422236033563806,0.5865384615384616,nan
semi_sonar_trainnoise0.1,UCI id=151 via ucimlrepo,73,0.95,release_1,granular_ball,logistic,208,60,2,56,1.8571428571428572,2.0,1,6,27,0.7857142857142857,0.9821428571428571,1.7379622704810476,1.4893065519866027,0.9196428571428571,1.0,1.0,1.0,sonar,0.1,member_training_labels_only,0.9492418639053255,0.9507800324246154,0.5384615384615384,nan
semi_sonar_trainnoise0.1,UCI id=151 via ucimlrepo,73,0.95,release_1,granular_ball,random_forest,208,60,2,56,1.8571428571428572,2.0,1,6,27,0.7857142857142857,0.9821428571428571,1.7379622704810476,1.4893065519866027,0.9196428571428571,1.0,1.0,1.0,sonar,0.1,member_training_labels_only,0.9292714497041421,0.9188803005533863,0.2403846153846154,nan
semi_sonar_trainnoise0.1,UCI id=151 via ucimlrepo,73,0.95,release_1,matched_kmeans,logistic,208,60,2,56,1.8571428571428572,1.0,1,7,36,0.7678571428571429,0.9464285714285714,1.157536699745552,0.0,0.9377125850340136,1.0,1.0,1.0,sonar,0.1,member_training_labels_only,0.9303809171597632,0.9329596560035012,0.5288461538461539,nan
semi_sonar_trainnoise0.1,UCI id=151 via ucimlrepo,73,0.95,release_1,matched_kmeans,random_forest,208,60,2,56,1.8571428571428572,1.0,1,7,36,0.7678571428571429,0.9464285714285714,1.157536699745552,0.0,0.9377125850340136,1.0,1.0,1.0,sonar,0.1,member_training_labels_only,0.9116586538461539,0.9167350112550456,0.49038461538461536,nan
semi_sonar_trainnoise0.1,UCI id=151 via ucimlrepo,73,0.95,release_2,granular_ball,logistic,208,60,2,56,1.8571428571428572,2.0,1,6,27,0.7857142857142857,0.9821428571428571,1.7379622704810476,1.4893065519866027,0.9196428571428571,1.0,1.0,1.0,sonar,0.1,member_training_labels_only,0.9751294378698225,0.9727390167824459,0.5480769230769231,nan
semi_sonar_trainnoise0.1,UCI id=151 via ucimlrepo,73,0.95,release_2,granular_ball,random_forest,208,60,2,56,1.8571428571428572,2.0,1,6,27,0.7857142857142857,0.9821428571428571,1.7379622704810476,1.4893065519866027,0.9196428571428571,1.0,1.0,1.0,sonar,0.1,member_training_labels_only,0.9656065088757397,0.9653772727104705,0.6057692307692307,nan
semi_sonar_trainnoise0.1,UCI id=151 via ucimlrepo,73,0.95,release_2,matched_kmeans,logistic,208,60,2,56,1.8571428571428572,1.0,1,7,36,0.7678571428571429,0.9464285714285714,1.157536699745552,0.0,0.9377125850340136,1.0,1.0,1.0,sonar,0.1,member_training_labels_only,0.9367603550295858,0.939172226923245,0.5961538461538461,nan
semi_sonar_trainnoise0.1,UCI id=151 via ucimlrepo,73,0.95,release_2,matched_kmeans,random_forest,208,60,2,56,1.8571428571428572,1.0,1,7,36,0.7678571428571429,0.9464285714285714,1.157536699745552,0.0,0.9377125850340136,1.0,1.0,1.0,sonar,0.1,member_training_labels_only,0.92603550295858,0.9317562228544177,0.5,nan
semi_sonar_trainnoise0.1,UCI id=151 via ucimlrepo,73,0.95,release_3,granular_ball,logistic,208,60,2,56,1.8571428571428572,2.0,1,6,27,0.7857142857142857,0.9821428571428571,1.7379622704810476,1.4893065519866027,0.9196428571428571,1.0,1.0,1.0,sonar,0.1,member_training_labels_only,0.9708764792899408,0.9697829364079287,0.5384615384615384,nan
semi_sonar_trainnoise0.1,UCI id=151 via ucimlrepo,73,0.95,release_3,granular_ball,random_forest,208,60,2,56,1.8571428571428572,2.0,1,6,27,0.7857142857142857,0.9821428571428571,1.7379622704810476,1.4893065519866027,0.9196428571428571,1.0,1.0,1.0,sonar,0.1,member_training_labels_only,0.9703217455621301,0.9665590269804658,0.5480769230769231,nan
semi_sonar_trainnoise0.1,UCI id=151 via ucimlrepo,73,0.95,release_3,matched_kmeans,logistic,208,60,2,56,1.8571428571428572,1.0,1,7,36,0.7678571428571429,0.9464285714285714,1.157536699745552,0.0,0.9377125850340136,1.0,1.0,1.0,sonar,0.1,member_training_labels_only,0.9396264792899408,0.9436644174830406,0.6346153846153846,nan
semi_sonar_trainnoise0.1,UCI id=151 via ucimlrepo,73,0.95,release_3,matched_kmeans,random_forest,208,60,2,56,1.8571428571428572,1.0,1,7,36,0.7678571428571429,0.9464285714285714,1.157536699745552,0.0,0.9377125850340136,1.0,1.0,1.0,sonar,0.1,member_training_labels_only,0.9344027366863905,0.9422236033563806,0.5865384615384616,nan
semi_sonar_trainnoise0.1,UCI id=151 via ucimlrepo,73,0.99,release_1,granular_ball,logistic,208,60,2,56,1.8571428571428572,2.0,1,6,27,0.7857142857142857,0.9821428571428571,1.7379622704810476,1.4893065519866027,0.9196428571428571,1.0,1.0,1.0,sonar,0.1,member_training_labels_only,0.9492418639053255,0.9507800324246154,0.5384615384615384,nan
semi_sonar_trainnoise0.1,UCI id=151 via ucimlrepo,73,0.99,release_1,granular_ball,random_forest,208,60,2,56,1.8571428571428572,2.0,1,6,27,0.7857142857142857,0.9821428571428571,1.7379622704810476,1.4893065519866027,0.9196428571428571,1.0,1.0,1.0,sonar,0.1,member_training_labels_only,0.9292714497041421,0.9188803005533863,0.2403846153846154,nan
semi_sonar_trainnoise0.1,UCI id=151 via ucimlrepo,73,0.99,release_1,matched_kmeans,logistic,208,60,2,56,1.8571428571428572,1.0,1,7,36,0.7678571428571429,0.9464285714285714,1.157536699745552,0.0,0.9377125850340136,1.0,1.0,1.0,sonar,0.1,member_training_labels_only,0.9303809171597632,0.9329596560035012,0.5288461538461539,nan
semi_sonar_trainnoise0.1,UCI id=151 via ucimlrepo,73,0.99,release_1,matched_kmeans,random_forest,208,60,2,56,1.8571428571428572,1.0,1,7,36,0.7678571428571429,0.9464285714285714,1.157536699745552,0.0,0.9377125850340136,1.0,1.0,1.0,sonar,0.1,member_training_labels_only,0.9116586538461539,0.9167350112550456,0.49038461538461536,nan
semi_sonar_trainnoise0.1,UCI id=151 via ucimlrepo,73,0.99,release_2,granular_ball,logistic,208,60,2,56,1.8571428571428572,2.0,1,6,27,0.7857142857142857,0.9821428571428571,1.7379622704810476,1.4893065519866027,0.9196428571428571,1.0,1.0,1.0,sonar,0.1,member_training_labels_only,0.9751294378698225,0.9727390167824459,0.5480769230769231,nan
semi_sonar_trainnoise0.1,UCI id=151 via ucimlrepo,73,0.99,release_2,granular_ball,random_forest,208,60,2,56,1.8571428571428572,2.0,1,6,27,0.7857142857142857,0.9821428571428571,1.7379622704810476,1.4893065519866027,0.9196428571428571,1.0,1.0,1.0,sonar,0.1,member_training_labels_only,0.9656065088757397,0.9653772727104705,0.6057692307692307,nan
semi_sonar_trainnoise0.1,UCI id=151 via ucimlrepo,73,0.99,release_2,matched_kmeans,logistic,208,60,2,56,1.8571428571428572,1.0,1,7,36,0.7678571428571429,0.9464285714285714,1.157536699745552,0.0,0.9377125850340136,1.0,1.0,1.0,sonar,0.1,member_training_labels_only,0.9367603550295858,0.939172226923245,0.5961538461538461,nan
semi_sonar_trainnoise0.1,UCI id=151 via ucimlrepo,73,0.99,release_2,matched_kmeans,random_forest,208,60,2,56,1.8571428571428572,1.0,1,7,36,0.7678571428571429,0.9464285714285714,1.157536699745552,0.0,0.9377125850340136,1.0,1.0,1.0,sonar,0.1,member_training_labels_only,0.92603550295858,0.9317562228544177,0.5,nan
semi_sonar_trainnoise0.1,UCI id=151 via ucimlrepo,73,0.99,release_3,granular_ball,logistic,208,60,2,56,1.8571428571428572,2.0,1,6,27,0.7857142857142857,0.9821428571428571,1.7379622704810476,1.4893065519866027,0.9196428571428571,1.0,1.0,1.0,sonar,0.1,member_training_labels_only,0.9708764792899408,0.9697829364079287,0.5384615384615384,nan
semi_sonar_trainnoise0.1,UCI id=151 via ucimlrepo,73,0.99,release_3,granular_ball,random_forest,208,60,2,56,1.8571428571428572,2.0,1,6,27,0.7857142857142857,0.9821428571428571,1.7379622704810476,1.4893065519866027,0.9196428571428571,1.0,1.0,1.0,sonar,0.1,member_training_labels_only,0.9703217455621301,0.9665590269804658,0.5480769230769231,nan
semi_sonar_trainnoise0.1,UCI id=151 via ucimlrepo,73,0.99,release_3,matched_kmeans,logistic,208,60,2,56,1.8571428571428572,1.0,1,7,36,0.7678571428571429,0.9464285714285714,1.157536699745552,0.0,0.9377125850340136,1.0,1.0,1.0,sonar,0.1,member_training_labels_only,0.9396264792899408,0.9436644174830406,0.6346153846153846,nan
semi_sonar_trainnoise0.1,UCI id=151 via ucimlrepo,73,0.99,release_3,matched_kmeans,random_forest,208,60,2,56,1.8571428571428572,1.0,1,7,36,0.7678571428571429,0.9464285714285714,1.157536699745552,0.0,0.9377125850340136,1.0,1.0,1.0,sonar,0.1,member_training_labels_only,0.9344027366863905,0.9422236033563806,0.5865384615384616,nan
semi_sonar_trainnoise0.1,UCI id=151 via ucimlrepo,314,0.7,release_1,granular_ball,logistic,208,60,2,21,4.9523809523809526,2.0,1,20,7,0.6190476190476191,0.7142857142857143,3.166645760265582,4.0974780219586755,0.8332155939298796,0.8571428571428571,0.75,1.0,sonar,0.1,member_training_labels_only,0.7358542899408282,0.7464602034663466,0.125,nan
semi_sonar_trainnoise0.1,UCI id=151 via ucimlrepo,314,0.7,release_1,granular_ball,random_forest,208,60,2,21,4.9523809523809526,2.0,1,20,7,0.6190476190476191,0.7142857142857143,3.166645760265582,4.0974780219586755,0.8332155939298796,0.8571428571428571,0.75,1.0,sonar,0.1,member_training_labels_only,0.6782082100591716,0.731089055716702,0.19230769230769232,nan
semi_sonar_trainnoise0.1,UCI id=151 via ucimlrepo,314,0.7,release_1,matched_kmeans,logistic,208,60,2,21,4.9523809523809526,4.0,1,16,5,0.38095238095238093,0.6190476190476191,3.5401881407295654,4.543105121878834,0.8199924414210129,0.8571428571428571,0.625,1.0,sonar,0.1,member_training_labels_only,0.7885539940828402,0.7993500763525814,0.15384615384615385,nan
semi_sonar_trainnoise0.1,UCI id=151 via ucimlrepo,314,0.7,release_1,matched_kmeans,random_forest,208,60,2,21,4.9523809523809526,4.0,1,16,5,0.38095238095238093,0.6190476190476191,3.5401881407295654,4.543105121878834,0.8199924414210129,0.8571428571428571,0.625,1.0,sonar,0.1,member_training_labels_only,0.7521264792899408,0.7943337532382269,0.4230769230769231,nan
semi_sonar_trainnoise0.1,UCI id=151 via ucimlrepo,314,0.7,release_2,granular_ball,logistic,208,60,2,21,4.9523809523809526,2.0,1,20,7,0.6190476190476191,0.7142857142857143,3.166645760265582,4.0974780219586755,0.8332155939298796,0.8571428571428571,0.75,1.0,sonar,0.1,member_training_labels_only,0.7367788461538461,0.7545451534725399,0.21153846153846154,nan
semi_sonar_trainnoise0.1,UCI id=151 via ucimlrepo,314,0.7,release_2,granular_ball,random_forest,208,60,2,21,4.9523809523809526,2.0,1,20,7,0.6190476190476191,0.7142857142857143,3.166645760265582,4.0974780219586755,0.8332155939298796,0.8571428571428571,0.75,1.0,sonar,0.1,member_training_labels_only,0.7146819526627219,0.7644673507241149,0.28846153846153844,nan
semi_sonar_trainnoise0.1,UCI id=151 via ucimlrepo,314,0.7,release_2,matched_kmeans,logistic,208,60,2,21,4.9523809523809526,4.0,1,16,5,0.38095238095238093,0.6190476190476191,3.5401881407295654,4.543105121878834,0.8199924414210129,0.8571428571428571,0.625,1.0,sonar,0.1,member_training_labels_only,0.7817122781065088,0.7936913554154799,0.10576923076923077,nan
semi_sonar_trainnoise0.1,UCI id=151 via ucimlrepo,314,0.7,release_2,matched_kmeans,random_forest,208,60,2,21,4.9523809523809526,4.0,1,16,5,0.38095238095238093,0.6190476190476191,3.5401881407295654,4.543105121878834,0.8199924414210129,0.8571428571428571,0.625,1.0,sonar,0.1,member_training_labels_only,0.7181952662721892,0.7556958501908551,0.17307692307692307,nan
semi_sonar_trainnoise0.1,UCI id=151 via ucimlrepo,314,0.7,release_3,granular_ball,logistic,208,60,2,21,4.9523809523809526,2.0,1,20,7,0.6190476190476191,0.7142857142857143,3.166645760265582,4.0974780219586755,0.8332155939298796,0.8571428571428571,0.75,1.0,sonar,0.1,member_training_labels_only,0.7282729289940829,0.7454473402512592,0.15384615384615385,nan
semi_sonar_trainnoise0.1,UCI id=151 via ucimlrepo,314,0.7,release_3,granular_ball,random_forest,208,60,2,21,4.9523809523809526,2.0,1,20,7,0.6190476190476191,0.7142857142857143,3.166645760265582,4.0974780219586755,0.8332155939298796,0.8571428571428571,0.75,1.0,sonar,0.1,member_training_labels_only,0.7440828402366865,0.7709635787612061,0.2403846153846154,nan
semi_sonar_trainnoise0.1,UCI id=151 via ucimlrepo,314,0.7,release_3,matched_kmeans,logistic,208,60,2,21,4.9523809523809526,4.0,1,16,5,0.38095238095238093,0.6190476190476191,3.5401881407295654,4.543105121878834,0.8199924414210129,0.8571428571428571,0.625,1.0,sonar,0.1,member_training_labels_only,0.7794008875739645,0.7933742283206777,0.09615384615384616,nan
semi_sonar_trainnoise0.1,UCI id=151 via ucimlrepo,314,0.7,release_3,matched_kmeans,random_forest,208,60,2,21,4.9523809523809526,4.0,1,16,5,0.38095238095238093,0.6190476190476191,3.5401881407295654,4.543105121878834,0.8199924414210129,0.8571428571428571,0.625,1.0,sonar,0.1,member_training_labels_only,0.7346523668639053,0.7478809244753686,0.10576923076923077,nan
semi_sonar_trainnoise0.1,UCI id=151 via ucimlrepo,314,0.8,release_1,granular_ball,logistic,208,60,2,29,3.586206896551724,2.0,1,20,11,0.7586206896551724,0.8275862068965517,2.651398485263964,2.5346436115701887,0.8400562081596565,1.0,0.8,1.0,sonar,0.1,member_training_labels_only,0.7641457100591715,0.7745680053628937,0.19230769230769232,nan
semi_sonar_trainnoise0.1,UCI id=151 via ucimlrepo,314,0.8,release_1,granular_ball,random_forest,208,60,2,29,3.586206896551724,2.0,1,20,11,0.7586206896551724,0.8275862068965517,2.651398485263964,2.5346436115701887,0.8400562081596565,1.0,0.8,1.0,sonar,0.1,member_training_labels_only,0.7375184911242604,0.7826213804356464,0.16346153846153846,nan
semi_sonar_trainnoise0.1,UCI id=151 via ucimlrepo,314,0.8,release_1,matched_kmeans,logistic,208,60,2,29,3.586206896551724,2.0,1,13,9,0.5172413793103449,0.7931034482758621,2.9763248165525225,3.8086668803245343,0.8499852637783673,1.0,0.75,1.0,sonar,0.1,member_training_labels_only,0.8269230769230769,0.8355681247377913,0.22115384615384615,nan
semi_sonar_trainnoise0.1,UCI id=151 via ucimlrepo,314,0.8,release_1,matched_kmeans,random_forest,208,60,2,29,3.586206896551724,2.0,1,13,9,0.5172413793103449,0.7931034482758621,2.9763248165525225,3.8086668803245343,0.8499852637783673,1.0,0.75,1.0,sonar,0.1,member_training_labels_only,0.7911427514792899,0.8058042547088372,0.25961538461538464,nan
semi_sonar_trainnoise0.1,UCI id=151 via ucimlrepo,314,0.8,release_2,granular_ball,logistic,208,60,2,29,3.586206896551724,2.0,1,20,11,0.7586206896551724,0.8275862068965517,2.651398485263964,2.5346436115701887,0.8400562081596565,1.0,0.8,1.0,sonar,0.1,member_training_labels_only,0.788646449704142,0.7779990403114956,0.1346153846153846,nan
semi_sonar_trainnoise0.1,UCI id=151 via ucimlrepo,314,0.8,release_2,granular_ball,random_forest,208,60,2,29,3.586206896551724,2.0,1,20,11,0.7586206896551724,0.8275862068965517,2.651398485263964,2.5346436115701887,0.8400562081596565,1.0,0.8,1.0,sonar,0.1,member_training_labels_only,0.8175850591715976,0.8385618299819845,0.22115384615384615,nan
semi_sonar_trainnoise0.1,UCI id=151 via ucimlrepo,314,0.8,release_2,matched_kmeans,logistic,208,60,2,29,3.586206896551724,2.0,1,13,9,0.5172413793103449,0.7931034482758621,2.9763248165525225,3.8086668803245343,0.8499852637783673,1.0,0.75,1.0,sonar,0.1,member_training_labels_only,0.8280325443786981,0.8426977737960439,0.3173076923076923,nan
semi_sonar_trainnoise0.1,UCI id=151 via ucimlrepo,314,0.8,release_2,matched_kmeans,random_forest,208,60,2,29,3.586206896551724,2.0,1,13,9,0.5172413793103449,0.7931034482758621,2.9763248165525225,3.8086668803245343,0.8499852637783673,1.0,0.75,1.0,sonar,0.1,member_training_labels_only,0.7953957100591715,0.8144941613675152,0.22115384615384615,nan
semi_sonar_trainnoise0.1,UCI id=151 via ucimlrepo,314,0.8,release_3,granular_ball,logistic,208,60,2,29,3.586206896551724,2.0,1,20,11,0.7586206896551724,0.8275862068965517,2.651398485263964,2.5346436115701887,0.8400562081596565,1.0,0.8,1.0,sonar,0.1,member_training_labels_only,0.7757951183431953,0.7675483351405626,0.1346153846153846,nan
semi_sonar_trainnoise0.1,UCI id=151 via ucimlrepo,314,0.8,release_3,granular_ball,random_forest,208,60,2,29,3.586206896551724,2.0,1,20,11,0.7586206896551724,0.8275862068965517,2.651398485263964,2.5346436115701887,0.8400562081596565,1.0,0.8,1.0,sonar,0.1,member_training_labels_only,0.8250739644970414,0.8311829871491774,0.3557692307692308,nan
semi_sonar_trainnoise0.1,UCI id=151 via ucimlrepo,314,0.8,release_3,matched_kmeans,logistic,208,60,2,29,3.586206896551724,2.0,1,13,9,0.5172413793103449,0.7931034482758621,2.9763248165525225,3.8086668803245343,0.8499852637783673,1.0,0.75,1.0,sonar,0.1,member_training_labels_only,0.8261834319526628,0.8329153601180941,0.2692307692307692,nan
semi_sonar_trainnoise0.1,UCI id=151 via ucimlrepo,314,0.8,release_3,matched_kmeans,random_forest,208,60,2,29,3.586206896551724,2.0,1,13,9,0.5172413793103449,0.7931034482758621,2.9763248165525225,3.8086668803245343,0.8499852637783673,1.0,0.75,1.0,sonar,0.1,member_training_labels_only,0.8081083579881656,0.8056727770144803,0.125,nan
semi_sonar_trainnoise0.1,UCI id=151 via ucimlrepo,314,0.9,release_1,granular_ball,logistic,208,60,2,53,1.9622641509433962,2.0,1,11,25,0.8301886792452831,0.9811320754716981,1.937187640528531,1.3494605416240086,0.8850771869639794,1.0,1.0,1.0,sonar,0.1,member_training_labels_only,0.8807322485207101,0.8935582768058057,0.36538461538461536,nan
semi_sonar_trainnoise0.1,UCI id=151 via ucimlrepo,314,0.9,release_1,granular_ball,random_forest,208,60,2,53,1.9622641509433962,2.0,1,11,25,0.8301886792452831,0.9811320754716981,1.937187640528531,1.3494605416240086,0.8850771869639794,1.0,1.0,1.0,sonar,0.1,member_training_labels_only,0.8589127218934911,0.8786686007706485,0.3942307692307692,nan
semi_sonar_trainnoise0.1,UCI id=151 via ucimlrepo,314,0.9,release_1,matched_kmeans,logistic,208,60,2,53,1.9622641509433962,1.0,1,9,32,0.8113207547169812,0.9056603773584906,1.313975981887883,0.0,0.9350104821802935,1.0,1.0,1.0,sonar,0.1,member_training_labels_only,0.9066198224852071,0.9086479478202991,0.4230769230769231,nan
semi_sonar_trainnoise0.1,UCI id=151 via ucimlrepo,314,0.9,release_1,matched_kmeans,random_forest,208,60,2,53,1.9622641509433962,1.0,1,9,32,0.8113207547169812,0.9056603773584906,1.313975981887883,0.0,0.9350104821802935,1.0,1.0,1.0,sonar,0.1,member_training_labels_only,0.8725961538461539,0.8830211055850208,0.4423076923076923,nan
semi_sonar_trainnoise0.1,UCI id=151 via ucimlrepo,314,0.9,release_2,granular_ball,logistic,208,60,2,53,1.9622641509433962,2.0,1,11,25,0.8301886792452831,0.9811320754716981,1.937187640528531,1.3494605416240086,0.8850771869639794,1.0,1.0,1.0,sonar,0.1,member_training_labels_only,0.891457100591716,0.9045287991201931,0.5673076923076923,nan
semi_sonar_trainnoise0.1,UCI id=151 via ucimlrepo,314,0.9,release_2,granular_ball,random_forest,208,60,2,53,1.9622641509433962,2.0,1,11,25,0.8301886792452831,0.9811320754716981,1.937187640528531,1.3494605416240086,0.8850771869639794,1.0,1.0,1.0,sonar,0.1,member_training_labels_only,0.9268676035502958,0.9428416157790027,0.6346153846153846,nan
semi_sonar_trainnoise0.1,UCI id=151 via ucimlrepo,314,0.9,release_2,matched_kmeans,logistic,208,60,2,53,1.9622641509433962,1.0,1,9,32,0.8113207547169812,0.9056603773584906,1.313975981887883,0.0,0.9350104821802935,1.0,1.0,1.0,sonar,0.1,member_training_labels_only,0.9192862426035503,0.921372456066319,0.41346153846153844,nan
semi_sonar_trainnoise0.1,UCI id=151 via ucimlrepo,314,0.9,release_2,matched_kmeans,random_forest,208,60,2,53,1.9622641509433962,1.0,1,9,32,0.8113207547169812,0.9056603773584906,1.313975981887883,0.0,0.9350104821802935,1.0,1.0,1.0,sonar,0.1,member_training_labels_only,0.9117511094674556,0.9175558766265308,0.4519230769230769,nan
semi_sonar_trainnoise0.1,UCI id=151 via ucimlrepo,314,0.9,release_3,granular_ball,logistic,208,60,2,53,1.9622641509433962,2.0,1,11,25,0.8301886792452831,0.9811320754716981,1.937187640528531,1.3494605416240086,0.8850771869639794,1.0,1.0,1.0,sonar,0.1,member_training_labels_only,0.8905325443786982,0.905670777883141,0.5961538461538461,nan
semi_sonar_trainnoise0.1,UCI id=151 via ucimlrepo,314,0.9,release_3,granular_ball,random_forest,208,60,2,53,1.9622641509433962,2.0,1,11,25,0.8301886792452831,0.9811320754716981,1.937187640528531,1.3494605416240086,0.8850771869639794,1.0,1.0,1.0,sonar,0.1,member_training_labels_only,0.9220599112426034,0.9392785331060494,0.6826923076923077,nan
semi_sonar_trainnoise0.1,UCI id=151 via ucimlrepo,314,0.9,release_3,matched_kmeans,logistic,208,60,2,53,1.9622641509433962,1.0,1,9,32,0.8113207547169812,0.9056603773584906,1.313975981887883,0.0,0.9350104821802935,1.0,1.0,1.0,sonar,0.1,member_training_labels_only,0.9117973372781065,0.9101703438436203,0.38461538461538464,nan
semi_sonar_trainnoise0.1,UCI id=151 via ucimlrepo,314,0.9,release_3,matched_kmeans,random_forest,208,60,2,53,1.9622641509433962,1.0,1,9,32,0.8113207547169812,0.9056603773584906,1.313975981887883,0.0,0.9350104821802935,1.0,1.0,1.0,sonar,0.1,member_training_labels_only,0.9203957100591715,0.9237620604382054,0.5,nan
semi_sonar_trainnoise0.1,UCI id=151 via ucimlrepo,314,0.95,release_1,granular_ball,logistic,208,60,2,55,1.8909090909090909,2.0,1,6,26,0.8181818181818182,0.9818181818181818,1.9287971034858884,1.3494605416240086,0.8909090909090909,1.0,1.0,1.0,sonar,0.1,member_training_labels_only,0.8924741124260356,0.900869271693961,0.375,nan
semi_sonar_trainnoise0.1,UCI id=151 via ucimlrepo,314,0.95,release_1,granular_ball,random_forest,208,60,2,55,1.8909090909090909,2.0,1,6,26,0.8181818181818182,0.9818181818181818,1.9287971034858884,1.3494605416240086,0.8909090909090909,1.0,1.0,1.0,sonar,0.1,member_training_labels_only,0.8860022189349113,0.8990206740703794,0.4519230769230769,nan
semi_sonar_trainnoise0.1,UCI id=151 via ucimlrepo,314,0.95,release_1,matched_kmeans,logistic,208,60,2,55,1.8909090909090909,1.0,1,9,36,0.8,0.9272727272727272,1.1194849918811356,0.0,0.936118326118326,1.0,1.0,1.0,sonar,0.1,member_training_labels_only,0.9266826923076923,0.9318247634561223,0.5,nan
semi_sonar_trainnoise0.1,UCI id=151 via ucimlrepo,314,0.95,release_1,matched_kmeans,random_forest,208,60,2,55,1.8909090909090909,1.0,1,9,36,0.8,0.9272727272727272,1.1194849918811356,0.0,0.936118326118326,1.0,1.0,1.0,sonar,0.1,member_training_labels_only,0.9327385355029586,0.9296943328561734,0.47115384615384615,nan
semi_sonar_trainnoise0.1,UCI id=151 via ucimlrepo,314,0.95,release_2,granular_ball,logistic,208,60,2,55,1.8909090909090909,2.0,1,6,26,0.8181818181818182,0.9818181818181818,1.9287971034858884,1.3494605416240086,0.8909090909090909,1.0,1.0,1.0,sonar,0.1,member_training_labels_only,0.9083764792899408,0.9070116730056939,0.3269230769230769,nan
semi_sonar_trainnoise0.1,UCI id=151 via ucimlrepo,314,0.95,release_2,granular_ball,random_forest,208,60,2,55,1.8909090909090909,2.0,1,6,26,0.8181818181818182,0.9818181818181818,1.9287971034858884,1.3494605416240086,0.8909090909090909,1.0,1.0,1.0,sonar,0.1,member_training_labels_only,0.9322300295857987,0.9464945398945337,0.5865384615384616,nan
semi_sonar_trainnoise0.1,UCI id=151 via ucimlrepo,314,0.95,release_2,matched_kmeans,logistic,208,60,2,55,1.8909090909090909,1.0,1,9,36,0.8,0.9272727272727272,1.1194849918811356,0.0,0.936118326118326,1.0,1.0,1.0,sonar,0.1,member_training_labels_only,0.9312130177514792,0.9331734348010943,0.4230769230769231,nan
semi_sonar_trainnoise0.1,UCI id=151 via ucimlrepo,314,0.95,release_2,matched_kmeans,random_forest,208,60,2,55,1.8909090909090909,1.0,1,9,36,0.8,0.9272727272727272,1.1194849918811356,0.0,0.936118326118326,1.0,1.0,1.0,sonar,0.1,member_training_labels_only,0.941198224852071,0.9443280871659583,0.5961538461538461,nan
semi_sonar_trainnoise0.1,UCI id=151 via ucimlrepo,314,0.95,release_3,granular_ball,logistic,208,60,2,55,1.8909090909090909,2.0,1,6,26,0.8181818181818182,0.9818181818181818,1.9287971034858884,1.3494605416240086,0.8909090909090909,1.0,1.0,1.0,sonar,0.1,member_training_labels_only,0.9031065088757396,0.9039714240547958,0.3173076923076923,nan
semi_sonar_trainnoise0.1,UCI id=151 via ucimlrepo,314,0.95,release_3,granular_ball,random_forest,208,60,2,55,1.8909090909090909,2.0,1,6,26,0.8181818181818182,0.9818181818181818,1.9287971034858884,1.3494605416240086,0.8909090909090909,1.0,1.0,1.0,sonar,0.1,member_training_labels_only,0.9310281065088757,0.9460890739227148,0.6153846153846154,nan
semi_sonar_trainnoise0.1,UCI id=151 via ucimlrepo,314,0.95,release_3,matched_kmeans,logistic,208,60,2,55,1.8909090909090909,1.0,1,9,36,0.8,0.9272727272727272,1.1194849918811356,0.0,0.936118326118326,1.0,1.0,1.0,sonar,0.1,member_training_labels_only,0.926405325443787,0.9274755227664375,0.5,nan
semi_sonar_trainnoise0.1,UCI id=151 via ucimlrepo,314,0.95,release_3,matched_kmeans,random_forest,208,60,2,55,1.8909090909090909,1.0,1,9,36,0.8,0.9272727272727272,1.1194849918811356,0.0,0.936118326118326,1.0,1.0,1.0,sonar,0.1,member_training_labels_only,0.939903846153846,0.9429184552977317,0.5769230769230769,nan
semi_sonar_trainnoise0.1,UCI id=151 via ucimlrepo,314,0.99,release_1,granular_ball,logistic,208,60,2,55,1.8909090909090909,2.0,1,6,26,0.8181818181818182,0.9818181818181818,1.9287971034858884,1.3494605416240086,0.8909090909090909,1.0,1.0,1.0,sonar,0.1,member_training_labels_only,0.8924741124260356,0.900869271693961,0.375,nan
semi_sonar_trainnoise0.1,UCI id=151 via ucimlrepo,314,0.99,release_1,granular_ball,random_forest,208,60,2,55,1.8909090909090909,2.0,1,6,26,0.8181818181818182,0.9818181818181818,1.9287971034858884,1.3494605416240086,0.8909090909090909,1.0,1.0,1.0,sonar,0.1,member_training_labels_only,0.8860022189349113,0.8990206740703794,0.4519230769230769,nan
semi_sonar_trainnoise0.1,UCI id=151 via ucimlrepo,314,0.99,release_1,matched_kmeans,logistic,208,60,2,55,1.8909090909090909,1.0,1,9,36,0.8,0.9272727272727272,1.1194849918811356,0.0,0.936118326118326,1.0,1.0,1.0,sonar,0.1,member_training_labels_only,0.9266826923076923,0.9318247634561223,0.5,nan
semi_sonar_trainnoise0.1,UCI id=151 via ucimlrepo,314,0.99,release_1,matched_kmeans,random_forest,208,60,2,55,1.8909090909090909,1.0,1,9,36,0.8,0.9272727272727272,1.1194849918811356,0.0,0.936118326118326,1.0,1.0,1.0,sonar,0.1,member_training_labels_only,0.9327385355029586,0.9296943328561734,0.47115384615384615,nan
semi_sonar_trainnoise0.1,UCI id=151 via ucimlrepo,314,0.99,release_2,granular_ball,logistic,208,60,2,55,1.8909090909090909,2.0,1,6,26,0.8181818181818182,0.9818181818181818,1.9287971034858884,1.3494605416240086,0.8909090909090909,1.0,1.0,1.0,sonar,0.1,member_training_labels_only,0.9083764792899408,0.9070116730056939,0.3269230769230769,nan
semi_sonar_trainnoise0.1,UCI id=151 via ucimlrepo,314,0.99,release_2,granular_ball,random_forest,208,60,2,55,1.8909090909090909,2.0,1,6,26,0.8181818181818182,0.9818181818181818,1.9287971034858884,1.3494605416240086,0.8909090909090909,1.0,1.0,1.0,sonar,0.1,member_training_labels_only,0.9322300295857987,0.9464945398945337,0.5865384615384616,nan
semi_sonar_trainnoise0.1,UCI id=151 via ucimlrepo,314,0.99,release_2,matched_kmeans,logistic,208,60,2,55,1.8909090909090909,1.0,1,9,36,0.8,0.9272727272727272,1.1194849918811356,0.0,0.936118326118326,1.0,1.0,1.0,sonar,0.1,member_training_labels_only,0.9312130177514792,0.9331734348010943,0.4230769230769231,nan
semi_sonar_trainnoise0.1,UCI id=151 via ucimlrepo,314,0.99,release_2,matched_kmeans,random_forest,208,60,2,55,1.8909090909090909,1.0,1,9,36,0.8,0.9272727272727272,1.1194849918811356,0.0,0.936118326118326,1.0,1.0,1.0,sonar,0.1,member_training_labels_only,0.941198224852071,0.9443280871659583,0.5961538461538461,nan
semi_sonar_trainnoise0.1,UCI id=151 via ucimlrepo,314,0.99,release_3,granular_ball,logistic,208,60,2,55,1.8909090909090909,2.0,1,6,26,0.8181818181818182,0.9818181818181818,1.9287971034858884,1.3494605416240086,0.8909090909090909,1.0,1.0,1.0,sonar,0.1,member_training_labels_only,0.9031065088757396,0.9039714240547958,0.3173076923076923,nan
semi_sonar_trainnoise0.1,UCI id=151 via ucimlrepo,314,0.99,release_3,granular_ball,random_forest,208,60,2,55,1.8909090909090909,2.0,1,6,26,0.8181818181818182,0.9818181818181818,1.9287971034858884,1.3494605416240086,0.8909090909090909,1.0,1.0,1.0,sonar,0.1,member_training_labels_only,0.9310281065088757,0.9460890739227148,0.6153846153846154,nan
semi_sonar_trainnoise0.1,UCI id=151 via ucimlrepo,314,0.99,release_3,matched_kmeans,logistic,208,60,2,55,1.8909090909090909,1.0,1,9,36,0.8,0.9272727272727272,1.1194849918811356,0.0,0.936118326118326,1.0,1.0,1.0,sonar,0.1,member_training_labels_only,0.926405325443787,0.9274755227664375,0.5,nan
semi_sonar_trainnoise0.1,UCI id=151 via ucimlrepo,314,0.99,release_3,matched_kmeans,random_forest,208,60,2,55,1.8909090909090909,1.0,1,9,36,0.8,0.9272727272727272,1.1194849918811356,0.0,0.936118326118326,1.0,1.0,1.0,sonar,0.1,member_training_labels_only,0.939903846153846,0.9429184552977317,0.5769230769230769,nan
semi_sonar_trainnoise0.1,UCI id=151 via ucimlrepo,808,0.7,release_1,granular_ball,logistic,208,60,2,28,3.7142857142857144,2.0,1,11,7,0.5714285714285714,0.7142857142857143,3.4323763125659577,4.148018150530742,0.7965123170480314,0.8452380952380952,0.5,1.0,sonar,0.1,member_training_labels_only,0.7647004437869822,0.7667004113861822,0.11538461538461539,nan
semi_sonar_trainnoise0.1,UCI id=151 via ucimlrepo,808,0.7,release_1,granular_ball,random_forest,208,60,2,28,3.7142857142857144,2.0,1,11,7,0.5714285714285714,0.7142857142857143,3.4323763125659577,4.148018150530742,0.7965123170480314,0.8452380952380952,0.5,1.0,sonar,0.1,member_training_labels_only,0.6911982248520709,0.659510848734441,0.038461538461538464,nan
semi_sonar_trainnoise0.1,UCI id=151 via ucimlrepo,808,0.7,release_1,matched_kmeans,logistic,208,60,2,28,3.7142857142857144,2.5,1,13,9,0.5,0.7857142857142857,2.8460827583351613,3.6269288181408057,0.8429629893915608,1.0,0.7410714285714286,1.0,sonar,0.1,member_training_labels_only,0.7800480769230769,0.7807997484278111,0.18269230769230768,nan
semi_sonar_trainnoise0.1,UCI id=151 via ucimlrepo,808,0.7,release_1,matched_kmeans,random_forest,208,60,2,28,3.7142857142857144,2.5,1,13,9,0.5,0.7857142857142857,2.8460827583351613,3.6269288181408057,0.8429629893915608,1.0,0.7410714285714286,1.0,sonar,0.1,member_training_labels_only,0.7381656804733728,0.7130255262982259,0.0673076923076923,nan
semi_sonar_trainnoise0.1,UCI id=151 via ucimlrepo,808,0.7,release_2,granular_ball,logistic,208,60,2,28,3.7142857142857144,2.0,1,11,7,0.5714285714285714,0.7142857142857143,3.4323763125659577,4.148018150530742,0.7965123170480314,0.8452380952380952,0.5,1.0,sonar,0.1,member_training_labels_only,0.7602625739644971,0.7604950329211332,0.17307692307692307,nan
semi_sonar_trainnoise0.1,UCI id=151 via ucimlrepo,808,0.7,release_2,granular_ball,random_forest,208,60,2,28,3.7142857142857144,2.0,1,11,7,0.5714285714285714,0.7142857142857143,3.4323763125659577,4.148018150530742,0.7965123170480314,0.8452380952380952,0.5,1.0,sonar,0.1,member_training_labels_only,0.7051590236686391,0.6920708204016832,0.08653846153846154,nan
semi_sonar_trainnoise0.1,UCI id=151 via ucimlrepo,808,0.7,release_2,matched_kmeans,logistic,208,60,2,28,3.7142857142857144,2.5,1,13,9,0.5,0.7857142857142857,2.8460827583351613,3.6269288181408057,0.8429629893915608,1.0,0.7410714285714286,1.0,sonar,0.1,member_training_labels_only,0.8103735207100591,0.7944473747382168,0.18269230769230768,nan
semi_sonar_trainnoise0.1,UCI id=151 via ucimlrepo,808,0.7,release_2,matched_kmeans,random_forest,208,60,2,28,3.7142857142857144,2.5,1,13,9,0.5,0.7857142857142857,2.8460827583351613,3.6269288181408057,0.8429629893915608,1.0,0.7410714285714286,1.0,sonar,0.1,member_training_labels_only,0.7716346153846153,0.7386093326116321,0.0673076923076923,nan
semi_sonar_trainnoise0.1,UCI id=151 via ucimlrepo,808,0.7,release_3,granular_ball,logistic,208,60,2,28,3.7142857142857144,2.0,1,11,7,0.5714285714285714,0.7142857142857143,3.4323763125659577,4.148018150530742,0.7965123170480314,0.8452380952380952,0.5,1.0,sonar,0.1,member_training_labels_only,0.7468565088757396,0.7486684564662971,0.1346153846153846,nan
semi_sonar_trainnoise0.1,UCI id=151 via ucimlrepo,808,0.7,release_3,granular_ball,random_forest,208,60,2,28,3.7142857142857144,2.0,1,11,7,0.5714285714285714,0.7142857142857143,3.4323763125659577,4.148018150530742,0.7965123170480314,0.8452380952380952,0.5,1.0,sonar,0.1,member_training_labels_only,0.7291974852071005,0.7475858164559339,0.17307692307692307,nan
semi_sonar_trainnoise0.1,UCI id=151 via ucimlrepo,808,0.7,release_3,matched_kmeans,logistic,208,60,2,28,3.7142857142857144,2.5,1,13,9,0.5,0.7857142857142857,2.8460827583351613,3.6269288181408057,0.8429629893915608,1.0,0.7410714285714286,1.0,sonar,0.1,member_training_labels_only,0.7998335798816568,0.7791449756701024,0.125,nan
semi_sonar_trainnoise0.1,UCI id=151 via ucimlrepo,808,0.7,release_3,matched_kmeans,random_forest,208,60,2,28,3.7142857142857144,2.5,1,13,9,0.5,0.7857142857142857,2.8460827583351613,3.6269288181408057,0.8429629893915608,1.0,0.7410714285714286,1.0,sonar,0.1,member_training_labels_only,0.7716346153846154,0.7386280664220805,0.057692307692307696,nan
semi_sonar_trainnoise0.1,UCI id=151 via ucimlrepo,808,0.8,release_1,granular_ball,logistic,208,60,2,41,2.5365853658536586,2.0,1,11,18,0.7804878048780488,0.8536585365853658,2.3009138175403456,2.449933713154196,0.8451113926723683,1.0,0.5,1.0,sonar,0.1,member_training_labels_only,0.8061205621301775,0.8205872504575639,0.2692307692307692,nan
semi_sonar_trainnoise0.1,UCI id=151 via ucimlrepo,808,0.8,release_1,granular_ball,random_forest,208,60,2,41,2.5365853658536586,2.0,1,11,18,0.7804878048780488,0.8536585365853658,2.3009138175403456,2.449933713154196,0.8451113926723683,1.0,0.5,1.0,sonar,0.1,member_training_labels_only,0.7694156804733727,0.7891937935063396,0.19230769230769232,nan
semi_sonar_trainnoise0.1,UCI id=151 via ucimlrepo,808,0.8,release_1,matched_kmeans,logistic,208,60,2,41,2.5365853658536586,1.0,1,8,22,0.6097560975609756,0.8780487804878049,1.778269111478206,0.0,0.9464866434378628,1.0,1.0,1.0,sonar,0.1,member_training_labels_only,0.8557692307692308,0.8595836436915906,0.3173076923076923,nan
semi_sonar_trainnoise0.1,UCI id=151 via ucimlrepo,808,0.8,release_1,matched_kmeans,random_forest,208,60,2,41,2.5365853658536586,1.0,1,8,22,0.6097560975609756,0.8780487804878049,1.778269111478206,0.0,0.9464866434378628,1.0,1.0,1.0,sonar,0.1,member_training_labels_only,0.8288646449704142,0.825720511580944,0.20192307692307693,nan
semi_sonar_trainnoise0.1,UCI id=151 via ucimlrepo,808,0.8,release_2,granular_ball,logistic,208,60,2,41,2.5365853658536586,2.0,1,11,18,0.7804878048780488,0.8536585365853658,2.3009138175403456,2.449933713154196,0.8451113926723683,1.0,0.5,1.0,sonar,0.1,member_training_labels_only,0.8438424556213018,0.8482913888438648,0.27884615384615385,nan
semi_sonar_trainnoise0.1,UCI id=151 via ucimlrepo,808,0.8,release_2,granular_ball,random_forest,208,60,2,41,2.5365853658536586,2.0,1,11,18,0.7804878048780488,0.8536585365853658,2.3009138175403456,2.449933713154196,0.8451113926723683,1.0,0.5,1.0,sonar,0.1,member_training_labels_only,0.8401442307692307,0.8433300504095678,0.14423076923076922,nan
semi_sonar_trainnoise0.1,UCI id=151 via ucimlrepo,808,0.8,release_2,matched_kmeans,logistic,208,60,2,41,2.5365853658536586,1.0,1,8,22,0.6097560975609756,0.8780487804878049,1.778269111478206,0.0,0.9464866434378628,1.0,1.0,1.0,sonar,0.1,member_training_labels_only,0.8739829881656804,0.8701508226830943,0.375,nan
semi_sonar_trainnoise0.1,UCI id=151 via ucimlrepo,808,0.8,release_2,matched_kmeans,random_forest,208,60,2,41,2.5365853658536586,1.0,1,8,22,0.6097560975609756,0.8780487804878049,1.778269111478206,0.0,0.9464866434378628,1.0,1.0,1.0,sonar,0.1,member_training_labels_only,0.8566937869822485,0.8595482191958637,0.41346153846153844,nan
semi_sonar_trainnoise0.1,UCI id=151 via ucimlrepo,808,0.8,release_3,granular_ball,logistic,208,60,2,41,2.5365853658536586,2.0,1,11,18,0.7804878048780488,0.8536585365853658,2.3009138175403456,2.449933713154196,0.8451113926723683,1.0,0.5,1.0,sonar,0.1,member_training_labels_only,0.8362610946745562,0.8490671908616811,0.27884615384615385,nan
semi_sonar_trainnoise0.1,UCI id=151 via ucimlrepo,808,0.8,release_3,granular_ball,random_forest,208,60,2,41,2.5365853658536586,2.0,1,11,18,0.7804878048780488,0.8536585365853658,2.3009138175403456,2.449933713154196,0.8451113926723683,1.0,0.5,1.0,sonar,0.1,member_training_labels_only,0.8458764792899408,0.8592659765594075,0.2692307692307692,nan
semi_sonar_trainnoise0.1,UCI id=151 via ucimlrepo,808,0.8,release_3,matched_kmeans,logistic,208,60,2,41,2.5365853658536586,1.0,1,8,22,0.6097560975609756,0.8780487804878049,1.778269111478206,0.0,0.9464866434378628,1.0,1.0,1.0,sonar,0.1,member_training_labels_only,0.8710244082840237,0.8658224708043206,0.36538461538461536,nan
semi_sonar_trainnoise0.1,UCI id=151 via ucimlrepo,808,0.8,release_3,matched_kmeans,random_forest,208,60,2,41,2.5365853658536586,1.0,1,8,22,0.6097560975609756,0.8780487804878049,1.778269111478206,0.0,0.9464866434378628,1.0,1.0,1.0,sonar,0.1,member_training_labels_only,0.8604844674556212,0.8601153943468081,0.2692307692307692,nan
semi_sonar_trainnoise0.1,UCI id=151 via ucimlrepo,808,0.9,release_1,granular_ball,logistic,208,60,2,51,2.0392156862745097,2.0,1,11,23,0.8431372549019608,0.9411764705882353,2.052025018298267,2.1729298122629737,0.8609625668449198,1.0,0.5,1.0,sonar,0.1,member_training_labels_only,0.866771449704142,0.8701840704063297,0.3269230769230769,nan
semi_sonar_trainnoise0.1,UCI id=151 via ucimlrepo,808,0.9,release_1,granular_ball,random_forest,208,60,2,51,2.0392156862745097,2.0,1,11,23,0.8431372549019608,0.9411764705882353,2.052025018298267,2.1729298122629737,0.8609625668449198,1.0,0.5,1.0,sonar,0.1,member_training_labels_only,0.8433801775147929,0.8445400320688041,0.27884615384615385,nan
semi_sonar_trainnoise0.1,UCI id=151 via ucimlrepo,808,0.9,release_1,matched_kmeans,logistic,208,60,2,51,2.0392156862745097,1.0,1,7,32,0.7254901960784313,0.9411764705882353,1.242350724898255,0.0,0.9493930905695611,1.0,1.0,1.0,sonar,0.1,member_training_labels_only,0.9113350591715976,0.913021929150118,0.4807692307692308,nan
semi_sonar_trainnoise0.1,UCI id=151 via ucimlrepo,808,0.9,release_1,matched_kmeans,random_forest,208,60,2,51,2.0392156862745097,1.0,1,7,32,0.7254901960784313,0.9411764705882353,1.242350724898255,0.0,0.9493930905695611,1.0,1.0,1.0,sonar,0.1,member_training_labels_only,0.8878051035502958,0.8817921752274619,0.27884615384615385,nan
semi_sonar_trainnoise0.1,UCI id=151 via ucimlrepo,808,0.9,release_2,granular_ball,logistic,208,60,2,51,2.0392156862745097,2.0,1,11,23,0.8431372549019608,0.9411764705882353,2.052025018298267,2.1729298122629737,0.8609625668449198,1.0,0.5,1.0,sonar,0.1,member_training_labels_only,0.9288091715976332,0.917710288565839,0.25961538461538464,nan
semi_sonar_trainnoise0.1,UCI id=151 via ucimlrepo,808,0.9,release_2,granular_ball,random_forest,208,60,2,51,2.0392156862745097,2.0,1,11,23,0.8431372549019608,0.9411764705882353,2.052025018298267,2.1729298122629737,0.8609625668449198,1.0,0.5,1.0,sonar,0.1,member_training_labels_only,0.9246486686390533,0.899907558989107,0.125,nan
semi_sonar_trainnoise0.1,UCI id=151 via ucimlrepo,808,0.9,release_2,matched_kmeans,logistic,208,60,2,51,2.0392156862745097,1.0,1,7,32,0.7254901960784313,0.9411764705882353,1.242350724898255,0.0,0.9493930905695611,1.0,1.0,1.0,sonar,0.1,member_training_labels_only,0.9451738165680473,0.9447239273998079,0.5384615384615384,nan
semi_sonar_trainnoise0.1,UCI id=151 via ucimlrepo,808,0.9,release_2,matched_kmeans,random_forest,208,60,2,51,2.0392156862745097,1.0,1,7,32,0.7254901960784313,0.9411764705882353,1.242350724898255,0.0,0.9493930905695611,1.0,1.0,1.0,sonar,0.1,member_training_labels_only,0.9456360946745562,0.9419882612021944,0.5480769230769231,nan
semi_sonar_trainnoise0.1,UCI id=151 via ucimlrepo,808,0.9,release_3,granular_ball,logistic,208,60,2,51,2.0392156862745097,2.0,1,11,23,0.8431372549019608,0.9411764705882353,2.052025018298267,2.1729298122629737,0.8609625668449198,1.0,0.5,1.0,sonar,0.1,member_training_labels_only,0.921875,0.9074805681852275,0.23076923076923078,nan
semi_sonar_trainnoise0.1,UCI id=151 via ucimlrepo,808,0.9,release_3,granular_ball,random_forest,208,60,2,51,2.0392156862745097,2.0,1,11,23,0.8431372549019608,0.9411764705882353,2.052025018298267,2.1729298122629737,0.8609625668449198,1.0,0.5,1.0,sonar,0.1,member_training_labels_only,0.9264977810650887,0.8987603587027212,0.11538461538461539,nan
semi_sonar_trainnoise0.1,UCI id=151 via ucimlrepo,808,0.9,release_3,matched_kmeans,logistic,208,60,2,51,2.0392156862745097,1.0,1,7,32,0.7254901960784313,0.9411764705882353,1.242350724898255,0.0,0.9493930905695611,1.0,1.0,1.0,sonar,0.1,member_training_labels_only,0.942862426035503,0.9411381992586346,0.5096153846153846,nan
semi_sonar_trainnoise0.1,UCI id=151 via ucimlrepo,808,0.9,release_3,matched_kmeans,random_forest,208,60,2,51,2.0392156862745097,1.0,1,7,32,0.7254901960784313,0.9411764705882353,1.242350724898255,0.0,0.9493930905695611,1.0,1.0,1.0,sonar,0.1,member_training_labels_only,0.9456360946745562,0.9427554422109897,0.5576923076923077,nan
semi_sonar_trainnoise0.1,UCI id=151 via ucimlrepo,808,0.95,release_1,granular_ball,logistic,208,60,2,56,1.8571428571428572,2.0,1,6,26,0.8571428571428571,0.9642857142857143,1.908710240243882,2.127991451188789,0.8660714285714286,1.0,0.5,1.0,sonar,0.1,member_training_labels_only,0.898391272189349,0.8976326980374599,0.38461538461538464,nan
semi_sonar_trainnoise0.1,UCI id=151 via ucimlrepo,808,0.95,release_1,granular_ball,random_forest,208,60,2,56,1.8571428571428572,2.0,1,6,26,0.8571428571428571,0.9642857142857143,1.908710240243882,2.127991451188789,0.8660714285714286,1.0,0.5,1.0,sonar,0.1,member_training_labels_only,0.8768491124260355,0.8676464443246532,0.3076923076923077,nan
semi_sonar_trainnoise0.1,UCI id=151 via ucimlrepo,808,0.95,release_1,matched_kmeans,logistic,208,60,2,56,1.8571428571428572,1.0,1,11,39,0.8035714285714286,0.9642857142857143,0.9560327383578394,0.0,0.9354707792207793,1.0,1.0,1.0,sonar,0.1,member_training_labels_only,0.9133690828402367,0.9195056133094648,0.5096153846153846,nan
semi_sonar_trainnoise0.1,UCI id=151 via ucimlrepo,808,0.95,release_1,matched_kmeans,random_forest,208,60,2,56,1.8571428571428572,1.0,1,11,39,0.8035714285714286,0.9642857142857143,0.9560327383578394,0.0,0.9354707792207793,1.0,1.0,1.0,sonar,0.1,member_training_labels_only,0.8868343195266273,0.8997957861493758,0.5288461538461539,nan
semi_sonar_trainnoise0.1,UCI id=151 via ucimlrepo,808,0.95,release_2,granular_ball,logistic,208,60,2,56,1.8571428571428572,2.0,1,6,26,0.8571428571428571,0.9642857142857143,1.908710240243882,2.127991451188789,0.8660714285714286,1.0,0.5,1.0,sonar,0.1,member_training_labels_only,0.9445266272189349,0.920081891556698,0.15384615384615385,nan
semi_sonar_trainnoise0.1,UCI id=151 via ucimlrepo,808,0.95,release_2,granular_ball,random_forest,208,60,2,56,1.8571428571428572,2.0,1,6,26,0.8571428571428571,0.9642857142857143,1.908710240243882,2.127991451188789,0.8660714285714286,1.0,0.5,1.0,sonar,0.1,member_training_labels_only,0.9444803994082841,0.9040255334190777,0.1346153846153846,nan
semi_sonar_trainnoise0.1,UCI id=151 via ucimlrepo,808,0.95,release_2,matched_kmeans,logistic,208,60,2,56,1.8571428571428572,1.0,1,11,39,0.8035714285714286,0.9642857142857143,0.9560327383578394,0.0,0.9354707792207793,1.0,1.0,1.0,sonar,0.1,member_training_labels_only,0.9350961538461539,0.9383117509326668,0.5384615384615384,nan
semi_sonar_trainnoise0.1,UCI id=151 via ucimlrepo,808,0.95,release_2,matched_kmeans,random_forest,208,60,2,56,1.8571428571428572,1.0,1,11,39,0.8035714285714286,0.9642857142857143,0.9560327383578394,0.0,0.9354707792207793,1.0,1.0,1.0,sonar,0.1,member_training_labels_only,0.9176220414201183,0.9244993908644062,0.47115384615384615,nan
semi_sonar_trainnoise0.1,UCI id=151 via ucimlrepo,808,0.95,release_3,granular_ball,logistic,208,60,2,56,1.8571428571428572,2.0,1,6,26,0.8571428571428571,0.9642857142857143,1.908710240243882,2.127991451188789,0.8660714285714286,1.0,0.5,1.0,sonar,0.1,member_training_labels_only,0.9365754437869822,0.9093972529918987,0.14423076923076922,nan
semi_sonar_trainnoise0.1,UCI id=151 via ucimlrepo,808,0.95,release_3,granular_ball,random_forest,208,60,2,56,1.8571428571428572,2.0,1,6,26,0.8571428571428571,0.9642857142857143,1.908710240243882,2.127991451188789,0.8660714285714286,1.0,0.5,1.0,sonar,0.1,member_training_labels_only,0.9455436390532544,0.9019259011835682,0.17307692307692307,nan
semi_sonar_trainnoise0.1,UCI id=151 via ucimlrepo,808,0.95,release_3,matched_kmeans,logistic,208,60,2,56,1.8571428571428572,1.0,1,11,39,0.8035714285714286,0.9642857142857143,0.9560327383578394,0.0,0.9354707792207793,1.0,1.0,1.0,sonar,0.1,member_training_labels_only,0.9237241124260355,0.9254152430070145,0.4519230769230769,nan
semi_sonar_trainnoise0.1,UCI id=151 via ucimlrepo,808,0.95,release_3,matched_kmeans,random_forest,208,60,2,56,1.8571428571428572,1.0,1,11,39,0.8035714285714286,0.9642857142857143,0.9560327383578394,0.0,0.9354707792207793,1.0,1.0,1.0,sonar,0.1,member_training_labels_only,0.9180843195266272,0.925625851456717,0.5192307692307693,nan
semi_sonar_trainnoise0.1,UCI id=151 via ucimlrepo,808,0.99,release_1,granular_ball,logistic,208,60,2,56,1.8571428571428572,2.0,1,6,26,0.8571428571428571,0.9642857142857143,1.908710240243882,2.127991451188789,0.8660714285714286,1.0,0.5,1.0,sonar,0.1,member_training_labels_only,0.898391272189349,0.8976326980374599,0.38461538461538464,nan
semi_sonar_trainnoise0.1,UCI id=151 via ucimlrepo,808,0.99,release_1,granular_ball,random_forest,208,60,2,56,1.8571428571428572,2.0,1,6,26,0.8571428571428571,0.9642857142857143,1.908710240243882,2.127991451188789,0.8660714285714286,1.0,0.5,1.0,sonar,0.1,member_training_labels_only,0.8768491124260355,0.8676464443246532,0.3076923076923077,nan
semi_sonar_trainnoise0.1,UCI id=151 via ucimlrepo,808,0.99,release_1,matched_kmeans,logistic,208,60,2,56,1.8571428571428572,1.0,1,11,39,0.8035714285714286,0.9642857142857143,0.9560327383578394,0.0,0.9354707792207793,1.0,1.0,1.0,sonar,0.1,member_training_labels_only,0.9133690828402367,0.9195056133094648,0.5096153846153846,nan
semi_sonar_trainnoise0.1,UCI id=151 via ucimlrepo,808,0.99,release_1,matched_kmeans,random_forest,208,60,2,56,1.8571428571428572,1.0,1,11,39,0.8035714285714286,0.9642857142857143,0.9560327383578394,0.0,0.9354707792207793,1.0,1.0,1.0,sonar,0.1,member_training_labels_only,0.8868343195266273,0.8997957861493758,0.5288461538461539,nan
semi_sonar_trainnoise0.1,UCI id=151 via ucimlrepo,808,0.99,release_2,granular_ball,logistic,208,60,2,56,1.8571428571428572,2.0,1,6,26,0.8571428571428571,0.9642857142857143,1.908710240243882,2.127991451188789,0.8660714285714286,1.0,0.5,1.0,sonar,0.1,member_training_labels_only,0.9445266272189349,0.920081891556698,0.15384615384615385,nan
semi_sonar_trainnoise0.1,UCI id=151 via ucimlrepo,808,0.99,release_2,granular_ball,random_forest,208,60,2,56,1.8571428571428572,2.0,1,6,26,0.8571428571428571,0.9642857142857143,1.908710240243882,2.127991451188789,0.8660714285714286,1.0,0.5,1.0,sonar,0.1,member_training_labels_only,0.9444803994082841,0.9040255334190777,0.1346153846153846,nan
semi_sonar_trainnoise0.1,UCI id=151 via ucimlrepo,808,0.99,release_2,matched_kmeans,logistic,208,60,2,56,1.8571428571428572,1.0,1,11,39,0.8035714285714286,0.9642857142857143,0.9560327383578394,0.0,0.9354707792207793,1.0,1.0,1.0,sonar,0.1,member_training_labels_only,0.9350961538461539,0.9383117509326668,0.5384615384615384,nan
semi_sonar_trainnoise0.1,UCI id=151 via ucimlrepo,808,0.99,release_2,matched_kmeans,random_forest,208,60,2,56,1.8571428571428572,1.0,1,11,39,0.8035714285714286,0.9642857142857143,0.9560327383578394,0.0,0.9354707792207793,1.0,1.0,1.0,sonar,0.1,member_training_labels_only,0.9176220414201183,0.9244993908644062,0.47115384615384615,nan
semi_sonar_trainnoise0.1,UCI id=151 via ucimlrepo,808,0.99,release_3,granular_ball,logistic,208,60,2,56,1.8571428571428572,2.0,1,6,26,0.8571428571428571,0.9642857142857143,1.908710240243882,2.127991451188789,0.8660714285714286,1.0,0.5,1.0,sonar,0.1,member_training_labels_only,0.9365754437869822,0.9093972529918987,0.14423076923076922,nan
semi_sonar_trainnoise0.1,UCI id=151 via ucimlrepo,808,0.99,release_3,granular_ball,random_forest,208,60,2,56,1.8571428571428572,2.0,1,6,26,0.8571428571428571,0.9642857142857143,1.908710240243882,2.127991451188789,0.8660714285714286,1.0,0.5,1.0,sonar,0.1,member_training_labels_only,0.9455436390532544,0.9019259011835682,0.17307692307692307,nan
semi_sonar_trainnoise0.1,UCI id=151 via ucimlrepo,808,0.99,release_3,matched_kmeans,logistic,208,60,2,56,1.8571428571428572,1.0,1,11,39,0.8035714285714286,0.9642857142857143,0.9560327383578394,0.0,0.9354707792207793,1.0,1.0,1.0,sonar,0.1,member_training_labels_only,0.9237241124260355,0.9254152430070145,0.4519230769230769,nan
semi_sonar_trainnoise0.1,UCI id=151 via ucimlrepo,808,0.99,release_3,matched_kmeans,random_forest,208,60,2,56,1.8571428571428572,1.0,1,11,39,0.8035714285714286,0.9642857142857143,0.9560327383578394,0.0,0.9354707792207793,1.0,1.0,1.0,sonar,0.1,member_training_labels_only,0.9180843195266272,0.925625851456717,0.5192307692307693,nan
semi_digits_trainnoise0.05,sklearn.load_digits,2,0.7,release_1,granular_ball,logistic,1797,64,10,76,11.81578947368421,4.0,1,110,19,0.4605263157894737,0.5921052631578947,2.979748960024972,3.4043353212959797,0.8527292298635905,0.8905435591958302,0.75,1.0,digits,0.05,member_training_labels_only,0.587774862227866,0.5804432140162934,0.03229398663697105,nan
semi_digits_trainnoise0.05,sklearn.load_digits,2,0.7,release_1,granular_ball,random_forest,1797,64,10,76,11.81578947368421,4.0,1,110,19,0.4605263157894737,0.5921052631578947,2.979748960024972,3.4043353212959797,0.8527292298635905,0.8905435591958302,0.75,1.0,digits,0.05,member_training_labels_only,0.5497604178550701,0.557339759111741,0.028953229398663696,nan
semi_digits_trainnoise0.05,sklearn.load_digits,2,0.7,release_1,matched_kmeans,logistic,1797,64,10,76,11.81578947368421,10.0,1,39,8,0.11842105263157894,0.2631578947368421,3.5574658352846074,3.87380541785111,0.899125195891252,0.9375,0.8805147058823529,1.0,digits,0.05,member_training_labels_only,0.6770812148749262,0.6640420341110582,0.05456570155902005,nan
semi_digits_trainnoise0.05,sklearn.load_digits,2,0.7,release_1,matched_kmeans,random_forest,1797,64,10,76,11.81578947368421,10.0,1,39,8,0.11842105263157894,0.2631578947368421,3.5574658352846074,3.87380541785111,0.899125195891252,0.9375,0.8805147058823529,1.0,digits,0.05,member_training_labels_only,0.6500370781890964,0.641056959317251,0.051224944320712694,nan
semi_digits_trainnoise0.05,sklearn.load_digits,2,0.7,release_2,granular_ball,logistic,1797,64,10,76,11.81578947368421,4.0,1,110,19,0.4605263157894737,0.5921052631578947,2.979748960024972,3.4043353212959797,0.8527292298635905,0.8905435591958302,0.75,1.0,digits,0.05,member_training_labels_only,0.5809470191120084,0.5737922537992546,0.03897550111358575,nan
semi_digits_trainnoise0.05,sklearn.load_digits,2,0.7,release_2,granular_ball,random_forest,1797,64,10,76,11.81578947368421,4.0,1,110,19,0.4605263157894737,0.5921052631578947,2.979748960024972,3.4043353212959797,0.8527292298635905,0.8905435591958302,0.75,1.0,digits,0.05,member_training_labels_only,0.5640572219383833,0.578866016143573,0.0467706013363029,nan
semi_digits_trainnoise0.05,sklearn.load_digits,2,0.7,release_2,matched_kmeans,logistic,1797,64,10,76,11.81578947368421,10.0,1,39,8,0.11842105263157894,0.2631578947368421,3.5574658352846074,3.87380541785111,0.899125195891252,0.9375,0.8805147058823529,1.0,digits,0.05,member_training_labels_only,0.6771618196338312,0.6565848055258667,0.05902004454342984,nan
semi_digits_trainnoise0.05,sklearn.load_digits,2,0.7,release_2,matched_kmeans,random_forest,1797,64,10,76,11.81578947368421,10.0,1,39,8,0.11842105263157894,0.2631578947368421,3.5574658352846074,3.87380541785111,0.899125195891252,0.9375,0.8805147058823529,1.0,digits,0.05,member_training_labels_only,0.6536667724862476,0.6341982927768448,0.03897550111358575,nan
semi_digits_trainnoise0.05,sklearn.load_digits,2,0.7,release_3,granular_ball,logistic,1797,64,10,76,11.81578947368421,4.0,1,110,19,0.4605263157894737,0.5921052631578947,2.979748960024972,3.4043353212959797,0.8527292298635905,0.8905435591958302,0.75,1.0,digits,0.05,member_training_labels_only,0.5785710388341327,0.5752973723495519,0.03229398663697105,nan
semi_digits_trainnoise0.05,sklearn.load_digits,2,0.7,release_3,granular_ball,random_forest,1797,64,10,76,11.81578947368421,4.0,1,110,19,0.4605263157894737,0.5921052631578947,2.979748960024972,3.4043353212959797,0.8527292298635905,0.8905435591958302,0.75,1.0,digits,0.05,member_training_labels_only,0.5504362577566579,0.5666662239005573,0.05456570155902005,nan
semi_digits_trainnoise0.05,sklearn.load_digits,2,0.7,release_3,matched_kmeans,logistic,1797,64,10,76,11.81578947368421,10.0,1,39,8,0.11842105263157894,0.2631578947368421,3.5574658352846074,3.87380541785111,0.899125195891252,0.9375,0.8805147058823529,1.0,digits,0.05,member_training_labels_only,0.6697598226199275,0.6493932087022938,0.053452115812917596,nan
semi_digits_trainnoise0.05,sklearn.load_digits,2,0.7,release_3,matched_kmeans,random_forest,1797,64,10,76,11.81578947368421,10.0,1,39,8,0.11842105263157894,0.2631578947368421,3.5574658352846074,3.87380541785111,0.899125195891252,0.9375,0.8805147058823529,1.0,digits,0.05,member_training_labels_only,0.6413819871925238,0.6200923077404557,0.0334075723830735,nan
semi_digits_trainnoise0.05,sklearn.load_digits,2,0.8,release_1,granular_ball,logistic,1797,64,10,118,7.610169491525424,2.0,1,96,38,0.576271186440678,0.7203389830508474,2.374157091790446,2.855580888681163,0.8852468218050207,1.0,0.8333333333333334,1.0,digits,0.05,member_training_labels_only,0.6361228366922783,0.6405363354841089,0.0556792873051225,nan
semi_digits_trainnoise0.05,sklearn.load_digits,2,0.8,release_1,granular_ball,random_forest,1797,64,10,118,7.610169491525424,2.0,1,96,38,0.576271186440678,0.7203389830508474,2.374157091790446,2.855580888681163,0.8852468218050207,1.0,0.8333333333333334,1.0,digits,0.05,member_training_labels_only,0.6328893457869752,0.6529296314704913,0.07683741648106904,nan
semi_digits_trainnoise0.05,sklearn.load_digits,2,0.8,release_1,matched_kmeans,logistic,1797,64,10,118,7.610169491525424,7.0,1,31,10,0.13559322033898305,0.423728813559322,3.2105151152047955,3.4784182847795737,0.9006278057590906,1.0,0.8333333333333334,1.0,digits,0.05,member_training_labels_only,0.7487487661271521,0.7336587925459888,0.07349665924276169,nan
semi_digits_trainnoise0.05,sklearn.load_digits,2,0.8,release_1,matched_kmeans,random_forest,1797,64,10,118,7.610169491525424,7.0,1,31,10,0.13559322033898305,0.423728813559322,3.2105151152047955,3.4784182847795737,0.9006278057590906,1.0,0.8333333333333334,1.0,digits,0.05,member_training_labels_only,0.6946065495706866,0.6755371548507985,0.0467706013363029,nan
semi_digits_trainnoise0.05,sklearn.load_digits,2,0.8,release_2,granular_ball,logistic,1797,64,10,118,7.610169491525424,2.0,1,96,38,0.576271186440678,0.7203389830508474,2.374157091790446,2.855580888681163,0.8852468218050207,1.0,0.8333333333333334,1.0,digits,0.05,member_training_labels_only,0.6337319755358356,0.6327214861164651,0.052338530066815145,nan
semi_digits_trainnoise0.05,sklearn.load_digits,2,0.8,release_2,granular_ball,random_forest,1797,64,10,118,7.610169491525424,2.0,1,96,38,0.576271186440678,0.7203389830508474,2.374157091790446,2.855580888681163,0.8852468218050207,1.0,0.8333333333333334,1.0,digits,0.05,member_training_labels_only,0.6420435662521515,0.6674707267481692,0.11469933184855234,nan
semi_digits_trainnoise0.05,sklearn.load_digits,2,0.8,release_2,matched_kmeans,logistic,1797,64,10,118,7.610169491525424,7.0,1,31,10,0.13559322033898305,0.423728813559322,3.2105151152047955,3.4784182847795737,0.9006278057590906,1.0,0.8333333333333334,1.0,digits,0.05,member_training_labels_only,0.7579290281298208,0.7376540476093875,0.07461024498886415,nan
semi_digits_trainnoise0.05,sklearn.load_digits,2,0.8,release_2,matched_kmeans,random_forest,1797,64,10,118,7.610169491525424,7.0,1,31,10,0.13559322033898305,0.423728813559322,3.2105151152047955,3.4784182847795737,0.9006278057590906,1.0,0.8333333333333334,1.0,digits,0.05,member_training_labels_only,0.7191277573027912,0.6895918634003775,0.042316258351893093,nan
semi_digits_trainnoise0.05,sklearn.load_digits,2,0.8,release_3,granular_ball,logistic,1797,64,10,118,7.610169491525424,2.0,1,96,38,0.576271186440678,0.7203389830508474,2.374157091790446,2.855580888681163,0.8852468218050207,1.0,0.8333333333333334,1.0,digits,0.05,member_training_labels_only,0.6211923551966507,0.6233901982494319,0.052338530066815145,nan
semi_digits_trainnoise0.05,sklearn.load_digits,2,0.8,release_3,granular_ball,random_forest,1797,64,10,118,7.610169491525424,2.0,1,96,38,0.576271186440678,0.7203389830508474,2.374157091790446,2.855580888681163,0.8852468218050207,1.0,0.8333333333333334,1.0,digits,0.05,member_training_labels_only,0.63186814549531,0.6604581146639119,0.10467706013363029,nan
semi_digits_trainnoise0.05,sklearn.load_digits,2,0.8,release_3,matched_kmeans,logistic,1797,64,10,118,7.610169491525424,7.0,1,31,10,0.13559322033898305,0.423728813559322,3.2105151152047955,3.4784182847795737,0.9006278057590906,1.0,0.8333333333333334,1.0,digits,0.05,member_training_labels_only,0.7542298897326898,0.7309388939875852,0.06904231625835189,nan
semi_digits_trainnoise0.05,sklearn.load_digits,2,0.8,release_3,matched_kmeans,random_forest,1797,64,10,118,7.610169491525424,7.0,1,31,10,0.13559322033898305,0.423728813559322,3.2105151152047955,3.4784182847795737,0.9006278057590906,1.0,0.8333333333333334,1.0,digits,0.05,member_training_labels_only,0.720972366208501,0.7019161462672612,0.05902004454342984,nan
semi_digits_trainnoise0.05,sklearn.load_digits,2,0.9,release_1,granular_ball,logistic,1797,64,10,236,3.805084745762712,2.0,1,81,95,0.7161016949152542,0.8898305084745762,1.7495064631659938,2.060445441693759,0.9157465629645052,1.0,1.0,1.0,digits,0.05,member_training_labels_only,0.7412066408400751,0.7584586335553372,0.14142538975501115,nan
semi_digits_trainnoise0.05,sklearn.load_digits,2,0.9,release_1,granular_ball,random_forest,1797,64,10,236,3.805084745762712,2.0,1,81,95,0.7161016949152542,0.8898305084745762,1.7495064631659938,2.060445441693759,0.9157465629645052,1.0,1.0,1.0,digits,0.05,member_training_labels_only,0.7222068590929609,0.7550462495923436,0.18151447661469933,nan
semi_digits_trainnoise0.05,sklearn.load_digits,2,0.9,release_1,matched_kmeans,logistic,1797,64,10,236,3.805084745762712,3.0,1,15,56,0.4110169491525424,0.7669491525423728,2.1161075492123094,2.608892187009822,0.9474421882260866,1.0,1.0,1.0,digits,0.05,member_training_labels_only,0.8537470052231885,0.8542953991264284,0.19042316258351893,nan
semi_digits_trainnoise0.05,sklearn.load_digits,2,0.9,release_1,matched_kmeans,random_forest,1797,64,10,236,3.805084745762712,3.0,1,15,56,0.4110169491525424,0.7669491525423728,2.1161075492123094,2.608892187009822,0.9474421882260866,1.0,1.0,1.0,digits,0.05,member_training_labels_only,0.8262068392517894,0.8254231237925904,0.18040089086859687,nan
semi_digits_trainnoise0.05,sklearn.load_digits,2,0.9,release_2,granular_ball,logistic,1797,64,10,236,3.805084745762712,2.0,1,81,95,0.7161016949152542,0.8898305084745762,1.7495064631659938,2.060445441693759,0.9157465629645052,1.0,1.0,1.0,digits,0.05,member_training_labels_only,0.7533965605329338,0.7553342076235563,0.14365256124721604,nan
semi_digits_trainnoise0.05,sklearn.load_digits,2,0.9,release_2,granular_ball,random_forest,1797,64,10,236,3.805084745762712,2.0,1,81,95,0.7161016949152542,0.8898305084745762,1.7495064631659938,2.060445441693759,0.9157465629645052,1.0,1.0,1.0,digits,0.05,member_training_labels_only,0.7838515185936578,0.8031377143623458,0.26837416481069043,nan
semi_digits_trainnoise0.05,sklearn.load_digits,2,0.9,release_2,matched_kmeans,logistic,1797,64,10,236,3.805084745762712,3.0,1,15,56,0.4110169491525424,0.7669491525423728,2.1161075492123094,2.608892187009822,0.9474421882260866,1.0,1.0,1.0,digits,0.05,member_training_labels_only,0.8767305221700289,0.8687483039819416,0.16258351893095768,nan
semi_digits_trainnoise0.05,sklearn.load_digits,2,0.9,release_2,matched_kmeans,random_forest,1797,64,10,236,3.805084745762712,3.0,1,15,56,0.4110169491525424,0.7669491525423728,2.1161075492123094,2.608892187009822,0.9474421882260866,1.0,1.0,1.0,digits,0.05,member_training_labels_only,0.8622743686787268,0.8524537326775005,0.19487750556792874,nan
semi_digits_trainnoise0.05,sklearn.load_digits,2,0.9,release_3,granular_ball,logistic,1797,64,10,236,3.805084745762712,2.0,1,81,95,0.7161016949152542,0.8898305084745762,1.7495064631659938,2.060445441693759,0.9157465629645052,1.0,1.0,1.0,digits,0.05,member_training_labels_only,0.7470399452383667,0.7539072389824483,0.13251670378619154,nan
semi_digits_trainnoise0.05,sklearn.load_digits,2,0.9,release_3,granular_ball,random_forest,1797,64,10,236,3.805084745762712,2.0,1,81,95,0.7161016949152542,0.8898305084745762,1.7495064631659938,2.060445441693759,0.9157465629645052,1.0,1.0,1.0,digits,0.05,member_training_labels_only,0.7826821295529287,0.8049718633441776,0.321826280623608,nan
semi_digits_trainnoise0.05,sklearn.load_digits,2,0.9,release_3,matched_kmeans,logistic,1797,64,10,236,3.805084745762712,3.0,1,15,56,0.4110169491525424,0.7669491525423728,2.1161075492123094,2.608892187009822,0.9474421882260866,1.0,1.0,1.0,digits,0.05,member_training_labels_only,0.8742069731796966,0.8636962399903252,0.18596881959910913,nan
semi_digits_trainnoise0.05,sklearn.load_digits,2,0.9,release_3,matched_kmeans,random_forest,1797,64,10,236,3.805084745762712,3.0,1,15,56,0.4110169491525424,0.7669491525423728,2.1161075492123094,2.608892187009822,0.9474421882260866,1.0,1.0,1.0,digits,0.05,member_training_labels_only,0.8667826548479423,0.8634116184317048,0.24276169265033407,nan
semi_digits_trainnoise0.05,sklearn.load_digits,2,0.95,release_1,granular_ball,logistic,1797,64,10,288,3.1180555555555554,2.0,1,81,112,0.6979166666666666,0.8958333333333334,1.8216916997289383,2.084014589088766,0.921311868178565,1.0,1.0,1.0,digits,0.05,member_training_labels_only,0.8104957316679977,0.823817223260952,0.18819599109131402,nan
semi_digits_trainnoise0.05,sklearn.load_digits,2,0.95,release_1,granular_ball,random_forest,1797,64,10,288,3.1180555555555554,2.0,1,81,112,0.6979166666666666,0.8958333333333334,1.8216916997289383,2.084014589088766,0.921311868178565,1.0,1.0,1.0,digits,0.05,member_training_labels_only,0.7976349323664069,0.82077375976527,0.21603563474387527,nan
semi_digits_trainnoise0.05,sklearn.load_digits,2,0.95,release_1,matched_kmeans,logistic,1797,64,10,288,3.1180555555555554,2.0,1,16,82,0.53125,0.8645833333333334,1.815191915692771,2.311484551140813,0.9548824680335097,1.0,1.0,1.0,digits,0.05,member_training_labels_only,0.8998045644614858,0.90439664687491,0.3363028953229399,nan
semi_digits_trainnoise0.05,sklearn.load_digits,2,0.95,release_1,matched_kmeans,random_forest,1797,64,10,288,3.1180555555555554,2.0,1,16,82,0.53125,0.8645833333333334,1.815191915692771,2.311484551140813,0.9548824680335097,1.0,1.0,1.0,digits,0.05,member_training_labels_only,0.8839074458956058,0.8886275788706557,0.3997772828507795,nan
semi_digits_trainnoise0.05,sklearn.load_digits,2,0.95,release_2,granular_ball,logistic,1797,64,10,288,3.1180555555555554,2.0,1,81,112,0.6979166666666666,0.8958333333333334,1.8216916997289383,2.084014589088766,0.921311868178565,1.0,1.0,1.0,digits,0.05,member_training_labels_only,0.8252240812297558,0.8219947653168416,0.1603563474387528,nan
semi_digits_trainnoise0.05,sklearn.load_digits,2,0.95,release_2,granular_ball,random_forest,1797,64,10,288,3.1180555555555554,2.0,1,81,112,0.6979166666666666,0.8958333333333334,1.8216916997289383,2.084014589088766,0.921311868178565,1.0,1.0,1.0,digits,0.05,member_training_labels_only,0.8426421495925118,0.8564705355967093,0.3151447661469933,nan
semi_digits_trainnoise0.05,sklearn.load_digits,2,0.95,release_2,matched_kmeans,logistic,1797,64,10,288,3.1180555555555554,2.0,1,16,82,0.53125,0.8645833333333334,1.815191915692771,2.311484551140813,0.9548824680335097,1.0,1.0,1.0,digits,0.05,member_training_labels_only,0.9228984479243655,0.9202903204191762,0.34743875278396436,nan
semi_digits_trainnoise0.05,sklearn.load_digits,2,0.95,release_2,matched_kmeans,random_forest,1797,64,10,288,3.1180555555555554,2.0,1,16,82,0.53125,0.8645833333333334,1.815191915692771,2.311484551140813,0.9548824680335097,1.0,1.0,1.0,digits,0.05,member_training_labels_only,0.9174359254170367,0.9153440754032307,0.44766146993318484,nan
semi_digits_trainnoise0.05,sklearn.load_digits,2,0.95,release_3,granular_ball,logistic,1797,64,10,288,3.1180555555555554,2.0,1,81,112,0.6979166666666666,0.8958333333333334,1.8216916997289383,2.084014589088766,0.921311868178565,1.0,1.0,1.0,digits,0.05,member_training_labels_only,0.822803458316179,0.8241604732068234,0.19265033407572382,nan
semi_digits_trainnoise0.05,sklearn.load_digits,2,0.95,release_3,granular_ball,random_forest,1797,64,10,288,3.1180555555555554,2.0,1,81,112,0.6979166666666666,0.8958333333333334,1.8216916997289383,2.084014589088766,0.921311868178565,1.0,1.0,1.0,digits,0.05,member_training_labels_only,0.8491202920620433,0.8629844648811993,0.35634743875278396,nan
semi_digits_trainnoise0.05,sklearn.load_digits,2,0.95,release_3,matched_kmeans,logistic,1797,64,10,288,3.1180555555555554,2.0,1,16,82,0.53125,0.8645833333333334,1.815191915692771,2.311484551140813,0.9548824680335097,1.0,1.0,1.0,digits,0.05,member_training_labels_only,0.9203748989340331,0.91666591430959,0.3184855233853007,nan
semi_digits_trainnoise0.05,sklearn.load_digits,2,0.95,release_3,matched_kmeans,random_forest,1797,64,10,288,3.1180555555555554,2.0,1,16,82,0.53125,0.8645833333333334,1.815191915692771,2.311484551140813,0.9548824680335097,1.0,1.0,1.0,digits,0.05,member_training_labels_only,0.9215858304274283,0.9225732356358552,0.44988864142538976,nan
semi_digits_trainnoise0.05,sklearn.load_digits,2,0.99,release_1,granular_ball,logistic,1797,64,10,326,2.754601226993865,2.0,1,29,124,0.6901840490797546,0.8957055214723927,1.7825331324547484,2.0330784059980003,0.9248466257668712,1.0,1.0,1.0,digits,0.05,member_training_labels_only,0.8378356258153481,0.8529951970418163,0.21492204899777284,nan
semi_digits_trainnoise0.05,sklearn.load_digits,2,0.99,release_1,granular_ball,random_forest,1797,64,10,326,2.754601226993865,2.0,1,29,124,0.6901840490797546,0.8957055214723927,1.7825331324547484,2.0330784059980003,0.9248466257668712,1.0,1.0,1.0,digits,0.05,member_training_labels_only,0.8169565131125343,0.8426204677148821,0.2516703786191537,nan
semi_digits_trainnoise0.05,sklearn.load_digits,2,0.99,release_1,matched_kmeans,logistic,1797,64,10,326,2.754601226993865,2.0,1,13,119,0.5858895705521472,0.8926380368098159,1.5636105914258778,2.0294789318492095,0.9571454789246201,1.0,1.0,1.0,digits,0.05,member_training_labels_only,0.9155894564015059,0.9198802277217535,0.42538975501113585,nan
semi_digits_trainnoise0.05,sklearn.load_digits,2,0.99,release_1,matched_kmeans,random_forest,1797,64,10,326,2.754601226993865,2.0,1,13,119,0.5858895705521472,0.8926380368098159,1.5636105914258778,2.0294789318492095,0.9571454789246201,1.0,1.0,1.0,digits,0.05,member_training_labels_only,0.9010297567968413,0.9080354973175895,0.47438752783964366,nan
semi_digits_trainnoise0.05,sklearn.load_digits,2,0.99,release_2,granular_ball,logistic,1797,64,10,326,2.754601226993865,2.0,1,29,124,0.6901840490797546,0.8957055214723927,1.7825331324547484,2.0330784059980003,0.9248466257668712,1.0,1.0,1.0,digits,0.05,member_training_labels_only,0.8599486113660151,0.8569519530980975,0.19821826280623608,nan
semi_digits_trainnoise0.05,sklearn.load_digits,2,0.99,release_2,granular_ball,random_forest,1797,64,10,326,2.754601226993865,2.0,1,29,124,0.6901840490797546,0.8957055214723927,1.7825331324547484,2.0330784059980003,0.9248466257668712,1.0,1.0,1.0,digits,0.05,member_training_labels_only,0.8704886136477498,0.8846776506205317,0.3975501113585746,nan
semi_digits_trainnoise0.05,sklearn.load_digits,2,0.99,release_2,matched_kmeans,logistic,1797,64,10,326,2.754601226993865,2.0,1,13,119,0.5858895705521472,0.8926380368098159,1.5636105914258778,2.0294789318492095,0.9571454789246201,1.0,1.0,1.0,digits,0.05,member_training_labels_only,0.9377756062717943,0.9362359561381132,0.4376391982182628,nan
semi_digits_trainnoise0.05,sklearn.load_digits,2,0.99,release_2,matched_kmeans,random_forest,1797,64,10,326,2.754601226993865,2.0,1,13,119,0.5858895705521472,0.8926380368098159,1.5636105914258778,2.0294789318492095,0.9571454789246201,1.0,1.0,1.0,digits,0.05,member_training_labels_only,0.9286982703458813,0.9289344896879377,0.47438752783964366,nan
semi_digits_trainnoise0.05,sklearn.load_digits,2,0.99,release_3,granular_ball,logistic,1797,64,10,326,2.754601226993865,2.0,1,29,124,0.6901840490797546,0.8957055214723927,1.7825331324547484,2.0330784059980003,0.9248466257668712,1.0,1.0,1.0,digits,0.05,member_training_labels_only,0.8567554228401644,0.8556968459836262,0.20378619153674832,nan
semi_digits_trainnoise0.05,sklearn.load_digits,2,0.99,release_3,granular_ball,random_forest,1797,64,10,326,2.754601226993865,2.0,1,29,124,0.6901840490797546,0.8957055214723927,1.7825331324547484,2.0330784059980003,0.9248466257668712,1.0,1.0,1.0,digits,0.05,member_training_labels_only,0.8817490984667734,0.8933131957858857,0.4042316258351893,nan
semi_digits_trainnoise0.05,sklearn.load_digits,2,0.99,release_3,matched_kmeans,logistic,1797,64,10,326,2.754601226993865,2.0,1,13,119,0.5858895705521472,0.8926380368098159,1.5636105914258778,2.0294789318492095,0.9571454789246201,1.0,1.0,1.0,digits,0.05,member_training_labels_only,0.9360295831865914,0.9341471067551396,0.36414253897550114,nan
semi_digits_trainnoise0.05,sklearn.load_digits,2,0.99,release_3,matched_kmeans,random_forest,1797,64,10,326,2.754601226993865,2.0,1,13,119,0.5858895705521472,0.8926380368098159,1.5636105914258778,2.0294789318492095,0.9571454789246201,1.0,1.0,1.0,digits,0.05,member_training_labels_only,0.9319807441431343,0.9320188793897826,0.4599109131403118,nan
semi_digits_trainnoise0.05,sklearn.load_digits,13,0.7,release_1,granular_ball,logistic,1797,64,10,43,20.88372093023256,9.0,1,98,3,0.11627906976744186,0.37209302325581395,3.998039901712494,4.269757325611347,0.8605274772188511,0.8333333333333334,0.7777777777777778,1.0,digits,0.05,member_training_labels_only,0.5523645716043075,0.542289462025608,0.015590200445434299,nan
semi_digits_trainnoise0.05,sklearn.load_digits,13,0.7,release_1,granular_ball,random_forest,1797,64,10,43,20.88372093023256,9.0,1,98,3,0.11627906976744186,0.37209302325581395,3.998039901712494,4.269757325611347,0.8605274772188511,0.8333333333333334,0.7777777777777778,1.0,digits,0.05,member_training_labels_only,0.5162877416282656,0.5112590372483486,0.005567928730512249,nan
semi_digits_trainnoise0.05,sklearn.load_digits,13,0.7,release_1,matched_kmeans,logistic,1797,64,10,43,20.88372093023256,20.0,1,64,1,0.06976744186046512,0.13953488372093023,4.388700142822637,4.3593571498046035,0.8173333127562791,0.875,0.7165178571428572,0.9708538587848933,digits,0.05,member_training_labels_only,0.6039392165713464,0.6003036220793199,0.031180400890868598,nan
semi_digits_trainnoise0.05,sklearn.load_digits,13,0.7,release_1,matched_kmeans,random_forest,1797,64,10,43,20.88372093023256,20.0,1,64,1,0.06976744186046512,0.13953488372093023,4.388700142822637,4.3593571498046035,0.8173333127562791,0.875,0.7165178571428572,0.9708538587848933,digits,0.05,member_training_labels_only,0.5638030069295291,0.5549113232545767,0.011135857461024499,nan
semi_digits_trainnoise0.05,sklearn.load_digits,13,0.7,release_2,granular_ball,logistic,1797,64,10,43,20.88372093023256,9.0,1,98,3,0.11627906976744186,0.37209302325581395,3.998039901712494,4.269757325611347,0.8605274772188511,0.8333333333333334,0.7777777777777778,1.0,digits,0.05,member_training_labels_only,0.5547442721018249,0.537353714611362,0.012249443207126948,nan
semi_digits_trainnoise0.05,sklearn.load_digits,13,0.7,release_2,granular_ball,random_forest,1797,64,10,43,20.88372093023256,9.0,1,98,3,0.11627906976744186,0.37209302325581395,3.998039901712494,4.269757325611347,0.8605274772188511,0.8333333333333334,0.7777777777777778,1.0,digits,0.05,member_training_labels_only,0.5523000877971835,0.5340543972431575,0.013363028953229399,nan
semi_digits_trainnoise0.05,sklearn.load_digits,13,0.7,release_2,matched_kmeans,logistic,1797,64,10,43,20.88372093023256,20.0,1,64,1,0.06976744186046512,0.13953488372093023,4.388700142822637,4.3593571498046035,0.8173333127562791,0.875,0.7165178571428572,0.9708538587848933,digits,0.05,member_training_labels_only,0.6096795154785939,0.6008260976643376,0.031180400890868598,nan
semi_digits_trainnoise0.05,sklearn.load_digits,13,0.7,release_2,matched_kmeans,random_forest,1797,64,10,43,20.88372093023256,20.0,1,64,1,0.06976744186046512,0.13953488372093023,4.388700142822637,4.3593571498046035,0.8173333127562791,0.875,0.7165178571428572,0.9708538587848933,digits,0.05,member_training_labels_only,0.5722888279324011,0.5517244968357147,0.01893095768374165,nan
semi_digits_trainnoise0.05,sklearn.load_digits,13,0.7,release_3,granular_ball,logistic,1797,64,10,43,20.88372093023256,9.0,1,98,3,0.11627906976744186,0.37209302325581395,3.998039901712494,4.269757325611347,0.8605274772188511,0.8333333333333334,0.7777777777777778,1.0,digits,0.05,member_training_labels_only,0.5487720795035739,0.5342354890599533,0.01002227171492205,nan
semi_digits_trainnoise0.05,sklearn.load_digits,13,0.7,release_3,granular_ball,random_forest,1797,64,10,43,20.88372093023256,9.0,1,98,3,0.11627906976744186,0.37209302325581395,3.998039901712494,4.269757325611347,0.8605274772188511,0.8333333333333334,0.7777777777777778,1.0,digits,0.05,member_training_labels_only,0.5415932956681763,0.5328105017183277,0.0077951002227171495,nan
semi_digits_trainnoise0.05,sklearn.load_digits,13,0.7,release_3,matched_kmeans,logistic,1797,64,10,43,20.88372093023256,20.0,1,64,1,0.06976744186046512,0.13953488372093023,4.388700142822637,4.3593571498046035,0.8173333127562791,0.875,0.7165178571428572,0.9708538587848933,digits,0.05,member_training_labels_only,0.599126492428113,0.5902555561611291,0.031180400890868598,nan
semi_digits_trainnoise0.05,sklearn.load_digits,13,0.7,release_3,matched_kmeans,random_forest,1797,64,10,43,20.88372093023256,20.0,1,64,1,0.06976744186046512,0.13953488372093023,4.388700142822637,4.3593571498046035,0.8173333127562791,0.875,0.7165178571428572,0.9708538587848933,digits,0.05,member_training_labels_only,0.5718622427468119,0.5462146507275318,0.011135857461024499,nan
semi_digits_trainnoise0.05,sklearn.load_digits,13,0.8,release_1,granular_ball,logistic,1797,64,10,89,10.089887640449438,3.0,1,98,19,0.42696629213483145,0.6404494382022472,2.7679861971506625,2.990319316764808,0.8804965783574655,1.0,0.8333333333333334,1.0,digits,0.05,member_training_labels_only,0.6092702913179994,0.6082405649352907,0.0467706013363029,nan
semi_digits_trainnoise0.05,sklearn.load_digits,13,0.8,release_1,granular_ball,random_forest,1797,64,10,89,10.089887640449438,3.0,1,98,19,0.42696629213483145,0.6404494382022472,2.7679861971506625,2.990319316764808,0.8804965783574655,1.0,0.8333333333333334,1.0,digits,0.05,member_training_labels_only,0.5673967391034767,0.5974290167181595,0.05456570155902005,nan
semi_digits_trainnoise0.05,sklearn.load_digits,13,0.8,release_1,matched_kmeans,logistic,1797,64,10,89,10.089887640449438,9.0,1,32,3,0.11235955056179775,0.2808988764044944,3.6384410375464906,3.7008827316558786,0.8803555238722386,0.9375,0.8,1.0,digits,0.05,member_training_labels_only,0.7029652630691317,0.7032569302185692,0.0935412026726058,nan
semi_digits_trainnoise0.05,sklearn.load_digits,13,0.8,release_1,matched_kmeans,random_forest,1797,64,10,89,10.089887640449438,9.0,1,32,3,0.11235955056179775,0.2808988764044944,3.6384410375464906,3.7008827316558786,0.8803555238722386,0.9375,0.8,1.0,digits,0.05,member_training_labels_only,0.6700487596787714,0.6703415056479699,0.0467706013363029,nan
semi_digits_trainnoise0.05,sklearn.load_digits,13,0.8,release_2,granular_ball,logistic,1797,64,10,89,10.089887640449438,3.0,1,98,19,0.42696629213483145,0.6404494382022472,2.7679861971506625,2.990319316764808,0.8804965783574655,1.0,0.8333333333333334,1.0,digits,0.05,member_training_labels_only,0.6067517026205227,0.5994433581915076,0.04120267260579064,nan
semi_digits_trainnoise0.05,sklearn.load_digits,13,0.8,release_2,granular_ball,random_forest,1797,64,10,89,10.089887640449438,3.0,1,98,19,0.42696629213483145,0.6404494382022472,2.7679861971506625,2.990319316764808,0.8804965783574655,1.0,0.8333333333333334,1.0,digits,0.05,member_training_labels_only,0.604777506063958,0.6290551743612958,0.07238307349665925,nan
semi_digits_trainnoise0.05,sklearn.load_digits,13,0.8,release_2,matched_kmeans,logistic,1797,64,10,89,10.089887640449438,9.0,1,32,3,0.11235955056179775,0.2808988764044944,3.6384410375464906,3.7008827316558786,0.8803555238722386,0.9375,0.8,1.0,digits,0.05,member_training_labels_only,0.70994191497066,0.7066469456490407,0.08351893095768374,nan
semi_digits_trainnoise0.05,sklearn.load_digits,13,0.8,release_2,matched_kmeans,random_forest,1797,64,10,89,10.089887640449438,9.0,1,32,3,0.11235955056179775,0.2808988764044944,3.6384410375464906,3.7008827316558786,0.8803555238722386,0.9375,0.8,1.0,digits,0.05,member_training_labels_only,0.6942810303520319,0.6906378509103099,0.05790645879732739,nan
semi_digits_trainnoise0.05,sklearn.load_digits,13,0.8,release_3,granular_ball,logistic,1797,64,10,89,10.089887640449438,3.0,1,98,19,0.42696629213483145,0.6404494382022472,2.7679861971506625,2.990319316764808,0.8804965783574655,1.0,0.8333333333333334,1.0,digits,0.05,member_training_labels_only,0.606793865109796,0.6024806218012179,0.036748329621380846,nan
semi_digits_trainnoise0.05,sklearn.load_digits,13,0.8,release_3,granular_ball,random_forest,1797,64,10,89,10.089887640449438,3.0,1,98,19,0.42696629213483145,0.6404494382022472,2.7679861971506625,2.990319316764808,0.8804965783574655,1.0,0.8333333333333334,1.0,digits,0.05,member_training_labels_only,0.6216437418465186,0.6465742745075611,0.10022271714922049,nan
semi_digits_trainnoise0.05,sklearn.load_digits,13,0.8,release_3,matched_kmeans,logistic,1797,64,10,89,10.089887640449438,9.0,1,32,3,0.11235955056179775,0.2808988764044944,3.6384410375464906,3.7008827316558786,0.8803555238722386,0.9375,0.8,1.0,digits,0.05,member_training_labels_only,0.7060381644932316,0.6992432191537947,0.07683741648106904,nan
semi_digits_trainnoise0.05,sklearn.load_digits,13,0.8,release_3,matched_kmeans,random_forest,1797,64,10,89,10.089887640449438,9.0,1,32,3,0.11235955056179775,0.2808988764044944,3.6384410375464906,3.7008827316558786,0.8803555238722386,0.9375,0.8,1.0,digits,0.05,member_training_labels_only,0.713205787669704,0.6982137929858628,0.0645879732739421,nan
semi_digits_trainnoise0.05,sklearn.load_digits,13,0.9,release_1,granular_ball,logistic,1797,64,10,218,4.1192660550458715,2.0,1,91,74,0.6743119266055045,0.8577981651376146,1.9139061657461371,2.1390459849761987,0.9133679463755868,1.0,1.0,1.0,digits,0.05,member_training_labels_only,0.7318850104910193,0.7471811530751705,0.11692650334075724,nan
semi_digits_trainnoise0.05,sklearn.load_digits,13,0.9,release_1,granular_ball,random_forest,1797,64,10,218,4.1192660550458715,2.0,1,91,74,0.6743119266055045,0.8577981651376146,1.9139061657461371,2.1390459849761987,0.9133679463755868,1.0,1.0,1.0,digits,0.05,member_training_labels_only,0.7260622467150462,0.7603241583637352,0.18262806236080179,nan
semi_digits_trainnoise0.05,sklearn.load_digits,13,0.9,release_1,matched_kmeans,logistic,1797,64,10,218,4.1192660550458715,4.0,1,15,40,0.3256880733944954,0.7155963302752294,2.360480012943766,2.734487137581943,0.9372178535022571,1.0,1.0,1.0,digits,0.05,member_training_labels_only,0.8697303088774362,0.8710439830332384,0.22048997772828507,nan
semi_digits_trainnoise0.05,sklearn.load_digits,13,0.9,release_1,matched_kmeans,random_forest,1797,64,10,218,4.1192660550458715,4.0,1,15,40,0.3256880733944954,0.7155963302752294,2.360480012943766,2.734487137581943,0.9372178535022571,1.0,1.0,1.0,digits,0.05,member_training_labels_only,0.8545617333247354,0.8613084775006622,0.2884187082405345,nan
semi_digits_trainnoise0.05,sklearn.load_digits,13,0.9,release_2,granular_ball,logistic,1797,64,10,218,4.1192660550458715,2.0,1,91,74,0.6743119266055045,0.8577981651376146,1.9139061657461371,2.1390459849761987,0.9133679463755868,1.0,1.0,1.0,digits,0.05,member_training_labels_only,0.7459077583940557,0.7383459453760319,0.12138084632516703,nan
semi_digits_trainnoise0.05,sklearn.load_digits,13,0.9,release_2,granular_ball,random_forest,1797,64,10,218,4.1192660550458715,2.0,1,91,74,0.6743119266055045,0.8577981651376146,1.9139061657461371,2.1390459849761987,0.9133679463755868,1.0,1.0,1.0,digits,0.05,member_training_labels_only,0.7894120068848864,0.811385955581617,0.2728285077951002,nan
semi_digits_trainnoise0.05,sklearn.load_digits,13,0.9,release_2,matched_kmeans,logistic,1797,64,10,218,4.1192660550458715,4.0,1,15,40,0.3256880733944954,0.7155963302752294,2.360480012943766,2.734487137581943,0.9372178535022571,1.0,1.0,1.0,digits,0.05,member_training_labels_only,0.8887790735165003,0.8890281633411087,0.2583518930957684,nan
semi_digits_trainnoise0.05,sklearn.load_digits,13,0.9,release_2,matched_kmeans,random_forest,1797,64,10,218,4.1192660550458715,4.0,1,15,40,0.3256880733944954,0.7155963302752294,2.360480012943766,2.734487137581943,0.9372178535022571,1.0,1.0,1.0,digits,0.05,member_training_labels_only,0.8867465935188814,0.8857717948469893,0.22271714922049,nan
semi_digits_trainnoise0.05,sklearn.load_digits,13,0.9,release_3,granular_ball,logistic,1797,64,10,218,4.1192660550458715,2.0,1,91,74,0.6743119266055045,0.8577981651376146,1.9139061657461371,2.1390459849761987,0.9133679463755868,1.0,1.0,1.0,digits,0.05,member_training_labels_only,0.7421825784594323,0.745284424629162,0.11915367483296214,nan
semi_digits_trainnoise0.05,sklearn.load_digits,13,0.9,release_3,granular_ball,random_forest,1797,64,10,218,4.1192660550458715,2.0,1,91,74,0.6743119266055045,0.8577981651376146,1.9139061657461371,2.1390459849761987,0.9133679463755868,1.0,1.0,1.0,digits,0.05,member_training_labels_only,0.7861642551376233,0.8076198444949071,0.289532293986637,nan
semi_digits_trainnoise0.05,sklearn.load_digits,13,0.9,release_3,matched_kmeans,logistic,1797,64,10,218,4.1192660550458715,4.0,1,15,40,0.3256880733944954,0.7155963302752294,2.360480012943766,2.734487137581943,0.9372178535022571,1.0,1.0,1.0,digits,0.05,member_training_labels_only,0.8882594828398668,0.8857366187417297,0.2516703786191537,nan
semi_digits_trainnoise0.05,sklearn.load_digits,13,0.9,release_3,matched_kmeans,random_forest,1797,64,10,218,4.1192660550458715,4.0,1,15,40,0.3256880733944954,0.7155963302752294,2.360480012943766,2.734487137581943,0.9372178535022571,1.0,1.0,1.0,digits,0.05,member_training_labels_only,0.8882594828398669,0.8876960396609873,0.27839643652561247,nan
semi_digits_trainnoise0.05,sklearn.load_digits,13,0.95,release_1,granular_ball,logistic,1797,64,10,275,3.2654545454545456,2.0,1,91,95,0.6836363636363636,0.8872727272727273,1.834556463385177,2.1342435244059006,0.9214627477785372,1.0,1.0,1.0,digits,0.05,member_training_labels_only,0.808728627338158,0.8232333529979247,0.18374164810690424,nan
semi_digits_trainnoise0.05,sklearn.load_digits,13,0.95,release_1,granular_ball,random_forest,1797,64,10,275,3.2654545454545456,2.0,1,91,95,0.6836363636363636,0.8872727272727273,1.834556463385177,2.1342435244059006,0.9214627477785372,1.0,1.0,1.0,digits,0.05,member_training_labels_only,0.7942439521629356,0.8177240441090119,0.22048997772828507,nan
semi_digits_trainnoise0.05,sklearn.load_digits,13,0.95,release_1,matched_kmeans,logistic,1797,64,10,275,3.2654545454545456,3.0,1,16,80,0.4727272727272727,0.8290909090909091,1.8776994810329324,2.4004588191758183,0.947004329004329,1.0,1.0,1.0,digits,0.05,member_training_labels_only,0.9019709723662085,0.9076735973764459,0.3530066815144766,nan
semi_digits_trainnoise0.05,sklearn.load_digits,13,0.95,release_1,matched_kmeans,random_forest,1797,64,10,275,3.2654545454545456,3.0,1,16,80,0.4727272727272727,0.8290909090909091,1.8776994810329324,2.4004588191758183,0.947004329004329,1.0,1.0,1.0,digits,0.05,member_training_labels_only,0.8836767922778161,0.8900622418694322,0.38530066815144765,nan
semi_digits_trainnoise0.05,sklearn.load_digits,13,0.95,release_2,granular_ball,logistic,1797,64,10,275,3.2654545454545456,2.0,1,91,95,0.6836363636363636,0.8872727272727273,1.834556463385177,2.1342435244059006,0.9214627477785372,1.0,1.0,1.0,digits,0.05,member_training_labels_only,0.8249599456351903,0.8244740198001989,0.15367483296213807,nan
semi_digits_trainnoise0.05,sklearn.load_digits,13,0.95,release_2,granular_ball,random_forest,1797,64,10,275,3.2654545454545456,2.0,1,91,95,0.6836363636363636,0.8872727272727273,1.834556463385177,2.1342435244059006,0.9214627477785372,1.0,1.0,1.0,digits,0.05,member_training_labels_only,0.855562472408371,0.8689438250551982,0.3463251670378619,nan
semi_digits_trainnoise0.05,sklearn.load_digits,13,0.95,release_2,matched_kmeans,logistic,1797,64,10,275,3.2654545454545456,3.0,1,16,80,0.4727272727272727,0.8290909090909091,1.8776994810329324,2.4004588191758183,0.947004329004329,1.0,1.0,1.0,digits,0.05,member_training_labels_only,0.9198962306734589,0.9226211113343643,0.3897550111358575,nan
semi_digits_trainnoise0.05,sklearn.load_digits,13,0.95,release_2,matched_kmeans,random_forest,1797,64,10,275,3.2654545454545456,3.0,1,16,80,0.4727272727272727,0.8290909090909091,1.8776994810329324,2.4004588191758183,0.947004329004329,1.0,1.0,1.0,digits,0.05,member_training_labels_only,0.9146860630651634,0.9181857064815767,0.4042316258351893,nan
semi_digits_trainnoise0.05,sklearn.load_digits,13,0.95,release_3,granular_ball,logistic,1797,64,10,275,3.2654545454545456,2.0,1,91,95,0.6836363636363636,0.8872727272727273,1.834556463385177,2.1342435244059006,0.9214627477785372,1.0,1.0,1.0,digits,0.05,member_training_labels_only,0.8275045758701594,0.8414024366553045,0.20378619153674832,nan
semi_digits_trainnoise0.05,sklearn.load_digits,13,0.95,release_3,granular_ball,random_forest,1797,64,10,275,3.2654545454545456,2.0,1,91,95,0.6836363636363636,0.8872727272727273,1.834556463385177,2.1342435244059006,0.9214627477785372,1.0,1.0,1.0,digits,0.05,member_training_labels_only,0.855288416228094,0.8718399603922415,0.32516703786191536,nan
semi_digits_trainnoise0.05,sklearn.load_digits,13,0.95,release_3,matched_kmeans,logistic,1797,64,10,275,3.2654545454545456,3.0,1,16,80,0.4727272727272727,0.8290909090909091,1.8776994810329324,2.4004588191758183,0.947004329004329,1.0,1.0,1.0,digits,0.05,member_training_labels_only,0.9184825472095872,0.9191958683816606,0.38084632516703787,nan
semi_digits_trainnoise0.05,sklearn.load_digits,13,0.95,release_3,matched_kmeans,random_forest,1797,64,10,275,3.2654545454545456,3.0,1,16,80,0.4727272727272727,0.8290909090909091,1.8776994810329324,2.4004588191758183,0.947004329004329,1.0,1.0,1.0,digits,0.05,member_training_labels_only,0.9205274279393456,0.9216101686730303,0.41870824053452116,nan
semi_digits_trainnoise0.05,sklearn.load_digits,13,0.99,release_1,granular_ball,logistic,1797,64,10,290,3.0965517241379312,2.0,1,46,99,0.6793103448275862,0.8758620689655172,1.8352924810255966,2.1405578513001506,0.9172413793103448,1.0,1.0,1.0,digits,0.05,member_training_labels_only,0.8388822476078988,0.8612020894156374,0.25389755011135856,nan
semi_digits_trainnoise0.05,sklearn.load_digits,13,0.99,release_1,granular_ball,random_forest,1797,64,10,290,3.0965517241379312,2.0,1,46,99,0.6793103448275862,0.8758620689655172,1.8352924810255966,2.1405578513001506,0.9172413793103448,1.0,1.0,1.0,digits,0.05,member_training_labels_only,0.8198148818706256,0.8450132677552914,0.21158129175946547,nan
semi_digits_trainnoise0.05,sklearn.load_digits,13,0.99,release_1,matched_kmeans,logistic,1797,64,10,290,3.0965517241379312,2.0,1,12,92,0.506896551724138,0.8482758620689655,1.7777188500161283,2.3415582737300555,0.9522495894909688,1.0,1.0,1.0,digits,0.05,member_training_labels_only,0.9100376486227747,0.9150928316674805,0.366369710467706,nan
semi_digits_trainnoise0.05,sklearn.load_digits,13,0.99,release_1,matched_kmeans,random_forest,1797,64,10,290,3.0965517241379312,2.0,1,12,92,0.506896551724138,0.8482758620689655,1.7777188500161283,2.3415582737300555,0.9522495894909688,1.0,1.0,1.0,digits,0.05,member_training_labels_only,0.8963943631231988,0.9009549898308683,0.38641425389755013,nan
semi_digits_trainnoise0.05,sklearn.load_digits,13,0.99,release_2,granular_ball,logistic,1797,64,10,290,3.0965517241379312,2.0,1,46,99,0.6793103448275862,0.8758620689655172,1.8352924810255966,2.1405578513001506,0.9172413793103448,1.0,1.0,1.0,digits,0.05,member_training_labels_only,0.8583985198486118,0.8691051123116028,0.25389755011135856,nan
semi_digits_trainnoise0.05,sklearn.load_digits,13,0.99,release_2,granular_ball,random_forest,1797,64,10,290,3.0965517241379312,2.0,1,46,99,0.6793103448275862,0.8758620689655172,1.8352924810255966,2.1405578513001506,0.9172413793103448,1.0,1.0,1.0,digits,0.05,member_training_labels_only,0.8754017837213108,0.8918819724094347,0.39643652561247217,nan
semi_digits_trainnoise0.05,sklearn.load_digits,13,0.99,release_2,matched_kmeans,logistic,1797,64,10,290,3.0965517241379312,2.0,1,12,92,0.506896551724138,0.8482758620689655,1.7777188500161283,2.3415582737300555,0.9522495894909688,1.0,1.0,1.0,digits,0.05,member_training_labels_only,0.9287875556172837,0.9306830754566473,0.4053452115812918,nan
semi_digits_trainnoise0.05,sklearn.load_digits,13,0.99,release_2,matched_kmeans,random_forest,1797,64,10,290,3.0965517241379312,2.0,1,12,92,0.506896551724138,0.8482758620689655,1.7777188500161283,2.3415582737300555,0.9522495894909688,1.0,1.0,1.0,digits,0.05,member_training_labels_only,0.9276752099443951,0.9286514344845285,0.44988864142538976,nan
semi_digits_trainnoise0.05,sklearn.load_digits,13,0.99,release_3,granular_ball,logistic,1797,64,10,290,3.0965517241379312,2.0,1,46,99,0.6793103448275862,0.8758620689655172,1.8352924810255966,2.1405578513001506,0.9172413793103448,1.0,1.0,1.0,digits,0.05,member_training_labels_only,0.8562531931885258,0.868379604773525,0.2594654788418708,nan
semi_digits_trainnoise0.05,sklearn.load_digits,13,0.99,release_3,granular_ball,random_forest,1797,64,10,290,3.0965517241379312,2.0,1,46,99,0.6793103448275862,0.8758620689655172,1.8352924810255966,2.1405578513001506,0.9172413793103448,1.0,1.0,1.0,digits,0.05,member_training_labels_only,0.8774150425841141,0.8918144156269017,0.37193763919821826,nan
semi_digits_trainnoise0.05,sklearn.load_digits,13,0.99,release_3,matched_kmeans,logistic,1797,64,10,290,3.0965517241379312,2.0,1,12,92,0.506896551724138,0.8482758620689655,1.7777188500161283,2.3415582737300555,0.9522495894909688,1.0,1.0,1.0,digits,0.05,member_training_labels_only,0.9269138049910467,0.9271556452253362,0.3975501113585746,nan
semi_digits_trainnoise0.05,sklearn.load_digits,13,0.99,release_3,matched_kmeans,random_forest,1797,64,10,290,3.0965517241379312,2.0,1,12,92,0.506896551724138,0.8482758620689655,1.7777188500161283,2.3415582737300555,0.9522495894909688,1.0,1.0,1.0,digits,0.05,member_training_labels_only,0.9330124850571178,0.9354402358208107,0.43318485523385303,nan
semi_digits_trainnoise0.05,sklearn.load_digits,73,0.7,release_1,granular_ball,logistic,1797,64,10,30,29.933333333333334,11.0,1,103,4,0.3333333333333333,0.4666666666666667,3.7728735842197674,4.026627024092781,0.8449481578376333,0.845491202346041,0.7527985074626866,1.0,digits,0.05,member_training_labels_only,0.533191799643851,0.5277180340322474,0.011135857461024499,nan
semi_digits_trainnoise0.05,sklearn.load_digits,73,0.7,release_1,granular_ball,random_forest,1797,64,10,30,29.933333333333334,11.0,1,103,4,0.3333333333333333,0.4666666666666667,3.7728735842197674,4.026627024092781,0.8449481578376333,0.845491202346041,0.7527985074626866,1.0,digits,0.05,member_training_labels_only,0.5056652744778052,0.5019615750916058,0.008908685968819599,nan
semi_digits_trainnoise0.05,sklearn.load_digits,73,0.7,release_1,matched_kmeans,logistic,1797,64,10,30,29.933333333333334,31.0,1,71,2,0.06666666666666667,0.1,4.740216303646367,4.7051855602744155,0.7718582263839536,0.8129370629370629,0.6208333333333333,0.9384566326530612,digits,0.05,member_training_labels_only,0.5379028377835428,0.5285125445343823,0.01002227171492205,nan
semi_digits_trainnoise0.05,sklearn.load_digits,73,0.7,release_1,matched_kmeans,random_forest,1797,64,10,30,29.933333333333334,31.0,1,71,2,0.06666666666666667,0.1,4.740216303646367,4.7051855602744155,0.7718582263839536,0.8129370629370629,0.6208333333333333,0.9384566326530612,digits,0.05,member_training_labels_only,0.5435154091497562,0.5363674900679293,0.021158129175946547,nan
semi_digits_trainnoise0.05,sklearn.load_digits,73,0.7,release_2,granular_ball,logistic,1797,64,10,30,29.933333333333334,11.0,1,103,4,0.3333333333333333,0.4666666666666667,3.7728735842197674,4.026627024092781,0.8449481578376333,0.845491202346041,0.7527985074626866,1.0,digits,0.05,member_training_labels_only,0.5285588861166363,0.5245799185757202,0.013363028953229399,nan
semi_digits_trainnoise0.05,sklearn.load_digits,73,0.7,release_2,granular_ball,random_forest,1797,64,10,30,29.933333333333334,11.0,1,103,4,0.3333333333333333,0.4666666666666667,3.7728735842197674,4.026627024092781,0.8449481578376333,0.845491202346041,0.7527985074626866,1.0,digits,0.05,member_training_labels_only,0.5271055203099191,0.52124786938316,0.008908685968819599,nan
semi_digits_trainnoise0.05,sklearn.load_digits,73,0.7,release_2,matched_kmeans,logistic,1797,64,10,30,29.933333333333334,31.0,1,71,2,0.06666666666666667,0.1,4.740216303646367,4.7051855602744155,0.7718582263839536,0.8129370629370629,0.6208333333333333,0.9384566326530612,digits,0.05,member_training_labels_only,0.5405392334363421,0.5338283317916068,0.012249443207126948,nan
semi_digits_trainnoise0.05,sklearn.load_digits,73,0.7,release_2,matched_kmeans,random_forest,1797,64,10,30,29.933333333333334,31.0,1,71,2,0.06666666666666667,0.1,4.740216303646367,4.7051855602744155,0.7718582263839536,0.8129370629370629,0.6208333333333333,0.9384566326530612,digits,0.05,member_training_labels_only,0.5406433995863116,0.5350612939913224,0.0200445434298441,nan
semi_digits_trainnoise0.05,sklearn.load_digits,73,0.7,release_3,granular_ball,logistic,1797,64,10,30,29.933333333333334,11.0,1,103,4,0.3333333333333333,0.4666666666666667,3.7728735842197674,4.026627024092781,0.8449481578376333,0.845491202346041,0.7527985074626866,1.0,digits,0.05,member_training_labels_only,0.4921391758969449,0.5049753693195569,0.0200445434298441,nan
semi_digits_trainnoise0.05,sklearn.load_digits,73,0.7,release_3,granular_ball,random_forest,1797,64,10,30,29.933333333333334,11.0,1,103,4,0.3333333333333333,0.4666666666666667,3.7728735842197674,4.026627024092781,0.8449481578376333,0.845491202346041,0.7527985074626866,1.0,digits,0.05,member_training_labels_only,0.5279934127310877,0.5295968739532737,0.0200445434298441,nan
semi_digits_trainnoise0.05,sklearn.load_digits,73,0.7,release_3,matched_kmeans,logistic,1797,64,10,30,29.933333333333334,31.0,1,71,2,0.06666666666666667,0.1,4.740216303646367,4.7051855602744155,0.7718582263839536,0.8129370629370629,0.6208333333333333,0.9384566326530612,digits,0.05,member_training_labels_only,0.5265053248743806,0.5248926979785891,0.012249443207126948,nan
semi_digits_trainnoise0.05,sklearn.load_digits,73,0.7,release_3,matched_kmeans,random_forest,1797,64,10,30,29.933333333333334,31.0,1,71,2,0.06666666666666667,0.1,4.740216303646367,4.7051855602744155,0.7718582263839536,0.8129370629370629,0.6208333333333333,0.9384566326530612,digits,0.05,member_training_labels_only,0.547280271427225,0.5425069611393991,0.015590200445434299,nan
semi_digits_trainnoise0.05,sklearn.load_digits,73,0.8,release_1,granular_ball,logistic,1797,64,10,80,11.225,2.0,1,99,19,0.575,0.725,2.7342453338581443,2.9694591297395974,0.9140181055143721,1.0,0.8571428571428571,1.0,digits,0.05,member_training_labels_only,0.5800603667640538,0.5866992121551063,0.036748329621380846,nan
semi_digits_trainnoise0.05,sklearn.load_digits,73,0.8,release_1,granular_ball,random_forest,1797,64,10,80,11.225,2.0,1,99,19,0.575,0.725,2.7342453338581443,2.9694591297395974,0.9140181055143721,1.0,0.8571428571428571,1.0,digits,0.05,member_training_labels_only,0.5315127405121998,0.5570175145684652,0.05679287305122494,nan
semi_digits_trainnoise0.05,sklearn.load_digits,73,0.8,release_1,matched_kmeans,logistic,1797,64,10,80,11.225,11.0,1,32,6,0.125,0.2375,3.666382449412622,3.9087066898852725,0.8972751242697953,0.9428104575163399,0.8442928039702233,1.0,digits,0.05,member_training_labels_only,0.6710891811052524,0.6465127688632986,0.0400890868596882,nan
semi_digits_trainnoise0.05,sklearn.load_digits,73,0.8,release_1,matched_kmeans,random_forest,1797,64,10,80,11.225,11.0,1,32,6,0.125,0.2375,3.666382449412622,3.9087066898852725,0.8972751242697953,0.9428104575163399,0.8442928039702233,1.0,digits,0.05,member_training_labels_only,0.6529934127310877,0.6242794065543559,0.0200445434298441,nan
semi_digits_trainnoise0.05,sklearn.load_digits,73,0.8,release_2,granular_ball,logistic,1797,64,10,80,11.225,2.0,1,99,19,0.575,0.725,2.7342453338581443,2.9694591297395974,0.9140181055143721,1.0,0.8571428571428571,1.0,digits,0.05,member_training_labels_only,0.5840472021468148,0.5891749556465928,0.04788418708240535,nan
semi_digits_trainnoise0.05,sklearn.load_digits,73,0.8,release_2,granular_ball,random_forest,1797,64,10,80,11.225,2.0,1,99,19,0.575,0.725,2.7342453338581443,2.9694591297395974,0.9140181055143721,1.0,0.8571428571428571,1.0,digits,0.05,member_training_labels_only,0.5856196149820686,0.6155990974974851,0.08240534521158129,nan
semi_digits_trainnoise0.05,sklearn.load_digits,73,0.8,release_2,matched_kmeans,logistic,1797,64,10,80,11.225,11.0,1,32,6,0.125,0.2375,3.666382449412622,3.9087066898852725,0.8972751242697953,0.9428104575163399,0.8442928039702233,1.0,digits,0.05,member_training_labels_only,0.6906389353227415,0.6720782826957836,0.060133630289532294,nan
semi_digits_trainnoise0.05,sklearn.load_digits,73,0.8,release_2,matched_kmeans,random_forest,1797,64,10,80,11.225,11.0,1,32,6,0.125,0.2375,3.666382449412622,3.9087066898852725,0.8972751242697953,0.9428104575163399,0.8442928039702233,1.0,digits,0.05,member_training_labels_only,0.6601734366396992,0.6341227895845309,0.026726057906458798,nan
semi_digits_trainnoise0.05,sklearn.load_digits,73,0.8,release_3,granular_ball,logistic,1797,64,10,80,11.225,2.0,1,99,19,0.575,0.725,2.7342453338581443,2.9694591297395974,0.9140181055143721,1.0,0.8571428571428571,1.0,digits,0.05,member_training_labels_only,0.5640981443544426,0.5807298177532088,0.060133630289532294,nan
semi_digits_trainnoise0.05,sklearn.load_digits,73,0.8,release_3,granular_ball,random_forest,1797,64,10,80,11.225,2.0,1,99,19,0.575,0.725,2.7342453338581443,2.9694591297395974,0.9140181055143721,1.0,0.8571428571428571,1.0,digits,0.05,member_training_labels_only,0.5960002678558142,0.6237986171994687,0.0757238307349666,nan
semi_digits_trainnoise0.05,sklearn.load_digits,73,0.8,release_3,matched_kmeans,logistic,1797,64,10,80,11.225,11.0,1,32,6,0.125,0.2375,3.666382449412622,3.9087066898852725,0.8972751242697953,0.9428104575163399,0.8442928039702233,1.0,digits,0.05,member_training_labels_only,0.6824767734287033,0.6635463704692335,0.05011135857461024,nan
semi_digits_trainnoise0.05,sklearn.load_digits,73,0.8,release_3,matched_kmeans,random_forest,1797,64,10,80,11.225,11.0,1,32,6,0.125,0.2375,3.666382449412622,3.9087066898852725,0.8972751242697953,0.9428104575163399,0.8442928039702233,1.0,digits,0.05,member_training_labels_only,0.6663632620869936,0.6387995494422574,0.03897550111358575,nan
semi_digits_trainnoise0.05,sklearn.load_digits,73,0.9,release_1,granular_ball,logistic,1797,64,10,207,4.338164251207729,2.0,1,88,62,0.6328502415458938,0.855072463768116,2.062571087936611,2.319672232809785,0.9268172919906412,1.0,1.0,1.0,digits,0.05,member_training_labels_only,0.7115205281719832,0.7282902122723075,0.11469933184855234,nan
semi_digits_trainnoise0.05,sklearn.load_digits,73,0.9,release_1,granular_ball,random_forest,1797,64,10,207,4.338164251207729,2.0,1,88,62,0.6328502415458938,0.855072463768116,2.062571087936611,2.319672232809785,0.9268172919906412,1.0,1.0,1.0,digits,0.05,member_training_labels_only,0.6651126482507527,0.7115723944672878,0.14587973273942093,nan
semi_digits_trainnoise0.05,sklearn.load_digits,73,0.9,release_1,matched_kmeans,logistic,1797,64,10,207,4.338164251207729,4.0,1,21,40,0.3188405797101449,0.714975845410628,2.401985492623261,2.8565321850603778,0.9493173359115389,1.0,1.0,1.0,digits,0.05,member_training_labels_only,0.8192270871672263,0.8110582054014848,0.16258351893095768,nan
semi_digits_trainnoise0.05,sklearn.load_digits,73,0.9,release_1,matched_kmeans,random_forest,1797,64,10,207,4.338164251207729,4.0,1,21,40,0.3188405797101449,0.714975845410628,2.401985492623261,2.8565321850603778,0.9493173359115389,1.0,1.0,1.0,digits,0.05,member_training_labels_only,0.8039022623895715,0.7904626003724012,0.09799554565701558,nan
semi_digits_trainnoise0.05,sklearn.load_digits,73,0.9,release_2,granular_ball,logistic,1797,64,10,207,4.338164251207729,2.0,1,88,62,0.6328502415458938,0.855072463768116,2.062571087936611,2.319672232809785,0.9268172919906412,1.0,1.0,1.0,digits,0.05,member_training_labels_only,0.7294879489685071,0.722360323519425,0.09465478841870824,nan
semi_digits_trainnoise0.05,sklearn.load_digits,73,0.9,release_2,granular_ball,random_forest,1797,64,10,207,4.338164251207729,2.0,1,88,62,0.6328502415458938,0.855072463768116,2.062571087936611,2.319672232809785,0.9268172919906412,1.0,1.0,1.0,digits,0.05,member_training_labels_only,0.7606733101522314,0.7856914562551411,0.19265033407572382,nan
semi_digits_trainnoise0.05,sklearn.load_digits,73,0.9,release_2,matched_kmeans,logistic,1797,64,10,207,4.338164251207729,4.0,1,21,40,0.3188405797101449,0.714975845410628,2.401985492623261,2.8565321850603778,0.9493173359115389,1.0,1.0,1.0,digits,0.05,member_training_labels_only,0.8504360097420152,0.8365181344921344,0.18819599109131402,nan
semi_digits_trainnoise0.05,sklearn.load_digits,73,0.9,release_2,matched_kmeans,random_forest,1797,64,10,207,4.338164251207729,4.0,1,21,40,0.3188405797101449,0.714975845410628,2.401985492623261,2.8565321850603778,0.9493173359115389,1.0,1.0,1.0,digits,0.05,member_training_labels_only,0.8401458822128858,0.8269463947450378,0.16146993318485522,nan
semi_digits_trainnoise0.05,sklearn.load_digits,73,0.9,release_3,granular_ball,logistic,1797,64,10,207,4.338164251207729,2.0,1,88,62,0.6328502415458938,0.855072463768116,2.062571087936611,2.319672232809785,0.9268172919906412,1.0,1.0,1.0,digits,0.05,member_training_labels_only,0.727777888006508,0.7333408025941627,0.10801781737193764,nan
semi_digits_trainnoise0.05,sklearn.load_digits,73,0.9,release_3,granular_ball,random_forest,1797,64,10,207,4.338164251207729,2.0,1,88,62,0.6328502415458938,0.855072463768116,2.062571087936611,2.319672232809785,0.9268172919906412,1.0,1.0,1.0,digits,0.05,member_training_labels_only,0.7567993214319373,0.7837944357609465,0.22605790645879734,nan
semi_digits_trainnoise0.05,sklearn.load_digits,73,0.9,release_3,matched_kmeans,logistic,1797,64,10,207,4.338164251207729,4.0,1,21,40,0.3188405797101449,0.714975845410628,2.401985492623261,2.8565321850603778,0.9493173359115389,1.0,1.0,1.0,digits,0.05,member_training_labels_only,0.8464107320896226,0.8327744924011878,0.1714922048997773,nan
semi_digits_trainnoise0.05,sklearn.load_digits,73,0.9,release_3,matched_kmeans,random_forest,1797,64,10,207,4.338164251207729,4.0,1,21,40,0.3188405797101449,0.714975845410628,2.401985492623261,2.8565321850603778,0.9493173359115389,1.0,1.0,1.0,digits,0.05,member_training_labels_only,0.8467021492948943,0.8396699248736434,0.16481069042316257,nan
semi_digits_trainnoise0.05,sklearn.load_digits,73,0.95,release_1,granular_ball,logistic,1797,64,10,293,3.0648464163822524,2.0,1,33,93,0.658703071672355,0.8805460750853242,1.8819456527507987,2.135370044324177,0.9263864690485851,1.0,1.0,1.0,digits,0.05,member_training_labels_only,0.8062348401049598,0.8182179204105106,0.19376391982182628,nan
semi_digits_trainnoise0.05,sklearn.load_digits,73,0.95,release_1,granular_ball,random_forest,1797,64,10,293,3.0648464163822524,2.0,1,33,93,0.658703071672355,0.8805460750853242,1.8819456527507987,2.135370044324177,0.9263864690485851,1.0,1.0,1.0,digits,0.05,member_training_labels_only,0.7881217107058002,0.8115157878082149,0.26280623608017817,nan
semi_digits_trainnoise0.05,sklearn.load_digits,73,0.95,release_1,matched_kmeans,logistic,1797,64,10,293,3.0648464163822524,2.0,1,14,89,0.5187713310580204,0.8668941979522184,1.8111729626611361,2.334268772200953,0.9555690990844575,1.0,1.0,1.0,digits,0.05,member_training_labels_only,0.8862232826226061,0.8871336101956131,0.3574610244988864,nan
semi_digits_trainnoise0.05,sklearn.load_digits,73,0.95,release_1,matched_kmeans,random_forest,1797,64,10,293,3.0648464163822524,2.0,1,14,89,0.5187713310580204,0.8668941979522184,1.8111729626611361,2.334268772200953,0.9555690990844575,1.0,1.0,1.0,digits,0.05,member_training_labels_only,0.8747495052107876,0.8828278313231023,0.36525612472160357,nan
semi_digits_trainnoise0.05,sklearn.load_digits,73,0.95,release_2,granular_ball,logistic,1797,64,10,293,3.0648464163822524,2.0,1,33,93,0.658703071672355,0.8805460750853242,1.8819456527507987,2.135370044324177,0.9263864690485851,1.0,1.0,1.0,digits,0.05,member_training_labels_only,0.839022375881072,0.8265365552337844,0.12806236080178174,nan
semi_digits_trainnoise0.05,sklearn.load_digits,73,0.95,release_2,granular_ball,random_forest,1797,64,10,293,3.0648464163822524,2.0,1,33,93,0.658703071672355,0.8805460750853242,1.8819456527507987,2.135370044324177,0.9263864690485851,1.0,1.0,1.0,digits,0.05,member_training_labels_only,0.8613939166968418,0.8744938150015966,0.34075723830734966,nan
semi_digits_trainnoise0.05,sklearn.load_digits,73,0.95,release_2,matched_kmeans,logistic,1797,64,10,293,3.0648464163822524,2.0,1,14,89,0.5187713310580204,0.8668941979522184,1.8111729626611361,2.334268772200953,0.9555690990844575,1.0,1.0,1.0,digits,0.05,member_training_labels_only,0.9167055222940362,0.9106262916002617,0.3262806236080178,nan
semi_digits_trainnoise0.05,sklearn.load_digits,73,0.95,release_2,matched_kmeans,random_forest,1797,64,10,293,3.0648464163822524,2.0,1,14,89,0.5187713310580204,0.8668941979522184,1.8111729626611361,2.334268772200953,0.9555690990844575,1.0,1.0,1.0,digits,0.05,member_training_labels_only,0.911631762739272,0.9117657802734331,0.37861915367483295,nan
semi_digits_trainnoise0.05,sklearn.load_digits,73,0.95,release_3,granular_ball,logistic,1797,64,10,293,3.0648464163822524,2.0,1,33,93,0.658703071672355,0.8805460750853242,1.8819456527507987,2.135370044324177,0.9263864690485851,1.0,1.0,1.0,digits,0.05,member_training_labels_only,0.837727739445737,0.8286515392584433,0.1358574610244989,nan
semi_digits_trainnoise0.05,sklearn.load_digits,73,0.95,release_3,granular_ball,random_forest,1797,64,10,293,3.0648464163822524,2.0,1,33,93,0.658703071672355,0.8805460750853242,1.8819456527507987,2.135370044324177,0.9263864690485851,1.0,1.0,1.0,digits,0.05,member_training_labels_only,0.8648940233431383,0.8793962732987985,0.366369710467706,nan
semi_digits_trainnoise0.05,sklearn.load_digits,73,0.95,release_3,matched_kmeans,logistic,1797,64,10,293,3.0648464163822524,2.0,1,14,89,0.5187713310580204,0.8668941979522184,1.8111729626611361,2.334268772200953,0.9555690990844575,1.0,1.0,1.0,digits,0.05,member_training_labels_only,0.9143444228947277,0.9079375359884962,0.3051224944320713,nan
semi_digits_trainnoise0.05,sklearn.load_digits,73,0.95,release_3,matched_kmeans,random_forest,1797,64,10,293,3.0648464163822524,2.0,1,14,89,0.5187713310580204,0.8668941979522184,1.8111729626611361,2.334268772200953,0.9555690990844575,1.0,1.0,1.0,digits,0.05,member_training_labels_only,0.918196710333778,0.916944191271857,0.39643652561247217,nan
semi_digits_trainnoise0.05,sklearn.load_digits,73,0.99,release_1,granular_ball,logistic,1797,64,10,302,2.9735099337748343,2.0,1,21,95,0.6490066225165563,0.8774834437086093,1.894158332243332,2.149376989170149,0.9271523178807947,1.0,1.0,1.0,digits,0.05,member_training_labels_only,0.8179584922693837,0.8276940802343462,0.19710467706013363,nan
semi_digits_trainnoise0.05,sklearn.load_digits,73,0.99,release_1,granular_ball,random_forest,1797,64,10,302,2.9735099337748343,2.0,1,21,95,0.6490066225165563,0.8774834437086093,1.894158332243332,2.149376989170149,0.9271523178807947,1.0,1.0,1.0,digits,0.05,member_training_labels_only,0.7977936617377891,0.8181418956767781,0.2639198218262806,nan
semi_digits_trainnoise0.05,sklearn.load_digits,73,0.99,release_1,matched_kmeans,logistic,1797,64,10,302,2.9735099337748343,2.0,1,14,96,0.5298013245033113,0.8807947019867549,1.7580233905522813,2.2923097555187884,0.9558091558919375,1.0,1.0,1.0,digits,0.05,member_training_labels_only,0.8927076254582071,0.8933786664183998,0.3596881959910913,nan
semi_digits_trainnoise0.05,sklearn.load_digits,73,0.99,release_1,matched_kmeans,random_forest,1797,64,10,302,2.9735099337748343,2.0,1,14,96,0.5298013245033113,0.8807947019867549,1.7580233905522813,2.2923097555187884,0.9558091558919375,1.0,1.0,1.0,digits,0.05,member_training_labels_only,0.8824373391005005,0.8906933547055302,0.3262806236080178,nan
semi_digits_trainnoise0.05,sklearn.load_digits,73,0.99,release_2,granular_ball,logistic,1797,64,10,302,2.9735099337748343,2.0,1,21,95,0.6490066225165563,0.8774834437086093,1.894158332243332,2.149376989170149,0.9271523178807947,1.0,1.0,1.0,digits,0.05,member_training_labels_only,0.8515892778309632,0.8353194588064398,0.133630289532294,nan
semi_digits_trainnoise0.05,sklearn.load_digits,73,0.99,release_2,granular_ball,random_forest,1797,64,10,302,2.9735099337748343,2.0,1,21,95,0.6490066225165563,0.8774834437086093,1.894158332243332,2.149376989170149,0.9271523178807947,1.0,1.0,1.0,digits,0.05,member_training_labels_only,0.874503350677824,0.8850193475262961,0.3585746102449889,nan
semi_digits_trainnoise0.05,sklearn.load_digits,73,0.99,release_2,matched_kmeans,logistic,1797,64,10,302,2.9735099337748343,2.0,1,14,96,0.5298013245033113,0.8807947019867549,1.7580233905522813,2.2923097555187884,0.9558091558919375,1.0,1.0,1.0,digits,0.05,member_training_labels_only,0.9235804881920229,0.9191789675951606,0.3518930957683742,nan
semi_digits_trainnoise0.05,sklearn.load_digits,73,0.99,release_2,matched_kmeans,random_forest,1797,64,10,302,2.9735099337748343,2.0,1,14,96,0.5298013245033113,0.8807947019867549,1.7580233905522813,2.2923097555187884,0.9558091558919375,1.0,1.0,1.0,digits,0.05,member_training_labels_only,0.9171048258689193,0.9196718096238746,0.42761692650334077,nan
semi_digits_trainnoise0.05,sklearn.load_digits,73,0.99,release_3,granular_ball,logistic,1797,64,10,302,2.9735099337748343,2.0,1,21,95,0.6490066225165563,0.8774834437086093,1.894158332243332,2.149376989170149,0.9271523178807947,1.0,1.0,1.0,digits,0.05,member_training_labels_only,0.849349705606619,0.8361736741746115,0.1358574610244989,nan
semi_digits_trainnoise0.05,sklearn.load_digits,73,0.99,release_3,granular_ball,random_forest,1797,64,10,302,2.9735099337748343,2.0,1,21,95,0.6490066225165563,0.8774834437086093,1.894158332243332,2.149376989170149,0.9271523178807947,1.0,1.0,1.0,digits,0.05,member_training_labels_only,0.8775452502715759,0.8889664376399748,0.3585746102449889,nan
semi_digits_trainnoise0.05,sklearn.load_digits,73,0.99,release_3,matched_kmeans,logistic,1797,64,10,302,2.9735099337748343,2.0,1,14,96,0.5298013245033113,0.8807947019867549,1.7580233905522813,2.2923097555187884,0.9558091558919375,1.0,1.0,1.0,digits,0.05,member_training_labels_only,0.9214475622640761,0.9169883348107958,0.35634743875278396,nan
semi_digits_trainnoise0.05,sklearn.load_digits,73,0.99,release_3,matched_kmeans,random_forest,1797,64,10,302,2.9735099337748343,2.0,1,14,96,0.5298013245033113,0.8807947019867549,1.7580233905522813,2.2923097555187884,0.9558091558919375,1.0,1.0,1.0,digits,0.05,member_training_labels_only,0.9244162975382066,0.9249309739760354,0.39643652561247217,nan
semi_digits_trainnoise0.05,sklearn.load_digits,314,0.7,release_1,granular_ball,logistic,1797,64,10,54,16.62962962962963,7.0,1,94,4,0.35185185185185186,0.46296296296296297,3.7961774870439164,3.9523889840717947,0.79916047420396,0.8,0.7272727272727273,0.9912790697674418,digits,0.05,member_training_labels_only,0.5669887550160961,0.5630854166895918,0.02783964365256125,nan
semi_digits_trainnoise0.05,sklearn.load_digits,314,0.7,release_1,granular_ball,random_forest,1797,64,10,54,16.62962962962963,7.0,1,94,4,0.35185185185185186,0.46296296296296297,3.7961774870439164,3.9523889840717947,0.79916047420396,0.8,0.7272727272727273,0.9912790697674418,digits,0.05,member_training_labels_only,0.5502415662620721,0.5458463720838053,0.022271714922048998,nan
semi_digits_trainnoise0.05,sklearn.load_digits,314,0.7,release_1,matched_kmeans,logistic,1797,64,10,54,16.62962962962963,15.5,1,51,3,0.1111111111111111,0.18518518518518517,4.121912278594669,4.300565305491907,0.8268297611950798,0.8823529411764706,0.7329545454545454,0.9641304347826087,digits,0.05,member_training_labels_only,0.6309616519759327,0.6140677342734074,0.04120267260579064,nan
semi_digits_trainnoise0.05,sklearn.load_digits,314,0.7,release_1,matched_kmeans,random_forest,1797,64,10,54,16.62962962962963,15.5,1,51,3,0.1111111111111111,0.18518518518518517,4.121912278594669,4.300565305491907,0.8268297611950798,0.8823529411764706,0.7329545454545454,0.9641304347826087,digits,0.05,member_training_labels_only,0.5939250053323148,0.5848269402111416,0.031180400890868598,nan
semi_digits_trainnoise0.05,sklearn.load_digits,314,0.7,release_2,granular_ball,logistic,1797,64,10,54,16.62962962962963,7.0,1,94,4,0.35185185185185186,0.46296296296296297,3.7961774870439164,3.9523889840717947,0.79916047420396,0.8,0.7272727272727273,0.9912790697674418,digits,0.05,member_training_labels_only,0.5610984072499641,0.5572872345096376,0.022271714922048998,nan
semi_digits_trainnoise0.05,sklearn.load_digits,314,0.7,release_2,granular_ball,random_forest,1797,64,10,54,16.62962962962963,7.0,1,94,4,0.35185185185185186,0.46296296296296297,3.7961774870439164,3.9523889840717947,0.79916047420396,0.8,0.7272727272727273,0.9912790697674418,digits,0.05,member_training_labels_only,0.5540504511386352,0.5660064985569827,0.04120267260579064,nan
semi_digits_trainnoise0.05,sklearn.load_digits,314,0.7,release_2,matched_kmeans,logistic,1797,64,10,54,16.62962962962963,15.5,1,51,3,0.1111111111111111,0.18518518518518517,4.121912278594669,4.300565305491907,0.8268297611950798,0.8823529411764706,0.7329545454545454,0.9641304347826087,digits,0.05,member_training_labels_only,0.6416870452031488,0.6242910522540187,0.03897550111358575,nan
semi_digits_trainnoise0.05,sklearn.load_digits,314,0.7,release_2,matched_kmeans,random_forest,1797,64,10,54,16.62962962962963,15.5,1,51,3,0.1111111111111111,0.18518518518518517,4.121912278594669,4.300565305491907,0.8268297611950798,0.8823529411764706,0.7329545454545454,0.9641304347826087,digits,0.05,member_training_labels_only,0.6065005877947034,0.5944033069432054,0.022271714922048998,nan
semi_digits_trainnoise0.05,sklearn.load_digits,314,0.7,release_3,granular_ball,logistic,1797,64,10,54,16.62962962962963,7.0,1,94,4,0.35185185185185186,0.46296296296296297,3.7961774870439164,3.9523889840717947,0.79916047420396,0.8,0.7272727272727273,0.9912790697674418,digits,0.05,member_training_labels_only,0.54377582452468,0.5453493581379234,0.022271714922048998,nan
semi_digits_trainnoise0.05,sklearn.load_digits,314,0.7,release_3,granular_ball,random_forest,1797,64,10,54,16.62962962962963,7.0,1,94,4,0.35185185185185186,0.46296296296296297,3.7961774870439164,3.9523889840717947,0.79916047420396,0.8,0.7272727272727273,0.9912790697674418,digits,0.05,member_training_labels_only,0.5581569535865397,0.5734259444431292,0.03897550111358575,nan
semi_digits_trainnoise0.05,sklearn.load_digits,314,0.7,release_3,matched_kmeans,logistic,1797,64,10,54,16.62962962962963,15.5,1,51,3,0.1111111111111111,0.18518518518518517,4.121912278594669,4.300565305491907,0.8268297611950798,0.8823529411764706,0.7329545454545454,0.9641304347826087,digits,0.05,member_training_labels_only,0.6318396238113898,0.6123882676540348,0.03897550111358575,nan
semi_digits_trainnoise0.05,sklearn.load_digits,314,0.7,release_3,matched_kmeans,random_forest,1797,64,10,54,16.62962962962963,15.5,1,51,3,0.1111111111111111,0.18518518518518517,4.121912278594669,4.300565305491907,0.8268297611950798,0.8823529411764706,0.7329545454545454,0.9641304347826087,digits,0.05,member_training_labels_only,0.6085932113431977,0.6036707754755017,0.028953229398663696,nan
semi_digits_trainnoise0.05,sklearn.load_digits,314,0.8,release_1,granular_ball,logistic,1797,64,10,99,9.070707070707071,2.0,1,89,23,0.5454545454545454,0.7070707070707071,2.7195241777572745,3.1834800079974945,0.8724597558874857,1.0,0.8162280701754385,1.0,digits,0.05,member_training_labels_only,0.6137866379631054,0.6142268712504935,0.04120267260579064,nan
semi_digits_trainnoise0.05,sklearn.load_digits,314,0.8,release_1,granular_ball,random_forest,1797,64,10,99,9.070707070707071,2.0,1,89,23,0.5454545454545454,0.7070707070707071,2.7195241777572745,3.1834800079974945,0.8724597558874857,1.0,0.8162280701754385,1.0,digits,0.05,member_training_labels_only,0.5858236070257588,0.6031823716423105,0.05679287305122494,nan
semi_digits_trainnoise0.05,sklearn.load_digits,314,0.8,release_1,matched_kmeans,logistic,1797,64,10,99,9.070707070707071,8.0,1,46,7,0.1414141414141414,0.3434343434343434,3.463069642796224,3.6357745059761406,0.8800573405514117,0.9523809523809523,0.8166666666666667,1.0,digits,0.05,member_training_labels_only,0.707362562685701,0.6839197836334733,0.04120267260579064,nan
semi_digits_trainnoise0.05,sklearn.load_digits,314,0.8,release_1,matched_kmeans,random_forest,1797,64,10,99,9.070707070707071,8.0,1,46,7,0.1414141414141414,0.3434343434343434,3.463069642796224,3.6357745059761406,0.8800573405514117,0.9523809523809523,0.8166666666666667,1.0,digits,0.05,member_training_labels_only,0.675212424541545,0.6384597314331751,0.022271714922048998,nan
semi_digits_trainnoise0.05,sklearn.load_digits,314,0.8,release_2,granular_ball,logistic,1797,64,10,99,9.070707070707071,2.0,1,89,23,0.5454545454545454,0.7070707070707071,2.7195241777572745,3.1834800079974945,0.8724597558874857,1.0,0.8162280701754385,1.0,digits,0.05,member_training_labels_only,0.6184468331010263,0.6190380593649101,0.045657015590200446,nan
semi_digits_trainnoise0.05,sklearn.load_digits,314,0.8,release_2,granular_ball,random_forest,1797,64,10,99,9.070707070707071,2.0,1,89,23,0.5454545454545454,0.7070707070707071,2.7195241777572745,3.1834800079974945,0.8724597558874857,1.0,0.8162280701754385,1.0,digits,0.05,member_training_labels_only,0.6227312860551286,0.6405396353400773,0.0935412026726058,nan
semi_digits_trainnoise0.05,sklearn.load_digits,314,0.8,release_2,matched_kmeans,logistic,1797,64,10,99,9.070707070707071,8.0,1,46,7,0.1414141414141414,0.3434343434343434,3.463069642796224,3.6357745059761406,0.8800573405514117,0.9523809523809523,0.8166666666666667,1.0,digits,0.05,member_training_labels_only,0.715463960992257,0.6865718110338106,0.04120267260579064,nan
semi_digits_trainnoise0.05,sklearn.load_digits,314,0.8,release_2,matched_kmeans,random_forest,1797,64,10,99,9.070707070707071,8.0,1,46,7,0.1414141414141414,0.3434343434343434,3.463069642796224,3.6357745059761406,0.8800573405514117,0.9523809523809523,0.8166666666666667,1.0,digits,0.05,member_training_labels_only,0.6866235782560602,0.6616693426711219,0.034521158129175944,nan
semi_digits_trainnoise0.05,sklearn.load_digits,314,0.8,release_3,granular_ball,logistic,1797,64,10,99,9.070707070707071,2.0,1,89,23,0.5454545454545454,0.7070707070707071,2.7195241777572745,3.1834800079974945,0.8724597558874857,1.0,0.8162280701754385,1.0,digits,0.05,member_training_labels_only,0.6044935292979698,0.6183595643752731,0.044543429844097995,nan
semi_digits_trainnoise0.05,sklearn.load_digits,314,0.8,release_3,granular_ball,random_forest,1797,64,10,99,9.070707070707071,2.0,1,89,23,0.5454545454545454,0.7070707070707071,2.7195241777572745,3.1834800079974945,0.8724597558874857,1.0,0.8162280701754385,1.0,digits,0.05,member_training_labels_only,0.6116090693994574,0.6377340237528494,0.10356347438752785,nan
semi_digits_trainnoise0.05,sklearn.load_digits,314,0.8,release_3,matched_kmeans,logistic,1797,64,10,99,9.070707070707071,8.0,1,46,7,0.1414141414141414,0.3434343434343434,3.463069642796224,3.6357745059761406,0.8800573405514117,0.9523809523809523,0.8166666666666667,1.0,digits,0.05,member_training_labels_only,0.7057182256040396,0.6815034178894801,0.045657015590200446,nan
semi_digits_trainnoise0.05,sklearn.load_digits,314,0.8,release_3,matched_kmeans,random_forest,1797,64,10,99,9.070707070707071,8.0,1,46,7,0.1414141414141414,0.3434343434343434,3.463069642796224,3.6357745059761406,0.8800573405514117,0.9523809523809523,0.8166666666666667,1.0,digits,0.05,member_training_labels_only,0.6970947564744222,0.6747917024610951,0.04788418708240535,nan
semi_digits_trainnoise0.05,sklearn.load_digits,314,0.9,release_1,granular_ball,logistic,1797,64,10,208,4.3173076923076925,2.0,1,86,73,0.6826923076923077,0.8701923076923077,1.9647814819929152,2.2860004540279855,0.9104835069302823,1.0,1.0,1.0,digits,0.05,member_training_labels_only,0.7335231472066112,0.7561842390855877,0.15256124721603564,nan
semi_digits_trainnoise0.05,sklearn.load_digits,314,0.9,release_1,granular_ball,random_forest,1797,64,10,208,4.3173076923076925,2.0,1,86,73,0.6826923076923077,0.8701923076923077,1.9647814819929152,2.2860004540279855,0.9104835069302823,1.0,1.0,1.0,digits,0.05,member_training_labels_only,0.6976000863090956,0.7287141821409625,0.16703786191536749,nan
semi_digits_trainnoise0.05,sklearn.load_digits,314,0.9,release_1,matched_kmeans,logistic,1797,64,10,208,4.3173076923076925,4.0,1,14,39,0.35096153846153844,0.6923076923076923,2.3612157238946945,2.8174726324421817,0.9365478271728271,1.0,0.9772727272727273,1.0,digits,0.05,member_training_labels_only,0.8324264264562179,0.8328873897832952,0.15478841870824053,nan
semi_digits_trainnoise0.05,sklearn.load_digits,314,0.9,release_1,matched_kmeans,random_forest,1797,64,10,208,4.3173076923076925,4.0,1,14,39,0.35096153846153844,0.6923076923076923,2.3612157238946945,2.8174726324421817,0.9365478271728271,1.0,0.9772727272727273,1.0,digits,0.05,member_training_labels_only,0.8165255876706959,0.8248570591981902,0.22048997772828507,nan
semi_digits_trainnoise0.05,sklearn.load_digits,314,0.9,release_2,granular_ball,logistic,1797,64,10,208,4.3173076923076925,2.0,1,86,73,0.6826923076923077,0.8701923076923077,1.9647814819929152,2.2860004540279855,0.9104835069302823,1.0,1.0,1.0,digits,0.05,member_training_labels_only,0.7591777818562407,0.7559145359082502,0.11469933184855234,nan
semi_digits_trainnoise0.05,sklearn.load_digits,314,0.9,release_2,granular_ball,random_forest,1797,64,10,208,4.3173076923076925,2.0,1,86,73,0.6826923076923077,0.8701923076923077,1.9647814819929152,2.2860004540279855,0.9104835069302823,1.0,1.0,1.0,digits,0.05,member_training_labels_only,0.7641151333574734,0.7885514086436431,0.2717149220489978,nan
semi_digits_trainnoise0.05,sklearn.load_digits,314,0.9,release_2,matched_kmeans,logistic,1797,64,10,208,4.3173076923076925,4.0,1,14,39,0.35096153846153844,0.6923076923076923,2.3612157238946945,2.8174726324421817,0.9365478271728271,1.0,0.9772727272727273,1.0,digits,0.05,member_training_labels_only,0.8498568955511134,0.8420139636921959,0.21937639198218262,nan
semi_digits_trainnoise0.05,sklearn.load_digits,314,0.9,release_2,matched_kmeans,random_forest,1797,64,10,208,4.3173076923076925,4.0,1,14,39,0.35096153846153844,0.6923076923076923,2.3612157238946945,2.8174726324421817,0.9365478271728271,1.0,0.9772727272727273,1.0,digits,0.05,member_training_labels_only,0.8498854172350336,0.8496629803210703,0.24832962138084633,nan
semi_digits_trainnoise0.05,sklearn.load_digits,314,0.9,release_3,granular_ball,logistic,1797,64,10,208,4.3173076923076925,2.0,1,86,73,0.6826923076923077,0.8701923076923077,1.9647814819929152,2.2860004540279855,0.9104835069302823,1.0,1.0,1.0,digits,0.05,member_training_labels_only,0.7534771652918388,0.7601787682722223,0.12806236080178174,nan
semi_digits_trainnoise0.05,sklearn.load_digits,314,0.9,release_3,granular_ball,random_forest,1797,64,10,208,4.3173076923076925,2.0,1,86,73,0.6826923076923077,0.8701923076923077,1.9647814819929152,2.2860004540279855,0.9104835069302823,1.0,1.0,1.0,digits,0.05,member_training_labels_only,0.7734584649877729,0.7946645401027932,0.2728285077951002,nan
semi_digits_trainnoise0.05,sklearn.load_digits,314,0.9,release_3,matched_kmeans,logistic,1797,64,10,208,4.3173076923076925,4.0,1,14,39,0.35096153846153844,0.6923076923076923,2.3612157238946945,2.8174726324421817,0.9365478271728271,1.0,0.9772727272727273,1.0,digits,0.05,member_training_labels_only,0.8476421247910475,0.8372954266834003,0.19933184855233854,nan
semi_digits_trainnoise0.05,sklearn.load_digits,314,0.9,release_3,matched_kmeans,random_forest,1797,64,10,208,4.3173076923076925,4.0,1,14,39,0.35096153846153844,0.6923076923076923,2.3612157238946945,2.8174726324421817,0.9365478271728271,1.0,0.9772727272727273,1.0,digits,0.05,member_training_labels_only,0.8496913457770547,0.848278362604129,0.20824053452115812,nan
semi_digits_trainnoise0.05,sklearn.load_digits,314,0.95,release_1,granular_ball,logistic,1797,64,10,276,3.253623188405797,2.0,1,86,100,0.677536231884058,0.9021739130434783,1.8097921778378692,2.162738430390395,0.9144219572261365,1.0,1.0,1.0,digits,0.05,member_training_labels_only,0.798418658637606,0.8186169907361194,0.22828507795100222,nan
semi_digits_trainnoise0.05,sklearn.load_digits,314,0.95,release_1,granular_ball,random_forest,1797,64,10,276,3.253623188405797,2.0,1,86,100,0.677536231884058,0.9021739130434783,1.8097921778378692,2.162738430390395,0.9144219572261365,1.0,1.0,1.0,digits,0.05,member_training_labels_only,0.7783524139265182,0.8050945526915565,0.24276169265033407,nan
semi_digits_trainnoise0.05,sklearn.load_digits,314,0.95,release_1,matched_kmeans,logistic,1797,64,10,276,3.253623188405797,3.0,1,16,76,0.4891304347826087,0.8369565217391305,1.9166211364807104,2.443502018489792,0.9478490913273522,1.0,1.0,1.0,digits,0.05,member_training_labels_only,0.8856503687977738,0.8852293925053046,0.29398663697104677,nan
semi_digits_trainnoise0.05,sklearn.load_digits,314,0.95,release_1,matched_kmeans,random_forest,1797,64,10,276,3.253623188405797,3.0,1,16,76,0.4891304347826087,0.8369565217391305,1.9166211364807104,2.443502018489792,0.9478490913273522,1.0,1.0,1.0,digits,0.05,member_training_labels_only,0.8810899995535737,0.8833422267826021,0.2884187082405345,nan
semi_digits_trainnoise0.05,sklearn.load_digits,314,0.95,release_2,granular_ball,logistic,1797,64,10,276,3.253623188405797,2.0,1,86,100,0.677536231884058,0.9021739130434783,1.8097921778378692,2.162738430390395,0.9144219572261365,1.0,1.0,1.0,digits,0.05,member_training_labels_only,0.8216687913254399,0.8224562235098842,0.14810690423162584,nan
semi_digits_trainnoise0.05,sklearn.load_digits,314,0.95,release_2,granular_ball,random_forest,1797,64,10,276,3.253623188405797,2.0,1,86,100,0.677536231884058,0.9021739130434783,1.8097921778378692,2.162738430390395,0.9144219572261365,1.0,1.0,1.0,digits,0.05,member_training_labels_only,0.8470493697947927,0.8623276317971171,0.34521158129175944,nan
semi_digits_trainnoise0.05,sklearn.load_digits,314,0.95,release_2,matched_kmeans,logistic,1797,64,10,276,3.253623188405797,3.0,1,16,76,0.4891304347826087,0.8369565217391305,1.9166211364807104,2.443502018489792,0.9478490913273522,1.0,1.0,1.0,digits,0.05,member_training_labels_only,0.9024570810660661,0.894554204215261,0.289532293986637,nan
semi_digits_trainnoise0.05,sklearn.load_digits,314,0.95,release_2,matched_kmeans,random_forest,1797,64,10,276,3.253623188405797,3.0,1,16,76,0.4891304347826087,0.8369565217391305,1.9166211364807104,2.443502018489792,0.9478490913273522,1.0,1.0,1.0,digits,0.05,member_training_labels_only,0.9091509962748201,0.9057487548681207,0.3040089086859688,nan
semi_digits_trainnoise0.05,sklearn.load_digits,314,0.95,release_3,granular_ball,logistic,1797,64,10,276,3.253623188405797,2.0,1,86,100,0.677536231884058,0.9021739130434783,1.8097921778378692,2.162738430390395,0.9144219572261365,1.0,1.0,1.0,digits,0.05,member_training_labels_only,0.819666073084955,0.8278520662101966,0.20155902004454343,nan
semi_digits_trainnoise0.05,sklearn.load_digits,314,0.95,release_3,granular_ball,random_forest,1797,64,10,276,3.253623188405797,2.0,1,86,100,0.677536231884058,0.9021739130434783,1.8097921778378692,2.162738430390395,0.9144219572261365,1.0,1.0,1.0,digits,0.05,member_training_labels_only,0.8493608662655443,0.864075697085632,0.3374164810690423,nan
semi_digits_trainnoise0.05,sklearn.load_digits,314,0.95,release_3,matched_kmeans,logistic,1797,64,10,276,3.253623188405797,3.0,1,16,76,0.4891304347826087,0.8369565217391305,1.9166211364807104,2.443502018489792,0.9478490913273522,1.0,1.0,1.0,digits,0.05,member_training_labels_only,0.9020081745626263,0.8934404014105713,0.2828507795100223,nan
semi_digits_trainnoise0.05,sklearn.load_digits,314,0.95,release_3,matched_kmeans,random_forest,1797,64,10,276,3.253623188405797,3.0,1,16,76,0.4891304347826087,0.8369565217391305,1.9166211364807104,2.443502018489792,0.9478490913273522,1.0,1.0,1.0,digits,0.05,member_training_labels_only,0.9123516252399542,0.9079987801622165,0.25389755011135856,nan
semi_digits_trainnoise0.05,sklearn.load_digits,314,0.99,release_1,granular_ball,logistic,1797,64,10,296,3.0337837837837838,2.0,1,35,109,0.6756756756756757,0.8952702702702703,1.7978641298598872,2.162738430390395,0.9155405405405406,1.0,1.0,1.0,digits,0.05,member_training_labels_only,0.8249388643905536,0.8456967510048566,0.3062360801781737,nan
semi_digits_trainnoise0.05,sklearn.load_digits,314,0.99,release_1,granular_ball,random_forest,1797,64,10,296,3.0337837837837838,2.0,1,35,109,0.6756756756756757,0.8952702702702703,1.7978641298598872,2.162738430390395,0.9155405405405406,1.0,1.0,1.0,digits,0.05,member_training_labels_only,0.8030143699684029,0.8286562517824639,0.28396436525612473,nan
semi_digits_trainnoise0.05,sklearn.load_digits,314,0.99,release_1,matched_kmeans,logistic,1797,64,10,296,3.0337837837837838,2.0,1,13,85,0.5168918918918919,0.8716216216216216,1.8366094143868996,2.3185808652081734,0.948604407979408,1.0,1.0,1.0,digits,0.05,member_training_labels_only,0.8982867148476446,0.8991112421861103,0.35523385300668153,nan
semi_digits_trainnoise0.05,sklearn.load_digits,314,0.99,release_1,matched_kmeans,random_forest,1797,64,10,296,3.0337837837837838,2.0,1,13,85,0.5168918918918919,0.8716216216216216,1.8366094143868996,2.3185808652081734,0.948604407979408,1.0,1.0,1.0,digits,0.05,member_training_labels_only,0.898743061790368,0.9048808310495401,0.388641425389755,nan
semi_digits_trainnoise0.05,sklearn.load_digits,314,0.99,release_2,granular_ball,logistic,1797,64,10,296,3.0337837837837838,2.0,1,35,109,0.6756756756756757,0.8952702702702703,1.7978641298598872,2.162738430390395,0.9155405405405406,1.0,1.0,1.0,digits,0.05,member_training_labels_only,0.8540458628677438,0.8575688511363926,0.20155902004454343,nan
semi_digits_trainnoise0.05,sklearn.load_digits,314,0.99,release_2,granular_ball,random_forest,1797,64,10,296,3.0337837837837838,2.0,1,35,109,0.6756756756756757,0.8952702702702703,1.7978641298598872,2.162738430390395,0.9155405405405406,1.0,1.0,1.0,digits,0.05,member_training_labels_only,0.8676252845968027,0.8774476172429426,0.344097995545657,nan
semi_digits_trainnoise0.05,sklearn.load_digits,314,0.99,release_2,matched_kmeans,logistic,1797,64,10,296,3.0337837837837838,2.0,1,13,85,0.5168918918918919,0.8716216216216216,1.8366094143868996,2.3185808652081734,0.948604407979408,1.0,1.0,1.0,digits,0.05,member_training_labels_only,0.9167972877118665,0.9092967358141391,0.29175946547884185,nan
semi_digits_trainnoise0.05,sklearn.load_digits,314,0.99,release_2,matched_kmeans,random_forest,1797,64,10,296,3.0337837837837838,2.0,1,13,85,0.5168918918918919,0.8716216216216216,1.8366094143868996,2.3185808652081734,0.948604407979408,1.0,1.0,1.0,digits,0.05,member_training_labels_only,0.9224935640200198,0.9232826214166999,0.37193763919821826,nan
semi_digits_trainnoise0.05,sklearn.load_digits,314,0.99,release_3,granular_ball,logistic,1797,64,10,296,3.0337837837837838,2.0,1,35,109,0.6756756756756757,0.8952702702702703,1.7978641298598872,2.162738430390395,0.9155405405405406,1.0,1.0,1.0,digits,0.05,member_training_labels_only,0.8508129919990475,0.8533475672374804,0.21380846325167038,nan
semi_digits_trainnoise0.05,sklearn.load_digits,314,0.99,release_3,granular_ball,random_forest,1797,64,10,296,3.0337837837837838,2.0,1,35,109,0.6756756756756757,0.8952702702702703,1.7978641298598872,2.162738430390395,0.9155405405405406,1.0,1.0,1.0,digits,0.05,member_training_labels_only,0.8731405102157231,0.8840317066614938,0.34743875278396436,nan
semi_digits_trainnoise0.05,sklearn.load_digits,314,0.99,release_3,matched_kmeans,logistic,1797,64,10,296,3.0337837837837838,2.0,1,13,85,0.5168918918918919,0.8716216216216216,1.8366094143868996,2.3185808652081734,0.948604407979408,1.0,1.0,1.0,digits,0.05,member_training_labels_only,0.9167042822208225,0.9086529515759456,0.311804008908686,nan
semi_digits_trainnoise0.05,sklearn.load_digits,314,0.99,release_3,matched_kmeans,random_forest,1797,64,10,296,3.0337837837837838,2.0,1,13,85,0.5168918918918919,0.8716216216216216,1.8366094143868996,2.3185808652081734,0.948604407979408,1.0,1.0,1.0,digits,0.05,member_training_labels_only,0.9263105093724733,0.9248439500490336,0.36525612472160357,nan
semi_digits_trainnoise0.05,sklearn.load_digits,808,0.7,release_1,granular_ball,logistic,1797,64,10,41,21.902439024390244,4.0,1,103,8,0.34146341463414637,0.5853658536585366,3.3469551638040045,3.5377643300866723,0.8495076767697112,0.84375,0.75,1.0,digits,0.05,member_training_labels_only,0.5603109607591232,0.56188062600465,0.026726057906458798,nan
semi_digits_trainnoise0.05,sklearn.load_digits,808,0.7,release_1,granular_ball,random_forest,1797,64,10,41,21.902439024390244,4.0,1,103,8,0.34146341463414637,0.5853658536585366,3.3469551638040045,3.5377643300866723,0.8495076767697112,0.84375,0.75,1.0,digits,0.05,member_training_labels_only,0.5131466361774,0.5200049864829727,0.017817371937639197,nan
semi_digits_trainnoise0.05,sklearn.load_digits,808,0.7,release_1,matched_kmeans,logistic,1797,64,10,41,21.902439024390244,18.0,1,89,6,0.14634146341463414,0.24390243902439024,4.034697783320904,4.5141610448186755,0.828086700059069,0.9166666666666666,0.75,1.0,digits,0.05,member_training_labels_only,0.6039193753999237,0.5911428148835187,0.025612472160356347,nan
semi_digits_trainnoise0.05,sklearn.load_digits,808,0.7,release_1,matched_kmeans,random_forest,1797,64,10,41,21.902439024390244,18.0,1,89,6,0.14634146341463414,0.24390243902439024,4.034697783320904,4.5141610448186755,0.828086700059069,0.9166666666666666,0.75,1.0,digits,0.05,member_training_labels_only,0.5502446664451068,0.5310453064235279,0.013363028953229399,nan
semi_digits_trainnoise0.05,sklearn.load_digits,808,0.7,release_2,granular_ball,logistic,1797,64,10,41,21.902439024390244,4.0,1,103,8,0.34146341463414637,0.5853658536585366,3.3469551638040045,3.5377643300866723,0.8495076767697112,0.84375,0.75,1.0,digits,0.05,member_training_labels_only,0.5595929583682621,0.5632188062010138,0.028953229398663696,nan
semi_digits_trainnoise0.05,sklearn.load_digits,808,0.7,release_2,granular_ball,random_forest,1797,64,10,41,21.902439024390244,4.0,1,103,8,0.34146341463414637,0.5853658536585366,3.3469551638040045,3.5377643300866723,0.8495076767697112,0.84375,0.75,1.0,digits,0.05,member_training_labels_only,0.5124273937133248,0.5271081850935522,0.01893095768374165,nan
semi_digits_trainnoise0.05,sklearn.load_digits,808,0.7,release_2,matched_kmeans,logistic,1797,64,10,41,21.902439024390244,18.0,1,89,6,0.14634146341463414,0.24390243902439024,4.034697783320904,4.5141610448186755,0.828086700059069,0.9166666666666666,0.75,1.0,digits,0.05,member_training_labels_only,0.5994241099994544,0.585183113303088,0.0200445434298441,nan
semi_digits_trainnoise0.05,sklearn.load_digits,808,0.7,release_2,matched_kmeans,random_forest,1797,64,10,41,21.902439024390244,18.0,1,89,6,0.14634146341463414,0.24390243902439024,4.034697783320904,4.5141610448186755,0.828086700059069,0.9166666666666666,0.75,1.0,digits,0.05,member_training_labels_only,0.5476789549655011,0.5407949065321686,0.021158129175946547,nan
semi_digits_trainnoise0.05,sklearn.load_digits,808,0.7,release_3,granular_ball,logistic,1797,64,10,41,21.902439024390244,4.0,1,103,8,0.34146341463414637,0.5853658536585366,3.3469551638040045,3.5377643300866723,0.8495076767697112,0.84375,0.75,1.0,digits,0.05,member_training_labels_only,0.5511009369993204,0.5512366078810029,0.01893095768374165,nan
semi_digits_trainnoise0.05,sklearn.load_digits,808,0.7,release_3,granular_ball,random_forest,1797,64,10,41,21.902439024390244,4.0,1,103,8,0.34146341463414637,0.5853658536585366,3.3469551638040045,3.5377643300866723,0.8495076767697112,0.84375,0.75,1.0,digits,0.05,member_training_labels_only,0.5306124473588921,0.5389718068988738,0.02783964365256125,nan
semi_digits_trainnoise0.05,sklearn.load_digits,808,0.7,release_3,matched_kmeans,logistic,1797,64,10,41,21.902439024390244,18.0,1,89,6,0.14634146341463414,0.24390243902439024,4.034697783320904,4.5141610448186755,0.828086700059069,0.9166666666666666,0.75,1.0,digits,0.05,member_training_labels_only,0.5851570676732755,0.5781513036975193,0.02338530066815145,nan
semi_digits_trainnoise0.05,sklearn.load_digits,808,0.7,release_3,matched_kmeans,random_forest,1797,64,10,41,21.902439024390244,18.0,1,89,6,0.14634146341463414,0.24390243902439024,4.034697783320904,4.5141610448186755,0.828086700059069,0.9166666666666666,0.75,1.0,digits,0.05,member_training_labels_only,0.5437770645978939,0.5341403617168328,0.01670378619153675,nan
semi_digits_trainnoise0.05,sklearn.load_digits,808,0.8,release_1,granular_ball,logistic,1797,64,10,90,9.977777777777778,2.0,1,94,31,0.5555555555555556,0.7555555555555555,2.351120456550885,2.5254368797213207,0.9154859768587117,1.0,0.8482142857142857,1.0,digits,0.05,member_training_labels_only,0.6244264661385608,0.6313060503983606,0.0556792873051225,nan
semi_digits_trainnoise0.05,sklearn.load_digits,808,0.8,release_1,granular_ball,random_forest,1797,64,10,90,9.977777777777778,2.0,1,94,31,0.5555555555555556,0.7555555555555555,2.351120456550885,2.5254368797213207,0.9154859768587117,1.0,0.8482142857142857,1.0,digits,0.05,member_training_labels_only,0.5959525250370782,0.625461136250971,0.07349665924276169,nan
semi_digits_trainnoise0.05,sklearn.load_digits,808,0.8,release_1,matched_kmeans,logistic,1797,64,10,90,9.977777777777778,8.0,1,31,13,0.2,0.34444444444444444,3.222578809281025,3.6360179701151374,0.8961508496989159,0.9827586206896552,0.8333333333333334,1.0,digits,0.05,member_training_labels_only,0.6975449030510761,0.6825322858747177,0.04899777282850779,nan
semi_digits_trainnoise0.05,sklearn.load_digits,808,0.8,release_1,matched_kmeans,random_forest,1797,64,10,90,9.977777777777778,8.0,1,31,13,0.2,0.34444444444444444,3.222578809281025,3.6360179701151374,0.8961508496989159,0.9827586206896552,0.8333333333333334,1.0,digits,0.05,member_training_labels_only,0.658894921156145,0.6498934233511199,0.031180400890868598,nan
semi_digits_trainnoise0.05,sklearn.load_digits,808,0.8,release_2,granular_ball,logistic,1797,64,10,90,9.977777777777778,2.0,1,94,31,0.5555555555555556,0.7555555555555555,2.351120456550885,2.5254368797213207,0.9154859768587117,1.0,0.8482142857142857,1.0,digits,0.05,member_training_labels_only,0.6269115728592616,0.629870870310679,0.05790645879732739,nan
semi_digits_trainnoise0.05,sklearn.load_digits,808,0.8,release_2,granular_ball,random_forest,1797,64,10,90,9.977777777777778,2.0,1,94,31,0.5555555555555556,0.7555555555555555,2.351120456550885,2.5254368797213207,0.9154859768587117,1.0,0.8482142857142857,1.0,digits,0.05,member_training_labels_only,0.6020164830531595,0.6269980656381751,0.0757238307349666,nan
semi_digits_trainnoise0.05,sklearn.load_digits,808,0.8,release_2,matched_kmeans,logistic,1797,64,10,90,9.977777777777778,8.0,1,31,13,0.2,0.34444444444444444,3.222578809281025,3.6360179701151374,0.8961508496989159,0.9827586206896552,0.8333333333333334,1.0,digits,0.05,member_training_labels_only,0.7121418048521585,0.6964202640065766,0.052338530066815145,nan
semi_digits_trainnoise0.05,sklearn.load_digits,808,0.8,release_2,matched_kmeans,random_forest,1797,64,10,90,9.977777777777778,8.0,1,31,13,0.2,0.34444444444444444,3.222578809281025,3.6360179701151374,0.8961508496989159,0.9827586206896552,0.8333333333333334,1.0,digits,0.05,member_training_labels_only,0.6840529064835988,0.664777477411589,0.031180400890868598,nan
semi_digits_trainnoise0.05,sklearn.load_digits,808,0.8,release_3,granular_ball,logistic,1797,64,10,90,9.977777777777778,2.0,1,94,31,0.5555555555555556,0.7555555555555555,2.351120456550885,2.5254368797213207,0.9154859768587117,1.0,0.8482142857142857,1.0,digits,0.05,member_training_labels_only,0.6098370047767621,0.6188670169319227,0.05011135857461024,nan
semi_digits_trainnoise0.05,sklearn.load_digits,808,0.8,release_3,granular_ball,random_forest,1797,64,10,90,9.977777777777778,2.0,1,94,31,0.5555555555555556,0.7555555555555555,2.351120456550885,2.5254368797213207,0.9154859768587117,1.0,0.8482142857142857,1.0,digits,0.05,member_training_labels_only,0.6121336203689466,0.6325062070344203,0.07906458797327394,nan
semi_digits_trainnoise0.05,sklearn.load_digits,808,0.8,release_3,matched_kmeans,logistic,1797,64,10,90,9.977777777777778,8.0,1,31,13,0.2,0.34444444444444444,3.222578809281025,3.6360179701151374,0.8961508496989159,0.9827586206896552,0.8333333333333334,1.0,digits,0.05,member_training_labels_only,0.7048501743542939,0.6847476759970166,0.0467706013363029,nan
semi_digits_trainnoise0.05,sklearn.load_digits,808,0.8,release_3,matched_kmeans,random_forest,1797,64,10,90,9.977777777777778,8.0,1,31,13,0.2,0.34444444444444444,3.222578809281025,3.6360179701151374,0.8961508496989159,0.9827586206896552,0.8333333333333334,1.0,digits,0.05,member_training_labels_only,0.6818319353574634,0.6615747598135472,0.025612472160356347,nan
semi_digits_trainnoise0.05,sklearn.load_digits,808,0.9,release_1,granular_ball,logistic,1797,64,10,203,4.4236453201970445,2.0,1,94,76,0.6798029556650246,0.8768472906403941,1.8419475526774582,2.0129840622237283,0.9244211500787738,1.0,1.0,1.0,digits,0.05,member_training_labels_only,0.7478546733399141,0.7779595255924581,0.18040089086859687,nan
semi_digits_trainnoise0.05,sklearn.load_digits,808,0.9,release_1,granular_ball,random_forest,1797,64,10,203,4.4236453201970445,2.0,1,94,76,0.6798029556650246,0.8768472906403941,1.8419475526774582,2.0129840622237283,0.9244211500787738,1.0,1.0,1.0,digits,0.05,member_training_labels_only,0.7157144557814694,0.7506728038676402,0.14810690423162584,nan
semi_digits_trainnoise0.05,sklearn.load_digits,808,0.9,release_1,matched_kmeans,logistic,1797,64,10,203,4.4236453201970445,4.0,1,20,34,0.33004926108374383,0.7093596059113301,2.4550865371996835,2.8396037569688737,0.9374130795313061,1.0,0.9615384615384616,1.0,digits,0.05,member_training_labels_only,0.8402202866057213,0.8342464977702914,0.14810690423162584,nan
semi_digits_trainnoise0.05,sklearn.load_digits,808,0.9,release_1,matched_kmeans,random_forest,1797,64,10,203,4.4236453201970445,4.0,1,20,34,0.33004926108374383,0.7093596059113301,2.4550865371996835,2.8396037569688737,0.9374130795313061,1.0,0.9615384615384616,1.0,digits,0.05,member_training_labels_only,0.8193634952207579,0.8066032461903058,0.06792873051224944,nan
semi_digits_trainnoise0.05,sklearn.load_digits,808,0.9,release_2,granular_ball,logistic,1797,64,10,203,4.4236453201970445,2.0,1,94,76,0.6798029556650246,0.8768472906403941,1.8419475526774582,2.0129840622237283,0.9244211500787738,1.0,1.0,1.0,digits,0.05,member_training_labels_only,0.7636854479888492,0.7770646416880471,0.16481069042316257,nan
semi_digits_trainnoise0.05,sklearn.load_digits,808,0.9,release_2,granular_ball,random_forest,1797,64,10,203,4.4236453201970445,2.0,1,94,76,0.6798029556650246,0.8768472906403941,1.8419475526774582,2.0129840622237283,0.9244211500787738,1.0,1.0,1.0,digits,0.05,member_training_labels_only,0.7747140391168694,0.7950841625133038,0.24276169265033407,nan
semi_digits_trainnoise0.05,sklearn.load_digits,808,0.9,release_2,matched_kmeans,logistic,1797,64,10,203,4.4236453201970445,4.0,1,20,34,0.33004926108374383,0.7093596059113301,2.4550865371996835,2.8396037569688737,0.9374130795313061,1.0,0.9615384615384616,1.0,digits,0.05,member_training_labels_only,0.8526855025520707,0.8392442102058164,0.13697104677060135,nan
semi_digits_trainnoise0.05,sklearn.load_digits,808,0.9,release_2,matched_kmeans,random_forest,1797,64,10,203,4.4236453201970445,4.0,1,20,34,0.33004926108374383,0.7093596059113301,2.4550865371996835,2.8396037569688737,0.9374130795313061,1.0,0.9615384615384616,1.0,digits,0.05,member_training_labels_only,0.8548779519942857,0.8381692410675194,0.12694877505567928,nan
semi_digits_trainnoise0.05,sklearn.load_digits,808,0.9,release_3,granular_ball,logistic,1797,64,10,203,4.4236453201970445,2.0,1,94,76,0.6798029556650246,0.8768472906403941,1.8419475526774582,2.0129840622237283,0.9244211500787738,1.0,1.0,1.0,digits,0.05,member_training_labels_only,0.7633865903442938,0.7836199141017954,0.18151447661469933,nan
semi_digits_trainnoise0.05,sklearn.load_digits,808,0.9,release_3,granular_ball,random_forest,1797,64,10,203,4.4236453201970445,2.0,1,94,76,0.6798029556650246,0.8768472906403941,1.8419475526774582,2.0129840622237283,0.9244211500787738,1.0,1.0,1.0,digits,0.05,member_training_labels_only,0.7807017326302944,0.8023650168518401,0.2728285077951002,nan
semi_digits_trainnoise0.05,sklearn.load_digits,808,0.9,release_3,matched_kmeans,logistic,1797,64,10,203,4.4236453201970445,4.0,1,20,34,0.33004926108374383,0.7093596059113301,2.4550865371996835,2.8396037569688737,0.9374130795313061,1.0,0.9615384615384616,1.0,digits,0.05,member_training_labels_only,0.8474176715393277,0.8321160136888878,0.12694877505567928,nan
semi_digits_trainnoise0.05,sklearn.load_digits,808,0.9,release_3,matched_kmeans,random_forest,1797,64,10,203,4.4236453201970445,4.0,1,20,34,0.33004926108374383,0.7093596059113301,2.4550865371996835,2.8396037569688737,0.9374130795313061,1.0,0.9615384615384616,1.0,digits,0.05,member_training_labels_only,0.8594538221536598,0.848755177299071,0.16258351893095768,nan
semi_digits_trainnoise0.05,sklearn.load_digits,808,0.95,release_1,granular_ball,logistic,1797,64,10,292,3.0753424657534247,2.0,1,31,118,0.6917808219178082,0.886986301369863,1.665077218843533,1.859950536272523,0.9274125729386141,1.0,1.0,1.0,digits,0.05,member_training_labels_only,0.8309147772084464,0.8551001224859738,0.289532293986637,nan
semi_digits_trainnoise0.05,sklearn.load_digits,808,0.95,release_1,granular_ball,random_forest,1797,64,10,292,3.0753424657534247,2.0,1,31,118,0.6917808219178082,0.886986301369863,1.665077218843533,1.859950536272523,0.9274125729386141,1.0,1.0,1.0,digits,0.05,member_training_labels_only,0.8016707506411179,0.837228179108843,0.31737193763919824,nan
semi_digits_trainnoise0.05,sklearn.load_digits,808,0.95,release_1,matched_kmeans,logistic,1797,64,10,292,3.0753424657534247,3.0,1,17,79,0.4897260273972603,0.8732876712328768,1.8732618966966321,2.32555574359994,0.9570549950989113,1.0,1.0,1.0,digits,0.05,member_training_labels_only,0.90745333604496,0.9052021501495455,0.2750556792873051,nan
semi_digits_trainnoise0.05,sklearn.load_digits,808,0.95,release_1,matched_kmeans,random_forest,1797,64,10,292,3.0753424657534247,3.0,1,17,79,0.4897260273972603,0.8732876712328768,1.8732618966966321,2.32555574359994,0.9570549950989113,1.0,1.0,1.0,digits,0.05,member_training_labels_only,0.8898653776518965,0.8856567431616229,0.26169265033407574,nan
semi_digits_trainnoise0.05,sklearn.load_digits,808,0.95,release_2,granular_ball,logistic,1797,64,10,292,3.0753424657534247,2.0,1,31,118,0.6917808219178082,0.886986301369863,1.665077218843533,1.859950536272523,0.9274125729386141,1.0,1.0,1.0,digits,0.05,member_training_labels_only,0.8526532606485087,0.8649877558071084,0.21603563474387527,nan
semi_digits_trainnoise0.05,sklearn.load_digits,808,0.95,release_2,granular_ball,random_forest,1797,64,10,292,3.0753424657534247,2.0,1,31,118,0.6917808219178082,0.886986301369863,1.665077218843533,1.859950536272523,0.9274125729386141,1.0,1.0,1.0,digits,0.05,member_training_labels_only,0.84759066175267,0.8677219744171759,0.32516703786191536,nan
semi_digits_trainnoise0.05,sklearn.load_digits,808,0.95,release_2,matched_kmeans,logistic,1797,64,10,292,3.0753424657534247,3.0,1,17,79,0.4897260273972603,0.8732876712328768,1.8732618966966321,2.32555574359994,0.9570549950989113,1.0,1.0,1.0,digits,0.05,member_training_labels_only,0.9211449843998789,0.9132882559695596,0.29287305122494434,nan
semi_digits_trainnoise0.05,sklearn.load_digits,808,0.95,release_2,matched_kmeans,random_forest,1797,64,10,292,3.0753424657534247,3.0,1,17,79,0.4897260273972603,0.8732876712328768,1.8732618966966321,2.32555574359994,0.9570549950989113,1.0,1.0,1.0,digits,0.05,member_training_labels_only,0.9172846364849381,0.9110290318861681,0.37861915367483295,nan
semi_digits_trainnoise0.05,sklearn.load_digits,808,0.95,release_3,granular_ball,logistic,1797,64,10,292,3.0753424657534247,2.0,1,31,118,0.6917808219178082,0.886986301369863,1.665077218843533,1.859950536272523,0.9274125729386141,1.0,1.0,1.0,digits,0.05,member_training_labels_only,0.848435771647958,0.8617893950082343,0.22605790645879734,nan
semi_digits_trainnoise0.05,sklearn.load_digits,808,0.95,release_3,granular_ball,random_forest,1797,64,10,292,3.0753424657534247,2.0,1,31,118,0.6917808219178082,0.886986301369863,1.665077218843533,1.859950536272523,0.9274125729386141,1.0,1.0,1.0,digits,0.05,member_training_labels_only,0.8503715259348912,0.8696209924321928,0.32516703786191536,nan
semi_digits_trainnoise0.05,sklearn.load_digits,808,0.95,release_3,matched_kmeans,logistic,1797,64,10,292,3.0753424657534247,3.0,1,17,79,0.4897260273972603,0.8732876712328768,1.8732618966966321,2.32555574359994,0.9570549950989113,1.0,1.0,1.0,digits,0.05,member_training_labels_only,0.9191893889415231,0.9104763058274092,0.2951002227171492,nan
semi_digits_trainnoise0.05,sklearn.load_digits,808,0.95,release_3,matched_kmeans,random_forest,1797,64,10,292,3.0753424657534247,3.0,1,17,79,0.4897260273972603,0.8732876712328768,1.8732618966966321,2.32555574359994,0.9570549950989113,1.0,1.0,1.0,digits,0.05,member_training_labels_only,0.9235966091438037,0.9204450277747215,0.4220489977728285,nan
semi_digits_trainnoise0.05,sklearn.load_digits,808,0.99,release_1,granular_ball,logistic,1797,64,10,312,2.878205128205128,2.0,1,20,125,0.6730769230769231,0.8814102564102564,1.6594708892242847,1.9010902912083958,0.9326923076923077,1.0,1.0,1.0,digits,0.05,member_training_labels_only,0.8534506277250609,0.8699250420289306,0.2739420935412027,nan
semi_digits_trainnoise0.05,sklearn.load_digits,808,0.99,release_1,granular_ball,random_forest,1797,64,10,312,2.878205128205128,2.0,1,20,125,0.6730769230769231,0.8814102564102564,1.6594708892242847,1.9010902912083958,0.9326923076923077,1.0,1.0,1.0,digits,0.05,member_training_labels_only,0.8312353361342454,0.846593381913574,0.2951002227171492,nan
semi_digits_trainnoise0.05,sklearn.load_digits,808,0.99,release_1,matched_kmeans,logistic,1797,64,10,312,2.878205128205128,2.0,1,17,103,0.5448717948717948,0.8846153846153846,1.6798744898441684,2.2001967422791755,0.9634708836914719,1.0,1.0,1.0,digits,0.05,member_training_labels_only,0.916037122831732,0.9137926051184433,0.289532293986637,nan
semi_digits_trainnoise0.05,sklearn.load_digits,808,0.99,release_1,matched_kmeans,random_forest,1797,64,10,312,2.878205128205128,2.0,1,17,103,0.5448717948717948,0.8846153846153846,1.6798744898441684,2.2001967422791755,0.9634708836914719,1.0,1.0,1.0,digits,0.05,member_training_labels_only,0.8995962321615467,0.8991253476096756,0.35523385300668153,nan
semi_digits_trainnoise0.05,sklearn.load_digits,808,0.99,release_2,granular_ball,logistic,1797,64,10,312,2.878205128205128,2.0,1,20,125,0.6730769230769231,0.8814102564102564,1.6594708892242847,1.9010902912083958,0.9326923076923077,1.0,1.0,1.0,digits,0.05,member_training_labels_only,0.8736700214780682,0.8779302412777372,0.2182628062360802,nan
semi_digits_trainnoise0.05,sklearn.load_digits,808,0.99,release_2,granular_ball,random_forest,1797,64,10,312,2.878205128205128,2.0,1,20,125,0.6730769230769231,0.8814102564102564,1.6594708892242847,1.9010902912083958,0.9326923076923077,1.0,1.0,1.0,digits,0.05,member_training_labels_only,0.874647199170639,0.8842992100384991,0.28619153674832964,nan
semi_digits_trainnoise0.05,sklearn.load_digits,808,0.99,release_2,matched_kmeans,logistic,1797,64,10,312,2.878205128205128,2.0,1,17,103,0.5448717948717948,0.8846153846153846,1.6798744898441684,2.2001967422791755,0.9634708836914719,1.0,1.0,1.0,digits,0.05,member_training_labels_only,0.9282791255995754,0.921069361150062,0.31625835189309576,nan
semi_digits_trainnoise0.05,sklearn.load_digits,808,0.99,release_2,matched_kmeans,random_forest,1797,64,10,312,2.878205128205128,2.0,1,17,103,0.5448717948717948,0.8846153846153846,1.6798744898441684,2.2001967422791755,0.9634708836914719,1.0,1.0,1.0,digits,0.05,member_training_labels_only,0.9263198099215778,0.9230509112098423,0.4064587973273942,nan
semi_digits_trainnoise0.05,sklearn.load_digits,808,0.99,release_3,granular_ball,logistic,1797,64,10,312,2.878205128205128,2.0,1,20,125,0.6730769230769231,0.8814102564102564,1.6594708892242847,1.9010902912083958,0.9326923076923077,1.0,1.0,1.0,digits,0.05,member_training_labels_only,0.8701680547219508,0.8773866397576064,0.25278396436525613,nan
semi_digits_trainnoise0.05,sklearn.load_digits,808,0.99,release_3,granular_ball,random_forest,1797,64,10,312,2.878205128205128,2.0,1,20,125,0.6730769230769231,0.8814102564102564,1.6594708892242847,1.9010902912083958,0.9326923076923077,1.0,1.0,1.0,digits,0.05,member_training_labels_only,0.877978035823235,0.8891157567743064,0.3596881959910913,nan
semi_digits_trainnoise0.05,sklearn.load_digits,808,0.99,release_3,matched_kmeans,logistic,1797,64,10,312,2.878205128205128,2.0,1,17,103,0.5448717948717948,0.8846153846153846,1.6798744898441684,2.2001967422791755,0.9634708836914719,1.0,1.0,1.0,digits,0.05,member_training_labels_only,0.9269162851374745,0.919364900186465,0.3285077951002227,nan
semi_digits_trainnoise0.05,sklearn.load_digits,808,0.99,release_3,matched_kmeans,random_forest,1797,64,10,312,2.878205128205128,2.0,1,17,103,0.5448717948717948,0.8846153846153846,1.6798744898441684,2.2001967422791755,0.9634708836914719,1.0,1.0,1.0,digits,0.05,member_training_labels_only,0.9319001393842292,0.9299673405199077,0.4443207126948775,nan
semi_digits_trainnoise0.1,sklearn.load_digits,2,0.7,release_1,granular_ball,logistic,1797,64,10,91,9.868131868131869,2.0,1,110,27,0.5384615384615384,0.6593406593406593,2.657974961481597,3.102410778393794,0.8398197119344658,0.875,0.75,1.0,digits,0.1,member_training_labels_only,0.5945394616098134,0.5957078039095458,0.04120267260579064,nan
semi_digits_trainnoise0.1,sklearn.load_digits,2,0.7,release_1,granular_ball,random_forest,1797,64,10,91,9.868131868131869,2.0,1,110,27,0.5384615384615384,0.6593406593406593,2.657974961481597,3.102410778393794,0.8398197119344658,0.875,0.75,1.0,digits,0.1,member_training_labels_only,0.5593337830665522,0.5762628914615563,0.043429844097995544,nan
semi_digits_trainnoise0.1,sklearn.load_digits,2,0.7,release_1,matched_kmeans,logistic,1797,64,10,91,9.868131868131869,9.0,1,38,9,0.12087912087912088,0.3516483516483517,3.416677217449668,3.6877529192961322,0.8702639105026763,0.9166666666666666,0.8,1.0,digits,0.1,member_training_labels_only,0.7010084275375619,0.6836451013892706,0.05790645879732739,nan
semi_digits_trainnoise0.1,sklearn.load_digits,2,0.7,release_1,matched_kmeans,random_forest,1797,64,10,91,9.868131868131869,9.0,1,38,9,0.12087912087912088,0.3516483516483517,3.416677217449668,3.6877529192961322,0.8702639105026763,0.9166666666666666,0.8,1.0,digits,0.1,member_training_labels_only,0.6626126606514848,0.655490044579098,0.04120267260579064,nan
semi_digits_trainnoise0.1,sklearn.load_digits,2,0.7,release_2,granular_ball,logistic,1797,64,10,91,9.868131868131869,2.0,1,110,27,0.5384615384615384,0.6593406593406593,2.657974961481597,3.102410778393794,0.8398197119344658,0.875,0.75,1.0,digits,0.1,member_training_labels_only,0.5916562913874436,0.5930743529094609,0.05011135857461024,nan
semi_digits_trainnoise0.1,sklearn.load_digits,2,0.7,release_2,granular_ball,random_forest,1797,64,10,91,9.868131868131869,2.0,1,110,27,0.5384615384615384,0.6593406593406593,2.657974961481597,3.102410778393794,0.8398197119344658,0.875,0.75,1.0,digits,0.1,member_training_labels_only,0.5874040803369031,0.61610710618849,0.07906458797327394,nan
semi_digits_trainnoise0.1,sklearn.load_digits,2,0.7,release_2,matched_kmeans,logistic,1797,64,10,91,9.868131868131869,9.0,1,38,9,0.12087912087912088,0.3516483516483517,3.416677217449668,3.6877529192961322,0.8702639105026763,0.9166666666666666,0.8,1.0,digits,0.1,member_training_labels_only,0.7045314755383157,0.6851066983819526,0.061247216035634745,nan
semi_digits_trainnoise0.1,sklearn.load_digits,2,0.7,release_2,matched_kmeans,random_forest,1797,64,10,91,9.868131868131869,9.0,1,38,9,0.12087912087912088,0.3516483516483517,3.416677217449668,3.6877529192961322,0.8702639105026763,0.9166666666666666,0.8,1.0,digits,0.1,member_training_labels_only,0.6655293128506308,0.6459615648543123,0.04120267260579064,nan
semi_digits_trainnoise0.1,sklearn.load_digits,2,0.7,release_3,granular_ball,logistic,1797,64,10,91,9.868131868131869,2.0,1,110,27,0.5384615384615384,0.6593406593406593,2.657974961481597,3.102410778393794,0.8398197119344658,0.875,0.75,1.0,digits,0.1,member_training_labels_only,0.5906605125966637,0.594867609190844,0.04120267260579064,nan
semi_digits_trainnoise0.1,sklearn.load_digits,2,0.7,release_3,granular_ball,random_forest,1797,64,10,91,9.868131868131869,2.0,1,110,27,0.5384615384615384,0.6593406593406593,2.657974961481597,3.102410778393794,0.8398197119344658,0.875,0.75,1.0,digits,0.1,member_training_labels_only,0.5753232870868696,0.6038516333808988,0.09799554565701558,nan
semi_digits_trainnoise0.1,sklearn.load_digits,2,0.7,release_3,matched_kmeans,logistic,1797,64,10,91,9.868131868131869,9.0,1,38,9,0.12087912087912088,0.3516483516483517,3.416677217449668,3.6877529192961322,0.8702639105026763,0.9166666666666666,0.8,1.0,digits,0.1,member_training_labels_only,0.6951428812357081,0.6789876074487715,0.04899777282850779,nan
semi_digits_trainnoise0.1,sklearn.load_digits,2,0.7,release_3,matched_kmeans,random_forest,1797,64,10,91,9.868131868131869,9.0,1,38,9,0.12087912087912088,0.3516483516483517,3.416677217449668,3.6877529192961322,0.8702639105026763,0.9166666666666666,0.8,1.0,digits,0.1,member_training_labels_only,0.6717030173461441,0.6461426883228203,0.031180400890868598,nan
semi_digits_trainnoise0.1,sklearn.load_digits,2,0.8,release_1,granular_ball,logistic,1797,64,10,147,6.108843537414966,2.0,1,81,52,0.6326530612244898,0.7755102040816326,2.105319042974788,2.3688293331490162,0.8652646805302894,1.0,0.8169856459330144,1.0,digits,0.1,member_training_labels_only,0.662643042445226,0.6724839514586918,0.07238307349665925,nan
semi_digits_trainnoise0.1,sklearn.load_digits,2,0.8,release_1,granular_ball,random_forest,1797,64,10,147,6.108843537414966,2.0,1,81,52,0.6326530612244898,0.7755102040816326,2.105319042974788,2.3688293331490162,0.8652646805302894,1.0,0.8169856459330144,1.0,digits,0.1,member_training_labels_only,0.6150663935198735,0.6535767089900981,0.13474387527839643,nan
semi_digits_trainnoise0.1,sklearn.load_digits,2,0.8,release_1,matched_kmeans,logistic,1797,64,10,147,6.108843537414966,5.0,1,25,16,0.17687074829931973,0.5578231292517006,2.9612052922998275,3.2743162888212294,0.8851539670790002,1.0,0.8,1.0,digits,0.1,member_training_labels_only,0.783335648136666,0.767947871446802,0.07015590200445435,nan
semi_digits_trainnoise0.1,sklearn.load_digits,2,0.8,release_1,matched_kmeans,random_forest,1797,64,10,147,6.108843537414966,5.0,1,25,16,0.17687074829931973,0.5578231292517006,2.9612052922998275,3.2743162888212294,0.8851539670790002,1.0,0.8,1.0,digits,0.1,member_training_labels_only,0.7517943859405458,0.7343385454078953,0.07683741648106904,nan
semi_digits_trainnoise0.1,sklearn.load_digits,2,0.8,release_2,granular_ball,logistic,1797,64,10,147,6.108843537414966,2.0,1,81,52,0.6326530612244898,0.7755102040816326,2.105319042974788,2.3688293331490162,0.8652646805302894,1.0,0.8169856459330144,1.0,digits,0.1,member_training_labels_only,0.6647821687392425,0.6636044363239962,0.0757238307349666,nan
semi_digits_trainnoise0.1,sklearn.load_digits,2,0.8,release_2,granular_ball,random_forest,1797,64,10,147,6.108843537414966,2.0,1,81,52,0.6326530612244898,0.7755102040816326,2.105319042974788,2.3688293331490162,0.8652646805302894,1.0,0.8169856459330144,1.0,digits,0.1,member_training_labels_only,0.6665176512021269,0.6861761288837378,0.1358574610244989,nan
semi_digits_trainnoise0.1,sklearn.load_digits,2,0.8,release_2,matched_kmeans,logistic,1797,64,10,147,6.108843537414966,5.0,1,25,16,0.17687074829931973,0.5578231292517006,2.9612052922998275,3.2743162888212294,0.8851539670790002,1.0,0.8,1.0,digits,0.1,member_training_labels_only,0.7991726231516707,0.781665258866057,0.10244988864142539,nan
semi_digits_trainnoise0.1,sklearn.load_digits,2,0.8,release_2,matched_kmeans,random_forest,1797,64,10,147,6.108843537414966,5.0,1,25,16,0.17687074829931973,0.5578231292517006,2.9612052922998275,3.2743162888212294,0.8851539670790002,1.0,0.8,1.0,digits,0.1,member_training_labels_only,0.7690140425890745,0.7494162657066868,0.09242761692650334,nan
semi_digits_trainnoise0.1,sklearn.load_digits,2,0.8,release_3,granular_ball,logistic,1797,64,10,147,6.108843537414966,2.0,1,81,52,0.6326530612244898,0.7755102040816326,2.105319042974788,2.3688293331490162,0.8652646805302894,1.0,0.8169856459330144,1.0,digits,0.1,member_training_labels_only,0.6575736231467105,0.6597686696864226,0.07349665924276169,nan
semi_digits_trainnoise0.1,sklearn.load_digits,2,0.8,release_3,granular_ball,random_forest,1797,64,10,147,6.108843537414966,2.0,1,81,52,0.6326530612244898,0.7755102040816326,2.105319042974788,2.3688293331490162,0.8652646805302894,1.0,0.8169856459330144,1.0,digits,0.1,member_training_labels_only,0.6641980942554849,0.6939870023532568,0.15924276169265034,nan
semi_digits_trainnoise0.1,sklearn.load_digits,2,0.8,release_3,matched_kmeans,logistic,1797,64,10,147,6.108843537414966,5.0,1,25,16,0.17687074829931973,0.5578231292517006,2.9612052922998275,3.2743162888212294,0.8851539670790002,1.0,0.8,1.0,digits,0.1,member_training_labels_only,0.7950183778850304,0.77688804509548,0.10244988864142539,nan
semi_digits_trainnoise0.1,sklearn.load_digits,2,0.8,release_3,matched_kmeans,random_forest,1797,64,10,147,6.108843537414966,5.0,1,25,16,0.17687074829931973,0.5578231292517006,2.9612052922998275,3.2743162888212294,0.8851539670790002,1.0,0.8,1.0,digits,0.1,member_training_labels_only,0.7766218917564893,0.768105957810182,0.08463251670378619,nan
semi_digits_trainnoise0.1,sklearn.load_digits,2,0.9,release_1,granular_ball,logistic,1797,64,10,304,2.9539473684210527,2.0,1,61,121,0.756578947368421,0.9046052631578947,1.6046393423772143,1.7961406222026963,0.8896868607279251,1.0,0.9449013157894737,1.0,digits,0.1,member_training_labels_only,0.7959571133079696,0.8200141339904581,0.2026726057906459,nan
semi_digits_trainnoise0.1,sklearn.load_digits,2,0.9,release_1,granular_ball,random_forest,1797,64,10,304,2.9539473684210527,2.0,1,61,121,0.756578947368421,0.9046052631578947,1.6046393423772143,1.7961406222026963,0.8896868607279251,1.0,0.9449013157894737,1.0,digits,0.1,member_training_labels_only,0.7753204349184777,0.8181817429395091,0.2884187082405345,nan
semi_digits_trainnoise0.1,sklearn.load_digits,2,0.9,release_1,matched_kmeans,logistic,1797,64,10,304,2.9539473684210527,2.0,1,16,98,0.5592105263157895,0.8848684210526315,1.6934029868020162,2.2093755033915072,0.927668543992557,1.0,1.0,1.0,digits,0.1,member_training_labels_only,0.9066125664059205,0.9115783866980781,0.4198218262806236,nan
semi_digits_trainnoise0.1,sklearn.load_digits,2,0.9,release_1,matched_kmeans,random_forest,1797,64,10,304,2.9539473684210527,2.0,1,16,98,0.5592105263157895,0.8848684210526315,1.6934029868020162,2.2093755033915072,0.927668543992557,1.0,1.0,1.0,digits,0.1,member_training_labels_only,0.8909268803230141,0.8971943353441978,0.4265033407572383,nan
semi_digits_trainnoise0.1,sklearn.load_digits,2,0.9,release_2,granular_ball,logistic,1797,64,10,304,2.9539473684210527,2.0,1,61,121,0.756578947368421,0.9046052631578947,1.6046393423772143,1.7961406222026963,0.8896868607279251,1.0,0.9449013157894737,1.0,digits,0.1,member_training_labels_only,0.8172243689267416,0.8255165982539028,0.19265033407572382,nan
semi_digits_trainnoise0.1,sklearn.load_digits,2,0.9,release_2,granular_ball,random_forest,1797,64,10,304,2.9539473684210527,2.0,1,61,121,0.756578947368421,0.9046052631578947,1.6046393423772143,1.7961406222026963,0.8896868607279251,1.0,0.9449013157894737,1.0,digits,0.1,member_training_labels_only,0.8524622893735645,0.870612774798713,0.36971046770601335,nan
semi_digits_trainnoise0.1,sklearn.load_digits,2,0.9,release_2,matched_kmeans,logistic,1797,64,10,304,2.9539473684210527,2.0,1,16,98,0.5592105263157895,0.8848684210526315,1.6934029868020162,2.2093755033915072,0.927668543992557,1.0,1.0,1.0,digits,0.1,member_training_labels_only,0.9303066453043389,0.929664646077625,0.4198218262806236,nan
semi_digits_trainnoise0.1,sklearn.load_digits,2,0.9,release_2,matched_kmeans,random_forest,1797,64,10,304,2.9539473684210527,2.0,1,16,98,0.5592105263157895,0.8848684210526315,1.6934029868020162,2.2093755033915072,0.927668543992557,1.0,1.0,1.0,digits,0.1,member_training_labels_only,0.9255937470548261,0.9273178904987445,0.44988864142538976,nan
semi_digits_trainnoise0.1,sklearn.load_digits,2,0.9,release_3,granular_ball,logistic,1797,64,10,304,2.9539473684210527,2.0,1,61,121,0.756578947368421,0.9046052631578947,1.6046393423772143,1.7961406222026963,0.8896868607279251,1.0,0.9449013157894737,1.0,digits,0.1,member_training_labels_only,0.8136963606331318,0.8229948724734814,0.15924276169265034,nan
semi_digits_trainnoise0.1,sklearn.load_digits,2,0.9,release_3,granular_ball,random_forest,1797,64,10,304,2.9539473684210527,2.0,1,61,121,0.756578947368421,0.9046052631578947,1.6046393423772143,1.7961406222026963,0.8896868607279251,1.0,0.9449013157894737,1.0,digits,0.1,member_training_labels_only,0.8580488192022855,0.8750956750328464,0.3752783964365256,nan
semi_digits_trainnoise0.1,sklearn.load_digits,2,0.9,release_3,matched_kmeans,logistic,1797,64,10,304,2.9539473684210527,2.0,1,16,98,0.5592105263157895,0.8848684210526315,1.6934029868020162,2.2093755033915072,0.927668543992557,1.0,1.0,1.0,digits,0.1,member_training_labels_only,0.9276057658444155,0.9263577908970185,0.3418708240534521,nan
semi_digits_trainnoise0.1,sklearn.load_digits,2,0.9,release_3,matched_kmeans,random_forest,1797,64,10,304,2.9539473684210527,2.0,1,16,98,0.5592105263157895,0.8848684210526315,1.6934029868020162,2.2093755033915072,0.927668543992557,1.0,1.0,1.0,digits,0.1,member_training_labels_only,0.9269522472606782,0.9272052184974434,0.4298440979955457,nan
semi_digits_trainnoise0.1,sklearn.load_digits,2,0.95,release_1,granular_ball,logistic,1797,64,10,360,2.4944444444444445,2.0,1,30,146,0.75,0.9111111111111111,1.6236169545518035,1.749254546520317,0.9010377585377585,1.0,1.0,1.0,digits,0.1,member_training_labels_only,0.8527264249681301,0.8716225618607558,0.26057906458797325,nan
semi_digits_trainnoise0.1,sklearn.load_digits,2,0.95,release_1,granular_ball,random_forest,1797,64,10,360,2.4944444444444445,2.0,1,30,146,0.75,0.9111111111111111,1.6236169545518035,1.749254546520317,0.9010377585377585,1.0,1.0,1.0,digits,0.1,member_training_labels_only,0.8293746062767546,0.8617313439593844,0.32516703786191536,nan
semi_digits_trainnoise0.1,sklearn.load_digits,2,0.95,release_1,matched_kmeans,logistic,1797,64,10,360,2.4944444444444445,2.0,1,13,148,0.6361111111111111,0.9194444444444444,1.3937665030697015,1.8381017321442208,0.9348781542531542,1.0,1.0,1.0,digits,0.1,member_training_labels_only,0.931309864534402,0.9345773855104813,0.4766146993318486,nan
semi_digits_trainnoise0.1,sklearn.load_digits,2,0.95,release_1,matched_kmeans,random_forest,1797,64,10,360,2.4944444444444445,2.0,1,13,148,0.6361111111111111,0.9194444444444444,1.3937665030697015,1.8381017321442208,0.9348781542531542,1.0,1.0,1.0,digits,0.1,member_training_labels_only,0.9207921835705181,0.9252141301801641,0.5100222717149221,nan
semi_digits_trainnoise0.1,sklearn.load_digits,2,0.95,release_2,granular_ball,logistic,1797,64,10,360,2.4944444444444445,2.0,1,30,146,0.75,0.9111111111111111,1.6236169545518035,1.749254546520317,0.9010377585377585,1.0,1.0,1.0,digits,0.1,member_training_labels_only,0.8805549079617662,0.8816754971194706,0.2639198218262806,nan
semi_digits_trainnoise0.1,sklearn.load_digits,2,0.95,release_2,granular_ball,random_forest,1797,64,10,360,2.4944444444444445,2.0,1,30,146,0.75,0.9111111111111111,1.6236169545518035,1.749254546520317,0.9010377585377585,1.0,1.0,1.0,digits,0.1,member_training_labels_only,0.9024515007366034,0.9149752000827255,0.47216035634743875,nan
semi_digits_trainnoise0.1,sklearn.load_digits,2,0.95,release_2,matched_kmeans,logistic,1797,64,10,360,2.4944444444444445,2.0,1,13,148,0.6361111111111111,0.9194444444444444,1.3937665030697015,1.8381017321442208,0.9348781542531542,1.0,1.0,1.0,digits,0.1,member_training_labels_only,0.951214279691073,0.9500996133802221,0.4977728285077951,nan
semi_digits_trainnoise0.1,sklearn.load_digits,2,0.95,release_2,matched_kmeans,random_forest,1797,64,10,360,2.4944444444444445,2.0,1,13,148,0.6361111111111111,0.9194444444444444,1.3937665030697015,1.8381017321442208,0.9348781542531542,1.0,1.0,1.0,digits,0.1,member_training_labels_only,0.9467376153888125,0.9458163413001681,0.48329621380846327,nan
semi_digits_trainnoise0.1,sklearn.load_digits,2,0.95,release_3,granular_ball,logistic,1797,64,10,360,2.4944444444444445,2.0,1,30,146,0.75,0.9111111111111111,1.6236169545518035,1.749254546520317,0.9010377585377585,1.0,1.0,1.0,digits,0.1,member_training_labels_only,0.8777424219125898,0.8787040413863143,0.2639198218262806,nan
semi_digits_trainnoise0.1,sklearn.load_digits,2,0.95,release_3,granular_ball,random_forest,1797,64,10,360,2.4944444444444445,2.0,1,30,146,0.75,0.9111111111111111,1.6236169545518035,1.749254546520317,0.9010377585377585,1.0,1.0,1.0,digits,0.1,member_training_labels_only,0.906222563380142,0.9182054837046804,0.4766146993318486,nan
semi_digits_trainnoise0.1,sklearn.load_digits,2,0.95,release_3,matched_kmeans,logistic,1797,64,10,360,2.4944444444444445,2.0,1,13,148,0.6361111111111111,0.9194444444444444,1.3937665030697015,1.8381017321442208,0.9348781542531542,1.0,1.0,1.0,digits,0.1,member_training_labels_only,0.9491644386684589,0.9485064019695301,0.477728285077951,nan
semi_digits_trainnoise0.1,sklearn.load_digits,2,0.95,release_3,matched_kmeans,random_forest,1797,64,10,360,2.4944444444444445,2.0,1,13,148,0.6361111111111111,0.9194444444444444,1.3937665030697015,1.8381017321442208,0.9348781542531542,1.0,1.0,1.0,digits,0.1,member_training_labels_only,0.9481860209026741,0.946967645473424,0.477728285077951,nan
semi_digits_trainnoise0.1,sklearn.load_digits,2,0.99,release_1,granular_ball,logistic,1797,64,10,373,2.4075067024128685,2.0,1,19,149,0.7453083109919572,0.903485254691689,1.6327697838411348,1.7810115314538066,0.900804289544236,1.0,1.0,1.0,digits,0.1,member_training_labels_only,0.8693347255221948,0.8835466000734438,0.2951002227171492,nan
semi_digits_trainnoise0.1,sklearn.load_digits,2,0.99,release_1,granular_ball,random_forest,1797,64,10,373,2.4075067024128685,2.0,1,19,149,0.7453083109919572,0.903485254691689,1.6327697838411348,1.7810115314538066,0.900804289544236,1.0,1.0,1.0,digits,0.1,member_training_labels_only,0.8605748483390459,0.8802217392256166,0.38084632516703787,nan
semi_digits_trainnoise0.1,sklearn.load_digits,2,0.99,release_1,matched_kmeans,logistic,1797,64,10,373,2.4075067024128685,2.0,1,13,155,0.6541554959785523,0.938337801608579,1.359867630848391,1.8104049205258104,0.9372244154415736,1.0,1.0,1.0,digits,0.1,member_training_labels_only,0.9365032911543097,0.940108617003534,0.5089086859688196,nan
semi_digits_trainnoise0.1,sklearn.load_digits,2,0.99,release_1,matched_kmeans,random_forest,1797,64,10,373,2.4075067024128685,2.0,1,13,155,0.6541554959785523,0.938337801608579,1.359867630848391,1.8104049205258104,0.9372244154415736,1.0,1.0,1.0,digits,0.1,member_training_labels_only,0.9272554451614824,0.9329824821822411,0.5423162583518931,nan
semi_digits_trainnoise0.1,sklearn.load_digits,2,0.99,release_2,granular_ball,logistic,1797,64,10,373,2.4075067024128685,2.0,1,19,149,0.7453083109919572,0.903485254691689,1.6327697838411348,1.7810115314538066,0.900804289544236,1.0,1.0,1.0,digits,0.1,member_training_labels_only,0.8941436302399294,0.8923677247140069,0.26837416481069043,nan
semi_digits_trainnoise0.1,sklearn.load_digits,2,0.99,release_2,granular_ball,random_forest,1797,64,10,373,2.4075067024128685,2.0,1,19,149,0.7453083109919572,0.903485254691689,1.6327697838411348,1.7810115314538066,0.900804289544236,1.0,1.0,1.0,digits,0.1,member_training_labels_only,0.9155578345345509,0.9256082043435114,0.48329621380846327,nan
semi_digits_trainnoise0.1,sklearn.load_digits,2,0.99,release_2,matched_kmeans,logistic,1797,64,10,373,2.4075067024128685,2.0,1,13,155,0.6541554959785523,0.938337801608579,1.359867630848391,1.8104049205258104,0.9372244154415736,1.0,1.0,1.0,digits,0.1,member_training_labels_only,0.9555036929380311,0.9551507704020897,0.5178173719376392,nan
semi_digits_trainnoise0.1,sklearn.load_digits,2,0.99,release_2,matched_kmeans,random_forest,1797,64,10,373,2.4075067024128685,2.0,1,13,155,0.6541554959785523,0.938337801608579,1.359867630848391,1.8104049205258104,0.9372244154415736,1.0,1.0,1.0,digits,0.1,member_training_labels_only,0.949307667124667,0.9495408509425568,0.5679287305122495,nan
semi_digits_trainnoise0.1,sklearn.load_digits,2,0.99,release_3,granular_ball,logistic,1797,64,10,373,2.4075067024128685,2.0,1,19,149,0.7453083109919572,0.903485254691689,1.6327697838411348,1.7810115314538066,0.900804289544236,1.0,1.0,1.0,digits,0.1,member_training_labels_only,0.8910360067658396,0.8896891649632953,0.26837416481069043,nan
semi_digits_trainnoise0.1,sklearn.load_digits,2,0.99,release_3,granular_ball,random_forest,1797,64,10,373,2.4075067024128685,2.0,1,19,149,0.7453083109919572,0.903485254691689,1.6327697838411348,1.7810115314538066,0.900804289544236,1.0,1.0,1.0,digits,0.1,member_training_labels_only,0.9192526326754332,0.9296684173038351,0.4888641425389755,nan
semi_digits_trainnoise0.1,sklearn.load_digits,2,0.99,release_3,matched_kmeans,logistic,1797,64,10,373,2.4075067024128685,2.0,1,13,155,0.6541554959785523,0.938337801608579,1.359867630848391,1.8104049205258104,0.9372244154415736,1.0,1.0,1.0,digits,0.1,member_training_labels_only,0.9535418971136056,0.9536133179549425,0.5011135857461024,nan
semi_digits_trainnoise0.1,sklearn.load_digits,2,0.99,release_3,matched_kmeans,random_forest,1797,64,10,373,2.4075067024128685,2.0,1,13,155,0.6541554959785523,0.938337801608579,1.359867630848391,1.8104049205258104,0.9372244154415736,1.0,1.0,1.0,digits,0.1,member_training_labels_only,0.951838036517676,0.9519596828676805,0.5478841870824054,nan
semi_digits_trainnoise0.1,sklearn.load_digits,13,0.7,release_1,granular_ball,logistic,1797,64,10,75,11.973333333333333,3.0,1,98,16,0.4533333333333333,0.68,2.79524663278011,3.0058473994300003,0.8198266359932741,0.8260869565217391,0.75,1.0,digits,0.1,member_training_labels_only,0.5919353078605761,0.5951176835400794,0.034521158129175944,nan
semi_digits_trainnoise0.1,sklearn.load_digits,13,0.7,release_1,granular_ball,random_forest,1797,64,10,75,11.973333333333333,3.0,1,98,16,0.4533333333333333,0.68,2.79524663278011,3.0058473994300003,0.8198266359932741,0.8260869565217391,0.75,1.0,digits,0.1,member_training_labels_only,0.5552179800695433,0.5783503145646873,0.03897550111358575,nan
semi_digits_trainnoise0.1,sklearn.load_digits,13,0.7,release_1,matched_kmeans,logistic,1797,64,10,75,11.973333333333333,11.0,1,36,2,0.09333333333333334,0.2,3.8482266742942755,3.8685802235198428,0.8042906127222017,0.8421052631578947,0.7140522875816994,0.9333333333333333,digits,0.1,member_training_labels_only,0.6908733091601729,0.6844483713057012,0.0757238307349666,nan
semi_digits_trainnoise0.1,sklearn.load_digits,13,0.7,release_1,matched_kmeans,random_forest,1797,64,10,75,11.973333333333333,11.0,1,36,2,0.09333333333333334,0.2,3.8482266742942755,3.8685802235198428,0.8042906127222017,0.8421052631578947,0.7140522875816994,0.9333333333333333,digits,0.1,member_training_labels_only,0.6596817476103789,0.6381749744861098,0.035634743875278395,nan
semi_digits_trainnoise0.1,sklearn.load_digits,13,0.7,release_2,granular_ball,logistic,1797,64,10,75,11.973333333333333,3.0,1,98,16,0.4533333333333333,0.68,2.79524663278011,3.0058473994300003,0.8198266359932741,0.8260869565217391,0.75,1.0,digits,0.1,member_training_labels_only,0.592849241819237,0.5956549819714199,0.035634743875278395,nan
semi_digits_trainnoise0.1,sklearn.load_digits,13,0.7,release_2,granular_ball,random_forest,1797,64,10,75,11.973333333333333,3.0,1,98,16,0.4533333333333333,0.68,2.79524663278011,3.0058473994300003,0.8198266359932741,0.8260869565217391,0.75,1.0,digits,0.1,member_training_labels_only,0.5873383564565652,0.6176658315864588,0.06570155902004454,nan
semi_digits_trainnoise0.1,sklearn.load_digits,13,0.7,release_2,matched_kmeans,logistic,1797,64,10,75,11.973333333333333,11.0,1,36,2,0.09333333333333334,0.2,3.8482266742942755,3.8685802235198428,0.8042906127222017,0.8421052631578947,0.7140522875816994,0.9333333333333333,digits,0.1,member_training_labels_only,0.696618568360276,0.6877662010969887,0.07238307349665925,nan
semi_digits_trainnoise0.1,sklearn.load_digits,13,0.7,release_2,matched_kmeans,random_forest,1797,64,10,75,11.973333333333333,11.0,1,36,2,0.09333333333333334,0.2,3.8482266742942755,3.8685802235198428,0.8042906127222017,0.8421052631578947,0.7140522875816994,0.9333333333333333,digits,0.1,member_training_labels_only,0.6809000203372007,0.6619973220746318,0.0400890868596882,nan
semi_digits_trainnoise0.1,sklearn.load_digits,13,0.7,release_3,granular_ball,logistic,1797,64,10,75,11.973333333333333,3.0,1,98,16,0.4533333333333333,0.68,2.79524663278011,3.0058473994300003,0.8198266359932741,0.8260869565217391,0.75,1.0,digits,0.1,member_training_labels_only,0.579223317344656,0.5870628706641211,0.0334075723830735,nan
semi_digits_trainnoise0.1,sklearn.load_digits,13,0.7,release_3,granular_ball,random_forest,1797,64,10,75,11.973333333333333,3.0,1,98,16,0.4533333333333333,0.68,2.79524663278011,3.0058473994300003,0.8198266359932741,0.8260869565217391,0.75,1.0,digits,0.1,member_training_labels_only,0.5997390885957907,0.6302679708213783,0.0757238307349666,nan
semi_digits_trainnoise0.1,sklearn.load_digits,13,0.7,release_3,matched_kmeans,logistic,1797,64,10,75,11.973333333333333,11.0,1,36,2,0.09333333333333334,0.2,3.8482266742942755,3.8685802235198428,0.8042906127222017,0.8421052631578947,0.7140522875816994,0.9333333333333333,digits,0.1,member_training_labels_only,0.6887961865268526,0.6838652708581024,0.07126948775055679,nan
semi_digits_trainnoise0.1,sklearn.load_digits,13,0.7,release_3,matched_kmeans,random_forest,1797,64,10,75,11.973333333333333,11.0,1,36,2,0.09333333333333334,0.2,3.8482266742942755,3.8685802235198428,0.8042906127222017,0.8421052631578947,0.7140522875816994,0.9333333333333333,digits,0.1,member_training_labels_only,0.6778438599014885,0.651115954478283,0.024498886414253896,nan
semi_digits_trainnoise0.1,sklearn.load_digits,13,0.8,release_1,granular_ball,logistic,1797,64,10,138,6.507246376811594,2.0,1,98,45,0.6376811594202898,0.7898550724637681,2.1086456975091106,2.294496355310621,0.8513838599433838,1.0,0.8,1.0,digits,0.1,member_training_labels_only,0.6561475389506997,0.6647783233172129,0.07683741648106904,nan
semi_digits_trainnoise0.1,sklearn.load_digits,13,0.8,release_1,granular_ball,random_forest,1797,64,10,138,6.507246376811594,2.0,1,98,45,0.6376811594202898,0.7898550724637681,2.1086456975091106,2.294496355310621,0.8513838599433838,1.0,0.8,1.0,digits,0.1,member_training_labels_only,0.6503408961265074,0.677177990293742,0.08908685968819599,nan
semi_digits_trainnoise0.1,sklearn.load_digits,13,0.8,release_1,matched_kmeans,logistic,1797,64,10,138,6.507246376811594,6.0,1,19,18,0.18840579710144928,0.4855072463768116,2.871656262063011,3.2545633149132165,0.8762656229281952,0.9354166666666667,0.8,1.0,digits,0.1,member_training_labels_only,0.7774453003705338,0.7712315195044654,0.08574610244988864,nan
semi_digits_trainnoise0.1,sklearn.load_digits,13,0.8,release_1,matched_kmeans,random_forest,1797,64,10,138,6.507246376811594,6.0,1,19,18,0.18840579710144928,0.4855072463768116,2.871656262063011,3.2545633149132165,0.8762656229281952,0.9354166666666667,0.8,1.0,digits,0.1,member_training_labels_only,0.743642144632219,0.719262934885222,0.045657015590200446,nan
semi_digits_trainnoise0.1,sklearn.load_digits,13,0.8,release_2,granular_ball,logistic,1797,64,10,138,6.507246376811594,2.0,1,98,45,0.6376811594202898,0.7898550724637681,2.1086456975091106,2.294496355310621,0.8513838599433838,1.0,0.8,1.0,digits,0.1,member_training_labels_only,0.6595068972872158,0.65986214680741,0.07906458797327394,nan
semi_digits_trainnoise0.1,sklearn.load_digits,13,0.8,release_2,granular_ball,random_forest,1797,64,10,138,6.507246376811594,2.0,1,98,45,0.6376811594202898,0.7898550724637681,2.1086456975091106,2.294496355310621,0.8513838599433838,1.0,0.8,1.0,digits,0.1,member_training_labels_only,0.6977786568519007,0.7203992542925266,0.1403118040089087,nan
semi_digits_trainnoise0.1,sklearn.load_digits,13,0.8,release_2,matched_kmeans,logistic,1797,64,10,138,6.507246376811594,6.0,1,19,18,0.18840579710144928,0.4855072463768116,2.871656262063011,3.2545633149132165,0.8762656229281952,0.9354166666666667,0.8,1.0,digits,0.1,member_training_labels_only,0.796833845070213,0.7913059770856764,0.18040089086859687,nan
semi_digits_trainnoise0.1,sklearn.load_digits,13,0.8,release_2,matched_kmeans,random_forest,1797,64,10,138,6.507246376811594,6.0,1,19,18,0.18840579710144928,0.4855072463768116,2.871656262063011,3.2545633149132165,0.8762656229281952,0.9354166666666667,0.8,1.0,digits,0.1,member_training_labels_only,0.7818531406094216,0.7537252500221294,0.045657015590200446,nan
semi_digits_trainnoise0.1,sklearn.load_digits,13,0.8,release_3,granular_ball,logistic,1797,64,10,138,6.507246376811594,2.0,1,98,45,0.6376811594202898,0.7898550724637681,2.1086456975091106,2.294496355310621,0.8513838599433838,1.0,0.8,1.0,digits,0.1,member_training_labels_only,0.6597387909782193,0.6641137316421564,0.07126948775055679,nan
semi_digits_trainnoise0.1,sklearn.load_digits,13,0.8,release_3,granular_ball,random_forest,1797,64,10,138,6.507246376811594,2.0,1,98,45,0.6376811594202898,0.7898550724637681,2.1086456975091106,2.294496355310621,0.8513838599433838,1.0,0.8,1.0,digits,0.1,member_training_labels_only,0.7028040535513217,0.7259636192024358,0.15701559020044542,nan
semi_digits_trainnoise0.1,sklearn.load_digits,13,0.8,release_3,matched_kmeans,logistic,1797,64,10,138,6.507246376811594,6.0,1,19,18,0.18840579710144928,0.4855072463768116,2.871656262063011,3.2545633149132165,0.8762656229281952,0.9354166666666667,0.8,1.0,digits,0.1,member_training_labels_only,0.7945979930655106,0.7868370101976525,0.15256124721603564,nan
semi_digits_trainnoise0.1,sklearn.load_digits,13,0.8,release_3,matched_kmeans,random_forest,1797,64,10,138,6.507246376811594,6.0,1,19,18,0.18840579710144928,0.4855072463768116,2.871656262063011,3.2545633149132165,0.8762656229281952,0.9354166666666667,0.8,1.0,digits,0.1,member_training_labels_only,0.7902614570364234,0.7617080693763821,0.05456570155902005,nan
semi_digits_trainnoise0.1,sklearn.load_digits,13,0.9,release_1,granular_ball,logistic,1797,64,10,301,2.9833887043189367,2.0,1,38,124,0.7641196013289037,0.9136212624584718,1.590652874387693,1.771442453765733,0.8909352217404325,1.0,0.9285714285714286,1.0,digits,0.1,member_training_labels_only,0.811851131690815,0.8388958905952472,0.23719376391982183,nan
semi_digits_trainnoise0.1,sklearn.load_digits,13,0.9,release_1,granular_ball,random_forest,1797,64,10,301,2.9833887043189367,2.0,1,38,124,0.7641196013289037,0.9136212624584718,1.590652874387693,1.771442453765733,0.8909352217404325,1.0,0.9285714285714286,1.0,digits,0.1,member_training_labels_only,0.7981687838850007,0.8255508916204897,0.23273942093541203,nan
semi_digits_trainnoise0.1,sklearn.load_digits,13,0.9,release_1,matched_kmeans,logistic,1797,64,10,301,2.9833887043189367,2.0,1,12,102,0.5448504983388704,0.8604651162790697,1.693938479715756,2.2761975442056706,0.9171754325408811,1.0,0.875,1.0,digits,0.1,member_training_labels_only,0.9147338058838993,0.9196095172020499,0.4064587973273942,nan
semi_digits_trainnoise0.1,sklearn.load_digits,13,0.9,release_1,matched_kmeans,random_forest,1797,64,10,301,2.9833887043189367,2.0,1,12,102,0.5448504983388704,0.8604651162790697,1.693938479715756,2.2761975442056706,0.9171754325408811,1.0,0.875,1.0,digits,0.1,member_training_labels_only,0.9021625636777595,0.907232246783958,0.3930957683741648,nan
semi_digits_trainnoise0.1,sklearn.load_digits,13,0.9,release_2,granular_ball,logistic,1797,64,10,301,2.9833887043189367,2.0,1,38,124,0.7641196013289037,0.9136212624584718,1.590652874387693,1.771442453765733,0.8909352217404325,1.0,0.9285714285714286,1.0,digits,0.1,member_training_labels_only,0.8420419541569735,0.8488348085917439,0.21492204899777284,nan
semi_digits_trainnoise0.1,sklearn.load_digits,13,0.9,release_2,granular_ball,random_forest,1797,64,10,301,2.9833887043189367,2.0,1,38,124,0.7641196013289037,0.9136212624584718,1.590652874387693,1.771442453765733,0.8909352217404325,1.0,0.9285714285714286,1.0,digits,0.1,member_training_labels_only,0.862364894023343,0.8756066922649908,0.34855233853006684,nan
semi_digits_trainnoise0.1,sklearn.load_digits,13,0.9,release_2,matched_kmeans,logistic,1797,64,10,301,2.9833887043189367,2.0,1,12,102,0.5448504983388704,0.8604651162790697,1.693938479715756,2.2761975442056706,0.9171754325408811,1.0,0.875,1.0,digits,0.1,member_training_labels_only,0.9341012693389418,0.9349588978388014,0.40757238307349664,nan
semi_digits_trainnoise0.1,sklearn.load_digits,13,0.9,release_2,matched_kmeans,random_forest,1797,64,10,301,2.9833887043189367,2.0,1,12,102,0.5448504983388704,0.8604651162790697,1.693938479715756,2.2761975442056706,0.9171754325408811,1.0,0.875,1.0,digits,0.1,member_training_labels_only,0.9329591619089191,0.9349437657886561,0.41759465478841873,nan
semi_digits_trainnoise0.1,sklearn.load_digits,13,0.9,release_3,granular_ball,logistic,1797,64,10,301,2.9833887043189367,2.0,1,38,124,0.7641196013289037,0.9136212624584718,1.590652874387693,1.771442453765733,0.8909352217404325,1.0,0.9285714285714286,1.0,digits,0.1,member_training_labels_only,0.8410759371233277,0.8547860029899268,0.22605790645879734,nan
semi_digits_trainnoise0.1,sklearn.load_digits,13,0.9,release_3,granular_ball,random_forest,1797,64,10,301,2.9833887043189367,2.0,1,38,124,0.7641196013289037,0.9136212624584718,1.590652874387693,1.771442453765733,0.8909352217404325,1.0,0.9285714285714286,1.0,digits,0.1,member_training_labels_only,0.8674299730656098,0.882505369867348,0.3830734966592428,nan
semi_digits_trainnoise0.1,sklearn.load_digits,13,0.9,release_3,matched_kmeans,logistic,1797,64,10,301,2.9833887043189367,2.0,1,12,102,0.5448504983388704,0.8604651162790697,1.693938479715756,2.2761975442056706,0.9171754325408811,1.0,0.875,1.0,digits,0.1,member_training_labels_only,0.9327446292429106,0.9325024009354783,0.4053452115812918,nan
semi_digits_trainnoise0.1,sklearn.load_digits,13,0.9,release_3,matched_kmeans,random_forest,1797,64,10,301,2.9833887043189367,2.0,1,12,102,0.5448504983388704,0.8604651162790697,1.693938479715756,2.2761975442056706,0.9171754325408811,1.0,0.875,1.0,digits,0.1,member_training_labels_only,0.9372907376451506,0.9390475912829037,0.47438752783964366,nan
semi_digits_trainnoise0.1,sklearn.load_digits,13,0.95,release_1,granular_ball,logistic,1797,64,10,361,2.487534626038781,2.0,1,30,144,0.7673130193905817,0.9362880886426593,1.557167027650469,1.8285846509201584,0.8944225442147878,1.0,1.0,1.0,digits,0.1,member_training_labels_only,0.872261298307052,0.8885902519088906,0.2951002227171492,nan
semi_digits_trainnoise0.1,sklearn.load_digits,13,0.95,release_1,granular_ball,random_forest,1797,64,10,361,2.487534626038781,2.0,1,30,144,0.7673130193905817,0.9362880886426593,1.557167027650469,1.8285846509201584,0.8944225442147878,1.0,1.0,1.0,digits,0.1,member_training_labels_only,0.8635088615631867,0.8816563965330189,0.29175946547884185,nan
semi_digits_trainnoise0.1,sklearn.load_digits,13,0.95,release_1,matched_kmeans,logistic,1797,64,10,361,2.487534626038781,2.0,1,11,159,0.631578947368421,0.9224376731301939,1.3526626963406712,1.9488230235019002,0.9329748813820836,1.0,1.0,1.0,digits,0.1,member_training_labels_only,0.9392202915660139,0.9407916440306298,0.4922048997772829,nan
semi_digits_trainnoise0.1,sklearn.load_digits,13,0.95,release_1,matched_kmeans,random_forest,1797,64,10,361,2.487534626038781,2.0,1,11,159,0.631578947368421,0.9224376731301939,1.3526626963406712,1.9488230235019002,0.9329748813820836,1.0,1.0,1.0,digits,0.1,member_training_labels_only,0.9267296541187792,0.9296474299593316,0.44766146993318484,nan
semi_digits_trainnoise0.1,sklearn.load_digits,13,0.95,release_2,granular_ball,logistic,1797,64,10,361,2.487534626038781,2.0,1,30,144,0.7673130193905817,0.9362880886426593,1.557167027650469,1.8285846509201584,0.8944225442147878,1.0,1.0,1.0,digits,0.1,member_training_labels_only,0.8991609664634601,0.8990744477654353,0.25389755011135856,nan
semi_digits_trainnoise0.1,sklearn.load_digits,13,0.95,release_2,granular_ball,random_forest,1797,64,10,361,2.487534626038781,2.0,1,30,144,0.7673130193905817,0.9362880886426593,1.557167027650469,1.8285846509201584,0.8944225442147878,1.0,1.0,1.0,digits,0.1,member_training_labels_only,0.9164680482735701,0.9231174482440532,0.4443207126948775,nan
semi_digits_trainnoise0.1,sklearn.load_digits,13,0.95,release_2,matched_kmeans,logistic,1797,64,10,361,2.487534626038781,2.0,1,11,159,0.631578947368421,0.9224376731301939,1.3526626963406712,1.9488230235019002,0.9329748813820836,1.0,1.0,1.0,digits,0.1,member_training_labels_only,0.9551378713399239,0.9546416542165524,0.5133630289532294,nan
semi_digits_trainnoise0.1,sklearn.load_digits,13,0.95,release_2,matched_kmeans,random_forest,1797,64,10,361,2.487534626038781,2.0,1,11,159,0.631578947368421,0.9224376731301939,1.3526626963406712,1.9488230235019002,0.9329748813820836,1.0,1.0,1.0,digits,0.1,member_training_labels_only,0.9492245822193343,0.9463188395117264,0.5256124721603563,nan
semi_digits_trainnoise0.1,sklearn.load_digits,13,0.95,release_3,granular_ball,logistic,1797,64,10,361,2.487534626038781,2.0,1,30,144,0.7673130193905817,0.9362880886426593,1.557167027650469,1.8285846509201584,0.8944225442147878,1.0,1.0,1.0,digits,0.1,member_training_labels_only,0.898248272578013,0.9006527842442575,0.24944320712694878,nan
semi_digits_trainnoise0.1,sklearn.load_digits,13,0.95,release_3,granular_ball,random_forest,1797,64,10,361,2.487534626038781,2.0,1,30,144,0.7673130193905817,0.9362880886426593,1.557167027650469,1.8285846509201584,0.8944225442147878,1.0,1.0,1.0,digits,0.1,member_training_labels_only,0.9203810993001026,0.9261180270684748,0.4365256124721604,nan
semi_digits_trainnoise0.1,sklearn.load_digits,13,0.95,release_3,matched_kmeans,logistic,1797,64,10,361,2.487534626038781,2.0,1,11,159,0.631578947368421,0.9224376731301939,1.3526626963406712,1.9488230235019002,0.9329748813820836,1.0,1.0,1.0,digits,0.1,member_training_labels_only,0.9531301928065833,0.9519713100074026,0.45879732739420936,nan
semi_digits_trainnoise0.1,sklearn.load_digits,13,0.95,release_3,matched_kmeans,random_forest,1797,64,10,361,2.487534626038781,2.0,1,11,159,0.631578947368421,0.9224376731301939,1.3526626963406712,1.9488230235019002,0.9329748813820836,1.0,1.0,1.0,digits,0.1,member_training_labels_only,0.9529106998477191,0.9529578520622243,0.5489977728285078,nan
semi_digits_trainnoise0.1,sklearn.load_digits,13,0.99,release_1,granular_ball,logistic,1797,64,10,376,2.3882978723404253,2.0,1,24,148,0.7632978723404256,0.9335106382978723,1.5635133522078097,1.8653942846358769,0.8962765957446809,1.0,1.0,1.0,digits,0.1,member_training_labels_only,0.8906032212141806,0.9029572585818209,0.33964365256124723,nan
semi_digits_trainnoise0.1,sklearn.load_digits,13,0.99,release_1,granular_ball,random_forest,1797,64,10,376,2.3882978723404253,2.0,1,24,148,0.7632978723404256,0.9335106382978723,1.5635133522078097,1.8653942846358769,0.8962765957446809,1.0,1.0,1.0,digits,0.1,member_training_labels_only,0.8828044007718215,0.8985238730330602,0.3975501113585746,nan
semi_digits_trainnoise0.1,sklearn.load_digits,13,0.99,release_1,matched_kmeans,logistic,1797,64,10,376,2.3882978723404253,2.0,1,11,173,0.6569148936170213,0.9281914893617021,1.277110781994384,1.7554469829625257,0.9357279097970589,1.0,1.0,1.0,digits,0.1,member_training_labels_only,0.9445129240430356,0.9464903272718671,0.5233853006681515,nan
semi_digits_trainnoise0.1,sklearn.load_digits,13,0.99,release_1,matched_kmeans,random_forest,1797,64,10,376,2.3882978723404253,2.0,1,11,173,0.6569148936170213,0.9281914893617021,1.277110781994384,1.7554469829625257,0.9357279097970589,1.0,1.0,1.0,digits,0.1,member_training_labels_only,0.9332766206516834,0.9383936150538684,0.4955456570155902,nan
semi_digits_trainnoise0.1,sklearn.load_digits,13,0.99,release_2,granular_ball,logistic,1797,64,10,376,2.3882978723404253,2.0,1,24,148,0.7632978723404256,0.9335106382978723,1.5635133522078097,1.8653942846358769,0.8962765957446809,1.0,1.0,1.0,digits,0.1,member_training_labels_only,0.9181626083203952,0.919281596803787,0.3040089086859688,nan
semi_digits_trainnoise0.1,sklearn.load_digits,13,0.99,release_2,granular_ball,random_forest,1797,64,10,376,2.3882978723404253,2.0,1,24,148,0.7632978723404256,0.9335106382978723,1.5635133522078097,1.8653942846358769,0.8962765957446809,1.0,1.0,1.0,digits,0.1,member_training_labels_only,0.9276311873453008,0.9302159339872418,0.4688195991091314,nan
semi_digits_trainnoise0.1,sklearn.load_digits,13,0.99,release_2,matched_kmeans,logistic,1797,64,10,376,2.3882978723404253,2.0,1,11,173,0.6569148936170213,0.9281914893617021,1.277110781994384,1.7554469829625257,0.9357279097970589,1.0,1.0,1.0,digits,0.1,member_training_labels_only,0.9601242057331065,0.9599626664126854,0.5657015590200446,nan
semi_digits_trainnoise0.1,sklearn.load_digits,13,0.99,release_2,matched_kmeans,random_forest,1797,64,10,376,2.3882978723404253,2.0,1,11,173,0.6569148936170213,0.9281914893617021,1.277110781994384,1.7554469829625257,0.9357279097970589,1.0,1.0,1.0,digits,0.1,member_training_labels_only,0.9545041939276095,0.9546021463339516,0.5356347438752784,nan
semi_digits_trainnoise0.1,sklearn.load_digits,13,0.99,release_3,granular_ball,logistic,1797,64,10,376,2.3882978723404253,2.0,1,24,148,0.7632978723404256,0.9335106382978723,1.5635133522078097,1.8653942846358769,0.8962765957446809,1.0,1.0,1.0,digits,0.1,member_training_labels_only,0.9169733781082434,0.9196935080524944,0.33184855233853006,nan
semi_digits_trainnoise0.1,sklearn.load_digits,13,0.99,release_3,granular_ball,random_forest,1797,64,10,376,2.3882978723404253,2.0,1,24,148,0.7632978723404256,0.9335106382978723,1.5635133522078097,1.8653942846358769,0.8962765957446809,1.0,1.0,1.0,digits,0.1,member_training_labels_only,0.9294838567269011,0.9350156435239126,0.4766146993318486,nan
semi_digits_trainnoise0.1,sklearn.load_digits,13,0.99,release_3,matched_kmeans,logistic,1797,64,10,376,2.3882978723404253,2.0,1,11,173,0.6569148936170213,0.9281914893617021,1.277110781994384,1.7554469829625257,0.9357279097970589,1.0,1.0,1.0,digits,0.1,member_training_labels_only,0.9586658796335336,0.9577498982491126,0.5233853006681515,nan
semi_digits_trainnoise0.1,sklearn.load_digits,13,0.99,release_3,matched_kmeans,random_forest,1797,64,10,376,2.3882978723404253,2.0,1,11,173,0.6569148936170213,0.9281914893617021,1.277110781994384,1.7554469829625257,0.9357279097970589,1.0,1.0,1.0,digits,0.1,member_training_labels_only,0.9584780085416242,0.9596067556348001,0.589086859688196,nan
semi_digits_trainnoise0.1,sklearn.load_digits,73,0.7,release_1,granular_ball,logistic,1797,64,10,38,23.63157894736842,4.0,1,103,7,0.42105263157894735,0.5263157894736842,3.2934082084691387,3.6775550248082105,0.8450482523918038,0.8449519230769231,0.75,1.0,digits,0.1,member_training_labels_only,0.545376759043854,0.5468638301873877,0.026726057906458798,nan
semi_digits_trainnoise0.1,sklearn.load_digits,73,0.7,release_1,granular_ball,random_forest,1797,64,10,38,23.63157894736842,4.0,1,103,7,0.42105263157894735,0.5263157894736842,3.2934082084691387,3.6775550248082105,0.8450482523918038,0.8449519230769231,0.75,1.0,digits,0.1,member_training_labels_only,0.5135484198987108,0.5231500421388671,0.0200445434298441,nan
semi_digits_trainnoise0.1,sklearn.load_digits,73,0.7,release_1,matched_kmeans,logistic,1797,64,10,38,23.63157894736842,22.5,1,70,2,0.05263157894736842,0.13157894736842105,4.534708090220863,4.6536305760450265,0.7682014355751032,0.8198051948051948,0.7049450549450549,0.875,digits,0.1,member_training_labels_only,0.5697851201134915,0.5540793598689334,0.012249443207126948,nan
semi_digits_trainnoise0.1,sklearn.load_digits,73,0.7,release_1,matched_kmeans,random_forest,1797,64,10,38,23.63157894736842,22.5,1,70,2,0.05263157894736842,0.13157894736842105,4.534708090220863,4.6536305760450265,0.7682014355751032,0.8198051948051948,0.7049450549450549,0.875,digits,0.1,member_training_labels_only,0.5312628657595946,0.5118435400937937,0.0066815144766146995,nan
semi_digits_trainnoise0.1,sklearn.load_digits,73,0.7,release_2,granular_ball,logistic,1797,64,10,38,23.63157894736842,4.0,1,103,7,0.42105263157894735,0.5263157894736842,3.2934082084691387,3.6775550248082105,0.8450482523918038,0.8449519230769231,0.75,1.0,digits,0.1,member_training_labels_only,0.5378953973442592,0.5449329176557011,0.026726057906458798,nan
semi_digits_trainnoise0.1,sklearn.load_digits,73,0.7,release_2,granular_ball,random_forest,1797,64,10,38,23.63157894736842,4.0,1,103,7,0.42105263157894735,0.5263157894736842,3.2934082084691387,3.6775550248082105,0.8450482523918038,0.8449519230769231,0.75,1.0,digits,0.1,member_training_labels_only,0.5412398748022084,0.5546027124211473,0.0378619153674833,nan
semi_digits_trainnoise0.1,sklearn.load_digits,73,0.7,release_2,matched_kmeans,logistic,1797,64,10,38,23.63157894736842,22.5,1,70,2,0.05263157894736842,0.13157894736842105,4.534708090220863,4.6536305760450265,0.7682014355751032,0.8198051948051948,0.7049450549450549,0.875,digits,0.1,member_training_labels_only,0.57054652506684,0.5602422667917778,0.01670378619153675,nan
semi_digits_trainnoise0.1,sklearn.load_digits,73,0.7,release_2,matched_kmeans,random_forest,1797,64,10,38,23.63157894736842,22.5,1,70,2,0.05263157894736842,0.13157894736842105,4.534708090220863,4.6536305760450265,0.7682014355751032,0.8198051948051948,0.7049450549450549,0.875,digits,0.1,member_training_labels_only,0.532550681792253,0.5253299875897122,0.012249443207126948,nan
semi_digits_trainnoise0.1,sklearn.load_digits,73,0.7,release_3,granular_ball,logistic,1797,64,10,38,23.63157894736842,4.0,1,103,7,0.42105263157894735,0.5263157894736842,3.2934082084691387,3.6775550248082105,0.8450482523918038,0.8449519230769231,0.75,1.0,digits,0.1,member_training_labels_only,0.5175098337805863,0.5311253210254285,0.025612472160356347,nan
semi_digits_trainnoise0.1,sklearn.load_digits,73,0.7,release_3,granular_ball,random_forest,1797,64,10,38,23.63157894736842,4.0,1,103,7,0.42105263157894735,0.5263157894736842,3.2934082084691387,3.6775550248082105,0.8450482523918038,0.8449519230769231,0.75,1.0,digits,0.1,member_training_labels_only,0.5549563246214056,0.5610418969105984,0.031180400890868598,nan
semi_digits_trainnoise0.1,sklearn.load_digits,73,0.7,release_3,matched_kmeans,logistic,1797,64,10,38,23.63157894736842,22.5,1,70,2,0.05263157894736842,0.13157894736842105,4.534708090220863,4.6536305760450265,0.7682014355751032,0.8198051948051948,0.7049450549450549,0.875,digits,0.1,member_training_labels_only,0.558217717174022,0.5510810325376408,0.015590200445434299,nan
semi_digits_trainnoise0.1,sklearn.load_digits,73,0.7,release_3,matched_kmeans,random_forest,1797,64,10,38,23.63157894736842,22.5,1,70,2,0.05263157894736842,0.13157894736842105,4.534708090220863,4.6536305760450265,0.7682014355751032,0.8198051948051948,0.7049450549450549,0.875,digits,0.1,member_training_labels_only,0.5378296734639212,0.532406623020262,0.012249443207126948,nan
semi_digits_trainnoise0.1,sklearn.load_digits,73,0.8,release_1,granular_ball,logistic,1797,64,10,125,7.184,2.0,1,99,39,0.64,0.792,2.205662287279676,2.471717788882874,0.9118368081997765,1.0,0.8571428571428571,1.0,digits,0.1,member_training_labels_only,0.6309963740259225,0.6457454398457892,0.07683741648106904,nan
semi_digits_trainnoise0.1,sklearn.load_digits,73,0.8,release_1,granular_ball,random_forest,1797,64,10,125,7.184,2.0,1,99,39,0.64,0.792,2.205662287279676,2.471717788882874,0.9118368081997765,1.0,0.8571428571428571,1.0,digits,0.1,member_training_labels_only,0.59347299864584,0.6312551350448828,0.0935412026726058,nan
semi_digits_trainnoise0.1,sklearn.load_digits,73,0.8,release_1,matched_kmeans,logistic,1797,64,10,125,7.184,6.0,1,20,9,0.152,0.416,3.2253336322094692,3.411004854691648,0.8762411678448829,0.9090909090909091,0.8,1.0,digits,0.1,member_training_labels_only,0.7436681861697114,0.7221301515312419,0.051224944320712694,nan
semi_digits_trainnoise0.1,sklearn.load_digits,73,0.8,release_1,matched_kmeans,random_forest,1797,64,10,125,7.184,6.0,1,20,9,0.152,0.416,3.2253336322094692,3.411004854691648,0.8762411678448829,0.9090909090909091,0.8,1.0,digits,0.1,member_training_labels_only,0.7010753914911136,0.6718631612862027,0.034521158129175944,nan
semi_digits_trainnoise0.1,sklearn.load_digits,73,0.8,release_2,granular_ball,logistic,1797,64,10,125,7.184,2.0,1,99,39,0.64,0.792,2.205662287279676,2.471717788882874,0.9118368081997765,1.0,0.8571428571428571,1.0,digits,0.1,member_training_labels_only,0.641762689669198,0.647092435127887,0.07461024498886415,nan
semi_digits_trainnoise0.1,sklearn.load_digits,73,0.8,release_2,granular_ball,random_forest,1797,64,10,125,7.184,2.0,1,99,39,0.64,0.792,2.205662287279676,2.471717788882874,0.9118368081997765,1.0,0.8571428571428571,1.0,digits,0.1,member_training_labels_only,0.6622604798587308,0.6924463180673173,0.13140311804008908,nan
semi_digits_trainnoise0.1,sklearn.load_digits,73,0.8,release_2,matched_kmeans,logistic,1797,64,10,125,7.184,6.0,1,20,9,0.152,0.416,3.2253336322094692,3.411004854691648,0.8762411678448829,0.9090909090909091,0.8,1.0,digits,0.1,member_training_labels_only,0.7650693696955868,0.7431415818301139,0.053452115812917596,nan
semi_digits_trainnoise0.1,sklearn.load_digits,73,0.8,release_2,matched_kmeans,random_forest,1797,64,10,125,7.184,6.0,1,20,9,0.152,0.416,3.2253336322094692,3.411004854691648,0.8762411678448829,0.9090909090909091,0.8,1.0,digits,0.1,member_training_labels_only,0.7537506014355088,0.7299717869860735,0.05456570155902005,nan
semi_digits_trainnoise0.1,sklearn.load_digits,73,0.8,release_3,granular_ball,logistic,1797,64,10,125,7.184,2.0,1,99,39,0.64,0.792,2.205662287279676,2.471717788882874,0.9118368081997765,1.0,0.8571428571428571,1.0,digits,0.1,member_training_labels_only,0.6455697144359402,0.6569926842825324,0.07126948775055679,nan
semi_digits_trainnoise0.1,sklearn.load_digits,73,0.8,release_3,granular_ball,random_forest,1797,64,10,125,7.184,2.0,1,99,39,0.64,0.792,2.205662287279676,2.471717788882874,0.9118368081997765,1.0,0.8571428571428571,1.0,digits,0.1,member_training_labels_only,0.6647635676410335,0.6904339815057713,0.11024498886414254,nan
semi_digits_trainnoise0.1,sklearn.load_digits,73,0.8,release_3,matched_kmeans,logistic,1797,64,10,125,7.184,6.0,1,20,9,0.152,0.416,3.2253336322094692,3.411004854691648,0.8762411678448829,0.9090909090909091,0.8,1.0,digits,0.1,member_training_labels_only,0.7606720700790174,0.7331076190953711,0.051224944320712694,nan
semi_digits_trainnoise0.1,sklearn.load_digits,73,0.8,release_3,matched_kmeans,random_forest,1797,64,10,125,7.184,6.0,1,20,9,0.152,0.416,3.2253336322094692,3.411004854691648,0.8762411678448829,0.9090909090909091,0.8,1.0,digits,0.1,member_training_labels_only,0.76280995629982,0.7366732359194721,0.08685968819599109,nan
semi_digits_trainnoise0.1,sklearn.load_digits,73,0.9,release_1,granular_ball,logistic,1797,64,10,300,2.993333333333333,2.0,1,88,107,0.72,0.91,1.7434959789223743,2.0577811141377857,0.9042988677988679,1.0,1.0,1.0,digits,0.1,member_training_labels_only,0.8087509486560086,0.8210804086434149,0.20378619153674832,nan
semi_digits_trainnoise0.1,sklearn.load_digits,73,0.9,release_1,granular_ball,random_forest,1797,64,10,300,2.993333333333333,2.0,1,88,107,0.72,0.91,1.7434959789223743,2.0577811141377857,0.9042988677988679,1.0,1.0,1.0,digits,0.1,member_training_labels_only,0.7929548960570633,0.8228209623434786,0.27839643652561247,nan
semi_digits_trainnoise0.1,sklearn.load_digits,73,0.9,release_1,matched_kmeans,logistic,1797,64,10,300,2.993333333333333,2.0,1,14,94,0.5333333333333333,0.8733333333333333,1.7690187437406886,2.2998728846847665,0.918419312169312,1.0,0.8705357142857143,1.0,digits,0.1,member_training_labels_only,0.890949201640865,0.8916116648332125,0.3619153674832962,nan
semi_digits_trainnoise0.1,sklearn.load_digits,73,0.9,release_1,matched_kmeans,random_forest,1797,64,10,300,2.993333333333333,2.0,1,14,94,0.5333333333333333,0.8733333333333333,1.7690187437406886,2.2998728846847665,0.918419312169312,1.0,0.8705357142857143,1.0,digits,0.1,member_training_labels_only,0.8820956989300648,0.8899866817119275,0.31625835189309576,nan
semi_digits_trainnoise0.1,sklearn.load_digits,73,0.9,release_2,granular_ball,logistic,1797,64,10,300,2.993333333333333,2.0,1,88,107,0.72,0.91,1.7434959789223743,2.0577811141377857,0.9042988677988679,1.0,1.0,1.0,digits,0.1,member_training_labels_only,0.8381270430206199,0.8227522324483809,0.13697104677060135,nan
semi_digits_trainnoise0.1,sklearn.load_digits,73,0.9,release_2,granular_ball,random_forest,1797,64,10,300,2.993333333333333,2.0,1,88,107,0.72,0.91,1.7434959789223743,2.0577811141377857,0.9042988677988679,1.0,1.0,1.0,digits,0.1,member_training_labels_only,0.8664081527373375,0.8799033155487779,0.3574610244988864,nan
semi_digits_trainnoise0.1,sklearn.load_digits,73,0.9,release_2,matched_kmeans,logistic,1797,64,10,300,2.993333333333333,2.0,1,14,94,0.5333333333333333,0.8733333333333333,1.7690187437406886,2.2998728846847665,0.918419312169312,1.0,0.8705357142857143,1.0,digits,0.1,member_training_labels_only,0.9207828830214135,0.9152324326296577,0.32962138084632514,nan
semi_digits_trainnoise0.1,sklearn.load_digits,73,0.9,release_2,matched_kmeans,random_forest,1797,64,10,300,2.993333333333333,2.0,1,14,94,0.5333333333333333,0.8733333333333333,1.7690187437406886,2.2998728846847665,0.918419312169312,1.0,0.8705357142857143,1.0,digits,0.1,member_training_labels_only,0.9153991051631689,0.9176731010420731,0.3986636971046771,nan
semi_digits_trainnoise0.1,sklearn.load_digits,73,0.9,release_3,granular_ball,logistic,1797,64,10,300,2.993333333333333,2.0,1,88,107,0.72,0.91,1.7434959789223743,2.0577811141377857,0.9042988677988679,1.0,1.0,1.0,digits,0.1,member_training_labels_only,0.841697213803503,0.8396940711217011,0.16481069042316257,nan
semi_digits_trainnoise0.1,sklearn.load_digits,73,0.9,release_3,granular_ball,random_forest,1797,64,10,300,2.993333333333333,2.0,1,88,107,0.72,0.91,1.7434959789223743,2.0577811141377857,0.9042988677988679,1.0,1.0,1.0,digits,0.1,member_training_labels_only,0.867794554590503,0.8795983464570171,0.3619153674832962,nan
semi_digits_trainnoise0.1,sklearn.load_digits,73,0.9,release_3,matched_kmeans,logistic,1797,64,10,300,2.993333333333333,2.0,1,14,94,0.5333333333333333,0.8733333333333333,1.7690187437406886,2.2998728846847665,0.918419312169312,1.0,0.8705357142857143,1.0,digits,0.1,member_training_labels_only,0.9186859192166706,0.9132504236374664,0.33407572383073497,nan
semi_digits_trainnoise0.1,sklearn.load_digits,73,0.9,release_3,matched_kmeans,random_forest,1797,64,10,300,2.993333333333333,2.0,1,14,94,0.5333333333333333,0.8733333333333333,1.7690187437406886,2.2998728846847665,0.918419312169312,1.0,0.8705357142857143,1.0,digits,0.1,member_training_labels_only,0.924619049508683,0.9239857570237683,0.39643652561247217,nan
semi_digits_trainnoise0.1,sklearn.load_digits,73,0.95,release_1,granular_ball,logistic,1797,64,10,369,2.4336043360433606,2.0,1,22,134,0.7317073170731707,0.9295392953929539,1.6505766685597212,1.9504125693305667,0.9131559497413155,1.0,1.0,1.0,digits,0.1,member_training_labels_only,0.8798493063030441,0.884992493997095,0.2973273942093541,nan
semi_digits_trainnoise0.1,sklearn.load_digits,73,0.95,release_1,granular_ball,random_forest,1797,64,10,369,2.4336043360433606,2.0,1,22,134,0.7317073170731707,0.9295392953929539,1.6505766685597212,1.9504125693305667,0.9131559497413155,1.0,1.0,1.0,digits,0.1,member_training_labels_only,0.8618924261288387,0.8737938989626756,0.2795100222717149,nan
semi_digits_trainnoise0.1,sklearn.load_digits,73,0.95,release_1,matched_kmeans,logistic,1797,64,10,369,2.4336043360433606,2.0,1,10,144,0.6341463414634146,0.9322493224932249,1.4329249221162115,1.9482810831336517,0.9302576676560417,1.0,1.0,1.0,digits,0.1,member_training_labels_only,0.929422473102812,0.9282879340955812,0.43318485523385303,nan
semi_digits_trainnoise0.1,sklearn.load_digits,73,0.95,release_1,matched_kmeans,random_forest,1797,64,10,369,2.4336043360433606,2.0,1,10,144,0.6341463414634146,0.9322493224932249,1.4329249221162115,1.9482810831336517,0.9302576676560417,1.0,1.0,1.0,digits,0.1,member_training_labels_only,0.9254709798066478,0.933133883757423,0.42538975501113585,nan
semi_digits_trainnoise0.1,sklearn.load_digits,73,0.95,release_2,granular_ball,logistic,1797,64,10,369,2.4336043360433606,2.0,1,22,134,0.7317073170731707,0.9295392953929539,1.6505766685597212,1.9504125693305667,0.9131559497413155,1.0,1.0,1.0,digits,0.1,member_training_labels_only,0.917174269968899,0.9048856815129386,0.22605790645879734,nan
semi_digits_trainnoise0.1,sklearn.load_digits,73,0.95,release_2,granular_ball,random_forest,1797,64,10,369,2.4336043360433606,2.0,1,22,134,0.7317073170731707,0.9295392953929539,1.6505766685597212,1.9504125693305667,0.9131559497413155,1.0,1.0,1.0,digits,0.1,member_training_labels_only,0.9275574029890724,0.9322025921917294,0.4688195991091314,nan
semi_digits_trainnoise0.1,sklearn.load_digits,73,0.95,release_2,matched_kmeans,logistic,1797,64,10,369,2.4336043360433606,2.0,1,10,144,0.6341463414634146,0.9322493224932249,1.4329249221162115,1.9482810831336517,0.9302576676560417,1.0,1.0,1.0,digits,0.1,member_training_labels_only,0.9524903150281993,0.9485801191131475,0.4198218262806236,nan
semi_digits_trainnoise0.1,sklearn.load_digits,73,0.95,release_2,matched_kmeans,random_forest,1797,64,10,369,2.4336043360433606,2.0,1,10,144,0.6341463414634146,0.9322493224932249,1.4329249221162115,1.9482810831336517,0.9302576676560417,1.0,1.0,1.0,digits,0.1,member_training_labels_only,0.9544242092053115,0.9539208228931352,0.4298440979955457,nan
semi_digits_trainnoise0.1,sklearn.load_digits,73,0.95,release_3,granular_ball,logistic,1797,64,10,369,2.4336043360433606,2.0,1,22,134,0.7317073170731707,0.9295392953929539,1.6505766685597212,1.9504125693305667,0.9131559497413155,1.0,1.0,1.0,digits,0.1,member_training_labels_only,0.9161586500066964,0.9067518312010233,0.23385300668151449,nan
semi_digits_trainnoise0.1,sklearn.load_digits,73,0.95,release_3,granular_ball,random_forest,1797,64,10,369,2.4336043360433606,2.0,1,22,134,0.7317073170731707,0.9295392953929539,1.6505766685597212,1.9504125693305667,0.9131559497413155,1.0,1.0,1.0,digits,0.1,member_training_labels_only,0.9338916969657889,0.9362289663413149,0.4576837416481069,nan
semi_digits_trainnoise0.1,sklearn.load_digits,73,0.95,release_3,matched_kmeans,logistic,1797,64,10,369,2.4336043360433606,2.0,1,10,144,0.6341463414634146,0.9322493224932249,1.4329249221162115,1.9482810831336517,0.9302576676560417,1.0,1.0,1.0,digits,0.1,member_training_labels_only,0.9519868453033468,0.9475853895857491,0.4365256124721604,nan
semi_digits_trainnoise0.1,sklearn.load_digits,73,0.95,release_3,matched_kmeans,random_forest,1797,64,10,369,2.4336043360433606,2.0,1,10,144,0.6341463414634146,0.9322493224932249,1.4329249221162115,1.9482810831336517,0.9302576676560417,1.0,1.0,1.0,digits,0.1,member_training_labels_only,0.9583602015863018,0.9566952597205055,0.5,nan
semi_digits_trainnoise0.1,sklearn.load_digits,73,0.99,release_1,granular_ball,logistic,1797,64,10,373,2.4075067024128685,2.0,1,21,134,0.7265415549597856,0.9302949061662198,1.6514755142488116,1.9481045961189425,0.9128686327077749,1.0,1.0,1.0,digits,0.1,member_training_labels_only,0.8845777054677307,0.8891957665508139,0.29287305122494434,nan
semi_digits_trainnoise0.1,sklearn.load_digits,73,0.99,release_1,granular_ball,random_forest,1797,64,10,373,2.4075067024128685,2.0,1,21,134,0.7265415549597856,0.9302949061662198,1.6514755142488116,1.9481045961189425,0.9128686327077749,1.0,1.0,1.0,digits,0.1,member_training_labels_only,0.8703639862897505,0.8861847339056133,0.31737193763919824,nan
semi_digits_trainnoise0.1,sklearn.load_digits,73,0.99,release_1,matched_kmeans,logistic,1797,64,10,373,2.4075067024128685,2.0,1,9,147,0.6407506702412868,0.9329758713136729,1.4174986438197235,1.9344053061600202,0.9305140644282736,1.0,1.0,1.0,digits,0.1,member_training_labels_only,0.9327632303411194,0.9309589872489344,0.4376391982182628,nan
semi_digits_trainnoise0.1,sklearn.load_digits,73,0.99,release_1,matched_kmeans,random_forest,1797,64,10,373,2.4075067024128685,2.0,1,9,147,0.6407506702412868,0.9329758713136729,1.4174986438197235,1.9344053061600202,0.9305140644282736,1.0,1.0,1.0,digits,0.1,member_training_labels_only,0.9299160222419532,0.9364304281149021,0.5233853006681515,nan
semi_digits_trainnoise0.1,sklearn.load_digits,73,0.99,release_2,granular_ball,logistic,1797,64,10,373,2.4075067024128685,2.0,1,21,134,0.7265415549597856,0.9302949061662198,1.6514755142488116,1.9481045961189425,0.9128686327077749,1.0,1.0,1.0,digits,0.1,member_training_labels_only,0.9188024860987792,0.9072583573592781,0.22383073496659242,nan
semi_digits_trainnoise0.1,sklearn.load_digits,73,0.99,release_2,granular_ball,random_forest,1797,64,10,373,2.4075067024128685,2.0,1,21,134,0.7265415549597856,0.9302949061662198,1.6514755142488116,1.9481045961189425,0.9128686327077749,1.0,1.0,1.0,digits,0.1,member_training_labels_only,0.9319261809217215,0.9373432430622253,0.4844097995545657,nan
semi_digits_trainnoise0.1,sklearn.load_digits,73,0.99,release_2,matched_kmeans,logistic,1797,64,10,373,2.4075067024128685,2.0,1,9,147,0.6407506702412868,0.9329758713136729,1.4174986438197235,1.9344053061600202,0.9305140644282736,1.0,1.0,1.0,digits,0.1,member_training_labels_only,0.9552159959524011,0.9520012328166589,0.5233853006681515,nan
semi_digits_trainnoise0.1,sklearn.load_digits,73,0.99,release_2,matched_kmeans,random_forest,1797,64,10,373,2.4075067024128685,2.0,1,9,147,0.6407506702412868,0.9329758713136729,1.4174986438197235,1.9344053061600202,0.9305140644282736,1.0,1.0,1.0,digits,0.1,member_training_labels_only,0.9571325291045183,0.957302699143814,0.5089086859688196,nan
semi_digits_trainnoise0.1,sklearn.load_digits,73,0.99,release_3,granular_ball,logistic,1797,64,10,373,2.4075067024128685,2.0,1,21,134,0.7265415549597856,0.9302949061662198,1.6514755142488116,1.9481045961189425,0.9128686327077749,1.0,1.0,1.0,digits,0.1,member_training_labels_only,0.9180336407061473,0.9094758705856938,0.24053452115812918,nan
semi_digits_trainnoise0.1,sklearn.load_digits,73,0.99,release_3,granular_ball,random_forest,1797,64,10,373,2.4075067024128685,2.0,1,21,134,0.7265415549597856,0.9302949061662198,1.6514755142488116,1.9481045961189425,0.9128686327077749,1.0,1.0,1.0,digits,0.1,member_training_labels_only,0.9381687094806077,0.940736448949544,0.4576837416481069,nan
semi_digits_trainnoise0.1,sklearn.load_digits,73,0.99,release_3,matched_kmeans,logistic,1797,64,10,373,2.4075067024128685,2.0,1,9,147,0.6407506702412868,0.9329758713136729,1.4174986438197235,1.9344053061600202,0.9305140644282736,1.0,1.0,1.0,digits,0.1,member_training_labels_only,0.9545550369293804,0.9513146913919412,0.5055679287305123,nan
semi_digits_trainnoise0.1,sklearn.load_digits,73,0.99,release_3,matched_kmeans,random_forest,1797,64,10,373,2.4075067024128685,2.0,1,9,147,0.6407506702412868,0.9329758713136729,1.4174986438197235,1.9344053061600202,0.9305140644282736,1.0,1.0,1.0,digits,0.1,member_training_labels_only,0.9616916582755046,0.9610357496341049,0.5244988864142539,nan
semi_digits_trainnoise0.1,sklearn.load_digits,314,0.7,release_1,granular_ball,logistic,1797,64,10,74,12.135135135135135,2.0,1,94,18,0.527027027027027,0.6756756756756757,2.804694602068345,3.2723106300734006,0.8164142770075756,0.8239845261121856,0.7329545454545454,1.0,digits,0.1,member_training_labels_only,0.5871052226923478,0.5906463332827203,0.036748329621380846,nan
semi_digits_trainnoise0.1,sklearn.load_digits,314,0.7,release_1,granular_ball,random_forest,1797,64,10,74,12.135135135135135,2.0,1,94,18,0.527027027027027,0.6756756756756757,2.804694602068345,3.2723106300734006,0.8164142770075756,0.8239845261121856,0.7329545454545454,1.0,digits,0.1,member_training_labels_only,0.5694267389546679,0.570337826555301,0.030066815144766147,nan
semi_digits_trainnoise0.1,sklearn.load_digits,314,0.7,release_1,matched_kmeans,logistic,1797,64,10,74,12.135135135135135,11.0,1,46,3,0.0945945945945946,0.22972972972972974,3.8388768463741982,4.047687677389547,0.7994309373892764,0.8693181818181819,0.6764705882352942,0.9533333333333334,digits,0.1,member_training_labels_only,0.6597412711246473,0.6326420240152748,0.026726057906458798,nan
semi_digits_trainnoise0.1,sklearn.load_digits,314,0.7,release_1,matched_kmeans,random_forest,1797,64,10,74,12.135135135135135,11.0,1,46,3,0.0945945945945946,0.22972972972972974,3.8388768463741982,4.047687677389547,0.7994309373892764,0.8693181818181819,0.6764705882352942,0.9533333333333334,digits,0.1,member_training_labels_only,0.6367825556420852,0.6035833941987537,0.030066815144766147,nan
semi_digits_trainnoise0.1,sklearn.load_digits,314,0.7,release_2,granular_ball,logistic,1797,64,10,74,12.135135135135135,2.0,1,94,18,0.527027027027027,0.6756756756756757,2.804694602068345,3.2723106300734006,0.8164142770075756,0.8239845261121856,0.7329545454545454,1.0,digits,0.1,member_training_labels_only,0.5896337319755358,0.589082495514026,0.034521158129175944,nan
semi_digits_trainnoise0.1,sklearn.load_digits,314,0.7,release_2,granular_ball,random_forest,1797,64,10,74,12.135135135135135,2.0,1,94,18,0.527027027027027,0.6756756756756757,2.804694602068345,3.2723106300734006,0.8164142770075756,0.8239845261121856,0.7329545454545454,1.0,digits,0.1,member_training_labels_only,0.5917102345722491,0.6066737795437703,0.06792873051224944,nan
semi_digits_trainnoise0.1,sklearn.load_digits,314,0.7,release_2,matched_kmeans,logistic,1797,64,10,74,12.135135135135135,11.0,1,46,3,0.0945945945945946,0.22972972972972974,3.8388768463741982,4.047687677389547,0.7994309373892764,0.8693181818181819,0.6764705882352942,0.9533333333333334,digits,0.1,member_training_labels_only,0.6616832257776499,0.6313401910797268,0.026726057906458798,nan
semi_digits_trainnoise0.1,sklearn.load_digits,314,0.7,release_2,matched_kmeans,random_forest,1797,64,10,74,12.135135135135135,11.0,1,46,3,0.0945945945945946,0.22972972972972974,3.8388768463741982,4.047687677389547,0.7994309373892764,0.8693181818181819,0.6764705882352942,0.9533333333333334,digits,0.1,member_training_labels_only,0.6587107702838775,0.6408439446845032,0.02783964365256125,nan
semi_digits_trainnoise0.1,sklearn.load_digits,314,0.7,release_3,granular_ball,logistic,1797,64,10,74,12.135135135135135,2.0,1,94,18,0.527027027027027,0.6756756756756757,2.804694602068345,3.2723106300734006,0.8164142770075756,0.8239845261121856,0.7329545454545454,1.0,digits,0.1,member_training_labels_only,0.576885779336412,0.5853320905442909,0.044543429844097995,nan
semi_digits_trainnoise0.1,sklearn.load_digits,314,0.7,release_3,granular_ball,random_forest,1797,64,10,74,12.135135135135135,2.0,1,94,18,0.527027027027027,0.6756756756756757,2.804694602068345,3.2723106300734006,0.8164142770075756,0.8239845261121856,0.7329545454545454,1.0,digits,0.1,member_training_labels_only,0.594064513568881,0.6098174624543521,0.07126948775055679,nan
semi_digits_trainnoise0.1,sklearn.load_digits,314,0.7,release_3,matched_kmeans,logistic,1797,64,10,74,12.135135135135135,11.0,1,46,3,0.0945945945945946,0.22972972972972974,3.8388768463741982,4.047687677389547,0.7994309373892764,0.8693181818181819,0.6764705882352942,0.9533333333333334,digits,0.1,member_training_labels_only,0.6492192499045143,0.6252239197669299,0.02783964365256125,nan
semi_digits_trainnoise0.1,sklearn.load_digits,314,0.7,release_3,matched_kmeans,random_forest,1797,64,10,74,12.135135135135135,11.0,1,46,3,0.0945945945945946,0.22972972972972974,3.8388768463741982,4.047687677389547,0.7994309373892764,0.8693181818181819,0.6764705882352942,0.9533333333333334,digits,0.1,member_training_labels_only,0.659294844767635,0.6458424452286473,0.051224944320712694,nan
semi_digits_trainnoise0.1,sklearn.load_digits,314,0.8,release_1,granular_ball,logistic,1797,64,10,134,6.701492537313433,2.0,1,89,44,0.6865671641791045,0.7985074626865671,2.2351924256387776,2.475737516587072,0.8565760593375216,1.0,0.8,1.0,digits,0.1,member_training_labels_only,0.6508710274254592,0.6668858325987955,0.09131403118040089,nan
semi_digits_trainnoise0.1,sklearn.load_digits,314,0.8,release_1,granular_ball,random_forest,1797,64,10,134,6.701492537313433,2.0,1,89,44,0.6865671641791045,0.7985074626865671,2.2351924256387776,2.475737516587072,0.8565760593375216,1.0,0.8,1.0,digits,0.1,member_training_labels_only,0.6149535468574064,0.641509610035274,0.10244988864142539,nan
semi_digits_trainnoise0.1,sklearn.load_digits,314,0.8,release_1,matched_kmeans,logistic,1797,64,10,134,6.701492537313433,5.0,1,35,15,0.208955223880597,0.5223880597014925,3.0226232586809543,3.327132158793413,0.8708881532817002,0.9166666666666666,0.7625,1.0,digits,0.1,member_training_labels_only,0.7430047470002629,0.7316665513679248,0.07683741648106904,nan
semi_digits_trainnoise0.1,sklearn.load_digits,314,0.8,release_1,matched_kmeans,random_forest,1797,64,10,134,6.701492537313433,5.0,1,35,15,0.208955223880597,0.5223880597014925,3.0226232586809543,3.327132158793413,0.8708881532817002,0.9166666666666666,0.7625,1.0,digits,0.1,member_training_labels_only,0.7047261670329016,0.7018710932398845,0.05679287305122494,nan
semi_digits_trainnoise0.1,sklearn.load_digits,314,0.8,release_2,granular_ball,logistic,1797,64,10,134,6.701492537313433,2.0,1,89,44,0.6865671641791045,0.7985074626865671,2.2351924256387776,2.475737516587072,0.8565760593375216,1.0,0.8,1.0,digits,0.1,member_training_labels_only,0.6620800492061052,0.6628333839207725,0.0757238307349666,nan
semi_digits_trainnoise0.1,sklearn.load_digits,314,0.8,release_2,granular_ball,random_forest,1797,64,10,134,6.701492537313433,2.0,1,89,44,0.6865671641791045,0.7985074626865671,2.2351924256387776,2.475737516587072,0.8565760593375216,1.0,0.8,1.0,digits,0.1,member_training_labels_only,0.6735234448241825,0.7034199265482647,0.15478841870824053,nan
semi_digits_trainnoise0.1,sklearn.load_digits,314,0.8,release_2,matched_kmeans,logistic,1797,64,10,134,6.701492537313433,5.0,1,35,15,0.208955223880597,0.5223880597014925,3.0226232586809543,3.327132158793413,0.8708881532817002,0.9166666666666666,0.7625,1.0,digits,0.1,member_training_labels_only,0.7558692665214956,0.7378341346713403,0.09020044543429843,nan
semi_digits_trainnoise0.1,sklearn.load_digits,314,0.8,release_2,matched_kmeans,random_forest,1797,64,10,134,6.701492537313433,5.0,1,35,15,0.208955223880597,0.5223880597014925,3.0226232586809543,3.327132158793413,0.8708881532817002,0.9166666666666666,0.7625,1.0,digits,0.1,member_training_labels_only,0.7439093804098194,0.7312894867259652,0.09799554565701558,nan
semi_digits_trainnoise0.1,sklearn.load_digits,314,0.8,release_3,granular_ball,logistic,1797,64,10,134,6.701492537313433,2.0,1,89,44,0.6865671641791045,0.7985074626865671,2.2351924256387776,2.475737516587072,0.8565760593375216,1.0,0.8,1.0,digits,0.1,member_training_labels_only,0.6521954256179284,0.659618489919876,0.08240534521158129,nan
semi_digits_trainnoise0.1,sklearn.load_digits,314,0.8,release_3,granular_ball,random_forest,1797,64,10,134,6.701492537313433,2.0,1,89,44,0.6865671641791045,0.7985074626865671,2.2351924256387776,2.475737516587072,0.8565760593375216,1.0,0.8,1.0,digits,0.1,member_training_labels_only,0.6729331699743553,0.7041405720788321,0.15812917594654788,nan
semi_digits_trainnoise0.1,sklearn.load_digits,314,0.8,release_3,matched_kmeans,logistic,1797,64,10,134,6.701492537313433,5.0,1,35,15,0.208955223880597,0.5223880597014925,3.0226232586809543,3.327132158793413,0.8708881532817002,0.9166666666666666,0.7625,1.0,digits,0.1,member_training_labels_only,0.7499379963393039,0.7309738412646845,0.08351893095768374,nan
semi_digits_trainnoise0.1,sklearn.load_digits,314,0.8,release_3,matched_kmeans,random_forest,1797,64,10,134,6.701492537313433,5.0,1,35,15,0.208955223880597,0.5223880597014925,3.0226232586809543,3.327132158793413,0.8708881532817002,0.9166666666666666,0.7625,1.0,digits,0.1,member_training_labels_only,0.7433730487447978,0.7346847789613503,0.08129175946547884,nan
semi_digits_trainnoise0.1,sklearn.load_digits,314,0.9,release_1,granular_ball,logistic,1797,64,10,307,2.9250814332247557,2.0,1,45,110,0.7361563517915309,0.9055374592833876,1.751050493090174,2.048308360708539,0.8888485136869774,1.0,0.9298029556650247,1.0,digits,0.1,member_training_labels_only,0.8306233600031747,0.8518556916058536,0.289532293986637,nan
semi_digits_trainnoise0.1,sklearn.load_digits,314,0.9,release_1,granular_ball,random_forest,1797,64,10,307,2.9250814332247557,2.0,1,45,110,0.7361563517915309,0.9055374592833876,1.751050493090174,2.048308360708539,0.8888485136869774,1.0,0.9298029556650247,1.0,digits,0.1,member_training_labels_only,0.8078215137821736,0.8362966111322245,0.31403118040089084,nan
semi_digits_trainnoise0.1,sklearn.load_digits,314,0.9,release_1,matched_kmeans,logistic,1797,64,10,307,2.9250814332247557,2.0,1,11,94,0.5374592833876222,0.8827361563517915,1.7588074202730064,2.2477724299318806,0.9190010857763301,1.0,0.8660714285714286,1.0,digits,0.1,member_training_labels_only,0.9009590726236476,0.9037104261356046,0.38530066815144765,nan
semi_digits_trainnoise0.1,sklearn.load_digits,314,0.9,release_1,matched_kmeans,random_forest,1797,64,10,307,2.9250814332247557,2.0,1,11,94,0.5374592833876222,0.8827361563517915,1.7588074202730064,2.2477724299318806,0.9190010857763301,1.0,0.8660714285714286,1.0,digits,0.1,member_training_labels_only,0.8934101269338942,0.9047468749142138,0.42316258351893093,nan
semi_digits_trainnoise0.1,sklearn.load_digits,314,0.9,release_2,granular_ball,logistic,1797,64,10,307,2.9250814332247557,2.0,1,45,110,0.7361563517915309,0.9055374592833876,1.751050493090174,2.048308360708539,0.8888485136869774,1.0,0.9298029556650247,1.0,digits,0.1,member_training_labels_only,0.8572663330043007,0.8610528317197645,0.20489977728285078,nan
semi_digits_trainnoise0.1,sklearn.load_digits,314,0.9,release_2,granular_ball,random_forest,1797,64,10,307,2.9250814332247557,2.0,1,45,110,0.7361563517915309,0.9055374592833876,1.751050493090174,2.048308360708539,0.8888485136869774,1.0,0.9298029556650247,1.0,digits,0.1,member_training_labels_only,0.8746738607447384,0.8891588374870201,0.4220489977728285,nan
semi_digits_trainnoise0.1,sklearn.load_digits,314,0.9,release_2,matched_kmeans,logistic,1797,64,10,307,2.9250814332247557,2.0,1,11,94,0.5374592833876222,0.8827361563517915,1.7588074202730064,2.2477724299318806,0.9190010857763301,1.0,0.8660714285714286,1.0,digits,0.1,member_training_labels_only,0.9194237627789545,0.9142993914104725,0.31403118040089084,nan
semi_digits_trainnoise0.1,sklearn.load_digits,314,0.9,release_2,matched_kmeans,random_forest,1797,64,10,307,2.9250814332247557,2.0,1,11,94,0.5374592833876222,0.8827361563517915,1.7588074202730064,2.2477724299318806,0.9190010857763301,1.0,0.8660714285714286,1.0,digits,0.1,member_training_labels_only,0.9221705249477927,0.9247161613233689,0.4354120267260579,nan
semi_digits_trainnoise0.1,sklearn.load_digits,314,0.9,release_3,granular_ball,logistic,1797,64,10,307,2.9250814332247557,2.0,1,45,110,0.7361563517915309,0.9055374592833876,1.751050493090174,2.048308360708539,0.8888485136869774,1.0,0.9298029556650247,1.0,digits,0.1,member_training_labels_only,0.8539578176695553,0.8575386124954414,0.20155902004454343,nan
semi_digits_trainnoise0.1,sklearn.load_digits,314,0.9,release_3,granular_ball,random_forest,1797,64,10,307,2.9250814332247557,2.0,1,45,110,0.7361563517915309,0.9055374592833876,1.751050493090174,2.048308360708539,0.8888485136869774,1.0,0.9298029556650247,1.0,digits,0.1,member_training_labels_only,0.8791511450836058,0.8942109064923353,0.47216035634743875,nan
semi_digits_trainnoise0.1,sklearn.load_digits,314,0.9,release_3,matched_kmeans,logistic,1797,64,10,307,2.9250814332247557,2.0,1,11,94,0.5374592833876222,0.8827361563517915,1.7588074202730064,2.2477724299318806,0.9190010857763301,1.0,0.8660714285714286,1.0,digits,0.1,member_training_labels_only,0.9188049662452071,0.9131645067100664,0.32293986636971045,nan
semi_digits_trainnoise0.1,sklearn.load_digits,314,0.9,release_3,matched_kmeans,random_forest,1797,64,10,307,2.9250814332247557,2.0,1,11,94,0.5374592833876222,0.8827361563517915,1.7588074202730064,2.2477724299318806,0.9190010857763301,1.0,0.8660714285714286,1.0,digits,0.1,member_training_labels_only,0.9251591013933462,0.9238123589562606,0.4064587973273942,nan
semi_digits_trainnoise0.1,sklearn.load_digits,314,0.95,release_1,granular_ball,logistic,1797,64,10,379,2.3693931398416885,2.0,1,15,142,0.741424802110818,0.9313984168865436,1.6207491975361057,1.8912722339365255,0.895778364116095,1.0,1.0,1.0,digits,0.1,member_training_labels_only,0.8927249864832021,0.9051376529531677,0.388641425389755,nan
semi_digits_trainnoise0.1,sklearn.load_digits,314,0.95,release_1,granular_ball,random_forest,1797,64,10,379,2.3693931398416885,2.0,1,15,142,0.741424802110818,0.9313984168865436,1.6207491975361057,1.8912722339365255,0.895778364116095,1.0,1.0,1.0,digits,0.1,member_training_labels_only,0.8787549416917575,0.8976916462726896,0.43207126948775054,nan
semi_digits_trainnoise0.1,sklearn.load_digits,314,0.95,release_1,matched_kmeans,logistic,1797,64,10,379,2.3693931398416885,2.0,1,11,156,0.6701846965699209,0.9340369393139841,1.370689279131187,1.83906468326322,0.9354504334715418,1.0,1.0,1.0,digits,0.1,member_training_labels_only,0.9355769564635097,0.9401277381867259,0.5489977728285078,nan
semi_digits_trainnoise0.1,sklearn.load_digits,314,0.95,release_1,matched_kmeans,random_forest,1797,64,10,379,2.3693931398416885,2.0,1,11,156,0.6701846965699209,0.9340369393139841,1.370689279131187,1.83906468326322,0.9354504334715418,1.0,1.0,1.0,digits,0.1,member_training_labels_only,0.9306737069756599,0.9354334017232934,0.5991091314031181,nan
semi_digits_trainnoise0.1,sklearn.load_digits,314,0.95,release_2,granular_ball,logistic,1797,64,10,379,2.3693931398416885,2.0,1,15,142,0.741424802110818,0.9313984168865436,1.6207491975361057,1.8912722339365255,0.895778364116095,1.0,1.0,1.0,digits,0.1,member_training_labels_only,0.9180249601936499,0.9172307969458425,0.30066815144766146,nan
semi_digits_trainnoise0.1,sklearn.load_digits,314,0.95,release_2,granular_ball,random_forest,1797,64,10,379,2.3693931398416885,2.0,1,15,142,0.741424802110818,0.9313984168865436,1.6207491975361057,1.8912722339365255,0.895778364116095,1.0,1.0,1.0,digits,0.1,member_training_labels_only,0.9284607963254151,0.9371336286702854,0.5523385300668151,nan
semi_digits_trainnoise0.1,sklearn.load_digits,314,0.95,release_2,matched_kmeans,logistic,1797,64,10,379,2.3693931398416885,2.0,1,11,156,0.6701846965699209,0.9340369393139841,1.370689279131187,1.83906468326322,0.9354504334715418,1.0,1.0,1.0,digits,0.1,member_training_labels_only,0.952428311367503,0.9516565664666947,0.4888641425389755,nan
semi_digits_trainnoise0.1,sklearn.load_digits,314,0.95,release_2,matched_kmeans,random_forest,1797,64,10,379,2.3693931398416885,2.0,1,11,156,0.6701846965699209,0.9340369393139841,1.370689279131187,1.83906468326322,0.9354504334715418,1.0,1.0,1.0,digits,0.1,member_training_labels_only,0.9566786623082227,0.9571802362297703,0.60913140311804,nan
semi_digits_trainnoise0.1,sklearn.load_digits,314,0.95,release_3,granular_ball,logistic,1797,64,10,379,2.3693931398416885,2.0,1,15,142,0.741424802110818,0.9313984168865436,1.6207491975361057,1.8912722339365255,0.895778364116095,1.0,1.0,1.0,digits,0.1,member_training_labels_only,0.9157457056264603,0.9147058137486604,0.2884187082405345,nan
semi_digits_trainnoise0.1,sklearn.load_digits,314,0.95,release_3,granular_ball,random_forest,1797,64,10,379,2.3693931398416885,2.0,1,15,142,0.741424802110818,0.9313984168865436,1.6207491975361057,1.8912722339365255,0.895778364116095,1.0,1.0,1.0,digits,0.1,member_training_labels_only,0.9319677233743882,0.9409443917880069,0.5701559020044543,nan
semi_digits_trainnoise0.1,sklearn.load_digits,314,0.95,release_3,matched_kmeans,logistic,1797,64,10,379,2.3693931398416885,2.0,1,11,156,0.6701846965699209,0.9340369393139841,1.370689279131187,1.83906468326322,0.9354504334715418,1.0,1.0,1.0,digits,0.1,member_training_labels_only,0.9511101135411034,0.9494961087382833,0.4487750556792873,nan
semi_digits_trainnoise0.1,sklearn.load_digits,314,0.95,release_3,matched_kmeans,random_forest,1797,64,10,379,2.3693931398416885,2.0,1,11,156,0.6701846965699209,0.9340369393139841,1.370689279131187,1.83906468326322,0.9354504334715418,1.0,1.0,1.0,digits,0.1,member_training_labels_only,0.9570153421858028,0.9560841394610513,0.6035634743875279,nan
semi_digits_trainnoise0.1,sklearn.load_digits,314,0.99,release_1,granular_ball,logistic,1797,64,10,379,2.3693931398416885,2.0,1,15,142,0.741424802110818,0.9313984168865436,1.6207491975361057,1.8912722339365255,0.895778364116095,1.0,1.0,1.0,digits,0.1,member_training_labels_only,0.8927249864832021,0.9051376529531677,0.388641425389755,nan
semi_digits_trainnoise0.1,sklearn.load_digits,314,0.99,release_1,granular_ball,random_forest,1797,64,10,379,2.3693931398416885,2.0,1,15,142,0.741424802110818,0.9313984168865436,1.6207491975361057,1.8912722339365255,0.895778364116095,1.0,1.0,1.0,digits,0.1,member_training_labels_only,0.8787549416917575,0.8976916462726896,0.43207126948775054,nan
semi_digits_trainnoise0.1,sklearn.load_digits,314,0.99,release_1,matched_kmeans,logistic,1797,64,10,379,2.3693931398416885,2.0,1,11,156,0.6701846965699209,0.9340369393139841,1.370689279131187,1.83906468326322,0.9354504334715418,1.0,1.0,1.0,digits,0.1,member_training_labels_only,0.9355769564635097,0.9401277381867259,0.5489977728285078,nan
semi_digits_trainnoise0.1,sklearn.load_digits,314,0.99,release_1,matched_kmeans,random_forest,1797,64,10,379,2.3693931398416885,2.0,1,11,156,0.6701846965699209,0.9340369393139841,1.370689279131187,1.83906468326322,0.9354504334715418,1.0,1.0,1.0,digits,0.1,member_training_labels_only,0.9306737069756599,0.9354334017232934,0.5991091314031181,nan
semi_digits_trainnoise0.1,sklearn.load_digits,314,0.99,release_2,granular_ball,logistic,1797,64,10,379,2.3693931398416885,2.0,1,15,142,0.741424802110818,0.9313984168865436,1.6207491975361057,1.8912722339365255,0.895778364116095,1.0,1.0,1.0,digits,0.1,member_training_labels_only,0.9180249601936499,0.9172307969458425,0.30066815144766146,nan
semi_digits_trainnoise0.1,sklearn.load_digits,314,0.99,release_2,granular_ball,random_forest,1797,64,10,379,2.3693931398416885,2.0,1,15,142,0.741424802110818,0.9313984168865436,1.6207491975361057,1.8912722339365255,0.895778364116095,1.0,1.0,1.0,digits,0.1,member_training_labels_only,0.9284607963254151,0.9371336286702854,0.5523385300668151,nan
semi_digits_trainnoise0.1,sklearn.load_digits,314,0.99,release_2,matched_kmeans,logistic,1797,64,10,379,2.3693931398416885,2.0,1,11,156,0.6701846965699209,0.9340369393139841,1.370689279131187,1.83906468326322,0.9354504334715418,1.0,1.0,1.0,digits,0.1,member_training_labels_only,0.952428311367503,0.9516565664666947,0.4888641425389755,nan
semi_digits_trainnoise0.1,sklearn.load_digits,314,0.99,release_2,matched_kmeans,random_forest,1797,64,10,379,2.3693931398416885,2.0,1,11,156,0.6701846965699209,0.9340369393139841,1.370689279131187,1.83906468326322,0.9354504334715418,1.0,1.0,1.0,digits,0.1,member_training_labels_only,0.9566786623082227,0.9571802362297703,0.60913140311804,nan
semi_digits_trainnoise0.1,sklearn.load_digits,314,0.99,release_3,granular_ball,logistic,1797,64,10,379,2.3693931398416885,2.0,1,15,142,0.741424802110818,0.9313984168865436,1.6207491975361057,1.8912722339365255,0.895778364116095,1.0,1.0,1.0,digits,0.1,member_training_labels_only,0.9157457056264603,0.9147058137486604,0.2884187082405345,nan
semi_digits_trainnoise0.1,sklearn.load_digits,314,0.99,release_3,granular_ball,random_forest,1797,64,10,379,2.3693931398416885,2.0,1,15,142,0.741424802110818,0.9313984168865436,1.6207491975361057,1.8912722339365255,0.895778364116095,1.0,1.0,1.0,digits,0.1,member_training_labels_only,0.9319677233743882,0.9409443917880069,0.5701559020044543,nan
semi_digits_trainnoise0.1,sklearn.load_digits,314,0.99,release_3,matched_kmeans,logistic,1797,64,10,379,2.3693931398416885,2.0,1,11,156,0.6701846965699209,0.9340369393139841,1.370689279131187,1.83906468326322,0.9354504334715418,1.0,1.0,1.0,digits,0.1,member_training_labels_only,0.9511101135411034,0.9494961087382833,0.4487750556792873,nan
semi_digits_trainnoise0.1,sklearn.load_digits,314,0.99,release_3,matched_kmeans,random_forest,1797,64,10,379,2.3693931398416885,2.0,1,11,156,0.6701846965699209,0.9340369393139841,1.370689279131187,1.83906468326322,0.9354504334715418,1.0,1.0,1.0,digits,0.1,member_training_labels_only,0.9570153421858028,0.9560841394610513,0.6035634743875279,nan
semi_digits_trainnoise0.1,sklearn.load_digits,808,0.7,release_1,granular_ball,logistic,1797,64,10,57,15.75438596491228,3.0,1,103,17,0.45614035087719296,0.7192982456140351,2.686324592284417,3.059042945187265,0.8540358702473908,0.8636363636363636,0.75,1.0,digits,0.1,member_training_labels_only,0.5757411917599615,0.5786153191985188,0.034521158129175944,nan
semi_digits_trainnoise0.1,sklearn.load_digits,808,0.7,release_1,granular_ball,random_forest,1797,64,10,57,15.75438596491228,3.0,1,103,17,0.45614035087719296,0.7192982456140351,2.686324592284417,3.059042945187265,0.8540358702473908,0.8636363636363636,0.75,1.0,digits,0.1,member_training_labels_only,0.538108069900447,0.5657693088158902,0.05011135857461024,nan
semi_digits_trainnoise0.1,sklearn.load_digits,808,0.7,release_1,matched_kmeans,logistic,1797,64,10,57,15.75438596491228,15.0,1,37,7,0.14035087719298245,0.2631578947368421,3.8272767676777777,4.25104237842878,0.7996290482848288,0.84375,0.6923076923076923,0.9375,digits,0.1,member_training_labels_only,0.6463559208535672,0.6346171153101028,0.04788418708240535,nan
semi_digits_trainnoise0.1,sklearn.load_digits,808,0.7,release_1,matched_kmeans,random_forest,1797,64,10,57,15.75438596491228,15.0,1,37,7,0.14035087719298245,0.2631578947368421,3.8272767676777777,4.25104237842878,0.7996290482848288,0.84375,0.6923076923076923,0.9375,digits,0.1,member_training_labels_only,0.5890515176015991,0.586371413977182,0.04899777282850779,nan
semi_digits_trainnoise0.1,sklearn.load_digits,808,0.7,release_2,granular_ball,logistic,1797,64,10,57,15.75438596491228,3.0,1,103,17,0.45614035087719296,0.7192982456140351,2.686324592284417,3.059042945187265,0.8540358702473908,0.8636363636363636,0.75,1.0,digits,0.1,member_training_labels_only,0.576119414090208,0.5782753042637421,0.0334075723830735,nan
semi_digits_trainnoise0.1,sklearn.load_digits,808,0.7,release_2,granular_ball,random_forest,1797,64,10,57,15.75438596491228,3.0,1,103,17,0.45614035087719296,0.7192982456140351,2.686324592284417,3.059042945187265,0.8540358702473908,0.8636363636363636,0.75,1.0,digits,0.1,member_training_labels_only,0.5594918924013275,0.5772182009319494,0.05011135857461024,nan
semi_digits_trainnoise0.1,sklearn.load_digits,808,0.7,release_2,matched_kmeans,logistic,1797,64,10,57,15.75438596491228,15.0,1,37,7,0.14035087719298245,0.2631578947368421,3.8272767676777777,4.25104237842878,0.7996290482848288,0.84375,0.6923076923076923,0.9375,digits,0.1,member_training_labels_only,0.6436550413936439,0.6320885003790662,0.05456570155902005,nan
semi_digits_trainnoise0.1,sklearn.load_digits,808,0.7,release_2,matched_kmeans,random_forest,1797,64,10,57,15.75438596491228,15.0,1,37,7,0.14035087719298245,0.2631578947368421,3.8272767676777777,4.25104237842878,0.7996290482848288,0.84375,0.6923076923076923,0.9375,digits,0.1,member_training_labels_only,0.5907770794787723,0.5772165839544199,0.028953229398663696,nan
semi_digits_trainnoise0.1,sklearn.load_digits,808,0.7,release_3,granular_ball,logistic,1797,64,10,57,15.75438596491228,3.0,1,103,17,0.45614035087719296,0.7192982456140351,2.686324592284417,3.059042945187265,0.8540358702473908,0.8636363636363636,0.75,1.0,digits,0.1,member_training_labels_only,0.5685599277781361,0.5748942569493132,0.025612472160356347,nan
semi_digits_trainnoise0.1,sklearn.load_digits,808,0.7,release_3,granular_ball,random_forest,1797,64,10,57,15.75438596491228,3.0,1,103,17,0.45614035087719296,0.7192982456140351,2.686324592284417,3.059042945187265,0.8540358702473908,0.8636363636363636,0.75,1.0,digits,0.1,member_training_labels_only,0.5686244115852601,0.5852870617887846,0.04120267260579064,nan
semi_digits_trainnoise0.1,sklearn.load_digits,808,0.7,release_3,matched_kmeans,logistic,1797,64,10,57,15.75438596491228,15.0,1,37,7,0.14035087719298245,0.2631578947368421,3.8272767676777777,4.25104237842878,0.7996290482848288,0.84375,0.6923076923076923,0.9375,digits,0.1,member_training_labels_only,0.6301295628493906,0.6247472540047427,0.045657015590200446,nan
semi_digits_trainnoise0.1,sklearn.load_digits,808,0.7,release_3,matched_kmeans,random_forest,1797,64,10,57,15.75438596491228,15.0,1,37,7,0.14035087719298245,0.2631578947368421,3.8272767676777777,4.25104237842878,0.7996290482848288,0.84375,0.6923076923076923,0.9375,digits,0.1,member_training_labels_only,0.6023606033700231,0.5792408420850821,0.01893095768374165,nan
semi_digits_trainnoise0.1,sklearn.load_digits,808,0.8,release_1,granular_ball,logistic,1797,64,10,145,6.1931034482758625,2.0,1,94,57,0.696551724137931,0.8344827586206897,1.9190645761386051,2.157355731376963,0.8804868597937239,1.0,0.8333333333333334,1.0,digits,0.1,member_training_labels_only,0.6625004340256249,0.6913423711239376,0.10356347438752785,nan
semi_digits_trainnoise0.1,sklearn.load_digits,808,0.8,release_1,granular_ball,random_forest,1797,64,10,145,6.1931034482758625,2.0,1,94,57,0.696551724137931,0.8344827586206897,1.9190645761386051,2.157355731376963,0.8804868597937239,1.0,0.8333333333333334,1.0,digits,0.1,member_training_labels_only,0.6362722655145561,0.6737358445108587,0.15367483296213807,nan
semi_digits_trainnoise0.1,sklearn.load_digits,808,0.8,release_1,matched_kmeans,logistic,1797,64,10,145,6.1931034482758625,5.0,1,21,22,0.2413793103448276,0.503448275862069,2.8051383461404775,3.255062518708442,0.8780673459548767,0.9333333333333333,0.8,1.0,digits,0.1,member_training_labels_only,0.7797691975734248,0.7685876282200288,0.08463251670378619,nan
semi_digits_trainnoise0.1,sklearn.load_digits,808,0.8,release_1,matched_kmeans,random_forest,1797,64,10,145,6.1931034482758625,5.0,1,21,22,0.2413793103448276,0.503448275862069,2.8051383461404775,3.255062518708442,0.8780673459548767,0.9333333333333333,0.8,1.0,digits,0.1,member_training_labels_only,0.755349055808255,0.7479511744951962,0.10133630289532294,nan
semi_digits_trainnoise0.1,sklearn.load_digits,808,0.8,release_2,granular_ball,logistic,1797,64,10,145,6.1931034482758625,2.0,1,94,57,0.696551724137931,0.8344827586206897,1.9190645761386051,2.157355731376963,0.8804868597937239,1.0,0.8333333333333334,1.0,digits,0.1,member_training_labels_only,0.6701938482448003,0.6867149600457616,0.10579064587973273,nan
semi_digits_trainnoise0.1,sklearn.load_digits,808,0.8,release_2,granular_ball,random_forest,1797,64,10,145,6.1931034482758625,2.0,1,94,57,0.696551724137931,0.8344827586206897,1.9190645761386051,2.157355731376963,0.8804868597937239,1.0,0.8333333333333334,1.0,digits,0.1,member_training_labels_only,0.6657686469809179,0.7037836898404194,0.17037861915367483,nan
semi_digits_trainnoise0.1,sklearn.load_digits,808,0.8,release_2,matched_kmeans,logistic,1797,64,10,145,6.1931034482758625,5.0,1,21,22,0.2413793103448276,0.503448275862069,2.8051383461404775,3.255062518708442,0.8780673459548767,0.9333333333333333,0.8,1.0,digits,0.1,member_training_labels_only,0.8012844678349811,0.7837662658620502,0.10690423162583519,nan
semi_digits_trainnoise0.1,sklearn.load_digits,808,0.8,release_2,matched_kmeans,random_forest,1797,64,10,145,6.1931034482758625,5.0,1,21,22,0.2413793103448276,0.503448275862069,2.8051383461404775,3.255062518708442,0.8780673459548767,0.9333333333333333,0.8,1.0,digits,0.1,member_training_labels_only,0.7866875660338987,0.7633108903057919,0.06792873051224944,nan
semi_digits_trainnoise0.1,sklearn.load_digits,808,0.8,release_3,granular_ball,logistic,1797,64,10,145,6.1931034482758625,2.0,1,94,57,0.696551724137931,0.8344827586206897,1.9190645761386051,2.157355731376963,0.8804868597937239,1.0,0.8333333333333334,1.0,digits,0.1,member_training_labels_only,0.6623913075827996,0.6881128711590409,0.1091314031180401,nan
semi_digits_trainnoise0.1,sklearn.load_digits,808,0.8,release_3,granular_ball,random_forest,1797,64,10,145,6.1931034482758625,2.0,1,94,57,0.696551724137931,0.8344827586206897,1.9190645761386051,2.157355731376963,0.8804868597937239,1.0,0.8333333333333334,1.0,digits,0.1,member_training_labels_only,0.6755243029548464,0.7159995184563673,0.19042316258351893,nan
semi_digits_trainnoise0.1,sklearn.load_digits,808,0.8,release_3,matched_kmeans,logistic,1797,64,10,145,6.1931034482758625,5.0,1,21,22,0.2413793103448276,0.503448275862069,2.8051383461404775,3.255062518708442,0.8780673459548767,0.9333333333333333,0.8,1.0,digits,0.1,member_training_labels_only,0.7965511083774386,0.7753642877419936,0.08685968819599109,nan
semi_digits_trainnoise0.1,sklearn.load_digits,808,0.8,release_3,matched_kmeans,random_forest,1797,64,10,145,6.1931034482758625,5.0,1,21,22,0.2413793103448276,0.503448275862069,2.8051383461404775,3.255062518708442,0.8780673459548767,0.9333333333333333,0.8,1.0,digits,0.1,member_training_labels_only,0.7913750427825259,0.7712919056937915,0.07906458797327394,nan
semi_digits_trainnoise0.1,sklearn.load_digits,808,0.9,release_1,granular_ball,logistic,1797,64,10,311,2.887459807073955,2.0,1,54,130,0.7684887459807074,0.9228295819935691,1.540056325706327,1.6755625471564337,0.8985231051840028,1.0,1.0,1.0,digits,0.1,member_training_labels_only,0.831207434486932,0.8591596665767487,0.36080178173719374,nan
semi_digits_trainnoise0.1,sklearn.load_digits,808,0.9,release_1,granular_ball,random_forest,1797,64,10,311,2.887459807073955,2.0,1,54,130,0.7684887459807074,0.9228295819935691,1.540056325706327,1.6755625471564337,0.8985231051840028,1.0,1.0,1.0,digits,0.1,member_training_labels_only,0.8133609208287658,0.8481803059576745,0.37193763919821826,nan
semi_digits_trainnoise0.1,sklearn.load_digits,808,0.9,release_1,matched_kmeans,logistic,1797,64,10,311,2.887459807073955,2.0,1,17,101,0.5434083601286174,0.8842443729903537,1.6944065742390655,2.204985050354083,0.9204095181870859,1.0,0.875,1.0,digits,0.1,member_training_labels_only,0.9160234820263787,0.9137335779544625,0.289532293986637,nan
semi_digits_trainnoise0.1,sklearn.load_digits,808,0.9,release_1,matched_kmeans,random_forest,1797,64,10,311,2.887459807073955,2.0,1,17,101,0.5434083601286174,0.8842443729903537,1.6944065742390655,2.204985050354083,0.9204095181870859,1.0,0.875,1.0,digits,0.1,member_training_labels_only,0.8989966567626151,0.8982583884886765,0.3351893095768374,nan
semi_digits_trainnoise0.1,sklearn.load_digits,808,0.9,release_2,granular_ball,logistic,1797,64,10,311,2.887459807073955,2.0,1,54,130,0.7684887459807074,0.9228295819935691,1.540056325706327,1.6755625471564337,0.8985231051840028,1.0,1.0,1.0,digits,0.1,member_training_labels_only,0.8568695095758455,0.8687480824702911,0.22383073496659242,nan
semi_digits_trainnoise0.1,sklearn.load_digits,808,0.9,release_2,granular_ball,random_forest,1797,64,10,311,2.887459807073955,2.0,1,54,130,0.7684887459807074,0.9228295819935691,1.540056325706327,1.6755625471564337,0.8985231051840028,1.0,1.0,1.0,digits,0.1,member_training_labels_only,0.8678218362012093,0.8902386896096278,0.43207126948775054,nan
semi_digits_trainnoise0.1,sklearn.load_digits,808,0.9,release_2,matched_kmeans,logistic,1797,64,10,311,2.887459807073955,2.0,1,17,101,0.5434083601286174,0.8842443729903537,1.6944065742390655,2.204985050354083,0.9204095181870859,1.0,0.875,1.0,digits,0.1,member_training_labels_only,0.9282592844281526,0.9209912962612241,0.3151447661469933,nan
semi_digits_trainnoise0.1,sklearn.load_digits,808,0.9,release_2,matched_kmeans,random_forest,1797,64,10,311,2.887459807073955,2.0,1,17,101,0.5434083601286174,0.8842443729903537,1.6944065742390655,2.204985050354083,0.9204095181870859,1.0,0.875,1.0,digits,0.1,member_training_labels_only,0.9255881667253634,0.9220682807350077,0.41202672605790647,nan
semi_digits_trainnoise0.1,sklearn.load_digits,808,0.9,release_3,granular_ball,logistic,1797,64,10,311,2.887459807073955,2.0,1,54,130,0.7684887459807074,0.9228295819935691,1.540056325706327,1.6755625471564337,0.8985231051840028,1.0,1.0,1.0,digits,0.1,member_training_labels_only,0.8526991433574238,0.8666572182665517,0.23942093541202672,nan
semi_digits_trainnoise0.1,sklearn.load_digits,808,0.9,release_3,granular_ball,random_forest,1797,64,10,311,2.887459807073955,2.0,1,54,130,0.7684887459807074,0.9228295819935691,1.540056325706327,1.6755625471564337,0.8985231051840028,1.0,1.0,1.0,digits,0.1,member_training_labels_only,0.871477572035853,0.8934164052627631,0.4665924276169265,nan
semi_digits_trainnoise0.1,sklearn.load_digits,808,0.9,release_3,matched_kmeans,logistic,1797,64,10,311,2.887459807073955,2.0,1,17,101,0.5434083601286174,0.8842443729903537,1.6944065742390655,2.204985050354083,0.9204095181870859,1.0,0.875,1.0,digits,0.1,member_training_labels_only,0.9269286858696137,0.9193765918798942,0.31403118040089084,nan
semi_digits_trainnoise0.1,sklearn.load_digits,808,0.9,release_3,matched_kmeans,random_forest,1797,64,10,311,2.887459807073955,2.0,1,17,101,0.5434083601286174,0.8842443729903537,1.6944065742390655,2.204985050354083,0.9204095181870859,1.0,0.875,1.0,digits,0.1,member_training_labels_only,0.9311219934424928,0.9272893839671295,0.4220489977728285,nan
semi_digits_trainnoise0.1,sklearn.load_digits,808,0.95,release_1,granular_ball,logistic,1797,64,10,387,2.3204134366925064,2.0,1,16,166,0.751937984496124,0.9302325581395349,1.4572856583772567,1.6278889042865212,0.9121447028423773,1.0,1.0,1.0,digits,0.1,member_training_labels_only,0.8918990977227295,0.9075858857944281,0.44988864142538976,nan
semi_digits_trainnoise0.1,sklearn.load_digits,808,0.95,release_1,granular_ball,random_forest,1797,64,10,387,2.3204134366925064,2.0,1,16,166,0.751937984496124,0.9302325581395349,1.4572856583772567,1.6278889042865212,0.9121447028423773,1.0,1.0,1.0,digits,0.1,member_training_labels_only,0.879738939787005,0.9005529392669125,0.43207126948775054,nan
semi_digits_trainnoise0.1,sklearn.load_digits,808,0.95,release_1,matched_kmeans,logistic,1797,64,10,387,2.3204134366925064,2.0,1,16,167,0.6770025839793282,0.9431524547803618,1.3062008401030771,1.858015642108143,0.9349503711906814,1.0,1.0,1.0,digits,0.1,member_training_labels_only,0.9463184706425067,0.9452569664475933,0.44097995545657015,nan
semi_digits_trainnoise0.1,sklearn.load_digits,808,0.95,release_1,matched_kmeans,random_forest,1797,64,10,387,2.3204134366925064,2.0,1,16,167,0.6770025839793282,0.9431524547803618,1.3062008401030771,1.858015642108143,0.9349503711906814,1.0,1.0,1.0,digits,0.1,member_training_labels_only,0.9369788592318491,0.9356376657784525,0.4042316258351893,nan
semi_digits_trainnoise0.1,sklearn.load_digits,808,0.95,release_2,granular_ball,logistic,1797,64,10,387,2.3204134366925064,2.0,1,16,166,0.751937984496124,0.9302325581395349,1.4572856583772567,1.6278889042865212,0.9121447028423773,1.0,1.0,1.0,digits,0.1,member_training_labels_only,0.9196147340538986,0.9242601103308736,0.3775055679287305,nan
semi_digits_trainnoise0.1,sklearn.load_digits,808,0.95,release_2,granular_ball,random_forest,1797,64,10,387,2.3204134366925064,2.0,1,16,166,0.751937984496124,0.9302325581395349,1.4572856583772567,1.6278889042865212,0.9121447028423773,1.0,1.0,1.0,digits,0.1,member_training_labels_only,0.9284620363986289,0.9337715129674724,0.5022271714922049,nan
semi_digits_trainnoise0.1,sklearn.load_digits,808,0.95,release_2,matched_kmeans,logistic,1797,64,10,387,2.3204134366925064,2.0,1,16,167,0.6770025839793282,0.9431524547803618,1.3062008401030771,1.858015642108143,0.9349503711906814,1.0,1.0,1.0,digits,0.1,member_training_labels_only,0.9556028987951449,0.9498066936282654,0.3819599109131403,nan
semi_digits_trainnoise0.1,sklearn.load_digits,808,0.95,release_2,matched_kmeans,random_forest,1797,64,10,387,2.3204134366925064,2.0,1,16,167,0.6770025839793282,0.9431524547803618,1.3062008401030771,1.858015642108143,0.9349503711906814,1.0,1.0,1.0,digits,0.1,member_training_labels_only,0.9589926389254021,0.956903059545182,0.4977728285077951,nan
semi_digits_trainnoise0.1,sklearn.load_digits,808,0.95,release_3,granular_ball,logistic,1797,64,10,387,2.3204134366925064,2.0,1,16,166,0.751937984496124,0.9302325581395349,1.4572856583772567,1.6278889042865212,0.9121447028423773,1.0,1.0,1.0,digits,0.1,member_training_labels_only,0.9174594868081011,0.9224468036532909,0.3997772828507795,nan
semi_digits_trainnoise0.1,sklearn.load_digits,808,0.95,release_3,granular_ball,random_forest,1797,64,10,387,2.3204134366925064,2.0,1,16,166,0.751937984496124,0.9302325581395349,1.4572856583772567,1.6278889042865212,0.9121447028423773,1.0,1.0,1.0,digits,0.1,member_training_labels_only,0.9303438475007563,0.9373750954932689,0.5089086859688196,nan
semi_digits_trainnoise0.1,sklearn.load_digits,808,0.95,release_3,matched_kmeans,logistic,1797,64,10,387,2.3204134366925064,2.0,1,16,167,0.6770025839793282,0.9431524547803618,1.3062008401030771,1.858015642108143,0.9349503711906814,1.0,1.0,1.0,digits,0.1,member_training_labels_only,0.9553945664952059,0.9500393453109675,0.4064587973273942,nan
semi_digits_trainnoise0.1,sklearn.load_digits,808,0.95,release_3,matched_kmeans,random_forest,1797,64,10,387,2.3204134366925064,2.0,1,16,167,0.6770025839793282,0.9431524547803618,1.3062008401030771,1.858015642108143,0.9349503711906814,1.0,1.0,1.0,digits,0.1,member_training_labels_only,0.9627060381644933,0.9588067669869391,0.544543429844098,nan
semi_digits_trainnoise0.1,sklearn.load_digits,808,0.99,release_1,granular_ball,logistic,1797,64,10,387,2.3204134366925064,2.0,1,16,166,0.751937984496124,0.9302325581395349,1.4572856583772567,1.6278889042865212,0.9121447028423773,1.0,1.0,1.0,digits,0.1,member_training_labels_only,0.8918990977227295,0.9075858857944281,0.44988864142538976,nan
semi_digits_trainnoise0.1,sklearn.load_digits,808,0.99,release_1,granular_ball,random_forest,1797,64,10,387,2.3204134366925064,2.0,1,16,166,0.751937984496124,0.9302325581395349,1.4572856583772567,1.6278889042865212,0.9121447028423773,1.0,1.0,1.0,digits,0.1,member_training_labels_only,0.879738939787005,0.9005529392669125,0.43207126948775054,nan
semi_digits_trainnoise0.1,sklearn.load_digits,808,0.99,release_1,matched_kmeans,logistic,1797,64,10,387,2.3204134366925064,2.0,1,16,167,0.6770025839793282,0.9431524547803618,1.3062008401030771,1.858015642108143,0.9349503711906814,1.0,1.0,1.0,digits,0.1,member_training_labels_only,0.9463184706425067,0.9452569664475933,0.44097995545657015,nan
semi_digits_trainnoise0.1,sklearn.load_digits,808,0.99,release_1,matched_kmeans,random_forest,1797,64,10,387,2.3204134366925064,2.0,1,16,167,0.6770025839793282,0.9431524547803618,1.3062008401030771,1.858015642108143,0.9349503711906814,1.0,1.0,1.0,digits,0.1,member_training_labels_only,0.9369788592318491,0.9356376657784525,0.4042316258351893,nan
semi_digits_trainnoise0.1,sklearn.load_digits,808,0.99,release_2,granular_ball,logistic,1797,64,10,387,2.3204134366925064,2.0,1,16,166,0.751937984496124,0.9302325581395349,1.4572856583772567,1.6278889042865212,0.9121447028423773,1.0,1.0,1.0,digits,0.1,member_training_labels_only,0.9196147340538986,0.9242601103308736,0.3775055679287305,nan
semi_digits_trainnoise0.1,sklearn.load_digits,808,0.99,release_2,granular_ball,random_forest,1797,64,10,387,2.3204134366925064,2.0,1,16,166,0.751937984496124,0.9302325581395349,1.4572856583772567,1.6278889042865212,0.9121447028423773,1.0,1.0,1.0,digits,0.1,member_training_labels_only,0.9284620363986289,0.9337715129674724,0.5022271714922049,nan
semi_digits_trainnoise0.1,sklearn.load_digits,808,0.99,release_2,matched_kmeans,logistic,1797,64,10,387,2.3204134366925064,2.0,1,16,167,0.6770025839793282,0.9431524547803618,1.3062008401030771,1.858015642108143,0.9349503711906814,1.0,1.0,1.0,digits,0.1,member_training_labels_only,0.9556028987951449,0.9498066936282654,0.3819599109131403,nan
semi_digits_trainnoise0.1,sklearn.load_digits,808,0.99,release_2,matched_kmeans,random_forest,1797,64,10,387,2.3204134366925064,2.0,1,16,167,0.6770025839793282,0.9431524547803618,1.3062008401030771,1.858015642108143,0.9349503711906814,1.0,1.0,1.0,digits,0.1,member_training_labels_only,0.9589926389254021,0.956903059545182,0.4977728285077951,nan
semi_digits_trainnoise0.1,sklearn.load_digits,808,0.99,release_3,granular_ball,logistic,1797,64,10,387,2.3204134366925064,2.0,1,16,166,0.751937984496124,0.9302325581395349,1.4572856583772567,1.6278889042865212,0.9121447028423773,1.0,1.0,1.0,digits,0.1,member_training_labels_only,0.9174594868081011,0.9224468036532909,0.3997772828507795,nan
semi_digits_trainnoise0.1,sklearn.load_digits,808,0.99,release_3,granular_ball,random_forest,1797,64,10,387,2.3204134366925064,2.0,1,16,166,0.751937984496124,0.9302325581395349,1.4572856583772567,1.6278889042865212,0.9121447028423773,1.0,1.0,1.0,digits,0.1,member_training_labels_only,0.9303438475007563,0.9373750954932689,0.5089086859688196,nan
semi_digits_trainnoise0.1,sklearn.load_digits,808,0.99,release_3,matched_kmeans,logistic,1797,64,10,387,2.3204134366925064,2.0,1,16,167,0.6770025839793282,0.9431524547803618,1.3062008401030771,1.858015642108143,0.9349503711906814,1.0,1.0,1.0,digits,0.1,member_training_labels_only,0.9553945664952059,0.9500393453109675,0.4064587973273942,nan
semi_digits_trainnoise0.1,sklearn.load_digits,808,0.99,release_3,matched_kmeans,random_forest,1797,64,10,387,2.3204134366925064,2.0,1,16,167,0.6770025839793282,0.9431524547803618,1.3062008401030771,1.858015642108143,0.9349503711906814,1.0,1.0,1.0,digits,0.1,member_training_labels_only,0.9627060381644933,0.9588067669869391,0.544543429844098,nan
