dataset,source,seed,threshold,release,method,attack,n,d,classes,number_of_balls,mean_ball_size,median_ball_size,min_ball_size,max_ball_size,singleton_count,fraction_size_le_2,fraction_size_le_5,mean_radius,median_radius,purity_mean,purity_median,purity_q25,purity_q75,dimension,separation,density_ratio,minority_fraction,modes,redundant_fraction,label_noise,roc_auc,pr_auc,tpr_at_1pct_fpr,tpr_at_0_1pct_fpr
syn2_d20_redundant0_noise0,controlled_gaussian_mixture_round2,42,0.7,release_1,granular_ball,logistic,600,20,2,1,300.0,300.0,300,300,0,0.0,0.0,4.165332531591462,4.165332531591462,0.7,0.7,0.7,0.7,20,2.0,5.0,0.3,3,0.0,0.0,0.45494444444444443,0.4671391855035738,0.0033333333333333335,nan
syn2_d20_redundant0_noise0,controlled_gaussian_mixture_round2,42,0.7,release_1,granular_ball,random_forest,600,20,2,1,300.0,300.0,300,300,0,0.0,0.0,4.165332531591462,4.165332531591462,0.7,0.7,0.7,0.7,20,2.0,5.0,0.3,3,0.0,0.0,0.5149055555555555,0.5054128898028307,0.02666666666666667,nan
syn2_d20_redundant0_noise0,controlled_gaussian_mixture_round2,42,0.7,release_1,matched_kmeans,logistic,600,20,2,1,300.0,300.0,300,300,0,0.0,0.0,4.165332531591462,4.165332531591462,0.7,0.7,0.7,0.7,20,2.0,5.0,0.3,3,0.0,0.0,0.45494444444444443,0.4671391855035738,0.0033333333333333335,nan
syn2_d20_redundant0_noise0,controlled_gaussian_mixture_round2,42,0.7,release_1,matched_kmeans,random_forest,600,20,2,1,300.0,300.0,300,300,0,0.0,0.0,4.165332531591462,4.165332531591462,0.7,0.7,0.7,0.7,20,2.0,5.0,0.3,3,0.0,0.0,0.5149055555555555,0.5054128898028307,0.02666666666666667,nan
syn2_d20_redundant0_noise0,controlled_gaussian_mixture_round2,42,0.7,release_2,granular_ball,logistic,600,20,2,1,300.0,300.0,300,300,0,0.0,0.0,4.165332531591462,4.165332531591462,0.7,0.7,0.7,0.7,20,2.0,5.0,0.3,3,0.0,0.0,0.47770000000000007,0.48083714350340484,0.006666666666666667,nan
syn2_d20_redundant0_noise0,controlled_gaussian_mixture_round2,42,0.7,release_2,granular_ball,random_forest,600,20,2,1,300.0,300.0,300,300,0,0.0,0.0,4.165332531591462,4.165332531591462,0.7,0.7,0.7,0.7,20,2.0,5.0,0.3,3,0.0,0.0,0.5165,0.5058105202881702,0.02666666666666667,nan
syn2_d20_redundant0_noise0,controlled_gaussian_mixture_round2,42,0.7,release_2,matched_kmeans,logistic,600,20,2,1,300.0,300.0,300,300,0,0.0,0.0,4.165332531591462,4.165332531591462,0.7,0.7,0.7,0.7,20,2.0,5.0,0.3,3,0.0,0.0,0.47770000000000007,0.48083714350340484,0.006666666666666667,nan
syn2_d20_redundant0_noise0,controlled_gaussian_mixture_round2,42,0.7,release_2,matched_kmeans,random_forest,600,20,2,1,300.0,300.0,300,300,0,0.0,0.0,4.165332531591462,4.165332531591462,0.7,0.7,0.7,0.7,20,2.0,5.0,0.3,3,0.0,0.0,0.5165,0.5058105202881702,0.02666666666666667,nan
syn2_d20_redundant0_noise0,controlled_gaussian_mixture_round2,42,0.7,release_3,granular_ball,logistic,600,20,2,1,300.0,300.0,300,300,0,0.0,0.0,4.165332531591462,4.165332531591462,0.7,0.7,0.7,0.7,20,2.0,5.0,0.3,3,0.0,0.0,0.47770000000000007,0.48083714350340484,0.006666666666666667,nan
syn2_d20_redundant0_noise0,controlled_gaussian_mixture_round2,42,0.7,release_3,granular_ball,random_forest,600,20,2,1,300.0,300.0,300,300,0,0.0,0.0,4.165332531591462,4.165332531591462,0.7,0.7,0.7,0.7,20,2.0,5.0,0.3,3,0.0,0.0,0.5165555555555557,0.5059205937468167,0.02666666666666667,nan
syn2_d20_redundant0_noise0,controlled_gaussian_mixture_round2,42,0.7,release_3,matched_kmeans,logistic,600,20,2,1,300.0,300.0,300,300,0,0.0,0.0,4.165332531591462,4.165332531591462,0.7,0.7,0.7,0.7,20,2.0,5.0,0.3,3,0.0,0.0,0.47770000000000007,0.48083714350340484,0.006666666666666667,nan
syn2_d20_redundant0_noise0,controlled_gaussian_mixture_round2,42,0.7,release_3,matched_kmeans,random_forest,600,20,2,1,300.0,300.0,300,300,0,0.0,0.0,4.165332531591462,4.165332531591462,0.7,0.7,0.7,0.7,20,2.0,5.0,0.3,3,0.0,0.0,0.5165555555555557,0.5059205937468167,0.02666666666666667,nan
syn2_d20_redundant0_noise0,controlled_gaussian_mixture_round2,42,0.8,release_1,granular_ball,logistic,600,20,2,9,33.333333333333336,37.0,1,90,1,0.1111111111111111,0.2222222222222222,3.3108991835597563,4.064143430522242,0.9738461538461538,1.0,1.0,1.0,20,2.0,5.0,0.3,3,0.0,0.0,0.5928,0.5881851083866751,0.02666666666666667,nan
syn2_d20_redundant0_noise0,controlled_gaussian_mixture_round2,42,0.8,release_1,granular_ball,random_forest,600,20,2,9,33.333333333333336,37.0,1,90,1,0.1111111111111111,0.2222222222222222,3.3108991835597563,4.064143430522242,0.9738461538461538,1.0,1.0,1.0,20,2.0,5.0,0.3,3,0.0,0.0,0.602,0.580094452942347,0.01,nan
syn2_d20_redundant0_noise0,controlled_gaussian_mixture_round2,42,0.8,release_1,matched_kmeans,logistic,600,20,2,9,33.333333333333336,27.0,1,80,1,0.1111111111111111,0.1111111111111111,3.6696482208913985,4.492056887721629,0.9206871345029239,1.0,1.0,1.0,20,2.0,5.0,0.3,3,0.0,0.0,0.6150666666666667,0.592155430047781,0.023333333333333334,nan
syn2_d20_redundant0_noise0,controlled_gaussian_mixture_round2,42,0.8,release_1,matched_kmeans,random_forest,600,20,2,9,33.333333333333336,27.0,1,80,1,0.1111111111111111,0.1111111111111111,3.6696482208913985,4.492056887721629,0.9206871345029239,1.0,1.0,1.0,20,2.0,5.0,0.3,3,0.0,0.0,0.5926666666666667,0.5766177203559077,0.02,nan
syn2_d20_redundant0_noise0,controlled_gaussian_mixture_round2,42,0.8,release_2,granular_ball,logistic,600,20,2,9,33.333333333333336,37.0,1,90,1,0.1111111111111111,0.2222222222222222,3.3108991835597563,4.064143430522242,0.9738461538461538,1.0,1.0,1.0,20,2.0,5.0,0.3,3,0.0,0.0,0.6296555555555555,0.6276897945400748,0.05333333333333334,nan
syn2_d20_redundant0_noise0,controlled_gaussian_mixture_round2,42,0.8,release_2,granular_ball,random_forest,600,20,2,9,33.333333333333336,37.0,1,90,1,0.1111111111111111,0.2222222222222222,3.3108991835597563,4.064143430522242,0.9738461538461538,1.0,1.0,1.0,20,2.0,5.0,0.3,3,0.0,0.0,0.6132888888888889,0.6049366362438007,0.03,nan
syn2_d20_redundant0_noise0,controlled_gaussian_mixture_round2,42,0.8,release_2,matched_kmeans,logistic,600,20,2,9,33.333333333333336,27.0,1,80,1,0.1111111111111111,0.1111111111111111,3.6696482208913985,4.492056887721629,0.9206871345029239,1.0,1.0,1.0,20,2.0,5.0,0.3,3,0.0,0.0,0.6196222222222223,0.6226321908148214,0.056666666666666664,nan
syn2_d20_redundant0_noise0,controlled_gaussian_mixture_round2,42,0.8,release_2,matched_kmeans,random_forest,600,20,2,9,33.333333333333336,27.0,1,80,1,0.1111111111111111,0.1111111111111111,3.6696482208913985,4.492056887721629,0.9206871345029239,1.0,1.0,1.0,20,2.0,5.0,0.3,3,0.0,0.0,0.6050666666666666,0.5929433424235871,0.03,nan
syn2_d20_redundant0_noise0,controlled_gaussian_mixture_round2,42,0.8,release_3,granular_ball,logistic,600,20,2,9,33.333333333333336,37.0,1,90,1,0.1111111111111111,0.2222222222222222,3.3108991835597563,4.064143430522242,0.9738461538461538,1.0,1.0,1.0,20,2.0,5.0,0.3,3,0.0,0.0,0.6266555555555555,0.6146931756799439,0.04,nan
syn2_d20_redundant0_noise0,controlled_gaussian_mixture_round2,42,0.8,release_3,granular_ball,random_forest,600,20,2,9,33.333333333333336,37.0,1,90,1,0.1111111111111111,0.2222222222222222,3.3108991835597563,4.064143430522242,0.9738461538461538,1.0,1.0,1.0,20,2.0,5.0,0.3,3,0.0,0.0,0.6069222222222223,0.6039227804544562,0.03333333333333333,nan
syn2_d20_redundant0_noise0,controlled_gaussian_mixture_round2,42,0.8,release_3,matched_kmeans,logistic,600,20,2,9,33.333333333333336,27.0,1,80,1,0.1111111111111111,0.1111111111111111,3.6696482208913985,4.492056887721629,0.9206871345029239,1.0,1.0,1.0,20,2.0,5.0,0.3,3,0.0,0.0,0.6236111111111111,0.6265271373487817,0.07,nan
syn2_d20_redundant0_noise0,controlled_gaussian_mixture_round2,42,0.8,release_3,matched_kmeans,random_forest,600,20,2,9,33.333333333333336,27.0,1,80,1,0.1111111111111111,0.1111111111111111,3.6696482208913985,4.492056887721629,0.9206871345029239,1.0,1.0,1.0,20,2.0,5.0,0.3,3,0.0,0.0,0.6000444444444445,0.5949199572722301,0.03333333333333333,nan
syn2_d20_redundant0_noise0,controlled_gaussian_mixture_round2,42,0.9,release_1,granular_ball,logistic,600,20,2,15,20.0,12.0,1,90,3,0.3333333333333333,0.4,2.3769397901638265,1.9493243780376193,0.9815367526320873,1.0,0.9852941176470589,1.0,20,2.0,5.0,0.3,3,0.0,0.0,0.6154333333333333,0.6387539582327008,0.09333333333333334,nan
syn2_d20_redundant0_noise0,controlled_gaussian_mixture_round2,42,0.9,release_1,granular_ball,random_forest,600,20,2,15,20.0,12.0,1,90,3,0.3333333333333333,0.4,2.3769397901638265,1.9493243780376193,0.9815367526320873,1.0,0.9852941176470589,1.0,20,2.0,5.0,0.3,3,0.0,0.0,0.5762166666666667,0.5900801262168615,0.03333333333333333,nan
syn2_d20_redundant0_noise0,controlled_gaussian_mixture_round2,42,0.9,release_1,matched_kmeans,logistic,600,20,2,15,20.0,17.0,1,59,2,0.13333333333333333,0.2,3.453576195587513,4.299830770343618,0.9683615819209039,1.0,1.0,1.0,20,2.0,5.0,0.3,3,0.0,0.0,0.6359222222222223,0.6258723828121064,0.043333333333333335,nan
syn2_d20_redundant0_noise0,controlled_gaussian_mixture_round2,42,0.9,release_1,matched_kmeans,random_forest,600,20,2,15,20.0,17.0,1,59,2,0.13333333333333333,0.2,3.453576195587513,4.299830770343618,0.9683615819209039,1.0,1.0,1.0,20,2.0,5.0,0.3,3,0.0,0.0,0.6305666666666667,0.6353606861482999,0.02,nan
syn2_d20_redundant0_noise0,controlled_gaussian_mixture_round2,42,0.9,release_2,granular_ball,logistic,600,20,2,15,20.0,12.0,1,90,3,0.3333333333333333,0.4,2.3769397901638265,1.9493243780376193,0.9815367526320873,1.0,0.9852941176470589,1.0,20,2.0,5.0,0.3,3,0.0,0.0,0.6413666666666666,0.6564100423043397,0.09666666666666666,nan
syn2_d20_redundant0_noise0,controlled_gaussian_mixture_round2,42,0.9,release_2,granular_ball,random_forest,600,20,2,15,20.0,12.0,1,90,3,0.3333333333333333,0.4,2.3769397901638265,1.9493243780376193,0.9815367526320873,1.0,0.9852941176470589,1.0,20,2.0,5.0,0.3,3,0.0,0.0,0.6048666666666667,0.6149593885635768,0.05333333333333334,nan
syn2_d20_redundant0_noise0,controlled_gaussian_mixture_round2,42,0.9,release_2,matched_kmeans,logistic,600,20,2,15,20.0,17.0,1,59,2,0.13333333333333333,0.2,3.453576195587513,4.299830770343618,0.9683615819209039,1.0,1.0,1.0,20,2.0,5.0,0.3,3,0.0,0.0,0.6508888888888889,0.6609157096708713,0.1,nan
syn2_d20_redundant0_noise0,controlled_gaussian_mixture_round2,42,0.9,release_2,matched_kmeans,random_forest,600,20,2,15,20.0,17.0,1,59,2,0.13333333333333333,0.2,3.453576195587513,4.299830770343618,0.9683615819209039,1.0,1.0,1.0,20,2.0,5.0,0.3,3,0.0,0.0,0.6515055555555556,0.6522296534482872,0.056666666666666664,nan
syn2_d20_redundant0_noise0,controlled_gaussian_mixture_round2,42,0.9,release_3,granular_ball,logistic,600,20,2,15,20.0,12.0,1,90,3,0.3333333333333333,0.4,2.3769397901638265,1.9493243780376193,0.9815367526320873,1.0,0.9852941176470589,1.0,20,2.0,5.0,0.3,3,0.0,0.0,0.6312333333333333,0.646832501912914,0.09666666666666666,nan
syn2_d20_redundant0_noise0,controlled_gaussian_mixture_round2,42,0.9,release_3,granular_ball,random_forest,600,20,2,15,20.0,12.0,1,90,3,0.3333333333333333,0.4,2.3769397901638265,1.9493243780376193,0.9815367526320873,1.0,0.9852941176470589,1.0,20,2.0,5.0,0.3,3,0.0,0.0,0.5994055555555556,0.6139984881267418,0.06333333333333334,nan
syn2_d20_redundant0_noise0,controlled_gaussian_mixture_round2,42,0.9,release_3,matched_kmeans,logistic,600,20,2,15,20.0,17.0,1,59,2,0.13333333333333333,0.2,3.453576195587513,4.299830770343618,0.9683615819209039,1.0,1.0,1.0,20,2.0,5.0,0.3,3,0.0,0.0,0.6574222222222221,0.6567981594290968,0.06,nan
syn2_d20_redundant0_noise0,controlled_gaussian_mixture_round2,42,0.9,release_3,matched_kmeans,random_forest,600,20,2,15,20.0,17.0,1,59,2,0.13333333333333333,0.2,3.453576195587513,4.299830770343618,0.9683615819209039,1.0,1.0,1.0,20,2.0,5.0,0.3,3,0.0,0.0,0.6626222222222222,0.670524280839722,0.05333333333333334,nan
syn2_d20_redundant0_noise0,controlled_gaussian_mixture_round2,42,0.95,release_1,granular_ball,logistic,600,20,2,19,15.789473684210526,5.0,1,90,6,0.42105263157894735,0.5263157894736842,1.8861259867949596,1.1370627780378595,0.9939407341884123,1.0,1.0,1.0,20,2.0,5.0,0.3,3,0.0,0.0,0.6038222222222223,0.6210866722769063,0.06333333333333334,nan
syn2_d20_redundant0_noise0,controlled_gaussian_mixture_round2,42,0.95,release_1,granular_ball,random_forest,600,20,2,19,15.789473684210526,5.0,1,90,6,0.42105263157894735,0.5263157894736842,1.8861259867949596,1.1370627780378595,0.9939407341884123,1.0,1.0,1.0,20,2.0,5.0,0.3,3,0.0,0.0,0.5900388888888889,0.5897936539991178,0.023333333333333334,nan
syn2_d20_redundant0_noise0,controlled_gaussian_mixture_round2,42,0.95,release_1,matched_kmeans,logistic,600,20,2,19,15.789473684210526,11.0,1,76,2,0.10526315789473684,0.21052631578947367,3.4966989248078097,4.161549700875819,0.9723299476762082,1.0,1.0,1.0,20,2.0,5.0,0.3,3,0.0,0.0,0.6831111111111112,0.6891914591218162,0.08333333333333333,nan
syn2_d20_redundant0_noise0,controlled_gaussian_mixture_round2,42,0.95,release_1,matched_kmeans,random_forest,600,20,2,19,15.789473684210526,11.0,1,76,2,0.10526315789473684,0.21052631578947367,3.4966989248078097,4.161549700875819,0.9723299476762082,1.0,1.0,1.0,20,2.0,5.0,0.3,3,0.0,0.0,0.6892111111111111,0.6929819155417903,0.03666666666666667,nan
syn2_d20_redundant0_noise0,controlled_gaussian_mixture_round2,42,0.95,release_2,granular_ball,logistic,600,20,2,19,15.789473684210526,5.0,1,90,6,0.42105263157894735,0.5263157894736842,1.8861259867949596,1.1370627780378595,0.9939407341884123,1.0,1.0,1.0,20,2.0,5.0,0.3,3,0.0,0.0,0.6328555555555556,0.6460795701341999,0.06333333333333334,nan
syn2_d20_redundant0_noise0,controlled_gaussian_mixture_round2,42,0.95,release_2,granular_ball,random_forest,600,20,2,19,15.789473684210526,5.0,1,90,6,0.42105263157894735,0.5263157894736842,1.8861259867949596,1.1370627780378595,0.9939407341884123,1.0,1.0,1.0,20,2.0,5.0,0.3,3,0.0,0.0,0.6294333333333333,0.6042433715648734,0.03,nan
syn2_d20_redundant0_noise0,controlled_gaussian_mixture_round2,42,0.95,release_2,matched_kmeans,logistic,600,20,2,19,15.789473684210526,11.0,1,76,2,0.10526315789473684,0.21052631578947367,3.4966989248078097,4.161549700875819,0.9723299476762082,1.0,1.0,1.0,20,2.0,5.0,0.3,3,0.0,0.0,0.7072777777777778,0.7126512159601739,0.12666666666666668,nan
syn2_d20_redundant0_noise0,controlled_gaussian_mixture_round2,42,0.95,release_2,matched_kmeans,random_forest,600,20,2,19,15.789473684210526,11.0,1,76,2,0.10526315789473684,0.21052631578947367,3.4966989248078097,4.161549700875819,0.9723299476762082,1.0,1.0,1.0,20,2.0,5.0,0.3,3,0.0,0.0,0.7118222222222221,0.7257774283138939,0.11666666666666667,nan
syn2_d20_redundant0_noise0,controlled_gaussian_mixture_round2,42,0.95,release_3,granular_ball,logistic,600,20,2,19,15.789473684210526,5.0,1,90,6,0.42105263157894735,0.5263157894736842,1.8861259867949596,1.1370627780378595,0.9939407341884123,1.0,1.0,1.0,20,2.0,5.0,0.3,3,0.0,0.0,0.6256333333333334,0.6404139730876015,0.06,nan
syn2_d20_redundant0_noise0,controlled_gaussian_mixture_round2,42,0.95,release_3,granular_ball,random_forest,600,20,2,19,15.789473684210526,5.0,1,90,6,0.42105263157894735,0.5263157894736842,1.8861259867949596,1.1370627780378595,0.9939407341884123,1.0,1.0,1.0,20,2.0,5.0,0.3,3,0.0,0.0,0.6216777777777778,0.6045667223909776,0.05333333333333334,nan
syn2_d20_redundant0_noise0,controlled_gaussian_mixture_round2,42,0.95,release_3,matched_kmeans,logistic,600,20,2,19,15.789473684210526,11.0,1,76,2,0.10526315789473684,0.21052631578947367,3.4966989248078097,4.161549700875819,0.9723299476762082,1.0,1.0,1.0,20,2.0,5.0,0.3,3,0.0,0.0,0.7144777777777779,0.7153963308875722,0.09,nan
syn2_d20_redundant0_noise0,controlled_gaussian_mixture_round2,42,0.95,release_3,matched_kmeans,random_forest,600,20,2,19,15.789473684210526,11.0,1,76,2,0.10526315789473684,0.21052631578947367,3.4966989248078097,4.161549700875819,0.9723299476762082,1.0,1.0,1.0,20,2.0,5.0,0.3,3,0.0,0.0,0.7239000000000001,0.7335201043698549,0.12666666666666668,nan
syn2_d20_redundant0_noise0,controlled_gaussian_mixture_round2,42,0.99,release_1,granular_ball,logistic,600,20,2,22,13.636363636363637,3.5,1,90,9,0.5,0.5909090909090909,1.6050162247483142,0.913155003495634,1.0,1.0,1.0,1.0,20,2.0,5.0,0.3,3,0.0,0.0,0.6091444444444445,0.6258713069711781,0.07666666666666666,nan
syn2_d20_redundant0_noise0,controlled_gaussian_mixture_round2,42,0.99,release_1,granular_ball,random_forest,600,20,2,22,13.636363636363637,3.5,1,90,9,0.5,0.5909090909090909,1.6050162247483142,0.913155003495634,1.0,1.0,1.0,1.0,20,2.0,5.0,0.3,3,0.0,0.0,0.5846444444444444,0.5876036668578695,0.05333333333333334,nan
syn2_d20_redundant0_noise0,controlled_gaussian_mixture_round2,42,0.99,release_1,matched_kmeans,logistic,600,20,2,22,13.636363636363637,9.0,1,58,2,0.13636363636363635,0.3181818181818182,3.388051019813608,3.9714025729206206,0.9807433945364981,1.0,1.0,1.0,20,2.0,5.0,0.3,3,0.0,0.0,0.685988888888889,0.6689774605407469,0.056666666666666664,nan
syn2_d20_redundant0_noise0,controlled_gaussian_mixture_round2,42,0.99,release_1,matched_kmeans,random_forest,600,20,2,22,13.636363636363637,9.0,1,58,2,0.13636363636363635,0.3181818181818182,3.388051019813608,3.9714025729206206,0.9807433945364981,1.0,1.0,1.0,20,2.0,5.0,0.3,3,0.0,0.0,0.6885666666666667,0.7151974235727998,0.08333333333333333,nan
syn2_d20_redundant0_noise0,controlled_gaussian_mixture_round2,42,0.99,release_2,granular_ball,logistic,600,20,2,22,13.636363636363637,3.5,1,90,9,0.5,0.5909090909090909,1.6050162247483142,0.913155003495634,1.0,1.0,1.0,1.0,20,2.0,5.0,0.3,3,0.0,0.0,0.6424444444444445,0.6562715972608548,0.07333333333333333,nan
syn2_d20_redundant0_noise0,controlled_gaussian_mixture_round2,42,0.99,release_2,granular_ball,random_forest,600,20,2,22,13.636363636363637,3.5,1,90,9,0.5,0.5909090909090909,1.6050162247483142,0.913155003495634,1.0,1.0,1.0,1.0,20,2.0,5.0,0.3,3,0.0,0.0,0.6393166666666666,0.6165849307243586,0.043333333333333335,nan
syn2_d20_redundant0_noise0,controlled_gaussian_mixture_round2,42,0.99,release_2,matched_kmeans,logistic,600,20,2,22,13.636363636363637,9.0,1,58,2,0.13636363636363635,0.3181818181818182,3.388051019813608,3.9714025729206206,0.9807433945364981,1.0,1.0,1.0,20,2.0,5.0,0.3,3,0.0,0.0,0.7002444444444444,0.7206747505885926,0.16,nan
syn2_d20_redundant0_noise0,controlled_gaussian_mixture_round2,42,0.99,release_2,matched_kmeans,random_forest,600,20,2,22,13.636363636363637,9.0,1,58,2,0.13636363636363635,0.3181818181818182,3.388051019813608,3.9714025729206206,0.9807433945364981,1.0,1.0,1.0,20,2.0,5.0,0.3,3,0.0,0.0,0.7185777777777778,0.7398751420874161,0.16666666666666666,nan
syn2_d20_redundant0_noise0,controlled_gaussian_mixture_round2,42,0.99,release_3,granular_ball,logistic,600,20,2,22,13.636363636363637,3.5,1,90,9,0.5,0.5909090909090909,1.6050162247483142,0.913155003495634,1.0,1.0,1.0,1.0,20,2.0,5.0,0.3,3,0.0,0.0,0.6322777777777777,0.6493875279230008,0.07333333333333333,nan
syn2_d20_redundant0_noise0,controlled_gaussian_mixture_round2,42,0.99,release_3,granular_ball,random_forest,600,20,2,22,13.636363636363637,3.5,1,90,9,0.5,0.5909090909090909,1.6050162247483142,0.913155003495634,1.0,1.0,1.0,1.0,20,2.0,5.0,0.3,3,0.0,0.0,0.6311666666666667,0.614349195467842,0.04666666666666667,nan
syn2_d20_redundant0_noise0,controlled_gaussian_mixture_round2,42,0.99,release_3,matched_kmeans,logistic,600,20,2,22,13.636363636363637,9.0,1,58,2,0.13636363636363635,0.3181818181818182,3.388051019813608,3.9714025729206206,0.9807433945364981,1.0,1.0,1.0,20,2.0,5.0,0.3,3,0.0,0.0,0.7147,0.7218536338134258,0.10333333333333333,nan
syn2_d20_redundant0_noise0,controlled_gaussian_mixture_round2,42,0.99,release_3,matched_kmeans,random_forest,600,20,2,22,13.636363636363637,9.0,1,58,2,0.13636363636363635,0.3181818181818182,3.388051019813608,3.9714025729206206,0.9807433945364981,1.0,1.0,1.0,20,2.0,5.0,0.3,3,0.0,0.0,0.7324444444444445,0.746681945813132,0.18,nan
syn2_d20_redundant0_noise0,controlled_gaussian_mixture_round2,99,0.7,release_1,granular_ball,logistic,600,20,2,1,300.0,300.0,300,300,0,0.0,0.0,4.171719821910658,4.171719821910658,0.7,0.7,0.7,0.7,20,2.0,5.0,0.3,3,0.0,0.0,0.4346333333333333,0.4530193546923855,0.0033333333333333335,nan
syn2_d20_redundant0_noise0,controlled_gaussian_mixture_round2,99,0.7,release_1,granular_ball,random_forest,600,20,2,1,300.0,300.0,300,300,0,0.0,0.0,4.171719821910658,4.171719821910658,0.7,0.7,0.7,0.7,20,2.0,5.0,0.3,3,0.0,0.0,0.48252222222222224,0.49644154578438593,0.016666666666666666,nan
syn2_d20_redundant0_noise0,controlled_gaussian_mixture_round2,99,0.7,release_1,matched_kmeans,logistic,600,20,2,1,300.0,300.0,300,300,0,0.0,0.0,4.171719821910658,4.171719821910658,0.7,0.7,0.7,0.7,20,2.0,5.0,0.3,3,0.0,0.0,0.4346333333333333,0.4530193546923855,0.0033333333333333335,nan
syn2_d20_redundant0_noise0,controlled_gaussian_mixture_round2,99,0.7,release_1,matched_kmeans,random_forest,600,20,2,1,300.0,300.0,300,300,0,0.0,0.0,4.171719821910658,4.171719821910658,0.7,0.7,0.7,0.7,20,2.0,5.0,0.3,3,0.0,0.0,0.48252222222222224,0.49644154578438593,0.016666666666666666,nan
syn2_d20_redundant0_noise0,controlled_gaussian_mixture_round2,99,0.7,release_2,granular_ball,logistic,600,20,2,1,300.0,300.0,300,300,0,0.0,0.0,4.171719821910658,4.171719821910658,0.7,0.7,0.7,0.7,20,2.0,5.0,0.3,3,0.0,0.0,0.4153111111111111,0.4397240475547286,0.0,nan
syn2_d20_redundant0_noise0,controlled_gaussian_mixture_round2,99,0.7,release_2,granular_ball,random_forest,600,20,2,1,300.0,300.0,300,300,0,0.0,0.0,4.171719821910658,4.171719821910658,0.7,0.7,0.7,0.7,20,2.0,5.0,0.3,3,0.0,0.0,0.48353888888888885,0.49830700864154887,0.016666666666666666,nan
syn2_d20_redundant0_noise0,controlled_gaussian_mixture_round2,99,0.7,release_2,matched_kmeans,logistic,600,20,2,1,300.0,300.0,300,300,0,0.0,0.0,4.171719821910658,4.171719821910658,0.7,0.7,0.7,0.7,20,2.0,5.0,0.3,3,0.0,0.0,0.4153111111111111,0.4397240475547286,0.0,nan
syn2_d20_redundant0_noise0,controlled_gaussian_mixture_round2,99,0.7,release_2,matched_kmeans,random_forest,600,20,2,1,300.0,300.0,300,300,0,0.0,0.0,4.171719821910658,4.171719821910658,0.7,0.7,0.7,0.7,20,2.0,5.0,0.3,3,0.0,0.0,0.48353888888888885,0.49830700864154887,0.016666666666666666,nan
syn2_d20_redundant0_noise0,controlled_gaussian_mixture_round2,99,0.7,release_3,granular_ball,logistic,600,20,2,1,300.0,300.0,300,300,0,0.0,0.0,4.171719821910658,4.171719821910658,0.7,0.7,0.7,0.7,20,2.0,5.0,0.3,3,0.0,0.0,0.4153111111111111,0.4397240475547286,0.0,nan
syn2_d20_redundant0_noise0,controlled_gaussian_mixture_round2,99,0.7,release_3,granular_ball,random_forest,600,20,2,1,300.0,300.0,300,300,0,0.0,0.0,4.171719821910658,4.171719821910658,0.7,0.7,0.7,0.7,20,2.0,5.0,0.3,3,0.0,0.0,0.4832444444444445,0.4968173340898384,0.013333333333333334,nan
syn2_d20_redundant0_noise0,controlled_gaussian_mixture_round2,99,0.7,release_3,matched_kmeans,logistic,600,20,2,1,300.0,300.0,300,300,0,0.0,0.0,4.171719821910658,4.171719821910658,0.7,0.7,0.7,0.7,20,2.0,5.0,0.3,3,0.0,0.0,0.4153111111111111,0.4397240475547286,0.0,nan
syn2_d20_redundant0_noise0,controlled_gaussian_mixture_round2,99,0.7,release_3,matched_kmeans,random_forest,600,20,2,1,300.0,300.0,300,300,0,0.0,0.0,4.171719821910658,4.171719821910658,0.7,0.7,0.7,0.7,20,2.0,5.0,0.3,3,0.0,0.0,0.4832444444444445,0.4968173340898384,0.013333333333333334,nan
syn2_d20_redundant0_noise0,controlled_gaussian_mixture_round2,99,0.8,release_1,granular_ball,logistic,600,20,2,7,42.857142857142854,31.0,8,105,0,0.0,0.0,4.196212566301922,4.596619571166615,0.979591836734694,1.0,1.0,1.0,20,2.0,5.0,0.3,3,0.0,0.0,0.5618222222222222,0.5604139986943116,0.02666666666666667,nan
syn2_d20_redundant0_noise0,controlled_gaussian_mixture_round2,99,0.8,release_1,granular_ball,random_forest,600,20,2,7,42.857142857142854,31.0,8,105,0,0.0,0.0,4.196212566301922,4.596619571166615,0.979591836734694,1.0,1.0,1.0,20,2.0,5.0,0.3,3,0.0,0.0,0.48102222222222224,0.49939272679679547,0.01,nan
syn2_d20_redundant0_noise0,controlled_gaussian_mixture_round2,99,0.8,release_1,matched_kmeans,logistic,600,20,2,7,42.857142857142854,29.0,18,114,0,0.0,0.0,4.283246775551683,4.511947765098353,0.9699248120300752,1.0,1.0,1.0,20,2.0,5.0,0.3,3,0.0,0.0,0.6192777777777778,0.6322348289797141,0.06333333333333334,nan
syn2_d20_redundant0_noise0,controlled_gaussian_mixture_round2,99,0.8,release_1,matched_kmeans,random_forest,600,20,2,7,42.857142857142854,29.0,18,114,0,0.0,0.0,4.283246775551683,4.511947765098353,0.9699248120300752,1.0,1.0,1.0,20,2.0,5.0,0.3,3,0.0,0.0,0.6373777777777777,0.638558648467251,0.05,nan
syn2_d20_redundant0_noise0,controlled_gaussian_mixture_round2,99,0.8,release_2,granular_ball,logistic,600,20,2,7,42.857142857142854,31.0,8,105,0,0.0,0.0,4.196212566301922,4.596619571166615,0.979591836734694,1.0,1.0,1.0,20,2.0,5.0,0.3,3,0.0,0.0,0.5850222222222222,0.5909183179064954,0.03333333333333333,nan
syn2_d20_redundant0_noise0,controlled_gaussian_mixture_round2,99,0.8,release_2,granular_ball,random_forest,600,20,2,7,42.857142857142854,31.0,8,105,0,0.0,0.0,4.196212566301922,4.596619571166615,0.979591836734694,1.0,1.0,1.0,20,2.0,5.0,0.3,3,0.0,0.0,0.5003500000000001,0.5119824612216647,0.01,nan
syn2_d20_redundant0_noise0,controlled_gaussian_mixture_round2,99,0.8,release_2,matched_kmeans,logistic,600,20,2,7,42.857142857142854,29.0,18,114,0,0.0,0.0,4.283246775551683,4.511947765098353,0.9699248120300752,1.0,1.0,1.0,20,2.0,5.0,0.3,3,0.0,0.0,0.6388999999999999,0.6525052513641239,0.06,nan
syn2_d20_redundant0_noise0,controlled_gaussian_mixture_round2,99,0.8,release_2,matched_kmeans,random_forest,600,20,2,7,42.857142857142854,29.0,18,114,0,0.0,0.0,4.283246775551683,4.511947765098353,0.9699248120300752,1.0,1.0,1.0,20,2.0,5.0,0.3,3,0.0,0.0,0.6185888888888889,0.6204196350402086,0.03,nan
syn2_d20_redundant0_noise0,controlled_gaussian_mixture_round2,99,0.8,release_3,granular_ball,logistic,600,20,2,7,42.857142857142854,31.0,8,105,0,0.0,0.0,4.196212566301922,4.596619571166615,0.979591836734694,1.0,1.0,1.0,20,2.0,5.0,0.3,3,0.0,0.0,0.5846333333333333,0.5786430298917946,0.03,nan
syn2_d20_redundant0_noise0,controlled_gaussian_mixture_round2,99,0.8,release_3,granular_ball,random_forest,600,20,2,7,42.857142857142854,31.0,8,105,0,0.0,0.0,4.196212566301922,4.596619571166615,0.979591836734694,1.0,1.0,1.0,20,2.0,5.0,0.3,3,0.0,0.0,0.5094222222222222,0.5218352828731856,0.01,nan
syn2_d20_redundant0_noise0,controlled_gaussian_mixture_round2,99,0.8,release_3,matched_kmeans,logistic,600,20,2,7,42.857142857142854,29.0,18,114,0,0.0,0.0,4.283246775551683,4.511947765098353,0.9699248120300752,1.0,1.0,1.0,20,2.0,5.0,0.3,3,0.0,0.0,0.635311111111111,0.6521264433570314,0.06,nan
syn2_d20_redundant0_noise0,controlled_gaussian_mixture_round2,99,0.8,release_3,matched_kmeans,random_forest,600,20,2,7,42.857142857142854,29.0,18,114,0,0.0,0.0,4.283246775551683,4.511947765098353,0.9699248120300752,1.0,1.0,1.0,20,2.0,5.0,0.3,3,0.0,0.0,0.6175999999999999,0.621571860769315,0.03,nan
syn2_d20_redundant0_noise0,controlled_gaussian_mixture_round2,99,0.9,release_1,granular_ball,logistic,600,20,2,13,23.076923076923077,13.0,1,80,1,0.15384615384615385,0.23076923076923078,3.0940504194136107,3.63022002368039,0.9942307692307693,1.0,1.0,1.0,20,2.0,5.0,0.3,3,0.0,0.0,0.6054888888888889,0.6200526214219088,0.07,nan
syn2_d20_redundant0_noise0,controlled_gaussian_mixture_round2,99,0.9,release_1,granular_ball,random_forest,600,20,2,13,23.076923076923077,13.0,1,80,1,0.15384615384615385,0.23076923076923078,3.0940504194136107,3.63022002368039,0.9942307692307693,1.0,1.0,1.0,20,2.0,5.0,0.3,3,0.0,0.0,0.5316333333333334,0.547114740897271,0.03333333333333333,nan
syn2_d20_redundant0_noise0,controlled_gaussian_mixture_round2,99,0.9,release_1,matched_kmeans,logistic,600,20,2,13,23.076923076923077,16.0,8,72,0,0.0,0.0,4.014224845872638,4.308355569191445,0.9590246354952238,1.0,1.0,1.0,20,2.0,5.0,0.3,3,0.0,0.0,0.6897444444444445,0.6662049633440859,0.03,nan
syn2_d20_redundant0_noise0,controlled_gaussian_mixture_round2,99,0.9,release_1,matched_kmeans,random_forest,600,20,2,13,23.076923076923077,16.0,8,72,0,0.0,0.0,4.014224845872638,4.308355569191445,0.9590246354952238,1.0,1.0,1.0,20,2.0,5.0,0.3,3,0.0,0.0,0.7198,0.722740475668487,0.11333333333333333,nan
syn2_d20_redundant0_noise0,controlled_gaussian_mixture_round2,99,0.9,release_2,granular_ball,logistic,600,20,2,13,23.076923076923077,13.0,1,80,1,0.15384615384615385,0.23076923076923078,3.0940504194136107,3.63022002368039,0.9942307692307693,1.0,1.0,1.0,20,2.0,5.0,0.3,3,0.0,0.0,0.6515444444444445,0.6495852065033032,0.03666666666666667,nan
syn2_d20_redundant0_noise0,controlled_gaussian_mixture_round2,99,0.9,release_2,granular_ball,random_forest,600,20,2,13,23.076923076923077,13.0,1,80,1,0.15384615384615385,0.23076923076923078,3.0940504194136107,3.63022002368039,0.9942307692307693,1.0,1.0,1.0,20,2.0,5.0,0.3,3,0.0,0.0,0.6024666666666667,0.5841440097063363,0.013333333333333334,nan
syn2_d20_redundant0_noise0,controlled_gaussian_mixture_round2,99,0.9,release_2,matched_kmeans,logistic,600,20,2,13,23.076923076923077,16.0,8,72,0,0.0,0.0,4.014224845872638,4.308355569191445,0.9590246354952238,1.0,1.0,1.0,20,2.0,5.0,0.3,3,0.0,0.0,0.7186222222222223,0.7056205500124071,0.08666666666666667,nan
syn2_d20_redundant0_noise0,controlled_gaussian_mixture_round2,99,0.9,release_2,matched_kmeans,random_forest,600,20,2,13,23.076923076923077,16.0,8,72,0,0.0,0.0,4.014224845872638,4.308355569191445,0.9590246354952238,1.0,1.0,1.0,20,2.0,5.0,0.3,3,0.0,0.0,0.7349888888888889,0.7302999914141985,0.09666666666666666,nan
syn2_d20_redundant0_noise0,controlled_gaussian_mixture_round2,99,0.9,release_3,granular_ball,logistic,600,20,2,13,23.076923076923077,13.0,1,80,1,0.15384615384615385,0.23076923076923078,3.0940504194136107,3.63022002368039,0.9942307692307693,1.0,1.0,1.0,20,2.0,5.0,0.3,3,0.0,0.0,0.6381444444444445,0.6369822314866748,0.03666666666666667,nan
syn2_d20_redundant0_noise0,controlled_gaussian_mixture_round2,99,0.9,release_3,granular_ball,random_forest,600,20,2,13,23.076923076923077,13.0,1,80,1,0.15384615384615385,0.23076923076923078,3.0940504194136107,3.63022002368039,0.9942307692307693,1.0,1.0,1.0,20,2.0,5.0,0.3,3,0.0,0.0,0.6022111111111111,0.5877024010743237,0.023333333333333334,nan
syn2_d20_redundant0_noise0,controlled_gaussian_mixture_round2,99,0.9,release_3,matched_kmeans,logistic,600,20,2,13,23.076923076923077,16.0,8,72,0,0.0,0.0,4.014224845872638,4.308355569191445,0.9590246354952238,1.0,1.0,1.0,20,2.0,5.0,0.3,3,0.0,0.0,0.7194111111111111,0.7063053146356215,0.06333333333333334,nan
syn2_d20_redundant0_noise0,controlled_gaussian_mixture_round2,99,0.9,release_3,matched_kmeans,random_forest,600,20,2,13,23.076923076923077,16.0,8,72,0,0.0,0.0,4.014224845872638,4.308355569191445,0.9590246354952238,1.0,1.0,1.0,20,2.0,5.0,0.3,3,0.0,0.0,0.7252666666666667,0.7253868987115031,0.08,nan
syn2_d20_redundant0_noise0,controlled_gaussian_mixture_round2,99,0.95,release_1,granular_ball,logistic,600,20,2,13,23.076923076923077,13.0,1,80,1,0.15384615384615385,0.23076923076923078,3.0940504194136107,3.63022002368039,0.9942307692307693,1.0,1.0,1.0,20,2.0,5.0,0.3,3,0.0,0.0,0.6054888888888889,0.6200526214219088,0.07,nan
syn2_d20_redundant0_noise0,controlled_gaussian_mixture_round2,99,0.95,release_1,granular_ball,random_forest,600,20,2,13,23.076923076923077,13.0,1,80,1,0.15384615384615385,0.23076923076923078,3.0940504194136107,3.63022002368039,0.9942307692307693,1.0,1.0,1.0,20,2.0,5.0,0.3,3,0.0,0.0,0.5316333333333334,0.547114740897271,0.03333333333333333,nan
syn2_d20_redundant0_noise0,controlled_gaussian_mixture_round2,99,0.95,release_1,matched_kmeans,logistic,600,20,2,13,23.076923076923077,16.0,8,72,0,0.0,0.0,4.014224845872638,4.308355569191445,0.9590246354952238,1.0,1.0,1.0,20,2.0,5.0,0.3,3,0.0,0.0,0.6897444444444445,0.6662049633440859,0.03,nan
syn2_d20_redundant0_noise0,controlled_gaussian_mixture_round2,99,0.95,release_1,matched_kmeans,random_forest,600,20,2,13,23.076923076923077,16.0,8,72,0,0.0,0.0,4.014224845872638,4.308355569191445,0.9590246354952238,1.0,1.0,1.0,20,2.0,5.0,0.3,3,0.0,0.0,0.7198,0.722740475668487,0.11333333333333333,nan
syn2_d20_redundant0_noise0,controlled_gaussian_mixture_round2,99,0.95,release_2,granular_ball,logistic,600,20,2,13,23.076923076923077,13.0,1,80,1,0.15384615384615385,0.23076923076923078,3.0940504194136107,3.63022002368039,0.9942307692307693,1.0,1.0,1.0,20,2.0,5.0,0.3,3,0.0,0.0,0.6515444444444445,0.6495852065033032,0.03666666666666667,nan
syn2_d20_redundant0_noise0,controlled_gaussian_mixture_round2,99,0.95,release_2,granular_ball,random_forest,600,20,2,13,23.076923076923077,13.0,1,80,1,0.15384615384615385,0.23076923076923078,3.0940504194136107,3.63022002368039,0.9942307692307693,1.0,1.0,1.0,20,2.0,5.0,0.3,3,0.0,0.0,0.6024666666666667,0.5841440097063363,0.013333333333333334,nan
syn2_d20_redundant0_noise0,controlled_gaussian_mixture_round2,99,0.95,release_2,matched_kmeans,logistic,600,20,2,13,23.076923076923077,16.0,8,72,0,0.0,0.0,4.014224845872638,4.308355569191445,0.9590246354952238,1.0,1.0,1.0,20,2.0,5.0,0.3,3,0.0,0.0,0.7186222222222223,0.7056205500124071,0.08666666666666667,nan
syn2_d20_redundant0_noise0,controlled_gaussian_mixture_round2,99,0.95,release_2,matched_kmeans,random_forest,600,20,2,13,23.076923076923077,16.0,8,72,0,0.0,0.0,4.014224845872638,4.308355569191445,0.9590246354952238,1.0,1.0,1.0,20,2.0,5.0,0.3,3,0.0,0.0,0.7349888888888889,0.7302999914141985,0.09666666666666666,nan
syn2_d20_redundant0_noise0,controlled_gaussian_mixture_round2,99,0.95,release_3,granular_ball,logistic,600,20,2,13,23.076923076923077,13.0,1,80,1,0.15384615384615385,0.23076923076923078,3.0940504194136107,3.63022002368039,0.9942307692307693,1.0,1.0,1.0,20,2.0,5.0,0.3,3,0.0,0.0,0.6381444444444445,0.6369822314866748,0.03666666666666667,nan
syn2_d20_redundant0_noise0,controlled_gaussian_mixture_round2,99,0.95,release_3,granular_ball,random_forest,600,20,2,13,23.076923076923077,13.0,1,80,1,0.15384615384615385,0.23076923076923078,3.0940504194136107,3.63022002368039,0.9942307692307693,1.0,1.0,1.0,20,2.0,5.0,0.3,3,0.0,0.0,0.6022111111111111,0.5877024010743237,0.023333333333333334,nan
syn2_d20_redundant0_noise0,controlled_gaussian_mixture_round2,99,0.95,release_3,matched_kmeans,logistic,600,20,2,13,23.076923076923077,16.0,8,72,0,0.0,0.0,4.014224845872638,4.308355569191445,0.9590246354952238,1.0,1.0,1.0,20,2.0,5.0,0.3,3,0.0,0.0,0.7194111111111111,0.7063053146356215,0.06333333333333334,nan
syn2_d20_redundant0_noise0,controlled_gaussian_mixture_round2,99,0.95,release_3,matched_kmeans,random_forest,600,20,2,13,23.076923076923077,16.0,8,72,0,0.0,0.0,4.014224845872638,4.308355569191445,0.9590246354952238,1.0,1.0,1.0,20,2.0,5.0,0.3,3,0.0,0.0,0.7252666666666667,0.7253868987115031,0.08,nan
syn2_d20_redundant0_noise0,controlled_gaussian_mixture_round2,99,0.99,release_1,granular_ball,logistic,600,20,2,16,18.75,8.5,1,80,4,0.3125,0.375,2.492054947843763,2.868166493437237,1.0,1.0,1.0,1.0,20,2.0,5.0,0.3,3,0.0,0.0,0.6140666666666666,0.6375775785631326,0.07666666666666666,nan
syn2_d20_redundant0_noise0,controlled_gaussian_mixture_round2,99,0.99,release_1,granular_ball,random_forest,600,20,2,16,18.75,8.5,1,80,4,0.3125,0.375,2.492054947843763,2.868166493437237,1.0,1.0,1.0,1.0,20,2.0,5.0,0.3,3,0.0,0.0,0.5505444444444445,0.5764033603907079,0.05,nan
syn2_d20_redundant0_noise0,controlled_gaussian_mixture_round2,99,0.99,release_1,matched_kmeans,logistic,600,20,2,16,18.75,14.0,2,59,0,0.0625,0.0625,3.8466578830217584,4.27129732119181,0.976321036889332,1.0,1.0,1.0,20,2.0,5.0,0.3,3,0.0,0.0,0.6876555555555556,0.6757416141936778,0.04666666666666667,nan
syn2_d20_redundant0_noise0,controlled_gaussian_mixture_round2,99,0.99,release_1,matched_kmeans,random_forest,600,20,2,16,18.75,14.0,2,59,0,0.0625,0.0625,3.8466578830217584,4.27129732119181,0.976321036889332,1.0,1.0,1.0,20,2.0,5.0,0.3,3,0.0,0.0,0.6952499999999999,0.7019245063588228,0.11,nan
syn2_d20_redundant0_noise0,controlled_gaussian_mixture_round2,99,0.99,release_2,granular_ball,logistic,600,20,2,16,18.75,8.5,1,80,4,0.3125,0.375,2.492054947843763,2.868166493437237,1.0,1.0,1.0,1.0,20,2.0,5.0,0.3,3,0.0,0.0,0.6666333333333334,0.6671947971852081,0.05,nan
syn2_d20_redundant0_noise0,controlled_gaussian_mixture_round2,99,0.99,release_2,granular_ball,random_forest,600,20,2,16,18.75,8.5,1,80,4,0.3125,0.375,2.492054947843763,2.868166493437237,1.0,1.0,1.0,1.0,20,2.0,5.0,0.3,3,0.0,0.0,0.6202555555555556,0.6142281798859383,0.05333333333333334,nan
syn2_d20_redundant0_noise0,controlled_gaussian_mixture_round2,99,0.99,release_2,matched_kmeans,logistic,600,20,2,16,18.75,14.0,2,59,0,0.0625,0.0625,3.8466578830217584,4.27129732119181,0.976321036889332,1.0,1.0,1.0,20,2.0,5.0,0.3,3,0.0,0.0,0.6993777777777779,0.7081813777875906,0.10666666666666667,nan
syn2_d20_redundant0_noise0,controlled_gaussian_mixture_round2,99,0.99,release_2,matched_kmeans,random_forest,600,20,2,16,18.75,14.0,2,59,0,0.0625,0.0625,3.8466578830217584,4.27129732119181,0.976321036889332,1.0,1.0,1.0,20,2.0,5.0,0.3,3,0.0,0.0,0.6793611111111111,0.6904930206539064,0.07666666666666666,nan
syn2_d20_redundant0_noise0,controlled_gaussian_mixture_round2,99,0.99,release_3,granular_ball,logistic,600,20,2,16,18.75,8.5,1,80,4,0.3125,0.375,2.492054947843763,2.868166493437237,1.0,1.0,1.0,1.0,20,2.0,5.0,0.3,3,0.0,0.0,0.6644666666666666,0.6617524298584929,0.03666666666666667,nan
syn2_d20_redundant0_noise0,controlled_gaussian_mixture_round2,99,0.99,release_3,granular_ball,random_forest,600,20,2,16,18.75,8.5,1,80,4,0.3125,0.375,2.492054947843763,2.868166493437237,1.0,1.0,1.0,1.0,20,2.0,5.0,0.3,3,0.0,0.0,0.6317555555555556,0.6265775956992872,0.043333333333333335,nan
syn2_d20_redundant0_noise0,controlled_gaussian_mixture_round2,99,0.99,release_3,matched_kmeans,logistic,600,20,2,16,18.75,14.0,2,59,0,0.0625,0.0625,3.8466578830217584,4.27129732119181,0.976321036889332,1.0,1.0,1.0,20,2.0,5.0,0.3,3,0.0,0.0,0.6980555555555557,0.699758976291945,0.08333333333333333,nan
syn2_d20_redundant0_noise0,controlled_gaussian_mixture_round2,99,0.99,release_3,matched_kmeans,random_forest,600,20,2,16,18.75,14.0,2,59,0,0.0625,0.0625,3.8466578830217584,4.27129732119181,0.976321036889332,1.0,1.0,1.0,20,2.0,5.0,0.3,3,0.0,0.0,0.6788000000000001,0.691382788379704,0.07333333333333333,nan
syn2_d20_redundant0_noise0,controlled_gaussian_mixture_round2,2026,0.7,release_1,granular_ball,logistic,600,20,2,1,300.0,300.0,300,300,0,0.0,0.0,4.146914089132776,4.146914089132776,0.7,0.7,0.7,0.7,20,2.0,5.0,0.3,3,0.0,0.0,0.4602222222222222,0.4720340015346377,0.0033333333333333335,nan
syn2_d20_redundant0_noise0,controlled_gaussian_mixture_round2,2026,0.7,release_1,granular_ball,random_forest,600,20,2,1,300.0,300.0,300,300,0,0.0,0.0,4.146914089132776,4.146914089132776,0.7,0.7,0.7,0.7,20,2.0,5.0,0.3,3,0.0,0.0,0.5164111111111112,0.5107313815366818,0.023333333333333334,nan
syn2_d20_redundant0_noise0,controlled_gaussian_mixture_round2,2026,0.7,release_1,matched_kmeans,logistic,600,20,2,1,300.0,300.0,300,300,0,0.0,0.0,4.146914089132776,4.146914089132776,0.7,0.7,0.7,0.7,20,2.0,5.0,0.3,3,0.0,0.0,0.4602222222222222,0.4720340015346377,0.0033333333333333335,nan
syn2_d20_redundant0_noise0,controlled_gaussian_mixture_round2,2026,0.7,release_1,matched_kmeans,random_forest,600,20,2,1,300.0,300.0,300,300,0,0.0,0.0,4.146914089132776,4.146914089132776,0.7,0.7,0.7,0.7,20,2.0,5.0,0.3,3,0.0,0.0,0.5164111111111112,0.5107313815366818,0.023333333333333334,nan
syn2_d20_redundant0_noise0,controlled_gaussian_mixture_round2,2026,0.7,release_2,granular_ball,logistic,600,20,2,1,300.0,300.0,300,300,0,0.0,0.0,4.146914089132776,4.146914089132776,0.7,0.7,0.7,0.7,20,2.0,5.0,0.3,3,0.0,0.0,0.4594222222222223,0.4755956843294144,0.006666666666666667,nan
syn2_d20_redundant0_noise0,controlled_gaussian_mixture_round2,2026,0.7,release_2,granular_ball,random_forest,600,20,2,1,300.0,300.0,300,300,0,0.0,0.0,4.146914089132776,4.146914089132776,0.7,0.7,0.7,0.7,20,2.0,5.0,0.3,3,0.0,0.0,0.5193111111111111,0.5126439064699313,0.023333333333333334,nan
syn2_d20_redundant0_noise0,controlled_gaussian_mixture_round2,2026,0.7,release_2,matched_kmeans,logistic,600,20,2,1,300.0,300.0,300,300,0,0.0,0.0,4.146914089132776,4.146914089132776,0.7,0.7,0.7,0.7,20,2.0,5.0,0.3,3,0.0,0.0,0.4594222222222223,0.4755956843294144,0.006666666666666667,nan
syn2_d20_redundant0_noise0,controlled_gaussian_mixture_round2,2026,0.7,release_2,matched_kmeans,random_forest,600,20,2,1,300.0,300.0,300,300,0,0.0,0.0,4.146914089132776,4.146914089132776,0.7,0.7,0.7,0.7,20,2.0,5.0,0.3,3,0.0,0.0,0.5193111111111111,0.5126439064699313,0.023333333333333334,nan
syn2_d20_redundant0_noise0,controlled_gaussian_mixture_round2,2026,0.7,release_3,granular_ball,logistic,600,20,2,1,300.0,300.0,300,300,0,0.0,0.0,4.146914089132776,4.146914089132776,0.7,0.7,0.7,0.7,20,2.0,5.0,0.3,3,0.0,0.0,0.4594222222222223,0.4755956843294144,0.006666666666666667,nan
syn2_d20_redundant0_noise0,controlled_gaussian_mixture_round2,2026,0.7,release_3,granular_ball,random_forest,600,20,2,1,300.0,300.0,300,300,0,0.0,0.0,4.146914089132776,4.146914089132776,0.7,0.7,0.7,0.7,20,2.0,5.0,0.3,3,0.0,0.0,0.5196277777777778,0.5128744280031508,0.023333333333333334,nan
syn2_d20_redundant0_noise0,controlled_gaussian_mixture_round2,2026,0.7,release_3,matched_kmeans,logistic,600,20,2,1,300.0,300.0,300,300,0,0.0,0.0,4.146914089132776,4.146914089132776,0.7,0.7,0.7,0.7,20,2.0,5.0,0.3,3,0.0,0.0,0.4594222222222223,0.4755956843294144,0.006666666666666667,nan
syn2_d20_redundant0_noise0,controlled_gaussian_mixture_round2,2026,0.7,release_3,matched_kmeans,random_forest,600,20,2,1,300.0,300.0,300,300,0,0.0,0.0,4.146914089132776,4.146914089132776,0.7,0.7,0.7,0.7,20,2.0,5.0,0.3,3,0.0,0.0,0.5196277777777778,0.5128744280031508,0.023333333333333334,nan
syn2_d20_redundant0_noise0,controlled_gaussian_mixture_round2,2026,0.8,release_1,granular_ball,logistic,600,20,2,21,14.285714285714286,8.0,1,53,6,0.42857142857142855,0.47619047619047616,2.512785876825068,2.69847769753036,0.9753127057274521,1.0,1.0,1.0,20,2.0,5.0,0.3,3,0.0,0.0,0.6596,0.6967662750465744,0.15333333333333332,nan
syn2_d20_redundant0_noise0,controlled_gaussian_mixture_round2,2026,0.8,release_1,granular_ball,random_forest,600,20,2,21,14.285714285714286,8.0,1,53,6,0.42857142857142855,0.47619047619047616,2.512785876825068,2.69847769753036,0.9753127057274521,1.0,1.0,1.0,20,2.0,5.0,0.3,3,0.0,0.0,0.61195,0.6393807238706111,0.09666666666666666,nan
syn2_d20_redundant0_noise0,controlled_gaussian_mixture_round2,2026,0.8,release_1,matched_kmeans,logistic,600,20,2,21,14.285714285714286,10.0,1,47,2,0.09523809523809523,0.23809523809523808,3.428536216836933,3.919580960317806,0.9553239735610556,1.0,1.0,1.0,20,2.0,5.0,0.3,3,0.0,0.0,0.7068888888888889,0.7339063456123002,0.18666666666666668,nan
syn2_d20_redundant0_noise0,controlled_gaussian_mixture_round2,2026,0.8,release_1,matched_kmeans,random_forest,600,20,2,21,14.285714285714286,10.0,1,47,2,0.09523809523809523,0.23809523809523808,3.428536216836933,3.919580960317806,0.9553239735610556,1.0,1.0,1.0,20,2.0,5.0,0.3,3,0.0,0.0,0.6970777777777778,0.7302642838100358,0.18666666666666668,nan
syn2_d20_redundant0_noise0,controlled_gaussian_mixture_round2,2026,0.8,release_2,granular_ball,logistic,600,20,2,21,14.285714285714286,8.0,1,53,6,0.42857142857142855,0.47619047619047616,2.512785876825068,2.69847769753036,0.9753127057274521,1.0,1.0,1.0,20,2.0,5.0,0.3,3,0.0,0.0,0.6721555555555555,0.7092044574277461,0.14333333333333334,nan
syn2_d20_redundant0_noise0,controlled_gaussian_mixture_round2,2026,0.8,release_2,granular_ball,random_forest,600,20,2,21,14.285714285714286,8.0,1,53,6,0.42857142857142855,0.47619047619047616,2.512785876825068,2.69847769753036,0.9753127057274521,1.0,1.0,1.0,20,2.0,5.0,0.3,3,0.0,0.0,0.6186888888888888,0.6509339739051727,0.10333333333333333,nan
syn2_d20_redundant0_noise0,controlled_gaussian_mixture_round2,2026,0.8,release_2,matched_kmeans,logistic,600,20,2,21,14.285714285714286,10.0,1,47,2,0.09523809523809523,0.23809523809523808,3.428536216836933,3.919580960317806,0.9553239735610556,1.0,1.0,1.0,20,2.0,5.0,0.3,3,0.0,0.0,0.7392222222222222,0.755267386679612,0.18333333333333332,nan
syn2_d20_redundant0_noise0,controlled_gaussian_mixture_round2,2026,0.8,release_2,matched_kmeans,random_forest,600,20,2,21,14.285714285714286,10.0,1,47,2,0.09523809523809523,0.23809523809523808,3.428536216836933,3.919580960317806,0.9553239735610556,1.0,1.0,1.0,20,2.0,5.0,0.3,3,0.0,0.0,0.7373444444444444,0.754207857947855,0.13,nan
syn2_d20_redundant0_noise0,controlled_gaussian_mixture_round2,2026,0.8,release_3,granular_ball,logistic,600,20,2,21,14.285714285714286,8.0,1,53,6,0.42857142857142855,0.47619047619047616,2.512785876825068,2.69847769753036,0.9753127057274521,1.0,1.0,1.0,20,2.0,5.0,0.3,3,0.0,0.0,0.6946888888888889,0.7182125802484846,0.15,nan
syn2_d20_redundant0_noise0,controlled_gaussian_mixture_round2,2026,0.8,release_3,granular_ball,random_forest,600,20,2,21,14.285714285714286,8.0,1,53,6,0.42857142857142855,0.47619047619047616,2.512785876825068,2.69847769753036,0.9753127057274521,1.0,1.0,1.0,20,2.0,5.0,0.3,3,0.0,0.0,0.6228888888888888,0.6524917466565668,0.10666666666666667,nan
syn2_d20_redundant0_noise0,controlled_gaussian_mixture_round2,2026,0.8,release_3,matched_kmeans,logistic,600,20,2,21,14.285714285714286,10.0,1,47,2,0.09523809523809523,0.23809523809523808,3.428536216836933,3.919580960317806,0.9553239735610556,1.0,1.0,1.0,20,2.0,5.0,0.3,3,0.0,0.0,0.7409777777777777,0.7524787167177833,0.18666666666666668,nan
syn2_d20_redundant0_noise0,controlled_gaussian_mixture_round2,2026,0.8,release_3,matched_kmeans,random_forest,600,20,2,21,14.285714285714286,10.0,1,47,2,0.09523809523809523,0.23809523809523808,3.428536216836933,3.919580960317806,0.9553239735610556,1.0,1.0,1.0,20,2.0,5.0,0.3,3,0.0,0.0,0.7484777777777778,0.7622325523325234,0.17666666666666667,nan
syn2_d20_redundant0_noise0,controlled_gaussian_mixture_round2,2026,0.9,release_1,granular_ball,logistic,600,20,2,26,11.538461538461538,4.0,1,53,9,0.46153846153846156,0.5384615384615384,2.267541599849679,2.652786941118496,0.9948489010989012,1.0,1.0,1.0,20,2.0,5.0,0.3,3,0.0,0.0,0.6606888888888889,0.6995853800900628,0.15666666666666668,nan
syn2_d20_redundant0_noise0,controlled_gaussian_mixture_round2,2026,0.9,release_1,granular_ball,random_forest,600,20,2,26,11.538461538461538,4.0,1,53,9,0.46153846153846156,0.5384615384615384,2.267541599849679,2.652786941118496,0.9948489010989012,1.0,1.0,1.0,20,2.0,5.0,0.3,3,0.0,0.0,0.6481222222222223,0.6760679664185532,0.10666666666666667,nan
syn2_d20_redundant0_noise0,controlled_gaussian_mixture_round2,2026,0.9,release_1,matched_kmeans,logistic,600,20,2,26,11.538461538461538,8.5,1,48,3,0.15384615384615385,0.34615384615384615,3.2536801082833735,3.896410968363886,0.9692307692307692,1.0,1.0,1.0,20,2.0,5.0,0.3,3,0.0,0.0,0.7281888888888889,0.7626470649100973,0.23333333333333334,nan
syn2_d20_redundant0_noise0,controlled_gaussian_mixture_round2,2026,0.9,release_1,matched_kmeans,random_forest,600,20,2,26,11.538461538461538,8.5,1,48,3,0.15384615384615385,0.34615384615384615,3.2536801082833735,3.896410968363886,0.9692307692307692,1.0,1.0,1.0,20,2.0,5.0,0.3,3,0.0,0.0,0.7000333333333333,0.7402726629052243,0.23333333333333334,nan
syn2_d20_redundant0_noise0,controlled_gaussian_mixture_round2,2026,0.9,release_2,granular_ball,logistic,600,20,2,26,11.538461538461538,4.0,1,53,9,0.46153846153846156,0.5384615384615384,2.267541599849679,2.652786941118496,0.9948489010989012,1.0,1.0,1.0,20,2.0,5.0,0.3,3,0.0,0.0,0.690711111111111,0.7229489714741085,0.14666666666666667,nan
syn2_d20_redundant0_noise0,controlled_gaussian_mixture_round2,2026,0.9,release_2,granular_ball,random_forest,600,20,2,26,11.538461538461538,4.0,1,53,9,0.46153846153846156,0.5384615384615384,2.267541599849679,2.652786941118496,0.9948489010989012,1.0,1.0,1.0,20,2.0,5.0,0.3,3,0.0,0.0,0.6764888888888888,0.7012769704622509,0.13666666666666666,nan
syn2_d20_redundant0_noise0,controlled_gaussian_mixture_round2,2026,0.9,release_2,matched_kmeans,logistic,600,20,2,26,11.538461538461538,8.5,1,48,3,0.15384615384615385,0.34615384615384615,3.2536801082833735,3.896410968363886,0.9692307692307692,1.0,1.0,1.0,20,2.0,5.0,0.3,3,0.0,0.0,0.7416222222222222,0.7670954598628437,0.25666666666666665,nan
syn2_d20_redundant0_noise0,controlled_gaussian_mixture_round2,2026,0.9,release_2,matched_kmeans,random_forest,600,20,2,26,11.538461538461538,8.5,1,48,3,0.15384615384615385,0.34615384615384615,3.2536801082833735,3.896410968363886,0.9692307692307692,1.0,1.0,1.0,20,2.0,5.0,0.3,3,0.0,0.0,0.7613666666666666,0.7845943626067193,0.21666666666666667,nan
syn2_d20_redundant0_noise0,controlled_gaussian_mixture_round2,2026,0.9,release_3,granular_ball,logistic,600,20,2,26,11.538461538461538,4.0,1,53,9,0.46153846153846156,0.5384615384615384,2.267541599849679,2.652786941118496,0.9948489010989012,1.0,1.0,1.0,20,2.0,5.0,0.3,3,0.0,0.0,0.7036555555555555,0.7261686896316656,0.16666666666666666,nan
syn2_d20_redundant0_noise0,controlled_gaussian_mixture_round2,2026,0.9,release_3,granular_ball,random_forest,600,20,2,26,11.538461538461538,4.0,1,53,9,0.46153846153846156,0.5384615384615384,2.267541599849679,2.652786941118496,0.9948489010989012,1.0,1.0,1.0,20,2.0,5.0,0.3,3,0.0,0.0,0.674811111111111,0.6942967365072148,0.08666666666666667,nan
syn2_d20_redundant0_noise0,controlled_gaussian_mixture_round2,2026,0.9,release_3,matched_kmeans,logistic,600,20,2,26,11.538461538461538,8.5,1,48,3,0.15384615384615385,0.34615384615384615,3.2536801082833735,3.896410968363886,0.9692307692307692,1.0,1.0,1.0,20,2.0,5.0,0.3,3,0.0,0.0,0.7605333333333333,0.7719103835841419,0.24,nan
syn2_d20_redundant0_noise0,controlled_gaussian_mixture_round2,2026,0.9,release_3,matched_kmeans,random_forest,600,20,2,26,11.538461538461538,8.5,1,48,3,0.15384615384615385,0.34615384615384615,3.2536801082833735,3.896410968363886,0.9692307692307692,1.0,1.0,1.0,20,2.0,5.0,0.3,3,0.0,0.0,0.7667777777777778,0.7839335006371849,0.24,nan
syn2_d20_redundant0_noise0,controlled_gaussian_mixture_round2,2026,0.95,release_1,granular_ball,logistic,600,20,2,28,10.714285714285714,3.0,1,53,11,0.5,0.5714285714285714,2.0966593938250844,1.876061807163881,0.9975251749445297,1.0,1.0,1.0,20,2.0,5.0,0.3,3,0.0,0.0,0.6605777777777777,0.7011013605473697,0.15333333333333332,nan
syn2_d20_redundant0_noise0,controlled_gaussian_mixture_round2,2026,0.95,release_1,granular_ball,random_forest,600,20,2,28,10.714285714285714,3.0,1,53,11,0.5,0.5714285714285714,2.0966593938250844,1.876061807163881,0.9975251749445297,1.0,1.0,1.0,20,2.0,5.0,0.3,3,0.0,0.0,0.6510611111111111,0.6850311083966669,0.11,nan
syn2_d20_redundant0_noise0,controlled_gaussian_mixture_round2,2026,0.95,release_1,matched_kmeans,logistic,600,20,2,28,10.714285714285714,8.0,1,44,3,0.21428571428571427,0.35714285714285715,3.1807215954999744,3.7376308793745974,0.9707751393797907,1.0,1.0,1.0,20,2.0,5.0,0.3,3,0.0,0.0,0.7605444444444445,0.787631409610738,0.24333333333333335,nan
syn2_d20_redundant0_noise0,controlled_gaussian_mixture_round2,2026,0.95,release_1,matched_kmeans,random_forest,600,20,2,28,10.714285714285714,8.0,1,44,3,0.21428571428571427,0.35714285714285715,3.1807215954999744,3.7376308793745974,0.9707751393797907,1.0,1.0,1.0,20,2.0,5.0,0.3,3,0.0,0.0,0.7628888888888888,0.7900174258074145,0.23,nan
syn2_d20_redundant0_noise0,controlled_gaussian_mixture_round2,2026,0.95,release_2,granular_ball,logistic,600,20,2,28,10.714285714285714,3.0,1,53,11,0.5,0.5714285714285714,2.0966593938250844,1.876061807163881,0.9975251749445297,1.0,1.0,1.0,20,2.0,5.0,0.3,3,0.0,0.0,0.6907999999999999,0.724293936731799,0.14666666666666667,nan
syn2_d20_redundant0_noise0,controlled_gaussian_mixture_round2,2026,0.95,release_2,granular_ball,random_forest,600,20,2,28,10.714285714285714,3.0,1,53,11,0.5,0.5714285714285714,2.0966593938250844,1.876061807163881,0.9975251749445297,1.0,1.0,1.0,20,2.0,5.0,0.3,3,0.0,0.0,0.6906166666666667,0.7137151208860565,0.15,nan
syn2_d20_redundant0_noise0,controlled_gaussian_mixture_round2,2026,0.95,release_2,matched_kmeans,logistic,600,20,2,28,10.714285714285714,8.0,1,44,3,0.21428571428571427,0.35714285714285715,3.1807215954999744,3.7376308793745974,0.9707751393797907,1.0,1.0,1.0,20,2.0,5.0,0.3,3,0.0,0.0,0.7783555555555557,0.8007433782598906,0.2733333333333333,nan
syn2_d20_redundant0_noise0,controlled_gaussian_mixture_round2,2026,0.95,release_2,matched_kmeans,random_forest,600,20,2,28,10.714285714285714,8.0,1,44,3,0.21428571428571427,0.35714285714285715,3.1807215954999744,3.7376308793745974,0.9707751393797907,1.0,1.0,1.0,20,2.0,5.0,0.3,3,0.0,0.0,0.8015444444444444,0.8209902261045964,0.20333333333333334,nan
syn2_d20_redundant0_noise0,controlled_gaussian_mixture_round2,2026,0.95,release_3,granular_ball,logistic,600,20,2,28,10.714285714285714,3.0,1,53,11,0.5,0.5714285714285714,2.0966593938250844,1.876061807163881,0.9975251749445297,1.0,1.0,1.0,20,2.0,5.0,0.3,3,0.0,0.0,0.7055555555555555,0.7272201022927369,0.16333333333333333,nan
syn2_d20_redundant0_noise0,controlled_gaussian_mixture_round2,2026,0.95,release_3,granular_ball,random_forest,600,20,2,28,10.714285714285714,3.0,1,53,11,0.5,0.5714285714285714,2.0966593938250844,1.876061807163881,0.9975251749445297,1.0,1.0,1.0,20,2.0,5.0,0.3,3,0.0,0.0,0.6805555555555556,0.7057275547590627,0.13,nan
syn2_d20_redundant0_noise0,controlled_gaussian_mixture_round2,2026,0.95,release_3,matched_kmeans,logistic,600,20,2,28,10.714285714285714,8.0,1,44,3,0.21428571428571427,0.35714285714285715,3.1807215954999744,3.7376308793745974,0.9707751393797907,1.0,1.0,1.0,20,2.0,5.0,0.3,3,0.0,0.0,0.7866222222222223,0.7995856665313062,0.22333333333333333,nan
syn2_d20_redundant0_noise0,controlled_gaussian_mixture_round2,2026,0.95,release_3,matched_kmeans,random_forest,600,20,2,28,10.714285714285714,8.0,1,44,3,0.21428571428571427,0.35714285714285715,3.1807215954999744,3.7376308793745974,0.9707751393797907,1.0,1.0,1.0,20,2.0,5.0,0.3,3,0.0,0.0,0.8050999999999999,0.8154658400220101,0.21,nan
syn2_d20_redundant0_noise0,controlled_gaussian_mixture_round2,2026,0.99,release_1,granular_ball,logistic,600,20,2,30,10.0,2.0,1,53,13,0.5333333333333333,0.6,1.9492378178517857,1.0184117522115277,1.0,1.0,1.0,1.0,20,2.0,5.0,0.3,3,0.0,0.0,0.6657,0.7041972495872937,0.15333333333333332,nan
syn2_d20_redundant0_noise0,controlled_gaussian_mixture_round2,2026,0.99,release_1,granular_ball,random_forest,600,20,2,30,10.0,2.0,1,53,13,0.5333333333333333,0.6,1.9492378178517857,1.0184117522115277,1.0,1.0,1.0,1.0,20,2.0,5.0,0.3,3,0.0,0.0,0.6393166666666666,0.6773234563957669,0.12,nan
syn2_d20_redundant0_noise0,controlled_gaussian_mixture_round2,2026,0.99,release_1,matched_kmeans,logistic,600,20,2,30,10.0,7.0,1,46,3,0.2,0.36666666666666664,3.163144341731261,3.753319376768843,0.975691458300154,1.0,1.0,1.0,20,2.0,5.0,0.3,3,0.0,0.0,0.7894666666666666,0.8096864500553554,0.2,nan
syn2_d20_redundant0_noise0,controlled_gaussian_mixture_round2,2026,0.99,release_1,matched_kmeans,random_forest,600,20,2,30,10.0,7.0,1,46,3,0.2,0.36666666666666664,3.163144341731261,3.753319376768843,0.975691458300154,1.0,1.0,1.0,20,2.0,5.0,0.3,3,0.0,0.0,0.8061333333333334,0.82680576077166,0.29333333333333333,nan
syn2_d20_redundant0_noise0,controlled_gaussian_mixture_round2,2026,0.99,release_2,granular_ball,logistic,600,20,2,30,10.0,2.0,1,53,13,0.5333333333333333,0.6,1.9492378178517857,1.0184117522115277,1.0,1.0,1.0,1.0,20,2.0,5.0,0.3,3,0.0,0.0,0.700088888888889,0.7298596810395797,0.15,nan
syn2_d20_redundant0_noise0,controlled_gaussian_mixture_round2,2026,0.99,release_2,granular_ball,random_forest,600,20,2,30,10.0,2.0,1,53,13,0.5333333333333333,0.6,1.9492378178517857,1.0184117522115277,1.0,1.0,1.0,1.0,20,2.0,5.0,0.3,3,0.0,0.0,0.6786888888888889,0.7028727352539949,0.13666666666666666,nan
syn2_d20_redundant0_noise0,controlled_gaussian_mixture_round2,2026,0.99,release_2,matched_kmeans,logistic,600,20,2,30,10.0,7.0,1,46,3,0.2,0.36666666666666664,3.163144341731261,3.753319376768843,0.975691458300154,1.0,1.0,1.0,20,2.0,5.0,0.3,3,0.0,0.0,0.8042666666666667,0.8227936858614959,0.24666666666666667,nan
syn2_d20_redundant0_noise0,controlled_gaussian_mixture_round2,2026,0.99,release_2,matched_kmeans,random_forest,600,20,2,30,10.0,7.0,1,46,3,0.2,0.36666666666666664,3.163144341731261,3.753319376768843,0.975691458300154,1.0,1.0,1.0,20,2.0,5.0,0.3,3,0.0,0.0,0.8343777777777779,0.8365646824410278,0.23333333333333334,nan
syn2_d20_redundant0_noise0,controlled_gaussian_mixture_round2,2026,0.99,release_3,granular_ball,logistic,600,20,2,30,10.0,2.0,1,53,13,0.5333333333333333,0.6,1.9492378178517857,1.0184117522115277,1.0,1.0,1.0,1.0,20,2.0,5.0,0.3,3,0.0,0.0,0.7064,0.7302694015938613,0.17,nan
syn2_d20_redundant0_noise0,controlled_gaussian_mixture_round2,2026,0.99,release_3,granular_ball,random_forest,600,20,2,30,10.0,2.0,1,53,13,0.5333333333333333,0.6,1.9492378178517857,1.0184117522115277,1.0,1.0,1.0,1.0,20,2.0,5.0,0.3,3,0.0,0.0,0.6709722222222223,0.6959330182851805,0.11,nan
syn2_d20_redundant0_noise0,controlled_gaussian_mixture_round2,2026,0.99,release_3,matched_kmeans,logistic,600,20,2,30,10.0,7.0,1,46,3,0.2,0.36666666666666664,3.163144341731261,3.753319376768843,0.975691458300154,1.0,1.0,1.0,20,2.0,5.0,0.3,3,0.0,0.0,0.8213111111111111,0.8290171305496481,0.22333333333333333,nan
syn2_d20_redundant0_noise0,controlled_gaussian_mixture_round2,2026,0.99,release_3,matched_kmeans,random_forest,600,20,2,30,10.0,7.0,1,46,3,0.2,0.36666666666666664,3.163144341731261,3.753319376768843,0.975691458300154,1.0,1.0,1.0,20,2.0,5.0,0.3,3,0.0,0.0,0.8394,0.8347390691952261,0.2,nan
syn2_d20_redundant0_noise0.1,controlled_gaussian_mixture_round2,42,0.7,release_1,granular_ball,logistic,600,20,2,5,60.0,55.0,8,136,0,0.0,0.0,3.9801202321446345,4.416674208210214,0.8333326477444125,0.875,0.7333333333333333,0.8909090909090909,20,2.0,5.0,0.3,3,0.0,0.1,0.5701777777777777,0.5540395955910831,0.023333333333333334,nan
syn2_d20_redundant0_noise0.1,controlled_gaussian_mixture_round2,42,0.7,release_1,granular_ball,random_forest,600,20,2,5,60.0,55.0,8,136,0,0.0,0.0,3.9801202321446345,4.416674208210214,0.8333326477444125,0.875,0.7333333333333333,0.8909090909090909,20,2.0,5.0,0.3,3,0.0,0.1,0.5421666666666666,0.5218547785012628,0.01,nan
syn2_d20_redundant0_noise0.1,controlled_gaussian_mixture_round2,42,0.7,release_1,matched_kmeans,logistic,600,20,2,5,60.0,46.0,31,137,0,0.0,0.0,4.297535511715291,4.6416050443069,0.8065339198556813,0.8695652173913043,0.8064516129032258,0.8717948717948718,20,2.0,5.0,0.3,3,0.0,0.1,0.5628888888888889,0.5517248456597358,0.02,nan
syn2_d20_redundant0_noise0.1,controlled_gaussian_mixture_round2,42,0.7,release_1,matched_kmeans,random_forest,600,20,2,5,60.0,46.0,31,137,0,0.0,0.0,4.297535511715291,4.6416050443069,0.8065339198556813,0.8695652173913043,0.8064516129032258,0.8717948717948718,20,2.0,5.0,0.3,3,0.0,0.1,0.5996833333333333,0.6010166708836315,0.04666666666666667,nan
syn2_d20_redundant0_noise0.1,controlled_gaussian_mixture_round2,42,0.7,release_2,granular_ball,logistic,600,20,2,5,60.0,55.0,8,136,0,0.0,0.0,3.9801202321446345,4.416674208210214,0.8333326477444125,0.875,0.7333333333333333,0.8909090909090909,20,2.0,5.0,0.3,3,0.0,0.1,0.5519666666666667,0.5522677994825679,0.02666666666666667,nan
syn2_d20_redundant0_noise0.1,controlled_gaussian_mixture_round2,42,0.7,release_2,granular_ball,random_forest,600,20,2,5,60.0,55.0,8,136,0,0.0,0.0,3.9801202321446345,4.416674208210214,0.8333326477444125,0.875,0.7333333333333333,0.8909090909090909,20,2.0,5.0,0.3,3,0.0,0.1,0.5497888888888889,0.5464385745624318,0.01,nan
syn2_d20_redundant0_noise0.1,controlled_gaussian_mixture_round2,42,0.7,release_2,matched_kmeans,logistic,600,20,2,5,60.0,46.0,31,137,0,0.0,0.0,4.297535511715291,4.6416050443069,0.8065339198556813,0.8695652173913043,0.8064516129032258,0.8717948717948718,20,2.0,5.0,0.3,3,0.0,0.1,0.5932222222222223,0.5865320662944865,0.016666666666666666,nan
syn2_d20_redundant0_noise0.1,controlled_gaussian_mixture_round2,42,0.7,release_2,matched_kmeans,random_forest,600,20,2,5,60.0,46.0,31,137,0,0.0,0.0,4.297535511715291,4.6416050443069,0.8065339198556813,0.8695652173913043,0.8064516129032258,0.8717948717948718,20,2.0,5.0,0.3,3,0.0,0.1,0.5943999999999999,0.5980764605652793,0.03333333333333333,nan
syn2_d20_redundant0_noise0.1,controlled_gaussian_mixture_round2,42,0.7,release_3,granular_ball,logistic,600,20,2,5,60.0,55.0,8,136,0,0.0,0.0,3.9801202321446345,4.416674208210214,0.8333326477444125,0.875,0.7333333333333333,0.8909090909090909,20,2.0,5.0,0.3,3,0.0,0.1,0.5457666666666666,0.5450257405363952,0.02666666666666667,nan
syn2_d20_redundant0_noise0.1,controlled_gaussian_mixture_round2,42,0.7,release_3,granular_ball,random_forest,600,20,2,5,60.0,55.0,8,136,0,0.0,0.0,3.9801202321446345,4.416674208210214,0.8333326477444125,0.875,0.7333333333333333,0.8909090909090909,20,2.0,5.0,0.3,3,0.0,0.1,0.5566222222222222,0.5623466710996551,0.02666666666666667,nan
syn2_d20_redundant0_noise0.1,controlled_gaussian_mixture_round2,42,0.7,release_3,matched_kmeans,logistic,600,20,2,5,60.0,46.0,31,137,0,0.0,0.0,4.297535511715291,4.6416050443069,0.8065339198556813,0.8695652173913043,0.8064516129032258,0.8717948717948718,20,2.0,5.0,0.3,3,0.0,0.1,0.5932444444444445,0.5866253873279564,0.016666666666666666,nan
syn2_d20_redundant0_noise0.1,controlled_gaussian_mixture_round2,42,0.7,release_3,matched_kmeans,random_forest,600,20,2,5,60.0,46.0,31,137,0,0.0,0.0,4.297535511715291,4.6416050443069,0.8065339198556813,0.8695652173913043,0.8064516129032258,0.8717948717948718,20,2.0,5.0,0.3,3,0.0,0.1,0.5940444444444445,0.6115317846342734,0.043333333333333335,nan
syn2_d20_redundant0_noise0.1,controlled_gaussian_mixture_round2,42,0.8,release_1,granular_ball,logistic,600,20,2,20,15.0,4.0,1,55,6,0.45,0.55,2.2938790131886484,2.05846071914805,0.8886191463346635,0.9353146853146853,0.8233923578751166,1.0,20,2.0,5.0,0.3,3,0.0,0.1,0.6166999999999999,0.6268751912499995,0.06666666666666667,nan
syn2_d20_redundant0_noise0.1,controlled_gaussian_mixture_round2,42,0.8,release_1,granular_ball,random_forest,600,20,2,20,15.0,4.0,1,55,6,0.45,0.55,2.2938790131886484,2.05846071914805,0.8886191463346635,0.9353146853146853,0.8233923578751166,1.0,20,2.0,5.0,0.3,3,0.0,0.1,0.5670666666666667,0.571401512675033,0.04666666666666667,nan
syn2_d20_redundant0_noise0.1,controlled_gaussian_mixture_round2,42,0.8,release_1,matched_kmeans,logistic,600,20,2,20,15.0,11.5,5,72,0,0.0,0.1,3.8380018882022533,4.031137738679704,0.8534806135893094,0.8571428571428571,0.7837301587301587,0.9464285714285714,20,2.0,5.0,0.3,3,0.0,0.1,0.6932777777777778,0.6767491375566939,0.07,nan
syn2_d20_redundant0_noise0.1,controlled_gaussian_mixture_round2,42,0.8,release_1,matched_kmeans,random_forest,600,20,2,20,15.0,11.5,5,72,0,0.0,0.1,3.8380018882022533,4.031137738679704,0.8534806135893094,0.8571428571428571,0.7837301587301587,0.9464285714285714,20,2.0,5.0,0.3,3,0.0,0.1,0.7245777777777779,0.7546249020123976,0.16,nan
syn2_d20_redundant0_noise0.1,controlled_gaussian_mixture_round2,42,0.8,release_2,granular_ball,logistic,600,20,2,20,15.0,4.0,1,55,6,0.45,0.55,2.2938790131886484,2.05846071914805,0.8886191463346635,0.9353146853146853,0.8233923578751166,1.0,20,2.0,5.0,0.3,3,0.0,0.1,0.6606888888888889,0.670691596532242,0.07,nan
syn2_d20_redundant0_noise0.1,controlled_gaussian_mixture_round2,42,0.8,release_2,granular_ball,random_forest,600,20,2,20,15.0,4.0,1,55,6,0.45,0.55,2.2938790131886484,2.05846071914805,0.8886191463346635,0.9353146853146853,0.8233923578751166,1.0,20,2.0,5.0,0.3,3,0.0,0.1,0.5848222222222221,0.5853287025183305,0.05333333333333334,nan
syn2_d20_redundant0_noise0.1,controlled_gaussian_mixture_round2,42,0.8,release_2,matched_kmeans,logistic,600,20,2,20,15.0,11.5,5,72,0,0.0,0.1,3.8380018882022533,4.031137738679704,0.8534806135893094,0.8571428571428571,0.7837301587301587,0.9464285714285714,20,2.0,5.0,0.3,3,0.0,0.1,0.7188111111111111,0.7284755803823425,0.12,nan
syn2_d20_redundant0_noise0.1,controlled_gaussian_mixture_round2,42,0.8,release_2,matched_kmeans,random_forest,600,20,2,20,15.0,11.5,5,72,0,0.0,0.1,3.8380018882022533,4.031137738679704,0.8534806135893094,0.8571428571428571,0.7837301587301587,0.9464285714285714,20,2.0,5.0,0.3,3,0.0,0.1,0.7597666666666667,0.7846746044169653,0.21333333333333335,nan
syn2_d20_redundant0_noise0.1,controlled_gaussian_mixture_round2,42,0.8,release_3,granular_ball,logistic,600,20,2,20,15.0,4.0,1,55,6,0.45,0.55,2.2938790131886484,2.05846071914805,0.8886191463346635,0.9353146853146853,0.8233923578751166,1.0,20,2.0,5.0,0.3,3,0.0,0.1,0.6567000000000001,0.6680800982075387,0.06333333333333334,nan
syn2_d20_redundant0_noise0.1,controlled_gaussian_mixture_round2,42,0.8,release_3,granular_ball,random_forest,600,20,2,20,15.0,4.0,1,55,6,0.45,0.55,2.2938790131886484,2.05846071914805,0.8886191463346635,0.9353146853146853,0.8233923578751166,1.0,20,2.0,5.0,0.3,3,0.0,0.1,0.5824222222222222,0.5814849437446351,0.043333333333333335,nan
syn2_d20_redundant0_noise0.1,controlled_gaussian_mixture_round2,42,0.8,release_3,matched_kmeans,logistic,600,20,2,20,15.0,11.5,5,72,0,0.0,0.1,3.8380018882022533,4.031137738679704,0.8534806135893094,0.8571428571428571,0.7837301587301587,0.9464285714285714,20,2.0,5.0,0.3,3,0.0,0.1,0.7212333333333334,0.7246605277227784,0.13333333333333333,nan
syn2_d20_redundant0_noise0.1,controlled_gaussian_mixture_round2,42,0.8,release_3,matched_kmeans,random_forest,600,20,2,20,15.0,11.5,5,72,0,0.0,0.1,3.8380018882022533,4.031137738679704,0.8534806135893094,0.8571428571428571,0.7837301587301587,0.9464285714285714,20,2.0,5.0,0.3,3,0.0,0.1,0.7575888888888889,0.7729116670563807,0.15333333333333332,nan
syn2_d20_redundant0_noise0.1,controlled_gaussian_mixture_round2,42,0.9,release_1,granular_ball,logistic,600,20,2,70,4.285714285714286,2.0,1,31,24,0.6428571428571429,0.8142857142857143,1.7920526131388173,1.9877399590450038,0.8744096763451601,1.0,0.9022727272727273,1.0,20,2.0,5.0,0.3,3,0.0,0.1,0.8054333333333333,0.8363783091501584,0.34,nan
syn2_d20_redundant0_noise0.1,controlled_gaussian_mixture_round2,42,0.9,release_1,granular_ball,random_forest,600,20,2,70,4.285714285714286,2.0,1,31,24,0.6428571428571429,0.8142857142857143,1.7920526131388173,1.9877399590450038,0.8744096763451601,1.0,0.9022727272727273,1.0,20,2.0,5.0,0.3,3,0.0,0.1,0.7956999999999999,0.8217655369466288,0.32,nan
syn2_d20_redundant0_noise0.1,controlled_gaussian_mixture_round2,42,0.9,release_1,matched_kmeans,logistic,600,20,2,70,4.285714285714286,2.0,1,38,33,0.5857142857142857,0.7714285714285715,1.6052499129708615,1.7215670899269109,0.9412400852711307,1.0,1.0,1.0,20,2.0,5.0,0.3,3,0.0,0.1,0.8408444444444445,0.8554557021649014,0.33666666666666667,nan
syn2_d20_redundant0_noise0.1,controlled_gaussian_mixture_round2,42,0.9,release_1,matched_kmeans,random_forest,600,20,2,70,4.285714285714286,2.0,1,38,33,0.5857142857142857,0.7714285714285715,1.6052499129708615,1.7215670899269109,0.9412400852711307,1.0,1.0,1.0,20,2.0,5.0,0.3,3,0.0,0.1,0.8338666666666666,0.8553205840576366,0.3933333333333333,nan
syn2_d20_redundant0_noise0.1,controlled_gaussian_mixture_round2,42,0.9,release_2,granular_ball,logistic,600,20,2,70,4.285714285714286,2.0,1,31,24,0.6428571428571429,0.8142857142857143,1.7920526131388173,1.9877399590450038,0.8744096763451601,1.0,0.9022727272727273,1.0,20,2.0,5.0,0.3,3,0.0,0.1,0.8435777777777775,0.8661203065066165,0.37,nan
syn2_d20_redundant0_noise0.1,controlled_gaussian_mixture_round2,42,0.9,release_2,granular_ball,random_forest,600,20,2,70,4.285714285714286,2.0,1,31,24,0.6428571428571429,0.8142857142857143,1.7920526131388173,1.9877399590450038,0.8744096763451601,1.0,0.9022727272727273,1.0,20,2.0,5.0,0.3,3,0.0,0.1,0.8307111111111112,0.8521725174745791,0.38,nan
syn2_d20_redundant0_noise0.1,controlled_gaussian_mixture_round2,42,0.9,release_2,matched_kmeans,logistic,600,20,2,70,4.285714285714286,2.0,1,38,33,0.5857142857142857,0.7714285714285715,1.6052499129708615,1.7215670899269109,0.9412400852711307,1.0,1.0,1.0,20,2.0,5.0,0.3,3,0.0,0.1,0.8496333333333332,0.8675133141584994,0.32666666666666666,nan
syn2_d20_redundant0_noise0.1,controlled_gaussian_mixture_round2,42,0.9,release_2,matched_kmeans,random_forest,600,20,2,70,4.285714285714286,2.0,1,38,33,0.5857142857142857,0.7714285714285715,1.6052499129708615,1.7215670899269109,0.9412400852711307,1.0,1.0,1.0,20,2.0,5.0,0.3,3,0.0,0.1,0.8506111111111111,0.8677928477732415,0.4066666666666667,nan
syn2_d20_redundant0_noise0.1,controlled_gaussian_mixture_round2,42,0.9,release_3,granular_ball,logistic,600,20,2,70,4.285714285714286,2.0,1,31,24,0.6428571428571429,0.8142857142857143,1.7920526131388173,1.9877399590450038,0.8744096763451601,1.0,0.9022727272727273,1.0,20,2.0,5.0,0.3,3,0.0,0.1,0.8380888888888889,0.8606182466482564,0.35333333333333333,nan
syn2_d20_redundant0_noise0.1,controlled_gaussian_mixture_round2,42,0.9,release_3,granular_ball,random_forest,600,20,2,70,4.285714285714286,2.0,1,31,24,0.6428571428571429,0.8142857142857143,1.7920526131388173,1.9877399590450038,0.8744096763451601,1.0,0.9022727272727273,1.0,20,2.0,5.0,0.3,3,0.0,0.1,0.8230777777777778,0.846713422595128,0.36333333333333334,nan
syn2_d20_redundant0_noise0.1,controlled_gaussian_mixture_round2,42,0.9,release_3,matched_kmeans,logistic,600,20,2,70,4.285714285714286,2.0,1,38,33,0.5857142857142857,0.7714285714285715,1.6052499129708615,1.7215670899269109,0.9412400852711307,1.0,1.0,1.0,20,2.0,5.0,0.3,3,0.0,0.1,0.8590555555555556,0.8666772758831355,0.27666666666666667,nan
syn2_d20_redundant0_noise0.1,controlled_gaussian_mixture_round2,42,0.9,release_3,matched_kmeans,random_forest,600,20,2,70,4.285714285714286,2.0,1,38,33,0.5857142857142857,0.7714285714285715,1.6052499129708615,1.7215670899269109,0.9412400852711307,1.0,1.0,1.0,20,2.0,5.0,0.3,3,0.0,0.1,0.8599111111111111,0.8733375210017386,0.4,nan
syn2_d20_redundant0_noise0.1,controlled_gaussian_mixture_round2,42,0.95,release_1,granular_ball,logistic,600,20,2,107,2.803738317757009,2.0,1,26,41,0.7383177570093458,0.8878504672897196,1.5717332670297262,1.111685528405902,0.8917188730272843,1.0,1.0,1.0,20,2.0,5.0,0.3,3,0.0,0.1,0.8892666666666666,0.914002215155078,0.58,nan
syn2_d20_redundant0_noise0.1,controlled_gaussian_mixture_round2,42,0.95,release_1,granular_ball,random_forest,600,20,2,107,2.803738317757009,2.0,1,26,41,0.7383177570093458,0.8878504672897196,1.5717332670297262,1.111685528405902,0.8917188730272843,1.0,1.0,1.0,20,2.0,5.0,0.3,3,0.0,0.1,0.8703000000000001,0.8992290756005844,0.52,nan
syn2_d20_redundant0_noise0.1,controlled_gaussian_mixture_round2,42,0.95,release_1,matched_kmeans,logistic,600,20,2,107,2.803738317757009,1.0,1,33,63,0.7476635514018691,0.897196261682243,1.1011984474461318,0.0,0.952210976977332,1.0,1.0,1.0,20,2.0,5.0,0.3,3,0.0,0.1,0.8831555555555556,0.8957052225687443,0.48333333333333334,nan
syn2_d20_redundant0_noise0.1,controlled_gaussian_mixture_round2,42,0.95,release_1,matched_kmeans,random_forest,600,20,2,107,2.803738317757009,1.0,1,33,63,0.7476635514018691,0.897196261682243,1.1011984474461318,0.0,0.952210976977332,1.0,1.0,1.0,20,2.0,5.0,0.3,3,0.0,0.1,0.8980777777777779,0.9124183327736413,0.55,nan
syn2_d20_redundant0_noise0.1,controlled_gaussian_mixture_round2,42,0.95,release_2,granular_ball,logistic,600,20,2,107,2.803738317757009,2.0,1,26,41,0.7383177570093458,0.8878504672897196,1.5717332670297262,1.111685528405902,0.8917188730272843,1.0,1.0,1.0,20,2.0,5.0,0.3,3,0.0,0.1,0.9161333333333332,0.9307373848270419,0.5266666666666666,nan
syn2_d20_redundant0_noise0.1,controlled_gaussian_mixture_round2,42,0.95,release_2,granular_ball,random_forest,600,20,2,107,2.803738317757009,2.0,1,26,41,0.7383177570093458,0.8878504672897196,1.5717332670297262,1.111685528405902,0.8917188730272843,1.0,1.0,1.0,20,2.0,5.0,0.3,3,0.0,0.1,0.9143666666666665,0.9228711212639644,0.48333333333333334,nan
syn2_d20_redundant0_noise0.1,controlled_gaussian_mixture_round2,42,0.95,release_2,matched_kmeans,logistic,600,20,2,107,2.803738317757009,1.0,1,33,63,0.7476635514018691,0.897196261682243,1.1011984474461318,0.0,0.952210976977332,1.0,1.0,1.0,20,2.0,5.0,0.3,3,0.0,0.1,0.9078000000000002,0.9189814552623743,0.5,nan
syn2_d20_redundant0_noise0.1,controlled_gaussian_mixture_round2,42,0.95,release_2,matched_kmeans,random_forest,600,20,2,107,2.803738317757009,1.0,1,33,63,0.7476635514018691,0.897196261682243,1.1011984474461318,0.0,0.952210976977332,1.0,1.0,1.0,20,2.0,5.0,0.3,3,0.0,0.1,0.894938888888889,0.9081161718479034,0.5733333333333334,nan
syn2_d20_redundant0_noise0.1,controlled_gaussian_mixture_round2,42,0.95,release_3,granular_ball,logistic,600,20,2,107,2.803738317757009,2.0,1,26,41,0.7383177570093458,0.8878504672897196,1.5717332670297262,1.111685528405902,0.8917188730272843,1.0,1.0,1.0,20,2.0,5.0,0.3,3,0.0,0.1,0.9164777777777778,0.9302919808875816,0.5066666666666667,nan
syn2_d20_redundant0_noise0.1,controlled_gaussian_mixture_round2,42,0.95,release_3,granular_ball,random_forest,600,20,2,107,2.803738317757009,2.0,1,26,41,0.7383177570093458,0.8878504672897196,1.5717332670297262,1.111685528405902,0.8917188730272843,1.0,1.0,1.0,20,2.0,5.0,0.3,3,0.0,0.1,0.9157333333333333,0.9228828798306458,0.4633333333333333,nan
syn2_d20_redundant0_noise0.1,controlled_gaussian_mixture_round2,42,0.95,release_3,matched_kmeans,logistic,600,20,2,107,2.803738317757009,1.0,1,33,63,0.7476635514018691,0.897196261682243,1.1011984474461318,0.0,0.952210976977332,1.0,1.0,1.0,20,2.0,5.0,0.3,3,0.0,0.1,0.905288888888889,0.9161505146938818,0.49666666666666665,nan
syn2_d20_redundant0_noise0.1,controlled_gaussian_mixture_round2,42,0.95,release_3,matched_kmeans,random_forest,600,20,2,107,2.803738317757009,1.0,1,33,63,0.7476635514018691,0.897196261682243,1.1011984474461318,0.0,0.952210976977332,1.0,1.0,1.0,20,2.0,5.0,0.3,3,0.0,0.1,0.8939222222222223,0.9059129002878683,0.5333333333333333,nan
syn2_d20_redundant0_noise0.1,controlled_gaussian_mixture_round2,42,0.99,release_1,granular_ball,logistic,600,20,2,115,2.608695652173913,2.0,1,13,45,0.7391304347826086,0.8782608695652174,1.5265187891581726,0.9137797654845038,0.8956521739130435,1.0,1.0,1.0,20,2.0,5.0,0.3,3,0.0,0.1,0.9150111111111111,0.9313105870600169,0.6133333333333333,nan
syn2_d20_redundant0_noise0.1,controlled_gaussian_mixture_round2,42,0.99,release_1,granular_ball,random_forest,600,20,2,115,2.608695652173913,2.0,1,13,45,0.7391304347826086,0.8782608695652174,1.5265187891581726,0.9137797654845038,0.8956521739130435,1.0,1.0,1.0,20,2.0,5.0,0.3,3,0.0,0.1,0.9085944444444445,0.9239689491447768,0.56,nan
syn2_d20_redundant0_noise0.1,controlled_gaussian_mixture_round2,42,0.99,release_1,matched_kmeans,logistic,600,20,2,115,2.608695652173913,1.0,1,32,71,0.782608695652174,0.9043478260869565,0.9985305896428439,0.0,0.9567074773053034,1.0,1.0,1.0,20,2.0,5.0,0.3,3,0.0,0.1,0.8870222222222222,0.8994005474686795,0.49666666666666665,nan
syn2_d20_redundant0_noise0.1,controlled_gaussian_mixture_round2,42,0.99,release_1,matched_kmeans,random_forest,600,20,2,115,2.608695652173913,1.0,1,32,71,0.782608695652174,0.9043478260869565,0.9985305896428439,0.0,0.9567074773053034,1.0,1.0,1.0,20,2.0,5.0,0.3,3,0.0,0.1,0.9111444444444445,0.9187366790035527,0.53,nan
syn2_d20_redundant0_noise0.1,controlled_gaussian_mixture_round2,42,0.99,release_2,granular_ball,logistic,600,20,2,115,2.608695652173913,2.0,1,13,45,0.7391304347826086,0.8782608695652174,1.5265187891581726,0.9137797654845038,0.8956521739130435,1.0,1.0,1.0,20,2.0,5.0,0.3,3,0.0,0.1,0.9446888888888888,0.9481604373495072,0.52,nan
syn2_d20_redundant0_noise0.1,controlled_gaussian_mixture_round2,42,0.99,release_2,granular_ball,random_forest,600,20,2,115,2.608695652173913,2.0,1,13,45,0.7391304347826086,0.8782608695652174,1.5265187891581726,0.9137797654845038,0.8956521739130435,1.0,1.0,1.0,20,2.0,5.0,0.3,3,0.0,0.1,0.9445555555555556,0.9454595413599409,0.52,nan
syn2_d20_redundant0_noise0.1,controlled_gaussian_mixture_round2,42,0.99,release_2,matched_kmeans,logistic,600,20,2,115,2.608695652173913,1.0,1,32,71,0.782608695652174,0.9043478260869565,0.9985305896428439,0.0,0.9567074773053034,1.0,1.0,1.0,20,2.0,5.0,0.3,3,0.0,0.1,0.9147222222222222,0.9238705590437679,0.5066666666666667,nan
syn2_d20_redundant0_noise0.1,controlled_gaussian_mixture_round2,42,0.99,release_2,matched_kmeans,random_forest,600,20,2,115,2.608695652173913,1.0,1,32,71,0.782608695652174,0.9043478260869565,0.9985305896428439,0.0,0.9567074773053034,1.0,1.0,1.0,20,2.0,5.0,0.3,3,0.0,0.1,0.9108555555555555,0.9196468875666258,0.5566666666666666,nan
syn2_d20_redundant0_noise0.1,controlled_gaussian_mixture_round2,42,0.99,release_3,granular_ball,logistic,600,20,2,115,2.608695652173913,2.0,1,13,45,0.7391304347826086,0.8782608695652174,1.5265187891581726,0.9137797654845038,0.8956521739130435,1.0,1.0,1.0,20,2.0,5.0,0.3,3,0.0,0.1,0.9435888888888887,0.94630581893608,0.5033333333333333,nan
syn2_d20_redundant0_noise0.1,controlled_gaussian_mixture_round2,42,0.99,release_3,granular_ball,random_forest,600,20,2,115,2.608695652173913,2.0,1,13,45,0.7391304347826086,0.8782608695652174,1.5265187891581726,0.9137797654845038,0.8956521739130435,1.0,1.0,1.0,20,2.0,5.0,0.3,3,0.0,0.1,0.9437777777777778,0.9443776522803088,0.5,nan
syn2_d20_redundant0_noise0.1,controlled_gaussian_mixture_round2,42,0.99,release_3,matched_kmeans,logistic,600,20,2,115,2.608695652173913,1.0,1,32,71,0.782608695652174,0.9043478260869565,0.9985305896428439,0.0,0.9567074773053034,1.0,1.0,1.0,20,2.0,5.0,0.3,3,0.0,0.1,0.9150777777777778,0.9240619571050922,0.5133333333333333,nan
syn2_d20_redundant0_noise0.1,controlled_gaussian_mixture_round2,42,0.99,release_3,matched_kmeans,random_forest,600,20,2,115,2.608695652173913,1.0,1,32,71,0.782608695652174,0.9043478260869565,0.9985305896428439,0.0,0.9567074773053034,1.0,1.0,1.0,20,2.0,5.0,0.3,3,0.0,0.1,0.9078777777777778,0.9166909606266247,0.55,nan
syn2_d20_redundant0_noise0.1,controlled_gaussian_mixture_round2,99,0.7,release_1,granular_ball,logistic,600,20,2,14,21.428571428571427,7.5,1,90,3,0.21428571428571427,0.42857142857142855,2.845368419754963,3.310711642297542,0.9051904094971321,0.9666666666666667,0.8319327731092436,1.0,20,2.0,5.0,0.3,3,0.0,0.1,0.6221000000000001,0.6410811376531484,0.07666666666666666,nan
syn2_d20_redundant0_noise0.1,controlled_gaussian_mixture_round2,99,0.7,release_1,granular_ball,random_forest,600,20,2,14,21.428571428571427,7.5,1,90,3,0.21428571428571427,0.42857142857142855,2.845368419754963,3.310711642297542,0.9051904094971321,0.9666666666666667,0.8319327731092436,1.0,20,2.0,5.0,0.3,3,0.0,0.1,0.5776055555555556,0.6097300782810586,0.06,nan
syn2_d20_redundant0_noise0.1,controlled_gaussian_mixture_round2,99,0.7,release_1,matched_kmeans,logistic,600,20,2,14,21.428571428571427,16.5,1,65,1,0.14285714285714285,0.21428571428571427,3.514384014614547,4.295220359034503,0.8983092671733646,0.9458333333333333,0.7892156862745098,0.9913793103448276,20,2.0,5.0,0.3,3,0.0,0.1,0.6664000000000001,0.6477583083601404,0.06333333333333334,nan
syn2_d20_redundant0_noise0.1,controlled_gaussian_mixture_round2,99,0.7,release_1,matched_kmeans,random_forest,600,20,2,14,21.428571428571427,16.5,1,65,1,0.14285714285714285,0.21428571428571427,3.514384014614547,4.295220359034503,0.8983092671733646,0.9458333333333333,0.7892156862745098,0.9913793103448276,20,2.0,5.0,0.3,3,0.0,0.1,0.6457833333333334,0.6474874909141644,0.07,nan
syn2_d20_redundant0_noise0.1,controlled_gaussian_mixture_round2,99,0.7,release_2,granular_ball,logistic,600,20,2,14,21.428571428571427,7.5,1,90,3,0.21428571428571427,0.42857142857142855,2.845368419754963,3.310711642297542,0.9051904094971321,0.9666666666666667,0.8319327731092436,1.0,20,2.0,5.0,0.3,3,0.0,0.1,0.6623777777777777,0.6811960444949249,0.08666666666666667,nan
syn2_d20_redundant0_noise0.1,controlled_gaussian_mixture_round2,99,0.7,release_2,granular_ball,random_forest,600,20,2,14,21.428571428571427,7.5,1,90,3,0.21428571428571427,0.42857142857142855,2.845368419754963,3.310711642297542,0.9051904094971321,0.9666666666666667,0.8319327731092436,1.0,20,2.0,5.0,0.3,3,0.0,0.1,0.5902777777777778,0.6139140461282975,0.09333333333333334,nan
syn2_d20_redundant0_noise0.1,controlled_gaussian_mixture_round2,99,0.7,release_2,matched_kmeans,logistic,600,20,2,14,21.428571428571427,16.5,1,65,1,0.14285714285714285,0.21428571428571427,3.514384014614547,4.295220359034503,0.8983092671733646,0.9458333333333333,0.7892156862745098,0.9913793103448276,20,2.0,5.0,0.3,3,0.0,0.1,0.6674444444444444,0.6814658934366282,0.12333333333333334,nan
syn2_d20_redundant0_noise0.1,controlled_gaussian_mixture_round2,99,0.7,release_2,matched_kmeans,random_forest,600,20,2,14,21.428571428571427,16.5,1,65,1,0.14285714285714285,0.21428571428571427,3.514384014614547,4.295220359034503,0.8983092671733646,0.9458333333333333,0.7892156862745098,0.9913793103448276,20,2.0,5.0,0.3,3,0.0,0.1,0.6677388888888889,0.6687582583981465,0.07,nan
syn2_d20_redundant0_noise0.1,controlled_gaussian_mixture_round2,99,0.7,release_3,granular_ball,logistic,600,20,2,14,21.428571428571427,7.5,1,90,3,0.21428571428571427,0.42857142857142855,2.845368419754963,3.310711642297542,0.9051904094971321,0.9666666666666667,0.8319327731092436,1.0,20,2.0,5.0,0.3,3,0.0,0.1,0.6638444444444445,0.6733769025415329,0.07666666666666666,nan
syn2_d20_redundant0_noise0.1,controlled_gaussian_mixture_round2,99,0.7,release_3,granular_ball,random_forest,600,20,2,14,21.428571428571427,7.5,1,90,3,0.21428571428571427,0.42857142857142855,2.845368419754963,3.310711642297542,0.9051904094971321,0.9666666666666667,0.8319327731092436,1.0,20,2.0,5.0,0.3,3,0.0,0.1,0.5779888888888889,0.6031808427799734,0.09333333333333334,nan
syn2_d20_redundant0_noise0.1,controlled_gaussian_mixture_round2,99,0.7,release_3,matched_kmeans,logistic,600,20,2,14,21.428571428571427,16.5,1,65,1,0.14285714285714285,0.21428571428571427,3.514384014614547,4.295220359034503,0.8983092671733646,0.9458333333333333,0.7892156862745098,0.9913793103448276,20,2.0,5.0,0.3,3,0.0,0.1,0.6584444444444444,0.6744206258269103,0.12,nan
syn2_d20_redundant0_noise0.1,controlled_gaussian_mixture_round2,99,0.7,release_3,matched_kmeans,random_forest,600,20,2,14,21.428571428571427,16.5,1,65,1,0.14285714285714285,0.21428571428571427,3.514384014614547,4.295220359034503,0.8983092671733646,0.9458333333333333,0.7892156862745098,0.9913793103448276,20,2.0,5.0,0.3,3,0.0,0.1,0.6671611111111111,0.6671500649962161,0.08333333333333333,nan
syn2_d20_redundant0_noise0.1,controlled_gaussian_mixture_round2,99,0.8,release_1,granular_ball,logistic,600,20,2,27,11.11111111111111,3.0,1,90,8,0.48148148148148145,0.7037037037037037,2.2003179413450615,2.593164002389918,0.9361107574342868,1.0,0.8660714285714286,1.0,20,2.0,5.0,0.3,3,0.0,0.1,0.6961,0.7311579680115864,0.17333333333333334,nan
syn2_d20_redundant0_noise0.1,controlled_gaussian_mixture_round2,99,0.8,release_1,granular_ball,random_forest,600,20,2,27,11.11111111111111,3.0,1,90,8,0.48148148148148145,0.7037037037037037,2.2003179413450615,2.593164002389918,0.9361107574342868,1.0,0.8660714285714286,1.0,20,2.0,5.0,0.3,3,0.0,0.1,0.6481944444444445,0.697662732891266,0.15666666666666668,nan
syn2_d20_redundant0_noise0.1,controlled_gaussian_mixture_round2,99,0.8,release_1,matched_kmeans,logistic,600,20,2,27,11.11111111111111,8.0,1,72,3,0.2222222222222222,0.4074074074074074,3.2153998570589613,3.851890773798003,0.8955975094863983,0.9583333333333334,0.8382936507936507,1.0,20,2.0,5.0,0.3,3,0.0,0.1,0.7211,0.7218429700440983,0.12333333333333334,nan
syn2_d20_redundant0_noise0.1,controlled_gaussian_mixture_round2,99,0.8,release_1,matched_kmeans,random_forest,600,20,2,27,11.11111111111111,8.0,1,72,3,0.2222222222222222,0.4074074074074074,3.2153998570589613,3.851890773798003,0.8955975094863983,0.9583333333333334,0.8382936507936507,1.0,20,2.0,5.0,0.3,3,0.0,0.1,0.7054444444444444,0.7377725882446708,0.21,nan
syn2_d20_redundant0_noise0.1,controlled_gaussian_mixture_round2,99,0.8,release_2,granular_ball,logistic,600,20,2,27,11.11111111111111,3.0,1,90,8,0.48148148148148145,0.7037037037037037,2.2003179413450615,2.593164002389918,0.9361107574342868,1.0,0.8660714285714286,1.0,20,2.0,5.0,0.3,3,0.0,0.1,0.7345333333333333,0.7605395622223261,0.21,nan
syn2_d20_redundant0_noise0.1,controlled_gaussian_mixture_round2,99,0.8,release_2,granular_ball,random_forest,600,20,2,27,11.11111111111111,3.0,1,90,8,0.48148148148148145,0.7037037037037037,2.2003179413450615,2.593164002389918,0.9361107574342868,1.0,0.8660714285714286,1.0,20,2.0,5.0,0.3,3,0.0,0.1,0.6837444444444445,0.723836274793624,0.17,nan
syn2_d20_redundant0_noise0.1,controlled_gaussian_mixture_round2,99,0.8,release_2,matched_kmeans,logistic,600,20,2,27,11.11111111111111,8.0,1,72,3,0.2222222222222222,0.4074074074074074,3.2153998570589613,3.851890773798003,0.8955975094863983,0.9583333333333334,0.8382936507936507,1.0,20,2.0,5.0,0.3,3,0.0,0.1,0.7278666666666668,0.7499774453889507,0.16666666666666666,nan
syn2_d20_redundant0_noise0.1,controlled_gaussian_mixture_round2,99,0.8,release_2,matched_kmeans,random_forest,600,20,2,27,11.11111111111111,8.0,1,72,3,0.2222222222222222,0.4074074074074074,3.2153998570589613,3.851890773798003,0.8955975094863983,0.9583333333333334,0.8382936507936507,1.0,20,2.0,5.0,0.3,3,0.0,0.1,0.7228666666666665,0.7458905781092986,0.19333333333333333,nan
syn2_d20_redundant0_noise0.1,controlled_gaussian_mixture_round2,99,0.8,release_3,granular_ball,logistic,600,20,2,27,11.11111111111111,3.0,1,90,8,0.48148148148148145,0.7037037037037037,2.2003179413450615,2.593164002389918,0.9361107574342868,1.0,0.8660714285714286,1.0,20,2.0,5.0,0.3,3,0.0,0.1,0.7359777777777777,0.7627135314480904,0.20666666666666667,nan
syn2_d20_redundant0_noise0.1,controlled_gaussian_mixture_round2,99,0.8,release_3,granular_ball,random_forest,600,20,2,27,11.11111111111111,3.0,1,90,8,0.48148148148148145,0.7037037037037037,2.2003179413450615,2.593164002389918,0.9361107574342868,1.0,0.8660714285714286,1.0,20,2.0,5.0,0.3,3,0.0,0.1,0.6750888888888888,0.7144326336296335,0.16333333333333333,nan
syn2_d20_redundant0_noise0.1,controlled_gaussian_mixture_round2,99,0.8,release_3,matched_kmeans,logistic,600,20,2,27,11.11111111111111,8.0,1,72,3,0.2222222222222222,0.4074074074074074,3.2153998570589613,3.851890773798003,0.8955975094863983,0.9583333333333334,0.8382936507936507,1.0,20,2.0,5.0,0.3,3,0.0,0.1,0.7340444444444445,0.743946708451958,0.16666666666666666,nan
syn2_d20_redundant0_noise0.1,controlled_gaussian_mixture_round2,99,0.8,release_3,matched_kmeans,random_forest,600,20,2,27,11.11111111111111,8.0,1,72,3,0.2222222222222222,0.4074074074074074,3.2153998570589613,3.851890773798003,0.8955975094863983,0.9583333333333334,0.8382936507936507,1.0,20,2.0,5.0,0.3,3,0.0,0.1,0.7192333333333334,0.7399330531633769,0.21666666666666667,nan
syn2_d20_redundant0_noise0.1,controlled_gaussian_mixture_round2,99,0.9,release_1,granular_ball,logistic,600,20,2,59,5.084745762711864,2.0,1,90,27,0.7457627118644068,0.8983050847457628,1.5139390890821638,1.0726868804517016,0.9436308724991066,1.0,1.0,1.0,20,2.0,5.0,0.3,3,0.0,0.1,0.7399222222222223,0.7777554539683121,0.27666666666666667,nan
syn2_d20_redundant0_noise0.1,controlled_gaussian_mixture_round2,99,0.9,release_1,granular_ball,random_forest,600,20,2,59,5.084745762711864,2.0,1,90,27,0.7457627118644068,0.8983050847457628,1.5139390890821638,1.0726868804517016,0.9436308724991066,1.0,1.0,1.0,20,2.0,5.0,0.3,3,0.0,0.1,0.67665,0.7350225351233421,0.25666666666666665,nan
syn2_d20_redundant0_noise0.1,controlled_gaussian_mixture_round2,99,0.9,release_1,matched_kmeans,logistic,600,20,2,59,5.084745762711864,3.0,1,36,15,0.4915254237288136,0.7457627118644068,2.2450849108599793,2.7003054259870427,0.9428930067313305,1.0,1.0,1.0,20,2.0,5.0,0.3,3,0.0,0.1,0.8581888888888889,0.8715799769407758,0.38666666666666666,nan
syn2_d20_redundant0_noise0.1,controlled_gaussian_mixture_round2,99,0.9,release_1,matched_kmeans,random_forest,600,20,2,59,5.084745762711864,3.0,1,36,15,0.4915254237288136,0.7457627118644068,2.2450849108599793,2.7003054259870427,0.9428930067313305,1.0,1.0,1.0,20,2.0,5.0,0.3,3,0.0,0.1,0.8397722222222221,0.8578596962016124,0.44666666666666666,nan
syn2_d20_redundant0_noise0.1,controlled_gaussian_mixture_round2,99,0.9,release_2,granular_ball,logistic,600,20,2,59,5.084745762711864,2.0,1,90,27,0.7457627118644068,0.8983050847457628,1.5139390890821638,1.0726868804517016,0.9436308724991066,1.0,1.0,1.0,20,2.0,5.0,0.3,3,0.0,0.1,0.7843000000000001,0.8129033738517554,0.32,nan
syn2_d20_redundant0_noise0.1,controlled_gaussian_mixture_round2,99,0.9,release_2,granular_ball,random_forest,600,20,2,59,5.084745762711864,2.0,1,90,27,0.7457627118644068,0.8983050847457628,1.5139390890821638,1.0726868804517016,0.9436308724991066,1.0,1.0,1.0,20,2.0,5.0,0.3,3,0.0,0.1,0.7414222222222222,0.778684699972909,0.2833333333333333,nan
syn2_d20_redundant0_noise0.1,controlled_gaussian_mixture_round2,99,0.9,release_2,matched_kmeans,logistic,600,20,2,59,5.084745762711864,3.0,1,36,15,0.4915254237288136,0.7457627118644068,2.2450849108599793,2.7003054259870427,0.9428930067313305,1.0,1.0,1.0,20,2.0,5.0,0.3,3,0.0,0.1,0.8704888888888889,0.8842245151827761,0.42333333333333334,nan
syn2_d20_redundant0_noise0.1,controlled_gaussian_mixture_round2,99,0.9,release_2,matched_kmeans,random_forest,600,20,2,59,5.084745762711864,3.0,1,36,15,0.4915254237288136,0.7457627118644068,2.2450849108599793,2.7003054259870427,0.9428930067313305,1.0,1.0,1.0,20,2.0,5.0,0.3,3,0.0,0.1,0.8569333333333333,0.867668837253482,0.42333333333333334,nan
syn2_d20_redundant0_noise0.1,controlled_gaussian_mixture_round2,99,0.9,release_3,granular_ball,logistic,600,20,2,59,5.084745762711864,2.0,1,90,27,0.7457627118644068,0.8983050847457628,1.5139390890821638,1.0726868804517016,0.9436308724991066,1.0,1.0,1.0,20,2.0,5.0,0.3,3,0.0,0.1,0.785,0.8132040337512082,0.30333333333333334,nan
syn2_d20_redundant0_noise0.1,controlled_gaussian_mixture_round2,99,0.9,release_3,granular_ball,random_forest,600,20,2,59,5.084745762711864,2.0,1,90,27,0.7457627118644068,0.8983050847457628,1.5139390890821638,1.0726868804517016,0.9436308724991066,1.0,1.0,1.0,20,2.0,5.0,0.3,3,0.0,0.1,0.7401222222222221,0.776446067282009,0.27666666666666667,nan
syn2_d20_redundant0_noise0.1,controlled_gaussian_mixture_round2,99,0.9,release_3,matched_kmeans,logistic,600,20,2,59,5.084745762711864,3.0,1,36,15,0.4915254237288136,0.7457627118644068,2.2450849108599793,2.7003054259870427,0.9428930067313305,1.0,1.0,1.0,20,2.0,5.0,0.3,3,0.0,0.1,0.8740111111111111,0.8851962260434781,0.43,nan
syn2_d20_redundant0_noise0.1,controlled_gaussian_mixture_round2,99,0.9,release_3,matched_kmeans,random_forest,600,20,2,59,5.084745762711864,3.0,1,36,15,0.4915254237288136,0.7457627118644068,2.2450849108599793,2.7003054259870427,0.9428930067313305,1.0,1.0,1.0,20,2.0,5.0,0.3,3,0.0,0.1,0.8539777777777777,0.8649679568726024,0.38,nan
syn2_d20_redundant0_noise0.1,controlled_gaussian_mixture_round2,99,0.95,release_1,granular_ball,logistic,600,20,2,92,3.260869565217391,2.0,1,52,38,0.717391304347826,0.8913043478260869,1.3643334519799364,0.6994485498833722,0.9343645484949832,1.0,1.0,1.0,20,2.0,5.0,0.3,3,0.0,0.1,0.8385666666666667,0.8714720530242793,0.38333333333333336,nan
syn2_d20_redundant0_noise0.1,controlled_gaussian_mixture_round2,99,0.95,release_1,granular_ball,random_forest,600,20,2,92,3.260869565217391,2.0,1,52,38,0.717391304347826,0.8913043478260869,1.3643334519799364,0.6994485498833722,0.9343645484949832,1.0,1.0,1.0,20,2.0,5.0,0.3,3,0.0,0.1,0.7948500000000001,0.8415313871120331,0.38666666666666666,nan
syn2_d20_redundant0_noise0.1,controlled_gaussian_mixture_round2,99,0.95,release_1,matched_kmeans,logistic,600,20,2,92,3.260869565217391,2.0,1,34,45,0.717391304347826,0.8804347826086957,1.3801378228531433,1.204683102917782,0.9653505736945635,1.0,1.0,1.0,20,2.0,5.0,0.3,3,0.0,0.1,0.8940111111111111,0.904268595445439,0.51,nan
syn2_d20_redundant0_noise0.1,controlled_gaussian_mixture_round2,99,0.95,release_1,matched_kmeans,random_forest,600,20,2,92,3.260869565217391,2.0,1,34,45,0.717391304347826,0.8804347826086957,1.3801378228531433,1.204683102917782,0.9653505736945635,1.0,1.0,1.0,20,2.0,5.0,0.3,3,0.0,0.1,0.8945611111111111,0.9048137819669597,0.5,nan
syn2_d20_redundant0_noise0.1,controlled_gaussian_mixture_round2,99,0.95,release_2,granular_ball,logistic,600,20,2,92,3.260869565217391,2.0,1,52,38,0.717391304347826,0.8913043478260869,1.3643334519799364,0.6994485498833722,0.9343645484949832,1.0,1.0,1.0,20,2.0,5.0,0.3,3,0.0,0.1,0.8838222222222223,0.9009695885561012,0.42,nan
syn2_d20_redundant0_noise0.1,controlled_gaussian_mixture_round2,99,0.95,release_2,granular_ball,random_forest,600,20,2,92,3.260869565217391,2.0,1,52,38,0.717391304347826,0.8913043478260869,1.3643334519799364,0.6994485498833722,0.9343645484949832,1.0,1.0,1.0,20,2.0,5.0,0.3,3,0.0,0.1,0.8780111111111111,0.9031305848711625,0.4866666666666667,nan
syn2_d20_redundant0_noise0.1,controlled_gaussian_mixture_round2,99,0.95,release_2,matched_kmeans,logistic,600,20,2,92,3.260869565217391,2.0,1,34,45,0.717391304347826,0.8804347826086957,1.3801378228531433,1.204683102917782,0.9653505736945635,1.0,1.0,1.0,20,2.0,5.0,0.3,3,0.0,0.1,0.9121666666666667,0.922068551735508,0.4866666666666667,nan
syn2_d20_redundant0_noise0.1,controlled_gaussian_mixture_round2,99,0.95,release_2,matched_kmeans,random_forest,600,20,2,92,3.260869565217391,2.0,1,34,45,0.717391304347826,0.8804347826086957,1.3801378228531433,1.204683102917782,0.9653505736945635,1.0,1.0,1.0,20,2.0,5.0,0.3,3,0.0,0.1,0.9042500000000001,0.9123342958359103,0.5033333333333333,nan
syn2_d20_redundant0_noise0.1,controlled_gaussian_mixture_round2,99,0.95,release_3,granular_ball,logistic,600,20,2,92,3.260869565217391,2.0,1,52,38,0.717391304347826,0.8913043478260869,1.3643334519799364,0.6994485498833722,0.9343645484949832,1.0,1.0,1.0,20,2.0,5.0,0.3,3,0.0,0.1,0.8831333333333333,0.8982609720982381,0.4266666666666667,nan
syn2_d20_redundant0_noise0.1,controlled_gaussian_mixture_round2,99,0.95,release_3,granular_ball,random_forest,600,20,2,92,3.260869565217391,2.0,1,52,38,0.717391304347826,0.8913043478260869,1.3643334519799364,0.6994485498833722,0.9343645484949832,1.0,1.0,1.0,20,2.0,5.0,0.3,3,0.0,0.1,0.8778555555555556,0.9026061222355897,0.5,nan
syn2_d20_redundant0_noise0.1,controlled_gaussian_mixture_round2,99,0.95,release_3,matched_kmeans,logistic,600,20,2,92,3.260869565217391,2.0,1,34,45,0.717391304347826,0.8804347826086957,1.3801378228531433,1.204683102917782,0.9653505736945635,1.0,1.0,1.0,20,2.0,5.0,0.3,3,0.0,0.1,0.9127,0.9200654974194962,0.51,nan
syn2_d20_redundant0_noise0.1,controlled_gaussian_mixture_round2,99,0.95,release_3,matched_kmeans,random_forest,600,20,2,92,3.260869565217391,2.0,1,34,45,0.717391304347826,0.8804347826086957,1.3801378228531433,1.204683102917782,0.9653505736945635,1.0,1.0,1.0,20,2.0,5.0,0.3,3,0.0,0.1,0.905911111111111,0.9128798976089141,0.4866666666666667,nan
syn2_d20_redundant0_noise0.1,controlled_gaussian_mixture_round2,99,0.99,release_1,granular_ball,logistic,600,20,2,102,2.9411764705882355,2.0,1,24,43,0.696078431372549,0.8921568627450981,1.3876006516636845,0.6994485498833722,0.9411764705882353,1.0,1.0,1.0,20,2.0,5.0,0.3,3,0.0,0.1,0.8844555555555556,0.9025622808046919,0.44,nan
syn2_d20_redundant0_noise0.1,controlled_gaussian_mixture_round2,99,0.99,release_1,granular_ball,random_forest,600,20,2,102,2.9411764705882355,2.0,1,24,43,0.696078431372549,0.8921568627450981,1.3876006516636845,0.6994485498833722,0.9411764705882353,1.0,1.0,1.0,20,2.0,5.0,0.3,3,0.0,0.1,0.8552555555555554,0.8855602339553887,0.5,nan
syn2_d20_redundant0_noise0.1,controlled_gaussian_mixture_round2,99,0.99,release_1,matched_kmeans,logistic,600,20,2,102,2.9411764705882355,1.0,1,35,58,0.7745098039215687,0.9019607843137255,1.1439012396223096,0.0,0.9749549946241123,1.0,1.0,1.0,20,2.0,5.0,0.3,3,0.0,0.1,0.8971444444444444,0.9065803517563391,0.49333333333333335,nan
syn2_d20_redundant0_noise0.1,controlled_gaussian_mixture_round2,99,0.99,release_1,matched_kmeans,random_forest,600,20,2,102,2.9411764705882355,1.0,1,35,58,0.7745098039215687,0.9019607843137255,1.1439012396223096,0.0,0.9749549946241123,1.0,1.0,1.0,20,2.0,5.0,0.3,3,0.0,0.1,0.8939444444444444,0.9048734339066088,0.5333333333333333,nan
syn2_d20_redundant0_noise0.1,controlled_gaussian_mixture_round2,99,0.99,release_2,granular_ball,logistic,600,20,2,102,2.9411764705882355,2.0,1,24,43,0.696078431372549,0.8921568627450981,1.3876006516636845,0.6994485498833722,0.9411764705882353,1.0,1.0,1.0,20,2.0,5.0,0.3,3,0.0,0.1,0.9199777777777778,0.9314722651947251,0.4766666666666667,nan
syn2_d20_redundant0_noise0.1,controlled_gaussian_mixture_round2,99,0.99,release_2,granular_ball,random_forest,600,20,2,102,2.9411764705882355,2.0,1,24,43,0.696078431372549,0.8921568627450981,1.3876006516636845,0.6994485498833722,0.9411764705882353,1.0,1.0,1.0,20,2.0,5.0,0.3,3,0.0,0.1,0.9214222222222224,0.9338741631728444,0.61,nan
syn2_d20_redundant0_noise0.1,controlled_gaussian_mixture_round2,99,0.99,release_2,matched_kmeans,logistic,600,20,2,102,2.9411764705882355,1.0,1,35,58,0.7745098039215687,0.9019607843137255,1.1439012396223096,0.0,0.9749549946241123,1.0,1.0,1.0,20,2.0,5.0,0.3,3,0.0,0.1,0.9151333333333334,0.9245546373955641,0.5466666666666666,nan
syn2_d20_redundant0_noise0.1,controlled_gaussian_mixture_round2,99,0.99,release_2,matched_kmeans,random_forest,600,20,2,102,2.9411764705882355,1.0,1,35,58,0.7745098039215687,0.9019607843137255,1.1439012396223096,0.0,0.9749549946241123,1.0,1.0,1.0,20,2.0,5.0,0.3,3,0.0,0.1,0.9033555555555556,0.9131379479173634,0.54,nan
syn2_d20_redundant0_noise0.1,controlled_gaussian_mixture_round2,99,0.99,release_3,granular_ball,logistic,600,20,2,102,2.9411764705882355,2.0,1,24,43,0.696078431372549,0.8921568627450981,1.3876006516636845,0.6994485498833722,0.9411764705882353,1.0,1.0,1.0,20,2.0,5.0,0.3,3,0.0,0.1,0.9164999999999999,0.9263722684378728,0.49,nan
syn2_d20_redundant0_noise0.1,controlled_gaussian_mixture_round2,99,0.99,release_3,granular_ball,random_forest,600,20,2,102,2.9411764705882355,2.0,1,24,43,0.696078431372549,0.8921568627450981,1.3876006516636845,0.6994485498833722,0.9411764705882353,1.0,1.0,1.0,20,2.0,5.0,0.3,3,0.0,0.1,0.9217333333333333,0.9337531493999071,0.6433333333333333,nan
syn2_d20_redundant0_noise0.1,controlled_gaussian_mixture_round2,99,0.99,release_3,matched_kmeans,logistic,600,20,2,102,2.9411764705882355,1.0,1,35,58,0.7745098039215687,0.9019607843137255,1.1439012396223096,0.0,0.9749549946241123,1.0,1.0,1.0,20,2.0,5.0,0.3,3,0.0,0.1,0.9159777777777778,0.9240397769227737,0.54,nan
syn2_d20_redundant0_noise0.1,controlled_gaussian_mixture_round2,99,0.99,release_3,matched_kmeans,random_forest,600,20,2,102,2.9411764705882355,1.0,1,35,58,0.7745098039215687,0.9019607843137255,1.1439012396223096,0.0,0.9749549946241123,1.0,1.0,1.0,20,2.0,5.0,0.3,3,0.0,0.1,0.9043,0.9127177860651957,0.5066666666666667,nan
syn2_d20_redundant0_noise0.1,controlled_gaussian_mixture_round2,2026,0.7,release_1,granular_ball,logistic,600,20,2,14,21.428571428571427,6.5,1,86,4,0.35714285714285715,0.5,2.5843826106143983,3.0181505504349513,0.8571445231591515,0.8930205949656751,0.7569444444444444,1.0,20,2.0,5.0,0.3,3,0.0,0.1,0.6219222222222223,0.6248525868707522,0.05,nan
syn2_d20_redundant0_noise0.1,controlled_gaussian_mixture_round2,2026,0.7,release_1,granular_ball,random_forest,600,20,2,14,21.428571428571427,6.5,1,86,4,0.35714285714285715,0.5,2.5843826106143983,3.0181505504349513,0.8571445231591515,0.8930205949656751,0.7569444444444444,1.0,20,2.0,5.0,0.3,3,0.0,0.1,0.59085,0.6189524925626043,0.08666666666666667,nan
syn2_d20_redundant0_noise0.1,controlled_gaussian_mixture_round2,2026,0.7,release_1,matched_kmeans,logistic,600,20,2,14,21.428571428571427,13.0,4,73,0,0.0,0.07142857142857142,3.9959652230116802,4.165956996247596,0.8418646797186692,0.8834841628959276,0.7683823529411764,0.9090909090909091,20,2.0,5.0,0.3,3,0.0,0.1,0.6657000000000001,0.6543165793251099,0.06666666666666667,nan
syn2_d20_redundant0_noise0.1,controlled_gaussian_mixture_round2,2026,0.7,release_1,matched_kmeans,random_forest,600,20,2,14,21.428571428571427,13.0,4,73,0,0.0,0.07142857142857142,3.9959652230116802,4.165956996247596,0.8418646797186692,0.8834841628959276,0.7683823529411764,0.9090909090909091,20,2.0,5.0,0.3,3,0.0,0.1,0.6889555555555555,0.7067232875810194,0.07333333333333333,nan
syn2_d20_redundant0_noise0.1,controlled_gaussian_mixture_round2,2026,0.7,release_2,granular_ball,logistic,600,20,2,14,21.428571428571427,6.5,1,86,4,0.35714285714285715,0.5,2.5843826106143983,3.0181505504349513,0.8571445231591515,0.8930205949656751,0.7569444444444444,1.0,20,2.0,5.0,0.3,3,0.0,0.1,0.6333222222222221,0.6450539748902311,0.06666666666666667,nan
syn2_d20_redundant0_noise0.1,controlled_gaussian_mixture_round2,2026,0.7,release_2,granular_ball,random_forest,600,20,2,14,21.428571428571427,6.5,1,86,4,0.35714285714285715,0.5,2.5843826106143983,3.0181505504349513,0.8571445231591515,0.8930205949656751,0.7569444444444444,1.0,20,2.0,5.0,0.3,3,0.0,0.1,0.5901222222222222,0.6285008319944653,0.07333333333333333,nan
syn2_d20_redundant0_noise0.1,controlled_gaussian_mixture_round2,2026,0.7,release_2,matched_kmeans,logistic,600,20,2,14,21.428571428571427,13.0,4,73,0,0.0,0.07142857142857142,3.9959652230116802,4.165956996247596,0.8418646797186692,0.8834841628959276,0.7683823529411764,0.9090909090909091,20,2.0,5.0,0.3,3,0.0,0.1,0.6958,0.6956072611582896,0.11,nan
syn2_d20_redundant0_noise0.1,controlled_gaussian_mixture_round2,2026,0.7,release_2,matched_kmeans,random_forest,600,20,2,14,21.428571428571427,13.0,4,73,0,0.0,0.07142857142857142,3.9959652230116802,4.165956996247596,0.8418646797186692,0.8834841628959276,0.7683823529411764,0.9090909090909091,20,2.0,5.0,0.3,3,0.0,0.1,0.7085333333333332,0.7075367430130877,0.05,nan
syn2_d20_redundant0_noise0.1,controlled_gaussian_mixture_round2,2026,0.7,release_3,granular_ball,logistic,600,20,2,14,21.428571428571427,6.5,1,86,4,0.35714285714285715,0.5,2.5843826106143983,3.0181505504349513,0.8571445231591515,0.8930205949656751,0.7569444444444444,1.0,20,2.0,5.0,0.3,3,0.0,0.1,0.6277111111111111,0.6382005596153302,0.05,nan
syn2_d20_redundant0_noise0.1,controlled_gaussian_mixture_round2,2026,0.7,release_3,granular_ball,random_forest,600,20,2,14,21.428571428571427,6.5,1,86,4,0.35714285714285715,0.5,2.5843826106143983,3.0181505504349513,0.8571445231591515,0.8930205949656751,0.7569444444444444,1.0,20,2.0,5.0,0.3,3,0.0,0.1,0.5908222222222222,0.6373269445597843,0.1,nan
syn2_d20_redundant0_noise0.1,controlled_gaussian_mixture_round2,2026,0.7,release_3,matched_kmeans,logistic,600,20,2,14,21.428571428571427,13.0,4,73,0,0.0,0.07142857142857142,3.9959652230116802,4.165956996247596,0.8418646797186692,0.8834841628959276,0.7683823529411764,0.9090909090909091,20,2.0,5.0,0.3,3,0.0,0.1,0.6882444444444444,0.6850237774370054,0.11333333333333333,nan
syn2_d20_redundant0_noise0.1,controlled_gaussian_mixture_round2,2026,0.7,release_3,matched_kmeans,random_forest,600,20,2,14,21.428571428571427,13.0,4,73,0,0.0,0.07142857142857142,3.9959652230116802,4.165956996247596,0.8418646797186692,0.8834841628959276,0.7683823529411764,0.9090909090909091,20,2.0,5.0,0.3,3,0.0,0.1,0.7060555555555555,0.7053304520789921,0.07666666666666666,nan
syn2_d20_redundant0_noise0.1,controlled_gaussian_mixture_round2,2026,0.8,release_1,granular_ball,logistic,600,20,2,33,9.090909090909092,2.0,1,86,16,0.696969696969697,0.7878787878787878,1.4940367116113917,1.1002816371792459,0.9242221280750365,1.0,0.8947368421052632,1.0,20,2.0,5.0,0.3,3,0.0,0.1,0.6870333333333334,0.7076452549145387,0.13666666666666666,nan
syn2_d20_redundant0_noise0.1,controlled_gaussian_mixture_round2,2026,0.8,release_1,granular_ball,random_forest,600,20,2,33,9.090909090909092,2.0,1,86,16,0.696969696969697,0.7878787878787878,1.4940367116113917,1.1002816371792459,0.9242221280750365,1.0,0.8947368421052632,1.0,20,2.0,5.0,0.3,3,0.0,0.1,0.6604777777777777,0.7054265116297138,0.17333333333333334,nan
syn2_d20_redundant0_noise0.1,controlled_gaussian_mixture_round2,2026,0.8,release_1,matched_kmeans,logistic,600,20,2,33,9.090909090909092,6.0,1,42,4,0.24242424242424243,0.45454545454545453,3.0785353383757936,3.6323429611389266,0.8961379034908447,1.0,0.8,1.0,20,2.0,5.0,0.3,3,0.0,0.1,0.7821888888888889,0.7938154665391827,0.22666666666666666,nan
syn2_d20_redundant0_noise0.1,controlled_gaussian_mixture_round2,2026,0.8,release_1,matched_kmeans,random_forest,600,20,2,33,9.090909090909092,6.0,1,42,4,0.24242424242424243,0.45454545454545453,3.0785353383757936,3.6323429611389266,0.8961379034908447,1.0,0.8,1.0,20,2.0,5.0,0.3,3,0.0,0.1,0.7675555555555555,0.7772092773532047,0.24,nan
syn2_d20_redundant0_noise0.1,controlled_gaussian_mixture_round2,2026,0.8,release_2,granular_ball,logistic,600,20,2,33,9.090909090909092,2.0,1,86,16,0.696969696969697,0.7878787878787878,1.4940367116113917,1.1002816371792459,0.9242221280750365,1.0,0.8947368421052632,1.0,20,2.0,5.0,0.3,3,0.0,0.1,0.7054444444444444,0.7348707320256251,0.14,nan
syn2_d20_redundant0_noise0.1,controlled_gaussian_mixture_round2,2026,0.8,release_2,granular_ball,random_forest,600,20,2,33,9.090909090909092,2.0,1,86,16,0.696969696969697,0.7878787878787878,1.4940367116113917,1.1002816371792459,0.9242221280750365,1.0,0.8947368421052632,1.0,20,2.0,5.0,0.3,3,0.0,0.1,0.6702777777777778,0.7148799606306416,0.17,nan
syn2_d20_redundant0_noise0.1,controlled_gaussian_mixture_round2,2026,0.8,release_2,matched_kmeans,logistic,600,20,2,33,9.090909090909092,6.0,1,42,4,0.24242424242424243,0.45454545454545453,3.0785353383757936,3.6323429611389266,0.8961379034908447,1.0,0.8,1.0,20,2.0,5.0,0.3,3,0.0,0.1,0.7857333333333334,0.7998343998693612,0.23,nan
syn2_d20_redundant0_noise0.1,controlled_gaussian_mixture_round2,2026,0.8,release_2,matched_kmeans,random_forest,600,20,2,33,9.090909090909092,6.0,1,42,4,0.24242424242424243,0.45454545454545453,3.0785353383757936,3.6323429611389266,0.8961379034908447,1.0,0.8,1.0,20,2.0,5.0,0.3,3,0.0,0.1,0.8096666666666666,0.8176842076720848,0.25333333333333335,nan
syn2_d20_redundant0_noise0.1,controlled_gaussian_mixture_round2,2026,0.8,release_3,granular_ball,logistic,600,20,2,33,9.090909090909092,2.0,1,86,16,0.696969696969697,0.7878787878787878,1.4940367116113917,1.1002816371792459,0.9242221280750365,1.0,0.8947368421052632,1.0,20,2.0,5.0,0.3,3,0.0,0.1,0.7028000000000001,0.7333026018066677,0.14,nan
syn2_d20_redundant0_noise0.1,controlled_gaussian_mixture_round2,2026,0.8,release_3,granular_ball,random_forest,600,20,2,33,9.090909090909092,2.0,1,86,16,0.696969696969697,0.7878787878787878,1.4940367116113917,1.1002816371792459,0.9242221280750365,1.0,0.8947368421052632,1.0,20,2.0,5.0,0.3,3,0.0,0.1,0.6625333333333334,0.7081122326831041,0.16666666666666666,nan
syn2_d20_redundant0_noise0.1,controlled_gaussian_mixture_round2,2026,0.8,release_3,matched_kmeans,logistic,600,20,2,33,9.090909090909092,6.0,1,42,4,0.24242424242424243,0.45454545454545453,3.0785353383757936,3.6323429611389266,0.8961379034908447,1.0,0.8,1.0,20,2.0,5.0,0.3,3,0.0,0.1,0.8102444444444444,0.8072108066488475,0.23666666666666666,nan
syn2_d20_redundant0_noise0.1,controlled_gaussian_mixture_round2,2026,0.8,release_3,matched_kmeans,random_forest,600,20,2,33,9.090909090909092,6.0,1,42,4,0.24242424242424243,0.45454545454545453,3.0785353383757936,3.6323429611389266,0.8961379034908447,1.0,0.8,1.0,20,2.0,5.0,0.3,3,0.0,0.1,0.8121777777777778,0.8251076487793353,0.25666666666666665,nan
syn2_d20_redundant0_noise0.1,controlled_gaussian_mixture_round2,2026,0.9,release_1,granular_ball,logistic,600,20,2,69,4.3478260869565215,1.0,1,86,36,0.7681159420289855,0.8695652173913043,1.1379038198014508,0.0,0.9256191950173575,1.0,1.0,1.0,20,2.0,5.0,0.3,3,0.0,0.1,0.7356666666666667,0.7727986489667513,0.26666666666666666,nan
syn2_d20_redundant0_noise0.1,controlled_gaussian_mixture_round2,2026,0.9,release_1,granular_ball,random_forest,600,20,2,69,4.3478260869565215,1.0,1,86,36,0.7681159420289855,0.8695652173913043,1.1379038198014508,0.0,0.9256191950173575,1.0,1.0,1.0,20,2.0,5.0,0.3,3,0.0,0.1,0.7260555555555557,0.7654028744237245,0.25,nan
syn2_d20_redundant0_noise0.1,controlled_gaussian_mixture_round2,2026,0.9,release_1,matched_kmeans,logistic,600,20,2,69,4.3478260869565215,2.0,1,39,24,0.5072463768115942,0.8260869565217391,1.943395823610892,2.512347907008329,0.9481696291215927,1.0,1.0,1.0,20,2.0,5.0,0.3,3,0.0,0.1,0.8686333333333334,0.8814040150808354,0.36666666666666664,nan
syn2_d20_redundant0_noise0.1,controlled_gaussian_mixture_round2,2026,0.9,release_1,matched_kmeans,random_forest,600,20,2,69,4.3478260869565215,2.0,1,39,24,0.5072463768115942,0.8260869565217391,1.943395823610892,2.512347907008329,0.9481696291215927,1.0,1.0,1.0,20,2.0,5.0,0.3,3,0.0,0.1,0.8457333333333333,0.8644962812969277,0.35333333333333333,nan
syn2_d20_redundant0_noise0.1,controlled_gaussian_mixture_round2,2026,0.9,release_2,granular_ball,logistic,600,20,2,69,4.3478260869565215,1.0,1,86,36,0.7681159420289855,0.8695652173913043,1.1379038198014508,0.0,0.9256191950173575,1.0,1.0,1.0,20,2.0,5.0,0.3,3,0.0,0.1,0.7652000000000001,0.7984405806434721,0.28,nan
syn2_d20_redundant0_noise0.1,controlled_gaussian_mixture_round2,2026,0.9,release_2,granular_ball,random_forest,600,20,2,69,4.3478260869565215,1.0,1,86,36,0.7681159420289855,0.8695652173913043,1.1379038198014508,0.0,0.9256191950173575,1.0,1.0,1.0,20,2.0,5.0,0.3,3,0.0,0.1,0.7707777777777778,0.8035793852371343,0.31,nan
syn2_d20_redundant0_noise0.1,controlled_gaussian_mixture_round2,2026,0.9,release_2,matched_kmeans,logistic,600,20,2,69,4.3478260869565215,2.0,1,39,24,0.5072463768115942,0.8260869565217391,1.943395823610892,2.512347907008329,0.9481696291215927,1.0,1.0,1.0,20,2.0,5.0,0.3,3,0.0,0.1,0.8809,0.8932350568458246,0.42333333333333334,nan
syn2_d20_redundant0_noise0.1,controlled_gaussian_mixture_round2,2026,0.9,release_2,matched_kmeans,random_forest,600,20,2,69,4.3478260869565215,2.0,1,39,24,0.5072463768115942,0.8260869565217391,1.943395823610892,2.512347907008329,0.9481696291215927,1.0,1.0,1.0,20,2.0,5.0,0.3,3,0.0,0.1,0.8651555555555556,0.877503234488538,0.39,nan
syn2_d20_redundant0_noise0.1,controlled_gaussian_mixture_round2,2026,0.9,release_3,granular_ball,logistic,600,20,2,69,4.3478260869565215,1.0,1,86,36,0.7681159420289855,0.8695652173913043,1.1379038198014508,0.0,0.9256191950173575,1.0,1.0,1.0,20,2.0,5.0,0.3,3,0.0,0.1,0.7679666666666667,0.7999321843172609,0.3,nan
syn2_d20_redundant0_noise0.1,controlled_gaussian_mixture_round2,2026,0.9,release_3,granular_ball,random_forest,600,20,2,69,4.3478260869565215,1.0,1,86,36,0.7681159420289855,0.8695652173913043,1.1379038198014508,0.0,0.9256191950173575,1.0,1.0,1.0,20,2.0,5.0,0.3,3,0.0,0.1,0.7661555555555556,0.8030147881846282,0.32,nan
syn2_d20_redundant0_noise0.1,controlled_gaussian_mixture_round2,2026,0.9,release_3,matched_kmeans,logistic,600,20,2,69,4.3478260869565215,2.0,1,39,24,0.5072463768115942,0.8260869565217391,1.943395823610892,2.512347907008329,0.9481696291215927,1.0,1.0,1.0,20,2.0,5.0,0.3,3,0.0,0.1,0.8900111111111111,0.8961208696953782,0.4,nan
syn2_d20_redundant0_noise0.1,controlled_gaussian_mixture_round2,2026,0.9,release_3,matched_kmeans,random_forest,600,20,2,69,4.3478260869565215,2.0,1,39,24,0.5072463768115942,0.8260869565217391,1.943395823610892,2.512347907008329,0.9481696291215927,1.0,1.0,1.0,20,2.0,5.0,0.3,3,0.0,0.1,0.8648611111111112,0.875513861684401,0.3566666666666667,nan
syn2_d20_redundant0_noise0.1,controlled_gaussian_mixture_round2,2026,0.95,release_1,granular_ball,logistic,600,20,2,121,2.479338842975207,2.0,1,17,48,0.7603305785123967,0.9090909090909091,1.318515468913646,0.6264222052366059,0.9256198347107438,1.0,1.0,1.0,20,2.0,5.0,0.3,3,0.0,0.1,0.8841666666666668,0.9126061309532353,0.46,nan
syn2_d20_redundant0_noise0.1,controlled_gaussian_mixture_round2,2026,0.95,release_1,granular_ball,random_forest,600,20,2,121,2.479338842975207,2.0,1,17,48,0.7603305785123967,0.9090909090909091,1.318515468913646,0.6264222052366059,0.9256198347107438,1.0,1.0,1.0,20,2.0,5.0,0.3,3,0.0,0.1,0.8860777777777777,0.913898308814747,0.58,nan
syn2_d20_redundant0_noise0.1,controlled_gaussian_mixture_round2,2026,0.95,release_1,matched_kmeans,logistic,600,20,2,121,2.479338842975207,1.0,1,37,78,0.7851239669421488,0.9504132231404959,0.9139469354468951,0.0,0.9699188599633538,1.0,1.0,1.0,20,2.0,5.0,0.3,3,0.0,0.1,0.9153111111111111,0.9258239539544546,0.58,nan
syn2_d20_redundant0_noise0.1,controlled_gaussian_mixture_round2,2026,0.95,release_1,matched_kmeans,random_forest,600,20,2,121,2.479338842975207,1.0,1,37,78,0.7851239669421488,0.9504132231404959,0.9139469354468951,0.0,0.9699188599633538,1.0,1.0,1.0,20,2.0,5.0,0.3,3,0.0,0.1,0.9145944444444445,0.9265682422852506,0.6033333333333334,nan
syn2_d20_redundant0_noise0.1,controlled_gaussian_mixture_round2,2026,0.95,release_2,granular_ball,logistic,600,20,2,121,2.479338842975207,2.0,1,17,48,0.7603305785123967,0.9090909090909091,1.318515468913646,0.6264222052366059,0.9256198347107438,1.0,1.0,1.0,20,2.0,5.0,0.3,3,0.0,0.1,0.9250666666666667,0.9374586192737016,0.5466666666666666,nan
syn2_d20_redundant0_noise0.1,controlled_gaussian_mixture_round2,2026,0.95,release_2,granular_ball,random_forest,600,20,2,121,2.479338842975207,2.0,1,17,48,0.7603305785123967,0.9090909090909091,1.318515468913646,0.6264222052366059,0.9256198347107438,1.0,1.0,1.0,20,2.0,5.0,0.3,3,0.0,0.1,0.9396500000000001,0.9521692827340525,0.6433333333333333,nan
syn2_d20_redundant0_noise0.1,controlled_gaussian_mixture_round2,2026,0.95,release_2,matched_kmeans,logistic,600,20,2,121,2.479338842975207,1.0,1,37,78,0.7851239669421488,0.9504132231404959,0.9139469354468951,0.0,0.9699188599633538,1.0,1.0,1.0,20,2.0,5.0,0.3,3,0.0,0.1,0.9271777777777778,0.9364637672236651,0.6266666666666667,nan
syn2_d20_redundant0_noise0.1,controlled_gaussian_mixture_round2,2026,0.95,release_2,matched_kmeans,random_forest,600,20,2,121,2.479338842975207,1.0,1,37,78,0.7851239669421488,0.9504132231404959,0.9139469354468951,0.0,0.9699188599633538,1.0,1.0,1.0,20,2.0,5.0,0.3,3,0.0,0.1,0.9230333333333334,0.9316524572045344,0.59,nan
syn2_d20_redundant0_noise0.1,controlled_gaussian_mixture_round2,2026,0.95,release_3,granular_ball,logistic,600,20,2,121,2.479338842975207,2.0,1,17,48,0.7603305785123967,0.9090909090909091,1.318515468913646,0.6264222052366059,0.9256198347107438,1.0,1.0,1.0,20,2.0,5.0,0.3,3,0.0,0.1,0.9239888888888889,0.9360922811399315,0.52,nan
syn2_d20_redundant0_noise0.1,controlled_gaussian_mixture_round2,2026,0.95,release_3,granular_ball,random_forest,600,20,2,121,2.479338842975207,2.0,1,17,48,0.7603305785123967,0.9090909090909091,1.318515468913646,0.6264222052366059,0.9256198347107438,1.0,1.0,1.0,20,2.0,5.0,0.3,3,0.0,0.1,0.9417444444444443,0.9537517986726685,0.6566666666666666,nan
syn2_d20_redundant0_noise0.1,controlled_gaussian_mixture_round2,2026,0.95,release_3,matched_kmeans,logistic,600,20,2,121,2.479338842975207,1.0,1,37,78,0.7851239669421488,0.9504132231404959,0.9139469354468951,0.0,0.9699188599633538,1.0,1.0,1.0,20,2.0,5.0,0.3,3,0.0,0.1,0.9282777777777778,0.9362275925109497,0.5966666666666667,nan
syn2_d20_redundant0_noise0.1,controlled_gaussian_mixture_round2,2026,0.95,release_3,matched_kmeans,random_forest,600,20,2,121,2.479338842975207,1.0,1,37,78,0.7851239669421488,0.9504132231404959,0.9139469354468951,0.0,0.9699188599633538,1.0,1.0,1.0,20,2.0,5.0,0.3,3,0.0,0.1,0.9243777777777777,0.9325422502151387,0.6066666666666667,nan
syn2_d20_redundant0_noise0.1,controlled_gaussian_mixture_round2,2026,0.99,release_1,granular_ball,logistic,600,20,2,121,2.479338842975207,2.0,1,17,48,0.7603305785123967,0.9090909090909091,1.318515468913646,0.6264222052366059,0.9256198347107438,1.0,1.0,1.0,20,2.0,5.0,0.3,3,0.0,0.1,0.8841666666666668,0.9126061309532353,0.46,nan
syn2_d20_redundant0_noise0.1,controlled_gaussian_mixture_round2,2026,0.99,release_1,granular_ball,random_forest,600,20,2,121,2.479338842975207,2.0,1,17,48,0.7603305785123967,0.9090909090909091,1.318515468913646,0.6264222052366059,0.9256198347107438,1.0,1.0,1.0,20,2.0,5.0,0.3,3,0.0,0.1,0.8860777777777777,0.913898308814747,0.58,nan
syn2_d20_redundant0_noise0.1,controlled_gaussian_mixture_round2,2026,0.99,release_1,matched_kmeans,logistic,600,20,2,121,2.479338842975207,1.0,1,37,78,0.7851239669421488,0.9504132231404959,0.9139469354468951,0.0,0.9699188599633538,1.0,1.0,1.0,20,2.0,5.0,0.3,3,0.0,0.1,0.9153111111111111,0.9258239539544546,0.58,nan
syn2_d20_redundant0_noise0.1,controlled_gaussian_mixture_round2,2026,0.99,release_1,matched_kmeans,random_forest,600,20,2,121,2.479338842975207,1.0,1,37,78,0.7851239669421488,0.9504132231404959,0.9139469354468951,0.0,0.9699188599633538,1.0,1.0,1.0,20,2.0,5.0,0.3,3,0.0,0.1,0.9145944444444445,0.9265682422852506,0.6033333333333334,nan
syn2_d20_redundant0_noise0.1,controlled_gaussian_mixture_round2,2026,0.99,release_2,granular_ball,logistic,600,20,2,121,2.479338842975207,2.0,1,17,48,0.7603305785123967,0.9090909090909091,1.318515468913646,0.6264222052366059,0.9256198347107438,1.0,1.0,1.0,20,2.0,5.0,0.3,3,0.0,0.1,0.9250666666666667,0.9374586192737016,0.5466666666666666,nan
syn2_d20_redundant0_noise0.1,controlled_gaussian_mixture_round2,2026,0.99,release_2,granular_ball,random_forest,600,20,2,121,2.479338842975207,2.0,1,17,48,0.7603305785123967,0.9090909090909091,1.318515468913646,0.6264222052366059,0.9256198347107438,1.0,1.0,1.0,20,2.0,5.0,0.3,3,0.0,0.1,0.9396500000000001,0.9521692827340525,0.6433333333333333,nan
syn2_d20_redundant0_noise0.1,controlled_gaussian_mixture_round2,2026,0.99,release_2,matched_kmeans,logistic,600,20,2,121,2.479338842975207,1.0,1,37,78,0.7851239669421488,0.9504132231404959,0.9139469354468951,0.0,0.9699188599633538,1.0,1.0,1.0,20,2.0,5.0,0.3,3,0.0,0.1,0.9271777777777778,0.9364637672236651,0.6266666666666667,nan
syn2_d20_redundant0_noise0.1,controlled_gaussian_mixture_round2,2026,0.99,release_2,matched_kmeans,random_forest,600,20,2,121,2.479338842975207,1.0,1,37,78,0.7851239669421488,0.9504132231404959,0.9139469354468951,0.0,0.9699188599633538,1.0,1.0,1.0,20,2.0,5.0,0.3,3,0.0,0.1,0.9230333333333334,0.9316524572045344,0.59,nan
syn2_d20_redundant0_noise0.1,controlled_gaussian_mixture_round2,2026,0.99,release_3,granular_ball,logistic,600,20,2,121,2.479338842975207,2.0,1,17,48,0.7603305785123967,0.9090909090909091,1.318515468913646,0.6264222052366059,0.9256198347107438,1.0,1.0,1.0,20,2.0,5.0,0.3,3,0.0,0.1,0.9239888888888889,0.9360922811399315,0.52,nan
syn2_d20_redundant0_noise0.1,controlled_gaussian_mixture_round2,2026,0.99,release_3,granular_ball,random_forest,600,20,2,121,2.479338842975207,2.0,1,17,48,0.7603305785123967,0.9090909090909091,1.318515468913646,0.6264222052366059,0.9256198347107438,1.0,1.0,1.0,20,2.0,5.0,0.3,3,0.0,0.1,0.9417444444444443,0.9537517986726685,0.6566666666666666,nan
syn2_d20_redundant0_noise0.1,controlled_gaussian_mixture_round2,2026,0.99,release_3,matched_kmeans,logistic,600,20,2,121,2.479338842975207,1.0,1,37,78,0.7851239669421488,0.9504132231404959,0.9139469354468951,0.0,0.9699188599633538,1.0,1.0,1.0,20,2.0,5.0,0.3,3,0.0,0.1,0.9282777777777778,0.9362275925109497,0.5966666666666667,nan
syn2_d20_redundant0_noise0.1,controlled_gaussian_mixture_round2,2026,0.99,release_3,matched_kmeans,random_forest,600,20,2,121,2.479338842975207,1.0,1,37,78,0.7851239669421488,0.9504132231404959,0.9139469354468951,0.0,0.9699188599633538,1.0,1.0,1.0,20,2.0,5.0,0.3,3,0.0,0.1,0.9243777777777777,0.9325422502151387,0.6066666666666667,nan
syn2_d20_redundant0.8_noise0,controlled_gaussian_mixture_round2,42,0.7,release_1,granular_ball,logistic,600,20,2,1,300.0,300.0,300,300,0,0.0,0.0,4.144687452060579,4.144687452060579,0.7,0.7,0.7,0.7,20,2.0,5.0,0.3,3,0.8,0.0,0.4906777777777777,0.4849237033971674,0.006666666666666667,nan
syn2_d20_redundant0.8_noise0,controlled_gaussian_mixture_round2,42,0.7,release_1,granular_ball,random_forest,600,20,2,1,300.0,300.0,300,300,0,0.0,0.0,4.144687452060579,4.144687452060579,0.7,0.7,0.7,0.7,20,2.0,5.0,0.3,3,0.8,0.0,0.4344722222222222,0.4633410536835274,0.02666666666666667,nan
syn2_d20_redundant0.8_noise0,controlled_gaussian_mixture_round2,42,0.7,release_1,matched_kmeans,logistic,600,20,2,1,300.0,300.0,300,300,0,0.0,0.0,4.144687452060579,4.144687452060579,0.7,0.7,0.7,0.7,20,2.0,5.0,0.3,3,0.8,0.0,0.4906777777777777,0.4849237033971674,0.006666666666666667,nan
syn2_d20_redundant0.8_noise0,controlled_gaussian_mixture_round2,42,0.7,release_1,matched_kmeans,random_forest,600,20,2,1,300.0,300.0,300,300,0,0.0,0.0,4.144687452060579,4.144687452060579,0.7,0.7,0.7,0.7,20,2.0,5.0,0.3,3,0.8,0.0,0.4344722222222222,0.4633410536835274,0.02666666666666667,nan
syn2_d20_redundant0.8_noise0,controlled_gaussian_mixture_round2,42,0.7,release_2,granular_ball,logistic,600,20,2,1,300.0,300.0,300,300,0,0.0,0.0,4.144687452060579,4.144687452060579,0.7,0.7,0.7,0.7,20,2.0,5.0,0.3,3,0.8,0.0,0.4985,0.4857943364851511,0.0033333333333333335,nan
syn2_d20_redundant0.8_noise0,controlled_gaussian_mixture_round2,42,0.7,release_2,granular_ball,random_forest,600,20,2,1,300.0,300.0,300,300,0,0.0,0.0,4.144687452060579,4.144687452060579,0.7,0.7,0.7,0.7,20,2.0,5.0,0.3,3,0.8,0.0,0.43693888888888893,0.4656220974231694,0.023333333333333334,nan
syn2_d20_redundant0.8_noise0,controlled_gaussian_mixture_round2,42,0.7,release_2,matched_kmeans,logistic,600,20,2,1,300.0,300.0,300,300,0,0.0,0.0,4.144687452060579,4.144687452060579,0.7,0.7,0.7,0.7,20,2.0,5.0,0.3,3,0.8,0.0,0.4985,0.4857943364851511,0.0033333333333333335,nan
syn2_d20_redundant0.8_noise0,controlled_gaussian_mixture_round2,42,0.7,release_2,matched_kmeans,random_forest,600,20,2,1,300.0,300.0,300,300,0,0.0,0.0,4.144687452060579,4.144687452060579,0.7,0.7,0.7,0.7,20,2.0,5.0,0.3,3,0.8,0.0,0.43693888888888893,0.4656220974231694,0.023333333333333334,nan
syn2_d20_redundant0.8_noise0,controlled_gaussian_mixture_round2,42,0.7,release_3,granular_ball,logistic,600,20,2,1,300.0,300.0,300,300,0,0.0,0.0,4.144687452060579,4.144687452060579,0.7,0.7,0.7,0.7,20,2.0,5.0,0.3,3,0.8,0.0,0.4985,0.4857943364851511,0.0033333333333333335,nan
syn2_d20_redundant0.8_noise0,controlled_gaussian_mixture_round2,42,0.7,release_3,granular_ball,random_forest,600,20,2,1,300.0,300.0,300,300,0,0.0,0.0,4.144687452060579,4.144687452060579,0.7,0.7,0.7,0.7,20,2.0,5.0,0.3,3,0.8,0.0,0.43744999999999995,0.4640890771679209,0.02,nan
syn2_d20_redundant0.8_noise0,controlled_gaussian_mixture_round2,42,0.7,release_3,matched_kmeans,logistic,600,20,2,1,300.0,300.0,300,300,0,0.0,0.0,4.144687452060579,4.144687452060579,0.7,0.7,0.7,0.7,20,2.0,5.0,0.3,3,0.8,0.0,0.4985,0.4857943364851511,0.0033333333333333335,nan
syn2_d20_redundant0.8_noise0,controlled_gaussian_mixture_round2,42,0.7,release_3,matched_kmeans,random_forest,600,20,2,1,300.0,300.0,300,300,0,0.0,0.0,4.144687452060579,4.144687452060579,0.7,0.7,0.7,0.7,20,2.0,5.0,0.3,3,0.8,0.0,0.43744999999999995,0.4640890771679209,0.02,nan
syn2_d20_redundant0.8_noise0,controlled_gaussian_mixture_round2,42,0.8,release_1,granular_ball,logistic,600,20,2,9,33.333333333333336,30.0,3,94,0,0.0,0.3333333333333333,2.018922744556551,1.4868593561382346,0.9370370370370371,1.0,0.8333333333333334,1.0,20,2.0,5.0,0.3,3,0.8,0.0,0.49844444444444436,0.48646123465390606,0.006666666666666667,nan
syn2_d20_redundant0.8_noise0,controlled_gaussian_mixture_round2,42,0.8,release_1,granular_ball,random_forest,600,20,2,9,33.333333333333336,30.0,3,94,0,0.0,0.3333333333333333,2.018922744556551,1.4868593561382346,0.9370370370370371,1.0,0.8333333333333334,1.0,20,2.0,5.0,0.3,3,0.8,0.0,0.4574,0.4725786028473872,0.013333333333333334,nan
syn2_d20_redundant0.8_noise0,controlled_gaussian_mixture_round2,42,0.8,release_1,matched_kmeans,logistic,600,20,2,9,33.333333333333336,31.0,19,68,0,0.0,0.0,2.3821408890109717,2.4682512211953473,0.9581938466443487,1.0,1.0,1.0,20,2.0,5.0,0.3,3,0.8,0.0,0.5396666666666666,0.5130328425717292,0.0033333333333333335,nan
syn2_d20_redundant0.8_noise0,controlled_gaussian_mixture_round2,42,0.8,release_1,matched_kmeans,random_forest,600,20,2,9,33.333333333333336,31.0,19,68,0,0.0,0.0,2.3821408890109717,2.4682512211953473,0.9581938466443487,1.0,1.0,1.0,20,2.0,5.0,0.3,3,0.8,0.0,0.5103777777777778,0.5102040819906825,0.01,nan
syn2_d20_redundant0.8_noise0,controlled_gaussian_mixture_round2,42,0.8,release_2,granular_ball,logistic,600,20,2,9,33.333333333333336,30.0,3,94,0,0.0,0.3333333333333333,2.018922744556551,1.4868593561382346,0.9370370370370371,1.0,0.8333333333333334,1.0,20,2.0,5.0,0.3,3,0.8,0.0,0.5139222222222222,0.5088078655426438,0.0033333333333333335,nan
syn2_d20_redundant0.8_noise0,controlled_gaussian_mixture_round2,42,0.8,release_2,granular_ball,random_forest,600,20,2,9,33.333333333333336,30.0,3,94,0,0.0,0.3333333333333333,2.018922744556551,1.4868593561382346,0.9370370370370371,1.0,0.8333333333333334,1.0,20,2.0,5.0,0.3,3,0.8,0.0,0.4475,0.4689221754199539,0.016666666666666666,nan
syn2_d20_redundant0.8_noise0,controlled_gaussian_mixture_round2,42,0.8,release_2,matched_kmeans,logistic,600,20,2,9,33.333333333333336,31.0,19,68,0,0.0,0.0,2.3821408890109717,2.4682512211953473,0.9581938466443487,1.0,1.0,1.0,20,2.0,5.0,0.3,3,0.8,0.0,0.5250555555555556,0.5175935956231024,0.01,nan
syn2_d20_redundant0.8_noise0,controlled_gaussian_mixture_round2,42,0.8,release_2,matched_kmeans,random_forest,600,20,2,9,33.333333333333336,31.0,19,68,0,0.0,0.0,2.3821408890109717,2.4682512211953473,0.9581938466443487,1.0,1.0,1.0,20,2.0,5.0,0.3,3,0.8,0.0,0.5286666666666666,0.5108383682792861,0.0,nan
syn2_d20_redundant0.8_noise0,controlled_gaussian_mixture_round2,42,0.8,release_3,granular_ball,logistic,600,20,2,9,33.333333333333336,30.0,3,94,0,0.0,0.3333333333333333,2.018922744556551,1.4868593561382346,0.9370370370370371,1.0,0.8333333333333334,1.0,20,2.0,5.0,0.3,3,0.8,0.0,0.4957444444444444,0.49141583817460666,0.0033333333333333335,nan
syn2_d20_redundant0.8_noise0,controlled_gaussian_mixture_round2,42,0.8,release_3,granular_ball,random_forest,600,20,2,9,33.333333333333336,30.0,3,94,0,0.0,0.3333333333333333,2.018922744556551,1.4868593561382346,0.9370370370370371,1.0,0.8333333333333334,1.0,20,2.0,5.0,0.3,3,0.8,0.0,0.45737777777777777,0.47696424021135075,0.02,nan
syn2_d20_redundant0.8_noise0,controlled_gaussian_mixture_round2,42,0.8,release_3,matched_kmeans,logistic,600,20,2,9,33.333333333333336,31.0,19,68,0,0.0,0.0,2.3821408890109717,2.4682512211953473,0.9581938466443487,1.0,1.0,1.0,20,2.0,5.0,0.3,3,0.8,0.0,0.5238444444444444,0.5144583851519577,0.0033333333333333335,nan
syn2_d20_redundant0.8_noise0,controlled_gaussian_mixture_round2,42,0.8,release_3,matched_kmeans,random_forest,600,20,2,9,33.333333333333336,31.0,19,68,0,0.0,0.0,2.3821408890109717,2.4682512211953473,0.9581938466443487,1.0,1.0,1.0,20,2.0,5.0,0.3,3,0.8,0.0,0.5151111111111111,0.5053008613874439,0.006666666666666667,nan
syn2_d20_redundant0.8_noise0,controlled_gaussian_mixture_round2,42,0.9,release_1,granular_ball,logistic,600,20,2,18,16.666666666666668,5.0,1,94,4,0.2777777777777778,0.5555555555555556,1.211840820644059,0.9525969209865339,0.9793582887700535,1.0,0.97,1.0,20,2.0,5.0,0.3,3,0.8,0.0,0.4960222222222222,0.5021827199809504,0.02,nan
syn2_d20_redundant0.8_noise0,controlled_gaussian_mixture_round2,42,0.9,release_1,granular_ball,random_forest,600,20,2,18,16.666666666666668,5.0,1,94,4,0.2777777777777778,0.5555555555555556,1.211840820644059,0.9525969209865339,0.9793582887700535,1.0,0.97,1.0,20,2.0,5.0,0.3,3,0.8,0.0,0.48625000000000007,0.5017296159146933,0.01,nan
syn2_d20_redundant0.8_noise0,controlled_gaussian_mixture_round2,42,0.9,release_1,matched_kmeans,logistic,600,20,2,18,16.666666666666668,16.5,6,31,0,0.0,0.0,1.8597158270171843,1.948402776938992,0.9503948940451489,1.0,0.925,1.0,20,2.0,5.0,0.3,3,0.8,0.0,0.6157222222222222,0.6230146743422823,0.06333333333333334,nan
syn2_d20_redundant0.8_noise0,controlled_gaussian_mixture_round2,42,0.9,release_1,matched_kmeans,random_forest,600,20,2,18,16.666666666666668,16.5,6,31,0,0.0,0.0,1.8597158270171843,1.948402776938992,0.9503948940451489,1.0,0.925,1.0,20,2.0,5.0,0.3,3,0.8,0.0,0.5850111111111111,0.6047509334289203,0.056666666666666664,nan
syn2_d20_redundant0.8_noise0,controlled_gaussian_mixture_round2,42,0.9,release_2,granular_ball,logistic,600,20,2,18,16.666666666666668,5.0,1,94,4,0.2777777777777778,0.5555555555555556,1.211840820644059,0.9525969209865339,0.9793582887700535,1.0,0.97,1.0,20,2.0,5.0,0.3,3,0.8,0.0,0.4823444444444444,0.4858191294229751,0.006666666666666667,nan
syn2_d20_redundant0.8_noise0,controlled_gaussian_mixture_round2,42,0.9,release_2,granular_ball,random_forest,600,20,2,18,16.666666666666668,5.0,1,94,4,0.2777777777777778,0.5555555555555556,1.211840820644059,0.9525969209865339,0.9793582887700535,1.0,0.97,1.0,20,2.0,5.0,0.3,3,0.8,0.0,0.5150555555555556,0.5117309418689115,0.016666666666666666,nan
syn2_d20_redundant0.8_noise0,controlled_gaussian_mixture_round2,42,0.9,release_2,matched_kmeans,logistic,600,20,2,18,16.666666666666668,16.5,6,31,0,0.0,0.0,1.8597158270171843,1.948402776938992,0.9503948940451489,1.0,0.925,1.0,20,2.0,5.0,0.3,3,0.8,0.0,0.5988,0.6076443603750351,0.06,nan
syn2_d20_redundant0.8_noise0,controlled_gaussian_mixture_round2,42,0.9,release_2,matched_kmeans,random_forest,600,20,2,18,16.666666666666668,16.5,6,31,0,0.0,0.0,1.8597158270171843,1.948402776938992,0.9503948940451489,1.0,0.925,1.0,20,2.0,5.0,0.3,3,0.8,0.0,0.5874777777777778,0.602967519277506,0.06333333333333334,nan
syn2_d20_redundant0.8_noise0,controlled_gaussian_mixture_round2,42,0.9,release_3,granular_ball,logistic,600,20,2,18,16.666666666666668,5.0,1,94,4,0.2777777777777778,0.5555555555555556,1.211840820644059,0.9525969209865339,0.9793582887700535,1.0,0.97,1.0,20,2.0,5.0,0.3,3,0.8,0.0,0.5075555555555555,0.5112352178089214,0.016666666666666666,nan
syn2_d20_redundant0.8_noise0,controlled_gaussian_mixture_round2,42,0.9,release_3,granular_ball,random_forest,600,20,2,18,16.666666666666668,5.0,1,94,4,0.2777777777777778,0.5555555555555556,1.211840820644059,0.9525969209865339,0.9793582887700535,1.0,0.97,1.0,20,2.0,5.0,0.3,3,0.8,0.0,0.5179444444444444,0.5156643608178244,0.01,nan
syn2_d20_redundant0.8_noise0,controlled_gaussian_mixture_round2,42,0.9,release_3,matched_kmeans,logistic,600,20,2,18,16.666666666666668,16.5,6,31,0,0.0,0.0,1.8597158270171843,1.948402776938992,0.9503948940451489,1.0,0.925,1.0,20,2.0,5.0,0.3,3,0.8,0.0,0.5889666666666666,0.6028897998623354,0.056666666666666664,nan
syn2_d20_redundant0.8_noise0,controlled_gaussian_mixture_round2,42,0.9,release_3,matched_kmeans,random_forest,600,20,2,18,16.666666666666668,16.5,6,31,0,0.0,0.0,1.8597158270171843,1.948402776938992,0.9503948940451489,1.0,0.925,1.0,20,2.0,5.0,0.3,3,0.8,0.0,0.5806111111111112,0.6057478697366506,0.06,nan
syn2_d20_redundant0.8_noise0,controlled_gaussian_mixture_round2,42,0.95,release_1,granular_ball,logistic,600,20,2,29,10.344827586206897,3.0,1,94,8,0.4827586206896552,0.7241379310344828,0.8218269781157945,0.5653040099461834,0.9641379310344828,1.0,1.0,1.0,20,2.0,5.0,0.3,3,0.8,0.0,0.5184,0.5255316041763968,0.01,nan
syn2_d20_redundant0.8_noise0,controlled_gaussian_mixture_round2,42,0.95,release_1,granular_ball,random_forest,600,20,2,29,10.344827586206897,3.0,1,94,8,0.4827586206896552,0.7241379310344828,0.8218269781157945,0.5653040099461834,0.9641379310344828,1.0,1.0,1.0,20,2.0,5.0,0.3,3,0.8,0.0,0.5611,0.589030675280481,0.06,nan
syn2_d20_redundant0.8_noise0,controlled_gaussian_mixture_round2,42,0.95,release_1,matched_kmeans,logistic,600,20,2,29,10.344827586206897,8.0,2,30,0,0.06896551724137931,0.2413793103448276,1.6593776379705896,1.7182361937052142,0.9716866945315222,1.0,1.0,1.0,20,2.0,5.0,0.3,3,0.8,0.0,0.6516555555555557,0.645932251995819,0.05333333333333334,nan
syn2_d20_redundant0.8_noise0,controlled_gaussian_mixture_round2,42,0.95,release_1,matched_kmeans,random_forest,600,20,2,29,10.344827586206897,8.0,2,30,0,0.06896551724137931,0.2413793103448276,1.6593776379705896,1.7182361937052142,0.9716866945315222,1.0,1.0,1.0,20,2.0,5.0,0.3,3,0.8,0.0,0.6465222222222221,0.6344607419694512,0.03666666666666667,nan
syn2_d20_redundant0.8_noise0,controlled_gaussian_mixture_round2,42,0.95,release_2,granular_ball,logistic,600,20,2,29,10.344827586206897,3.0,1,94,8,0.4827586206896552,0.7241379310344828,0.8218269781157945,0.5653040099461834,0.9641379310344828,1.0,1.0,1.0,20,2.0,5.0,0.3,3,0.8,0.0,0.5145666666666667,0.5130594056648038,0.006666666666666667,nan
syn2_d20_redundant0.8_noise0,controlled_gaussian_mixture_round2,42,0.95,release_2,granular_ball,random_forest,600,20,2,29,10.344827586206897,3.0,1,94,8,0.4827586206896552,0.7241379310344828,0.8218269781157945,0.5653040099461834,0.9641379310344828,1.0,1.0,1.0,20,2.0,5.0,0.3,3,0.8,0.0,0.5742444444444444,0.5913058248481557,0.06666666666666667,nan
syn2_d20_redundant0.8_noise0,controlled_gaussian_mixture_round2,42,0.95,release_2,matched_kmeans,logistic,600,20,2,29,10.344827586206897,8.0,2,30,0,0.06896551724137931,0.2413793103448276,1.6593776379705896,1.7182361937052142,0.9716866945315222,1.0,1.0,1.0,20,2.0,5.0,0.3,3,0.8,0.0,0.6511777777777777,0.6397743969408698,0.02666666666666667,nan
syn2_d20_redundant0.8_noise0,controlled_gaussian_mixture_round2,42,0.95,release_2,matched_kmeans,random_forest,600,20,2,29,10.344827586206897,8.0,2,30,0,0.06896551724137931,0.2413793103448276,1.6593776379705896,1.7182361937052142,0.9716866945315222,1.0,1.0,1.0,20,2.0,5.0,0.3,3,0.8,0.0,0.6409888888888888,0.6403958957223743,0.043333333333333335,nan
syn2_d20_redundant0.8_noise0,controlled_gaussian_mixture_round2,42,0.95,release_3,granular_ball,logistic,600,20,2,29,10.344827586206897,3.0,1,94,8,0.4827586206896552,0.7241379310344828,0.8218269781157945,0.5653040099461834,0.9641379310344828,1.0,1.0,1.0,20,2.0,5.0,0.3,3,0.8,0.0,0.5131,0.5118474516569806,0.023333333333333334,nan
syn2_d20_redundant0.8_noise0,controlled_gaussian_mixture_round2,42,0.95,release_3,granular_ball,random_forest,600,20,2,29,10.344827586206897,3.0,1,94,8,0.4827586206896552,0.7241379310344828,0.8218269781157945,0.5653040099461834,0.9641379310344828,1.0,1.0,1.0,20,2.0,5.0,0.3,3,0.8,0.0,0.5763444444444444,0.593964991330107,0.05,nan
syn2_d20_redundant0.8_noise0,controlled_gaussian_mixture_round2,42,0.95,release_3,matched_kmeans,logistic,600,20,2,29,10.344827586206897,8.0,2,30,0,0.06896551724137931,0.2413793103448276,1.6593776379705896,1.7182361937052142,0.9716866945315222,1.0,1.0,1.0,20,2.0,5.0,0.3,3,0.8,0.0,0.6526777777777777,0.6469612842143259,0.07666666666666666,nan
syn2_d20_redundant0.8_noise0,controlled_gaussian_mixture_round2,42,0.95,release_3,matched_kmeans,random_forest,600,20,2,29,10.344827586206897,8.0,2,30,0,0.06896551724137931,0.2413793103448276,1.6593776379705896,1.7182361937052142,0.9716866945315222,1.0,1.0,1.0,20,2.0,5.0,0.3,3,0.8,0.0,0.6481444444444444,0.6377165414353247,0.05,nan
syn2_d20_redundant0.8_noise0,controlled_gaussian_mixture_round2,42,0.99,release_1,granular_ball,logistic,600,20,2,33,9.090909090909092,2.0,1,94,9,0.5454545454545454,0.7575757575757576,0.7462055647135936,0.5046421947369902,0.9696969696969697,1.0,1.0,1.0,20,2.0,5.0,0.3,3,0.8,0.0,0.5336777777777777,0.5421954095894632,0.01,nan
syn2_d20_redundant0.8_noise0,controlled_gaussian_mixture_round2,42,0.99,release_1,granular_ball,random_forest,600,20,2,33,9.090909090909092,2.0,1,94,9,0.5454545454545454,0.7575757575757576,0.7462055647135936,0.5046421947369902,0.9696969696969697,1.0,1.0,1.0,20,2.0,5.0,0.3,3,0.8,0.0,0.5965888888888888,0.6105406167485536,0.04,nan
syn2_d20_redundant0.8_noise0,controlled_gaussian_mixture_round2,42,0.99,release_1,matched_kmeans,logistic,600,20,2,33,9.090909090909092,7.0,1,31,1,0.09090909090909091,0.3333333333333333,1.5403894622862753,1.5719909331797575,0.9791209998321434,1.0,1.0,1.0,20,2.0,5.0,0.3,3,0.8,0.0,0.6805000000000001,0.6597064960109907,0.05,nan
syn2_d20_redundant0.8_noise0,controlled_gaussian_mixture_round2,42,0.99,release_1,matched_kmeans,random_forest,600,20,2,33,9.090909090909092,7.0,1,31,1,0.09090909090909091,0.3333333333333333,1.5403894622862753,1.5719909331797575,0.9791209998321434,1.0,1.0,1.0,20,2.0,5.0,0.3,3,0.8,0.0,0.6074999999999999,0.5787989476543667,0.006666666666666667,nan
syn2_d20_redundant0.8_noise0,controlled_gaussian_mixture_round2,42,0.99,release_2,granular_ball,logistic,600,20,2,33,9.090909090909092,2.0,1,94,9,0.5454545454545454,0.7575757575757576,0.7462055647135936,0.5046421947369902,0.9696969696969697,1.0,1.0,1.0,20,2.0,5.0,0.3,3,0.8,0.0,0.5381666666666667,0.5399148642151341,0.01,nan
syn2_d20_redundant0.8_noise0,controlled_gaussian_mixture_round2,42,0.99,release_2,granular_ball,random_forest,600,20,2,33,9.090909090909092,2.0,1,94,9,0.5454545454545454,0.7575757575757576,0.7462055647135936,0.5046421947369902,0.9696969696969697,1.0,1.0,1.0,20,2.0,5.0,0.3,3,0.8,0.0,0.6211222222222222,0.615082052559506,0.06,nan
syn2_d20_redundant0.8_noise0,controlled_gaussian_mixture_round2,42,0.99,release_2,matched_kmeans,logistic,600,20,2,33,9.090909090909092,7.0,1,31,1,0.09090909090909091,0.3333333333333333,1.5403894622862753,1.5719909331797575,0.9791209998321434,1.0,1.0,1.0,20,2.0,5.0,0.3,3,0.8,0.0,0.6756444444444445,0.6615342088681221,0.1,nan
syn2_d20_redundant0.8_noise0,controlled_gaussian_mixture_round2,42,0.99,release_2,matched_kmeans,random_forest,600,20,2,33,9.090909090909092,7.0,1,31,1,0.09090909090909091,0.3333333333333333,1.5403894622862753,1.5719909331797575,0.9791209998321434,1.0,1.0,1.0,20,2.0,5.0,0.3,3,0.8,0.0,0.6089500000000001,0.5864802859134501,0.03333333333333333,nan
syn2_d20_redundant0.8_noise0,controlled_gaussian_mixture_round2,42,0.99,release_3,granular_ball,logistic,600,20,2,33,9.090909090909092,2.0,1,94,9,0.5454545454545454,0.7575757575757576,0.7462055647135936,0.5046421947369902,0.9696969696969697,1.0,1.0,1.0,20,2.0,5.0,0.3,3,0.8,0.0,0.5304222222222224,0.5256586471593052,0.013333333333333334,nan
syn2_d20_redundant0.8_noise0,controlled_gaussian_mixture_round2,42,0.99,release_3,granular_ball,random_forest,600,20,2,33,9.090909090909092,2.0,1,94,9,0.5454545454545454,0.7575757575757576,0.7462055647135936,0.5046421947369902,0.9696969696969697,1.0,1.0,1.0,20,2.0,5.0,0.3,3,0.8,0.0,0.6263888888888889,0.62814885653853,0.07333333333333333,nan
syn2_d20_redundant0.8_noise0,controlled_gaussian_mixture_round2,42,0.99,release_3,matched_kmeans,logistic,600,20,2,33,9.090909090909092,7.0,1,31,1,0.09090909090909091,0.3333333333333333,1.5403894622862753,1.5719909331797575,0.9791209998321434,1.0,1.0,1.0,20,2.0,5.0,0.3,3,0.8,0.0,0.6784222222222221,0.6773419495056299,0.08333333333333333,nan
syn2_d20_redundant0.8_noise0,controlled_gaussian_mixture_round2,42,0.99,release_3,matched_kmeans,random_forest,600,20,2,33,9.090909090909092,7.0,1,31,1,0.09090909090909091,0.3333333333333333,1.5403894622862753,1.5719909331797575,0.9791209998321434,1.0,1.0,1.0,20,2.0,5.0,0.3,3,0.8,0.0,0.6139222222222221,0.5893937778880287,0.013333333333333334,nan
syn2_d20_redundant0.8_noise0,controlled_gaussian_mixture_round2,99,0.7,release_1,granular_ball,logistic,600,20,2,1,300.0,300.0,300,300,0,0.0,0.0,4.1690735484351915,4.1690735484351915,0.7,0.7,0.7,0.7,20,2.0,5.0,0.3,3,0.8,0.0,0.5108999999999999,0.507200959036895,0.006666666666666667,nan
syn2_d20_redundant0.8_noise0,controlled_gaussian_mixture_round2,99,0.7,release_1,granular_ball,random_forest,600,20,2,1,300.0,300.0,300,300,0,0.0,0.0,4.1690735484351915,4.1690735484351915,0.7,0.7,0.7,0.7,20,2.0,5.0,0.3,3,0.8,0.0,0.4610555555555556,0.4603566853411756,0.0,nan
syn2_d20_redundant0.8_noise0,controlled_gaussian_mixture_round2,99,0.7,release_1,matched_kmeans,logistic,600,20,2,1,300.0,300.0,300,300,0,0.0,0.0,4.1690735484351915,4.1690735484351915,0.7,0.7,0.7,0.7,20,2.0,5.0,0.3,3,0.8,0.0,0.5108999999999999,0.507200959036895,0.006666666666666667,nan
syn2_d20_redundant0.8_noise0,controlled_gaussian_mixture_round2,99,0.7,release_1,matched_kmeans,random_forest,600,20,2,1,300.0,300.0,300,300,0,0.0,0.0,4.1690735484351915,4.1690735484351915,0.7,0.7,0.7,0.7,20,2.0,5.0,0.3,3,0.8,0.0,0.4610555555555556,0.4603566853411756,0.0,nan
syn2_d20_redundant0.8_noise0,controlled_gaussian_mixture_round2,99,0.7,release_2,granular_ball,logistic,600,20,2,1,300.0,300.0,300,300,0,0.0,0.0,4.1690735484351915,4.1690735484351915,0.7,0.7,0.7,0.7,20,2.0,5.0,0.3,3,0.8,0.0,0.49528888888888883,0.5014364893942753,0.016666666666666666,nan
syn2_d20_redundant0.8_noise0,controlled_gaussian_mixture_round2,99,0.7,release_2,granular_ball,random_forest,600,20,2,1,300.0,300.0,300,300,0,0.0,0.0,4.1690735484351915,4.1690735484351915,0.7,0.7,0.7,0.7,20,2.0,5.0,0.3,3,0.8,0.0,0.4626444444444444,0.4616514694220621,0.0,nan
syn2_d20_redundant0.8_noise0,controlled_gaussian_mixture_round2,99,0.7,release_2,matched_kmeans,logistic,600,20,2,1,300.0,300.0,300,300,0,0.0,0.0,4.1690735484351915,4.1690735484351915,0.7,0.7,0.7,0.7,20,2.0,5.0,0.3,3,0.8,0.0,0.49528888888888883,0.5014364893942753,0.016666666666666666,nan
syn2_d20_redundant0.8_noise0,controlled_gaussian_mixture_round2,99,0.7,release_2,matched_kmeans,random_forest,600,20,2,1,300.0,300.0,300,300,0,0.0,0.0,4.1690735484351915,4.1690735484351915,0.7,0.7,0.7,0.7,20,2.0,5.0,0.3,3,0.8,0.0,0.4626444444444444,0.4616514694220621,0.0,nan
syn2_d20_redundant0.8_noise0,controlled_gaussian_mixture_round2,99,0.7,release_3,granular_ball,logistic,600,20,2,1,300.0,300.0,300,300,0,0.0,0.0,4.1690735484351915,4.1690735484351915,0.7,0.7,0.7,0.7,20,2.0,5.0,0.3,3,0.8,0.0,0.49528888888888883,0.5014364893942753,0.016666666666666666,nan
syn2_d20_redundant0.8_noise0,controlled_gaussian_mixture_round2,99,0.7,release_3,granular_ball,random_forest,600,20,2,1,300.0,300.0,300,300,0,0.0,0.0,4.1690735484351915,4.1690735484351915,0.7,0.7,0.7,0.7,20,2.0,5.0,0.3,3,0.8,0.0,0.46271111111111113,0.4615108597625399,0.0,nan
syn2_d20_redundant0.8_noise0,controlled_gaussian_mixture_round2,99,0.7,release_3,matched_kmeans,logistic,600,20,2,1,300.0,300.0,300,300,0,0.0,0.0,4.1690735484351915,4.1690735484351915,0.7,0.7,0.7,0.7,20,2.0,5.0,0.3,3,0.8,0.0,0.49528888888888883,0.5014364893942753,0.016666666666666666,nan
syn2_d20_redundant0.8_noise0,controlled_gaussian_mixture_round2,99,0.7,release_3,matched_kmeans,random_forest,600,20,2,1,300.0,300.0,300,300,0,0.0,0.0,4.1690735484351915,4.1690735484351915,0.7,0.7,0.7,0.7,20,2.0,5.0,0.3,3,0.8,0.0,0.46271111111111113,0.4615108597625399,0.0,nan
syn2_d20_redundant0.8_noise0,controlled_gaussian_mixture_round2,99,0.8,release_1,granular_ball,logistic,600,20,2,6,50.0,50.0,11,90,0,0.0,0.0,2.312051266814912,2.150290767007241,0.9634300126103404,1.0,0.9508196721311476,1.0,20,2.0,5.0,0.3,3,0.8,0.0,0.49417777777777777,0.48499463946469246,0.0033333333333333335,nan
syn2_d20_redundant0.8_noise0,controlled_gaussian_mixture_round2,99,0.8,release_1,granular_ball,random_forest,600,20,2,6,50.0,50.0,11,90,0,0.0,0.0,2.312051266814912,2.150290767007241,0.9634300126103404,1.0,0.9508196721311476,1.0,20,2.0,5.0,0.3,3,0.8,0.0,0.5245555555555556,0.5192680895084248,0.006666666666666667,nan
syn2_d20_redundant0.8_noise0,controlled_gaussian_mixture_round2,99,0.8,release_1,matched_kmeans,logistic,600,20,2,6,50.0,48.5,26,69,0,0.0,0.0,2.474749475456481,2.5964235007735335,0.9086517347386912,1.0,0.7954545454545454,1.0,20,2.0,5.0,0.3,3,0.8,0.0,0.5096444444444445,0.4916797986598376,0.01,nan
syn2_d20_redundant0.8_noise0,controlled_gaussian_mixture_round2,99,0.8,release_1,matched_kmeans,random_forest,600,20,2,6,50.0,48.5,26,69,0,0.0,0.0,2.474749475456481,2.5964235007735335,0.9086517347386912,1.0,0.7954545454545454,1.0,20,2.0,5.0,0.3,3,0.8,0.0,0.5210777777777778,0.5358517102923781,0.016666666666666666,nan
syn2_d20_redundant0.8_noise0,controlled_gaussian_mixture_round2,99,0.8,release_2,granular_ball,logistic,600,20,2,6,50.0,50.0,11,90,0,0.0,0.0,2.312051266814912,2.150290767007241,0.9634300126103404,1.0,0.9508196721311476,1.0,20,2.0,5.0,0.3,3,0.8,0.0,0.45777777777777773,0.45308146069345123,0.0,nan
syn2_d20_redundant0.8_noise0,controlled_gaussian_mixture_round2,99,0.8,release_2,granular_ball,random_forest,600,20,2,6,50.0,50.0,11,90,0,0.0,0.0,2.312051266814912,2.150290767007241,0.9634300126103404,1.0,0.9508196721311476,1.0,20,2.0,5.0,0.3,3,0.8,0.0,0.5237,0.5284495159351246,0.01,nan
syn2_d20_redundant0.8_noise0,controlled_gaussian_mixture_round2,99,0.8,release_2,matched_kmeans,logistic,600,20,2,6,50.0,48.5,26,69,0,0.0,0.0,2.474749475456481,2.5964235007735335,0.9086517347386912,1.0,0.7954545454545454,1.0,20,2.0,5.0,0.3,3,0.8,0.0,0.46290000000000003,0.46980227902232596,0.01,nan
syn2_d20_redundant0.8_noise0,controlled_gaussian_mixture_round2,99,0.8,release_2,matched_kmeans,random_forest,600,20,2,6,50.0,48.5,26,69,0,0.0,0.0,2.474749475456481,2.5964235007735335,0.9086517347386912,1.0,0.7954545454545454,1.0,20,2.0,5.0,0.3,3,0.8,0.0,0.5203333333333333,0.5116892535225557,0.013333333333333334,nan
syn2_d20_redundant0.8_noise0,controlled_gaussian_mixture_round2,99,0.8,release_3,granular_ball,logistic,600,20,2,6,50.0,50.0,11,90,0,0.0,0.0,2.312051266814912,2.150290767007241,0.9634300126103404,1.0,0.9508196721311476,1.0,20,2.0,5.0,0.3,3,0.8,0.0,0.4734666666666667,0.4653681575168764,0.0,nan
syn2_d20_redundant0.8_noise0,controlled_gaussian_mixture_round2,99,0.8,release_3,granular_ball,random_forest,600,20,2,6,50.0,50.0,11,90,0,0.0,0.0,2.312051266814912,2.150290767007241,0.9634300126103404,1.0,0.9508196721311476,1.0,20,2.0,5.0,0.3,3,0.8,0.0,0.5330333333333332,0.5300087390549567,0.0033333333333333335,nan
syn2_d20_redundant0.8_noise0,controlled_gaussian_mixture_round2,99,0.8,release_3,matched_kmeans,logistic,600,20,2,6,50.0,48.5,26,69,0,0.0,0.0,2.474749475456481,2.5964235007735335,0.9086517347386912,1.0,0.7954545454545454,1.0,20,2.0,5.0,0.3,3,0.8,0.0,0.5083555555555557,0.5014148365510347,0.01,nan
syn2_d20_redundant0.8_noise0,controlled_gaussian_mixture_round2,99,0.8,release_3,matched_kmeans,random_forest,600,20,2,6,50.0,48.5,26,69,0,0.0,0.0,2.474749475456481,2.5964235007735335,0.9086517347386912,1.0,0.7954545454545454,1.0,20,2.0,5.0,0.3,3,0.8,0.0,0.5140444444444444,0.5057032593154375,0.01,nan
syn2_d20_redundant0.8_noise0,controlled_gaussian_mixture_round2,99,0.9,release_1,granular_ball,logistic,600,20,2,12,25.0,11.0,1,90,4,0.3333333333333333,0.4166666666666667,1.2199459358477724,0.795728797563698,0.986599011189175,1.0,1.0,1.0,20,2.0,5.0,0.3,3,0.8,0.0,0.5009777777777777,0.499808619037666,0.0033333333333333335,nan
syn2_d20_redundant0.8_noise0,controlled_gaussian_mixture_round2,99,0.9,release_1,granular_ball,random_forest,600,20,2,12,25.0,11.0,1,90,4,0.3333333333333333,0.4166666666666667,1.2199459358477724,0.795728797563698,0.986599011189175,1.0,1.0,1.0,20,2.0,5.0,0.3,3,0.8,0.0,0.49258888888888885,0.5054700570345001,0.006666666666666667,nan
syn2_d20_redundant0.8_noise0,controlled_gaussian_mixture_round2,99,0.9,release_1,matched_kmeans,logistic,600,20,2,12,25.0,23.5,13,41,0,0.0,0.0,2.0107889454841326,2.112485563920922,0.9538606118071106,1.0,0.967741935483871,1.0,20,2.0,5.0,0.3,3,0.8,0.0,0.5920777777777777,0.5869239054548123,0.03333333333333333,nan
syn2_d20_redundant0.8_noise0,controlled_gaussian_mixture_round2,99,0.9,release_1,matched_kmeans,random_forest,600,20,2,12,25.0,23.5,13,41,0,0.0,0.0,2.0107889454841326,2.112485563920922,0.9538606118071106,1.0,0.967741935483871,1.0,20,2.0,5.0,0.3,3,0.8,0.0,0.54175,0.5523926898885456,0.04666666666666667,nan
syn2_d20_redundant0.8_noise0,controlled_gaussian_mixture_round2,99,0.9,release_2,granular_ball,logistic,600,20,2,12,25.0,11.0,1,90,4,0.3333333333333333,0.4166666666666667,1.2199459358477724,0.795728797563698,0.986599011189175,1.0,1.0,1.0,20,2.0,5.0,0.3,3,0.8,0.0,0.4800777777777778,0.4727043172133441,0.0,nan
syn2_d20_redundant0.8_noise0,controlled_gaussian_mixture_round2,99,0.9,release_2,granular_ball,random_forest,600,20,2,12,25.0,11.0,1,90,4,0.3333333333333333,0.4166666666666667,1.2199459358477724,0.795728797563698,0.986599011189175,1.0,1.0,1.0,20,2.0,5.0,0.3,3,0.8,0.0,0.5255277777777778,0.5178459639966084,0.0033333333333333335,nan
syn2_d20_redundant0.8_noise0,controlled_gaussian_mixture_round2,99,0.9,release_2,matched_kmeans,logistic,600,20,2,12,25.0,23.5,13,41,0,0.0,0.0,2.0107889454841326,2.112485563920922,0.9538606118071106,1.0,0.967741935483871,1.0,20,2.0,5.0,0.3,3,0.8,0.0,0.5954222222222223,0.5889641491784321,0.016666666666666666,nan
syn2_d20_redundant0.8_noise0,controlled_gaussian_mixture_round2,99,0.9,release_2,matched_kmeans,random_forest,600,20,2,12,25.0,23.5,13,41,0,0.0,0.0,2.0107889454841326,2.112485563920922,0.9538606118071106,1.0,0.967741935483871,1.0,20,2.0,5.0,0.3,3,0.8,0.0,0.5033222222222222,0.5143603721121321,0.016666666666666666,nan
syn2_d20_redundant0.8_noise0,controlled_gaussian_mixture_round2,99,0.9,release_3,granular_ball,logistic,600,20,2,12,25.0,11.0,1,90,4,0.3333333333333333,0.4166666666666667,1.2199459358477724,0.795728797563698,0.986599011189175,1.0,1.0,1.0,20,2.0,5.0,0.3,3,0.8,0.0,0.47615555555555555,0.46178120931264344,0.0,nan
syn2_d20_redundant0.8_noise0,controlled_gaussian_mixture_round2,99,0.9,release_3,granular_ball,random_forest,600,20,2,12,25.0,11.0,1,90,4,0.3333333333333333,0.4166666666666667,1.2199459358477724,0.795728797563698,0.986599011189175,1.0,1.0,1.0,20,2.0,5.0,0.3,3,0.8,0.0,0.5436277777777777,0.5239553124271332,0.0033333333333333335,nan
syn2_d20_redundant0.8_noise0,controlled_gaussian_mixture_round2,99,0.9,release_3,matched_kmeans,logistic,600,20,2,12,25.0,23.5,13,41,0,0.0,0.0,2.0107889454841326,2.112485563920922,0.9538606118071106,1.0,0.967741935483871,1.0,20,2.0,5.0,0.3,3,0.8,0.0,0.6107888888888888,0.6041064441771644,0.04,nan
syn2_d20_redundant0.8_noise0,controlled_gaussian_mixture_round2,99,0.9,release_3,matched_kmeans,random_forest,600,20,2,12,25.0,23.5,13,41,0,0.0,0.0,2.0107889454841326,2.112485563920922,0.9538606118071106,1.0,0.967741935483871,1.0,20,2.0,5.0,0.3,3,0.8,0.0,0.5104222222222222,0.5101844793482646,0.01,nan
syn2_d20_redundant0.8_noise0,controlled_gaussian_mixture_round2,99,0.95,release_1,granular_ball,logistic,600,20,2,22,13.636363636363637,3.0,1,90,7,0.45454545454545453,0.5909090909090909,0.8279793559353112,0.603680773323601,0.9752066115702479,1.0,1.0,1.0,20,2.0,5.0,0.3,3,0.8,0.0,0.5168888888888888,0.5039295758193836,0.0033333333333333335,nan
syn2_d20_redundant0.8_noise0,controlled_gaussian_mixture_round2,99,0.95,release_1,granular_ball,random_forest,600,20,2,22,13.636363636363637,3.0,1,90,7,0.45454545454545453,0.5909090909090909,0.8279793559353112,0.603680773323601,0.9752066115702479,1.0,1.0,1.0,20,2.0,5.0,0.3,3,0.8,0.0,0.488,0.49594948712953524,0.02,nan
syn2_d20_redundant0.8_noise0,controlled_gaussian_mixture_round2,99,0.95,release_1,matched_kmeans,logistic,600,20,2,22,13.636363636363637,13.5,4,30,0,0.0,0.22727272727272727,1.703011008129241,1.813022482902814,0.9561641257293432,1.0,1.0,1.0,20,2.0,5.0,0.3,3,0.8,0.0,0.6148777777777779,0.5998805726957406,0.06,nan
syn2_d20_redundant0.8_noise0,controlled_gaussian_mixture_round2,99,0.95,release_1,matched_kmeans,random_forest,600,20,2,22,13.636363636363637,13.5,4,30,0,0.0,0.22727272727272727,1.703011008129241,1.813022482902814,0.9561641257293432,1.0,1.0,1.0,20,2.0,5.0,0.3,3,0.8,0.0,0.5920944444444445,0.6009422144329306,0.06333333333333334,nan
syn2_d20_redundant0.8_noise0,controlled_gaussian_mixture_round2,99,0.95,release_2,granular_ball,logistic,600,20,2,22,13.636363636363637,3.0,1,90,7,0.45454545454545453,0.5909090909090909,0.8279793559353112,0.603680773323601,0.9752066115702479,1.0,1.0,1.0,20,2.0,5.0,0.3,3,0.8,0.0,0.4979222222222222,0.4836537669372066,0.0,nan
syn2_d20_redundant0.8_noise0,controlled_gaussian_mixture_round2,99,0.95,release_2,granular_ball,random_forest,600,20,2,22,13.636363636363637,3.0,1,90,7,0.45454545454545453,0.5909090909090909,0.8279793559353112,0.603680773323601,0.9752066115702479,1.0,1.0,1.0,20,2.0,5.0,0.3,3,0.8,0.0,0.5342500000000001,0.5241308440242327,0.0033333333333333335,nan
syn2_d20_redundant0.8_noise0,controlled_gaussian_mixture_round2,99,0.95,release_2,matched_kmeans,logistic,600,20,2,22,13.636363636363637,13.5,4,30,0,0.0,0.22727272727272727,1.703011008129241,1.813022482902814,0.9561641257293432,1.0,1.0,1.0,20,2.0,5.0,0.3,3,0.8,0.0,0.6193555555555554,0.6029393327584971,0.043333333333333335,nan
syn2_d20_redundant0.8_noise0,controlled_gaussian_mixture_round2,99,0.95,release_2,matched_kmeans,random_forest,600,20,2,22,13.636363636363637,13.5,4,30,0,0.0,0.22727272727272727,1.703011008129241,1.813022482902814,0.9561641257293432,1.0,1.0,1.0,20,2.0,5.0,0.3,3,0.8,0.0,0.5667777777777778,0.5731783416959888,0.03,nan
syn2_d20_redundant0.8_noise0,controlled_gaussian_mixture_round2,99,0.95,release_3,granular_ball,logistic,600,20,2,22,13.636363636363637,3.0,1,90,7,0.45454545454545453,0.5909090909090909,0.8279793559353112,0.603680773323601,0.9752066115702479,1.0,1.0,1.0,20,2.0,5.0,0.3,3,0.8,0.0,0.48578888888888894,0.48438387749884293,0.01,nan
syn2_d20_redundant0.8_noise0,controlled_gaussian_mixture_round2,99,0.95,release_3,granular_ball,random_forest,600,20,2,22,13.636363636363637,3.0,1,90,7,0.45454545454545453,0.5909090909090909,0.8279793559353112,0.603680773323601,0.9752066115702479,1.0,1.0,1.0,20,2.0,5.0,0.3,3,0.8,0.0,0.5418777777777778,0.5258362174385709,0.0033333333333333335,nan
syn2_d20_redundant0.8_noise0,controlled_gaussian_mixture_round2,99,0.95,release_3,matched_kmeans,logistic,600,20,2,22,13.636363636363637,13.5,4,30,0,0.0,0.22727272727272727,1.703011008129241,1.813022482902814,0.9561641257293432,1.0,1.0,1.0,20,2.0,5.0,0.3,3,0.8,0.0,0.6079555555555556,0.5943041905902864,0.02666666666666667,nan
syn2_d20_redundant0.8_noise0,controlled_gaussian_mixture_round2,99,0.95,release_3,matched_kmeans,random_forest,600,20,2,22,13.636363636363637,13.5,4,30,0,0.0,0.22727272727272727,1.703011008129241,1.813022482902814,0.9561641257293432,1.0,1.0,1.0,20,2.0,5.0,0.3,3,0.8,0.0,0.5652777777777778,0.564387727692906,0.04666666666666667,nan
syn2_d20_redundant0.8_noise0,controlled_gaussian_mixture_round2,99,0.99,release_1,granular_ball,logistic,600,20,2,23,13.043478260869565,3.0,1,90,8,0.4782608695652174,0.6086956521739131,0.7859386465901388,0.6011111144283766,0.9782608695652174,1.0,1.0,1.0,20,2.0,5.0,0.3,3,0.8,0.0,0.5219111111111111,0.5093529827504628,0.0033333333333333335,nan
syn2_d20_redundant0.8_noise0,controlled_gaussian_mixture_round2,99,0.99,release_1,granular_ball,random_forest,600,20,2,23,13.043478260869565,3.0,1,90,8,0.4782608695652174,0.6086956521739131,0.7859386465901388,0.6011111144283766,0.9782608695652174,1.0,1.0,1.0,20,2.0,5.0,0.3,3,0.8,0.0,0.5162777777777778,0.5210074213305141,0.01,nan
syn2_d20_redundant0.8_noise0,controlled_gaussian_mixture_round2,99,0.99,release_1,matched_kmeans,logistic,600,20,2,23,13.043478260869565,12.0,4,30,0,0.0,0.21739130434782608,1.6839064200635894,1.7959303782728107,0.9602439463498065,1.0,1.0,1.0,20,2.0,5.0,0.3,3,0.8,0.0,0.6179777777777778,0.5980315701662806,0.043333333333333335,nan
syn2_d20_redundant0.8_noise0,controlled_gaussian_mixture_round2,99,0.99,release_1,matched_kmeans,random_forest,600,20,2,23,13.043478260869565,12.0,4,30,0,0.0,0.21739130434782608,1.6839064200635894,1.7959303782728107,0.9602439463498065,1.0,1.0,1.0,20,2.0,5.0,0.3,3,0.8,0.0,0.5714111111111111,0.5435233219377793,0.01,nan
syn2_d20_redundant0.8_noise0,controlled_gaussian_mixture_round2,99,0.99,release_2,granular_ball,logistic,600,20,2,23,13.043478260869565,3.0,1,90,8,0.4782608695652174,0.6086956521739131,0.7859386465901388,0.6011111144283766,0.9782608695652174,1.0,1.0,1.0,20,2.0,5.0,0.3,3,0.8,0.0,0.49045555555555553,0.48330452991429906,0.0033333333333333335,nan
syn2_d20_redundant0.8_noise0,controlled_gaussian_mixture_round2,99,0.99,release_2,granular_ball,random_forest,600,20,2,23,13.043478260869565,3.0,1,90,8,0.4782608695652174,0.6086956521739131,0.7859386465901388,0.6011111144283766,0.9782608695652174,1.0,1.0,1.0,20,2.0,5.0,0.3,3,0.8,0.0,0.5604,0.5457444710899443,0.0033333333333333335,nan
syn2_d20_redundant0.8_noise0,controlled_gaussian_mixture_round2,99,0.99,release_2,matched_kmeans,logistic,600,20,2,23,13.043478260869565,12.0,4,30,0,0.0,0.21739130434782608,1.6839064200635894,1.7959303782728107,0.9602439463498065,1.0,1.0,1.0,20,2.0,5.0,0.3,3,0.8,0.0,0.6168666666666668,0.6005110049211694,0.03666666666666667,nan
syn2_d20_redundant0.8_noise0,controlled_gaussian_mixture_round2,99,0.99,release_2,matched_kmeans,random_forest,600,20,2,23,13.043478260869565,12.0,4,30,0,0.0,0.21739130434782608,1.6839064200635894,1.7959303782728107,0.9602439463498065,1.0,1.0,1.0,20,2.0,5.0,0.3,3,0.8,0.0,0.5672111111111111,0.5624212386386263,0.03,nan
syn2_d20_redundant0.8_noise0,controlled_gaussian_mixture_round2,99,0.99,release_3,granular_ball,logistic,600,20,2,23,13.043478260869565,3.0,1,90,8,0.4782608695652174,0.6086956521739131,0.7859386465901388,0.6011111144283766,0.9782608695652174,1.0,1.0,1.0,20,2.0,5.0,0.3,3,0.8,0.0,0.4660888888888889,0.46916614007821117,0.006666666666666667,nan
syn2_d20_redundant0.8_noise0,controlled_gaussian_mixture_round2,99,0.99,release_3,granular_ball,random_forest,600,20,2,23,13.043478260869565,3.0,1,90,8,0.4782608695652174,0.6086956521739131,0.7859386465901388,0.6011111144283766,0.9782608695652174,1.0,1.0,1.0,20,2.0,5.0,0.3,3,0.8,0.0,0.5685888888888889,0.5505151208445822,0.0033333333333333335,nan
syn2_d20_redundant0.8_noise0,controlled_gaussian_mixture_round2,99,0.99,release_3,matched_kmeans,logistic,600,20,2,23,13.043478260869565,12.0,4,30,0,0.0,0.21739130434782608,1.6839064200635894,1.7959303782728107,0.9602439463498065,1.0,1.0,1.0,20,2.0,5.0,0.3,3,0.8,0.0,0.6143777777777778,0.5949725571007893,0.02666666666666667,nan
syn2_d20_redundant0.8_noise0,controlled_gaussian_mixture_round2,99,0.99,release_3,matched_kmeans,random_forest,600,20,2,23,13.043478260869565,12.0,4,30,0,0.0,0.21739130434782608,1.6839064200635894,1.7959303782728107,0.9602439463498065,1.0,1.0,1.0,20,2.0,5.0,0.3,3,0.8,0.0,0.5587777777777778,0.5524614069995205,0.04,nan
syn2_d20_redundant0.8_noise0,controlled_gaussian_mixture_round2,2026,0.7,release_1,granular_ball,logistic,600,20,2,1,300.0,300.0,300,300,0,0.0,0.0,4.225695245250194,4.225695245250194,0.7,0.7,0.7,0.7,20,2.0,5.0,0.3,3,0.8,0.0,0.43500000000000005,0.4696372175613138,0.02,nan
syn2_d20_redundant0.8_noise0,controlled_gaussian_mixture_round2,2026,0.7,release_1,granular_ball,random_forest,600,20,2,1,300.0,300.0,300,300,0,0.0,0.0,4.225695245250194,4.225695245250194,0.7,0.7,0.7,0.7,20,2.0,5.0,0.3,3,0.8,0.0,0.510461111111111,0.5018768777265095,0.0033333333333333335,nan
syn2_d20_redundant0.8_noise0,controlled_gaussian_mixture_round2,2026,0.7,release_1,matched_kmeans,logistic,600,20,2,1,300.0,300.0,300,300,0,0.0,0.0,4.225695245250194,4.225695245250194,0.7,0.7,0.7,0.7,20,2.0,5.0,0.3,3,0.8,0.0,0.43500000000000005,0.4696372175613138,0.02,nan
syn2_d20_redundant0.8_noise0,controlled_gaussian_mixture_round2,2026,0.7,release_1,matched_kmeans,random_forest,600,20,2,1,300.0,300.0,300,300,0,0.0,0.0,4.225695245250194,4.225695245250194,0.7,0.7,0.7,0.7,20,2.0,5.0,0.3,3,0.8,0.0,0.510461111111111,0.5018768777265095,0.0033333333333333335,nan
syn2_d20_redundant0.8_noise0,controlled_gaussian_mixture_round2,2026,0.7,release_2,granular_ball,logistic,600,20,2,1,300.0,300.0,300,300,0,0.0,0.0,4.225695245250194,4.225695245250194,0.7,0.7,0.7,0.7,20,2.0,5.0,0.3,3,0.8,0.0,0.4848444444444444,0.48468476480017203,0.0033333333333333335,nan
syn2_d20_redundant0.8_noise0,controlled_gaussian_mixture_round2,2026,0.7,release_2,granular_ball,random_forest,600,20,2,1,300.0,300.0,300,300,0,0.0,0.0,4.225695245250194,4.225695245250194,0.7,0.7,0.7,0.7,20,2.0,5.0,0.3,3,0.8,0.0,0.508,0.5011131142371907,0.0033333333333333335,nan
syn2_d20_redundant0.8_noise0,controlled_gaussian_mixture_round2,2026,0.7,release_2,matched_kmeans,logistic,600,20,2,1,300.0,300.0,300,300,0,0.0,0.0,4.225695245250194,4.225695245250194,0.7,0.7,0.7,0.7,20,2.0,5.0,0.3,3,0.8,0.0,0.4848444444444444,0.48468476480017203,0.0033333333333333335,nan
syn2_d20_redundant0.8_noise0,controlled_gaussian_mixture_round2,2026,0.7,release_2,matched_kmeans,random_forest,600,20,2,1,300.0,300.0,300,300,0,0.0,0.0,4.225695245250194,4.225695245250194,0.7,0.7,0.7,0.7,20,2.0,5.0,0.3,3,0.8,0.0,0.508,0.5011131142371907,0.0033333333333333335,nan
syn2_d20_redundant0.8_noise0,controlled_gaussian_mixture_round2,2026,0.7,release_3,granular_ball,logistic,600,20,2,1,300.0,300.0,300,300,0,0.0,0.0,4.225695245250194,4.225695245250194,0.7,0.7,0.7,0.7,20,2.0,5.0,0.3,3,0.8,0.0,0.4848444444444444,0.48468476480017203,0.0033333333333333335,nan
syn2_d20_redundant0.8_noise0,controlled_gaussian_mixture_round2,2026,0.7,release_3,granular_ball,random_forest,600,20,2,1,300.0,300.0,300,300,0,0.0,0.0,4.225695245250194,4.225695245250194,0.7,0.7,0.7,0.7,20,2.0,5.0,0.3,3,0.8,0.0,0.5084944444444444,0.5013383480286397,0.0033333333333333335,nan
syn2_d20_redundant0.8_noise0,controlled_gaussian_mixture_round2,2026,0.7,release_3,matched_kmeans,logistic,600,20,2,1,300.0,300.0,300,300,0,0.0,0.0,4.225695245250194,4.225695245250194,0.7,0.7,0.7,0.7,20,2.0,5.0,0.3,3,0.8,0.0,0.4848444444444444,0.48468476480017203,0.0033333333333333335,nan
syn2_d20_redundant0.8_noise0,controlled_gaussian_mixture_round2,2026,0.7,release_3,matched_kmeans,random_forest,600,20,2,1,300.0,300.0,300,300,0,0.0,0.0,4.225695245250194,4.225695245250194,0.7,0.7,0.7,0.7,20,2.0,5.0,0.3,3,0.8,0.0,0.5084944444444444,0.5013383480286397,0.0033333333333333335,nan
syn2_d20_redundant0.8_noise0,controlled_gaussian_mixture_round2,2026,0.8,release_1,granular_ball,logistic,600,20,2,15,20.0,8.0,1,64,3,0.26666666666666666,0.4,1.3259538919886125,0.9104979520885327,0.9638078679062285,1.0,0.9583333333333333,1.0,20,2.0,5.0,0.3,3,0.8,0.0,0.5210666666666667,0.5136256701340702,0.006666666666666667,nan
syn2_d20_redundant0.8_noise0,controlled_gaussian_mixture_round2,2026,0.8,release_1,granular_ball,random_forest,600,20,2,15,20.0,8.0,1,64,3,0.26666666666666666,0.4,1.3259538919886125,0.9104979520885327,0.9638078679062285,1.0,0.9583333333333333,1.0,20,2.0,5.0,0.3,3,0.8,0.0,0.45790000000000003,0.4891798335987869,0.013333333333333334,nan
syn2_d20_redundant0.8_noise0,controlled_gaussian_mixture_round2,2026,0.8,release_1,matched_kmeans,logistic,600,20,2,15,20.0,18.0,7,39,0,0.0,0.0,2.0368683661401854,2.1411295654607287,0.9613572392519761,1.0,1.0,1.0,20,2.0,5.0,0.3,3,0.8,0.0,0.5748666666666667,0.5239476753688761,0.0,nan
syn2_d20_redundant0.8_noise0,controlled_gaussian_mixture_round2,2026,0.8,release_1,matched_kmeans,random_forest,600,20,2,15,20.0,18.0,7,39,0,0.0,0.0,2.0368683661401854,2.1411295654607287,0.9613572392519761,1.0,1.0,1.0,20,2.0,5.0,0.3,3,0.8,0.0,0.5425444444444445,0.5208243943905415,0.02,nan
syn2_d20_redundant0.8_noise0,controlled_gaussian_mixture_round2,2026,0.8,release_2,granular_ball,logistic,600,20,2,15,20.0,8.0,1,64,3,0.26666666666666666,0.4,1.3259538919886125,0.9104979520885327,0.9638078679062285,1.0,0.9583333333333333,1.0,20,2.0,5.0,0.3,3,0.8,0.0,0.5166444444444445,0.5137576331209205,0.03,nan
syn2_d20_redundant0.8_noise0,controlled_gaussian_mixture_round2,2026,0.8,release_2,granular_ball,random_forest,600,20,2,15,20.0,8.0,1,64,3,0.26666666666666666,0.4,1.3259538919886125,0.9104979520885327,0.9638078679062285,1.0,0.9583333333333333,1.0,20,2.0,5.0,0.3,3,0.8,0.0,0.4964277777777778,0.5092572926080082,0.006666666666666667,nan
syn2_d20_redundant0.8_noise0,controlled_gaussian_mixture_round2,2026,0.8,release_2,matched_kmeans,logistic,600,20,2,15,20.0,18.0,7,39,0,0.0,0.0,2.0368683661401854,2.1411295654607287,0.9613572392519761,1.0,1.0,1.0,20,2.0,5.0,0.3,3,0.8,0.0,0.5957333333333333,0.5634258221878912,0.013333333333333334,nan
syn2_d20_redundant0.8_noise0,controlled_gaussian_mixture_round2,2026,0.8,release_2,matched_kmeans,random_forest,600,20,2,15,20.0,18.0,7,39,0,0.0,0.0,2.0368683661401854,2.1411295654607287,0.9613572392519761,1.0,1.0,1.0,20,2.0,5.0,0.3,3,0.8,0.0,0.5516722222222222,0.5176357819499563,0.006666666666666667,nan
syn2_d20_redundant0.8_noise0,controlled_gaussian_mixture_round2,2026,0.8,release_3,granular_ball,logistic,600,20,2,15,20.0,8.0,1,64,3,0.26666666666666666,0.4,1.3259538919886125,0.9104979520885327,0.9638078679062285,1.0,0.9583333333333333,1.0,20,2.0,5.0,0.3,3,0.8,0.0,0.4774777777777778,0.48587839408666056,0.006666666666666667,nan
syn2_d20_redundant0.8_noise0,controlled_gaussian_mixture_round2,2026,0.8,release_3,granular_ball,random_forest,600,20,2,15,20.0,8.0,1,64,3,0.26666666666666666,0.4,1.3259538919886125,0.9104979520885327,0.9638078679062285,1.0,0.9583333333333333,1.0,20,2.0,5.0,0.3,3,0.8,0.0,0.4946222222222222,0.5084003108010364,0.023333333333333334,nan
syn2_d20_redundant0.8_noise0,controlled_gaussian_mixture_round2,2026,0.8,release_3,matched_kmeans,logistic,600,20,2,15,20.0,18.0,7,39,0,0.0,0.0,2.0368683661401854,2.1411295654607287,0.9613572392519761,1.0,1.0,1.0,20,2.0,5.0,0.3,3,0.8,0.0,0.5809777777777778,0.5540386761889611,0.006666666666666667,nan
syn2_d20_redundant0.8_noise0,controlled_gaussian_mixture_round2,2026,0.8,release_3,matched_kmeans,random_forest,600,20,2,15,20.0,18.0,7,39,0,0.0,0.0,2.0368683661401854,2.1411295654607287,0.9613572392519761,1.0,1.0,1.0,20,2.0,5.0,0.3,3,0.8,0.0,0.5579777777777778,0.5271153972939765,0.0,nan
syn2_d20_redundant0.8_noise0,controlled_gaussian_mixture_round2,2026,0.9,release_1,granular_ball,logistic,600,20,2,22,13.636363636363637,5.0,1,64,6,0.36363636363636365,0.5454545454545454,1.0033174128493045,0.7376725048382491,0.9877705627705627,1.0,1.0,1.0,20,2.0,5.0,0.3,3,0.8,0.0,0.5519000000000001,0.5490995947944367,0.02666666666666667,nan
syn2_d20_redundant0.8_noise0,controlled_gaussian_mixture_round2,2026,0.9,release_1,granular_ball,random_forest,600,20,2,22,13.636363636363637,5.0,1,64,6,0.36363636363636365,0.5454545454545454,1.0033174128493045,0.7376725048382491,0.9877705627705627,1.0,1.0,1.0,20,2.0,5.0,0.3,3,0.8,0.0,0.4289222222222222,0.46773779449801944,0.02666666666666667,nan
syn2_d20_redundant0.8_noise0,controlled_gaussian_mixture_round2,2026,0.9,release_1,matched_kmeans,logistic,600,20,2,22,13.636363636363637,12.5,3,37,0,0.0,0.13636363636363635,1.822398405424731,1.8452929549838313,0.9611722702631794,1.0,1.0,1.0,20,2.0,5.0,0.3,3,0.8,0.0,0.6004666666666667,0.5394340342769152,0.006666666666666667,nan
syn2_d20_redundant0.8_noise0,controlled_gaussian_mixture_round2,2026,0.9,release_1,matched_kmeans,random_forest,600,20,2,22,13.636363636363637,12.5,3,37,0,0.0,0.13636363636363635,1.822398405424731,1.8452929549838313,0.9611722702631794,1.0,1.0,1.0,20,2.0,5.0,0.3,3,0.8,0.0,0.61975,0.6079905587400981,0.03333333333333333,nan
syn2_d20_redundant0.8_noise0,controlled_gaussian_mixture_round2,2026,0.9,release_2,granular_ball,logistic,600,20,2,22,13.636363636363637,5.0,1,64,6,0.36363636363636365,0.5454545454545454,1.0033174128493045,0.7376725048382491,0.9877705627705627,1.0,1.0,1.0,20,2.0,5.0,0.3,3,0.8,0.0,0.5411777777777778,0.5433131932819428,0.03,nan
syn2_d20_redundant0.8_noise0,controlled_gaussian_mixture_round2,2026,0.9,release_2,granular_ball,random_forest,600,20,2,22,13.636363636363637,5.0,1,64,6,0.36363636363636365,0.5454545454545454,1.0033174128493045,0.7376725048382491,0.9877705627705627,1.0,1.0,1.0,20,2.0,5.0,0.3,3,0.8,0.0,0.4819777777777778,0.4987915735849155,0.02666666666666667,nan
syn2_d20_redundant0.8_noise0,controlled_gaussian_mixture_round2,2026,0.9,release_2,matched_kmeans,logistic,600,20,2,22,13.636363636363637,12.5,3,37,0,0.0,0.13636363636363635,1.822398405424731,1.8452929549838313,0.9611722702631794,1.0,1.0,1.0,20,2.0,5.0,0.3,3,0.8,0.0,0.6272333333333332,0.5767479387063295,0.01,nan
syn2_d20_redundant0.8_noise0,controlled_gaussian_mixture_round2,2026,0.9,release_2,matched_kmeans,random_forest,600,20,2,22,13.636363636363637,12.5,3,37,0,0.0,0.13636363636363635,1.822398405424731,1.8452929549838313,0.9611722702631794,1.0,1.0,1.0,20,2.0,5.0,0.3,3,0.8,0.0,0.629011111111111,0.5804439541617223,0.006666666666666667,nan
syn2_d20_redundant0.8_noise0,controlled_gaussian_mixture_round2,2026,0.9,release_3,granular_ball,logistic,600,20,2,22,13.636363636363637,5.0,1,64,6,0.36363636363636365,0.5454545454545454,1.0033174128493045,0.7376725048382491,0.9877705627705627,1.0,1.0,1.0,20,2.0,5.0,0.3,3,0.8,0.0,0.5111666666666667,0.5282227462320771,0.04666666666666667,nan
syn2_d20_redundant0.8_noise0,controlled_gaussian_mixture_round2,2026,0.9,release_3,granular_ball,random_forest,600,20,2,22,13.636363636363637,5.0,1,64,6,0.36363636363636365,0.5454545454545454,1.0033174128493045,0.7376725048382491,0.9877705627705627,1.0,1.0,1.0,20,2.0,5.0,0.3,3,0.8,0.0,0.47524444444444447,0.5079106500318609,0.043333333333333335,nan
syn2_d20_redundant0.8_noise0,controlled_gaussian_mixture_round2,2026,0.9,release_3,matched_kmeans,logistic,600,20,2,22,13.636363636363637,12.5,3,37,0,0.0,0.13636363636363635,1.822398405424731,1.8452929549838313,0.9611722702631794,1.0,1.0,1.0,20,2.0,5.0,0.3,3,0.8,0.0,0.6250111111111111,0.5816378665518274,0.01,nan
syn2_d20_redundant0.8_noise0,controlled_gaussian_mixture_round2,2026,0.9,release_3,matched_kmeans,random_forest,600,20,2,22,13.636363636363637,12.5,3,37,0,0.0,0.13636363636363635,1.822398405424731,1.8452929549838313,0.9611722702631794,1.0,1.0,1.0,20,2.0,5.0,0.3,3,0.8,0.0,0.6225222222222222,0.5718544352178038,0.01,nan
syn2_d20_redundant0.8_noise0,controlled_gaussian_mixture_round2,2026,0.95,release_1,granular_ball,logistic,600,20,2,27,11.11111111111111,3.0,1,64,7,0.48148148148148145,0.6296296296296297,0.9113263715213463,0.5926972215323516,0.9814814814814815,1.0,1.0,1.0,20,2.0,5.0,0.3,3,0.8,0.0,0.5531555555555556,0.5710680494749573,0.03333333333333333,nan
syn2_d20_redundant0.8_noise0,controlled_gaussian_mixture_round2,2026,0.95,release_1,granular_ball,random_forest,600,20,2,27,11.11111111111111,3.0,1,64,7,0.48148148148148145,0.6296296296296297,0.9113263715213463,0.5926972215323516,0.9814814814814815,1.0,1.0,1.0,20,2.0,5.0,0.3,3,0.8,0.0,0.5167166666666667,0.5408068758770734,0.043333333333333335,nan
syn2_d20_redundant0.8_noise0,controlled_gaussian_mixture_round2,2026,0.95,release_1,matched_kmeans,logistic,600,20,2,27,11.11111111111111,9.0,2,35,0,0.037037037037037035,0.25925925925925924,1.741701597608143,1.775389181098332,0.9738147110696131,1.0,1.0,1.0,20,2.0,5.0,0.3,3,0.8,0.0,0.6140222222222222,0.5539122363228105,0.0033333333333333335,nan
syn2_d20_redundant0.8_noise0,controlled_gaussian_mixture_round2,2026,0.95,release_1,matched_kmeans,random_forest,600,20,2,27,11.11111111111111,9.0,2,35,0,0.037037037037037035,0.25925925925925924,1.741701597608143,1.775389181098332,0.9738147110696131,1.0,1.0,1.0,20,2.0,5.0,0.3,3,0.8,0.0,0.6242000000000001,0.5984555670360496,0.013333333333333334,nan
syn2_d20_redundant0.8_noise0,controlled_gaussian_mixture_round2,2026,0.95,release_2,granular_ball,logistic,600,20,2,27,11.11111111111111,3.0,1,64,7,0.48148148148148145,0.6296296296296297,0.9113263715213463,0.5926972215323516,0.9814814814814815,1.0,1.0,1.0,20,2.0,5.0,0.3,3,0.8,0.0,0.5559333333333334,0.5778749150275296,0.043333333333333335,nan
syn2_d20_redundant0.8_noise0,controlled_gaussian_mixture_round2,2026,0.95,release_2,granular_ball,random_forest,600,20,2,27,11.11111111111111,3.0,1,64,7,0.48148148148148145,0.6296296296296297,0.9113263715213463,0.5926972215323516,0.9814814814814815,1.0,1.0,1.0,20,2.0,5.0,0.3,3,0.8,0.0,0.5405333333333333,0.5694411098542655,0.05,nan
syn2_d20_redundant0.8_noise0,controlled_gaussian_mixture_round2,2026,0.95,release_2,matched_kmeans,logistic,600,20,2,27,11.11111111111111,9.0,2,35,0,0.037037037037037035,0.25925925925925924,1.741701597608143,1.775389181098332,0.9738147110696131,1.0,1.0,1.0,20,2.0,5.0,0.3,3,0.8,0.0,0.6330555555555556,0.5908043057128375,0.016666666666666666,nan
syn2_d20_redundant0.8_noise0,controlled_gaussian_mixture_round2,2026,0.95,release_2,matched_kmeans,random_forest,600,20,2,27,11.11111111111111,9.0,2,35,0,0.037037037037037035,0.25925925925925924,1.741701597608143,1.775389181098332,0.9738147110696131,1.0,1.0,1.0,20,2.0,5.0,0.3,3,0.8,0.0,0.6437833333333333,0.6112079286696223,0.016666666666666666,nan
syn2_d20_redundant0.8_noise0,controlled_gaussian_mixture_round2,2026,0.95,release_3,granular_ball,logistic,600,20,2,27,11.11111111111111,3.0,1,64,7,0.48148148148148145,0.6296296296296297,0.9113263715213463,0.5926972215323516,0.9814814814814815,1.0,1.0,1.0,20,2.0,5.0,0.3,3,0.8,0.0,0.5286777777777778,0.5561502134592976,0.023333333333333334,nan
syn2_d20_redundant0.8_noise0,controlled_gaussian_mixture_round2,2026,0.95,release_3,granular_ball,random_forest,600,20,2,27,11.11111111111111,3.0,1,64,7,0.48148148148148145,0.6296296296296297,0.9113263715213463,0.5926972215323516,0.9814814814814815,1.0,1.0,1.0,20,2.0,5.0,0.3,3,0.8,0.0,0.5274666666666668,0.5599261714823517,0.043333333333333335,nan
syn2_d20_redundant0.8_noise0,controlled_gaussian_mixture_round2,2026,0.95,release_3,matched_kmeans,logistic,600,20,2,27,11.11111111111111,9.0,2,35,0,0.037037037037037035,0.25925925925925924,1.741701597608143,1.775389181098332,0.9738147110696131,1.0,1.0,1.0,20,2.0,5.0,0.3,3,0.8,0.0,0.6365555555555555,0.6097836364790545,0.04,nan
syn2_d20_redundant0.8_noise0,controlled_gaussian_mixture_round2,2026,0.95,release_3,matched_kmeans,random_forest,600,20,2,27,11.11111111111111,9.0,2,35,0,0.037037037037037035,0.25925925925925924,1.741701597608143,1.775389181098332,0.9738147110696131,1.0,1.0,1.0,20,2.0,5.0,0.3,3,0.8,0.0,0.6449222222222222,0.6028112353298081,0.006666666666666667,nan
syn2_d20_redundant0.8_noise0,controlled_gaussian_mixture_round2,2026,0.99,release_1,granular_ball,logistic,600,20,2,27,11.11111111111111,3.0,1,64,7,0.48148148148148145,0.6296296296296297,0.9113263715213463,0.5926972215323516,0.9814814814814815,1.0,1.0,1.0,20,2.0,5.0,0.3,3,0.8,0.0,0.5531555555555556,0.5710680494749573,0.03333333333333333,nan
syn2_d20_redundant0.8_noise0,controlled_gaussian_mixture_round2,2026,0.99,release_1,granular_ball,random_forest,600,20,2,27,11.11111111111111,3.0,1,64,7,0.48148148148148145,0.6296296296296297,0.9113263715213463,0.5926972215323516,0.9814814814814815,1.0,1.0,1.0,20,2.0,5.0,0.3,3,0.8,0.0,0.5167166666666667,0.5408068758770734,0.043333333333333335,nan
syn2_d20_redundant0.8_noise0,controlled_gaussian_mixture_round2,2026,0.99,release_1,matched_kmeans,logistic,600,20,2,27,11.11111111111111,9.0,2,35,0,0.037037037037037035,0.25925925925925924,1.741701597608143,1.775389181098332,0.9738147110696131,1.0,1.0,1.0,20,2.0,5.0,0.3,3,0.8,0.0,0.6140222222222222,0.5539122363228105,0.0033333333333333335,nan
syn2_d20_redundant0.8_noise0,controlled_gaussian_mixture_round2,2026,0.99,release_1,matched_kmeans,random_forest,600,20,2,27,11.11111111111111,9.0,2,35,0,0.037037037037037035,0.25925925925925924,1.741701597608143,1.775389181098332,0.9738147110696131,1.0,1.0,1.0,20,2.0,5.0,0.3,3,0.8,0.0,0.6242000000000001,0.5984555670360496,0.013333333333333334,nan
syn2_d20_redundant0.8_noise0,controlled_gaussian_mixture_round2,2026,0.99,release_2,granular_ball,logistic,600,20,2,27,11.11111111111111,3.0,1,64,7,0.48148148148148145,0.6296296296296297,0.9113263715213463,0.5926972215323516,0.9814814814814815,1.0,1.0,1.0,20,2.0,5.0,0.3,3,0.8,0.0,0.5559333333333334,0.5778749150275296,0.043333333333333335,nan
syn2_d20_redundant0.8_noise0,controlled_gaussian_mixture_round2,2026,0.99,release_2,granular_ball,random_forest,600,20,2,27,11.11111111111111,3.0,1,64,7,0.48148148148148145,0.6296296296296297,0.9113263715213463,0.5926972215323516,0.9814814814814815,1.0,1.0,1.0,20,2.0,5.0,0.3,3,0.8,0.0,0.5405333333333333,0.5694411098542655,0.05,nan
syn2_d20_redundant0.8_noise0,controlled_gaussian_mixture_round2,2026,0.99,release_2,matched_kmeans,logistic,600,20,2,27,11.11111111111111,9.0,2,35,0,0.037037037037037035,0.25925925925925924,1.741701597608143,1.775389181098332,0.9738147110696131,1.0,1.0,1.0,20,2.0,5.0,0.3,3,0.8,0.0,0.6330555555555556,0.5908043057128375,0.016666666666666666,nan
syn2_d20_redundant0.8_noise0,controlled_gaussian_mixture_round2,2026,0.99,release_2,matched_kmeans,random_forest,600,20,2,27,11.11111111111111,9.0,2,35,0,0.037037037037037035,0.25925925925925924,1.741701597608143,1.775389181098332,0.9738147110696131,1.0,1.0,1.0,20,2.0,5.0,0.3,3,0.8,0.0,0.6437833333333333,0.6112079286696223,0.016666666666666666,nan
syn2_d20_redundant0.8_noise0,controlled_gaussian_mixture_round2,2026,0.99,release_3,granular_ball,logistic,600,20,2,27,11.11111111111111,3.0,1,64,7,0.48148148148148145,0.6296296296296297,0.9113263715213463,0.5926972215323516,0.9814814814814815,1.0,1.0,1.0,20,2.0,5.0,0.3,3,0.8,0.0,0.5286777777777778,0.5561502134592976,0.023333333333333334,nan
syn2_d20_redundant0.8_noise0,controlled_gaussian_mixture_round2,2026,0.99,release_3,granular_ball,random_forest,600,20,2,27,11.11111111111111,3.0,1,64,7,0.48148148148148145,0.6296296296296297,0.9113263715213463,0.5926972215323516,0.9814814814814815,1.0,1.0,1.0,20,2.0,5.0,0.3,3,0.8,0.0,0.5274666666666668,0.5599261714823517,0.043333333333333335,nan
syn2_d20_redundant0.8_noise0,controlled_gaussian_mixture_round2,2026,0.99,release_3,matched_kmeans,logistic,600,20,2,27,11.11111111111111,9.0,2,35,0,0.037037037037037035,0.25925925925925924,1.741701597608143,1.775389181098332,0.9738147110696131,1.0,1.0,1.0,20,2.0,5.0,0.3,3,0.8,0.0,0.6365555555555555,0.6097836364790545,0.04,nan
syn2_d20_redundant0.8_noise0,controlled_gaussian_mixture_round2,2026,0.99,release_3,matched_kmeans,random_forest,600,20,2,27,11.11111111111111,9.0,2,35,0,0.037037037037037035,0.25925925925925924,1.741701597608143,1.775389181098332,0.9738147110696131,1.0,1.0,1.0,20,2.0,5.0,0.3,3,0.8,0.0,0.6449222222222222,0.6028112353298081,0.006666666666666667,nan
syn2_d20_redundant0.8_noise0.1,controlled_gaussian_mixture_round2,42,0.7,release_1,granular_ball,logistic,600,20,2,9,33.333333333333336,32.0,1,91,1,0.1111111111111111,0.1111111111111111,1.7879757413921216,1.5688117379348239,0.8976328814513747,0.9010989010989011,0.8,1.0,20,2.0,5.0,0.3,3,0.8,0.1,0.5156555555555555,0.5175839207969135,0.0,nan
syn2_d20_redundant0.8_noise0.1,controlled_gaussian_mixture_round2,42,0.7,release_1,granular_ball,random_forest,600,20,2,9,33.333333333333336,32.0,1,91,1,0.1111111111111111,0.1111111111111111,1.7879757413921216,1.5688117379348239,0.8976328814513747,0.9010989010989011,0.8,1.0,20,2.0,5.0,0.3,3,0.8,0.1,0.5146888888888889,0.5054156125637095,0.006666666666666667,nan
syn2_d20_redundant0.8_noise0.1,controlled_gaussian_mixture_round2,42,0.7,release_1,matched_kmeans,logistic,600,20,2,9,33.333333333333336,29.0,14,62,0,0.0,0.0,2.3868043081861203,2.5408167666376444,0.8522213624549554,0.8571428571428571,0.8461538461538461,0.9032258064516129,20,2.0,5.0,0.3,3,0.8,0.1,0.5401111111111112,0.5139100484020358,0.01,nan
syn2_d20_redundant0.8_noise0.1,controlled_gaussian_mixture_round2,42,0.7,release_1,matched_kmeans,random_forest,600,20,2,9,33.333333333333336,29.0,14,62,0,0.0,0.0,2.3868043081861203,2.5408167666376444,0.8522213624549554,0.8571428571428571,0.8461538461538461,0.9032258064516129,20,2.0,5.0,0.3,3,0.8,0.1,0.5122222222222221,0.5054097855190385,0.01,nan
syn2_d20_redundant0.8_noise0.1,controlled_gaussian_mixture_round2,42,0.7,release_2,granular_ball,logistic,600,20,2,9,33.333333333333336,32.0,1,91,1,0.1111111111111111,0.1111111111111111,1.7879757413921216,1.5688117379348239,0.8976328814513747,0.9010989010989011,0.8,1.0,20,2.0,5.0,0.3,3,0.8,0.1,0.5027,0.49508269619337464,0.0033333333333333335,nan
syn2_d20_redundant0.8_noise0.1,controlled_gaussian_mixture_round2,42,0.7,release_2,granular_ball,random_forest,600,20,2,9,33.333333333333336,32.0,1,91,1,0.1111111111111111,0.1111111111111111,1.7879757413921216,1.5688117379348239,0.8976328814513747,0.9010989010989011,0.8,1.0,20,2.0,5.0,0.3,3,0.8,0.1,0.5348111111111111,0.5328007665740676,0.006666666666666667,nan
syn2_d20_redundant0.8_noise0.1,controlled_gaussian_mixture_round2,42,0.7,release_2,matched_kmeans,logistic,600,20,2,9,33.333333333333336,29.0,14,62,0,0.0,0.0,2.3868043081861203,2.5408167666376444,0.8522213624549554,0.8571428571428571,0.8461538461538461,0.9032258064516129,20,2.0,5.0,0.3,3,0.8,0.1,0.5223555555555555,0.51647904997932,0.01,nan
syn2_d20_redundant0.8_noise0.1,controlled_gaussian_mixture_round2,42,0.7,release_2,matched_kmeans,random_forest,600,20,2,9,33.333333333333336,29.0,14,62,0,0.0,0.0,2.3868043081861203,2.5408167666376444,0.8522213624549554,0.8571428571428571,0.8461538461538461,0.9032258064516129,20,2.0,5.0,0.3,3,0.8,0.1,0.5303111111111112,0.5142226403081096,0.0,nan
syn2_d20_redundant0.8_noise0.1,controlled_gaussian_mixture_round2,42,0.7,release_3,granular_ball,logistic,600,20,2,9,33.333333333333336,32.0,1,91,1,0.1111111111111111,0.1111111111111111,1.7879757413921216,1.5688117379348239,0.8976328814513747,0.9010989010989011,0.8,1.0,20,2.0,5.0,0.3,3,0.8,0.1,0.5030333333333333,0.4929563861268236,0.0033333333333333335,nan
syn2_d20_redundant0.8_noise0.1,controlled_gaussian_mixture_round2,42,0.7,release_3,granular_ball,random_forest,600,20,2,9,33.333333333333336,32.0,1,91,1,0.1111111111111111,0.1111111111111111,1.7879757413921216,1.5688117379348239,0.8976328814513747,0.9010989010989011,0.8,1.0,20,2.0,5.0,0.3,3,0.8,0.1,0.5330333333333332,0.5282855560546577,0.023333333333333334,nan
syn2_d20_redundant0.8_noise0.1,controlled_gaussian_mixture_round2,42,0.7,release_3,matched_kmeans,logistic,600,20,2,9,33.333333333333336,29.0,14,62,0,0.0,0.0,2.3868043081861203,2.5408167666376444,0.8522213624549554,0.8571428571428571,0.8461538461538461,0.9032258064516129,20,2.0,5.0,0.3,3,0.8,0.1,0.5104333333333333,0.5192149063940026,0.013333333333333334,nan
syn2_d20_redundant0.8_noise0.1,controlled_gaussian_mixture_round2,42,0.7,release_3,matched_kmeans,random_forest,600,20,2,9,33.333333333333336,29.0,14,62,0,0.0,0.0,2.3868043081861203,2.5408167666376444,0.8522213624549554,0.8571428571428571,0.8461538461538461,0.9032258064516129,20,2.0,5.0,0.3,3,0.8,0.1,0.5357333333333334,0.5190781116113097,0.0,nan
syn2_d20_redundant0.8_noise0.1,controlled_gaussian_mixture_round2,42,0.8,release_1,granular_ball,logistic,600,20,2,12,25.0,8.0,1,91,2,0.25,0.25,1.5568327406403961,1.4546502298242363,0.89863255820979,0.9505494505494505,0.8541568256967407,1.0,20,2.0,5.0,0.3,3,0.8,0.1,0.5232555555555556,0.5301866972018114,0.0033333333333333335,nan
syn2_d20_redundant0.8_noise0.1,controlled_gaussian_mixture_round2,42,0.8,release_1,granular_ball,random_forest,600,20,2,12,25.0,8.0,1,91,2,0.25,0.25,1.5568327406403961,1.4546502298242363,0.89863255820979,0.9505494505494505,0.8541568256967407,1.0,20,2.0,5.0,0.3,3,0.8,0.1,0.4753722222222222,0.48884970790827653,0.02,nan
syn2_d20_redundant0.8_noise0.1,controlled_gaussian_mixture_round2,42,0.8,release_1,matched_kmeans,logistic,600,20,2,12,25.0,26.0,3,43,0,0.0,0.08333333333333333,2.097754579520387,2.3672334074075567,0.8435280494145156,0.8768472906403941,0.7727272727272727,0.9109848484848484,20,2.0,5.0,0.3,3,0.8,0.1,0.5142777777777778,0.49909763461302525,0.0033333333333333335,nan
syn2_d20_redundant0.8_noise0.1,controlled_gaussian_mixture_round2,42,0.8,release_1,matched_kmeans,random_forest,600,20,2,12,25.0,26.0,3,43,0,0.0,0.08333333333333333,2.097754579520387,2.3672334074075567,0.8435280494145156,0.8768472906403941,0.7727272727272727,0.9109848484848484,20,2.0,5.0,0.3,3,0.8,0.1,0.5090166666666667,0.495312018401372,0.0,nan
syn2_d20_redundant0.8_noise0.1,controlled_gaussian_mixture_round2,42,0.8,release_2,granular_ball,logistic,600,20,2,12,25.0,8.0,1,91,2,0.25,0.25,1.5568327406403961,1.4546502298242363,0.89863255820979,0.9505494505494505,0.8541568256967407,1.0,20,2.0,5.0,0.3,3,0.8,0.1,0.5055222222222222,0.5001144041618161,0.016666666666666666,nan
syn2_d20_redundant0.8_noise0.1,controlled_gaussian_mixture_round2,42,0.8,release_2,granular_ball,random_forest,600,20,2,12,25.0,8.0,1,91,2,0.25,0.25,1.5568327406403961,1.4546502298242363,0.89863255820979,0.9505494505494505,0.8541568256967407,1.0,20,2.0,5.0,0.3,3,0.8,0.1,0.49294444444444446,0.4985168585212299,0.016666666666666666,nan
syn2_d20_redundant0.8_noise0.1,controlled_gaussian_mixture_round2,42,0.8,release_2,matched_kmeans,logistic,600,20,2,12,25.0,26.0,3,43,0,0.0,0.08333333333333333,2.097754579520387,2.3672334074075567,0.8435280494145156,0.8768472906403941,0.7727272727272727,0.9109848484848484,20,2.0,5.0,0.3,3,0.8,0.1,0.49779999999999996,0.48749800422161094,0.0,nan
syn2_d20_redundant0.8_noise0.1,controlled_gaussian_mixture_round2,42,0.8,release_2,matched_kmeans,random_forest,600,20,2,12,25.0,26.0,3,43,0,0.0,0.08333333333333333,2.097754579520387,2.3672334074075567,0.8435280494145156,0.8768472906403941,0.7727272727272727,0.9109848484848484,20,2.0,5.0,0.3,3,0.8,0.1,0.5391888888888889,0.5189127055092754,0.006666666666666667,nan
syn2_d20_redundant0.8_noise0.1,controlled_gaussian_mixture_round2,42,0.8,release_3,granular_ball,logistic,600,20,2,12,25.0,8.0,1,91,2,0.25,0.25,1.5568327406403961,1.4546502298242363,0.89863255820979,0.9505494505494505,0.8541568256967407,1.0,20,2.0,5.0,0.3,3,0.8,0.1,0.4987333333333333,0.5051132359952375,0.013333333333333334,nan
syn2_d20_redundant0.8_noise0.1,controlled_gaussian_mixture_round2,42,0.8,release_3,granular_ball,random_forest,600,20,2,12,25.0,8.0,1,91,2,0.25,0.25,1.5568327406403961,1.4546502298242363,0.89863255820979,0.9505494505494505,0.8541568256967407,1.0,20,2.0,5.0,0.3,3,0.8,0.1,0.5126333333333334,0.5209080146199382,0.023333333333333334,nan
syn2_d20_redundant0.8_noise0.1,controlled_gaussian_mixture_round2,42,0.8,release_3,matched_kmeans,logistic,600,20,2,12,25.0,26.0,3,43,0,0.0,0.08333333333333333,2.097754579520387,2.3672334074075567,0.8435280494145156,0.8768472906403941,0.7727272727272727,0.9109848484848484,20,2.0,5.0,0.3,3,0.8,0.1,0.4846444444444445,0.4764951238251721,0.0,nan
syn2_d20_redundant0.8_noise0.1,controlled_gaussian_mixture_round2,42,0.8,release_3,matched_kmeans,random_forest,600,20,2,12,25.0,26.0,3,43,0,0.0,0.08333333333333333,2.097754579520387,2.3672334074075567,0.8435280494145156,0.8768472906403941,0.7727272727272727,0.9109848484848484,20,2.0,5.0,0.3,3,0.8,0.1,0.5727,0.5530632798724323,0.02,nan
syn2_d20_redundant0.8_noise0.1,controlled_gaussian_mixture_round2,42,0.9,release_1,granular_ball,logistic,600,20,2,55,5.454545454545454,2.0,1,91,18,0.7272727272727273,0.8,0.6418475322461309,0.29237433082510705,0.8652921588215706,1.0,0.7,1.0,20,2.0,5.0,0.3,3,0.8,0.1,0.5894666666666667,0.6194989496432965,0.05333333333333334,nan
syn2_d20_redundant0.8_noise0.1,controlled_gaussian_mixture_round2,42,0.9,release_1,granular_ball,random_forest,600,20,2,55,5.454545454545454,2.0,1,91,18,0.7272727272727273,0.8,0.6418475322461309,0.29237433082510705,0.8652921588215706,1.0,0.7,1.0,20,2.0,5.0,0.3,3,0.8,0.1,0.5872444444444445,0.6205239037577799,0.09333333333333334,nan
syn2_d20_redundant0.8_noise0.1,controlled_gaussian_mixture_round2,42,0.9,release_1,matched_kmeans,logistic,600,20,2,55,5.454545454545454,4.0,1,30,6,0.2909090909090909,0.6727272727272727,1.106298339356502,1.2091401850349832,0.8913564213564215,1.0,0.8166666666666667,1.0,20,2.0,5.0,0.3,3,0.8,0.1,0.7465444444444443,0.7236639244676121,0.09333333333333334,nan
syn2_d20_redundant0.8_noise0.1,controlled_gaussian_mixture_round2,42,0.9,release_1,matched_kmeans,random_forest,600,20,2,55,5.454545454545454,4.0,1,30,6,0.2909090909090909,0.6727272727272727,1.106298339356502,1.2091401850349832,0.8913564213564215,1.0,0.8166666666666667,1.0,20,2.0,5.0,0.3,3,0.8,0.1,0.7116111111111111,0.6986022810384338,0.10666666666666667,nan
syn2_d20_redundant0.8_noise0.1,controlled_gaussian_mixture_round2,42,0.9,release_2,granular_ball,logistic,600,20,2,55,5.454545454545454,2.0,1,91,18,0.7272727272727273,0.8,0.6418475322461309,0.29237433082510705,0.8652921588215706,1.0,0.7,1.0,20,2.0,5.0,0.3,3,0.8,0.1,0.6020555555555556,0.6062763263619549,0.02666666666666667,nan
syn2_d20_redundant0.8_noise0.1,controlled_gaussian_mixture_round2,42,0.9,release_2,granular_ball,random_forest,600,20,2,55,5.454545454545454,2.0,1,91,18,0.7272727272727273,0.8,0.6418475322461309,0.29237433082510705,0.8652921588215706,1.0,0.7,1.0,20,2.0,5.0,0.3,3,0.8,0.1,0.6297833333333334,0.6845613335095083,0.15,nan
syn2_d20_redundant0.8_noise0.1,controlled_gaussian_mixture_round2,42,0.9,release_2,matched_kmeans,logistic,600,20,2,55,5.454545454545454,4.0,1,30,6,0.2909090909090909,0.6727272727272727,1.106298339356502,1.2091401850349832,0.8913564213564215,1.0,0.8166666666666667,1.0,20,2.0,5.0,0.3,3,0.8,0.1,0.7616555555555555,0.7345737700796003,0.13333333333333333,nan
syn2_d20_redundant0.8_noise0.1,controlled_gaussian_mixture_round2,42,0.9,release_2,matched_kmeans,random_forest,600,20,2,55,5.454545454545454,4.0,1,30,6,0.2909090909090909,0.6727272727272727,1.106298339356502,1.2091401850349832,0.8913564213564215,1.0,0.8166666666666667,1.0,20,2.0,5.0,0.3,3,0.8,0.1,0.7270444444444444,0.6957030944798867,0.06666666666666667,nan
syn2_d20_redundant0.8_noise0.1,controlled_gaussian_mixture_round2,42,0.9,release_3,granular_ball,logistic,600,20,2,55,5.454545454545454,2.0,1,91,18,0.7272727272727273,0.8,0.6418475322461309,0.29237433082510705,0.8652921588215706,1.0,0.7,1.0,20,2.0,5.0,0.3,3,0.8,0.1,0.5916555555555556,0.6024263432122274,0.03333333333333333,nan
syn2_d20_redundant0.8_noise0.1,controlled_gaussian_mixture_round2,42,0.9,release_3,granular_ball,random_forest,600,20,2,55,5.454545454545454,2.0,1,91,18,0.7272727272727273,0.8,0.6418475322461309,0.29237433082510705,0.8652921588215706,1.0,0.7,1.0,20,2.0,5.0,0.3,3,0.8,0.1,0.6218666666666667,0.6751121944049023,0.14,nan
syn2_d20_redundant0.8_noise0.1,controlled_gaussian_mixture_round2,42,0.9,release_3,matched_kmeans,logistic,600,20,2,55,5.454545454545454,4.0,1,30,6,0.2909090909090909,0.6727272727272727,1.106298339356502,1.2091401850349832,0.8913564213564215,1.0,0.8166666666666667,1.0,20,2.0,5.0,0.3,3,0.8,0.1,0.7553777777777777,0.7428482667665578,0.14,nan
syn2_d20_redundant0.8_noise0.1,controlled_gaussian_mixture_round2,42,0.9,release_3,matched_kmeans,random_forest,600,20,2,55,5.454545454545454,4.0,1,30,6,0.2909090909090909,0.6727272727272727,1.106298339356502,1.2091401850349832,0.8913564213564215,1.0,0.8166666666666667,1.0,20,2.0,5.0,0.3,3,0.8,0.1,0.7436,0.7235952656260636,0.09666666666666666,nan
syn2_d20_redundant0.8_noise0.1,controlled_gaussian_mixture_round2,42,0.95,release_1,granular_ball,logistic,600,20,2,88,3.409090909090909,2.0,1,28,24,0.7159090909090909,0.8636363636363636,0.7048128781109212,0.4798017312468011,0.8514298201798202,1.0,0.5,1.0,20,2.0,5.0,0.3,3,0.8,0.1,0.6982333333333333,0.7132861424405551,0.06333333333333334,nan
syn2_d20_redundant0.8_noise0.1,controlled_gaussian_mixture_round2,42,0.95,release_1,granular_ball,random_forest,600,20,2,88,3.409090909090909,2.0,1,28,24,0.7159090909090909,0.8636363636363636,0.7048128781109212,0.4798017312468011,0.8514298201798202,1.0,0.5,1.0,20,2.0,5.0,0.3,3,0.8,0.1,0.6469611111111111,0.6901793471949376,0.13,nan
syn2_d20_redundant0.8_noise0.1,controlled_gaussian_mixture_round2,42,0.95,release_1,matched_kmeans,logistic,600,20,2,88,3.409090909090909,2.0,1,15,28,0.5113636363636364,0.8409090909090909,0.6516622595683763,0.7633205544830357,0.9350862521317066,1.0,1.0,1.0,20,2.0,5.0,0.3,3,0.8,0.1,0.8179111111111111,0.8178602115525897,0.21666666666666667,nan
syn2_d20_redundant0.8_noise0.1,controlled_gaussian_mixture_round2,42,0.95,release_1,matched_kmeans,random_forest,600,20,2,88,3.409090909090909,2.0,1,15,28,0.5113636363636364,0.8409090909090909,0.6516622595683763,0.7633205544830357,0.9350862521317066,1.0,1.0,1.0,20,2.0,5.0,0.3,3,0.8,0.1,0.7704333333333333,0.7671499413675106,0.19,nan
syn2_d20_redundant0.8_noise0.1,controlled_gaussian_mixture_round2,42,0.95,release_2,granular_ball,logistic,600,20,2,88,3.409090909090909,2.0,1,28,24,0.7159090909090909,0.8636363636363636,0.7048128781109212,0.4798017312468011,0.8514298201798202,1.0,0.5,1.0,20,2.0,5.0,0.3,3,0.8,0.1,0.7139555555555555,0.7085338423468047,0.05333333333333334,nan
syn2_d20_redundant0.8_noise0.1,controlled_gaussian_mixture_round2,42,0.95,release_2,granular_ball,random_forest,600,20,2,88,3.409090909090909,2.0,1,28,24,0.7159090909090909,0.8636363636363636,0.7048128781109212,0.4798017312468011,0.8514298201798202,1.0,0.5,1.0,20,2.0,5.0,0.3,3,0.8,0.1,0.75635,0.7943856879188399,0.2966666666666667,nan
syn2_d20_redundant0.8_noise0.1,controlled_gaussian_mixture_round2,42,0.95,release_2,matched_kmeans,logistic,600,20,2,88,3.409090909090909,2.0,1,15,28,0.5113636363636364,0.8409090909090909,0.6516622595683763,0.7633205544830357,0.9350862521317066,1.0,1.0,1.0,20,2.0,5.0,0.3,3,0.8,0.1,0.8492555555555555,0.8414887476491651,0.23333333333333334,nan
syn2_d20_redundant0.8_noise0.1,controlled_gaussian_mixture_round2,42,0.95,release_2,matched_kmeans,random_forest,600,20,2,88,3.409090909090909,2.0,1,15,28,0.5113636363636364,0.8409090909090909,0.6516622595683763,0.7633205544830357,0.9350862521317066,1.0,1.0,1.0,20,2.0,5.0,0.3,3,0.8,0.1,0.8223777777777779,0.8132649013853979,0.16333333333333333,nan
syn2_d20_redundant0.8_noise0.1,controlled_gaussian_mixture_round2,42,0.95,release_3,granular_ball,logistic,600,20,2,88,3.409090909090909,2.0,1,28,24,0.7159090909090909,0.8636363636363636,0.7048128781109212,0.4798017312468011,0.8514298201798202,1.0,0.5,1.0,20,2.0,5.0,0.3,3,0.8,0.1,0.7046444444444445,0.7083213632686947,0.06333333333333334,nan
syn2_d20_redundant0.8_noise0.1,controlled_gaussian_mixture_round2,42,0.95,release_3,granular_ball,random_forest,600,20,2,88,3.409090909090909,2.0,1,28,24,0.7159090909090909,0.8636363636363636,0.7048128781109212,0.4798017312468011,0.8514298201798202,1.0,0.5,1.0,20,2.0,5.0,0.3,3,0.8,0.1,0.7556444444444445,0.7945405793878954,0.30333333333333334,nan
syn2_d20_redundant0.8_noise0.1,controlled_gaussian_mixture_round2,42,0.95,release_3,matched_kmeans,logistic,600,20,2,88,3.409090909090909,2.0,1,15,28,0.5113636363636364,0.8409090909090909,0.6516622595683763,0.7633205544830357,0.9350862521317066,1.0,1.0,1.0,20,2.0,5.0,0.3,3,0.8,0.1,0.8462333333333333,0.8399283797849812,0.22333333333333333,nan
syn2_d20_redundant0.8_noise0.1,controlled_gaussian_mixture_round2,42,0.95,release_3,matched_kmeans,random_forest,600,20,2,88,3.409090909090909,2.0,1,15,28,0.5113636363636364,0.8409090909090909,0.6516622595683763,0.7633205544830357,0.9350862521317066,1.0,1.0,1.0,20,2.0,5.0,0.3,3,0.8,0.1,0.8256444444444444,0.8201940092353461,0.23333333333333334,nan
syn2_d20_redundant0.8_noise0.1,controlled_gaussian_mixture_round2,42,0.99,release_1,granular_ball,logistic,600,20,2,97,3.0927835051546393,2.0,1,21,26,0.711340206185567,0.8556701030927835,0.6877059235560302,0.4912418035501489,0.8608247422680413,1.0,0.5,1.0,20,2.0,5.0,0.3,3,0.8,0.1,0.7167888888888889,0.7305555321571688,0.07333333333333333,nan
syn2_d20_redundant0.8_noise0.1,controlled_gaussian_mixture_round2,42,0.99,release_1,granular_ball,random_forest,600,20,2,97,3.0927835051546393,2.0,1,21,26,0.711340206185567,0.8556701030927835,0.6877059235560302,0.4912418035501489,0.8608247422680413,1.0,0.5,1.0,20,2.0,5.0,0.3,3,0.8,0.1,0.68425,0.7182094791812452,0.10333333333333333,nan
syn2_d20_redundant0.8_noise0.1,controlled_gaussian_mixture_round2,42,0.99,release_1,matched_kmeans,logistic,600,20,2,97,3.0927835051546393,2.0,1,15,38,0.5463917525773195,0.865979381443299,0.550281700911938,0.6256779215444755,0.9443574180687583,1.0,1.0,1.0,20,2.0,5.0,0.3,3,0.8,0.1,0.8153333333333332,0.8181501616184559,0.21333333333333335,nan
syn2_d20_redundant0.8_noise0.1,controlled_gaussian_mixture_round2,42,0.99,release_1,matched_kmeans,random_forest,600,20,2,97,3.0927835051546393,2.0,1,15,38,0.5463917525773195,0.865979381443299,0.550281700911938,0.6256779215444755,0.9443574180687583,1.0,1.0,1.0,20,2.0,5.0,0.3,3,0.8,0.1,0.7703888888888889,0.7758500865835135,0.18333333333333332,nan
syn2_d20_redundant0.8_noise0.1,controlled_gaussian_mixture_round2,42,0.99,release_2,granular_ball,logistic,600,20,2,97,3.0927835051546393,2.0,1,21,26,0.711340206185567,0.8556701030927835,0.6877059235560302,0.4912418035501489,0.8608247422680413,1.0,0.5,1.0,20,2.0,5.0,0.3,3,0.8,0.1,0.7510222222222223,0.7284892455192656,0.05,nan
syn2_d20_redundant0.8_noise0.1,controlled_gaussian_mixture_round2,42,0.99,release_2,granular_ball,random_forest,600,20,2,97,3.0927835051546393,2.0,1,21,26,0.711340206185567,0.8556701030927835,0.6877059235560302,0.4912418035501489,0.8608247422680413,1.0,0.5,1.0,20,2.0,5.0,0.3,3,0.8,0.1,0.7910666666666666,0.8214718009787955,0.30666666666666664,nan
syn2_d20_redundant0.8_noise0.1,controlled_gaussian_mixture_round2,42,0.99,release_2,matched_kmeans,logistic,600,20,2,97,3.0927835051546393,2.0,1,15,38,0.5463917525773195,0.865979381443299,0.550281700911938,0.6256779215444755,0.9443574180687583,1.0,1.0,1.0,20,2.0,5.0,0.3,3,0.8,0.1,0.8559222222222221,0.846518424728687,0.25666666666666665,nan
syn2_d20_redundant0.8_noise0.1,controlled_gaussian_mixture_round2,42,0.99,release_2,matched_kmeans,random_forest,600,20,2,97,3.0927835051546393,2.0,1,15,38,0.5463917525773195,0.865979381443299,0.550281700911938,0.6256779215444755,0.9443574180687583,1.0,1.0,1.0,20,2.0,5.0,0.3,3,0.8,0.1,0.8436666666666667,0.825196234243457,0.13666666666666666,nan
syn2_d20_redundant0.8_noise0.1,controlled_gaussian_mixture_round2,42,0.99,release_3,granular_ball,logistic,600,20,2,97,3.0927835051546393,2.0,1,21,26,0.711340206185567,0.8556701030927835,0.6877059235560302,0.4912418035501489,0.8608247422680413,1.0,0.5,1.0,20,2.0,5.0,0.3,3,0.8,0.1,0.7452555555555556,0.7259659798453677,0.02666666666666667,nan
syn2_d20_redundant0.8_noise0.1,controlled_gaussian_mixture_round2,42,0.99,release_3,granular_ball,random_forest,600,20,2,97,3.0927835051546393,2.0,1,21,26,0.711340206185567,0.8556701030927835,0.6877059235560302,0.4912418035501489,0.8608247422680413,1.0,0.5,1.0,20,2.0,5.0,0.3,3,0.8,0.1,0.7966000000000002,0.8268452344207522,0.30333333333333334,nan
syn2_d20_redundant0.8_noise0.1,controlled_gaussian_mixture_round2,42,0.99,release_3,matched_kmeans,logistic,600,20,2,97,3.0927835051546393,2.0,1,15,38,0.5463917525773195,0.865979381443299,0.550281700911938,0.6256779215444755,0.9443574180687583,1.0,1.0,1.0,20,2.0,5.0,0.3,3,0.8,0.1,0.8542222222222223,0.8476090086476311,0.25666666666666665,nan
syn2_d20_redundant0.8_noise0.1,controlled_gaussian_mixture_round2,42,0.99,release_3,matched_kmeans,random_forest,600,20,2,97,3.0927835051546393,2.0,1,15,38,0.5463917525773195,0.865979381443299,0.550281700911938,0.6256779215444755,0.9443574180687583,1.0,1.0,1.0,20,2.0,5.0,0.3,3,0.8,0.1,0.8476777777777778,0.8288474932241607,0.16333333333333333,nan
syn2_d20_redundant0.8_noise0.1,controlled_gaussian_mixture_round2,99,0.7,release_1,granular_ball,logistic,600,20,2,3,100.0,100.0,95,105,0,0.0,0.0,3.0692051473816426,3.2235175247418217,0.8519131161236424,0.86,0.8252380952380952,0.8826315789473684,20,2.0,5.0,0.3,3,0.8,0.1,0.49566666666666664,0.5048908559627405,0.006666666666666667,nan
syn2_d20_redundant0.8_noise0.1,controlled_gaussian_mixture_round2,99,0.7,release_1,granular_ball,random_forest,600,20,2,3,100.0,100.0,95,105,0,0.0,0.0,3.0692051473816426,3.2235175247418217,0.8519131161236424,0.86,0.8252380952380952,0.8826315789473684,20,2.0,5.0,0.3,3,0.8,0.1,0.45922777777777785,0.48011326537499677,0.006666666666666667,nan
syn2_d20_redundant0.8_noise0.1,controlled_gaussian_mixture_round2,99,0.7,release_1,matched_kmeans,logistic,600,20,2,3,100.0,104.0,79,117,0,0.0,0.0,3.092690484650744,3.307568427614437,0.8232987125392189,0.8481012658227848,0.7830249918857514,0.8759737098344693,20,2.0,5.0,0.3,3,0.8,0.1,0.5096,0.5111917560316106,0.01,nan
syn2_d20_redundant0.8_noise0.1,controlled_gaussian_mixture_round2,99,0.7,release_1,matched_kmeans,random_forest,600,20,2,3,100.0,104.0,79,117,0,0.0,0.0,3.092690484650744,3.307568427614437,0.8232987125392189,0.8481012658227848,0.7830249918857514,0.8759737098344693,20,2.0,5.0,0.3,3,0.8,0.1,0.47904444444444444,0.47693424291736297,0.0033333333333333335,nan
syn2_d20_redundant0.8_noise0.1,controlled_gaussian_mixture_round2,99,0.7,release_2,granular_ball,logistic,600,20,2,3,100.0,100.0,95,105,0,0.0,0.0,3.0692051473816426,3.2235175247418217,0.8519131161236424,0.86,0.8252380952380952,0.8826315789473684,20,2.0,5.0,0.3,3,0.8,0.1,0.4857666666666667,0.49632354652058236,0.0033333333333333335,nan
syn2_d20_redundant0.8_noise0.1,controlled_gaussian_mixture_round2,99,0.7,release_2,granular_ball,random_forest,600,20,2,3,100.0,100.0,95,105,0,0.0,0.0,3.0692051473816426,3.2235175247418217,0.8519131161236424,0.86,0.8252380952380952,0.8826315789473684,20,2.0,5.0,0.3,3,0.8,0.1,0.47762222222222217,0.4964779570373417,0.006666666666666667,nan
syn2_d20_redundant0.8_noise0.1,controlled_gaussian_mixture_round2,99,0.7,release_2,matched_kmeans,logistic,600,20,2,3,100.0,104.0,79,117,0,0.0,0.0,3.092690484650744,3.307568427614437,0.8232987125392189,0.8481012658227848,0.7830249918857514,0.8759737098344693,20,2.0,5.0,0.3,3,0.8,0.1,0.4886,0.4854750102546159,0.01,nan
syn2_d20_redundant0.8_noise0.1,controlled_gaussian_mixture_round2,99,0.7,release_2,matched_kmeans,random_forest,600,20,2,3,100.0,104.0,79,117,0,0.0,0.0,3.092690484650744,3.307568427614437,0.8232987125392189,0.8481012658227848,0.7830249918857514,0.8759737098344693,20,2.0,5.0,0.3,3,0.8,0.1,0.5038444444444444,0.4952598121058245,0.006666666666666667,nan
syn2_d20_redundant0.8_noise0.1,controlled_gaussian_mixture_round2,99,0.7,release_3,granular_ball,logistic,600,20,2,3,100.0,100.0,95,105,0,0.0,0.0,3.0692051473816426,3.2235175247418217,0.8519131161236424,0.86,0.8252380952380952,0.8826315789473684,20,2.0,5.0,0.3,3,0.8,0.1,0.4949555555555556,0.5035960741650437,0.013333333333333334,nan
syn2_d20_redundant0.8_noise0.1,controlled_gaussian_mixture_round2,99,0.7,release_3,granular_ball,random_forest,600,20,2,3,100.0,100.0,95,105,0,0.0,0.0,3.0692051473816426,3.2235175247418217,0.8519131161236424,0.86,0.8252380952380952,0.8826315789473684,20,2.0,5.0,0.3,3,0.8,0.1,0.4942888888888889,0.5160849679280378,0.023333333333333334,nan
syn2_d20_redundant0.8_noise0.1,controlled_gaussian_mixture_round2,99,0.7,release_3,matched_kmeans,logistic,600,20,2,3,100.0,104.0,79,117,0,0.0,0.0,3.092690484650744,3.307568427614437,0.8232987125392189,0.8481012658227848,0.7830249918857514,0.8759737098344693,20,2.0,5.0,0.3,3,0.8,0.1,0.49794444444444447,0.5012281624577642,0.023333333333333334,nan
syn2_d20_redundant0.8_noise0.1,controlled_gaussian_mixture_round2,99,0.7,release_3,matched_kmeans,random_forest,600,20,2,3,100.0,104.0,79,117,0,0.0,0.0,3.092690484650744,3.307568427614437,0.8232987125392189,0.8481012658227848,0.7830249918857514,0.8759737098344693,20,2.0,5.0,0.3,3,0.8,0.1,0.5133333333333333,0.5156687364753241,0.013333333333333334,nan
syn2_d20_redundant0.8_noise0.1,controlled_gaussian_mixture_round2,99,0.8,release_1,granular_ball,logistic,600,20,2,10,30.0,10.0,1,100,2,0.3,0.4,1.2603061874843857,0.8474822393699596,0.9090137844611528,0.8901315789473685,0.8400000000000001,1.0,20,2.0,5.0,0.3,3,0.8,0.1,0.5063888888888889,0.49746382919485993,0.01,nan
syn2_d20_redundant0.8_noise0.1,controlled_gaussian_mixture_round2,99,0.8,release_1,granular_ball,random_forest,600,20,2,10,30.0,10.0,1,100,2,0.3,0.4,1.2603061874843857,0.8474822393699596,0.9090137844611528,0.8901315789473685,0.8400000000000001,1.0,20,2.0,5.0,0.3,3,0.8,0.1,0.5329777777777778,0.5418239435956492,0.03,nan
syn2_d20_redundant0.8_noise0.1,controlled_gaussian_mixture_round2,99,0.8,release_1,matched_kmeans,logistic,600,20,2,10,30.0,24.0,11,58,0,0.0,0.0,2.292007474121926,2.352378238920756,0.8623384487990864,0.8694444444444445,0.80316091954023,0.9195804195804196,20,2.0,5.0,0.3,3,0.8,0.1,0.5551222222222223,0.5294145484678643,0.0,nan
syn2_d20_redundant0.8_noise0.1,controlled_gaussian_mixture_round2,99,0.8,release_1,matched_kmeans,random_forest,600,20,2,10,30.0,24.0,11,58,0,0.0,0.0,2.292007474121926,2.352378238920756,0.8623384487990864,0.8694444444444445,0.80316091954023,0.9195804195804196,20,2.0,5.0,0.3,3,0.8,0.1,0.4642555555555556,0.4704082646578834,0.01,nan
syn2_d20_redundant0.8_noise0.1,controlled_gaussian_mixture_round2,99,0.8,release_2,granular_ball,logistic,600,20,2,10,30.0,10.0,1,100,2,0.3,0.4,1.2603061874843857,0.8474822393699596,0.9090137844611528,0.8901315789473685,0.8400000000000001,1.0,20,2.0,5.0,0.3,3,0.8,0.1,0.5161,0.5000709251958964,0.0,nan
syn2_d20_redundant0.8_noise0.1,controlled_gaussian_mixture_round2,99,0.8,release_2,granular_ball,random_forest,600,20,2,10,30.0,10.0,1,100,2,0.3,0.4,1.2603061874843857,0.8474822393699596,0.9090137844611528,0.8901315789473685,0.8400000000000001,1.0,20,2.0,5.0,0.3,3,0.8,0.1,0.5599222222222222,0.5607696728999532,0.013333333333333334,nan
syn2_d20_redundant0.8_noise0.1,controlled_gaussian_mixture_round2,99,0.8,release_2,matched_kmeans,logistic,600,20,2,10,30.0,24.0,11,58,0,0.0,0.0,2.292007474121926,2.352378238920756,0.8623384487990864,0.8694444444444445,0.80316091954023,0.9195804195804196,20,2.0,5.0,0.3,3,0.8,0.1,0.5504555555555556,0.5549603377983525,0.04,nan
syn2_d20_redundant0.8_noise0.1,controlled_gaussian_mixture_round2,99,0.8,release_2,matched_kmeans,random_forest,600,20,2,10,30.0,24.0,11,58,0,0.0,0.0,2.292007474121926,2.352378238920756,0.8623384487990864,0.8694444444444445,0.80316091954023,0.9195804195804196,20,2.0,5.0,0.3,3,0.8,0.1,0.47796111111111117,0.47940477247790303,0.0,nan
syn2_d20_redundant0.8_noise0.1,controlled_gaussian_mixture_round2,99,0.8,release_3,granular_ball,logistic,600,20,2,10,30.0,10.0,1,100,2,0.3,0.4,1.2603061874843857,0.8474822393699596,0.9090137844611528,0.8901315789473685,0.8400000000000001,1.0,20,2.0,5.0,0.3,3,0.8,0.1,0.5105333333333333,0.5026350159685857,0.01,nan
syn2_d20_redundant0.8_noise0.1,controlled_gaussian_mixture_round2,99,0.8,release_3,granular_ball,random_forest,600,20,2,10,30.0,10.0,1,100,2,0.3,0.4,1.2603061874843857,0.8474822393699596,0.9090137844611528,0.8901315789473685,0.8400000000000001,1.0,20,2.0,5.0,0.3,3,0.8,0.1,0.5610555555555555,0.5673579513367288,0.016666666666666666,nan
syn2_d20_redundant0.8_noise0.1,controlled_gaussian_mixture_round2,99,0.8,release_3,matched_kmeans,logistic,600,20,2,10,30.0,24.0,11,58,0,0.0,0.0,2.292007474121926,2.352378238920756,0.8623384487990864,0.8694444444444445,0.80316091954023,0.9195804195804196,20,2.0,5.0,0.3,3,0.8,0.1,0.5375444444444445,0.5541528752851608,0.023333333333333334,nan
syn2_d20_redundant0.8_noise0.1,controlled_gaussian_mixture_round2,99,0.8,release_3,matched_kmeans,random_forest,600,20,2,10,30.0,24.0,11,58,0,0.0,0.0,2.292007474121926,2.352378238920756,0.8623384487990864,0.8694444444444445,0.80316091954023,0.9195804195804196,20,2.0,5.0,0.3,3,0.8,0.1,0.49274444444444454,0.4931136197903718,0.0033333333333333335,nan
syn2_d20_redundant0.8_noise0.1,controlled_gaussian_mixture_round2,99,0.9,release_1,granular_ball,logistic,600,20,2,61,4.918032786885246,2.0,1,95,28,0.7377049180327869,0.8524590163934426,0.4541476963426379,0.26302561978912736,0.9011300440539357,1.0,0.9090909090909091,1.0,20,2.0,5.0,0.3,3,0.8,0.1,0.6353,0.6494775860432234,0.02666666666666667,nan
syn2_d20_redundant0.8_noise0.1,controlled_gaussian_mixture_round2,99,0.9,release_1,granular_ball,random_forest,600,20,2,61,4.918032786885246,2.0,1,95,28,0.7377049180327869,0.8524590163934426,0.4541476963426379,0.26302561978912736,0.9011300440539357,1.0,0.9090909090909091,1.0,20,2.0,5.0,0.3,3,0.8,0.1,0.6375611111111111,0.68803247748,0.15333333333333332,nan
syn2_d20_redundant0.8_noise0.1,controlled_gaussian_mixture_round2,99,0.9,release_1,matched_kmeans,logistic,600,20,2,61,4.918032786885246,3.0,1,17,11,0.36065573770491804,0.7049180327868853,0.939891839191695,1.0852243770196799,0.8998017786349513,1.0,0.8125,1.0,20,2.0,5.0,0.3,3,0.8,0.1,0.7407666666666667,0.7349747573200763,0.14666666666666667,nan
syn2_d20_redundant0.8_noise0.1,controlled_gaussian_mixture_round2,99,0.9,release_1,matched_kmeans,random_forest,600,20,2,61,4.918032786885246,3.0,1,17,11,0.36065573770491804,0.7049180327868853,0.939891839191695,1.0852243770196799,0.8998017786349513,1.0,0.8125,1.0,20,2.0,5.0,0.3,3,0.8,0.1,0.6844777777777777,0.6788884976235381,0.07,nan
syn2_d20_redundant0.8_noise0.1,controlled_gaussian_mixture_round2,99,0.9,release_2,granular_ball,logistic,600,20,2,61,4.918032786885246,2.0,1,95,28,0.7377049180327869,0.8524590163934426,0.4541476963426379,0.26302561978912736,0.9011300440539357,1.0,0.9090909090909091,1.0,20,2.0,5.0,0.3,3,0.8,0.1,0.6688888888888889,0.6776628796117151,0.056666666666666664,nan
syn2_d20_redundant0.8_noise0.1,controlled_gaussian_mixture_round2,99,0.9,release_2,granular_ball,random_forest,600,20,2,61,4.918032786885246,2.0,1,95,28,0.7377049180327869,0.8524590163934426,0.4541476963426379,0.26302561978912736,0.9011300440539357,1.0,0.9090909090909091,1.0,20,2.0,5.0,0.3,3,0.8,0.1,0.6881222222222223,0.7316764770868459,0.14333333333333334,nan
syn2_d20_redundant0.8_noise0.1,controlled_gaussian_mixture_round2,99,0.9,release_2,matched_kmeans,logistic,600,20,2,61,4.918032786885246,3.0,1,17,11,0.36065573770491804,0.7049180327868853,0.939891839191695,1.0852243770196799,0.8998017786349513,1.0,0.8125,1.0,20,2.0,5.0,0.3,3,0.8,0.1,0.7607555555555556,0.7433487862474766,0.09666666666666666,nan
syn2_d20_redundant0.8_noise0.1,controlled_gaussian_mixture_round2,99,0.9,release_2,matched_kmeans,random_forest,600,20,2,61,4.918032786885246,3.0,1,17,11,0.36065573770491804,0.7049180327868853,0.939891839191695,1.0852243770196799,0.8998017786349513,1.0,0.8125,1.0,20,2.0,5.0,0.3,3,0.8,0.1,0.7192333333333334,0.7117876229293079,0.09666666666666666,nan
syn2_d20_redundant0.8_noise0.1,controlled_gaussian_mixture_round2,99,0.9,release_3,granular_ball,logistic,600,20,2,61,4.918032786885246,2.0,1,95,28,0.7377049180327869,0.8524590163934426,0.4541476963426379,0.26302561978912736,0.9011300440539357,1.0,0.9090909090909091,1.0,20,2.0,5.0,0.3,3,0.8,0.1,0.6528555555555555,0.6634012672859713,0.056666666666666664,nan
syn2_d20_redundant0.8_noise0.1,controlled_gaussian_mixture_round2,99,0.9,release_3,granular_ball,random_forest,600,20,2,61,4.918032786885246,2.0,1,95,28,0.7377049180327869,0.8524590163934426,0.4541476963426379,0.26302561978912736,0.9011300440539357,1.0,0.9090909090909091,1.0,20,2.0,5.0,0.3,3,0.8,0.1,0.6975,0.739953359342522,0.14,nan
syn2_d20_redundant0.8_noise0.1,controlled_gaussian_mixture_round2,99,0.9,release_3,matched_kmeans,logistic,600,20,2,61,4.918032786885246,3.0,1,17,11,0.36065573770491804,0.7049180327868853,0.939891839191695,1.0852243770196799,0.8998017786349513,1.0,0.8125,1.0,20,2.0,5.0,0.3,3,0.8,0.1,0.7619777777777778,0.7495365623145986,0.14333333333333334,nan
syn2_d20_redundant0.8_noise0.1,controlled_gaussian_mixture_round2,99,0.9,release_3,matched_kmeans,random_forest,600,20,2,61,4.918032786885246,3.0,1,17,11,0.36065573770491804,0.7049180327868853,0.939891839191695,1.0852243770196799,0.8998017786349513,1.0,0.8125,1.0,20,2.0,5.0,0.3,3,0.8,0.1,0.7354888888888889,0.7274599910445902,0.1,nan
syn2_d20_redundant0.8_noise0.1,controlled_gaussian_mixture_round2,99,0.95,release_1,granular_ball,logistic,600,20,2,107,2.803738317757009,2.0,1,21,43,0.7289719626168224,0.897196261682243,0.512169349194287,0.36606927401220707,0.9103248776145971,1.0,1.0,1.0,20,2.0,5.0,0.3,3,0.8,0.1,0.7282666666666666,0.7596886736856607,0.17333333333333334,nan
syn2_d20_redundant0.8_noise0.1,controlled_gaussian_mixture_round2,99,0.95,release_1,granular_ball,random_forest,600,20,2,107,2.803738317757009,2.0,1,21,43,0.7289719626168224,0.897196261682243,0.512169349194287,0.36606927401220707,0.9103248776145971,1.0,1.0,1.0,20,2.0,5.0,0.3,3,0.8,0.1,0.6884111111111111,0.7316463165586031,0.18666666666666668,nan
syn2_d20_redundant0.8_noise0.1,controlled_gaussian_mixture_round2,99,0.95,release_1,matched_kmeans,logistic,600,20,2,107,2.803738317757009,2.0,1,15,39,0.6355140186915887,0.9065420560747663,0.5090548295601103,0.6299811906193027,0.9374640935388598,1.0,1.0,1.0,20,2.0,5.0,0.3,3,0.8,0.1,0.8504111111111111,0.8486089097002851,0.22333333333333333,nan
syn2_d20_redundant0.8_noise0.1,controlled_gaussian_mixture_round2,99,0.95,release_1,matched_kmeans,random_forest,600,20,2,107,2.803738317757009,2.0,1,15,39,0.6355140186915887,0.9065420560747663,0.5090548295601103,0.6299811906193027,0.9374640935388598,1.0,1.0,1.0,20,2.0,5.0,0.3,3,0.8,0.1,0.8216000000000001,0.8251678619711658,0.21666666666666667,nan
syn2_d20_redundant0.8_noise0.1,controlled_gaussian_mixture_round2,99,0.95,release_2,granular_ball,logistic,600,20,2,107,2.803738317757009,2.0,1,21,43,0.7289719626168224,0.897196261682243,0.512169349194287,0.36606927401220707,0.9103248776145971,1.0,1.0,1.0,20,2.0,5.0,0.3,3,0.8,0.1,0.7408666666666668,0.7627483542699204,0.12666666666666668,nan
syn2_d20_redundant0.8_noise0.1,controlled_gaussian_mixture_round2,99,0.95,release_2,granular_ball,random_forest,600,20,2,107,2.803738317757009,2.0,1,21,43,0.7289719626168224,0.897196261682243,0.512169349194287,0.36606927401220707,0.9103248776145971,1.0,1.0,1.0,20,2.0,5.0,0.3,3,0.8,0.1,0.7928555555555555,0.8290133904568455,0.37333333333333335,nan
syn2_d20_redundant0.8_noise0.1,controlled_gaussian_mixture_round2,99,0.95,release_2,matched_kmeans,logistic,600,20,2,107,2.803738317757009,2.0,1,15,39,0.6355140186915887,0.9065420560747663,0.5090548295601103,0.6299811906193027,0.9374640935388598,1.0,1.0,1.0,20,2.0,5.0,0.3,3,0.8,0.1,0.8832555555555556,0.8708658140039282,0.19333333333333333,nan
syn2_d20_redundant0.8_noise0.1,controlled_gaussian_mixture_round2,99,0.95,release_2,matched_kmeans,random_forest,600,20,2,107,2.803738317757009,2.0,1,15,39,0.6355140186915887,0.9065420560747663,0.5090548295601103,0.6299811906193027,0.9374640935388598,1.0,1.0,1.0,20,2.0,5.0,0.3,3,0.8,0.1,0.8857388888888889,0.8837562158239605,0.31,nan
syn2_d20_redundant0.8_noise0.1,controlled_gaussian_mixture_round2,99,0.95,release_3,granular_ball,logistic,600,20,2,107,2.803738317757009,2.0,1,21,43,0.7289719626168224,0.897196261682243,0.512169349194287,0.36606927401220707,0.9103248776145971,1.0,1.0,1.0,20,2.0,5.0,0.3,3,0.8,0.1,0.7303777777777778,0.7517684802132538,0.14666666666666667,nan
syn2_d20_redundant0.8_noise0.1,controlled_gaussian_mixture_round2,99,0.95,release_3,granular_ball,random_forest,600,20,2,107,2.803738317757009,2.0,1,21,43,0.7289719626168224,0.897196261682243,0.512169349194287,0.36606927401220707,0.9103248776145971,1.0,1.0,1.0,20,2.0,5.0,0.3,3,0.8,0.1,0.7940222222222223,0.8289862715192089,0.3466666666666667,nan
syn2_d20_redundant0.8_noise0.1,controlled_gaussian_mixture_round2,99,0.95,release_3,matched_kmeans,logistic,600,20,2,107,2.803738317757009,2.0,1,15,39,0.6355140186915887,0.9065420560747663,0.5090548295601103,0.6299811906193027,0.9374640935388598,1.0,1.0,1.0,20,2.0,5.0,0.3,3,0.8,0.1,0.8865444444444444,0.8762065403906656,0.23666666666666666,nan
syn2_d20_redundant0.8_noise0.1,controlled_gaussian_mixture_round2,99,0.95,release_3,matched_kmeans,random_forest,600,20,2,107,2.803738317757009,2.0,1,15,39,0.6355140186915887,0.9065420560747663,0.5090548295601103,0.6299811906193027,0.9374640935388598,1.0,1.0,1.0,20,2.0,5.0,0.3,3,0.8,0.1,0.8857222222222222,0.8853021036559466,0.30333333333333334,nan
syn2_d20_redundant0.8_noise0.1,controlled_gaussian_mixture_round2,99,0.99,release_1,granular_ball,logistic,600,20,2,112,2.6785714285714284,2.0,1,20,44,0.7142857142857143,0.9017857142857143,0.5326885629948459,0.3735878620057459,0.9107142857142857,1.0,1.0,1.0,20,2.0,5.0,0.3,3,0.8,0.1,0.7368666666666666,0.7649546748970455,0.19333333333333333,nan
syn2_d20_redundant0.8_noise0.1,controlled_gaussian_mixture_round2,99,0.99,release_1,granular_ball,random_forest,600,20,2,112,2.6785714285714284,2.0,1,20,44,0.7142857142857143,0.9017857142857143,0.5326885629948459,0.3735878620057459,0.9107142857142857,1.0,1.0,1.0,20,2.0,5.0,0.3,3,0.8,0.1,0.6937555555555557,0.7330390977325353,0.13333333333333333,nan
syn2_d20_redundant0.8_noise0.1,controlled_gaussian_mixture_round2,99,0.99,release_1,matched_kmeans,logistic,600,20,2,112,2.6785714285714284,2.0,1,15,44,0.6428571428571429,0.9196428571428571,0.4752020260195575,0.5837012410448011,0.9391291743970316,1.0,1.0,1.0,20,2.0,5.0,0.3,3,0.8,0.1,0.8618333333333335,0.8619975149552533,0.23666666666666666,nan
syn2_d20_redundant0.8_noise0.1,controlled_gaussian_mixture_round2,99,0.99,release_1,matched_kmeans,random_forest,600,20,2,112,2.6785714285714284,2.0,1,15,44,0.6428571428571429,0.9196428571428571,0.4752020260195575,0.5837012410448011,0.9391291743970316,1.0,1.0,1.0,20,2.0,5.0,0.3,3,0.8,0.1,0.842038888888889,0.8471041345925621,0.2733333333333333,nan
syn2_d20_redundant0.8_noise0.1,controlled_gaussian_mixture_round2,99,0.99,release_2,granular_ball,logistic,600,20,2,112,2.6785714285714284,2.0,1,20,44,0.7142857142857143,0.9017857142857143,0.5326885629948459,0.3735878620057459,0.9107142857142857,1.0,1.0,1.0,20,2.0,5.0,0.3,3,0.8,0.1,0.7598222222222223,0.7763679951236515,0.15666666666666668,nan
syn2_d20_redundant0.8_noise0.1,controlled_gaussian_mixture_round2,99,0.99,release_2,granular_ball,random_forest,600,20,2,112,2.6785714285714284,2.0,1,20,44,0.7142857142857143,0.9017857142857143,0.5326885629948459,0.3735878620057459,0.9107142857142857,1.0,1.0,1.0,20,2.0,5.0,0.3,3,0.8,0.1,0.8093333333333335,0.8395643232990382,0.33,nan
syn2_d20_redundant0.8_noise0.1,controlled_gaussian_mixture_round2,99,0.99,release_2,matched_kmeans,logistic,600,20,2,112,2.6785714285714284,2.0,1,15,44,0.6428571428571429,0.9196428571428571,0.4752020260195575,0.5837012410448011,0.9391291743970316,1.0,1.0,1.0,20,2.0,5.0,0.3,3,0.8,0.1,0.8917666666666666,0.8811116625339339,0.20666666666666667,nan
syn2_d20_redundant0.8_noise0.1,controlled_gaussian_mixture_round2,99,0.99,release_2,matched_kmeans,random_forest,600,20,2,112,2.6785714285714284,2.0,1,15,44,0.6428571428571429,0.9196428571428571,0.4752020260195575,0.5837012410448011,0.9391291743970316,1.0,1.0,1.0,20,2.0,5.0,0.3,3,0.8,0.1,0.8904388888888888,0.8899724720325801,0.31666666666666665,nan
syn2_d20_redundant0.8_noise0.1,controlled_gaussian_mixture_round2,99,0.99,release_3,granular_ball,logistic,600,20,2,112,2.6785714285714284,2.0,1,20,44,0.7142857142857143,0.9017857142857143,0.5326885629948459,0.3735878620057459,0.9107142857142857,1.0,1.0,1.0,20,2.0,5.0,0.3,3,0.8,0.1,0.7498888888888889,0.7682289429405228,0.17,nan
syn2_d20_redundant0.8_noise0.1,controlled_gaussian_mixture_round2,99,0.99,release_3,granular_ball,random_forest,600,20,2,112,2.6785714285714284,2.0,1,20,44,0.7142857142857143,0.9017857142857143,0.5326885629948459,0.3735878620057459,0.9107142857142857,1.0,1.0,1.0,20,2.0,5.0,0.3,3,0.8,0.1,0.8108222222222223,0.8403185357546996,0.37666666666666665,nan
syn2_d20_redundant0.8_noise0.1,controlled_gaussian_mixture_round2,99,0.99,release_3,matched_kmeans,logistic,600,20,2,112,2.6785714285714284,2.0,1,15,44,0.6428571428571429,0.9196428571428571,0.4752020260195575,0.5837012410448011,0.9391291743970316,1.0,1.0,1.0,20,2.0,5.0,0.3,3,0.8,0.1,0.8948333333333334,0.8873492621588203,0.23666666666666666,nan
syn2_d20_redundant0.8_noise0.1,controlled_gaussian_mixture_round2,99,0.99,release_3,matched_kmeans,random_forest,600,20,2,112,2.6785714285714284,2.0,1,15,44,0.6428571428571429,0.9196428571428571,0.4752020260195575,0.5837012410448011,0.9391291743970316,1.0,1.0,1.0,20,2.0,5.0,0.3,3,0.8,0.1,0.8865277777777778,0.8865740753051917,0.37666666666666665,nan
syn2_d20_redundant0.8_noise0.1,controlled_gaussian_mixture_round2,2026,0.7,release_1,granular_ball,logistic,600,20,2,9,33.333333333333336,20.0,10,70,0,0.0,0.0,2.3053528655488225,2.4802954354282125,0.8545773459125658,0.8666666666666667,0.8305084745762712,0.9142857142857143,20,2.0,5.0,0.3,3,0.8,0.1,0.45930000000000004,0.4698532204997843,0.013333333333333334,nan
syn2_d20_redundant0.8_noise0.1,controlled_gaussian_mixture_round2,2026,0.7,release_1,granular_ball,random_forest,600,20,2,9,33.333333333333336,20.0,10,70,0,0.0,0.0,2.3053528655488225,2.4802954354282125,0.8545773459125658,0.8666666666666667,0.8305084745762712,0.9142857142857143,20,2.0,5.0,0.3,3,0.8,0.1,0.4866055555555556,0.5018840160694626,0.013333333333333334,nan
syn2_d20_redundant0.8_noise0.1,controlled_gaussian_mixture_round2,2026,0.7,release_1,matched_kmeans,logistic,600,20,2,9,33.333333333333336,33.0,21,47,0,0.0,0.0,2.260183438702011,2.545178975850707,0.8232427192090312,0.8378378378378378,0.7021276595744681,0.8787878787878788,20,2.0,5.0,0.3,3,0.8,0.1,0.5008777777777778,0.48046284439076864,0.0,nan
syn2_d20_redundant0.8_noise0.1,controlled_gaussian_mixture_round2,2026,0.7,release_1,matched_kmeans,random_forest,600,20,2,9,33.333333333333336,33.0,21,47,0,0.0,0.0,2.260183438702011,2.545178975850707,0.8232427192090312,0.8378378378378378,0.7021276595744681,0.8787878787878788,20,2.0,5.0,0.3,3,0.8,0.1,0.5584,0.5408712234572717,0.016666666666666666,nan
syn2_d20_redundant0.8_noise0.1,controlled_gaussian_mixture_round2,2026,0.7,release_2,granular_ball,logistic,600,20,2,9,33.333333333333336,20.0,10,70,0,0.0,0.0,2.3053528655488225,2.4802954354282125,0.8545773459125658,0.8666666666666667,0.8305084745762712,0.9142857142857143,20,2.0,5.0,0.3,3,0.8,0.1,0.4684333333333333,0.48480179730054035,0.006666666666666667,nan
syn2_d20_redundant0.8_noise0.1,controlled_gaussian_mixture_round2,2026,0.7,release_2,granular_ball,random_forest,600,20,2,9,33.333333333333336,20.0,10,70,0,0.0,0.0,2.3053528655488225,2.4802954354282125,0.8545773459125658,0.8666666666666667,0.8305084745762712,0.9142857142857143,20,2.0,5.0,0.3,3,0.8,0.1,0.4997111111111111,0.5016839002013743,0.006666666666666667,nan
syn2_d20_redundant0.8_noise0.1,controlled_gaussian_mixture_round2,2026,0.7,release_2,matched_kmeans,logistic,600,20,2,9,33.333333333333336,33.0,21,47,0,0.0,0.0,2.260183438702011,2.545178975850707,0.8232427192090312,0.8378378378378378,0.7021276595744681,0.8787878787878788,20,2.0,5.0,0.3,3,0.8,0.1,0.507411111111111,0.50009660089808,0.0033333333333333335,nan
syn2_d20_redundant0.8_noise0.1,controlled_gaussian_mixture_round2,2026,0.7,release_2,matched_kmeans,random_forest,600,20,2,9,33.333333333333336,33.0,21,47,0,0.0,0.0,2.260183438702011,2.545178975850707,0.8232427192090312,0.8378378378378378,0.7021276595744681,0.8787878787878788,20,2.0,5.0,0.3,3,0.8,0.1,0.5795444444444444,0.5521769551982938,0.01,nan
syn2_d20_redundant0.8_noise0.1,controlled_gaussian_mixture_round2,2026,0.7,release_3,granular_ball,logistic,600,20,2,9,33.333333333333336,20.0,10,70,0,0.0,0.0,2.3053528655488225,2.4802954354282125,0.8545773459125658,0.8666666666666667,0.8305084745762712,0.9142857142857143,20,2.0,5.0,0.3,3,0.8,0.1,0.43476666666666675,0.461424647297847,0.013333333333333334,nan
syn2_d20_redundant0.8_noise0.1,controlled_gaussian_mixture_round2,2026,0.7,release_3,granular_ball,random_forest,600,20,2,9,33.333333333333336,20.0,10,70,0,0.0,0.0,2.3053528655488225,2.4802954354282125,0.8545773459125658,0.8666666666666667,0.8305084745762712,0.9142857142857143,20,2.0,5.0,0.3,3,0.8,0.1,0.49277777777777776,0.5029243005642793,0.013333333333333334,nan
syn2_d20_redundant0.8_noise0.1,controlled_gaussian_mixture_round2,2026,0.7,release_3,matched_kmeans,logistic,600,20,2,9,33.333333333333336,33.0,21,47,0,0.0,0.0,2.260183438702011,2.545178975850707,0.8232427192090312,0.8378378378378378,0.7021276595744681,0.8787878787878788,20,2.0,5.0,0.3,3,0.8,0.1,0.5554777777777777,0.5418346164741372,0.006666666666666667,nan
syn2_d20_redundant0.8_noise0.1,controlled_gaussian_mixture_round2,2026,0.7,release_3,matched_kmeans,random_forest,600,20,2,9,33.333333333333336,33.0,21,47,0,0.0,0.0,2.260183438702011,2.545178975850707,0.8232427192090312,0.8378378378378378,0.7021276595744681,0.8787878787878788,20,2.0,5.0,0.3,3,0.8,0.1,0.5741222222222222,0.5595482368126723,0.006666666666666667,nan
syn2_d20_redundant0.8_noise0.1,controlled_gaussian_mixture_round2,2026,0.8,release_1,granular_ball,logistic,600,20,2,16,18.75,15.0,1,70,1,0.3125,0.375,1.7925034489107954,1.5892637762470592,0.885805077087275,0.9071428571428571,0.826828724353256,1.0,20,2.0,5.0,0.3,3,0.8,0.1,0.5085,0.49684178797542633,0.0033333333333333335,nan
syn2_d20_redundant0.8_noise0.1,controlled_gaussian_mixture_round2,2026,0.8,release_1,granular_ball,random_forest,600,20,2,16,18.75,15.0,1,70,1,0.3125,0.375,1.7925034489107954,1.5892637762470592,0.885805077087275,0.9071428571428571,0.826828724353256,1.0,20,2.0,5.0,0.3,3,0.8,0.1,0.4580166666666666,0.4886998886205571,0.016666666666666666,nan
syn2_d20_redundant0.8_noise0.1,controlled_gaussian_mixture_round2,2026,0.8,release_1,matched_kmeans,logistic,600,20,2,16,18.75,15.5,5,41,0,0.0,0.0625,2.1342003649681587,2.311389028475414,0.8649704637128417,0.861904761904762,0.7890243902439025,0.96875,20,2.0,5.0,0.3,3,0.8,0.1,0.5296888888888889,0.50246171753022,0.0033333333333333335,nan
syn2_d20_redundant0.8_noise0.1,controlled_gaussian_mixture_round2,2026,0.8,release_1,matched_kmeans,random_forest,600,20,2,16,18.75,15.5,5,41,0,0.0,0.0625,2.1342003649681587,2.311389028475414,0.8649704637128417,0.861904761904762,0.7890243902439025,0.96875,20,2.0,5.0,0.3,3,0.8,0.1,0.5474222222222221,0.529302936143359,0.02666666666666667,nan
syn2_d20_redundant0.8_noise0.1,controlled_gaussian_mixture_round2,2026,0.8,release_2,granular_ball,logistic,600,20,2,16,18.75,15.0,1,70,1,0.3125,0.375,1.7925034489107954,1.5892637762470592,0.885805077087275,0.9071428571428571,0.826828724353256,1.0,20,2.0,5.0,0.3,3,0.8,0.1,0.5098444444444444,0.49805791451727277,0.01,nan
syn2_d20_redundant0.8_noise0.1,controlled_gaussian_mixture_round2,2026,0.8,release_2,granular_ball,random_forest,600,20,2,16,18.75,15.0,1,70,1,0.3125,0.375,1.7925034489107954,1.5892637762470592,0.885805077087275,0.9071428571428571,0.826828724353256,1.0,20,2.0,5.0,0.3,3,0.8,0.1,0.4651777777777778,0.4673262085227123,0.0033333333333333335,nan
syn2_d20_redundant0.8_noise0.1,controlled_gaussian_mixture_round2,2026,0.8,release_2,matched_kmeans,logistic,600,20,2,16,18.75,15.5,5,41,0,0.0,0.0625,2.1342003649681587,2.311389028475414,0.8649704637128417,0.861904761904762,0.7890243902439025,0.96875,20,2.0,5.0,0.3,3,0.8,0.1,0.5559444444444445,0.5414231137747179,0.0033333333333333335,nan
syn2_d20_redundant0.8_noise0.1,controlled_gaussian_mixture_round2,2026,0.8,release_2,matched_kmeans,random_forest,600,20,2,16,18.75,15.5,5,41,0,0.0,0.0625,2.1342003649681587,2.311389028475414,0.8649704637128417,0.861904761904762,0.7890243902439025,0.96875,20,2.0,5.0,0.3,3,0.8,0.1,0.5247999999999999,0.5040889089496363,0.01,nan
syn2_d20_redundant0.8_noise0.1,controlled_gaussian_mixture_round2,2026,0.8,release_3,granular_ball,logistic,600,20,2,16,18.75,15.0,1,70,1,0.3125,0.375,1.7925034489107954,1.5892637762470592,0.885805077087275,0.9071428571428571,0.826828724353256,1.0,20,2.0,5.0,0.3,3,0.8,0.1,0.5274666666666666,0.5318395507820608,0.023333333333333334,nan
syn2_d20_redundant0.8_noise0.1,controlled_gaussian_mixture_round2,2026,0.8,release_3,granular_ball,random_forest,600,20,2,16,18.75,15.0,1,70,1,0.3125,0.375,1.7925034489107954,1.5892637762470592,0.885805077087275,0.9071428571428571,0.826828724353256,1.0,20,2.0,5.0,0.3,3,0.8,0.1,0.4835777777777778,0.48354183900256487,0.0033333333333333335,nan
syn2_d20_redundant0.8_noise0.1,controlled_gaussian_mixture_round2,2026,0.8,release_3,matched_kmeans,logistic,600,20,2,16,18.75,15.5,5,41,0,0.0,0.0625,2.1342003649681587,2.311389028475414,0.8649704637128417,0.861904761904762,0.7890243902439025,0.96875,20,2.0,5.0,0.3,3,0.8,0.1,0.5387666666666666,0.5346828862544519,0.0033333333333333335,nan
syn2_d20_redundant0.8_noise0.1,controlled_gaussian_mixture_round2,2026,0.8,release_3,matched_kmeans,random_forest,600,20,2,16,18.75,15.5,5,41,0,0.0,0.0625,2.1342003649681587,2.311389028475414,0.8649704637128417,0.861904761904762,0.7890243902439025,0.96875,20,2.0,5.0,0.3,3,0.8,0.1,0.5238444444444444,0.49776383187819623,0.006666666666666667,nan
syn2_d20_redundant0.8_noise0.1,controlled_gaussian_mixture_round2,2026,0.9,release_1,granular_ball,logistic,600,20,2,61,4.918032786885246,2.0,1,70,20,0.6229508196721312,0.8360655737704918,0.6973019497950882,0.41313186687549547,0.898470655028032,1.0,0.9090909090909091,1.0,20,2.0,5.0,0.3,3,0.8,0.1,0.6027555555555556,0.6436526498263131,0.07333333333333333,nan
syn2_d20_redundant0.8_noise0.1,controlled_gaussian_mixture_round2,2026,0.9,release_1,granular_ball,random_forest,600,20,2,61,4.918032786885246,2.0,1,70,20,0.6229508196721312,0.8360655737704918,0.6973019497950882,0.41313186687549547,0.898470655028032,1.0,0.9090909090909091,1.0,20,2.0,5.0,0.3,3,0.8,0.1,0.6488666666666667,0.674439946620581,0.13333333333333333,nan
syn2_d20_redundant0.8_noise0.1,controlled_gaussian_mixture_round2,2026,0.9,release_1,matched_kmeans,logistic,600,20,2,61,4.918032786885246,4.0,1,21,8,0.26229508196721313,0.7049180327868853,1.0569727049210846,1.1466279945911433,0.9129130887327608,1.0,0.8571428571428571,1.0,20,2.0,5.0,0.3,3,0.8,0.1,0.7896777777777779,0.7944712524837587,0.11,nan
syn2_d20_redundant0.8_noise0.1,controlled_gaussian_mixture_round2,2026,0.9,release_1,matched_kmeans,random_forest,600,20,2,61,4.918032786885246,4.0,1,21,8,0.26229508196721313,0.7049180327868853,1.0569727049210846,1.1466279945911433,0.9129130887327608,1.0,0.8571428571428571,1.0,20,2.0,5.0,0.3,3,0.8,0.1,0.7700777777777779,0.7848091794644771,0.14333333333333334,nan
syn2_d20_redundant0.8_noise0.1,controlled_gaussian_mixture_round2,2026,0.9,release_2,granular_ball,logistic,600,20,2,61,4.918032786885246,2.0,1,70,20,0.6229508196721312,0.8360655737704918,0.6973019497950882,0.41313186687549547,0.898470655028032,1.0,0.9090909090909091,1.0,20,2.0,5.0,0.3,3,0.8,0.1,0.6222444444444445,0.6407724750466541,0.09,nan
syn2_d20_redundant0.8_noise0.1,controlled_gaussian_mixture_round2,2026,0.9,release_2,granular_ball,random_forest,600,20,2,61,4.918032786885246,2.0,1,70,20,0.6229508196721312,0.8360655737704918,0.6973019497950882,0.41313186687549547,0.898470655028032,1.0,0.9090909090909091,1.0,20,2.0,5.0,0.3,3,0.8,0.1,0.6741722222222222,0.7124653624905393,0.14333333333333334,nan
syn2_d20_redundant0.8_noise0.1,controlled_gaussian_mixture_round2,2026,0.9,release_2,matched_kmeans,logistic,600,20,2,61,4.918032786885246,4.0,1,21,8,0.26229508196721313,0.7049180327868853,1.0569727049210846,1.1466279945911433,0.9129130887327608,1.0,0.8571428571428571,1.0,20,2.0,5.0,0.3,3,0.8,0.1,0.8137777777777778,0.8099797682810312,0.11,nan
syn2_d20_redundant0.8_noise0.1,controlled_gaussian_mixture_round2,2026,0.9,release_2,matched_kmeans,random_forest,600,20,2,61,4.918032786885246,4.0,1,21,8,0.26229508196721313,0.7049180327868853,1.0569727049210846,1.1466279945911433,0.9129130887327608,1.0,0.8571428571428571,1.0,20,2.0,5.0,0.3,3,0.8,0.1,0.7908555555555555,0.7979185188807019,0.14,nan
syn2_d20_redundant0.8_noise0.1,controlled_gaussian_mixture_round2,2026,0.9,release_3,granular_ball,logistic,600,20,2,61,4.918032786885246,2.0,1,70,20,0.6229508196721312,0.8360655737704918,0.6973019497950882,0.41313186687549547,0.898470655028032,1.0,0.9090909090909091,1.0,20,2.0,5.0,0.3,3,0.8,0.1,0.6133666666666667,0.633914372172903,0.08666666666666667,nan
syn2_d20_redundant0.8_noise0.1,controlled_gaussian_mixture_round2,2026,0.9,release_3,granular_ball,random_forest,600,20,2,61,4.918032786885246,2.0,1,70,20,0.6229508196721312,0.8360655737704918,0.6973019497950882,0.41313186687549547,0.898470655028032,1.0,0.9090909090909091,1.0,20,2.0,5.0,0.3,3,0.8,0.1,0.6729333333333333,0.7137133462154661,0.16333333333333333,nan
syn2_d20_redundant0.8_noise0.1,controlled_gaussian_mixture_round2,2026,0.9,release_3,matched_kmeans,logistic,600,20,2,61,4.918032786885246,4.0,1,21,8,0.26229508196721313,0.7049180327868853,1.0569727049210846,1.1466279945911433,0.9129130887327608,1.0,0.8571428571428571,1.0,20,2.0,5.0,0.3,3,0.8,0.1,0.8096222222222222,0.8068264965779,0.10666666666666667,nan
syn2_d20_redundant0.8_noise0.1,controlled_gaussian_mixture_round2,2026,0.9,release_3,matched_kmeans,random_forest,600,20,2,61,4.918032786885246,4.0,1,21,8,0.26229508196721313,0.7049180327868853,1.0569727049210846,1.1466279945911433,0.9129130887327608,1.0,0.8571428571428571,1.0,20,2.0,5.0,0.3,3,0.8,0.1,0.793561111111111,0.7921508935620748,0.14333333333333334,nan
syn2_d20_redundant0.8_noise0.1,controlled_gaussian_mixture_round2,2026,0.95,release_1,granular_ball,logistic,600,20,2,107,2.803738317757009,2.0,1,25,43,0.7009345794392523,0.9158878504672897,0.5521876617294618,0.3151488401875099,0.9197196261682244,1.0,1.0,1.0,20,2.0,5.0,0.3,3,0.8,0.1,0.7445,0.7706297168596834,0.18,nan
syn2_d20_redundant0.8_noise0.1,controlled_gaussian_mixture_round2,2026,0.95,release_1,granular_ball,random_forest,600,20,2,107,2.803738317757009,2.0,1,25,43,0.7009345794392523,0.9158878504672897,0.5521876617294618,0.3151488401875099,0.9197196261682244,1.0,1.0,1.0,20,2.0,5.0,0.3,3,0.8,0.1,0.7216111111111112,0.7685831479529592,0.23666666666666666,nan
syn2_d20_redundant0.8_noise0.1,controlled_gaussian_mixture_round2,2026,0.95,release_1,matched_kmeans,logistic,600,20,2,107,2.803738317757009,2.0,1,15,46,0.5700934579439252,0.9158878504672897,0.48347007119774815,0.5831603362246395,0.945212134698116,1.0,1.0,1.0,20,2.0,5.0,0.3,3,0.8,0.1,0.8685666666666667,0.8721345091607868,0.36333333333333334,nan
syn2_d20_redundant0.8_noise0.1,controlled_gaussian_mixture_round2,2026,0.95,release_1,matched_kmeans,random_forest,600,20,2,107,2.803738317757009,2.0,1,15,46,0.5700934579439252,0.9158878504672897,0.48347007119774815,0.5831603362246395,0.945212134698116,1.0,1.0,1.0,20,2.0,5.0,0.3,3,0.8,0.1,0.8534722222222222,0.8525956128146633,0.29333333333333333,nan
syn2_d20_redundant0.8_noise0.1,controlled_gaussian_mixture_round2,2026,0.95,release_2,granular_ball,logistic,600,20,2,107,2.803738317757009,2.0,1,25,43,0.7009345794392523,0.9158878504672897,0.5521876617294618,0.3151488401875099,0.9197196261682244,1.0,1.0,1.0,20,2.0,5.0,0.3,3,0.8,0.1,0.7898777777777779,0.7848308575097254,0.08333333333333333,nan
syn2_d20_redundant0.8_noise0.1,controlled_gaussian_mixture_round2,2026,0.95,release_2,granular_ball,random_forest,600,20,2,107,2.803738317757009,2.0,1,25,43,0.7009345794392523,0.9158878504672897,0.5521876617294618,0.3151488401875099,0.9197196261682244,1.0,1.0,1.0,20,2.0,5.0,0.3,3,0.8,0.1,0.8113888888888889,0.8241654901033233,0.23,nan
syn2_d20_redundant0.8_noise0.1,controlled_gaussian_mixture_round2,2026,0.95,release_2,matched_kmeans,logistic,600,20,2,107,2.803738317757009,2.0,1,15,46,0.5700934579439252,0.9158878504672897,0.48347007119774815,0.5831603362246395,0.945212134698116,1.0,1.0,1.0,20,2.0,5.0,0.3,3,0.8,0.1,0.8990444444444444,0.8907584317031247,0.37,nan
syn2_d20_redundant0.8_noise0.1,controlled_gaussian_mixture_round2,2026,0.95,release_2,matched_kmeans,random_forest,600,20,2,107,2.803738317757009,2.0,1,15,46,0.5700934579439252,0.9158878504672897,0.48347007119774815,0.5831603362246395,0.945212134698116,1.0,1.0,1.0,20,2.0,5.0,0.3,3,0.8,0.1,0.8974555555555556,0.8877296057658097,0.30666666666666664,nan
syn2_d20_redundant0.8_noise0.1,controlled_gaussian_mixture_round2,2026,0.95,release_3,granular_ball,logistic,600,20,2,107,2.803738317757009,2.0,1,25,43,0.7009345794392523,0.9158878504672897,0.5521876617294618,0.3151488401875099,0.9197196261682244,1.0,1.0,1.0,20,2.0,5.0,0.3,3,0.8,0.1,0.7849777777777778,0.7812303667509299,0.1,nan
syn2_d20_redundant0.8_noise0.1,controlled_gaussian_mixture_round2,2026,0.95,release_3,granular_ball,random_forest,600,20,2,107,2.803738317757009,2.0,1,25,43,0.7009345794392523,0.9158878504672897,0.5521876617294618,0.3151488401875099,0.9197196261682244,1.0,1.0,1.0,20,2.0,5.0,0.3,3,0.8,0.1,0.8214777777777779,0.8374903308484993,0.2833333333333333,nan
syn2_d20_redundant0.8_noise0.1,controlled_gaussian_mixture_round2,2026,0.95,release_3,matched_kmeans,logistic,600,20,2,107,2.803738317757009,2.0,1,15,46,0.5700934579439252,0.9158878504672897,0.48347007119774815,0.5831603362246395,0.945212134698116,1.0,1.0,1.0,20,2.0,5.0,0.3,3,0.8,0.1,0.9007444444444443,0.8920960606703479,0.34,nan
syn2_d20_redundant0.8_noise0.1,controlled_gaussian_mixture_round2,2026,0.95,release_3,matched_kmeans,random_forest,600,20,2,107,2.803738317757009,2.0,1,15,46,0.5700934579439252,0.9158878504672897,0.48347007119774815,0.5831603362246395,0.945212134698116,1.0,1.0,1.0,20,2.0,5.0,0.3,3,0.8,0.1,0.8979777777777778,0.8899035371397381,0.29,nan
syn2_d20_redundant0.8_noise0.1,controlled_gaussian_mixture_round2,2026,0.99,release_1,granular_ball,logistic,600,20,2,116,2.586206896551724,2.0,1,15,45,0.6982758620689655,0.9224137931034483,0.5626200816429283,0.40500919013818104,0.9224137931034483,1.0,1.0,1.0,20,2.0,5.0,0.3,3,0.8,0.1,0.7804777777777777,0.7974719247689658,0.20333333333333334,nan
syn2_d20_redundant0.8_noise0.1,controlled_gaussian_mixture_round2,2026,0.99,release_1,granular_ball,random_forest,600,20,2,116,2.586206896551724,2.0,1,15,45,0.6982758620689655,0.9224137931034483,0.5626200816429283,0.40500919013818104,0.9224137931034483,1.0,1.0,1.0,20,2.0,5.0,0.3,3,0.8,0.1,0.7617277777777778,0.7984975020052851,0.25333333333333335,nan
syn2_d20_redundant0.8_noise0.1,controlled_gaussian_mixture_round2,2026,0.99,release_1,matched_kmeans,logistic,600,20,2,116,2.586206896551724,2.0,1,14,56,0.6206896551724138,0.9224137931034483,0.41304838638760016,0.434037156884464,0.9504276135741654,1.0,1.0,1.0,20,2.0,5.0,0.3,3,0.8,0.1,0.8813333333333334,0.8830122381819725,0.37333333333333335,nan
syn2_d20_redundant0.8_noise0.1,controlled_gaussian_mixture_round2,2026,0.99,release_1,matched_kmeans,random_forest,600,20,2,116,2.586206896551724,2.0,1,14,56,0.6206896551724138,0.9224137931034483,0.41304838638760016,0.434037156884464,0.9504276135741654,1.0,1.0,1.0,20,2.0,5.0,0.3,3,0.8,0.1,0.8775999999999999,0.8805692452642142,0.3466666666666667,nan
syn2_d20_redundant0.8_noise0.1,controlled_gaussian_mixture_round2,2026,0.99,release_2,granular_ball,logistic,600,20,2,116,2.586206896551724,2.0,1,15,45,0.6982758620689655,0.9224137931034483,0.5626200816429283,0.40500919013818104,0.9224137931034483,1.0,1.0,1.0,20,2.0,5.0,0.3,3,0.8,0.1,0.8230222222222224,0.8126663916611333,0.12333333333333334,nan
syn2_d20_redundant0.8_noise0.1,controlled_gaussian_mixture_round2,2026,0.99,release_2,granular_ball,random_forest,600,20,2,116,2.586206896551724,2.0,1,15,45,0.6982758620689655,0.9224137931034483,0.5626200816429283,0.40500919013818104,0.9224137931034483,1.0,1.0,1.0,20,2.0,5.0,0.3,3,0.8,0.1,0.841938888888889,0.8481626810504573,0.24,nan
syn2_d20_redundant0.8_noise0.1,controlled_gaussian_mixture_round2,2026,0.99,release_2,matched_kmeans,logistic,600,20,2,116,2.586206896551724,2.0,1,14,56,0.6206896551724138,0.9224137931034483,0.41304838638760016,0.434037156884464,0.9504276135741654,1.0,1.0,1.0,20,2.0,5.0,0.3,3,0.8,0.1,0.9115666666666666,0.9019017755281099,0.38333333333333336,nan
syn2_d20_redundant0.8_noise0.1,controlled_gaussian_mixture_round2,2026,0.99,release_2,matched_kmeans,random_forest,600,20,2,116,2.586206896551724,2.0,1,14,56,0.6206896551724138,0.9224137931034483,0.41304838638760016,0.434037156884464,0.9504276135741654,1.0,1.0,1.0,20,2.0,5.0,0.3,3,0.8,0.1,0.915088888888889,0.9073477876874514,0.3333333333333333,nan
syn2_d20_redundant0.8_noise0.1,controlled_gaussian_mixture_round2,2026,0.99,release_3,granular_ball,logistic,600,20,2,116,2.586206896551724,2.0,1,15,45,0.6982758620689655,0.9224137931034483,0.5626200816429283,0.40500919013818104,0.9224137931034483,1.0,1.0,1.0,20,2.0,5.0,0.3,3,0.8,0.1,0.8217111111111111,0.8141065354568752,0.13,nan
syn2_d20_redundant0.8_noise0.1,controlled_gaussian_mixture_round2,2026,0.99,release_3,granular_ball,random_forest,600,20,2,116,2.586206896551724,2.0,1,15,45,0.6982758620689655,0.9224137931034483,0.5626200816429283,0.40500919013818104,0.9224137931034483,1.0,1.0,1.0,20,2.0,5.0,0.3,3,0.8,0.1,0.8481888888888891,0.8581791312534646,0.2966666666666667,nan
syn2_d20_redundant0.8_noise0.1,controlled_gaussian_mixture_round2,2026,0.99,release_3,matched_kmeans,logistic,600,20,2,116,2.586206896551724,2.0,1,14,56,0.6206896551724138,0.9224137931034483,0.41304838638760016,0.434037156884464,0.9504276135741654,1.0,1.0,1.0,20,2.0,5.0,0.3,3,0.8,0.1,0.9122444444444444,0.9028844859199494,0.37666666666666665,nan
syn2_d20_redundant0.8_noise0.1,controlled_gaussian_mixture_round2,2026,0.99,release_3,matched_kmeans,random_forest,600,20,2,116,2.586206896551724,2.0,1,14,56,0.6206896551724138,0.9224137931034483,0.41304838638760016,0.434037156884464,0.9504276135741654,1.0,1.0,1.0,20,2.0,5.0,0.3,3,0.8,0.1,0.9146888888888889,0.9060085368649626,0.2733333333333333,nan
syn2_d80_redundant0_noise0,controlled_gaussian_mixture_round2,42,0.7,release_1,granular_ball,logistic,600,80,2,1,300.0,300.0,300,300,0,0.0,0.0,8.167156788567336,8.167156788567336,0.7,0.7,0.7,0.7,80,2.0,5.0,0.3,3,0.0,0.0,0.4853111111111111,0.48560487009912556,0.0033333333333333335,nan
syn2_d80_redundant0_noise0,controlled_gaussian_mixture_round2,42,0.7,release_1,granular_ball,random_forest,600,80,2,1,300.0,300.0,300,300,0,0.0,0.0,8.167156788567336,8.167156788567336,0.7,0.7,0.7,0.7,80,2.0,5.0,0.3,3,0.0,0.0,0.5234722222222222,0.5421829241823709,0.06333333333333334,nan
syn2_d80_redundant0_noise0,controlled_gaussian_mixture_round2,42,0.7,release_1,matched_kmeans,logistic,600,80,2,1,300.0,300.0,300,300,0,0.0,0.0,8.167156788567336,8.167156788567336,0.7,0.7,0.7,0.7,80,2.0,5.0,0.3,3,0.0,0.0,0.4853111111111111,0.48560487009912556,0.0033333333333333335,nan
syn2_d80_redundant0_noise0,controlled_gaussian_mixture_round2,42,0.7,release_1,matched_kmeans,random_forest,600,80,2,1,300.0,300.0,300,300,0,0.0,0.0,8.167156788567336,8.167156788567336,0.7,0.7,0.7,0.7,80,2.0,5.0,0.3,3,0.0,0.0,0.5234722222222222,0.5421829241823709,0.06333333333333334,nan
syn2_d80_redundant0_noise0,controlled_gaussian_mixture_round2,42,0.7,release_2,granular_ball,logistic,600,80,2,1,300.0,300.0,300,300,0,0.0,0.0,8.167156788567336,8.167156788567336,0.7,0.7,0.7,0.7,80,2.0,5.0,0.3,3,0.0,0.0,0.5414111111111112,0.5584492493767539,0.03333333333333333,nan
syn2_d80_redundant0_noise0,controlled_gaussian_mixture_round2,42,0.7,release_2,granular_ball,random_forest,600,80,2,1,300.0,300.0,300,300,0,0.0,0.0,8.167156788567336,8.167156788567336,0.7,0.7,0.7,0.7,80,2.0,5.0,0.3,3,0.0,0.0,0.5236833333333334,0.5433531911582128,0.06333333333333334,nan
syn2_d80_redundant0_noise0,controlled_gaussian_mixture_round2,42,0.7,release_2,matched_kmeans,logistic,600,80,2,1,300.0,300.0,300,300,0,0.0,0.0,8.167156788567336,8.167156788567336,0.7,0.7,0.7,0.7,80,2.0,5.0,0.3,3,0.0,0.0,0.5414111111111112,0.5584492493767539,0.03333333333333333,nan
syn2_d80_redundant0_noise0,controlled_gaussian_mixture_round2,42,0.7,release_2,matched_kmeans,random_forest,600,80,2,1,300.0,300.0,300,300,0,0.0,0.0,8.167156788567336,8.167156788567336,0.7,0.7,0.7,0.7,80,2.0,5.0,0.3,3,0.0,0.0,0.5236833333333334,0.5433531911582128,0.06333333333333334,nan
syn2_d80_redundant0_noise0,controlled_gaussian_mixture_round2,42,0.7,release_3,granular_ball,logistic,600,80,2,1,300.0,300.0,300,300,0,0.0,0.0,8.167156788567336,8.167156788567336,0.7,0.7,0.7,0.7,80,2.0,5.0,0.3,3,0.0,0.0,0.5414111111111112,0.5584492493767539,0.03333333333333333,nan
syn2_d80_redundant0_noise0,controlled_gaussian_mixture_round2,42,0.7,release_3,granular_ball,random_forest,600,80,2,1,300.0,300.0,300,300,0,0.0,0.0,8.167156788567336,8.167156788567336,0.7,0.7,0.7,0.7,80,2.0,5.0,0.3,3,0.0,0.0,0.5236055555555555,0.5428505448441991,0.06333333333333334,nan
syn2_d80_redundant0_noise0,controlled_gaussian_mixture_round2,42,0.7,release_3,matched_kmeans,logistic,600,80,2,1,300.0,300.0,300,300,0,0.0,0.0,8.167156788567336,8.167156788567336,0.7,0.7,0.7,0.7,80,2.0,5.0,0.3,3,0.0,0.0,0.5414111111111112,0.5584492493767539,0.03333333333333333,nan
syn2_d80_redundant0_noise0,controlled_gaussian_mixture_round2,42,0.7,release_3,matched_kmeans,random_forest,600,80,2,1,300.0,300.0,300,300,0,0.0,0.0,8.167156788567336,8.167156788567336,0.7,0.7,0.7,0.7,80,2.0,5.0,0.3,3,0.0,0.0,0.5236055555555555,0.5428505448441991,0.06333333333333334,nan
syn2_d80_redundant0_noise0,controlled_gaussian_mixture_round2,42,0.8,release_1,granular_ball,logistic,600,80,2,29,10.344827586206897,1.0,1,71,22,0.7586206896551724,0.7586206896551724,1.9832252617573203,0.0,0.9878198410061093,1.0,1.0,1.0,80,2.0,5.0,0.3,3,0.0,0.0,0.6899555555555555,0.697595568220938,0.11333333333333333,nan
syn2_d80_redundant0_noise0,controlled_gaussian_mixture_round2,42,0.8,release_1,granular_ball,random_forest,600,80,2,29,10.344827586206897,1.0,1,71,22,0.7586206896551724,0.7586206896551724,1.9832252617573203,0.0,0.9878198410061093,1.0,1.0,1.0,80,2.0,5.0,0.3,3,0.0,0.0,0.7548111111111111,0.7581156816532891,0.1,nan
syn2_d80_redundant0_noise0,controlled_gaussian_mixture_round2,42,0.8,release_1,matched_kmeans,logistic,600,80,2,29,10.344827586206897,1.0,1,99,24,0.8275862068965517,0.8275862068965517,1.4665147970405452,0.0,0.9695663531870429,1.0,1.0,1.0,80,2.0,5.0,0.3,3,0.0,0.0,0.7339444444444444,0.7076882487663305,0.09333333333333334,nan
syn2_d80_redundant0_noise0,controlled_gaussian_mixture_round2,42,0.8,release_1,matched_kmeans,random_forest,600,80,2,29,10.344827586206897,1.0,1,99,24,0.8275862068965517,0.8275862068965517,1.4665147970405452,0.0,0.9695663531870429,1.0,1.0,1.0,80,2.0,5.0,0.3,3,0.0,0.0,0.781888888888889,0.7975949946134104,0.19333333333333333,nan
syn2_d80_redundant0_noise0,controlled_gaussian_mixture_round2,42,0.8,release_2,granular_ball,logistic,600,80,2,29,10.344827586206897,1.0,1,71,22,0.7586206896551724,0.7586206896551724,1.9832252617573203,0.0,0.9878198410061093,1.0,1.0,1.0,80,2.0,5.0,0.3,3,0.0,0.0,0.7334222222222222,0.7503580510675669,0.14,nan
syn2_d80_redundant0_noise0,controlled_gaussian_mixture_round2,42,0.8,release_2,granular_ball,random_forest,600,80,2,29,10.344827586206897,1.0,1,71,22,0.7586206896551724,0.7586206896551724,1.9832252617573203,0.0,0.9878198410061093,1.0,1.0,1.0,80,2.0,5.0,0.3,3,0.0,0.0,0.7876444444444445,0.7926617448356412,0.15666666666666668,nan
syn2_d80_redundant0_noise0,controlled_gaussian_mixture_round2,42,0.8,release_2,matched_kmeans,logistic,600,80,2,29,10.344827586206897,1.0,1,99,24,0.8275862068965517,0.8275862068965517,1.4665147970405452,0.0,0.9695663531870429,1.0,1.0,1.0,80,2.0,5.0,0.3,3,0.0,0.0,0.6974666666666667,0.7071542547150098,0.13333333333333333,nan
syn2_d80_redundant0_noise0,controlled_gaussian_mixture_round2,42,0.8,release_2,matched_kmeans,random_forest,600,80,2,29,10.344827586206897,1.0,1,99,24,0.8275862068965517,0.8275862068965517,1.4665147970405452,0.0,0.9695663531870429,1.0,1.0,1.0,80,2.0,5.0,0.3,3,0.0,0.0,0.7738,0.7917462510993419,0.22666666666666666,nan
syn2_d80_redundant0_noise0,controlled_gaussian_mixture_round2,42,0.8,release_3,granular_ball,logistic,600,80,2,29,10.344827586206897,1.0,1,71,22,0.7586206896551724,0.7586206896551724,1.9832252617573203,0.0,0.9878198410061093,1.0,1.0,1.0,80,2.0,5.0,0.3,3,0.0,0.0,0.7325777777777778,0.7345144968380091,0.09666666666666666,nan
syn2_d80_redundant0_noise0,controlled_gaussian_mixture_round2,42,0.8,release_3,granular_ball,random_forest,600,80,2,29,10.344827586206897,1.0,1,71,22,0.7586206896551724,0.7586206896551724,1.9832252617573203,0.0,0.9878198410061093,1.0,1.0,1.0,80,2.0,5.0,0.3,3,0.0,0.0,0.7898,0.7922182156004391,0.14,nan
syn2_d80_redundant0_noise0,controlled_gaussian_mixture_round2,42,0.8,release_3,matched_kmeans,logistic,600,80,2,29,10.344827586206897,1.0,1,99,24,0.8275862068965517,0.8275862068965517,1.4665147970405452,0.0,0.9695663531870429,1.0,1.0,1.0,80,2.0,5.0,0.3,3,0.0,0.0,0.6960555555555556,0.7113031251084354,0.14666666666666667,nan
syn2_d80_redundant0_noise0,controlled_gaussian_mixture_round2,42,0.8,release_3,matched_kmeans,random_forest,600,80,2,29,10.344827586206897,1.0,1,99,24,0.8275862068965517,0.8275862068965517,1.4665147970405452,0.0,0.9695663531870429,1.0,1.0,1.0,80,2.0,5.0,0.3,3,0.0,0.0,0.7722444444444445,0.7860636007196482,0.2,nan
syn2_d80_redundant0_noise0,controlled_gaussian_mixture_round2,42,0.9,release_1,granular_ball,logistic,600,80,2,38,7.894736842105263,1.0,1,65,29,0.7631578947368421,0.7894736842105263,1.7472421257074355,0.0,0.9936053368715908,1.0,1.0,1.0,80,2.0,5.0,0.3,3,0.0,0.0,0.7924999999999999,0.8010291622320157,0.21333333333333335,nan
syn2_d80_redundant0_noise0,controlled_gaussian_mixture_round2,42,0.9,release_1,granular_ball,random_forest,600,80,2,38,7.894736842105263,1.0,1,65,29,0.7631578947368421,0.7894736842105263,1.7472421257074355,0.0,0.9936053368715908,1.0,1.0,1.0,80,2.0,5.0,0.3,3,0.0,0.0,0.7864777777777778,0.7957565702780596,0.13666666666666666,nan
syn2_d80_redundant0_noise0,controlled_gaussian_mixture_round2,42,0.9,release_1,matched_kmeans,logistic,600,80,2,38,7.894736842105263,1.0,1,95,33,0.868421052631579,0.868421052631579,1.1031811791633424,0.0,0.9763157894736842,1.0,1.0,1.0,80,2.0,5.0,0.3,3,0.0,0.0,0.7110888888888889,0.6923775167609248,0.11333333333333333,nan
syn2_d80_redundant0_noise0,controlled_gaussian_mixture_round2,42,0.9,release_1,matched_kmeans,random_forest,600,80,2,38,7.894736842105263,1.0,1,95,33,0.868421052631579,0.868421052631579,1.1031811791633424,0.0,0.9763157894736842,1.0,1.0,1.0,80,2.0,5.0,0.3,3,0.0,0.0,0.7448611111111113,0.7634490426191087,0.16666666666666666,nan
syn2_d80_redundant0_noise0,controlled_gaussian_mixture_round2,42,0.9,release_2,granular_ball,logistic,600,80,2,38,7.894736842105263,1.0,1,65,29,0.7631578947368421,0.7894736842105263,1.7472421257074355,0.0,0.9936053368715908,1.0,1.0,1.0,80,2.0,5.0,0.3,3,0.0,0.0,0.8134222222222223,0.8266654697037112,0.23,nan
syn2_d80_redundant0_noise0,controlled_gaussian_mixture_round2,42,0.9,release_2,granular_ball,random_forest,600,80,2,38,7.894736842105263,1.0,1,65,29,0.7631578947368421,0.7894736842105263,1.7472421257074355,0.0,0.9936053368715908,1.0,1.0,1.0,80,2.0,5.0,0.3,3,0.0,0.0,0.8179444444444444,0.8237088384040767,0.16666666666666666,nan
syn2_d80_redundant0_noise0,controlled_gaussian_mixture_round2,42,0.9,release_2,matched_kmeans,logistic,600,80,2,38,7.894736842105263,1.0,1,95,33,0.868421052631579,0.868421052631579,1.1031811791633424,0.0,0.9763157894736842,1.0,1.0,1.0,80,2.0,5.0,0.3,3,0.0,0.0,0.6729555555555555,0.6877812684163943,0.12333333333333334,nan
syn2_d80_redundant0_noise0,controlled_gaussian_mixture_round2,42,0.9,release_2,matched_kmeans,random_forest,600,80,2,38,7.894736842105263,1.0,1,95,33,0.868421052631579,0.868421052631579,1.1031811791633424,0.0,0.9763157894736842,1.0,1.0,1.0,80,2.0,5.0,0.3,3,0.0,0.0,0.7571222222222221,0.7714279779172637,0.16,nan
syn2_d80_redundant0_noise0,controlled_gaussian_mixture_round2,42,0.9,release_3,granular_ball,logistic,600,80,2,38,7.894736842105263,1.0,1,65,29,0.7631578947368421,0.7894736842105263,1.7472421257074355,0.0,0.9936053368715908,1.0,1.0,1.0,80,2.0,5.0,0.3,3,0.0,0.0,0.8157777777777777,0.8275363409075116,0.18,nan
syn2_d80_redundant0_noise0,controlled_gaussian_mixture_round2,42,0.9,release_3,granular_ball,random_forest,600,80,2,38,7.894736842105263,1.0,1,65,29,0.7631578947368421,0.7894736842105263,1.7472421257074355,0.0,0.9936053368715908,1.0,1.0,1.0,80,2.0,5.0,0.3,3,0.0,0.0,0.8190333333333333,0.8264166260425341,0.17,nan
syn2_d80_redundant0_noise0,controlled_gaussian_mixture_round2,42,0.9,release_3,matched_kmeans,logistic,600,80,2,38,7.894736842105263,1.0,1,95,33,0.868421052631579,0.868421052631579,1.1031811791633424,0.0,0.9763157894736842,1.0,1.0,1.0,80,2.0,5.0,0.3,3,0.0,0.0,0.674211111111111,0.6924496193171832,0.14,nan
syn2_d80_redundant0_noise0,controlled_gaussian_mixture_round2,42,0.9,release_3,matched_kmeans,random_forest,600,80,2,38,7.894736842105263,1.0,1,95,33,0.868421052631579,0.868421052631579,1.1031811791633424,0.0,0.9763157894736842,1.0,1.0,1.0,80,2.0,5.0,0.3,3,0.0,0.0,0.7591722222222224,0.7737135350380517,0.16,nan
syn2_d80_redundant0_noise0,controlled_gaussian_mixture_round2,42,0.95,release_1,granular_ball,logistic,600,80,2,43,6.976744186046512,1.0,1,65,33,0.7906976744186046,0.813953488372093,1.6630619267790723,0.0,0.9984546790292343,1.0,1.0,1.0,80,2.0,5.0,0.3,3,0.0,0.0,0.791688888888889,0.800226838732636,0.19333333333333333,nan
syn2_d80_redundant0_noise0,controlled_gaussian_mixture_round2,42,0.95,release_1,granular_ball,random_forest,600,80,2,43,6.976744186046512,1.0,1,65,33,0.7906976744186046,0.813953488372093,1.6630619267790723,0.0,0.9984546790292343,1.0,1.0,1.0,80,2.0,5.0,0.3,3,0.0,0.0,0.7969777777777778,0.8068164113634126,0.16666666666666666,nan
syn2_d80_redundant0_noise0,controlled_gaussian_mixture_round2,42,0.95,release_1,matched_kmeans,logistic,600,80,2,43,6.976744186046512,1.0,1,87,37,0.8604651162790697,0.8604651162790697,1.1887057034769304,0.0,0.9803528468323978,1.0,1.0,1.0,80,2.0,5.0,0.3,3,0.0,0.0,0.7424333333333334,0.7212969781925097,0.13,nan
syn2_d80_redundant0_noise0,controlled_gaussian_mixture_round2,42,0.95,release_1,matched_kmeans,random_forest,600,80,2,43,6.976744186046512,1.0,1,87,37,0.8604651162790697,0.8604651162790697,1.1887057034769304,0.0,0.9803528468323978,1.0,1.0,1.0,80,2.0,5.0,0.3,3,0.0,0.0,0.7917333333333334,0.8190448663467895,0.31666666666666665,nan
syn2_d80_redundant0_noise0,controlled_gaussian_mixture_round2,42,0.95,release_2,granular_ball,logistic,600,80,2,43,6.976744186046512,1.0,1,65,33,0.7906976744186046,0.813953488372093,1.6630619267790723,0.0,0.9984546790292343,1.0,1.0,1.0,80,2.0,5.0,0.3,3,0.0,0.0,0.8235666666666667,0.8261694564297917,0.2,nan
syn2_d80_redundant0_noise0,controlled_gaussian_mixture_round2,42,0.95,release_2,granular_ball,random_forest,600,80,2,43,6.976744186046512,1.0,1,65,33,0.7906976744186046,0.813953488372093,1.6630619267790723,0.0,0.9984546790292343,1.0,1.0,1.0,80,2.0,5.0,0.3,3,0.0,0.0,0.8218499999999997,0.8272172456171003,0.21,nan
syn2_d80_redundant0_noise0,controlled_gaussian_mixture_round2,42,0.95,release_2,matched_kmeans,logistic,600,80,2,43,6.976744186046512,1.0,1,87,37,0.8604651162790697,0.8604651162790697,1.1887057034769304,0.0,0.9803528468323978,1.0,1.0,1.0,80,2.0,5.0,0.3,3,0.0,0.0,0.7040222222222222,0.72289837880755,0.13666666666666666,nan
syn2_d80_redundant0_noise0,controlled_gaussian_mixture_round2,42,0.95,release_2,matched_kmeans,random_forest,600,80,2,43,6.976744186046512,1.0,1,87,37,0.8604651162790697,0.8604651162790697,1.1887057034769304,0.0,0.9803528468323978,1.0,1.0,1.0,80,2.0,5.0,0.3,3,0.0,0.0,0.7928055555555557,0.8137294589355547,0.27666666666666667,nan
syn2_d80_redundant0_noise0,controlled_gaussian_mixture_round2,42,0.95,release_3,granular_ball,logistic,600,80,2,43,6.976744186046512,1.0,1,65,33,0.7906976744186046,0.813953488372093,1.6630619267790723,0.0,0.9984546790292343,1.0,1.0,1.0,80,2.0,5.0,0.3,3,0.0,0.0,0.8229777777777779,0.8289668027978663,0.22333333333333333,nan
syn2_d80_redundant0_noise0,controlled_gaussian_mixture_round2,42,0.95,release_3,granular_ball,random_forest,600,80,2,43,6.976744186046512,1.0,1,65,33,0.7906976744186046,0.813953488372093,1.6630619267790723,0.0,0.9984546790292343,1.0,1.0,1.0,80,2.0,5.0,0.3,3,0.0,0.0,0.8228277777777777,0.8271338289250486,0.21,nan
syn2_d80_redundant0_noise0,controlled_gaussian_mixture_round2,42,0.95,release_3,matched_kmeans,logistic,600,80,2,43,6.976744186046512,1.0,1,87,37,0.8604651162790697,0.8604651162790697,1.1887057034769304,0.0,0.9803528468323978,1.0,1.0,1.0,80,2.0,5.0,0.3,3,0.0,0.0,0.7053666666666667,0.7275657757974727,0.15666666666666668,nan
syn2_d80_redundant0_noise0,controlled_gaussian_mixture_round2,42,0.95,release_3,matched_kmeans,random_forest,600,80,2,43,6.976744186046512,1.0,1,87,37,0.8604651162790697,0.8604651162790697,1.1887057034769304,0.0,0.9803528468323978,1.0,1.0,1.0,80,2.0,5.0,0.3,3,0.0,0.0,0.7905333333333333,0.809799569035364,0.24,nan
syn2_d80_redundant0_noise0,controlled_gaussian_mixture_round2,42,0.99,release_1,granular_ball,logistic,600,80,2,46,6.521739130434782,1.0,1,65,35,0.8043478260869565,0.8260869565217391,1.5752048775285568,0.0,1.0,1.0,1.0,1.0,80,2.0,5.0,0.3,3,0.0,0.0,0.7943222222222223,0.8105341341060748,0.22666666666666666,nan
syn2_d80_redundant0_noise0,controlled_gaussian_mixture_round2,42,0.99,release_1,granular_ball,random_forest,600,80,2,46,6.521739130434782,1.0,1,65,35,0.8043478260869565,0.8260869565217391,1.5752048775285568,0.0,1.0,1.0,1.0,1.0,80,2.0,5.0,0.3,3,0.0,0.0,0.7911888888888889,0.8154158077649605,0.15666666666666668,nan
syn2_d80_redundant0_noise0,controlled_gaussian_mixture_round2,42,0.99,release_1,matched_kmeans,logistic,600,80,2,46,6.521739130434782,1.0,1,82,40,0.8695652173913043,0.8695652173913043,1.096768777724003,0.0,0.9835896076352069,1.0,1.0,1.0,80,2.0,5.0,0.3,3,0.0,0.0,0.7325666666666666,0.715679429999206,0.13666666666666666,nan
syn2_d80_redundant0_noise0,controlled_gaussian_mixture_round2,42,0.99,release_1,matched_kmeans,random_forest,600,80,2,46,6.521739130434782,1.0,1,82,40,0.8695652173913043,0.8695652173913043,1.096768777724003,0.0,0.9835896076352069,1.0,1.0,1.0,80,2.0,5.0,0.3,3,0.0,0.0,0.7784555555555556,0.8087997414835154,0.34,nan
syn2_d80_redundant0_noise0,controlled_gaussian_mixture_round2,42,0.99,release_2,granular_ball,logistic,600,80,2,46,6.521739130434782,1.0,1,65,35,0.8043478260869565,0.8260869565217391,1.5752048775285568,0.0,1.0,1.0,1.0,1.0,80,2.0,5.0,0.3,3,0.0,0.0,0.8273555555555556,0.8189484557659175,0.19333333333333333,nan
syn2_d80_redundant0_noise0,controlled_gaussian_mixture_round2,42,0.99,release_2,granular_ball,random_forest,600,80,2,46,6.521739130434782,1.0,1,65,35,0.8043478260869565,0.8260869565217391,1.5752048775285568,0.0,1.0,1.0,1.0,1.0,80,2.0,5.0,0.3,3,0.0,0.0,0.8370500000000001,0.8445357346785118,0.23666666666666666,nan
syn2_d80_redundant0_noise0,controlled_gaussian_mixture_round2,42,0.99,release_2,matched_kmeans,logistic,600,80,2,46,6.521739130434782,1.0,1,82,40,0.8695652173913043,0.8695652173913043,1.096768777724003,0.0,0.9835896076352069,1.0,1.0,1.0,80,2.0,5.0,0.3,3,0.0,0.0,0.7047111111111111,0.7233360298100986,0.14666666666666667,nan
syn2_d80_redundant0_noise0,controlled_gaussian_mixture_round2,42,0.99,release_2,matched_kmeans,random_forest,600,80,2,46,6.521739130434782,1.0,1,82,40,0.8695652173913043,0.8695652173913043,1.096768777724003,0.0,0.9835896076352069,1.0,1.0,1.0,80,2.0,5.0,0.3,3,0.0,0.0,0.7948777777777778,0.8192057717636726,0.27,nan
syn2_d80_redundant0_noise0,controlled_gaussian_mixture_round2,42,0.99,release_3,granular_ball,logistic,600,80,2,46,6.521739130434782,1.0,1,65,35,0.8043478260869565,0.8260869565217391,1.5752048775285568,0.0,1.0,1.0,1.0,1.0,80,2.0,5.0,0.3,3,0.0,0.0,0.8224,0.8146270220826546,0.19333333333333333,nan
syn2_d80_redundant0_noise0,controlled_gaussian_mixture_round2,42,0.99,release_3,granular_ball,random_forest,600,80,2,46,6.521739130434782,1.0,1,65,35,0.8043478260869565,0.8260869565217391,1.5752048775285568,0.0,1.0,1.0,1.0,1.0,80,2.0,5.0,0.3,3,0.0,0.0,0.8429,0.8501694946878313,0.21333333333333335,nan
syn2_d80_redundant0_noise0,controlled_gaussian_mixture_round2,42,0.99,release_3,matched_kmeans,logistic,600,80,2,46,6.521739130434782,1.0,1,82,40,0.8695652173913043,0.8695652173913043,1.096768777724003,0.0,0.9835896076352069,1.0,1.0,1.0,80,2.0,5.0,0.3,3,0.0,0.0,0.7049333333333333,0.7264039307062042,0.15333333333333332,nan
syn2_d80_redundant0_noise0,controlled_gaussian_mixture_round2,42,0.99,release_3,matched_kmeans,random_forest,600,80,2,46,6.521739130434782,1.0,1,82,40,0.8695652173913043,0.8695652173913043,1.096768777724003,0.0,0.9835896076352069,1.0,1.0,1.0,80,2.0,5.0,0.3,3,0.0,0.0,0.7981,0.8197742129508367,0.25666666666666665,nan
syn2_d80_redundant0_noise0,controlled_gaussian_mixture_round2,99,0.7,release_1,granular_ball,logistic,600,80,2,1,300.0,300.0,300,300,0,0.0,0.0,8.17509597903514,8.17509597903514,0.7,0.7,0.7,0.7,80,2.0,5.0,0.3,3,0.0,0.0,0.4595,0.470850068663501,0.013333333333333334,nan
syn2_d80_redundant0_noise0,controlled_gaussian_mixture_round2,99,0.7,release_1,granular_ball,random_forest,600,80,2,1,300.0,300.0,300,300,0,0.0,0.0,8.17509597903514,8.17509597903514,0.7,0.7,0.7,0.7,80,2.0,5.0,0.3,3,0.0,0.0,0.5336833333333333,0.5054149936960276,0.0,nan
syn2_d80_redundant0_noise0,controlled_gaussian_mixture_round2,99,0.7,release_1,matched_kmeans,logistic,600,80,2,1,300.0,300.0,300,300,0,0.0,0.0,8.17509597903514,8.17509597903514,0.7,0.7,0.7,0.7,80,2.0,5.0,0.3,3,0.0,0.0,0.4595,0.470850068663501,0.013333333333333334,nan
syn2_d80_redundant0_noise0,controlled_gaussian_mixture_round2,99,0.7,release_1,matched_kmeans,random_forest,600,80,2,1,300.0,300.0,300,300,0,0.0,0.0,8.17509597903514,8.17509597903514,0.7,0.7,0.7,0.7,80,2.0,5.0,0.3,3,0.0,0.0,0.5336833333333333,0.5054149936960276,0.0,nan
syn2_d80_redundant0_noise0,controlled_gaussian_mixture_round2,99,0.7,release_2,granular_ball,logistic,600,80,2,1,300.0,300.0,300,300,0,0.0,0.0,8.17509597903514,8.17509597903514,0.7,0.7,0.7,0.7,80,2.0,5.0,0.3,3,0.0,0.0,0.5207555555555556,0.5127395055054789,0.006666666666666667,nan
syn2_d80_redundant0_noise0,controlled_gaussian_mixture_round2,99,0.7,release_2,granular_ball,random_forest,600,80,2,1,300.0,300.0,300,300,0,0.0,0.0,8.17509597903514,8.17509597903514,0.7,0.7,0.7,0.7,80,2.0,5.0,0.3,3,0.0,0.0,0.5328166666666667,0.5053740076381457,0.0,nan
syn2_d80_redundant0_noise0,controlled_gaussian_mixture_round2,99,0.7,release_2,matched_kmeans,logistic,600,80,2,1,300.0,300.0,300,300,0,0.0,0.0,8.17509597903514,8.17509597903514,0.7,0.7,0.7,0.7,80,2.0,5.0,0.3,3,0.0,0.0,0.5207555555555556,0.5127395055054789,0.006666666666666667,nan
syn2_d80_redundant0_noise0,controlled_gaussian_mixture_round2,99,0.7,release_2,matched_kmeans,random_forest,600,80,2,1,300.0,300.0,300,300,0,0.0,0.0,8.17509597903514,8.17509597903514,0.7,0.7,0.7,0.7,80,2.0,5.0,0.3,3,0.0,0.0,0.5328166666666667,0.5053740076381457,0.0,nan
syn2_d80_redundant0_noise0,controlled_gaussian_mixture_round2,99,0.7,release_3,granular_ball,logistic,600,80,2,1,300.0,300.0,300,300,0,0.0,0.0,8.17509597903514,8.17509597903514,0.7,0.7,0.7,0.7,80,2.0,5.0,0.3,3,0.0,0.0,0.5207555555555556,0.5127395055054789,0.006666666666666667,nan
syn2_d80_redundant0_noise0,controlled_gaussian_mixture_round2,99,0.7,release_3,granular_ball,random_forest,600,80,2,1,300.0,300.0,300,300,0,0.0,0.0,8.17509597903514,8.17509597903514,0.7,0.7,0.7,0.7,80,2.0,5.0,0.3,3,0.0,0.0,0.5324611111111112,0.5051977608068926,0.0,nan
syn2_d80_redundant0_noise0,controlled_gaussian_mixture_round2,99,0.7,release_3,matched_kmeans,logistic,600,80,2,1,300.0,300.0,300,300,0,0.0,0.0,8.17509597903514,8.17509597903514,0.7,0.7,0.7,0.7,80,2.0,5.0,0.3,3,0.0,0.0,0.5207555555555556,0.5127395055054789,0.006666666666666667,nan
syn2_d80_redundant0_noise0,controlled_gaussian_mixture_round2,99,0.7,release_3,matched_kmeans,random_forest,600,80,2,1,300.0,300.0,300,300,0,0.0,0.0,8.17509597903514,8.17509597903514,0.7,0.7,0.7,0.7,80,2.0,5.0,0.3,3,0.0,0.0,0.5324611111111112,0.5051977608068926,0.0,nan
syn2_d80_redundant0_noise0,controlled_gaussian_mixture_round2,99,0.8,release_1,granular_ball,logistic,600,80,2,13,23.076923076923077,1.0,1,106,7,0.5384615384615384,0.5384615384615384,4.166111010797346,0.0,0.988388969521045,1.0,1.0,1.0,80,2.0,5.0,0.3,3,0.0,0.0,0.6625777777777778,0.6741675358046273,0.12,nan
syn2_d80_redundant0_noise0,controlled_gaussian_mixture_round2,99,0.8,release_1,granular_ball,random_forest,600,80,2,13,23.076923076923077,1.0,1,106,7,0.5384615384615384,0.5384615384615384,4.166111010797346,0.0,0.988388969521045,1.0,1.0,1.0,80,2.0,5.0,0.3,3,0.0,0.0,0.7145111111111111,0.7172188427052966,0.08333333333333333,nan
syn2_d80_redundant0_noise0,controlled_gaussian_mixture_round2,99,0.8,release_1,matched_kmeans,logistic,600,80,2,13,23.076923076923077,1.0,1,288,12,0.9230769230769231,0.9230769230769231,0.619682782927178,0.0,0.9759615384615384,1.0,1.0,1.0,80,2.0,5.0,0.3,3,0.0,0.0,0.5023555555555556,0.5375707181483456,0.04666666666666667,nan
syn2_d80_redundant0_noise0,controlled_gaussian_mixture_round2,99,0.8,release_1,matched_kmeans,random_forest,600,80,2,13,23.076923076923077,1.0,1,288,12,0.9230769230769231,0.9230769230769231,0.619682782927178,0.0,0.9759615384615384,1.0,1.0,1.0,80,2.0,5.0,0.3,3,0.0,0.0,0.508788888888889,0.5279307392789472,0.03666666666666667,nan
syn2_d80_redundant0_noise0,controlled_gaussian_mixture_round2,99,0.8,release_2,granular_ball,logistic,600,80,2,13,23.076923076923077,1.0,1,106,7,0.5384615384615384,0.5384615384615384,4.166111010797346,0.0,0.988388969521045,1.0,1.0,1.0,80,2.0,5.0,0.3,3,0.0,0.0,0.7110555555555556,0.7156305221404395,0.09333333333333334,nan
syn2_d80_redundant0_noise0,controlled_gaussian_mixture_round2,99,0.8,release_2,granular_ball,random_forest,600,80,2,13,23.076923076923077,1.0,1,106,7,0.5384615384615384,0.5384615384615384,4.166111010797346,0.0,0.988388969521045,1.0,1.0,1.0,80,2.0,5.0,0.3,3,0.0,0.0,0.719561111111111,0.698301795034902,0.043333333333333335,nan
syn2_d80_redundant0_noise0,controlled_gaussian_mixture_round2,99,0.8,release_2,matched_kmeans,logistic,600,80,2,13,23.076923076923077,1.0,1,288,12,0.9230769230769231,0.9230769230769231,0.619682782927178,0.0,0.9759615384615384,1.0,1.0,1.0,80,2.0,5.0,0.3,3,0.0,0.0,0.5460777777777779,0.5642483281084346,0.05333333333333334,nan
syn2_d80_redundant0_noise0,controlled_gaussian_mixture_round2,99,0.8,release_2,matched_kmeans,random_forest,600,80,2,13,23.076923076923077,1.0,1,288,12,0.9230769230769231,0.9230769230769231,0.619682782927178,0.0,0.9759615384615384,1.0,1.0,1.0,80,2.0,5.0,0.3,3,0.0,0.0,0.5381666666666667,0.5484599700654762,0.04,nan
syn2_d80_redundant0_noise0,controlled_gaussian_mixture_round2,99,0.8,release_3,granular_ball,logistic,600,80,2,13,23.076923076923077,1.0,1,106,7,0.5384615384615384,0.5384615384615384,4.166111010797346,0.0,0.988388969521045,1.0,1.0,1.0,80,2.0,5.0,0.3,3,0.0,0.0,0.7164333333333333,0.7118618244326641,0.1,nan
syn2_d80_redundant0_noise0,controlled_gaussian_mixture_round2,99,0.8,release_3,granular_ball,random_forest,600,80,2,13,23.076923076923077,1.0,1,106,7,0.5384615384615384,0.5384615384615384,4.166111010797346,0.0,0.988388969521045,1.0,1.0,1.0,80,2.0,5.0,0.3,3,0.0,0.0,0.7171333333333334,0.6902126758018934,0.02666666666666667,nan
syn2_d80_redundant0_noise0,controlled_gaussian_mixture_round2,99,0.8,release_3,matched_kmeans,logistic,600,80,2,13,23.076923076923077,1.0,1,288,12,0.9230769230769231,0.9230769230769231,0.619682782927178,0.0,0.9759615384615384,1.0,1.0,1.0,80,2.0,5.0,0.3,3,0.0,0.0,0.5459444444444445,0.5640714167360065,0.05333333333333334,nan
syn2_d80_redundant0_noise0,controlled_gaussian_mixture_round2,99,0.8,release_3,matched_kmeans,random_forest,600,80,2,13,23.076923076923077,1.0,1,288,12,0.9230769230769231,0.9230769230769231,0.619682782927178,0.0,0.9759615384615384,1.0,1.0,1.0,80,2.0,5.0,0.3,3,0.0,0.0,0.5400222222222222,0.5501715613855981,0.04666666666666667,nan
syn2_d80_redundant0_noise0,controlled_gaussian_mixture_round2,99,0.9,release_1,granular_ball,logistic,600,80,2,21,14.285714285714286,1.0,1,89,14,0.6666666666666666,0.6666666666666666,2.68116303020325,0.0,0.9918430335097002,1.0,1.0,1.0,80,2.0,5.0,0.3,3,0.0,0.0,0.6692888888888889,0.6791318182599112,0.09333333333333334,nan
syn2_d80_redundant0_noise0,controlled_gaussian_mixture_round2,99,0.9,release_1,granular_ball,random_forest,600,80,2,21,14.285714285714286,1.0,1,89,14,0.6666666666666666,0.6666666666666666,2.68116303020325,0.0,0.9918430335097002,1.0,1.0,1.0,80,2.0,5.0,0.3,3,0.0,0.0,0.7280555555555556,0.7257722742698949,0.08,nan
syn2_d80_redundant0_noise0,controlled_gaussian_mixture_round2,99,0.9,release_1,matched_kmeans,logistic,600,80,2,21,14.285714285714286,1.0,1,149,18,0.8571428571428571,0.8571428571428571,1.2422039297428007,0.0,0.9791043934352265,1.0,1.0,1.0,80,2.0,5.0,0.3,3,0.0,0.0,0.6800444444444445,0.6751631550773881,0.07666666666666666,nan
syn2_d80_redundant0_noise0,controlled_gaussian_mixture_round2,99,0.9,release_1,matched_kmeans,random_forest,600,80,2,21,14.285714285714286,1.0,1,149,18,0.8571428571428571,0.8571428571428571,1.2422039297428007,0.0,0.9791043934352265,1.0,1.0,1.0,80,2.0,5.0,0.3,3,0.0,0.0,0.7193111111111111,0.7359121311703145,0.12,nan
syn2_d80_redundant0_noise0,controlled_gaussian_mixture_round2,99,0.9,release_2,granular_ball,logistic,600,80,2,21,14.285714285714286,1.0,1,89,14,0.6666666666666666,0.6666666666666666,2.68116303020325,0.0,0.9918430335097002,1.0,1.0,1.0,80,2.0,5.0,0.3,3,0.0,0.0,0.7339222222222221,0.7327613041821552,0.12333333333333334,nan
syn2_d80_redundant0_noise0,controlled_gaussian_mixture_round2,99,0.9,release_2,granular_ball,random_forest,600,80,2,21,14.285714285714286,1.0,1,89,14,0.6666666666666666,0.6666666666666666,2.68116303020325,0.0,0.9918430335097002,1.0,1.0,1.0,80,2.0,5.0,0.3,3,0.0,0.0,0.7436222222222222,0.7210176174204719,0.03666666666666667,nan
syn2_d80_redundant0_noise0,controlled_gaussian_mixture_round2,99,0.9,release_2,matched_kmeans,logistic,600,80,2,21,14.285714285714286,1.0,1,149,18,0.8571428571428571,0.8571428571428571,1.2422039297428007,0.0,0.9791043934352265,1.0,1.0,1.0,80,2.0,5.0,0.3,3,0.0,0.0,0.6820888888888889,0.6919240991778747,0.12,nan
syn2_d80_redundant0_noise0,controlled_gaussian_mixture_round2,99,0.9,release_2,matched_kmeans,random_forest,600,80,2,21,14.285714285714286,1.0,1,149,18,0.8571428571428571,0.8571428571428571,1.2422039297428007,0.0,0.9791043934352265,1.0,1.0,1.0,80,2.0,5.0,0.3,3,0.0,0.0,0.7238666666666667,0.735651997328667,0.12666666666666668,nan
syn2_d80_redundant0_noise0,controlled_gaussian_mixture_round2,99,0.9,release_3,granular_ball,logistic,600,80,2,21,14.285714285714286,1.0,1,89,14,0.6666666666666666,0.6666666666666666,2.68116303020325,0.0,0.9918430335097002,1.0,1.0,1.0,80,2.0,5.0,0.3,3,0.0,0.0,0.7322111111111111,0.713794749286176,0.1,nan
syn2_d80_redundant0_noise0,controlled_gaussian_mixture_round2,99,0.9,release_3,granular_ball,random_forest,600,80,2,21,14.285714285714286,1.0,1,89,14,0.6666666666666666,0.6666666666666666,2.68116303020325,0.0,0.9918430335097002,1.0,1.0,1.0,80,2.0,5.0,0.3,3,0.0,0.0,0.7458555555555557,0.718370638484431,0.02666666666666667,nan
syn2_d80_redundant0_noise0,controlled_gaussian_mixture_round2,99,0.9,release_3,matched_kmeans,logistic,600,80,2,21,14.285714285714286,1.0,1,149,18,0.8571428571428571,0.8571428571428571,1.2422039297428007,0.0,0.9791043934352265,1.0,1.0,1.0,80,2.0,5.0,0.3,3,0.0,0.0,0.6817888888888889,0.6917293783603025,0.12,nan
syn2_d80_redundant0_noise0,controlled_gaussian_mixture_round2,99,0.9,release_3,matched_kmeans,random_forest,600,80,2,21,14.285714285714286,1.0,1,149,18,0.8571428571428571,0.8571428571428571,1.2422039297428007,0.0,0.9791043934352265,1.0,1.0,1.0,80,2.0,5.0,0.3,3,0.0,0.0,0.7205111111111111,0.7275269334042391,0.12333333333333334,nan
syn2_d80_redundant0_noise0,controlled_gaussian_mixture_round2,99,0.95,release_1,granular_ball,logistic,600,80,2,26,11.538461538461538,1.0,1,89,19,0.7307692307692307,0.7307692307692307,2.1361395509168073,0.0,0.996823877479986,1.0,1.0,1.0,80,2.0,5.0,0.3,3,0.0,0.0,0.6763444444444444,0.6878910213253693,0.1,nan
syn2_d80_redundant0_noise0,controlled_gaussian_mixture_round2,99,0.95,release_1,granular_ball,random_forest,600,80,2,26,11.538461538461538,1.0,1,89,19,0.7307692307692307,0.7307692307692307,2.1361395509168073,0.0,0.996823877479986,1.0,1.0,1.0,80,2.0,5.0,0.3,3,0.0,0.0,0.7584222222222222,0.7542457717771729,0.08333333333333333,nan
syn2_d80_redundant0_noise0,controlled_gaussian_mixture_round2,99,0.95,release_1,matched_kmeans,logistic,600,80,2,26,11.538461538461538,1.0,1,161,23,0.8846153846153846,0.8846153846153846,1.0156570896975736,0.0,0.9821479184043664,1.0,1.0,1.0,80,2.0,5.0,0.3,3,0.0,0.0,0.6929666666666667,0.6896585989206379,0.1,nan
syn2_d80_redundant0_noise0,controlled_gaussian_mixture_round2,99,0.95,release_1,matched_kmeans,random_forest,600,80,2,26,11.538461538461538,1.0,1,161,23,0.8846153846153846,0.8846153846153846,1.0156570896975736,0.0,0.9821479184043664,1.0,1.0,1.0,80,2.0,5.0,0.3,3,0.0,0.0,0.7133555555555555,0.7204925966775788,0.12,nan
syn2_d80_redundant0_noise0,controlled_gaussian_mixture_round2,99,0.95,release_2,granular_ball,logistic,600,80,2,26,11.538461538461538,1.0,1,89,19,0.7307692307692307,0.7307692307692307,2.1361395509168073,0.0,0.996823877479986,1.0,1.0,1.0,80,2.0,5.0,0.3,3,0.0,0.0,0.7491444444444445,0.7516114430064249,0.13666666666666666,nan
syn2_d80_redundant0_noise0,controlled_gaussian_mixture_round2,99,0.95,release_2,granular_ball,random_forest,600,80,2,26,11.538461538461538,1.0,1,89,19,0.7307692307692307,0.7307692307692307,2.1361395509168073,0.0,0.996823877479986,1.0,1.0,1.0,80,2.0,5.0,0.3,3,0.0,0.0,0.775711111111111,0.7515611439400647,0.043333333333333335,nan
syn2_d80_redundant0_noise0,controlled_gaussian_mixture_round2,99,0.95,release_2,matched_kmeans,logistic,600,80,2,26,11.538461538461538,1.0,1,161,23,0.8846153846153846,0.8846153846153846,1.0156570896975736,0.0,0.9821479184043664,1.0,1.0,1.0,80,2.0,5.0,0.3,3,0.0,0.0,0.6922333333333334,0.7070010245295569,0.14,nan
syn2_d80_redundant0_noise0,controlled_gaussian_mixture_round2,99,0.95,release_2,matched_kmeans,random_forest,600,80,2,26,11.538461538461538,1.0,1,161,23,0.8846153846153846,0.8846153846153846,1.0156570896975736,0.0,0.9821479184043664,1.0,1.0,1.0,80,2.0,5.0,0.3,3,0.0,0.0,0.7172333333333334,0.7282226312116469,0.12666666666666668,nan
syn2_d80_redundant0_noise0,controlled_gaussian_mixture_round2,99,0.95,release_3,granular_ball,logistic,600,80,2,26,11.538461538461538,1.0,1,89,19,0.7307692307692307,0.7307692307692307,2.1361395509168073,0.0,0.996823877479986,1.0,1.0,1.0,80,2.0,5.0,0.3,3,0.0,0.0,0.7452000000000001,0.7374767635821575,0.13,nan
syn2_d80_redundant0_noise0,controlled_gaussian_mixture_round2,99,0.95,release_3,granular_ball,random_forest,600,80,2,26,11.538461538461538,1.0,1,89,19,0.7307692307692307,0.7307692307692307,2.1361395509168073,0.0,0.996823877479986,1.0,1.0,1.0,80,2.0,5.0,0.3,3,0.0,0.0,0.7721222222222222,0.7480253014383761,0.043333333333333335,nan
syn2_d80_redundant0_noise0,controlled_gaussian_mixture_round2,99,0.95,release_3,matched_kmeans,logistic,600,80,2,26,11.538461538461538,1.0,1,161,23,0.8846153846153846,0.8846153846153846,1.0156570896975736,0.0,0.9821479184043664,1.0,1.0,1.0,80,2.0,5.0,0.3,3,0.0,0.0,0.6919666666666666,0.7072907860088073,0.14,nan
syn2_d80_redundant0_noise0,controlled_gaussian_mixture_round2,99,0.95,release_3,matched_kmeans,random_forest,600,80,2,26,11.538461538461538,1.0,1,161,23,0.8846153846153846,0.8846153846153846,1.0156570896975736,0.0,0.9821479184043664,1.0,1.0,1.0,80,2.0,5.0,0.3,3,0.0,0.0,0.7102555555555555,0.720089977648857,0.13,nan
syn2_d80_redundant0_noise0,controlled_gaussian_mixture_round2,99,0.99,release_1,granular_ball,logistic,600,80,2,28,10.714285714285714,1.0,1,89,20,0.7142857142857143,0.75,2.2680733980531302,0.0,1.0,1.0,1.0,1.0,80,2.0,5.0,0.3,3,0.0,0.0,0.6805000000000001,0.6958638479195669,0.11,nan
syn2_d80_redundant0_noise0,controlled_gaussian_mixture_round2,99,0.99,release_1,granular_ball,random_forest,600,80,2,28,10.714285714285714,1.0,1,89,20,0.7142857142857143,0.75,2.2680733980531302,0.0,1.0,1.0,1.0,1.0,80,2.0,5.0,0.3,3,0.0,0.0,0.7618888888888888,0.7637156297537813,0.07666666666666666,nan
syn2_d80_redundant0_noise0,controlled_gaussian_mixture_round2,99,0.99,release_1,matched_kmeans,logistic,600,80,2,28,10.714285714285714,1.0,1,135,24,0.8571428571428571,0.8571428571428571,1.2689389840777403,0.0,0.9871164021164021,1.0,1.0,1.0,80,2.0,5.0,0.3,3,0.0,0.0,0.7034666666666667,0.7017944280886934,0.11666666666666667,nan
syn2_d80_redundant0_noise0,controlled_gaussian_mixture_round2,99,0.99,release_1,matched_kmeans,random_forest,600,80,2,28,10.714285714285714,1.0,1,135,24,0.8571428571428571,0.8571428571428571,1.2689389840777403,0.0,0.9871164021164021,1.0,1.0,1.0,80,2.0,5.0,0.3,3,0.0,0.0,0.762588888888889,0.7777658882309786,0.22666666666666666,nan
syn2_d80_redundant0_noise0,controlled_gaussian_mixture_round2,99,0.99,release_2,granular_ball,logistic,600,80,2,28,10.714285714285714,1.0,1,89,20,0.7142857142857143,0.75,2.2680733980531302,0.0,1.0,1.0,1.0,1.0,80,2.0,5.0,0.3,3,0.0,0.0,0.7564444444444445,0.7630125507600554,0.16,nan
syn2_d80_redundant0_noise0,controlled_gaussian_mixture_round2,99,0.99,release_2,granular_ball,random_forest,600,80,2,28,10.714285714285714,1.0,1,89,20,0.7142857142857143,0.75,2.2680733980531302,0.0,1.0,1.0,1.0,1.0,80,2.0,5.0,0.3,3,0.0,0.0,0.7929222222222223,0.7781146315116859,0.04666666666666667,nan
syn2_d80_redundant0_noise0,controlled_gaussian_mixture_round2,99,0.99,release_2,matched_kmeans,logistic,600,80,2,28,10.714285714285714,1.0,1,135,24,0.8571428571428571,0.8571428571428571,1.2689389840777403,0.0,0.9871164021164021,1.0,1.0,1.0,80,2.0,5.0,0.3,3,0.0,0.0,0.7022888888888889,0.7239927054396464,0.15666666666666668,nan
syn2_d80_redundant0_noise0,controlled_gaussian_mixture_round2,99,0.99,release_2,matched_kmeans,random_forest,600,80,2,28,10.714285714285714,1.0,1,135,24,0.8571428571428571,0.8571428571428571,1.2689389840777403,0.0,0.9871164021164021,1.0,1.0,1.0,80,2.0,5.0,0.3,3,0.0,0.0,0.7657444444444446,0.7854428374757744,0.22666666666666666,nan
syn2_d80_redundant0_noise0,controlled_gaussian_mixture_round2,99,0.99,release_3,granular_ball,logistic,600,80,2,28,10.714285714285714,1.0,1,89,20,0.7142857142857143,0.75,2.2680733980531302,0.0,1.0,1.0,1.0,1.0,80,2.0,5.0,0.3,3,0.0,0.0,0.7541888888888888,0.7522736409142884,0.18,nan
syn2_d80_redundant0_noise0,controlled_gaussian_mixture_round2,99,0.99,release_3,granular_ball,random_forest,600,80,2,28,10.714285714285714,1.0,1,89,20,0.7142857142857143,0.75,2.2680733980531302,0.0,1.0,1.0,1.0,1.0,80,2.0,5.0,0.3,3,0.0,0.0,0.7938444444444445,0.7766763400309287,0.06333333333333334,nan
syn2_d80_redundant0_noise0,controlled_gaussian_mixture_round2,99,0.99,release_3,matched_kmeans,logistic,600,80,2,28,10.714285714285714,1.0,1,135,24,0.8571428571428571,0.8571428571428571,1.2689389840777403,0.0,0.9871164021164021,1.0,1.0,1.0,80,2.0,5.0,0.3,3,0.0,0.0,0.7025444444444444,0.724666216181167,0.15666666666666668,nan
syn2_d80_redundant0_noise0,controlled_gaussian_mixture_round2,99,0.99,release_3,matched_kmeans,random_forest,600,80,2,28,10.714285714285714,1.0,1,135,24,0.8571428571428571,0.8571428571428571,1.2689389840777403,0.0,0.9871164021164021,1.0,1.0,1.0,80,2.0,5.0,0.3,3,0.0,0.0,0.762888888888889,0.7801068320900533,0.22,nan
syn2_d80_redundant0_noise0,controlled_gaussian_mixture_round2,2026,0.7,release_1,granular_ball,logistic,600,80,2,1,300.0,300.0,300,300,0,0.0,0.0,8.148339710481237,8.148339710481237,0.7,0.7,0.7,0.7,80,2.0,5.0,0.3,3,0.0,0.0,0.4989555555555555,0.4959526336250792,0.006666666666666667,nan
syn2_d80_redundant0_noise0,controlled_gaussian_mixture_round2,2026,0.7,release_1,granular_ball,random_forest,600,80,2,1,300.0,300.0,300,300,0,0.0,0.0,8.148339710481237,8.148339710481237,0.7,0.7,0.7,0.7,80,2.0,5.0,0.3,3,0.0,0.0,0.4860111111111111,0.4836618976316044,0.01,nan
syn2_d80_redundant0_noise0,controlled_gaussian_mixture_round2,2026,0.7,release_1,matched_kmeans,logistic,600,80,2,1,300.0,300.0,300,300,0,0.0,0.0,8.148339710481237,8.148339710481237,0.7,0.7,0.7,0.7,80,2.0,5.0,0.3,3,0.0,0.0,0.4989555555555555,0.4959526336250792,0.006666666666666667,nan
syn2_d80_redundant0_noise0,controlled_gaussian_mixture_round2,2026,0.7,release_1,matched_kmeans,random_forest,600,80,2,1,300.0,300.0,300,300,0,0.0,0.0,8.148339710481237,8.148339710481237,0.7,0.7,0.7,0.7,80,2.0,5.0,0.3,3,0.0,0.0,0.4860111111111111,0.4836618976316044,0.01,nan
syn2_d80_redundant0_noise0,controlled_gaussian_mixture_round2,2026,0.7,release_2,granular_ball,logistic,600,80,2,1,300.0,300.0,300,300,0,0.0,0.0,8.148339710481237,8.148339710481237,0.7,0.7,0.7,0.7,80,2.0,5.0,0.3,3,0.0,0.0,0.5361444444444444,0.5262603946607152,0.01,nan
syn2_d80_redundant0_noise0,controlled_gaussian_mixture_round2,2026,0.7,release_2,granular_ball,random_forest,600,80,2,1,300.0,300.0,300,300,0,0.0,0.0,8.148339710481237,8.148339710481237,0.7,0.7,0.7,0.7,80,2.0,5.0,0.3,3,0.0,0.0,0.4867222222222223,0.48991181916906024,0.013333333333333334,nan
syn2_d80_redundant0_noise0,controlled_gaussian_mixture_round2,2026,0.7,release_2,matched_kmeans,logistic,600,80,2,1,300.0,300.0,300,300,0,0.0,0.0,8.148339710481237,8.148339710481237,0.7,0.7,0.7,0.7,80,2.0,5.0,0.3,3,0.0,0.0,0.5361444444444444,0.5262603946607152,0.01,nan
syn2_d80_redundant0_noise0,controlled_gaussian_mixture_round2,2026,0.7,release_2,matched_kmeans,random_forest,600,80,2,1,300.0,300.0,300,300,0,0.0,0.0,8.148339710481237,8.148339710481237,0.7,0.7,0.7,0.7,80,2.0,5.0,0.3,3,0.0,0.0,0.4867222222222223,0.48991181916906024,0.013333333333333334,nan
syn2_d80_redundant0_noise0,controlled_gaussian_mixture_round2,2026,0.7,release_3,granular_ball,logistic,600,80,2,1,300.0,300.0,300,300,0,0.0,0.0,8.148339710481237,8.148339710481237,0.7,0.7,0.7,0.7,80,2.0,5.0,0.3,3,0.0,0.0,0.5361444444444444,0.5262603946607152,0.01,nan
syn2_d80_redundant0_noise0,controlled_gaussian_mixture_round2,2026,0.7,release_3,granular_ball,random_forest,600,80,2,1,300.0,300.0,300,300,0,0.0,0.0,8.148339710481237,8.148339710481237,0.7,0.7,0.7,0.7,80,2.0,5.0,0.3,3,0.0,0.0,0.48609444444444444,0.486001696974895,0.01,nan
syn2_d80_redundant0_noise0,controlled_gaussian_mixture_round2,2026,0.7,release_3,matched_kmeans,logistic,600,80,2,1,300.0,300.0,300,300,0,0.0,0.0,8.148339710481237,8.148339710481237,0.7,0.7,0.7,0.7,80,2.0,5.0,0.3,3,0.0,0.0,0.5361444444444444,0.5262603946607152,0.01,nan
syn2_d80_redundant0_noise0,controlled_gaussian_mixture_round2,2026,0.7,release_3,matched_kmeans,random_forest,600,80,2,1,300.0,300.0,300,300,0,0.0,0.0,8.148339710481237,8.148339710481237,0.7,0.7,0.7,0.7,80,2.0,5.0,0.3,3,0.0,0.0,0.48609444444444444,0.486001696974895,0.01,nan
syn2_d80_redundant0_noise0,controlled_gaussian_mixture_round2,2026,0.8,release_1,granular_ball,logistic,600,80,2,15,20.0,1.0,1,62,8,0.5333333333333333,0.5333333333333333,3.8064830847724447,0.0,0.9784011220196352,1.0,1.0,1.0,80,2.0,5.0,0.3,3,0.0,0.0,0.6473444444444445,0.6445425467382153,0.05,nan
syn2_d80_redundant0_noise0,controlled_gaussian_mixture_round2,2026,0.8,release_1,granular_ball,random_forest,600,80,2,15,20.0,1.0,1,62,8,0.5333333333333333,0.5333333333333333,3.8064830847724447,0.0,0.9784011220196352,1.0,1.0,1.0,80,2.0,5.0,0.3,3,0.0,0.0,0.6969000000000001,0.7109708097117058,0.13,nan
syn2_d80_redundant0_noise0,controlled_gaussian_mixture_round2,2026,0.8,release_1,matched_kmeans,logistic,600,80,2,15,20.0,1.0,1,105,10,0.6666666666666666,0.6666666666666666,2.891663795510868,0.0,0.9471276364427049,1.0,1.0,1.0,80,2.0,5.0,0.3,3,0.0,0.0,0.6832555555555555,0.6461943548276443,0.04666666666666667,nan
syn2_d80_redundant0_noise0,controlled_gaussian_mixture_round2,2026,0.8,release_1,matched_kmeans,random_forest,600,80,2,15,20.0,1.0,1,105,10,0.6666666666666666,0.6666666666666666,2.891663795510868,0.0,0.9471276364427049,1.0,1.0,1.0,80,2.0,5.0,0.3,3,0.0,0.0,0.7116111111111111,0.7116277871698028,0.07333333333333333,nan
syn2_d80_redundant0_noise0,controlled_gaussian_mixture_round2,2026,0.8,release_2,granular_ball,logistic,600,80,2,15,20.0,1.0,1,62,8,0.5333333333333333,0.5333333333333333,3.8064830847724447,0.0,0.9784011220196352,1.0,1.0,1.0,80,2.0,5.0,0.3,3,0.0,0.0,0.7039555555555556,0.7266453551814511,0.13,nan
syn2_d80_redundant0_noise0,controlled_gaussian_mixture_round2,2026,0.8,release_2,granular_ball,random_forest,600,80,2,15,20.0,1.0,1,62,8,0.5333333333333333,0.5333333333333333,3.8064830847724447,0.0,0.9784011220196352,1.0,1.0,1.0,80,2.0,5.0,0.3,3,0.0,0.0,0.7371444444444445,0.7368299065394264,0.18666666666666668,nan
syn2_d80_redundant0_noise0,controlled_gaussian_mixture_round2,2026,0.8,release_2,matched_kmeans,logistic,600,80,2,15,20.0,1.0,1,105,10,0.6666666666666666,0.6666666666666666,2.891663795510868,0.0,0.9471276364427049,1.0,1.0,1.0,80,2.0,5.0,0.3,3,0.0,0.0,0.6474222222222221,0.6532416058667033,0.08,nan
syn2_d80_redundant0_noise0,controlled_gaussian_mixture_round2,2026,0.8,release_2,matched_kmeans,random_forest,600,80,2,15,20.0,1.0,1,105,10,0.6666666666666666,0.6666666666666666,2.891663795510868,0.0,0.9471276364427049,1.0,1.0,1.0,80,2.0,5.0,0.3,3,0.0,0.0,0.7180666666666666,0.715170141053848,0.09666666666666666,nan
syn2_d80_redundant0_noise0,controlled_gaussian_mixture_round2,2026,0.8,release_3,granular_ball,logistic,600,80,2,15,20.0,1.0,1,62,8,0.5333333333333333,0.5333333333333333,3.8064830847724447,0.0,0.9784011220196352,1.0,1.0,1.0,80,2.0,5.0,0.3,3,0.0,0.0,0.6978555555555556,0.7202722051186684,0.12333333333333334,nan
syn2_d80_redundant0_noise0,controlled_gaussian_mixture_round2,2026,0.8,release_3,granular_ball,random_forest,600,80,2,15,20.0,1.0,1,62,8,0.5333333333333333,0.5333333333333333,3.8064830847724447,0.0,0.9784011220196352,1.0,1.0,1.0,80,2.0,5.0,0.3,3,0.0,0.0,0.7390111111111112,0.7330240582058366,0.09666666666666666,nan
syn2_d80_redundant0_noise0,controlled_gaussian_mixture_round2,2026,0.8,release_3,matched_kmeans,logistic,600,80,2,15,20.0,1.0,1,105,10,0.6666666666666666,0.6666666666666666,2.891663795510868,0.0,0.9471276364427049,1.0,1.0,1.0,80,2.0,5.0,0.3,3,0.0,0.0,0.6498111111111111,0.658051623493128,0.08,nan
syn2_d80_redundant0_noise0,controlled_gaussian_mixture_round2,2026,0.8,release_3,matched_kmeans,random_forest,600,80,2,15,20.0,1.0,1,105,10,0.6666666666666666,0.6666666666666666,2.891663795510868,0.0,0.9471276364427049,1.0,1.0,1.0,80,2.0,5.0,0.3,3,0.0,0.0,0.718722222222222,0.7272557943877209,0.13,nan
syn2_d80_redundant0_noise0,controlled_gaussian_mixture_round2,2026,0.9,release_1,granular_ball,logistic,600,80,2,23,13.043478260869565,1.0,1,57,15,0.6521739130434783,0.6956521739130435,2.760032905767357,0.0,0.9935863971959131,1.0,1.0,1.0,80,2.0,5.0,0.3,3,0.0,0.0,0.6649999999999999,0.6771382548299933,0.09666666666666666,nan
syn2_d80_redundant0_noise0,controlled_gaussian_mixture_round2,2026,0.9,release_1,granular_ball,random_forest,600,80,2,23,13.043478260869565,1.0,1,57,15,0.6521739130434783,0.6956521739130435,2.760032905767357,0.0,0.9935863971959131,1.0,1.0,1.0,80,2.0,5.0,0.3,3,0.0,0.0,0.7041999999999999,0.7300977657814052,0.11333333333333333,nan
syn2_d80_redundant0_noise0,controlled_gaussian_mixture_round2,2026,0.9,release_1,matched_kmeans,logistic,600,80,2,23,13.043478260869565,1.0,1,111,20,0.8695652173913043,0.8695652173913043,1.048262613063915,0.0,0.9632169148081295,1.0,1.0,1.0,80,2.0,5.0,0.3,3,0.0,0.0,0.6866444444444444,0.6732921818707853,0.08666666666666667,nan
syn2_d80_redundant0_noise0,controlled_gaussian_mixture_round2,2026,0.9,release_1,matched_kmeans,random_forest,600,80,2,23,13.043478260869565,1.0,1,111,20,0.8695652173913043,0.8695652173913043,1.048262613063915,0.0,0.9632169148081295,1.0,1.0,1.0,80,2.0,5.0,0.3,3,0.0,0.0,0.6943555555555556,0.7006047920588755,0.11666666666666667,nan
syn2_d80_redundant0_noise0,controlled_gaussian_mixture_round2,2026,0.9,release_2,granular_ball,logistic,600,80,2,23,13.043478260869565,1.0,1,57,15,0.6521739130434783,0.6956521739130435,2.760032905767357,0.0,0.9935863971959131,1.0,1.0,1.0,80,2.0,5.0,0.3,3,0.0,0.0,0.7452888888888889,0.7640156106152299,0.17333333333333334,nan
syn2_d80_redundant0_noise0,controlled_gaussian_mixture_round2,2026,0.9,release_2,granular_ball,random_forest,600,80,2,23,13.043478260869565,1.0,1,57,15,0.6521739130434783,0.6956521739130435,2.760032905767357,0.0,0.9935863971959131,1.0,1.0,1.0,80,2.0,5.0,0.3,3,0.0,0.0,0.7587999999999999,0.7550885303009811,0.12,nan
syn2_d80_redundant0_noise0,controlled_gaussian_mixture_round2,2026,0.9,release_2,matched_kmeans,logistic,600,80,2,23,13.043478260869565,1.0,1,111,20,0.8695652173913043,0.8695652173913043,1.048262613063915,0.0,0.9632169148081295,1.0,1.0,1.0,80,2.0,5.0,0.3,3,0.0,0.0,0.6702555555555556,0.6701444716953082,0.11666666666666667,nan
syn2_d80_redundant0_noise0,controlled_gaussian_mixture_round2,2026,0.9,release_2,matched_kmeans,random_forest,600,80,2,23,13.043478260869565,1.0,1,111,20,0.8695652173913043,0.8695652173913043,1.048262613063915,0.0,0.9632169148081295,1.0,1.0,1.0,80,2.0,5.0,0.3,3,0.0,0.0,0.7058,0.7112782613226616,0.14,nan
syn2_d80_redundant0_noise0,controlled_gaussian_mixture_round2,2026,0.9,release_3,granular_ball,logistic,600,80,2,23,13.043478260869565,1.0,1,57,15,0.6521739130434783,0.6956521739130435,2.760032905767357,0.0,0.9935863971959131,1.0,1.0,1.0,80,2.0,5.0,0.3,3,0.0,0.0,0.744488888888889,0.7624830686586093,0.16666666666666666,nan
syn2_d80_redundant0_noise0,controlled_gaussian_mixture_round2,2026,0.9,release_3,granular_ball,random_forest,600,80,2,23,13.043478260869565,1.0,1,57,15,0.6521739130434783,0.6956521739130435,2.760032905767357,0.0,0.9935863971959131,1.0,1.0,1.0,80,2.0,5.0,0.3,3,0.0,0.0,0.7560222222222223,0.7578559353270531,0.15,nan
syn2_d80_redundant0_noise0,controlled_gaussian_mixture_round2,2026,0.9,release_3,matched_kmeans,logistic,600,80,2,23,13.043478260869565,1.0,1,111,20,0.8695652173913043,0.8695652173913043,1.048262613063915,0.0,0.9632169148081295,1.0,1.0,1.0,80,2.0,5.0,0.3,3,0.0,0.0,0.6672111111111112,0.6710957033891954,0.12333333333333334,nan
syn2_d80_redundant0_noise0,controlled_gaussian_mixture_round2,2026,0.9,release_3,matched_kmeans,random_forest,600,80,2,23,13.043478260869565,1.0,1,111,20,0.8695652173913043,0.8695652173913043,1.048262613063915,0.0,0.9632169148081295,1.0,1.0,1.0,80,2.0,5.0,0.3,3,0.0,0.0,0.7047666666666668,0.7083860630618866,0.12,nan
syn2_d80_redundant0_noise0,controlled_gaussian_mixture_round2,2026,0.95,release_1,granular_ball,logistic,600,80,2,26,11.538461538461538,1.0,1,57,18,0.6923076923076923,0.7307692307692307,2.42029246577675,0.0,0.9966892082276698,1.0,1.0,1.0,80,2.0,5.0,0.3,3,0.0,0.0,0.669088888888889,0.6831892581312462,0.11666666666666667,nan
syn2_d80_redundant0_noise0,controlled_gaussian_mixture_round2,2026,0.95,release_1,granular_ball,random_forest,600,80,2,26,11.538461538461538,1.0,1,57,18,0.6923076923076923,0.7307692307692307,2.42029246577675,0.0,0.9966892082276698,1.0,1.0,1.0,80,2.0,5.0,0.3,3,0.0,0.0,0.7308777777777778,0.749845994344847,0.1,nan
syn2_d80_redundant0_noise0,controlled_gaussian_mixture_round2,2026,0.95,release_1,matched_kmeans,logistic,600,80,2,26,11.538461538461538,1.0,1,119,23,0.8846153846153846,0.8846153846153846,0.9305874854678449,0.0,0.9700997531879885,1.0,1.0,1.0,80,2.0,5.0,0.3,3,0.0,0.0,0.6789444444444444,0.6650380441766719,0.09,nan
syn2_d80_redundant0_noise0,controlled_gaussian_mixture_round2,2026,0.95,release_1,matched_kmeans,random_forest,600,80,2,26,11.538461538461538,1.0,1,119,23,0.8846153846153846,0.8846153846153846,0.9305874854678449,0.0,0.9700997531879885,1.0,1.0,1.0,80,2.0,5.0,0.3,3,0.0,0.0,0.7337555555555555,0.7289936224429505,0.10333333333333333,nan
syn2_d80_redundant0_noise0,controlled_gaussian_mixture_round2,2026,0.95,release_2,granular_ball,logistic,600,80,2,26,11.538461538461538,1.0,1,57,18,0.6923076923076923,0.7307692307692307,2.42029246577675,0.0,0.9966892082276698,1.0,1.0,1.0,80,2.0,5.0,0.3,3,0.0,0.0,0.7468666666666666,0.7646600119601242,0.18666666666666668,nan
syn2_d80_redundant0_noise0,controlled_gaussian_mixture_round2,2026,0.95,release_2,granular_ball,random_forest,600,80,2,26,11.538461538461538,1.0,1,57,18,0.6923076923076923,0.7307692307692307,2.42029246577675,0.0,0.9966892082276698,1.0,1.0,1.0,80,2.0,5.0,0.3,3,0.0,0.0,0.7808555555555555,0.7790790543311288,0.11666666666666667,nan
syn2_d80_redundant0_noise0,controlled_gaussian_mixture_round2,2026,0.95,release_2,matched_kmeans,logistic,600,80,2,26,11.538461538461538,1.0,1,119,23,0.8846153846153846,0.8846153846153846,0.9305874854678449,0.0,0.9700997531879885,1.0,1.0,1.0,80,2.0,5.0,0.3,3,0.0,0.0,0.6549666666666667,0.6620440652189934,0.10333333333333333,nan
syn2_d80_redundant0_noise0,controlled_gaussian_mixture_round2,2026,0.95,release_2,matched_kmeans,random_forest,600,80,2,26,11.538461538461538,1.0,1,119,23,0.8846153846153846,0.8846153846153846,0.9305874854678449,0.0,0.9700997531879885,1.0,1.0,1.0,80,2.0,5.0,0.3,3,0.0,0.0,0.7275444444444444,0.7284790502172466,0.10666666666666667,nan
syn2_d80_redundant0_noise0,controlled_gaussian_mixture_round2,2026,0.95,release_3,granular_ball,logistic,600,80,2,26,11.538461538461538,1.0,1,57,18,0.6923076923076923,0.7307692307692307,2.42029246577675,0.0,0.9966892082276698,1.0,1.0,1.0,80,2.0,5.0,0.3,3,0.0,0.0,0.7469444444444445,0.7630019285053209,0.17666666666666667,nan
syn2_d80_redundant0_noise0,controlled_gaussian_mixture_round2,2026,0.95,release_3,granular_ball,random_forest,600,80,2,26,11.538461538461538,1.0,1,57,18,0.6923076923076923,0.7307692307692307,2.42029246577675,0.0,0.9966892082276698,1.0,1.0,1.0,80,2.0,5.0,0.3,3,0.0,0.0,0.7787888888888889,0.7746902915441942,0.14,nan
syn2_d80_redundant0_noise0,controlled_gaussian_mixture_round2,2026,0.95,release_3,matched_kmeans,logistic,600,80,2,26,11.538461538461538,1.0,1,119,23,0.8846153846153846,0.8846153846153846,0.9305874854678449,0.0,0.9700997531879885,1.0,1.0,1.0,80,2.0,5.0,0.3,3,0.0,0.0,0.6484555555555556,0.6678666901409016,0.11666666666666667,nan
syn2_d80_redundant0_noise0,controlled_gaussian_mixture_round2,2026,0.95,release_3,matched_kmeans,random_forest,600,80,2,26,11.538461538461538,1.0,1,119,23,0.8846153846153846,0.8846153846153846,0.9305874854678449,0.0,0.9700997531879885,1.0,1.0,1.0,80,2.0,5.0,0.3,3,0.0,0.0,0.7214222222222222,0.7215167091445212,0.09,nan
syn2_d80_redundant0_noise0,controlled_gaussian_mixture_round2,2026,0.99,release_1,granular_ball,logistic,600,80,2,32,9.375,1.0,1,57,22,0.6875,0.71875,2.0657327358890036,0.0,1.0,1.0,1.0,1.0,80,2.0,5.0,0.3,3,0.0,0.0,0.7549555555555556,0.7744566013186168,0.21333333333333335,nan
syn2_d80_redundant0_noise0,controlled_gaussian_mixture_round2,2026,0.99,release_1,granular_ball,random_forest,600,80,2,32,9.375,1.0,1,57,22,0.6875,0.71875,2.0657327358890036,0.0,1.0,1.0,1.0,1.0,80,2.0,5.0,0.3,3,0.0,0.0,0.7481500000000001,0.7768083803245498,0.17,nan
syn2_d80_redundant0_noise0,controlled_gaussian_mixture_round2,2026,0.99,release_1,matched_kmeans,logistic,600,80,2,32,9.375,1.0,1,99,28,0.875,0.875,1.0256367394777497,0.0,0.9691007295173961,1.0,1.0,1.0,80,2.0,5.0,0.3,3,0.0,0.0,0.7133444444444443,0.6905296395490546,0.10666666666666667,nan
syn2_d80_redundant0_noise0,controlled_gaussian_mixture_round2,2026,0.99,release_1,matched_kmeans,random_forest,600,80,2,32,9.375,1.0,1,99,28,0.875,0.875,1.0256367394777497,0.0,0.9691007295173961,1.0,1.0,1.0,80,2.0,5.0,0.3,3,0.0,0.0,0.7656166666666666,0.7751129129594019,0.13333333333333333,nan
syn2_d80_redundant0_noise0,controlled_gaussian_mixture_round2,2026,0.99,release_2,granular_ball,logistic,600,80,2,32,9.375,1.0,1,57,22,0.6875,0.71875,2.0657327358890036,0.0,1.0,1.0,1.0,1.0,80,2.0,5.0,0.3,3,0.0,0.0,0.7963555555555555,0.80774284434539,0.23333333333333334,nan
syn2_d80_redundant0_noise0,controlled_gaussian_mixture_round2,2026,0.99,release_2,granular_ball,random_forest,600,80,2,32,9.375,1.0,1,57,22,0.6875,0.71875,2.0657327358890036,0.0,1.0,1.0,1.0,1.0,80,2.0,5.0,0.3,3,0.0,0.0,0.7834333333333334,0.7889840730644233,0.20333333333333334,nan
syn2_d80_redundant0_noise0,controlled_gaussian_mixture_round2,2026,0.99,release_2,matched_kmeans,logistic,600,80,2,32,9.375,1.0,1,99,28,0.875,0.875,1.0256367394777497,0.0,0.9691007295173961,1.0,1.0,1.0,80,2.0,5.0,0.3,3,0.0,0.0,0.6783777777777777,0.6756317325207223,0.11333333333333333,nan
syn2_d80_redundant0_noise0,controlled_gaussian_mixture_round2,2026,0.99,release_2,matched_kmeans,random_forest,600,80,2,32,9.375,1.0,1,99,28,0.875,0.875,1.0256367394777497,0.0,0.9691007295173961,1.0,1.0,1.0,80,2.0,5.0,0.3,3,0.0,0.0,0.7768222222222222,0.7783800588376031,0.11,nan
syn2_d80_redundant0_noise0,controlled_gaussian_mixture_round2,2026,0.99,release_3,granular_ball,logistic,600,80,2,32,9.375,1.0,1,57,22,0.6875,0.71875,2.0657327358890036,0.0,1.0,1.0,1.0,1.0,80,2.0,5.0,0.3,3,0.0,0.0,0.794211111111111,0.805666689505523,0.23,nan
syn2_d80_redundant0_noise0,controlled_gaussian_mixture_round2,2026,0.99,release_3,granular_ball,random_forest,600,80,2,32,9.375,1.0,1,57,22,0.6875,0.71875,2.0657327358890036,0.0,1.0,1.0,1.0,1.0,80,2.0,5.0,0.3,3,0.0,0.0,0.7917722222222222,0.7933571372753296,0.17666666666666667,nan
syn2_d80_redundant0_noise0,controlled_gaussian_mixture_round2,2026,0.99,release_3,matched_kmeans,logistic,600,80,2,32,9.375,1.0,1,99,28,0.875,0.875,1.0256367394777497,0.0,0.9691007295173961,1.0,1.0,1.0,80,2.0,5.0,0.3,3,0.0,0.0,0.6753444444444444,0.678322969937433,0.11,nan
syn2_d80_redundant0_noise0,controlled_gaussian_mixture_round2,2026,0.99,release_3,matched_kmeans,random_forest,600,80,2,32,9.375,1.0,1,99,28,0.875,0.875,1.0256367394777497,0.0,0.9691007295173961,1.0,1.0,1.0,80,2.0,5.0,0.3,3,0.0,0.0,0.7788555555555555,0.7800858904471333,0.10666666666666667,nan
syn2_d80_redundant0_noise0.1,controlled_gaussian_mixture_round2,42,0.7,release_1,granular_ball,logistic,600,80,2,23,13.043478260869565,1.0,1,101,16,0.6956521739130435,0.7391304347826086,2.4339511261895064,0.0,0.965128908359871,1.0,1.0,1.0,80,2.0,5.0,0.3,3,0.0,0.1,0.6790333333333334,0.6674468068255252,0.06666666666666667,nan
syn2_d80_redundant0_noise0.1,controlled_gaussian_mixture_round2,42,0.7,release_1,granular_ball,random_forest,600,80,2,23,13.043478260869565,1.0,1,101,16,0.6956521739130435,0.7391304347826086,2.4339511261895064,0.0,0.965128908359871,1.0,1.0,1.0,80,2.0,5.0,0.3,3,0.0,0.1,0.7219611111111112,0.7082849605194099,0.08,nan
syn2_d80_redundant0_noise0.1,controlled_gaussian_mixture_round2,42,0.7,release_1,matched_kmeans,logistic,600,80,2,23,13.043478260869565,1.0,1,118,20,0.8695652173913043,0.8695652173913043,1.084566986734753,0.0,0.9612682576573512,1.0,1.0,1.0,80,2.0,5.0,0.3,3,0.0,0.1,0.6913333333333334,0.6907776527226093,0.09,nan
syn2_d80_redundant0_noise0.1,controlled_gaussian_mixture_round2,42,0.7,release_1,matched_kmeans,random_forest,600,80,2,23,13.043478260869565,1.0,1,118,20,0.8695652173913043,0.8695652173913043,1.084566986734753,0.0,0.9612682576573512,1.0,1.0,1.0,80,2.0,5.0,0.3,3,0.0,0.1,0.6424444444444446,0.6550918696964814,0.09,nan
syn2_d80_redundant0_noise0.1,controlled_gaussian_mixture_round2,42,0.7,release_2,granular_ball,logistic,600,80,2,23,13.043478260869565,1.0,1,101,16,0.6956521739130435,0.7391304347826086,2.4339511261895064,0.0,0.965128908359871,1.0,1.0,1.0,80,2.0,5.0,0.3,3,0.0,0.1,0.7366333333333334,0.7293750584168659,0.12,nan
syn2_d80_redundant0_noise0.1,controlled_gaussian_mixture_round2,42,0.7,release_2,granular_ball,random_forest,600,80,2,23,13.043478260869565,1.0,1,101,16,0.6956521739130435,0.7391304347826086,2.4339511261895064,0.0,0.965128908359871,1.0,1.0,1.0,80,2.0,5.0,0.3,3,0.0,0.1,0.7619777777777778,0.7108807044769299,0.04666666666666667,nan
syn2_d80_redundant0_noise0.1,controlled_gaussian_mixture_round2,42,0.7,release_2,matched_kmeans,logistic,600,80,2,23,13.043478260869565,1.0,1,118,20,0.8695652173913043,0.8695652173913043,1.084566986734753,0.0,0.9612682576573512,1.0,1.0,1.0,80,2.0,5.0,0.3,3,0.0,0.1,0.6775333333333333,0.689539064752718,0.13,nan
syn2_d80_redundant0_noise0.1,controlled_gaussian_mixture_round2,42,0.7,release_2,matched_kmeans,random_forest,600,80,2,23,13.043478260869565,1.0,1,118,20,0.8695652173913043,0.8695652173913043,1.084566986734753,0.0,0.9612682576573512,1.0,1.0,1.0,80,2.0,5.0,0.3,3,0.0,0.1,0.6799111111111111,0.6830607429619701,0.11,nan
syn2_d80_redundant0_noise0.1,controlled_gaussian_mixture_round2,42,0.7,release_3,granular_ball,logistic,600,80,2,23,13.043478260869565,1.0,1,101,16,0.6956521739130435,0.7391304347826086,2.4339511261895064,0.0,0.965128908359871,1.0,1.0,1.0,80,2.0,5.0,0.3,3,0.0,0.1,0.7303777777777777,0.7174396601959725,0.10666666666666667,nan
syn2_d80_redundant0_noise0.1,controlled_gaussian_mixture_round2,42,0.7,release_3,granular_ball,random_forest,600,80,2,23,13.043478260869565,1.0,1,101,16,0.6956521739130435,0.7391304347826086,2.4339511261895064,0.0,0.965128908359871,1.0,1.0,1.0,80,2.0,5.0,0.3,3,0.0,0.1,0.7650333333333333,0.7128330937502959,0.043333333333333335,nan
syn2_d80_redundant0_noise0.1,controlled_gaussian_mixture_round2,42,0.7,release_3,matched_kmeans,logistic,600,80,2,23,13.043478260869565,1.0,1,118,20,0.8695652173913043,0.8695652173913043,1.084566986734753,0.0,0.9612682576573512,1.0,1.0,1.0,80,2.0,5.0,0.3,3,0.0,0.1,0.6860555555555555,0.6881246467911583,0.1,nan
syn2_d80_redundant0_noise0.1,controlled_gaussian_mixture_round2,42,0.7,release_3,matched_kmeans,random_forest,600,80,2,23,13.043478260869565,1.0,1,118,20,0.8695652173913043,0.8695652173913043,1.084566986734753,0.0,0.9612682576573512,1.0,1.0,1.0,80,2.0,5.0,0.3,3,0.0,0.1,0.6848999999999998,0.6943515690204092,0.11333333333333333,nan
syn2_d80_redundant0_noise0.1,controlled_gaussian_mixture_round2,42,0.8,release_1,granular_ball,logistic,600,80,2,23,13.043478260869565,1.0,1,101,16,0.6956521739130435,0.7391304347826086,2.4339511261895064,0.0,0.965128908359871,1.0,1.0,1.0,80,2.0,5.0,0.3,3,0.0,0.1,0.6790333333333334,0.6674468068255252,0.06666666666666667,nan
syn2_d80_redundant0_noise0.1,controlled_gaussian_mixture_round2,42,0.8,release_1,granular_ball,random_forest,600,80,2,23,13.043478260869565,1.0,1,101,16,0.6956521739130435,0.7391304347826086,2.4339511261895064,0.0,0.965128908359871,1.0,1.0,1.0,80,2.0,5.0,0.3,3,0.0,0.1,0.7219611111111112,0.7082849605194099,0.08,nan
syn2_d80_redundant0_noise0.1,controlled_gaussian_mixture_round2,42,0.8,release_1,matched_kmeans,logistic,600,80,2,23,13.043478260869565,1.0,1,118,20,0.8695652173913043,0.8695652173913043,1.084566986734753,0.0,0.9612682576573512,1.0,1.0,1.0,80,2.0,5.0,0.3,3,0.0,0.1,0.6913333333333334,0.6907776527226093,0.09,nan
syn2_d80_redundant0_noise0.1,controlled_gaussian_mixture_round2,42,0.8,release_1,matched_kmeans,random_forest,600,80,2,23,13.043478260869565,1.0,1,118,20,0.8695652173913043,0.8695652173913043,1.084566986734753,0.0,0.9612682576573512,1.0,1.0,1.0,80,2.0,5.0,0.3,3,0.0,0.1,0.6424444444444446,0.6550918696964814,0.09,nan
syn2_d80_redundant0_noise0.1,controlled_gaussian_mixture_round2,42,0.8,release_2,granular_ball,logistic,600,80,2,23,13.043478260869565,1.0,1,101,16,0.6956521739130435,0.7391304347826086,2.4339511261895064,0.0,0.965128908359871,1.0,1.0,1.0,80,2.0,5.0,0.3,3,0.0,0.1,0.7366333333333334,0.7293750584168659,0.12,nan
syn2_d80_redundant0_noise0.1,controlled_gaussian_mixture_round2,42,0.8,release_2,granular_ball,random_forest,600,80,2,23,13.043478260869565,1.0,1,101,16,0.6956521739130435,0.7391304347826086,2.4339511261895064,0.0,0.965128908359871,1.0,1.0,1.0,80,2.0,5.0,0.3,3,0.0,0.1,0.7619777777777778,0.7108807044769299,0.04666666666666667,nan
syn2_d80_redundant0_noise0.1,controlled_gaussian_mixture_round2,42,0.8,release_2,matched_kmeans,logistic,600,80,2,23,13.043478260869565,1.0,1,118,20,0.8695652173913043,0.8695652173913043,1.084566986734753,0.0,0.9612682576573512,1.0,1.0,1.0,80,2.0,5.0,0.3,3,0.0,0.1,0.6775333333333333,0.689539064752718,0.13,nan
syn2_d80_redundant0_noise0.1,controlled_gaussian_mixture_round2,42,0.8,release_2,matched_kmeans,random_forest,600,80,2,23,13.043478260869565,1.0,1,118,20,0.8695652173913043,0.8695652173913043,1.084566986734753,0.0,0.9612682576573512,1.0,1.0,1.0,80,2.0,5.0,0.3,3,0.0,0.1,0.6799111111111111,0.6830607429619701,0.11,nan
syn2_d80_redundant0_noise0.1,controlled_gaussian_mixture_round2,42,0.8,release_3,granular_ball,logistic,600,80,2,23,13.043478260869565,1.0,1,101,16,0.6956521739130435,0.7391304347826086,2.4339511261895064,0.0,0.965128908359871,1.0,1.0,1.0,80,2.0,5.0,0.3,3,0.0,0.1,0.7303777777777777,0.7174396601959725,0.10666666666666667,nan
syn2_d80_redundant0_noise0.1,controlled_gaussian_mixture_round2,42,0.8,release_3,granular_ball,random_forest,600,80,2,23,13.043478260869565,1.0,1,101,16,0.6956521739130435,0.7391304347826086,2.4339511261895064,0.0,0.965128908359871,1.0,1.0,1.0,80,2.0,5.0,0.3,3,0.0,0.1,0.7650333333333333,0.7128330937502959,0.043333333333333335,nan
syn2_d80_redundant0_noise0.1,controlled_gaussian_mixture_round2,42,0.8,release_3,matched_kmeans,logistic,600,80,2,23,13.043478260869565,1.0,1,118,20,0.8695652173913043,0.8695652173913043,1.084566986734753,0.0,0.9612682576573512,1.0,1.0,1.0,80,2.0,5.0,0.3,3,0.0,0.1,0.6860555555555555,0.6881246467911583,0.1,nan
syn2_d80_redundant0_noise0.1,controlled_gaussian_mixture_round2,42,0.8,release_3,matched_kmeans,random_forest,600,80,2,23,13.043478260869565,1.0,1,118,20,0.8695652173913043,0.8695652173913043,1.084566986734753,0.0,0.9612682576573512,1.0,1.0,1.0,80,2.0,5.0,0.3,3,0.0,0.1,0.6848999999999998,0.6943515690204092,0.11333333333333333,nan
syn2_d80_redundant0_noise0.1,controlled_gaussian_mixture_round2,42,0.9,release_1,granular_ball,logistic,600,80,2,96,3.125,2.0,1,53,47,0.8229166666666666,0.9166666666666666,2.5297408670414447,1.2381913778962486,0.9317984946424412,1.0,1.0,1.0,80,2.0,5.0,0.3,3,0.0,0.1,0.8978333333333333,0.9218051839425639,0.5833333333333334,nan
syn2_d80_redundant0_noise0.1,controlled_gaussian_mixture_round2,42,0.9,release_1,granular_ball,random_forest,600,80,2,96,3.125,2.0,1,53,47,0.8229166666666666,0.9166666666666666,2.5297408670414447,1.2381913778962486,0.9317984946424412,1.0,1.0,1.0,80,2.0,5.0,0.3,3,0.0,0.1,0.9006166666666666,0.9221664480947883,0.57,nan
syn2_d80_redundant0_noise0.1,controlled_gaussian_mixture_round2,42,0.9,release_1,matched_kmeans,logistic,600,80,2,96,3.125,1.0,1,68,89,0.9270833333333334,0.9270833333333334,0.5897429700711275,0.0,0.9905506659482515,1.0,1.0,1.0,80,2.0,5.0,0.3,3,0.0,0.1,0.8169444444444445,0.8139824443817335,0.3,nan
syn2_d80_redundant0_noise0.1,controlled_gaussian_mixture_round2,42,0.9,release_1,matched_kmeans,random_forest,600,80,2,96,3.125,1.0,1,68,89,0.9270833333333334,0.9270833333333334,0.5897429700711275,0.0,0.9905506659482515,1.0,1.0,1.0,80,2.0,5.0,0.3,3,0.0,0.1,0.8775944444444446,0.8872457955589277,0.36333333333333334,nan
syn2_d80_redundant0_noise0.1,controlled_gaussian_mixture_round2,42,0.9,release_2,granular_ball,logistic,600,80,2,96,3.125,2.0,1,53,47,0.8229166666666666,0.9166666666666666,2.5297408670414447,1.2381913778962486,0.9317984946424412,1.0,1.0,1.0,80,2.0,5.0,0.3,3,0.0,0.1,0.9304888888888889,0.9409327443404442,0.5366666666666666,nan
syn2_d80_redundant0_noise0.1,controlled_gaussian_mixture_round2,42,0.9,release_2,granular_ball,random_forest,600,80,2,96,3.125,2.0,1,53,47,0.8229166666666666,0.9166666666666666,2.5297408670414447,1.2381913778962486,0.9317984946424412,1.0,1.0,1.0,80,2.0,5.0,0.3,3,0.0,0.1,0.9353833333333335,0.9425904448138579,0.55,nan
syn2_d80_redundant0_noise0.1,controlled_gaussian_mixture_round2,42,0.9,release_2,matched_kmeans,logistic,600,80,2,96,3.125,1.0,1,68,89,0.9270833333333334,0.9270833333333334,0.5897429700711275,0.0,0.9905506659482515,1.0,1.0,1.0,80,2.0,5.0,0.3,3,0.0,0.1,0.8153888888888888,0.8320681816722355,0.3333333333333333,nan
syn2_d80_redundant0_noise0.1,controlled_gaussian_mixture_round2,42,0.9,release_2,matched_kmeans,random_forest,600,80,2,96,3.125,1.0,1,68,89,0.9270833333333334,0.9270833333333334,0.5897429700711275,0.0,0.9905506659482515,1.0,1.0,1.0,80,2.0,5.0,0.3,3,0.0,0.1,0.8815555555555554,0.8914673912649459,0.39,nan
syn2_d80_redundant0_noise0.1,controlled_gaussian_mixture_round2,42,0.9,release_3,granular_ball,logistic,600,80,2,96,3.125,2.0,1,53,47,0.8229166666666666,0.9166666666666666,2.5297408670414447,1.2381913778962486,0.9317984946424412,1.0,1.0,1.0,80,2.0,5.0,0.3,3,0.0,0.1,0.9232,0.9356545049776122,0.5633333333333334,nan
syn2_d80_redundant0_noise0.1,controlled_gaussian_mixture_round2,42,0.9,release_3,granular_ball,random_forest,600,80,2,96,3.125,2.0,1,53,47,0.8229166666666666,0.9166666666666666,2.5297408670414447,1.2381913778962486,0.9317984946424412,1.0,1.0,1.0,80,2.0,5.0,0.3,3,0.0,0.1,0.9344999999999999,0.9420364142739388,0.5533333333333333,nan
syn2_d80_redundant0_noise0.1,controlled_gaussian_mixture_round2,42,0.9,release_3,matched_kmeans,logistic,600,80,2,96,3.125,1.0,1,68,89,0.9270833333333334,0.9270833333333334,0.5897429700711275,0.0,0.9905506659482515,1.0,1.0,1.0,80,2.0,5.0,0.3,3,0.0,0.1,0.8111777777777778,0.8291305889387015,0.34,nan
syn2_d80_redundant0_noise0.1,controlled_gaussian_mixture_round2,42,0.9,release_3,matched_kmeans,random_forest,600,80,2,96,3.125,1.0,1,68,89,0.9270833333333334,0.9270833333333334,0.5897429700711275,0.0,0.9905506659482515,1.0,1.0,1.0,80,2.0,5.0,0.3,3,0.0,0.1,0.8812555555555555,0.8902990106538148,0.37666666666666665,nan
syn2_d80_redundant0_noise0.1,controlled_gaussian_mixture_round2,42,0.95,release_1,granular_ball,logistic,600,80,2,108,2.7777777777777777,2.0,1,26,50,0.8148148148148148,0.9166666666666666,2.8549909823533657,1.2760392171637656,0.9263414055080722,1.0,1.0,1.0,80,2.0,5.0,0.3,3,0.0,0.1,0.9301777777777778,0.9475769052582801,0.6733333333333333,nan
syn2_d80_redundant0_noise0.1,controlled_gaussian_mixture_round2,42,0.95,release_1,granular_ball,random_forest,600,80,2,108,2.7777777777777777,2.0,1,26,50,0.8148148148148148,0.9166666666666666,2.8549909823533657,1.2760392171637656,0.9263414055080722,1.0,1.0,1.0,80,2.0,5.0,0.3,3,0.0,0.1,0.9364166666666667,0.9530760212824321,0.7033333333333334,nan
syn2_d80_redundant0_noise0.1,controlled_gaussian_mixture_round2,42,0.95,release_1,matched_kmeans,logistic,600,80,2,108,2.7777777777777777,1.0,1,62,101,0.9351851851851852,0.9351851851851852,0.511304004970946,0.0,0.9928169685345738,1.0,1.0,1.0,80,2.0,5.0,0.3,3,0.0,0.1,0.8410333333333334,0.8401210461431845,0.3466666666666667,nan
syn2_d80_redundant0_noise0.1,controlled_gaussian_mixture_round2,42,0.95,release_1,matched_kmeans,random_forest,600,80,2,108,2.7777777777777777,1.0,1,62,101,0.9351851851851852,0.9351851851851852,0.511304004970946,0.0,0.9928169685345738,1.0,1.0,1.0,80,2.0,5.0,0.3,3,0.0,0.1,0.9133111111111111,0.9207671414615333,0.57,nan
syn2_d80_redundant0_noise0.1,controlled_gaussian_mixture_round2,42,0.95,release_2,granular_ball,logistic,600,80,2,108,2.7777777777777777,2.0,1,26,50,0.8148148148148148,0.9166666666666666,2.8549909823533657,1.2760392171637656,0.9263414055080722,1.0,1.0,1.0,80,2.0,5.0,0.3,3,0.0,0.1,0.9578888888888888,0.9667927640476341,0.7,nan
syn2_d80_redundant0_noise0.1,controlled_gaussian_mixture_round2,42,0.95,release_2,granular_ball,random_forest,600,80,2,108,2.7777777777777777,2.0,1,26,50,0.8148148148148148,0.9166666666666666,2.8549909823533657,1.2760392171637656,0.9263414055080722,1.0,1.0,1.0,80,2.0,5.0,0.3,3,0.0,0.1,0.9528444444444445,0.9634773196734598,0.69,nan
syn2_d80_redundant0_noise0.1,controlled_gaussian_mixture_round2,42,0.95,release_2,matched_kmeans,logistic,600,80,2,108,2.7777777777777777,1.0,1,62,101,0.9351851851851852,0.9351851851851852,0.511304004970946,0.0,0.9928169685345738,1.0,1.0,1.0,80,2.0,5.0,0.3,3,0.0,0.1,0.8443888888888889,0.8570111721181671,0.37,nan
syn2_d80_redundant0_noise0.1,controlled_gaussian_mixture_round2,42,0.95,release_2,matched_kmeans,random_forest,600,80,2,108,2.7777777777777777,1.0,1,62,101,0.9351851851851852,0.9351851851851852,0.511304004970946,0.0,0.9928169685345738,1.0,1.0,1.0,80,2.0,5.0,0.3,3,0.0,0.1,0.9205222222222222,0.9259154311205049,0.5433333333333333,nan
syn2_d80_redundant0_noise0.1,controlled_gaussian_mixture_round2,42,0.95,release_3,granular_ball,logistic,600,80,2,108,2.7777777777777777,2.0,1,26,50,0.8148148148148148,0.9166666666666666,2.8549909823533657,1.2760392171637656,0.9263414055080722,1.0,1.0,1.0,80,2.0,5.0,0.3,3,0.0,0.1,0.949522222222222,0.9596408942797644,0.6966666666666667,nan
syn2_d80_redundant0_noise0.1,controlled_gaussian_mixture_round2,42,0.95,release_3,granular_ball,random_forest,600,80,2,108,2.7777777777777777,2.0,1,26,50,0.8148148148148148,0.9166666666666666,2.8549909823533657,1.2760392171637656,0.9263414055080722,1.0,1.0,1.0,80,2.0,5.0,0.3,3,0.0,0.1,0.9539611111111111,0.964355327110706,0.7233333333333334,nan
syn2_d80_redundant0_noise0.1,controlled_gaussian_mixture_round2,42,0.95,release_3,matched_kmeans,logistic,600,80,2,108,2.7777777777777777,1.0,1,62,101,0.9351851851851852,0.9351851851851852,0.511304004970946,0.0,0.9928169685345738,1.0,1.0,1.0,80,2.0,5.0,0.3,3,0.0,0.1,0.8427444444444444,0.8560519225661622,0.38,nan
syn2_d80_redundant0_noise0.1,controlled_gaussian_mixture_round2,42,0.95,release_3,matched_kmeans,random_forest,600,80,2,108,2.7777777777777777,1.0,1,62,101,0.9351851851851852,0.9351851851851852,0.511304004970946,0.0,0.9928169685345738,1.0,1.0,1.0,80,2.0,5.0,0.3,3,0.0,0.1,0.9164000000000001,0.9220358146868446,0.5166666666666667,nan
syn2_d80_redundant0_noise0.1,controlled_gaussian_mixture_round2,42,0.99,release_1,granular_ball,logistic,600,80,2,109,2.7522935779816513,2.0,1,26,51,0.8165137614678899,0.9174311926605505,2.8252339925405594,1.2637350625112196,0.9273700305810398,1.0,1.0,1.0,80,2.0,5.0,0.3,3,0.0,0.1,0.9315111111111112,0.948886794426,0.7233333333333334,nan
syn2_d80_redundant0_noise0.1,controlled_gaussian_mixture_round2,42,0.99,release_1,granular_ball,random_forest,600,80,2,109,2.7522935779816513,2.0,1,26,51,0.8165137614678899,0.9174311926605505,2.8252339925405594,1.2637350625112196,0.9273700305810398,1.0,1.0,1.0,80,2.0,5.0,0.3,3,0.0,0.1,0.9405833333333333,0.9575836518963377,0.7866666666666666,nan
syn2_d80_redundant0_noise0.1,controlled_gaussian_mixture_round2,42,0.99,release_1,matched_kmeans,logistic,600,80,2,109,2.7522935779816513,1.0,1,63,102,0.9357798165137615,0.9357798165137615,0.5064737663696167,0.0,0.9928234590483379,1.0,1.0,1.0,80,2.0,5.0,0.3,3,0.0,0.1,0.8404666666666667,0.8390778670968057,0.3433333333333333,nan
syn2_d80_redundant0_noise0.1,controlled_gaussian_mixture_round2,42,0.99,release_1,matched_kmeans,random_forest,600,80,2,109,2.7522935779816513,1.0,1,63,102,0.9357798165137615,0.9357798165137615,0.5064737663696167,0.0,0.9928234590483379,1.0,1.0,1.0,80,2.0,5.0,0.3,3,0.0,0.1,0.9011222222222222,0.9086395784311938,0.51,nan
syn2_d80_redundant0_noise0.1,controlled_gaussian_mixture_round2,42,0.99,release_2,granular_ball,logistic,600,80,2,109,2.7522935779816513,2.0,1,26,51,0.8165137614678899,0.9174311926605505,2.8252339925405594,1.2637350625112196,0.9273700305810398,1.0,1.0,1.0,80,2.0,5.0,0.3,3,0.0,0.1,0.9609222222222223,0.9696045500409924,0.7166666666666667,nan
syn2_d80_redundant0_noise0.1,controlled_gaussian_mixture_round2,42,0.99,release_2,granular_ball,random_forest,600,80,2,109,2.7522935779816513,2.0,1,26,51,0.8165137614678899,0.9174311926605505,2.8252339925405594,1.2637350625112196,0.9273700305810398,1.0,1.0,1.0,80,2.0,5.0,0.3,3,0.0,0.1,0.9592833333333333,0.968075274081761,0.7366666666666667,nan
syn2_d80_redundant0_noise0.1,controlled_gaussian_mixture_round2,42,0.99,release_2,matched_kmeans,logistic,600,80,2,109,2.7522935779816513,1.0,1,63,102,0.9357798165137615,0.9357798165137615,0.5064737663696167,0.0,0.9928234590483379,1.0,1.0,1.0,80,2.0,5.0,0.3,3,0.0,0.1,0.8459777777777778,0.8581731399184637,0.36333333333333334,nan
syn2_d80_redundant0_noise0.1,controlled_gaussian_mixture_round2,42,0.99,release_2,matched_kmeans,random_forest,600,80,2,109,2.7522935779816513,1.0,1,63,102,0.9357798165137615,0.9357798165137615,0.5064737663696167,0.0,0.9928234590483379,1.0,1.0,1.0,80,2.0,5.0,0.3,3,0.0,0.1,0.9120111111111111,0.918691593710756,0.4766666666666667,nan
syn2_d80_redundant0_noise0.1,controlled_gaussian_mixture_round2,42,0.99,release_3,granular_ball,logistic,600,80,2,109,2.7522935779816513,2.0,1,26,51,0.8165137614678899,0.9174311926605505,2.8252339925405594,1.2637350625112196,0.9273700305810398,1.0,1.0,1.0,80,2.0,5.0,0.3,3,0.0,0.1,0.9528333333333333,0.9619363327419739,0.7066666666666667,nan
syn2_d80_redundant0_noise0.1,controlled_gaussian_mixture_round2,42,0.99,release_3,granular_ball,random_forest,600,80,2,109,2.7522935779816513,2.0,1,26,51,0.8165137614678899,0.9174311926605505,2.8252339925405594,1.2637350625112196,0.9273700305810398,1.0,1.0,1.0,80,2.0,5.0,0.3,3,0.0,0.1,0.9593166666666666,0.9684506754765205,0.72,nan
syn2_d80_redundant0_noise0.1,controlled_gaussian_mixture_round2,42,0.99,release_3,matched_kmeans,logistic,600,80,2,109,2.7522935779816513,1.0,1,63,102,0.9357798165137615,0.9357798165137615,0.5064737663696167,0.0,0.9928234590483379,1.0,1.0,1.0,80,2.0,5.0,0.3,3,0.0,0.1,0.8435444444444445,0.8569146783362055,0.37333333333333335,nan
syn2_d80_redundant0_noise0.1,controlled_gaussian_mixture_round2,42,0.99,release_3,matched_kmeans,random_forest,600,80,2,109,2.7522935779816513,1.0,1,63,102,0.9357798165137615,0.9357798165137615,0.5064737663696167,0.0,0.9928234590483379,1.0,1.0,1.0,80,2.0,5.0,0.3,3,0.0,0.1,0.9085444444444445,0.9168646625735913,0.49666666666666665,nan
syn2_d80_redundant0_noise0.1,controlled_gaussian_mixture_round2,99,0.7,release_1,granular_ball,logistic,600,80,2,26,11.538461538461538,1.0,1,71,17,0.6923076923076923,0.6923076923076923,2.7461800858084926,0.0,0.9492273717210508,1.0,0.9631147540983607,1.0,80,2.0,5.0,0.3,3,0.0,0.1,0.697988888888889,0.6999548707217553,0.10333333333333333,nan
syn2_d80_redundant0_noise0.1,controlled_gaussian_mixture_round2,99,0.7,release_1,granular_ball,random_forest,600,80,2,26,11.538461538461538,1.0,1,71,17,0.6923076923076923,0.6923076923076923,2.7461800858084926,0.0,0.9492273717210508,1.0,0.9631147540983607,1.0,80,2.0,5.0,0.3,3,0.0,0.1,0.7114666666666667,0.7477930679096474,0.22,nan
syn2_d80_redundant0_noise0.1,controlled_gaussian_mixture_round2,99,0.7,release_1,matched_kmeans,logistic,600,80,2,26,11.538461538461538,1.0,1,160,23,0.8846153846153846,0.8846153846153846,1.0138323918171754,0.0,0.9703953304759756,1.0,1.0,1.0,80,2.0,5.0,0.3,3,0.0,0.1,0.7022111111111111,0.7080159418528273,0.11,nan
syn2_d80_redundant0_noise0.1,controlled_gaussian_mixture_round2,99,0.7,release_1,matched_kmeans,random_forest,600,80,2,26,11.538461538461538,1.0,1,160,23,0.8846153846153846,0.8846153846153846,1.0138323918171754,0.0,0.9703953304759756,1.0,1.0,1.0,80,2.0,5.0,0.3,3,0.0,0.1,0.7048888888888889,0.7259700646872569,0.14333333333333334,nan
syn2_d80_redundant0_noise0.1,controlled_gaussian_mixture_round2,99,0.7,release_2,granular_ball,logistic,600,80,2,26,11.538461538461538,1.0,1,71,17,0.6923076923076923,0.6923076923076923,2.7461800858084926,0.0,0.9492273717210508,1.0,0.9631147540983607,1.0,80,2.0,5.0,0.3,3,0.0,0.1,0.7337333333333333,0.7540087456674184,0.17333333333333334,nan
syn2_d80_redundant0_noise0.1,controlled_gaussian_mixture_round2,99,0.7,release_2,granular_ball,random_forest,600,80,2,26,11.538461538461538,1.0,1,71,17,0.6923076923076923,0.6923076923076923,2.7461800858084926,0.0,0.9492273717210508,1.0,0.9631147540983607,1.0,80,2.0,5.0,0.3,3,0.0,0.1,0.7210666666666667,0.7475757156065397,0.22,nan
syn2_d80_redundant0_noise0.1,controlled_gaussian_mixture_round2,99,0.7,release_2,matched_kmeans,logistic,600,80,2,26,11.538461538461538,1.0,1,160,23,0.8846153846153846,0.8846153846153846,1.0138323918171754,0.0,0.9703953304759756,1.0,1.0,1.0,80,2.0,5.0,0.3,3,0.0,0.1,0.7186777777777777,0.7432586143230161,0.18333333333333332,nan
syn2_d80_redundant0_noise0.1,controlled_gaussian_mixture_round2,99,0.7,release_2,matched_kmeans,random_forest,600,80,2,26,11.538461538461538,1.0,1,160,23,0.8846153846153846,0.8846153846153846,1.0138323918171754,0.0,0.9703953304759756,1.0,1.0,1.0,80,2.0,5.0,0.3,3,0.0,0.1,0.6955666666666667,0.7293065550843001,0.15333333333333332,nan
syn2_d80_redundant0_noise0.1,controlled_gaussian_mixture_round2,99,0.7,release_3,granular_ball,logistic,600,80,2,26,11.538461538461538,1.0,1,71,17,0.6923076923076923,0.6923076923076923,2.7461800858084926,0.0,0.9492273717210508,1.0,0.9631147540983607,1.0,80,2.0,5.0,0.3,3,0.0,0.1,0.7311444444444444,0.7511810508985897,0.16333333333333333,nan
syn2_d80_redundant0_noise0.1,controlled_gaussian_mixture_round2,99,0.7,release_3,granular_ball,random_forest,600,80,2,26,11.538461538461538,1.0,1,71,17,0.6923076923076923,0.6923076923076923,2.7461800858084926,0.0,0.9492273717210508,1.0,0.9631147540983607,1.0,80,2.0,5.0,0.3,3,0.0,0.1,0.711511111111111,0.7405089164465627,0.20666666666666667,nan
syn2_d80_redundant0_noise0.1,controlled_gaussian_mixture_round2,99,0.7,release_3,matched_kmeans,logistic,600,80,2,26,11.538461538461538,1.0,1,160,23,0.8846153846153846,0.8846153846153846,1.0138323918171754,0.0,0.9703953304759756,1.0,1.0,1.0,80,2.0,5.0,0.3,3,0.0,0.1,0.7161111111111111,0.7405669734072652,0.18,nan
syn2_d80_redundant0_noise0.1,controlled_gaussian_mixture_round2,99,0.7,release_3,matched_kmeans,random_forest,600,80,2,26,11.538461538461538,1.0,1,160,23,0.8846153846153846,0.8846153846153846,1.0138323918171754,0.0,0.9703953304759756,1.0,1.0,1.0,80,2.0,5.0,0.3,3,0.0,0.1,0.6975222222222222,0.7305956150054793,0.17,nan
syn2_d80_redundant0_noise0.1,controlled_gaussian_mixture_round2,99,0.8,release_1,granular_ball,logistic,600,80,2,53,5.660377358490566,1.0,1,61,33,0.7358490566037735,0.7924528301886793,2.6524162433830254,0.0,0.964534909466636,1.0,1.0,1.0,80,2.0,5.0,0.3,3,0.0,0.1,0.8420111111111112,0.8510221646169303,0.30333333333333334,nan
syn2_d80_redundant0_noise0.1,controlled_gaussian_mixture_round2,99,0.8,release_1,granular_ball,random_forest,600,80,2,53,5.660377358490566,1.0,1,61,33,0.7358490566037735,0.7924528301886793,2.6524162433830254,0.0,0.964534909466636,1.0,1.0,1.0,80,2.0,5.0,0.3,3,0.0,0.1,0.8285888888888888,0.8462032369974988,0.33666666666666667,nan
syn2_d80_redundant0_noise0.1,controlled_gaussian_mixture_round2,99,0.8,release_1,matched_kmeans,logistic,600,80,2,53,5.660377358490566,1.0,1,143,50,0.9433962264150944,0.9433962264150944,0.4823443551065392,0.0,0.986773055924464,1.0,1.0,1.0,80,2.0,5.0,0.3,3,0.0,0.1,0.6949444444444444,0.7077316335077968,0.17333333333333334,nan
syn2_d80_redundant0_noise0.1,controlled_gaussian_mixture_round2,99,0.8,release_1,matched_kmeans,random_forest,600,80,2,53,5.660377358490566,1.0,1,143,50,0.9433962264150944,0.9433962264150944,0.4823443551065392,0.0,0.986773055924464,1.0,1.0,1.0,80,2.0,5.0,0.3,3,0.0,0.1,0.7290277777777778,0.7542321761112354,0.21,nan
syn2_d80_redundant0_noise0.1,controlled_gaussian_mixture_round2,99,0.8,release_2,granular_ball,logistic,600,80,2,53,5.660377358490566,1.0,1,61,33,0.7358490566037735,0.7924528301886793,2.6524162433830254,0.0,0.964534909466636,1.0,1.0,1.0,80,2.0,5.0,0.3,3,0.0,0.1,0.8538444444444445,0.8671059195031281,0.37333333333333335,nan
syn2_d80_redundant0_noise0.1,controlled_gaussian_mixture_round2,99,0.8,release_2,granular_ball,random_forest,600,80,2,53,5.660377358490566,1.0,1,61,33,0.7358490566037735,0.7924528301886793,2.6524162433830254,0.0,0.964534909466636,1.0,1.0,1.0,80,2.0,5.0,0.3,3,0.0,0.1,0.8397,0.8517469900190533,0.32,nan
syn2_d80_redundant0_noise0.1,controlled_gaussian_mixture_round2,99,0.8,release_2,matched_kmeans,logistic,600,80,2,53,5.660377358490566,1.0,1,143,50,0.9433962264150944,0.9433962264150944,0.4823443551065392,0.0,0.986773055924464,1.0,1.0,1.0,80,2.0,5.0,0.3,3,0.0,0.1,0.7003111111111111,0.7397046607832485,0.24,nan
syn2_d80_redundant0_noise0.1,controlled_gaussian_mixture_round2,99,0.8,release_2,matched_kmeans,random_forest,600,80,2,53,5.660377358490566,1.0,1,143,50,0.9433962264150944,0.9433962264150944,0.4823443551065392,0.0,0.986773055924464,1.0,1.0,1.0,80,2.0,5.0,0.3,3,0.0,0.1,0.7325333333333334,0.7605117326470145,0.22333333333333333,nan
syn2_d80_redundant0_noise0.1,controlled_gaussian_mixture_round2,99,0.8,release_3,granular_ball,logistic,600,80,2,53,5.660377358490566,1.0,1,61,33,0.7358490566037735,0.7924528301886793,2.6524162433830254,0.0,0.964534909466636,1.0,1.0,1.0,80,2.0,5.0,0.3,3,0.0,0.1,0.8518111111111111,0.8650251277856464,0.37,nan
syn2_d80_redundant0_noise0.1,controlled_gaussian_mixture_round2,99,0.8,release_3,granular_ball,random_forest,600,80,2,53,5.660377358490566,1.0,1,61,33,0.7358490566037735,0.7924528301886793,2.6524162433830254,0.0,0.964534909466636,1.0,1.0,1.0,80,2.0,5.0,0.3,3,0.0,0.1,0.8430333333333333,0.8540942497369841,0.31333333333333335,nan
syn2_d80_redundant0_noise0.1,controlled_gaussian_mixture_round2,99,0.8,release_3,matched_kmeans,logistic,600,80,2,53,5.660377358490566,1.0,1,143,50,0.9433962264150944,0.9433962264150944,0.4823443551065392,0.0,0.986773055924464,1.0,1.0,1.0,80,2.0,5.0,0.3,3,0.0,0.1,0.6984888888888888,0.7379441297452995,0.23,nan
syn2_d80_redundant0_noise0.1,controlled_gaussian_mixture_round2,99,0.8,release_3,matched_kmeans,random_forest,600,80,2,53,5.660377358490566,1.0,1,143,50,0.9433962264150944,0.9433962264150944,0.4823443551065392,0.0,0.986773055924464,1.0,1.0,1.0,80,2.0,5.0,0.3,3,0.0,0.1,0.7348222222222222,0.761485859076035,0.22666666666666666,nan
syn2_d80_redundant0_noise0.1,controlled_gaussian_mixture_round2,99,0.9,release_1,granular_ball,logistic,600,80,2,98,3.061224489795918,1.0,1,61,57,0.826530612244898,0.9183673469387755,2.110608065315084,0.0,0.9383545416332302,1.0,1.0,1.0,80,2.0,5.0,0.3,3,0.0,0.1,0.9011555555555556,0.9223741427384257,0.49666666666666665,nan
syn2_d80_redundant0_noise0.1,controlled_gaussian_mixture_round2,99,0.9,release_1,granular_ball,random_forest,600,80,2,98,3.061224489795918,1.0,1,61,57,0.826530612244898,0.9183673469387755,2.110608065315084,0.0,0.9383545416332302,1.0,1.0,1.0,80,2.0,5.0,0.3,3,0.0,0.1,0.8945055555555557,0.9227101040958687,0.6,nan
syn2_d80_redundant0_noise0.1,controlled_gaussian_mixture_round2,99,0.9,release_1,matched_kmeans,logistic,600,80,2,98,3.061224489795918,1.0,1,76,92,0.9387755102040817,0.9387755102040817,0.4847753861990462,0.0,0.9883803961648028,1.0,1.0,1.0,80,2.0,5.0,0.3,3,0.0,0.1,0.8154555555555556,0.8192859195037355,0.3333333333333333,nan
syn2_d80_redundant0_noise0.1,controlled_gaussian_mixture_round2,99,0.9,release_1,matched_kmeans,random_forest,600,80,2,98,3.061224489795918,1.0,1,76,92,0.9387755102040817,0.9387755102040817,0.4847753861990462,0.0,0.9883803961648028,1.0,1.0,1.0,80,2.0,5.0,0.3,3,0.0,0.1,0.8692555555555557,0.8831012389910429,0.42333333333333334,nan
syn2_d80_redundant0_noise0.1,controlled_gaussian_mixture_round2,99,0.9,release_2,granular_ball,logistic,600,80,2,98,3.061224489795918,1.0,1,61,57,0.826530612244898,0.9183673469387755,2.110608065315084,0.0,0.9383545416332302,1.0,1.0,1.0,80,2.0,5.0,0.3,3,0.0,0.1,0.9143555555555556,0.9294993626323177,0.5666666666666667,nan
syn2_d80_redundant0_noise0.1,controlled_gaussian_mixture_round2,99,0.9,release_2,granular_ball,random_forest,600,80,2,98,3.061224489795918,1.0,1,61,57,0.826530612244898,0.9183673469387755,2.110608065315084,0.0,0.9383545416332302,1.0,1.0,1.0,80,2.0,5.0,0.3,3,0.0,0.1,0.9344555555555556,0.9460285640818895,0.6066666666666667,nan
syn2_d80_redundant0_noise0.1,controlled_gaussian_mixture_round2,99,0.9,release_2,matched_kmeans,logistic,600,80,2,98,3.061224489795918,1.0,1,76,92,0.9387755102040817,0.9387755102040817,0.4847753861990462,0.0,0.9883803961648028,1.0,1.0,1.0,80,2.0,5.0,0.3,3,0.0,0.1,0.8148555555555556,0.8392292597741895,0.4033333333333333,nan
syn2_d80_redundant0_noise0.1,controlled_gaussian_mixture_round2,99,0.9,release_2,matched_kmeans,random_forest,600,80,2,98,3.061224489795918,1.0,1,76,92,0.9387755102040817,0.9387755102040817,0.4847753861990462,0.0,0.9883803961648028,1.0,1.0,1.0,80,2.0,5.0,0.3,3,0.0,0.1,0.8746777777777777,0.8865672629178907,0.4066666666666667,nan
syn2_d80_redundant0_noise0.1,controlled_gaussian_mixture_round2,99,0.9,release_3,granular_ball,logistic,600,80,2,98,3.061224489795918,1.0,1,61,57,0.826530612244898,0.9183673469387755,2.110608065315084,0.0,0.9383545416332302,1.0,1.0,1.0,80,2.0,5.0,0.3,3,0.0,0.1,0.9107111111111111,0.9240705345627649,0.5633333333333334,nan
syn2_d80_redundant0_noise0.1,controlled_gaussian_mixture_round2,99,0.9,release_3,granular_ball,random_forest,600,80,2,98,3.061224489795918,1.0,1,61,57,0.826530612244898,0.9183673469387755,2.110608065315084,0.0,0.9383545416332302,1.0,1.0,1.0,80,2.0,5.0,0.3,3,0.0,0.1,0.9342444444444444,0.9450927029143562,0.5633333333333334,nan
syn2_d80_redundant0_noise0.1,controlled_gaussian_mixture_round2,99,0.9,release_3,matched_kmeans,logistic,600,80,2,98,3.061224489795918,1.0,1,76,92,0.9387755102040817,0.9387755102040817,0.4847753861990462,0.0,0.9883803961648028,1.0,1.0,1.0,80,2.0,5.0,0.3,3,0.0,0.1,0.8111555555555556,0.835364445690867,0.37666666666666665,nan
syn2_d80_redundant0_noise0.1,controlled_gaussian_mixture_round2,99,0.9,release_3,matched_kmeans,random_forest,600,80,2,98,3.061224489795918,1.0,1,76,92,0.9387755102040817,0.9387755102040817,0.4847753861990462,0.0,0.9883803961648028,1.0,1.0,1.0,80,2.0,5.0,0.3,3,0.0,0.1,0.8732222222222221,0.8859903700724376,0.38,nan
syn2_d80_redundant0_noise0.1,controlled_gaussian_mixture_round2,99,0.95,release_1,granular_ball,logistic,600,80,2,119,2.5210084033613445,1.0,1,61,65,0.8067226890756303,0.957983193277311,2.3898222882368003,0.0,0.9380821180931388,1.0,1.0,1.0,80,2.0,5.0,0.3,3,0.0,0.1,0.9202333333333333,0.9396990610440897,0.61,nan
syn2_d80_redundant0_noise0.1,controlled_gaussian_mixture_round2,99,0.95,release_1,granular_ball,random_forest,600,80,2,119,2.5210084033613445,1.0,1,61,65,0.8067226890756303,0.957983193277311,2.3898222882368003,0.0,0.9380821180931388,1.0,1.0,1.0,80,2.0,5.0,0.3,3,0.0,0.1,0.944238888888889,0.9563159424028758,0.6966666666666667,nan
syn2_d80_redundant0_noise0.1,controlled_gaussian_mixture_round2,99,0.95,release_1,matched_kmeans,logistic,600,80,2,119,2.5210084033613445,1.0,1,70,113,0.9495798319327731,0.9495798319327731,0.38166674719316945,0.0,0.9918057920842756,1.0,1.0,1.0,80,2.0,5.0,0.3,3,0.0,0.1,0.8403333333333334,0.8462359738680466,0.38333333333333336,nan
syn2_d80_redundant0_noise0.1,controlled_gaussian_mixture_round2,99,0.95,release_1,matched_kmeans,random_forest,600,80,2,119,2.5210084033613445,1.0,1,70,113,0.9495798319327731,0.9495798319327731,0.38166674719316945,0.0,0.9918057920842756,1.0,1.0,1.0,80,2.0,5.0,0.3,3,0.0,0.1,0.9009888888888886,0.9107706825523088,0.5233333333333333,nan
syn2_d80_redundant0_noise0.1,controlled_gaussian_mixture_round2,99,0.95,release_2,granular_ball,logistic,600,80,2,119,2.5210084033613445,1.0,1,61,65,0.8067226890756303,0.957983193277311,2.3898222882368003,0.0,0.9380821180931388,1.0,1.0,1.0,80,2.0,5.0,0.3,3,0.0,0.1,0.9502444444444446,0.9606225840429039,0.6566666666666666,nan
syn2_d80_redundant0_noise0.1,controlled_gaussian_mixture_round2,99,0.95,release_2,granular_ball,random_forest,600,80,2,119,2.5210084033613445,1.0,1,61,65,0.8067226890756303,0.957983193277311,2.3898222882368003,0.0,0.9380821180931388,1.0,1.0,1.0,80,2.0,5.0,0.3,3,0.0,0.1,0.9659388888888889,0.9718098945633242,0.6966666666666667,nan
syn2_d80_redundant0_noise0.1,controlled_gaussian_mixture_round2,99,0.95,release_2,matched_kmeans,logistic,600,80,2,119,2.5210084033613445,1.0,1,70,113,0.9495798319327731,0.9495798319327731,0.38166674719316945,0.0,0.9918057920842756,1.0,1.0,1.0,80,2.0,5.0,0.3,3,0.0,0.1,0.8633444444444444,0.8809193184545882,0.4533333333333333,nan
syn2_d80_redundant0_noise0.1,controlled_gaussian_mixture_round2,99,0.95,release_2,matched_kmeans,random_forest,600,80,2,119,2.5210084033613445,1.0,1,70,113,0.9495798319327731,0.9495798319327731,0.38166674719316945,0.0,0.9918057920842756,1.0,1.0,1.0,80,2.0,5.0,0.3,3,0.0,0.1,0.9021166666666667,0.9108871301984431,0.51,nan
syn2_d80_redundant0_noise0.1,controlled_gaussian_mixture_round2,99,0.95,release_3,granular_ball,logistic,600,80,2,119,2.5210084033613445,1.0,1,61,65,0.8067226890756303,0.957983193277311,2.3898222882368003,0.0,0.9380821180931388,1.0,1.0,1.0,80,2.0,5.0,0.3,3,0.0,0.1,0.9507666666666666,0.9576247345729757,0.6366666666666667,nan
syn2_d80_redundant0_noise0.1,controlled_gaussian_mixture_round2,99,0.95,release_3,granular_ball,random_forest,600,80,2,119,2.5210084033613445,1.0,1,61,65,0.8067226890756303,0.957983193277311,2.3898222882368003,0.0,0.9380821180931388,1.0,1.0,1.0,80,2.0,5.0,0.3,3,0.0,0.1,0.968622222222222,0.9728398562626387,0.6833333333333333,nan
syn2_d80_redundant0_noise0.1,controlled_gaussian_mixture_round2,99,0.95,release_3,matched_kmeans,logistic,600,80,2,119,2.5210084033613445,1.0,1,70,113,0.9495798319327731,0.9495798319327731,0.38166674719316945,0.0,0.9918057920842756,1.0,1.0,1.0,80,2.0,5.0,0.3,3,0.0,0.1,0.8617777777777778,0.8798462429610869,0.44666666666666666,nan
syn2_d80_redundant0_noise0.1,controlled_gaussian_mixture_round2,99,0.95,release_3,matched_kmeans,random_forest,600,80,2,119,2.5210084033613445,1.0,1,70,113,0.9495798319327731,0.9495798319327731,0.38166674719316945,0.0,0.9918057920842756,1.0,1.0,1.0,80,2.0,5.0,0.3,3,0.0,0.1,0.9009777777777777,0.9105594172485175,0.51,nan
syn2_d80_redundant0_noise0.1,controlled_gaussian_mixture_round2,99,0.99,release_1,granular_ball,logistic,600,80,2,136,2.2058823529411766,1.5,1,16,68,0.7647058823529411,0.9338235294117647,2.7148817267323286,0.5550343213693739,0.9354166666666667,1.0,1.0,1.0,80,2.0,5.0,0.3,3,0.0,0.1,0.9840666666666666,0.9876246267760483,0.91,nan
syn2_d80_redundant0_noise0.1,controlled_gaussian_mixture_round2,99,0.99,release_1,granular_ball,random_forest,600,80,2,136,2.2058823529411766,1.5,1,16,68,0.7647058823529411,0.9338235294117647,2.7148817267323286,0.5550343213693739,0.9354166666666667,1.0,1.0,1.0,80,2.0,5.0,0.3,3,0.0,0.1,0.9919722222222223,0.9938644164239369,0.95,nan
syn2_d80_redundant0_noise0.1,controlled_gaussian_mixture_round2,99,0.99,release_1,matched_kmeans,logistic,600,80,2,136,2.2058823529411766,1.0,1,67,130,0.9558823529411765,0.9632352941176471,0.328175208541112,0.0,0.9923983593205881,1.0,1.0,1.0,80,2.0,5.0,0.3,3,0.0,0.1,0.8587222222222223,0.8678220747223648,0.43666666666666665,nan
syn2_d80_redundant0_noise0.1,controlled_gaussian_mixture_round2,99,0.99,release_1,matched_kmeans,random_forest,600,80,2,136,2.2058823529411766,1.0,1,67,130,0.9558823529411765,0.9632352941176471,0.328175208541112,0.0,0.9923983593205881,1.0,1.0,1.0,80,2.0,5.0,0.3,3,0.0,0.1,0.910811111111111,0.9199581903596272,0.56,nan
syn2_d80_redundant0_noise0.1,controlled_gaussian_mixture_round2,99,0.99,release_2,granular_ball,logistic,600,80,2,136,2.2058823529411766,1.5,1,16,68,0.7647058823529411,0.9338235294117647,2.7148817267323286,0.5550343213693739,0.9354166666666667,1.0,1.0,1.0,80,2.0,5.0,0.3,3,0.0,0.1,0.9937888888888888,0.99473145271132,0.9033333333333333,nan
syn2_d80_redundant0_noise0.1,controlled_gaussian_mixture_round2,99,0.99,release_2,granular_ball,random_forest,600,80,2,136,2.2058823529411766,1.5,1,16,68,0.7647058823529411,0.9338235294117647,2.7148817267323286,0.5550343213693739,0.9354166666666667,1.0,1.0,1.0,80,2.0,5.0,0.3,3,0.0,0.1,0.9946444444444444,0.9957598756016016,0.9666666666666667,nan
syn2_d80_redundant0_noise0.1,controlled_gaussian_mixture_round2,99,0.99,release_2,matched_kmeans,logistic,600,80,2,136,2.2058823529411766,1.0,1,67,130,0.9558823529411765,0.9632352941176471,0.328175208541112,0.0,0.9923983593205881,1.0,1.0,1.0,80,2.0,5.0,0.3,3,0.0,0.1,0.8748777777777776,0.8889911131352644,0.45666666666666667,nan
syn2_d80_redundant0_noise0.1,controlled_gaussian_mixture_round2,99,0.99,release_2,matched_kmeans,random_forest,600,80,2,136,2.2058823529411766,1.0,1,67,130,0.9558823529411765,0.9632352941176471,0.328175208541112,0.0,0.9923983593205881,1.0,1.0,1.0,80,2.0,5.0,0.3,3,0.0,0.1,0.9013166666666668,0.9143783562057416,0.5533333333333333,nan
syn2_d80_redundant0_noise0.1,controlled_gaussian_mixture_round2,99,0.99,release_3,granular_ball,logistic,600,80,2,136,2.2058823529411766,1.5,1,16,68,0.7647058823529411,0.9338235294117647,2.7148817267323286,0.5550343213693739,0.9354166666666667,1.0,1.0,1.0,80,2.0,5.0,0.3,3,0.0,0.1,0.9870999999999999,0.9883089262197947,0.8733333333333333,nan
syn2_d80_redundant0_noise0.1,controlled_gaussian_mixture_round2,99,0.99,release_3,granular_ball,random_forest,600,80,2,136,2.2058823529411766,1.5,1,16,68,0.7647058823529411,0.9338235294117647,2.7148817267323286,0.5550343213693739,0.9354166666666667,1.0,1.0,1.0,80,2.0,5.0,0.3,3,0.0,0.1,0.9964666666666667,0.9966257779660845,0.9566666666666667,nan
syn2_d80_redundant0_noise0.1,controlled_gaussian_mixture_round2,99,0.99,release_3,matched_kmeans,logistic,600,80,2,136,2.2058823529411766,1.0,1,67,130,0.9558823529411765,0.9632352941176471,0.328175208541112,0.0,0.9923983593205881,1.0,1.0,1.0,80,2.0,5.0,0.3,3,0.0,0.1,0.8690222222222223,0.8848929285578876,0.4666666666666667,nan
syn2_d80_redundant0_noise0.1,controlled_gaussian_mixture_round2,99,0.99,release_3,matched_kmeans,random_forest,600,80,2,136,2.2058823529411766,1.0,1,67,130,0.9558823529411765,0.9632352941176471,0.328175208541112,0.0,0.9923983593205881,1.0,1.0,1.0,80,2.0,5.0,0.3,3,0.0,0.1,0.9000555555555556,0.9124436874328958,0.55,nan
syn2_d80_redundant0_noise0.1,controlled_gaussian_mixture_round2,2026,0.7,release_1,granular_ball,logistic,600,80,2,31,9.67741935483871,1.0,1,100,26,0.8387096774193549,0.8387096774193549,1.2295345425315045,0.0,0.9753103822174031,1.0,1.0,1.0,80,2.0,5.0,0.3,3,0.0,0.1,0.7026888888888889,0.7104634919216877,0.11666666666666667,nan
syn2_d80_redundant0_noise0.1,controlled_gaussian_mixture_round2,2026,0.7,release_1,granular_ball,random_forest,600,80,2,31,9.67741935483871,1.0,1,100,26,0.8387096774193549,0.8387096774193549,1.2295345425315045,0.0,0.9753103822174031,1.0,1.0,1.0,80,2.0,5.0,0.3,3,0.0,0.1,0.6876,0.7259630413956897,0.12666666666666668,nan
syn2_d80_redundant0_noise0.1,controlled_gaussian_mixture_round2,2026,0.7,release_1,matched_kmeans,logistic,600,80,2,31,9.67741935483871,1.0,1,120,26,0.8387096774193549,0.8387096774193549,1.429676760940743,0.0,0.9760918813197508,1.0,1.0,1.0,80,2.0,5.0,0.3,3,0.0,0.1,0.6936444444444445,0.7118830401307447,0.13666666666666666,nan
syn2_d80_redundant0_noise0.1,controlled_gaussian_mixture_round2,2026,0.7,release_1,matched_kmeans,random_forest,600,80,2,31,9.67741935483871,1.0,1,120,26,0.8387096774193549,0.8387096774193549,1.429676760940743,0.0,0.9760918813197508,1.0,1.0,1.0,80,2.0,5.0,0.3,3,0.0,0.1,0.7491555555555556,0.7813852215915154,0.21666666666666667,nan
syn2_d80_redundant0_noise0.1,controlled_gaussian_mixture_round2,2026,0.7,release_2,granular_ball,logistic,600,80,2,31,9.67741935483871,1.0,1,100,26,0.8387096774193549,0.8387096774193549,1.2295345425315045,0.0,0.9753103822174031,1.0,1.0,1.0,80,2.0,5.0,0.3,3,0.0,0.1,0.7449666666666667,0.753798515456193,0.15666666666666668,nan
syn2_d80_redundant0_noise0.1,controlled_gaussian_mixture_round2,2026,0.7,release_2,granular_ball,random_forest,600,80,2,31,9.67741935483871,1.0,1,100,26,0.8387096774193549,0.8387096774193549,1.2295345425315045,0.0,0.9753103822174031,1.0,1.0,1.0,80,2.0,5.0,0.3,3,0.0,0.1,0.7259666666666666,0.745573163679515,0.19333333333333333,nan
syn2_d80_redundant0_noise0.1,controlled_gaussian_mixture_round2,2026,0.7,release_2,matched_kmeans,logistic,600,80,2,31,9.67741935483871,1.0,1,120,26,0.8387096774193549,0.8387096774193549,1.429676760940743,0.0,0.9760918813197508,1.0,1.0,1.0,80,2.0,5.0,0.3,3,0.0,0.1,0.7164555555555554,0.7544290952137284,0.21666666666666667,nan
syn2_d80_redundant0_noise0.1,controlled_gaussian_mixture_round2,2026,0.7,release_2,matched_kmeans,random_forest,600,80,2,31,9.67741935483871,1.0,1,120,26,0.8387096774193549,0.8387096774193549,1.429676760940743,0.0,0.9760918813197508,1.0,1.0,1.0,80,2.0,5.0,0.3,3,0.0,0.1,0.7577999999999999,0.7881989454467007,0.22666666666666666,nan
syn2_d80_redundant0_noise0.1,controlled_gaussian_mixture_round2,2026,0.7,release_3,granular_ball,logistic,600,80,2,31,9.67741935483871,1.0,1,100,26,0.8387096774193549,0.8387096774193549,1.2295345425315045,0.0,0.9753103822174031,1.0,1.0,1.0,80,2.0,5.0,0.3,3,0.0,0.1,0.7265333333333334,0.7430341909469297,0.17333333333333334,nan
syn2_d80_redundant0_noise0.1,controlled_gaussian_mixture_round2,2026,0.7,release_3,granular_ball,random_forest,600,80,2,31,9.67741935483871,1.0,1,100,26,0.8387096774193549,0.8387096774193549,1.2295345425315045,0.0,0.9753103822174031,1.0,1.0,1.0,80,2.0,5.0,0.3,3,0.0,0.1,0.7210777777777779,0.7430453098631061,0.20666666666666667,nan
syn2_d80_redundant0_noise0.1,controlled_gaussian_mixture_round2,2026,0.7,release_3,matched_kmeans,logistic,600,80,2,31,9.67741935483871,1.0,1,120,26,0.8387096774193549,0.8387096774193549,1.429676760940743,0.0,0.9760918813197508,1.0,1.0,1.0,80,2.0,5.0,0.3,3,0.0,0.1,0.718111111111111,0.7512951327026466,0.18,nan
syn2_d80_redundant0_noise0.1,controlled_gaussian_mixture_round2,2026,0.7,release_3,matched_kmeans,random_forest,600,80,2,31,9.67741935483871,1.0,1,120,26,0.8387096774193549,0.8387096774193549,1.429676760940743,0.0,0.9760918813197508,1.0,1.0,1.0,80,2.0,5.0,0.3,3,0.0,0.1,0.7526333333333334,0.7814985244843664,0.24666666666666667,nan
syn2_d80_redundant0_noise0.1,controlled_gaussian_mixture_round2,2026,0.8,release_1,granular_ball,logistic,600,80,2,31,9.67741935483871,1.0,1,100,26,0.8387096774193549,0.8387096774193549,1.2295345425315045,0.0,0.9753103822174031,1.0,1.0,1.0,80,2.0,5.0,0.3,3,0.0,0.1,0.7026888888888889,0.7104634919216877,0.11666666666666667,nan
syn2_d80_redundant0_noise0.1,controlled_gaussian_mixture_round2,2026,0.8,release_1,granular_ball,random_forest,600,80,2,31,9.67741935483871,1.0,1,100,26,0.8387096774193549,0.8387096774193549,1.2295345425315045,0.0,0.9753103822174031,1.0,1.0,1.0,80,2.0,5.0,0.3,3,0.0,0.1,0.6876,0.7259630413956897,0.12666666666666668,nan
syn2_d80_redundant0_noise0.1,controlled_gaussian_mixture_round2,2026,0.8,release_1,matched_kmeans,logistic,600,80,2,31,9.67741935483871,1.0,1,120,26,0.8387096774193549,0.8387096774193549,1.429676760940743,0.0,0.9760918813197508,1.0,1.0,1.0,80,2.0,5.0,0.3,3,0.0,0.1,0.6936444444444445,0.7118830401307447,0.13666666666666666,nan
syn2_d80_redundant0_noise0.1,controlled_gaussian_mixture_round2,2026,0.8,release_1,matched_kmeans,random_forest,600,80,2,31,9.67741935483871,1.0,1,120,26,0.8387096774193549,0.8387096774193549,1.429676760940743,0.0,0.9760918813197508,1.0,1.0,1.0,80,2.0,5.0,0.3,3,0.0,0.1,0.7491555555555556,0.7813852215915154,0.21666666666666667,nan
syn2_d80_redundant0_noise0.1,controlled_gaussian_mixture_round2,2026,0.8,release_2,granular_ball,logistic,600,80,2,31,9.67741935483871,1.0,1,100,26,0.8387096774193549,0.8387096774193549,1.2295345425315045,0.0,0.9753103822174031,1.0,1.0,1.0,80,2.0,5.0,0.3,3,0.0,0.1,0.7449666666666667,0.753798515456193,0.15666666666666668,nan
syn2_d80_redundant0_noise0.1,controlled_gaussian_mixture_round2,2026,0.8,release_2,granular_ball,random_forest,600,80,2,31,9.67741935483871,1.0,1,100,26,0.8387096774193549,0.8387096774193549,1.2295345425315045,0.0,0.9753103822174031,1.0,1.0,1.0,80,2.0,5.0,0.3,3,0.0,0.1,0.7259666666666666,0.745573163679515,0.19333333333333333,nan
syn2_d80_redundant0_noise0.1,controlled_gaussian_mixture_round2,2026,0.8,release_2,matched_kmeans,logistic,600,80,2,31,9.67741935483871,1.0,1,120,26,0.8387096774193549,0.8387096774193549,1.429676760940743,0.0,0.9760918813197508,1.0,1.0,1.0,80,2.0,5.0,0.3,3,0.0,0.1,0.7164555555555554,0.7544290952137284,0.21666666666666667,nan
syn2_d80_redundant0_noise0.1,controlled_gaussian_mixture_round2,2026,0.8,release_2,matched_kmeans,random_forest,600,80,2,31,9.67741935483871,1.0,1,120,26,0.8387096774193549,0.8387096774193549,1.429676760940743,0.0,0.9760918813197508,1.0,1.0,1.0,80,2.0,5.0,0.3,3,0.0,0.1,0.7577999999999999,0.7881989454467007,0.22666666666666666,nan
syn2_d80_redundant0_noise0.1,controlled_gaussian_mixture_round2,2026,0.8,release_3,granular_ball,logistic,600,80,2,31,9.67741935483871,1.0,1,100,26,0.8387096774193549,0.8387096774193549,1.2295345425315045,0.0,0.9753103822174031,1.0,1.0,1.0,80,2.0,5.0,0.3,3,0.0,0.1,0.7265333333333334,0.7430341909469297,0.17333333333333334,nan
syn2_d80_redundant0_noise0.1,controlled_gaussian_mixture_round2,2026,0.8,release_3,granular_ball,random_forest,600,80,2,31,9.67741935483871,1.0,1,100,26,0.8387096774193549,0.8387096774193549,1.2295345425315045,0.0,0.9753103822174031,1.0,1.0,1.0,80,2.0,5.0,0.3,3,0.0,0.1,0.7210777777777779,0.7430453098631061,0.20666666666666667,nan
syn2_d80_redundant0_noise0.1,controlled_gaussian_mixture_round2,2026,0.8,release_3,matched_kmeans,logistic,600,80,2,31,9.67741935483871,1.0,1,120,26,0.8387096774193549,0.8387096774193549,1.429676760940743,0.0,0.9760918813197508,1.0,1.0,1.0,80,2.0,5.0,0.3,3,0.0,0.1,0.718111111111111,0.7512951327026466,0.18,nan
syn2_d80_redundant0_noise0.1,controlled_gaussian_mixture_round2,2026,0.8,release_3,matched_kmeans,random_forest,600,80,2,31,9.67741935483871,1.0,1,120,26,0.8387096774193549,0.8387096774193549,1.429676760940743,0.0,0.9760918813197508,1.0,1.0,1.0,80,2.0,5.0,0.3,3,0.0,0.1,0.7526333333333334,0.7814985244843664,0.24666666666666667,nan
syn2_d80_redundant0_noise0.1,controlled_gaussian_mixture_round2,2026,0.9,release_1,granular_ball,logistic,600,80,2,74,4.054054054054054,1.0,1,35,42,0.7297297297297297,0.8648648648648649,2.9534151847650456,0.0,0.934676942029883,1.0,1.0,1.0,80,2.0,5.0,0.3,3,0.0,0.1,0.8902333333333333,0.8983946403057073,0.4166666666666667,nan
syn2_d80_redundant0_noise0.1,controlled_gaussian_mixture_round2,2026,0.9,release_1,granular_ball,random_forest,600,80,2,74,4.054054054054054,1.0,1,35,42,0.7297297297297297,0.8648648648648649,2.9534151847650456,0.0,0.934676942029883,1.0,1.0,1.0,80,2.0,5.0,0.3,3,0.0,0.1,0.8822722222222221,0.8940779403547101,0.41,nan
syn2_d80_redundant0_noise0.1,controlled_gaussian_mixture_round2,2026,0.9,release_1,matched_kmeans,logistic,600,80,2,74,4.054054054054054,1.0,1,79,69,0.9324324324324325,0.9324324324324325,0.5397779254407887,0.0,0.9862032770042373,1.0,1.0,1.0,80,2.0,5.0,0.3,3,0.0,0.1,0.782011111111111,0.7905064429310806,0.25,nan
syn2_d80_redundant0_noise0.1,controlled_gaussian_mixture_round2,2026,0.9,release_1,matched_kmeans,random_forest,600,80,2,74,4.054054054054054,1.0,1,79,69,0.9324324324324325,0.9324324324324325,0.5397779254407887,0.0,0.9862032770042373,1.0,1.0,1.0,80,2.0,5.0,0.3,3,0.0,0.1,0.8191722222222222,0.8349709211443437,0.26,nan
syn2_d80_redundant0_noise0.1,controlled_gaussian_mixture_round2,2026,0.9,release_2,granular_ball,logistic,600,80,2,74,4.054054054054054,1.0,1,35,42,0.7297297297297297,0.8648648648648649,2.9534151847650456,0.0,0.934676942029883,1.0,1.0,1.0,80,2.0,5.0,0.3,3,0.0,0.1,0.9045333333333333,0.9135719388373708,0.43666666666666665,nan
syn2_d80_redundant0_noise0.1,controlled_gaussian_mixture_round2,2026,0.9,release_2,granular_ball,random_forest,600,80,2,74,4.054054054054054,1.0,1,35,42,0.7297297297297297,0.8648648648648649,2.9534151847650456,0.0,0.934676942029883,1.0,1.0,1.0,80,2.0,5.0,0.3,3,0.0,0.1,0.9071,0.9121457003337909,0.43666666666666665,nan
syn2_d80_redundant0_noise0.1,controlled_gaussian_mixture_round2,2026,0.9,release_2,matched_kmeans,logistic,600,80,2,74,4.054054054054054,1.0,1,79,69,0.9324324324324325,0.9324324324324325,0.5397779254407887,0.0,0.9862032770042373,1.0,1.0,1.0,80,2.0,5.0,0.3,3,0.0,0.1,0.7571222222222223,0.7875652983511094,0.2633333333333333,nan
syn2_d80_redundant0_noise0.1,controlled_gaussian_mixture_round2,2026,0.9,release_2,matched_kmeans,random_forest,600,80,2,74,4.054054054054054,1.0,1,79,69,0.9324324324324325,0.9324324324324325,0.5397779254407887,0.0,0.9862032770042373,1.0,1.0,1.0,80,2.0,5.0,0.3,3,0.0,0.1,0.8093611111111112,0.831618532454254,0.30333333333333334,nan
syn2_d80_redundant0_noise0.1,controlled_gaussian_mixture_round2,2026,0.9,release_3,granular_ball,logistic,600,80,2,74,4.054054054054054,1.0,1,35,42,0.7297297297297297,0.8648648648648649,2.9534151847650456,0.0,0.934676942029883,1.0,1.0,1.0,80,2.0,5.0,0.3,3,0.0,0.1,0.9034666666666666,0.9133350620014229,0.5,nan
syn2_d80_redundant0_noise0.1,controlled_gaussian_mixture_round2,2026,0.9,release_3,granular_ball,random_forest,600,80,2,74,4.054054054054054,1.0,1,35,42,0.7297297297297297,0.8648648648648649,2.9534151847650456,0.0,0.934676942029883,1.0,1.0,1.0,80,2.0,5.0,0.3,3,0.0,0.1,0.9071500000000001,0.909871603162986,0.37,nan
syn2_d80_redundant0_noise0.1,controlled_gaussian_mixture_round2,2026,0.9,release_3,matched_kmeans,logistic,600,80,2,74,4.054054054054054,1.0,1,79,69,0.9324324324324325,0.9324324324324325,0.5397779254407887,0.0,0.9862032770042373,1.0,1.0,1.0,80,2.0,5.0,0.3,3,0.0,0.1,0.7470888888888889,0.7797737095129937,0.26,nan
syn2_d80_redundant0_noise0.1,controlled_gaussian_mixture_round2,2026,0.9,release_3,matched_kmeans,random_forest,600,80,2,74,4.054054054054054,1.0,1,79,69,0.9324324324324325,0.9324324324324325,0.5397779254407887,0.0,0.9862032770042373,1.0,1.0,1.0,80,2.0,5.0,0.3,3,0.0,0.1,0.8068722222222222,0.8296223424007978,0.30333333333333334,nan
syn2_d80_redundant0_noise0.1,controlled_gaussian_mixture_round2,2026,0.95,release_1,granular_ball,logistic,600,80,2,99,3.0303030303030303,2.0,1,35,49,0.7272727272727273,0.9191919191919192,3.4579808526676437,1.4590150843157554,0.9197868958738524,1.0,1.0,1.0,80,2.0,5.0,0.3,3,0.0,0.1,0.9397555555555556,0.9452032871839248,0.6133333333333333,nan
syn2_d80_redundant0_noise0.1,controlled_gaussian_mixture_round2,2026,0.95,release_1,granular_ball,random_forest,600,80,2,99,3.0303030303030303,2.0,1,35,49,0.7272727272727273,0.9191919191919192,3.4579808526676437,1.4590150843157554,0.9197868958738524,1.0,1.0,1.0,80,2.0,5.0,0.3,3,0.0,0.1,0.9356666666666668,0.9424032774359115,0.6133333333333333,nan
syn2_d80_redundant0_noise0.1,controlled_gaussian_mixture_round2,2026,0.95,release_1,matched_kmeans,logistic,600,80,2,99,3.0303030303030303,1.0,1,78,94,0.9494949494949495,0.9494949494949495,0.39039878393727134,0.0,0.99004144004144,1.0,1.0,1.0,80,2.0,5.0,0.3,3,0.0,0.1,0.8111666666666667,0.8236015940359599,0.3333333333333333,nan
syn2_d80_redundant0_noise0.1,controlled_gaussian_mixture_round2,2026,0.95,release_1,matched_kmeans,random_forest,600,80,2,99,3.0303030303030303,1.0,1,78,94,0.9494949494949495,0.9494949494949495,0.39039878393727134,0.0,0.99004144004144,1.0,1.0,1.0,80,2.0,5.0,0.3,3,0.0,0.1,0.8471333333333333,0.8650537867673038,0.39666666666666667,nan
syn2_d80_redundant0_noise0.1,controlled_gaussian_mixture_round2,2026,0.95,release_2,granular_ball,logistic,600,80,2,99,3.0303030303030303,2.0,1,35,49,0.7272727272727273,0.9191919191919192,3.4579808526676437,1.4590150843157554,0.9197868958738524,1.0,1.0,1.0,80,2.0,5.0,0.3,3,0.0,0.1,0.9435666666666667,0.9496005652253684,0.6466666666666666,nan
syn2_d80_redundant0_noise0.1,controlled_gaussian_mixture_round2,2026,0.95,release_2,granular_ball,random_forest,600,80,2,99,3.0303030303030303,2.0,1,35,49,0.7272727272727273,0.9191919191919192,3.4579808526676437,1.4590150843157554,0.9197868958738524,1.0,1.0,1.0,80,2.0,5.0,0.3,3,0.0,0.1,0.9447777777777778,0.9490145834321517,0.6566666666666666,nan
syn2_d80_redundant0_noise0.1,controlled_gaussian_mixture_round2,2026,0.95,release_2,matched_kmeans,logistic,600,80,2,99,3.0303030303030303,1.0,1,78,94,0.9494949494949495,0.9494949494949495,0.39039878393727134,0.0,0.99004144004144,1.0,1.0,1.0,80,2.0,5.0,0.3,3,0.0,0.1,0.7982777777777776,0.8271561615188591,0.34,nan
syn2_d80_redundant0_noise0.1,controlled_gaussian_mixture_round2,2026,0.95,release_2,matched_kmeans,random_forest,600,80,2,99,3.0303030303030303,1.0,1,78,94,0.9494949494949495,0.9494949494949495,0.39039878393727134,0.0,0.99004144004144,1.0,1.0,1.0,80,2.0,5.0,0.3,3,0.0,0.1,0.84095,0.8578869914816771,0.39,nan
syn2_d80_redundant0_noise0.1,controlled_gaussian_mixture_round2,2026,0.95,release_3,granular_ball,logistic,600,80,2,99,3.0303030303030303,2.0,1,35,49,0.7272727272727273,0.9191919191919192,3.4579808526676437,1.4590150843157554,0.9197868958738524,1.0,1.0,1.0,80,2.0,5.0,0.3,3,0.0,0.1,0.9397,0.9468830236397338,0.66,nan
syn2_d80_redundant0_noise0.1,controlled_gaussian_mixture_round2,2026,0.95,release_3,granular_ball,random_forest,600,80,2,99,3.0303030303030303,2.0,1,35,49,0.7272727272727273,0.9191919191919192,3.4579808526676437,1.4590150843157554,0.9197868958738524,1.0,1.0,1.0,80,2.0,5.0,0.3,3,0.0,0.1,0.9447888888888889,0.9488176229471492,0.6433333333333333,nan
syn2_d80_redundant0_noise0.1,controlled_gaussian_mixture_round2,2026,0.95,release_3,matched_kmeans,logistic,600,80,2,99,3.0303030303030303,1.0,1,78,94,0.9494949494949495,0.9494949494949495,0.39039878393727134,0.0,0.99004144004144,1.0,1.0,1.0,80,2.0,5.0,0.3,3,0.0,0.1,0.7878555555555555,0.8186939339881784,0.34,nan
syn2_d80_redundant0_noise0.1,controlled_gaussian_mixture_round2,2026,0.95,release_3,matched_kmeans,random_forest,600,80,2,99,3.0303030303030303,1.0,1,78,94,0.9494949494949495,0.9494949494949495,0.39039878393727134,0.0,0.99004144004144,1.0,1.0,1.0,80,2.0,5.0,0.3,3,0.0,0.1,0.8376166666666667,0.855102774414499,0.4033333333333333,nan
syn2_d80_redundant0_noise0.1,controlled_gaussian_mixture_round2,2026,0.99,release_1,granular_ball,logistic,600,80,2,105,2.857142857142857,2.0,1,35,51,0.7333333333333333,0.9142857142857143,3.526440899293017,1.637720307270718,0.9200226757369615,1.0,1.0,1.0,80,2.0,5.0,0.3,3,0.0,0.1,0.9538666666666666,0.95694325744121,0.6466666666666666,nan
syn2_d80_redundant0_noise0.1,controlled_gaussian_mixture_round2,2026,0.99,release_1,granular_ball,random_forest,600,80,2,105,2.857142857142857,2.0,1,35,51,0.7333333333333333,0.9142857142857143,3.526440899293017,1.637720307270718,0.9200226757369615,1.0,1.0,1.0,80,2.0,5.0,0.3,3,0.0,0.1,0.9498055555555556,0.9538316644402902,0.66,nan
syn2_d80_redundant0_noise0.1,controlled_gaussian_mixture_round2,2026,0.99,release_1,matched_kmeans,logistic,600,80,2,105,2.857142857142857,1.0,1,75,100,0.9523809523809523,0.9523809523809523,0.36267239946619223,0.0,0.9911270899164264,1.0,1.0,1.0,80,2.0,5.0,0.3,3,0.0,0.1,0.8255888888888889,0.8341788415120618,0.35333333333333333,nan
syn2_d80_redundant0_noise0.1,controlled_gaussian_mixture_round2,2026,0.99,release_1,matched_kmeans,random_forest,600,80,2,105,2.857142857142857,1.0,1,75,100,0.9523809523809523,0.9523809523809523,0.36267239946619223,0.0,0.9911270899164264,1.0,1.0,1.0,80,2.0,5.0,0.3,3,0.0,0.1,0.855488888888889,0.8675125656492171,0.4166666666666667,nan
syn2_d80_redundant0_noise0.1,controlled_gaussian_mixture_round2,2026,0.99,release_2,granular_ball,logistic,600,80,2,105,2.857142857142857,2.0,1,35,51,0.7333333333333333,0.9142857142857143,3.526440899293017,1.637720307270718,0.9200226757369615,1.0,1.0,1.0,80,2.0,5.0,0.3,3,0.0,0.1,0.9515444444444444,0.9570422948569094,0.6866666666666666,nan
syn2_d80_redundant0_noise0.1,controlled_gaussian_mixture_round2,2026,0.99,release_2,granular_ball,random_forest,600,80,2,105,2.857142857142857,2.0,1,35,51,0.7333333333333333,0.9142857142857143,3.526440899293017,1.637720307270718,0.9200226757369615,1.0,1.0,1.0,80,2.0,5.0,0.3,3,0.0,0.1,0.9518888888888889,0.9559334811945435,0.6833333333333333,nan
syn2_d80_redundant0_noise0.1,controlled_gaussian_mixture_round2,2026,0.99,release_2,matched_kmeans,logistic,600,80,2,105,2.857142857142857,1.0,1,75,100,0.9523809523809523,0.9523809523809523,0.36267239946619223,0.0,0.9911270899164264,1.0,1.0,1.0,80,2.0,5.0,0.3,3,0.0,0.1,0.8120666666666667,0.8367102874623981,0.36,nan
syn2_d80_redundant0_noise0.1,controlled_gaussian_mixture_round2,2026,0.99,release_2,matched_kmeans,random_forest,600,80,2,105,2.857142857142857,1.0,1,75,100,0.9523809523809523,0.9523809523809523,0.36267239946619223,0.0,0.9911270899164264,1.0,1.0,1.0,80,2.0,5.0,0.3,3,0.0,0.1,0.8466,0.8560450053709596,0.41333333333333333,nan
syn2_d80_redundant0_noise0.1,controlled_gaussian_mixture_round2,2026,0.99,release_3,granular_ball,logistic,600,80,2,105,2.857142857142857,2.0,1,35,51,0.7333333333333333,0.9142857142857143,3.526440899293017,1.637720307270718,0.9200226757369615,1.0,1.0,1.0,80,2.0,5.0,0.3,3,0.0,0.1,0.9495555555555555,0.955608423166678,0.6966666666666667,nan
syn2_d80_redundant0_noise0.1,controlled_gaussian_mixture_round2,2026,0.99,release_3,granular_ball,random_forest,600,80,2,105,2.857142857142857,2.0,1,35,51,0.7333333333333333,0.9142857142857143,3.526440899293017,1.637720307270718,0.9200226757369615,1.0,1.0,1.0,80,2.0,5.0,0.3,3,0.0,0.1,0.9530666666666667,0.9564881518434369,0.6766666666666666,nan
syn2_d80_redundant0_noise0.1,controlled_gaussian_mixture_round2,2026,0.99,release_3,matched_kmeans,logistic,600,80,2,105,2.857142857142857,1.0,1,75,100,0.9523809523809523,0.9523809523809523,0.36267239946619223,0.0,0.9911270899164264,1.0,1.0,1.0,80,2.0,5.0,0.3,3,0.0,0.1,0.8065444444444444,0.8317550208649186,0.3466666666666667,nan
syn2_d80_redundant0_noise0.1,controlled_gaussian_mixture_round2,2026,0.99,release_3,matched_kmeans,random_forest,600,80,2,105,2.857142857142857,1.0,1,75,100,0.9523809523809523,0.9523809523809523,0.36267239946619223,0.0,0.9911270899164264,1.0,1.0,1.0,80,2.0,5.0,0.3,3,0.0,0.1,0.8471111111111111,0.856087908149459,0.4166666666666667,nan
syn2_d80_redundant0.8_noise0,controlled_gaussian_mixture_round2,42,0.7,release_1,granular_ball,logistic,600,80,2,1,300.0,300.0,300,300,0,0.0,0.0,8.344928739037577,8.344928739037577,0.7,0.7,0.7,0.7,80,2.0,5.0,0.3,3,0.8,0.0,0.4948222222222222,0.4943573817100653,0.0033333333333333335,nan
syn2_d80_redundant0.8_noise0,controlled_gaussian_mixture_round2,42,0.7,release_1,granular_ball,random_forest,600,80,2,1,300.0,300.0,300,300,0,0.0,0.0,8.344928739037577,8.344928739037577,0.7,0.7,0.7,0.7,80,2.0,5.0,0.3,3,0.8,0.0,0.46599999999999997,0.4758441258808017,0.02,nan
syn2_d80_redundant0.8_noise0,controlled_gaussian_mixture_round2,42,0.7,release_1,matched_kmeans,logistic,600,80,2,1,300.0,300.0,300,300,0,0.0,0.0,8.344928739037577,8.344928739037577,0.7,0.7,0.7,0.7,80,2.0,5.0,0.3,3,0.8,0.0,0.4948222222222222,0.4943573817100653,0.0033333333333333335,nan
syn2_d80_redundant0.8_noise0,controlled_gaussian_mixture_round2,42,0.7,release_1,matched_kmeans,random_forest,600,80,2,1,300.0,300.0,300,300,0,0.0,0.0,8.344928739037577,8.344928739037577,0.7,0.7,0.7,0.7,80,2.0,5.0,0.3,3,0.8,0.0,0.46599999999999997,0.4758441258808017,0.02,nan
syn2_d80_redundant0.8_noise0,controlled_gaussian_mixture_round2,42,0.7,release_2,granular_ball,logistic,600,80,2,1,300.0,300.0,300,300,0,0.0,0.0,8.344928739037577,8.344928739037577,0.7,0.7,0.7,0.7,80,2.0,5.0,0.3,3,0.8,0.0,0.4773333333333333,0.48483612048788904,0.006666666666666667,nan
syn2_d80_redundant0.8_noise0,controlled_gaussian_mixture_round2,42,0.7,release_2,granular_ball,random_forest,600,80,2,1,300.0,300.0,300,300,0,0.0,0.0,8.344928739037577,8.344928739037577,0.7,0.7,0.7,0.7,80,2.0,5.0,0.3,3,0.8,0.0,0.46407777777777776,0.4767274101926523,0.02,nan
syn2_d80_redundant0.8_noise0,controlled_gaussian_mixture_round2,42,0.7,release_2,matched_kmeans,logistic,600,80,2,1,300.0,300.0,300,300,0,0.0,0.0,8.344928739037577,8.344928739037577,0.7,0.7,0.7,0.7,80,2.0,5.0,0.3,3,0.8,0.0,0.4773333333333333,0.48483612048788904,0.006666666666666667,nan
syn2_d80_redundant0.8_noise0,controlled_gaussian_mixture_round2,42,0.7,release_2,matched_kmeans,random_forest,600,80,2,1,300.0,300.0,300,300,0,0.0,0.0,8.344928739037577,8.344928739037577,0.7,0.7,0.7,0.7,80,2.0,5.0,0.3,3,0.8,0.0,0.46407777777777776,0.4767274101926523,0.02,nan
syn2_d80_redundant0.8_noise0,controlled_gaussian_mixture_round2,42,0.7,release_3,granular_ball,logistic,600,80,2,1,300.0,300.0,300,300,0,0.0,0.0,8.344928739037577,8.344928739037577,0.7,0.7,0.7,0.7,80,2.0,5.0,0.3,3,0.8,0.0,0.4773333333333333,0.48483612048788904,0.006666666666666667,nan
syn2_d80_redundant0.8_noise0,controlled_gaussian_mixture_round2,42,0.7,release_3,granular_ball,random_forest,600,80,2,1,300.0,300.0,300,300,0,0.0,0.0,8.344928739037577,8.344928739037577,0.7,0.7,0.7,0.7,80,2.0,5.0,0.3,3,0.8,0.0,0.4633666666666667,0.47447308898684415,0.02,nan
syn2_d80_redundant0.8_noise0,controlled_gaussian_mixture_round2,42,0.7,release_3,matched_kmeans,logistic,600,80,2,1,300.0,300.0,300,300,0,0.0,0.0,8.344928739037577,8.344928739037577,0.7,0.7,0.7,0.7,80,2.0,5.0,0.3,3,0.8,0.0,0.4773333333333333,0.48483612048788904,0.006666666666666667,nan
syn2_d80_redundant0.8_noise0,controlled_gaussian_mixture_round2,42,0.7,release_3,matched_kmeans,random_forest,600,80,2,1,300.0,300.0,300,300,0,0.0,0.0,8.344928739037577,8.344928739037577,0.7,0.7,0.7,0.7,80,2.0,5.0,0.3,3,0.8,0.0,0.4633666666666667,0.47447308898684415,0.02,nan
syn2_d80_redundant0.8_noise0,controlled_gaussian_mixture_round2,42,0.8,release_1,granular_ball,logistic,600,80,2,4,75.0,76.5,39,108,0,0.0,0.0,7.951534905742568,9.140958204686907,0.9583333333333334,1.0,0.9583333333333334,1.0,80,2.0,5.0,0.3,3,0.8,0.0,0.5408555555555555,0.5393687630198492,0.013333333333333334,nan
syn2_d80_redundant0.8_noise0,controlled_gaussian_mixture_round2,42,0.8,release_1,granular_ball,random_forest,600,80,2,4,75.0,76.5,39,108,0,0.0,0.0,7.951534905742568,9.140958204686907,0.9583333333333334,1.0,0.9583333333333334,1.0,80,2.0,5.0,0.3,3,0.8,0.0,0.5368111111111111,0.5280333857309759,0.023333333333333334,nan
syn2_d80_redundant0.8_noise0,controlled_gaussian_mixture_round2,42,0.8,release_1,matched_kmeans,logistic,600,80,2,4,75.0,68.5,51,112,0,0.0,0.0,8.039283693377193,9.207785324197715,0.9508928571428572,1.0,0.9508928571428572,1.0,80,2.0,5.0,0.3,3,0.8,0.0,0.5682333333333334,0.5768132913314301,0.03333333333333333,nan
syn2_d80_redundant0.8_noise0,controlled_gaussian_mixture_round2,42,0.8,release_1,matched_kmeans,random_forest,600,80,2,4,75.0,68.5,51,112,0,0.0,0.0,8.039283693377193,9.207785324197715,0.9508928571428572,1.0,0.9508928571428572,1.0,80,2.0,5.0,0.3,3,0.8,0.0,0.5490166666666667,0.5285996371078879,0.013333333333333334,nan
syn2_d80_redundant0.8_noise0,controlled_gaussian_mixture_round2,42,0.8,release_2,granular_ball,logistic,600,80,2,4,75.0,76.5,39,108,0,0.0,0.0,7.951534905742568,9.140958204686907,0.9583333333333334,1.0,0.9583333333333334,1.0,80,2.0,5.0,0.3,3,0.8,0.0,0.5567222222222222,0.5654992409072583,0.03333333333333333,nan
syn2_d80_redundant0.8_noise0,controlled_gaussian_mixture_round2,42,0.8,release_2,granular_ball,random_forest,600,80,2,4,75.0,76.5,39,108,0,0.0,0.0,7.951534905742568,9.140958204686907,0.9583333333333334,1.0,0.9583333333333334,1.0,80,2.0,5.0,0.3,3,0.8,0.0,0.5257666666666666,0.5133056148476024,0.016666666666666666,nan
syn2_d80_redundant0.8_noise0,controlled_gaussian_mixture_round2,42,0.8,release_2,matched_kmeans,logistic,600,80,2,4,75.0,68.5,51,112,0,0.0,0.0,8.039283693377193,9.207785324197715,0.9508928571428572,1.0,0.9508928571428572,1.0,80,2.0,5.0,0.3,3,0.8,0.0,0.5983666666666666,0.5954784776704032,0.03666666666666667,nan
syn2_d80_redundant0.8_noise0,controlled_gaussian_mixture_round2,42,0.8,release_2,matched_kmeans,random_forest,600,80,2,4,75.0,68.5,51,112,0,0.0,0.0,8.039283693377193,9.207785324197715,0.9508928571428572,1.0,0.9508928571428572,1.0,80,2.0,5.0,0.3,3,0.8,0.0,0.5811333333333334,0.5608405699308253,0.01,nan
syn2_d80_redundant0.8_noise0,controlled_gaussian_mixture_round2,42,0.8,release_3,granular_ball,logistic,600,80,2,4,75.0,76.5,39,108,0,0.0,0.0,7.951534905742568,9.140958204686907,0.9583333333333334,1.0,0.9583333333333334,1.0,80,2.0,5.0,0.3,3,0.8,0.0,0.5613,0.5628963872303065,0.03666666666666667,nan
syn2_d80_redundant0.8_noise0,controlled_gaussian_mixture_round2,42,0.8,release_3,granular_ball,random_forest,600,80,2,4,75.0,76.5,39,108,0,0.0,0.0,7.951534905742568,9.140958204686907,0.9583333333333334,1.0,0.9583333333333334,1.0,80,2.0,5.0,0.3,3,0.8,0.0,0.5218222222222222,0.5149854922431948,0.02,nan
syn2_d80_redundant0.8_noise0,controlled_gaussian_mixture_round2,42,0.8,release_3,matched_kmeans,logistic,600,80,2,4,75.0,68.5,51,112,0,0.0,0.0,8.039283693377193,9.207785324197715,0.9508928571428572,1.0,0.9508928571428572,1.0,80,2.0,5.0,0.3,3,0.8,0.0,0.6029333333333334,0.593730730327211,0.03333333333333333,nan
syn2_d80_redundant0.8_noise0,controlled_gaussian_mixture_round2,42,0.8,release_3,matched_kmeans,random_forest,600,80,2,4,75.0,68.5,51,112,0,0.0,0.0,8.039283693377193,9.207785324197715,0.9508928571428572,1.0,0.9508928571428572,1.0,80,2.0,5.0,0.3,3,0.8,0.0,0.5927111111111112,0.574274110724583,0.02,nan
syn2_d80_redundant0.8_noise0,controlled_gaussian_mixture_round2,42,0.9,release_1,granular_ball,logistic,600,80,2,15,20.0,6.0,1,94,4,0.4,0.4666666666666667,3.7743183945384207,2.411263336633582,0.9822839506172839,1.0,0.96875,1.0,80,2.0,5.0,0.3,3,0.8,0.0,0.5703555555555556,0.5920623736554467,0.06,nan
syn2_d80_redundant0.8_noise0,controlled_gaussian_mixture_round2,42,0.9,release_1,granular_ball,random_forest,600,80,2,15,20.0,6.0,1,94,4,0.4,0.4666666666666667,3.7743183945384207,2.411263336633582,0.9822839506172839,1.0,0.96875,1.0,80,2.0,5.0,0.3,3,0.8,0.0,0.5915888888888889,0.6308584329543905,0.05,nan
syn2_d80_redundant0.8_noise0,controlled_gaussian_mixture_round2,42,0.9,release_1,matched_kmeans,logistic,600,80,2,15,20.0,17.0,4,100,0,0.0,0.13333333333333333,7.721672689331758,7.878329550146061,0.9933333333333334,1.0,1.0,1.0,80,2.0,5.0,0.3,3,0.8,0.0,0.6388111111111111,0.6197561690909222,0.04666666666666667,nan
syn2_d80_redundant0.8_noise0,controlled_gaussian_mixture_round2,42,0.9,release_1,matched_kmeans,random_forest,600,80,2,15,20.0,17.0,4,100,0,0.0,0.13333333333333333,7.721672689331758,7.878329550146061,0.9933333333333334,1.0,1.0,1.0,80,2.0,5.0,0.3,3,0.8,0.0,0.6526333333333334,0.6356304037885296,0.03,nan
syn2_d80_redundant0.8_noise0,controlled_gaussian_mixture_round2,42,0.9,release_2,granular_ball,logistic,600,80,2,15,20.0,6.0,1,94,4,0.4,0.4666666666666667,3.7743183945384207,2.411263336633582,0.9822839506172839,1.0,0.96875,1.0,80,2.0,5.0,0.3,3,0.8,0.0,0.5803666666666667,0.597026847611808,0.06666666666666667,nan
syn2_d80_redundant0.8_noise0,controlled_gaussian_mixture_round2,42,0.9,release_2,granular_ball,random_forest,600,80,2,15,20.0,6.0,1,94,4,0.4,0.4666666666666667,3.7743183945384207,2.411263336633582,0.9822839506172839,1.0,0.96875,1.0,80,2.0,5.0,0.3,3,0.8,0.0,0.6075777777777778,0.6386494317929453,0.10333333333333333,nan
syn2_d80_redundant0.8_noise0,controlled_gaussian_mixture_round2,42,0.9,release_2,matched_kmeans,logistic,600,80,2,15,20.0,17.0,4,100,0,0.0,0.13333333333333333,7.721672689331758,7.878329550146061,0.9933333333333334,1.0,1.0,1.0,80,2.0,5.0,0.3,3,0.8,0.0,0.6948555555555556,0.6971775644554761,0.11,nan
syn2_d80_redundant0.8_noise0,controlled_gaussian_mixture_round2,42,0.9,release_2,matched_kmeans,random_forest,600,80,2,15,20.0,17.0,4,100,0,0.0,0.13333333333333333,7.721672689331758,7.878329550146061,0.9933333333333334,1.0,1.0,1.0,80,2.0,5.0,0.3,3,0.8,0.0,0.6553000000000001,0.6533658233696858,0.056666666666666664,nan
syn2_d80_redundant0.8_noise0,controlled_gaussian_mixture_round2,42,0.9,release_3,granular_ball,logistic,600,80,2,15,20.0,6.0,1,94,4,0.4,0.4666666666666667,3.7743183945384207,2.411263336633582,0.9822839506172839,1.0,0.96875,1.0,80,2.0,5.0,0.3,3,0.8,0.0,0.5760111111111111,0.5903849131020784,0.05333333333333334,nan
syn2_d80_redundant0.8_noise0,controlled_gaussian_mixture_round2,42,0.9,release_3,granular_ball,random_forest,600,80,2,15,20.0,6.0,1,94,4,0.4,0.4666666666666667,3.7743183945384207,2.411263336633582,0.9822839506172839,1.0,0.96875,1.0,80,2.0,5.0,0.3,3,0.8,0.0,0.6077888888888889,0.6351157810606907,0.10333333333333333,nan
syn2_d80_redundant0.8_noise0,controlled_gaussian_mixture_round2,42,0.9,release_3,matched_kmeans,logistic,600,80,2,15,20.0,17.0,4,100,0,0.0,0.13333333333333333,7.721672689331758,7.878329550146061,0.9933333333333334,1.0,1.0,1.0,80,2.0,5.0,0.3,3,0.8,0.0,0.6938777777777778,0.6961482743220748,0.09333333333333334,nan
syn2_d80_redundant0.8_noise0,controlled_gaussian_mixture_round2,42,0.9,release_3,matched_kmeans,random_forest,600,80,2,15,20.0,17.0,4,100,0,0.0,0.13333333333333333,7.721672689331758,7.878329550146061,0.9933333333333334,1.0,1.0,1.0,80,2.0,5.0,0.3,3,0.8,0.0,0.6637444444444445,0.6593966861097277,0.056666666666666664,nan
syn2_d80_redundant0.8_noise0,controlled_gaussian_mixture_round2,42,0.95,release_1,granular_ball,logistic,600,80,2,19,15.789473684210526,2.0,1,94,8,0.5263157894736842,0.5789473684210527,2.9223382108849347,1.737526927326196,0.9962779156327543,1.0,1.0,1.0,80,2.0,5.0,0.3,3,0.8,0.0,0.5586444444444444,0.5898109619606742,0.08,nan
syn2_d80_redundant0.8_noise0,controlled_gaussian_mixture_round2,42,0.95,release_1,granular_ball,random_forest,600,80,2,19,15.789473684210526,2.0,1,94,8,0.5263157894736842,0.5789473684210527,2.9223382108849347,1.737526927326196,0.9962779156327543,1.0,1.0,1.0,80,2.0,5.0,0.3,3,0.8,0.0,0.6185333333333334,0.6420272813499527,0.08,nan
syn2_d80_redundant0.8_noise0,controlled_gaussian_mixture_round2,42,0.95,release_1,matched_kmeans,logistic,600,80,2,19,15.789473684210526,11.0,4,101,0,0.0,0.21052631578947367,7.506373263585396,7.601287476300309,0.9942678478374153,1.0,1.0,1.0,80,2.0,5.0,0.3,3,0.8,0.0,0.6573333333333333,0.6508944707329802,0.04666666666666667,nan
syn2_d80_redundant0.8_noise0,controlled_gaussian_mixture_round2,42,0.95,release_1,matched_kmeans,random_forest,600,80,2,19,15.789473684210526,11.0,4,101,0,0.0,0.21052631578947367,7.506373263585396,7.601287476300309,0.9942678478374153,1.0,1.0,1.0,80,2.0,5.0,0.3,3,0.8,0.0,0.6847944444444445,0.686820517798244,0.056666666666666664,nan
syn2_d80_redundant0.8_noise0,controlled_gaussian_mixture_round2,42,0.95,release_2,granular_ball,logistic,600,80,2,19,15.789473684210526,2.0,1,94,8,0.5263157894736842,0.5789473684210527,2.9223382108849347,1.737526927326196,0.9962779156327543,1.0,1.0,1.0,80,2.0,5.0,0.3,3,0.8,0.0,0.5816888888888889,0.602631018197878,0.07,nan
syn2_d80_redundant0.8_noise0,controlled_gaussian_mixture_round2,42,0.95,release_2,granular_ball,random_forest,600,80,2,19,15.789473684210526,2.0,1,94,8,0.5263157894736842,0.5789473684210527,2.9223382108849347,1.737526927326196,0.9962779156327543,1.0,1.0,1.0,80,2.0,5.0,0.3,3,0.8,0.0,0.6177722222222222,0.6460978199166474,0.10333333333333333,nan
syn2_d80_redundant0.8_noise0,controlled_gaussian_mixture_round2,42,0.95,release_2,matched_kmeans,logistic,600,80,2,19,15.789473684210526,11.0,4,101,0,0.0,0.21052631578947367,7.506373263585396,7.601287476300309,0.9942678478374153,1.0,1.0,1.0,80,2.0,5.0,0.3,3,0.8,0.0,0.7232333333333334,0.7367434865796914,0.16333333333333333,nan
syn2_d80_redundant0.8_noise0,controlled_gaussian_mixture_round2,42,0.95,release_2,matched_kmeans,random_forest,600,80,2,19,15.789473684210526,11.0,4,101,0,0.0,0.21052631578947367,7.506373263585396,7.601287476300309,0.9942678478374153,1.0,1.0,1.0,80,2.0,5.0,0.3,3,0.8,0.0,0.6819444444444444,0.6831145716828441,0.05,nan
syn2_d80_redundant0.8_noise0,controlled_gaussian_mixture_round2,42,0.95,release_3,granular_ball,logistic,600,80,2,19,15.789473684210526,2.0,1,94,8,0.5263157894736842,0.5789473684210527,2.9223382108849347,1.737526927326196,0.9962779156327543,1.0,1.0,1.0,80,2.0,5.0,0.3,3,0.8,0.0,0.5953444444444445,0.6138014771730851,0.06333333333333334,nan
syn2_d80_redundant0.8_noise0,controlled_gaussian_mixture_round2,42,0.95,release_3,granular_ball,random_forest,600,80,2,19,15.789473684210526,2.0,1,94,8,0.5263157894736842,0.5789473684210527,2.9223382108849347,1.737526927326196,0.9962779156327543,1.0,1.0,1.0,80,2.0,5.0,0.3,3,0.8,0.0,0.6169944444444444,0.6450936260566329,0.09333333333333334,nan
syn2_d80_redundant0.8_noise0,controlled_gaussian_mixture_round2,42,0.95,release_3,matched_kmeans,logistic,600,80,2,19,15.789473684210526,11.0,4,101,0,0.0,0.21052631578947367,7.506373263585396,7.601287476300309,0.9942678478374153,1.0,1.0,1.0,80,2.0,5.0,0.3,3,0.8,0.0,0.7238555555555555,0.7386143431519249,0.14,nan
syn2_d80_redundant0.8_noise0,controlled_gaussian_mixture_round2,42,0.95,release_3,matched_kmeans,random_forest,600,80,2,19,15.789473684210526,11.0,4,101,0,0.0,0.21052631578947367,7.506373263585396,7.601287476300309,0.9942678478374153,1.0,1.0,1.0,80,2.0,5.0,0.3,3,0.8,0.0,0.6802333333333334,0.6876540758752401,0.06666666666666667,nan
syn2_d80_redundant0.8_noise0,controlled_gaussian_mixture_round2,42,0.99,release_1,granular_ball,logistic,600,80,2,23,13.043478260869565,2.0,1,94,10,0.5217391304347826,0.5652173913043478,2.551641538060853,1.737526927326196,1.0,1.0,1.0,1.0,80,2.0,5.0,0.3,3,0.8,0.0,0.6005111111111112,0.6321043979795995,0.09,nan
syn2_d80_redundant0.8_noise0,controlled_gaussian_mixture_round2,42,0.99,release_1,granular_ball,random_forest,600,80,2,23,13.043478260869565,2.0,1,94,10,0.5217391304347826,0.5652173913043478,2.551641538060853,1.737526927326196,1.0,1.0,1.0,1.0,80,2.0,5.0,0.3,3,0.8,0.0,0.6265777777777778,0.6527101997041376,0.11,nan
syn2_d80_redundant0.8_noise0,controlled_gaussian_mixture_round2,42,0.99,release_1,matched_kmeans,logistic,600,80,2,23,13.043478260869565,10.0,1,45,1,0.043478260869565216,0.17391304347826086,6.586046048179983,7.474614493814162,0.9817272099880795,1.0,1.0,1.0,80,2.0,5.0,0.3,3,0.8,0.0,0.7351444444444444,0.7372843015334818,0.13,nan
syn2_d80_redundant0.8_noise0,controlled_gaussian_mixture_round2,42,0.99,release_1,matched_kmeans,random_forest,600,80,2,23,13.043478260869565,10.0,1,45,1,0.043478260869565216,0.17391304347826086,6.586046048179983,7.474614493814162,0.9817272099880795,1.0,1.0,1.0,80,2.0,5.0,0.3,3,0.8,0.0,0.7401111111111112,0.7168764257285036,0.05,nan
syn2_d80_redundant0.8_noise0,controlled_gaussian_mixture_round2,42,0.99,release_2,granular_ball,logistic,600,80,2,23,13.043478260869565,2.0,1,94,10,0.5217391304347826,0.5652173913043478,2.551641538060853,1.737526927326196,1.0,1.0,1.0,1.0,80,2.0,5.0,0.3,3,0.8,0.0,0.6229777777777779,0.6417120986491516,0.08333333333333333,nan
syn2_d80_redundant0.8_noise0,controlled_gaussian_mixture_round2,42,0.99,release_2,granular_ball,random_forest,600,80,2,23,13.043478260869565,2.0,1,94,10,0.5217391304347826,0.5652173913043478,2.551641538060853,1.737526927326196,1.0,1.0,1.0,1.0,80,2.0,5.0,0.3,3,0.8,0.0,0.6179,0.6577986795371237,0.10666666666666667,nan
syn2_d80_redundant0.8_noise0,controlled_gaussian_mixture_round2,42,0.99,release_2,matched_kmeans,logistic,600,80,2,23,13.043478260869565,10.0,1,45,1,0.043478260869565216,0.17391304347826086,6.586046048179983,7.474614493814162,0.9817272099880795,1.0,1.0,1.0,80,2.0,5.0,0.3,3,0.8,0.0,0.7397111111111112,0.7332492551976716,0.13333333333333333,nan
syn2_d80_redundant0.8_noise0,controlled_gaussian_mixture_round2,42,0.99,release_2,matched_kmeans,random_forest,600,80,2,23,13.043478260869565,10.0,1,45,1,0.043478260869565216,0.17391304347826086,6.586046048179983,7.474614493814162,0.9817272099880795,1.0,1.0,1.0,80,2.0,5.0,0.3,3,0.8,0.0,0.7510222222222223,0.7089535986799842,0.023333333333333334,nan
syn2_d80_redundant0.8_noise0,controlled_gaussian_mixture_round2,42,0.99,release_3,granular_ball,logistic,600,80,2,23,13.043478260869565,2.0,1,94,10,0.5217391304347826,0.5652173913043478,2.551641538060853,1.737526927326196,1.0,1.0,1.0,1.0,80,2.0,5.0,0.3,3,0.8,0.0,0.6162111111111113,0.6361537070619524,0.08,nan
syn2_d80_redundant0.8_noise0,controlled_gaussian_mixture_round2,42,0.99,release_3,granular_ball,random_forest,600,80,2,23,13.043478260869565,2.0,1,94,10,0.5217391304347826,0.5652173913043478,2.551641538060853,1.737526927326196,1.0,1.0,1.0,1.0,80,2.0,5.0,0.3,3,0.8,0.0,0.6100666666666668,0.6518829069301233,0.10666666666666667,nan
syn2_d80_redundant0.8_noise0,controlled_gaussian_mixture_round2,42,0.99,release_3,matched_kmeans,logistic,600,80,2,23,13.043478260869565,10.0,1,45,1,0.043478260869565216,0.17391304347826086,6.586046048179983,7.474614493814162,0.9817272099880795,1.0,1.0,1.0,80,2.0,5.0,0.3,3,0.8,0.0,0.7437222222222222,0.7344346002472355,0.1,nan
syn2_d80_redundant0.8_noise0,controlled_gaussian_mixture_round2,42,0.99,release_3,matched_kmeans,random_forest,600,80,2,23,13.043478260869565,10.0,1,45,1,0.043478260869565216,0.17391304347826086,6.586046048179983,7.474614493814162,0.9817272099880795,1.0,1.0,1.0,80,2.0,5.0,0.3,3,0.8,0.0,0.7630444444444444,0.7304743918981342,0.03666666666666667,nan
syn2_d80_redundant0.8_noise0,controlled_gaussian_mixture_round2,99,0.7,release_1,granular_ball,logistic,600,80,2,1,300.0,300.0,300,300,0,0.0,0.0,8.421184951404644,8.421184951404644,0.7,0.7,0.7,0.7,80,2.0,5.0,0.3,3,0.8,0.0,0.5085555555555555,0.5286358687803816,0.03666666666666667,nan
syn2_d80_redundant0.8_noise0,controlled_gaussian_mixture_round2,99,0.7,release_1,granular_ball,random_forest,600,80,2,1,300.0,300.0,300,300,0,0.0,0.0,8.421184951404644,8.421184951404644,0.7,0.7,0.7,0.7,80,2.0,5.0,0.3,3,0.8,0.0,0.5337888888888889,0.5294497450488251,0.0033333333333333335,nan
syn2_d80_redundant0.8_noise0,controlled_gaussian_mixture_round2,99,0.7,release_1,matched_kmeans,logistic,600,80,2,1,300.0,300.0,300,300,0,0.0,0.0,8.421184951404644,8.421184951404644,0.7,0.7,0.7,0.7,80,2.0,5.0,0.3,3,0.8,0.0,0.5085555555555555,0.5286358687803816,0.03666666666666667,nan
syn2_d80_redundant0.8_noise0,controlled_gaussian_mixture_round2,99,0.7,release_1,matched_kmeans,random_forest,600,80,2,1,300.0,300.0,300,300,0,0.0,0.0,8.421184951404644,8.421184951404644,0.7,0.7,0.7,0.7,80,2.0,5.0,0.3,3,0.8,0.0,0.5337888888888889,0.5294497450488251,0.0033333333333333335,nan
syn2_d80_redundant0.8_noise0,controlled_gaussian_mixture_round2,99,0.7,release_2,granular_ball,logistic,600,80,2,1,300.0,300.0,300,300,0,0.0,0.0,8.421184951404644,8.421184951404644,0.7,0.7,0.7,0.7,80,2.0,5.0,0.3,3,0.8,0.0,0.48552222222222224,0.500011012121275,0.013333333333333334,nan
syn2_d80_redundant0.8_noise0,controlled_gaussian_mixture_round2,99,0.7,release_2,granular_ball,random_forest,600,80,2,1,300.0,300.0,300,300,0,0.0,0.0,8.421184951404644,8.421184951404644,0.7,0.7,0.7,0.7,80,2.0,5.0,0.3,3,0.8,0.0,0.5332944444444445,0.5286857340911258,0.0033333333333333335,nan
syn2_d80_redundant0.8_noise0,controlled_gaussian_mixture_round2,99,0.7,release_2,matched_kmeans,logistic,600,80,2,1,300.0,300.0,300,300,0,0.0,0.0,8.421184951404644,8.421184951404644,0.7,0.7,0.7,0.7,80,2.0,5.0,0.3,3,0.8,0.0,0.48552222222222224,0.500011012121275,0.013333333333333334,nan
syn2_d80_redundant0.8_noise0,controlled_gaussian_mixture_round2,99,0.7,release_2,matched_kmeans,random_forest,600,80,2,1,300.0,300.0,300,300,0,0.0,0.0,8.421184951404644,8.421184951404644,0.7,0.7,0.7,0.7,80,2.0,5.0,0.3,3,0.8,0.0,0.5332944444444445,0.5286857340911258,0.0033333333333333335,nan
syn2_d80_redundant0.8_noise0,controlled_gaussian_mixture_round2,99,0.7,release_3,granular_ball,logistic,600,80,2,1,300.0,300.0,300,300,0,0.0,0.0,8.421184951404644,8.421184951404644,0.7,0.7,0.7,0.7,80,2.0,5.0,0.3,3,0.8,0.0,0.48552222222222224,0.500011012121275,0.013333333333333334,nan
syn2_d80_redundant0.8_noise0,controlled_gaussian_mixture_round2,99,0.7,release_3,granular_ball,random_forest,600,80,2,1,300.0,300.0,300,300,0,0.0,0.0,8.421184951404644,8.421184951404644,0.7,0.7,0.7,0.7,80,2.0,5.0,0.3,3,0.8,0.0,0.53325,0.5287691440583858,0.0033333333333333335,nan
syn2_d80_redundant0.8_noise0,controlled_gaussian_mixture_round2,99,0.7,release_3,matched_kmeans,logistic,600,80,2,1,300.0,300.0,300,300,0,0.0,0.0,8.421184951404644,8.421184951404644,0.7,0.7,0.7,0.7,80,2.0,5.0,0.3,3,0.8,0.0,0.48552222222222224,0.500011012121275,0.013333333333333334,nan
syn2_d80_redundant0.8_noise0,controlled_gaussian_mixture_round2,99,0.7,release_3,matched_kmeans,random_forest,600,80,2,1,300.0,300.0,300,300,0,0.0,0.0,8.421184951404644,8.421184951404644,0.7,0.7,0.7,0.7,80,2.0,5.0,0.3,3,0.8,0.0,0.53325,0.5287691440583858,0.0033333333333333335,nan
syn2_d80_redundant0.8_noise0,controlled_gaussian_mixture_round2,99,0.8,release_1,granular_ball,logistic,600,80,2,4,75.0,84.0,14,118,0,0.0,0.0,7.943597695099875,8.888120396308967,0.9527027027027027,1.0,0.9527027027027027,1.0,80,2.0,5.0,0.3,3,0.8,0.0,0.5766777777777777,0.5611230096517461,0.006666666666666667,nan
syn2_d80_redundant0.8_noise0,controlled_gaussian_mixture_round2,99,0.8,release_1,granular_ball,random_forest,600,80,2,4,75.0,84.0,14,118,0,0.0,0.0,7.943597695099875,8.888120396308967,0.9527027027027027,1.0,0.9527027027027027,1.0,80,2.0,5.0,0.3,3,0.8,0.0,0.48304444444444444,0.49570260294783364,0.013333333333333334,nan
syn2_d80_redundant0.8_noise0,controlled_gaussian_mixture_round2,99,0.8,release_1,matched_kmeans,logistic,600,80,2,4,75.0,58.0,49,135,0,0.0,0.0,8.292710345903064,9.14795019339536,0.9166666666666666,1.0,0.9166666666666666,1.0,80,2.0,5.0,0.3,3,0.8,0.0,0.5944555555555555,0.5863043862398855,0.03666666666666667,nan
syn2_d80_redundant0.8_noise0,controlled_gaussian_mixture_round2,99,0.8,release_1,matched_kmeans,random_forest,600,80,2,4,75.0,58.0,49,135,0,0.0,0.0,8.292710345903064,9.14795019339536,0.9166666666666666,1.0,0.9166666666666666,1.0,80,2.0,5.0,0.3,3,0.8,0.0,0.5555,0.562930447047626,0.03333333333333333,nan
syn2_d80_redundant0.8_noise0,controlled_gaussian_mixture_round2,99,0.8,release_2,granular_ball,logistic,600,80,2,4,75.0,84.0,14,118,0,0.0,0.0,7.943597695099875,8.888120396308967,0.9527027027027027,1.0,0.9527027027027027,1.0,80,2.0,5.0,0.3,3,0.8,0.0,0.5427444444444445,0.5342430736510967,0.006666666666666667,nan
syn2_d80_redundant0.8_noise0,controlled_gaussian_mixture_round2,99,0.8,release_2,granular_ball,random_forest,600,80,2,4,75.0,84.0,14,118,0,0.0,0.0,7.943597695099875,8.888120396308967,0.9527027027027027,1.0,0.9527027027027027,1.0,80,2.0,5.0,0.3,3,0.8,0.0,0.5068666666666667,0.5072727177206068,0.013333333333333334,nan
syn2_d80_redundant0.8_noise0,controlled_gaussian_mixture_round2,99,0.8,release_2,matched_kmeans,logistic,600,80,2,4,75.0,58.0,49,135,0,0.0,0.0,8.292710345903064,9.14795019339536,0.9166666666666666,1.0,0.9166666666666666,1.0,80,2.0,5.0,0.3,3,0.8,0.0,0.5853333333333334,0.5795607014062555,0.05,nan
syn2_d80_redundant0.8_noise0,controlled_gaussian_mixture_round2,99,0.8,release_2,matched_kmeans,random_forest,600,80,2,4,75.0,58.0,49,135,0,0.0,0.0,8.292710345903064,9.14795019339536,0.9166666666666666,1.0,0.9166666666666666,1.0,80,2.0,5.0,0.3,3,0.8,0.0,0.5356722222222222,0.5513088373086923,0.03666666666666667,nan
syn2_d80_redundant0.8_noise0,controlled_gaussian_mixture_round2,99,0.8,release_3,granular_ball,logistic,600,80,2,4,75.0,84.0,14,118,0,0.0,0.0,7.943597695099875,8.888120396308967,0.9527027027027027,1.0,0.9527027027027027,1.0,80,2.0,5.0,0.3,3,0.8,0.0,0.5385888888888889,0.5327827508870886,0.006666666666666667,nan
syn2_d80_redundant0.8_noise0,controlled_gaussian_mixture_round2,99,0.8,release_3,granular_ball,random_forest,600,80,2,4,75.0,84.0,14,118,0,0.0,0.0,7.943597695099875,8.888120396308967,0.9527027027027027,1.0,0.9527027027027027,1.0,80,2.0,5.0,0.3,3,0.8,0.0,0.5138222222222222,0.5134210179582439,0.016666666666666666,nan
syn2_d80_redundant0.8_noise0,controlled_gaussian_mixture_round2,99,0.8,release_3,matched_kmeans,logistic,600,80,2,4,75.0,58.0,49,135,0,0.0,0.0,8.292710345903064,9.14795019339536,0.9166666666666666,1.0,0.9166666666666666,1.0,80,2.0,5.0,0.3,3,0.8,0.0,0.5841,0.5786485953674845,0.043333333333333335,nan
syn2_d80_redundant0.8_noise0,controlled_gaussian_mixture_round2,99,0.8,release_3,matched_kmeans,random_forest,600,80,2,4,75.0,58.0,49,135,0,0.0,0.0,8.292710345903064,9.14795019339536,0.9166666666666666,1.0,0.9166666666666666,1.0,80,2.0,5.0,0.3,3,0.8,0.0,0.539711111111111,0.554417706021381,0.023333333333333334,nan
syn2_d80_redundant0.8_noise0,controlled_gaussian_mixture_round2,99,0.9,release_1,granular_ball,logistic,600,80,2,10,30.0,10.5,1,118,2,0.4,0.4,5.001231546385512,4.797522834059611,0.9864371413667188,1.0,1.0,1.0,80,2.0,5.0,0.3,3,0.8,0.0,0.5595666666666667,0.5564698751414684,0.023333333333333334,nan
syn2_d80_redundant0.8_noise0,controlled_gaussian_mixture_round2,99,0.9,release_1,granular_ball,random_forest,600,80,2,10,30.0,10.5,1,118,2,0.4,0.4,5.001231546385512,4.797522834059611,0.9864371413667188,1.0,1.0,1.0,80,2.0,5.0,0.3,3,0.8,0.0,0.5656833333333333,0.5594298857017247,0.016666666666666666,nan
syn2_d80_redundant0.8_noise0,controlled_gaussian_mixture_round2,99,0.9,release_1,matched_kmeans,logistic,600,80,2,10,30.0,26.5,1,73,1,0.1,0.1,6.861277332146061,8.210312742770483,0.9398840885142254,1.0,1.0,1.0,80,2.0,5.0,0.3,3,0.8,0.0,0.5904222222222222,0.5771439584837437,0.023333333333333334,nan
syn2_d80_redundant0.8_noise0,controlled_gaussian_mixture_round2,99,0.9,release_1,matched_kmeans,random_forest,600,80,2,10,30.0,26.5,1,73,1,0.1,0.1,6.861277332146061,8.210312742770483,0.9398840885142254,1.0,1.0,1.0,80,2.0,5.0,0.3,3,0.8,0.0,0.5724111111111111,0.5530901937835999,0.02666666666666667,nan
syn2_d80_redundant0.8_noise0,controlled_gaussian_mixture_round2,99,0.9,release_2,granular_ball,logistic,600,80,2,10,30.0,10.5,1,118,2,0.4,0.4,5.001231546385512,4.797522834059611,0.9864371413667188,1.0,1.0,1.0,80,2.0,5.0,0.3,3,0.8,0.0,0.5565777777777778,0.5427303335639637,0.016666666666666666,nan
syn2_d80_redundant0.8_noise0,controlled_gaussian_mixture_round2,99,0.9,release_2,granular_ball,random_forest,600,80,2,10,30.0,10.5,1,118,2,0.4,0.4,5.001231546385512,4.797522834059611,0.9864371413667188,1.0,1.0,1.0,80,2.0,5.0,0.3,3,0.8,0.0,0.5606777777777777,0.5684354880155356,0.016666666666666666,nan
syn2_d80_redundant0.8_noise0,controlled_gaussian_mixture_round2,99,0.9,release_2,matched_kmeans,logistic,600,80,2,10,30.0,26.5,1,73,1,0.1,0.1,6.861277332146061,8.210312742770483,0.9398840885142254,1.0,1.0,1.0,80,2.0,5.0,0.3,3,0.8,0.0,0.5629444444444445,0.5569650330452534,0.023333333333333334,nan
syn2_d80_redundant0.8_noise0,controlled_gaussian_mixture_round2,99,0.9,release_2,matched_kmeans,random_forest,600,80,2,10,30.0,26.5,1,73,1,0.1,0.1,6.861277332146061,8.210312742770483,0.9398840885142254,1.0,1.0,1.0,80,2.0,5.0,0.3,3,0.8,0.0,0.565761111111111,0.5371471832200467,0.02,nan
syn2_d80_redundant0.8_noise0,controlled_gaussian_mixture_round2,99,0.9,release_3,granular_ball,logistic,600,80,2,10,30.0,10.5,1,118,2,0.4,0.4,5.001231546385512,4.797522834059611,0.9864371413667188,1.0,1.0,1.0,80,2.0,5.0,0.3,3,0.8,0.0,0.5667888888888889,0.5483171912637089,0.02666666666666667,nan
syn2_d80_redundant0.8_noise0,controlled_gaussian_mixture_round2,99,0.9,release_3,granular_ball,random_forest,600,80,2,10,30.0,10.5,1,118,2,0.4,0.4,5.001231546385512,4.797522834059611,0.9864371413667188,1.0,1.0,1.0,80,2.0,5.0,0.3,3,0.8,0.0,0.5619777777777778,0.5711461721692533,0.03,nan
syn2_d80_redundant0.8_noise0,controlled_gaussian_mixture_round2,99,0.9,release_3,matched_kmeans,logistic,600,80,2,10,30.0,26.5,1,73,1,0.1,0.1,6.861277332146061,8.210312742770483,0.9398840885142254,1.0,1.0,1.0,80,2.0,5.0,0.3,3,0.8,0.0,0.5607333333333333,0.5537160964628718,0.03666666666666667,nan
syn2_d80_redundant0.8_noise0,controlled_gaussian_mixture_round2,99,0.9,release_3,matched_kmeans,random_forest,600,80,2,10,30.0,26.5,1,73,1,0.1,0.1,6.861277332146061,8.210312742770483,0.9398840885142254,1.0,1.0,1.0,80,2.0,5.0,0.3,3,0.8,0.0,0.5700000000000001,0.5445229418548072,0.01,nan
syn2_d80_redundant0.8_noise0,controlled_gaussian_mixture_round2,99,0.95,release_1,granular_ball,logistic,600,80,2,15,20.0,2.0,1,118,4,0.5333333333333333,0.5333333333333333,3.9288411254208695,3.5760416083854847,0.995679012345679,1.0,1.0,1.0,80,2.0,5.0,0.3,3,0.8,0.0,0.5861666666666667,0.5850385836950307,0.03333333333333333,nan
syn2_d80_redundant0.8_noise0,controlled_gaussian_mixture_round2,99,0.95,release_1,granular_ball,random_forest,600,80,2,15,20.0,2.0,1,118,4,0.5333333333333333,0.5333333333333333,3.9288411254208695,3.5760416083854847,0.995679012345679,1.0,1.0,1.0,80,2.0,5.0,0.3,3,0.8,0.0,0.5312611111111111,0.5323364776899302,0.03,nan
syn2_d80_redundant0.8_noise0,controlled_gaussian_mixture_round2,99,0.95,release_1,matched_kmeans,logistic,600,80,2,15,20.0,14.0,1,70,1,0.06666666666666667,0.06666666666666667,6.927219669947735,7.812294737654711,0.9785994397759105,1.0,1.0,1.0,80,2.0,5.0,0.3,3,0.8,0.0,0.6434666666666667,0.6433565825805899,0.08333333333333333,nan
syn2_d80_redundant0.8_noise0,controlled_gaussian_mixture_round2,99,0.95,release_1,matched_kmeans,random_forest,600,80,2,15,20.0,14.0,1,70,1,0.06666666666666667,0.06666666666666667,6.927219669947735,7.812294737654711,0.9785994397759105,1.0,1.0,1.0,80,2.0,5.0,0.3,3,0.8,0.0,0.6629888888888888,0.6422832644749982,0.03,nan
syn2_d80_redundant0.8_noise0,controlled_gaussian_mixture_round2,99,0.95,release_2,granular_ball,logistic,600,80,2,15,20.0,2.0,1,118,4,0.5333333333333333,0.5333333333333333,3.9288411254208695,3.5760416083854847,0.995679012345679,1.0,1.0,1.0,80,2.0,5.0,0.3,3,0.8,0.0,0.6052222222222222,0.5867690149633245,0.023333333333333334,nan
syn2_d80_redundant0.8_noise0,controlled_gaussian_mixture_round2,99,0.95,release_2,granular_ball,random_forest,600,80,2,15,20.0,2.0,1,118,4,0.5333333333333333,0.5333333333333333,3.9288411254208695,3.5760416083854847,0.995679012345679,1.0,1.0,1.0,80,2.0,5.0,0.3,3,0.8,0.0,0.5881555555555555,0.5882142122537397,0.03,nan
syn2_d80_redundant0.8_noise0,controlled_gaussian_mixture_round2,99,0.95,release_2,matched_kmeans,logistic,600,80,2,15,20.0,14.0,1,70,1,0.06666666666666667,0.06666666666666667,6.927219669947735,7.812294737654711,0.9785994397759105,1.0,1.0,1.0,80,2.0,5.0,0.3,3,0.8,0.0,0.6395111111111111,0.6504958691632958,0.08333333333333333,nan
syn2_d80_redundant0.8_noise0,controlled_gaussian_mixture_round2,99,0.95,release_2,matched_kmeans,random_forest,600,80,2,15,20.0,14.0,1,70,1,0.06666666666666667,0.06666666666666667,6.927219669947735,7.812294737654711,0.9785994397759105,1.0,1.0,1.0,80,2.0,5.0,0.3,3,0.8,0.0,0.6748777777777777,0.6781321990389488,0.09,nan
syn2_d80_redundant0.8_noise0,controlled_gaussian_mixture_round2,99,0.95,release_3,granular_ball,logistic,600,80,2,15,20.0,2.0,1,118,4,0.5333333333333333,0.5333333333333333,3.9288411254208695,3.5760416083854847,0.995679012345679,1.0,1.0,1.0,80,2.0,5.0,0.3,3,0.8,0.0,0.5948555555555555,0.5811101442540743,0.03333333333333333,nan
syn2_d80_redundant0.8_noise0,controlled_gaussian_mixture_round2,99,0.95,release_3,granular_ball,random_forest,600,80,2,15,20.0,2.0,1,118,4,0.5333333333333333,0.5333333333333333,3.9288411254208695,3.5760416083854847,0.995679012345679,1.0,1.0,1.0,80,2.0,5.0,0.3,3,0.8,0.0,0.6016444444444444,0.6075252206480183,0.056666666666666664,nan
syn2_d80_redundant0.8_noise0,controlled_gaussian_mixture_round2,99,0.95,release_3,matched_kmeans,logistic,600,80,2,15,20.0,14.0,1,70,1,0.06666666666666667,0.06666666666666667,6.927219669947735,7.812294737654711,0.9785994397759105,1.0,1.0,1.0,80,2.0,5.0,0.3,3,0.8,0.0,0.649611111111111,0.6483826213780619,0.07,nan
syn2_d80_redundant0.8_noise0,controlled_gaussian_mixture_round2,99,0.95,release_3,matched_kmeans,random_forest,600,80,2,15,20.0,14.0,1,70,1,0.06666666666666667,0.06666666666666667,6.927219669947735,7.812294737654711,0.9785994397759105,1.0,1.0,1.0,80,2.0,5.0,0.3,3,0.8,0.0,0.6714666666666667,0.6676887826473852,0.07333333333333333,nan
syn2_d80_redundant0.8_noise0,controlled_gaussian_mixture_round2,99,0.99,release_1,granular_ball,logistic,600,80,2,18,16.666666666666668,2.0,1,118,6,0.5555555555555556,0.5555555555555556,3.336977590333814,1.963178784280664,1.0,1.0,1.0,1.0,80,2.0,5.0,0.3,3,0.8,0.0,0.5904222222222222,0.5934359312966875,0.04,nan
syn2_d80_redundant0.8_noise0,controlled_gaussian_mixture_round2,99,0.99,release_1,granular_ball,random_forest,600,80,2,18,16.666666666666668,2.0,1,118,6,0.5555555555555556,0.5555555555555556,3.336977590333814,1.963178784280664,1.0,1.0,1.0,1.0,80,2.0,5.0,0.3,3,0.8,0.0,0.5395888888888889,0.5487490937019851,0.03333333333333333,nan
syn2_d80_redundant0.8_noise0,controlled_gaussian_mixture_round2,99,0.99,release_1,matched_kmeans,logistic,600,80,2,18,16.666666666666668,13.5,1,72,1,0.05555555555555555,0.16666666666666666,6.822715162249872,7.5548005016269,0.9807552650689905,1.0,1.0,1.0,80,2.0,5.0,0.3,3,0.8,0.0,0.6706222222222222,0.6638624129395997,0.09333333333333334,nan
syn2_d80_redundant0.8_noise0,controlled_gaussian_mixture_round2,99,0.99,release_1,matched_kmeans,random_forest,600,80,2,18,16.666666666666668,13.5,1,72,1,0.05555555555555555,0.16666666666666666,6.822715162249872,7.5548005016269,0.9807552650689905,1.0,1.0,1.0,80,2.0,5.0,0.3,3,0.8,0.0,0.7089666666666665,0.7092095860594189,0.07,nan
syn2_d80_redundant0.8_noise0,controlled_gaussian_mixture_round2,99,0.99,release_2,granular_ball,logistic,600,80,2,18,16.666666666666668,2.0,1,118,6,0.5555555555555556,0.5555555555555556,3.336977590333814,1.963178784280664,1.0,1.0,1.0,1.0,80,2.0,5.0,0.3,3,0.8,0.0,0.6003777777777777,0.5911198312645032,0.03333333333333333,nan
syn2_d80_redundant0.8_noise0,controlled_gaussian_mixture_round2,99,0.99,release_2,granular_ball,random_forest,600,80,2,18,16.666666666666668,2.0,1,118,6,0.5555555555555556,0.5555555555555556,3.336977590333814,1.963178784280664,1.0,1.0,1.0,1.0,80,2.0,5.0,0.3,3,0.8,0.0,0.5832444444444445,0.5833625351607284,0.043333333333333335,nan
syn2_d80_redundant0.8_noise0,controlled_gaussian_mixture_round2,99,0.99,release_2,matched_kmeans,logistic,600,80,2,18,16.666666666666668,13.5,1,72,1,0.05555555555555555,0.16666666666666666,6.822715162249872,7.5548005016269,0.9807552650689905,1.0,1.0,1.0,80,2.0,5.0,0.3,3,0.8,0.0,0.6768222222222222,0.6755658815931145,0.07333333333333333,nan
syn2_d80_redundant0.8_noise0,controlled_gaussian_mixture_round2,99,0.99,release_2,matched_kmeans,random_forest,600,80,2,18,16.666666666666668,13.5,1,72,1,0.05555555555555555,0.16666666666666666,6.822715162249872,7.5548005016269,0.9807552650689905,1.0,1.0,1.0,80,2.0,5.0,0.3,3,0.8,0.0,0.7275,0.7278923117683112,0.15,nan
syn2_d80_redundant0.8_noise0,controlled_gaussian_mixture_round2,99,0.99,release_3,granular_ball,logistic,600,80,2,18,16.666666666666668,2.0,1,118,6,0.5555555555555556,0.5555555555555556,3.336977590333814,1.963178784280664,1.0,1.0,1.0,1.0,80,2.0,5.0,0.3,3,0.8,0.0,0.5955888888888888,0.5879024834867976,0.03333333333333333,nan
syn2_d80_redundant0.8_noise0,controlled_gaussian_mixture_round2,99,0.99,release_3,granular_ball,random_forest,600,80,2,18,16.666666666666668,2.0,1,118,6,0.5555555555555556,0.5555555555555556,3.336977590333814,1.963178784280664,1.0,1.0,1.0,1.0,80,2.0,5.0,0.3,3,0.8,0.0,0.5812333333333333,0.5813329725848717,0.05,nan
syn2_d80_redundant0.8_noise0,controlled_gaussian_mixture_round2,99,0.99,release_3,matched_kmeans,logistic,600,80,2,18,16.666666666666668,13.5,1,72,1,0.05555555555555555,0.16666666666666666,6.822715162249872,7.5548005016269,0.9807552650689905,1.0,1.0,1.0,80,2.0,5.0,0.3,3,0.8,0.0,0.6907555555555556,0.6802074699799426,0.08,nan
syn2_d80_redundant0.8_noise0,controlled_gaussian_mixture_round2,99,0.99,release_3,matched_kmeans,random_forest,600,80,2,18,16.666666666666668,13.5,1,72,1,0.05555555555555555,0.16666666666666666,6.822715162249872,7.5548005016269,0.9807552650689905,1.0,1.0,1.0,80,2.0,5.0,0.3,3,0.8,0.0,0.730788888888889,0.7268034848693867,0.14333333333333334,nan
syn2_d80_redundant0.8_noise0,controlled_gaussian_mixture_round2,2026,0.7,release_1,granular_ball,logistic,600,80,2,1,300.0,300.0,300,300,0,0.0,0.0,8.3496369079966,8.3496369079966,0.7,0.7,0.7,0.7,80,2.0,5.0,0.3,3,0.8,0.0,0.4955111111111111,0.5004167862311785,0.0,nan
syn2_d80_redundant0.8_noise0,controlled_gaussian_mixture_round2,2026,0.7,release_1,granular_ball,random_forest,600,80,2,1,300.0,300.0,300,300,0,0.0,0.0,8.3496369079966,8.3496369079966,0.7,0.7,0.7,0.7,80,2.0,5.0,0.3,3,0.8,0.0,0.5561777777777778,0.5597126232416907,0.006666666666666667,nan
syn2_d80_redundant0.8_noise0,controlled_gaussian_mixture_round2,2026,0.7,release_1,matched_kmeans,logistic,600,80,2,1,300.0,300.0,300,300,0,0.0,0.0,8.3496369079966,8.3496369079966,0.7,0.7,0.7,0.7,80,2.0,5.0,0.3,3,0.8,0.0,0.4955111111111111,0.5004167862311785,0.0,nan
syn2_d80_redundant0.8_noise0,controlled_gaussian_mixture_round2,2026,0.7,release_1,matched_kmeans,random_forest,600,80,2,1,300.0,300.0,300,300,0,0.0,0.0,8.3496369079966,8.3496369079966,0.7,0.7,0.7,0.7,80,2.0,5.0,0.3,3,0.8,0.0,0.5561777777777778,0.5597126232416907,0.006666666666666667,nan
syn2_d80_redundant0.8_noise0,controlled_gaussian_mixture_round2,2026,0.7,release_2,granular_ball,logistic,600,80,2,1,300.0,300.0,300,300,0,0.0,0.0,8.3496369079966,8.3496369079966,0.7,0.7,0.7,0.7,80,2.0,5.0,0.3,3,0.8,0.0,0.4792777777777778,0.4847891930525088,0.01,nan
syn2_d80_redundant0.8_noise0,controlled_gaussian_mixture_round2,2026,0.7,release_2,granular_ball,random_forest,600,80,2,1,300.0,300.0,300,300,0,0.0,0.0,8.3496369079966,8.3496369079966,0.7,0.7,0.7,0.7,80,2.0,5.0,0.3,3,0.8,0.0,0.5558500000000001,0.561282466203121,0.02,nan
syn2_d80_redundant0.8_noise0,controlled_gaussian_mixture_round2,2026,0.7,release_2,matched_kmeans,logistic,600,80,2,1,300.0,300.0,300,300,0,0.0,0.0,8.3496369079966,8.3496369079966,0.7,0.7,0.7,0.7,80,2.0,5.0,0.3,3,0.8,0.0,0.4792777777777778,0.4847891930525088,0.01,nan
syn2_d80_redundant0.8_noise0,controlled_gaussian_mixture_round2,2026,0.7,release_2,matched_kmeans,random_forest,600,80,2,1,300.0,300.0,300,300,0,0.0,0.0,8.3496369079966,8.3496369079966,0.7,0.7,0.7,0.7,80,2.0,5.0,0.3,3,0.8,0.0,0.5558500000000001,0.561282466203121,0.02,nan
syn2_d80_redundant0.8_noise0,controlled_gaussian_mixture_round2,2026,0.7,release_3,granular_ball,logistic,600,80,2,1,300.0,300.0,300,300,0,0.0,0.0,8.3496369079966,8.3496369079966,0.7,0.7,0.7,0.7,80,2.0,5.0,0.3,3,0.8,0.0,0.4792777777777778,0.4847891930525088,0.01,nan
syn2_d80_redundant0.8_noise0,controlled_gaussian_mixture_round2,2026,0.7,release_3,granular_ball,random_forest,600,80,2,1,300.0,300.0,300,300,0,0.0,0.0,8.3496369079966,8.3496369079966,0.7,0.7,0.7,0.7,80,2.0,5.0,0.3,3,0.8,0.0,0.5559166666666666,0.5605725121044776,0.02,nan
syn2_d80_redundant0.8_noise0,controlled_gaussian_mixture_round2,2026,0.7,release_3,matched_kmeans,logistic,600,80,2,1,300.0,300.0,300,300,0,0.0,0.0,8.3496369079966,8.3496369079966,0.7,0.7,0.7,0.7,80,2.0,5.0,0.3,3,0.8,0.0,0.4792777777777778,0.4847891930525088,0.01,nan
syn2_d80_redundant0.8_noise0,controlled_gaussian_mixture_round2,2026,0.7,release_3,matched_kmeans,random_forest,600,80,2,1,300.0,300.0,300,300,0,0.0,0.0,8.3496369079966,8.3496369079966,0.7,0.7,0.7,0.7,80,2.0,5.0,0.3,3,0.8,0.0,0.5559166666666666,0.5605725121044776,0.02,nan
syn2_d80_redundant0.8_noise0,controlled_gaussian_mixture_round2,2026,0.8,release_1,granular_ball,logistic,600,80,2,5,60.0,65.0,19,108,0,0.0,0.0,7.981839297150962,9.058609189802976,0.9666666666666668,1.0,1.0,1.0,80,2.0,5.0,0.3,3,0.8,0.0,0.5752777777777778,0.5701843102485772,0.016666666666666666,nan
syn2_d80_redundant0.8_noise0,controlled_gaussian_mixture_round2,2026,0.8,release_1,granular_ball,random_forest,600,80,2,5,60.0,65.0,19,108,0,0.0,0.0,7.981839297150962,9.058609189802976,0.9666666666666668,1.0,1.0,1.0,80,2.0,5.0,0.3,3,0.8,0.0,0.46420555555555554,0.4833585370907098,0.013333333333333334,nan
syn2_d80_redundant0.8_noise0,controlled_gaussian_mixture_round2,2026,0.8,release_1,matched_kmeans,logistic,600,80,2,5,60.0,47.0,35,121,0,0.0,0.0,8.101768066858673,8.86264284570111,0.9487603305785124,1.0,1.0,1.0,80,2.0,5.0,0.3,3,0.8,0.0,0.5725222222222222,0.5727325426782542,0.03,nan
syn2_d80_redundant0.8_noise0,controlled_gaussian_mixture_round2,2026,0.8,release_1,matched_kmeans,random_forest,600,80,2,5,60.0,47.0,35,121,0,0.0,0.0,8.101768066858673,8.86264284570111,0.9487603305785124,1.0,1.0,1.0,80,2.0,5.0,0.3,3,0.8,0.0,0.4830888888888889,0.4862346747974238,0.02,nan
syn2_d80_redundant0.8_noise0,controlled_gaussian_mixture_round2,2026,0.8,release_2,granular_ball,logistic,600,80,2,5,60.0,65.0,19,108,0,0.0,0.0,7.981839297150962,9.058609189802976,0.9666666666666668,1.0,1.0,1.0,80,2.0,5.0,0.3,3,0.8,0.0,0.5569777777777778,0.5759873019577186,0.03333333333333333,nan
syn2_d80_redundant0.8_noise0,controlled_gaussian_mixture_round2,2026,0.8,release_2,granular_ball,random_forest,600,80,2,5,60.0,65.0,19,108,0,0.0,0.0,7.981839297150962,9.058609189802976,0.9666666666666668,1.0,1.0,1.0,80,2.0,5.0,0.3,3,0.8,0.0,0.43826666666666664,0.4598930349192569,0.006666666666666667,nan
syn2_d80_redundant0.8_noise0,controlled_gaussian_mixture_round2,2026,0.8,release_2,matched_kmeans,logistic,600,80,2,5,60.0,47.0,35,121,0,0.0,0.0,8.101768066858673,8.86264284570111,0.9487603305785124,1.0,1.0,1.0,80,2.0,5.0,0.3,3,0.8,0.0,0.5892777777777778,0.5879875797265455,0.03666666666666667,nan
syn2_d80_redundant0.8_noise0,controlled_gaussian_mixture_round2,2026,0.8,release_2,matched_kmeans,random_forest,600,80,2,5,60.0,47.0,35,121,0,0.0,0.0,8.101768066858673,8.86264284570111,0.9487603305785124,1.0,1.0,1.0,80,2.0,5.0,0.3,3,0.8,0.0,0.4909555555555556,0.4783896024141444,0.0033333333333333335,nan
syn2_d80_redundant0.8_noise0,controlled_gaussian_mixture_round2,2026,0.8,release_3,granular_ball,logistic,600,80,2,5,60.0,65.0,19,108,0,0.0,0.0,7.981839297150962,9.058609189802976,0.9666666666666668,1.0,1.0,1.0,80,2.0,5.0,0.3,3,0.8,0.0,0.5471444444444444,0.5678468656951146,0.03,nan
syn2_d80_redundant0.8_noise0,controlled_gaussian_mixture_round2,2026,0.8,release_3,granular_ball,random_forest,600,80,2,5,60.0,65.0,19,108,0,0.0,0.0,7.981839297150962,9.058609189802976,0.9666666666666668,1.0,1.0,1.0,80,2.0,5.0,0.3,3,0.8,0.0,0.44414444444444445,0.4621625843292844,0.01,nan
syn2_d80_redundant0.8_noise0,controlled_gaussian_mixture_round2,2026,0.8,release_3,matched_kmeans,logistic,600,80,2,5,60.0,47.0,35,121,0,0.0,0.0,8.101768066858673,8.86264284570111,0.9487603305785124,1.0,1.0,1.0,80,2.0,5.0,0.3,3,0.8,0.0,0.5868222222222221,0.5871703308697922,0.03333333333333333,nan
syn2_d80_redundant0.8_noise0,controlled_gaussian_mixture_round2,2026,0.8,release_3,matched_kmeans,random_forest,600,80,2,5,60.0,47.0,35,121,0,0.0,0.0,8.101768066858673,8.86264284570111,0.9487603305785124,1.0,1.0,1.0,80,2.0,5.0,0.3,3,0.8,0.0,0.49944444444444447,0.48136224407486394,0.006666666666666667,nan
syn2_d80_redundant0.8_noise0,controlled_gaussian_mixture_round2,2026,0.9,release_1,granular_ball,logistic,600,80,2,12,25.0,11.5,1,84,4,0.3333333333333333,0.5,4.397270291861344,4.267122943354328,0.9896125116713352,1.0,1.0,1.0,80,2.0,5.0,0.3,3,0.8,0.0,0.5840888888888889,0.584669023506033,0.02666666666666667,nan
syn2_d80_redundant0.8_noise0,controlled_gaussian_mixture_round2,2026,0.9,release_1,granular_ball,random_forest,600,80,2,12,25.0,11.5,1,84,4,0.3333333333333333,0.5,4.397270291861344,4.267122943354328,0.9896125116713352,1.0,1.0,1.0,80,2.0,5.0,0.3,3,0.8,0.0,0.5229944444444444,0.5248419950424691,0.016666666666666666,nan
syn2_d80_redundant0.8_noise0,controlled_gaussian_mixture_round2,2026,0.9,release_1,matched_kmeans,logistic,600,80,2,12,25.0,20.5,14,67,0,0.0,0.0,7.54112534410248,8.079520302628936,0.9647783808231569,1.0,1.0,1.0,80,2.0,5.0,0.3,3,0.8,0.0,0.6656666666666667,0.6300738675902149,0.03333333333333333,nan
syn2_d80_redundant0.8_noise0,controlled_gaussian_mixture_round2,2026,0.9,release_1,matched_kmeans,random_forest,600,80,2,12,25.0,20.5,14,67,0,0.0,0.0,7.54112534410248,8.079520302628936,0.9647783808231569,1.0,1.0,1.0,80,2.0,5.0,0.3,3,0.8,0.0,0.6790666666666667,0.6538898654051561,0.03333333333333333,nan
syn2_d80_redundant0.8_noise0,controlled_gaussian_mixture_round2,2026,0.9,release_2,granular_ball,logistic,600,80,2,12,25.0,11.5,1,84,4,0.3333333333333333,0.5,4.397270291861344,4.267122943354328,0.9896125116713352,1.0,1.0,1.0,80,2.0,5.0,0.3,3,0.8,0.0,0.5846777777777777,0.5937407246944597,0.04,nan
syn2_d80_redundant0.8_noise0,controlled_gaussian_mixture_round2,2026,0.9,release_2,granular_ball,random_forest,600,80,2,12,25.0,11.5,1,84,4,0.3333333333333333,0.5,4.397270291861344,4.267122943354328,0.9896125116713352,1.0,1.0,1.0,80,2.0,5.0,0.3,3,0.8,0.0,0.5470666666666666,0.5377855512298857,0.01,nan
syn2_d80_redundant0.8_noise0,controlled_gaussian_mixture_round2,2026,0.9,release_2,matched_kmeans,logistic,600,80,2,12,25.0,20.5,14,67,0,0.0,0.0,7.54112534410248,8.079520302628936,0.9647783808231569,1.0,1.0,1.0,80,2.0,5.0,0.3,3,0.8,0.0,0.6768555555555554,0.6509712653986024,0.03666666666666667,nan
syn2_d80_redundant0.8_noise0,controlled_gaussian_mixture_round2,2026,0.9,release_2,matched_kmeans,random_forest,600,80,2,12,25.0,20.5,14,67,0,0.0,0.0,7.54112534410248,8.079520302628936,0.9647783808231569,1.0,1.0,1.0,80,2.0,5.0,0.3,3,0.8,0.0,0.6744222222222223,0.6476748896118347,0.03333333333333333,nan
syn2_d80_redundant0.8_noise0,controlled_gaussian_mixture_round2,2026,0.9,release_3,granular_ball,logistic,600,80,2,12,25.0,11.5,1,84,4,0.3333333333333333,0.5,4.397270291861344,4.267122943354328,0.9896125116713352,1.0,1.0,1.0,80,2.0,5.0,0.3,3,0.8,0.0,0.5778,0.5916169770113946,0.043333333333333335,nan
syn2_d80_redundant0.8_noise0,controlled_gaussian_mixture_round2,2026,0.9,release_3,granular_ball,random_forest,600,80,2,12,25.0,11.5,1,84,4,0.3333333333333333,0.5,4.397270291861344,4.267122943354328,0.9896125116713352,1.0,1.0,1.0,80,2.0,5.0,0.3,3,0.8,0.0,0.5467111111111111,0.5355353761957561,0.006666666666666667,nan
syn2_d80_redundant0.8_noise0,controlled_gaussian_mixture_round2,2026,0.9,release_3,matched_kmeans,logistic,600,80,2,12,25.0,20.5,14,67,0,0.0,0.0,7.54112534410248,8.079520302628936,0.9647783808231569,1.0,1.0,1.0,80,2.0,5.0,0.3,3,0.8,0.0,0.6722333333333332,0.649935525669175,0.04,nan
syn2_d80_redundant0.8_noise0,controlled_gaussian_mixture_round2,2026,0.9,release_3,matched_kmeans,random_forest,600,80,2,12,25.0,20.5,14,67,0,0.0,0.0,7.54112534410248,8.079520302628936,0.9647783808231569,1.0,1.0,1.0,80,2.0,5.0,0.3,3,0.8,0.0,0.6704666666666667,0.6421609757451368,0.02666666666666667,nan
syn2_d80_redundant0.8_noise0,controlled_gaussian_mixture_round2,2026,0.95,release_1,granular_ball,logistic,600,80,2,16,18.75,3.5,1,84,6,0.4375,0.5625,3.6384966664691736,2.178757704463347,0.9939134928164814,1.0,1.0,1.0,80,2.0,5.0,0.3,3,0.8,0.0,0.6050555555555556,0.617744678290171,0.05,nan
syn2_d80_redundant0.8_noise0,controlled_gaussian_mixture_round2,2026,0.95,release_1,granular_ball,random_forest,600,80,2,16,18.75,3.5,1,84,6,0.4375,0.5625,3.6384966664691736,2.178757704463347,0.9939134928164814,1.0,1.0,1.0,80,2.0,5.0,0.3,3,0.8,0.0,0.5009888888888889,0.5208434323539634,0.023333333333333334,nan
syn2_d80_redundant0.8_noise0,controlled_gaussian_mixture_round2,2026,0.95,release_1,matched_kmeans,logistic,600,80,2,16,18.75,14.5,6,66,0,0.0,0.0,7.37598654045557,7.920364787222079,0.9759293516560958,1.0,1.0,1.0,80,2.0,5.0,0.3,3,0.8,0.0,0.6749777777777779,0.6695229283959354,0.09333333333333334,nan
syn2_d80_redundant0.8_noise0,controlled_gaussian_mixture_round2,2026,0.95,release_1,matched_kmeans,random_forest,600,80,2,16,18.75,14.5,6,66,0,0.0,0.0,7.37598654045557,7.920364787222079,0.9759293516560958,1.0,1.0,1.0,80,2.0,5.0,0.3,3,0.8,0.0,0.6958333333333333,0.6779139486579657,0.043333333333333335,nan
syn2_d80_redundant0.8_noise0,controlled_gaussian_mixture_round2,2026,0.95,release_2,granular_ball,logistic,600,80,2,16,18.75,3.5,1,84,6,0.4375,0.5625,3.6384966664691736,2.178757704463347,0.9939134928164814,1.0,1.0,1.0,80,2.0,5.0,0.3,3,0.8,0.0,0.6061,0.6178264208279863,0.05333333333333334,nan
syn2_d80_redundant0.8_noise0,controlled_gaussian_mixture_round2,2026,0.95,release_2,granular_ball,random_forest,600,80,2,16,18.75,3.5,1,84,6,0.4375,0.5625,3.6384966664691736,2.178757704463347,0.9939134928164814,1.0,1.0,1.0,80,2.0,5.0,0.3,3,0.8,0.0,0.5191888888888889,0.5221279466504908,0.016666666666666666,nan
syn2_d80_redundant0.8_noise0,controlled_gaussian_mixture_round2,2026,0.95,release_2,matched_kmeans,logistic,600,80,2,16,18.75,14.5,6,66,0,0.0,0.0,7.37598654045557,7.920364787222079,0.9759293516560958,1.0,1.0,1.0,80,2.0,5.0,0.3,3,0.8,0.0,0.6878111111111112,0.6734658541682039,0.05333333333333334,nan
syn2_d80_redundant0.8_noise0,controlled_gaussian_mixture_round2,2026,0.95,release_2,matched_kmeans,random_forest,600,80,2,16,18.75,14.5,6,66,0,0.0,0.0,7.37598654045557,7.920364787222079,0.9759293516560958,1.0,1.0,1.0,80,2.0,5.0,0.3,3,0.8,0.0,0.6921666666666666,0.673201956206317,0.03333333333333333,nan
syn2_d80_redundant0.8_noise0,controlled_gaussian_mixture_round2,2026,0.95,release_3,granular_ball,logistic,600,80,2,16,18.75,3.5,1,84,6,0.4375,0.5625,3.6384966664691736,2.178757704463347,0.9939134928164814,1.0,1.0,1.0,80,2.0,5.0,0.3,3,0.8,0.0,0.6029333333333333,0.6151595150964564,0.05333333333333334,nan
syn2_d80_redundant0.8_noise0,controlled_gaussian_mixture_round2,2026,0.95,release_3,granular_ball,random_forest,600,80,2,16,18.75,3.5,1,84,6,0.4375,0.5625,3.6384966664691736,2.178757704463347,0.9939134928164814,1.0,1.0,1.0,80,2.0,5.0,0.3,3,0.8,0.0,0.5260666666666667,0.5341140432310898,0.02,nan
syn2_d80_redundant0.8_noise0,controlled_gaussian_mixture_round2,2026,0.95,release_3,matched_kmeans,logistic,600,80,2,16,18.75,14.5,6,66,0,0.0,0.0,7.37598654045557,7.920364787222079,0.9759293516560958,1.0,1.0,1.0,80,2.0,5.0,0.3,3,0.8,0.0,0.6838888888888889,0.6764782159501243,0.06333333333333334,nan
syn2_d80_redundant0.8_noise0,controlled_gaussian_mixture_round2,2026,0.95,release_3,matched_kmeans,random_forest,600,80,2,16,18.75,14.5,6,66,0,0.0,0.0,7.37598654045557,7.920364787222079,0.9759293516560958,1.0,1.0,1.0,80,2.0,5.0,0.3,3,0.8,0.0,0.7028333333333333,0.6963617271039122,0.06666666666666667,nan
syn2_d80_redundant0.8_noise0,controlled_gaussian_mixture_round2,2026,0.99,release_1,granular_ball,logistic,600,80,2,21,14.285714285714286,3.0,1,84,9,0.47619047619047616,0.6666666666666666,2.8744949060202454,1.5701613308229798,1.0,1.0,1.0,1.0,80,2.0,5.0,0.3,3,0.8,0.0,0.6121666666666666,0.6228521190405243,0.05333333333333334,nan
syn2_d80_redundant0.8_noise0,controlled_gaussian_mixture_round2,2026,0.99,release_1,granular_ball,random_forest,600,80,2,21,14.285714285714286,3.0,1,84,9,0.47619047619047616,0.6666666666666666,2.8744949060202454,1.5701613308229798,1.0,1.0,1.0,1.0,80,2.0,5.0,0.3,3,0.8,0.0,0.5508888888888889,0.5641265180795332,0.04666666666666667,nan
syn2_d80_redundant0.8_noise0,controlled_gaussian_mixture_round2,2026,0.99,release_1,matched_kmeans,logistic,600,80,2,21,14.285714285714286,12.0,2,39,0,0.047619047619047616,0.14285714285714285,6.8793425323456,7.291129616965885,0.9763847263847264,1.0,1.0,1.0,80,2.0,5.0,0.3,3,0.8,0.0,0.7363666666666666,0.7452041641020566,0.11333333333333333,nan
syn2_d80_redundant0.8_noise0,controlled_gaussian_mixture_round2,2026,0.99,release_1,matched_kmeans,random_forest,600,80,2,21,14.285714285714286,12.0,2,39,0,0.047619047619047616,0.14285714285714285,6.8793425323456,7.291129616965885,0.9763847263847264,1.0,1.0,1.0,80,2.0,5.0,0.3,3,0.8,0.0,0.7058888888888888,0.7014978852110143,0.08333333333333333,nan
syn2_d80_redundant0.8_noise0,controlled_gaussian_mixture_round2,2026,0.99,release_2,granular_ball,logistic,600,80,2,21,14.285714285714286,3.0,1,84,9,0.47619047619047616,0.6666666666666666,2.8744949060202454,1.5701613308229798,1.0,1.0,1.0,1.0,80,2.0,5.0,0.3,3,0.8,0.0,0.6149222222222223,0.621723306618752,0.05333333333333334,nan
syn2_d80_redundant0.8_noise0,controlled_gaussian_mixture_round2,2026,0.99,release_2,granular_ball,random_forest,600,80,2,21,14.285714285714286,3.0,1,84,9,0.47619047619047616,0.6666666666666666,2.8744949060202454,1.5701613308229798,1.0,1.0,1.0,1.0,80,2.0,5.0,0.3,3,0.8,0.0,0.5644,0.5707397538907868,0.05333333333333334,nan
syn2_d80_redundant0.8_noise0,controlled_gaussian_mixture_round2,2026,0.99,release_2,matched_kmeans,logistic,600,80,2,21,14.285714285714286,12.0,2,39,0,0.047619047619047616,0.14285714285714285,6.8793425323456,7.291129616965885,0.9763847263847264,1.0,1.0,1.0,80,2.0,5.0,0.3,3,0.8,0.0,0.7500222222222223,0.7555564863244637,0.11333333333333333,nan
syn2_d80_redundant0.8_noise0,controlled_gaussian_mixture_round2,2026,0.99,release_2,matched_kmeans,random_forest,600,80,2,21,14.285714285714286,12.0,2,39,0,0.047619047619047616,0.14285714285714285,6.8793425323456,7.291129616965885,0.9763847263847264,1.0,1.0,1.0,80,2.0,5.0,0.3,3,0.8,0.0,0.6906277777777778,0.6824451266432717,0.07,nan
syn2_d80_redundant0.8_noise0,controlled_gaussian_mixture_round2,2026,0.99,release_3,granular_ball,logistic,600,80,2,21,14.285714285714286,3.0,1,84,9,0.47619047619047616,0.6666666666666666,2.8744949060202454,1.5701613308229798,1.0,1.0,1.0,1.0,80,2.0,5.0,0.3,3,0.8,0.0,0.6100444444444444,0.6214448533788564,0.056666666666666664,nan
syn2_d80_redundant0.8_noise0,controlled_gaussian_mixture_round2,2026,0.99,release_3,granular_ball,random_forest,600,80,2,21,14.285714285714286,3.0,1,84,9,0.47619047619047616,0.6666666666666666,2.8744949060202454,1.5701613308229798,1.0,1.0,1.0,1.0,80,2.0,5.0,0.3,3,0.8,0.0,0.5671111111111111,0.581091631155394,0.05333333333333334,nan
syn2_d80_redundant0.8_noise0,controlled_gaussian_mixture_round2,2026,0.99,release_3,matched_kmeans,logistic,600,80,2,21,14.285714285714286,12.0,2,39,0,0.047619047619047616,0.14285714285714285,6.8793425323456,7.291129616965885,0.9763847263847264,1.0,1.0,1.0,80,2.0,5.0,0.3,3,0.8,0.0,0.7514777777777777,0.7546332936590763,0.10666666666666667,nan
syn2_d80_redundant0.8_noise0,controlled_gaussian_mixture_round2,2026,0.99,release_3,matched_kmeans,random_forest,600,80,2,21,14.285714285714286,12.0,2,39,0,0.047619047619047616,0.14285714285714285,6.8793425323456,7.291129616965885,0.9763847263847264,1.0,1.0,1.0,80,2.0,5.0,0.3,3,0.8,0.0,0.6887888888888889,0.6862675255067561,0.09,nan
syn2_d80_redundant0.8_noise0.1,controlled_gaussian_mixture_round2,42,0.7,release_1,granular_ball,logistic,600,80,2,4,75.0,77.5,36,109,0,0.0,0.0,8.023141521666464,9.145030517339798,0.8731669038463479,0.897964796479648,0.8266872558815515,0.9444444444444444,80,2.0,5.0,0.3,3,0.8,0.1,0.5542555555555555,0.557127011847194,0.02666666666666667,nan
syn2_d80_redundant0.8_noise0.1,controlled_gaussian_mixture_round2,42,0.7,release_1,granular_ball,random_forest,600,80,2,4,75.0,77.5,36,109,0,0.0,0.0,8.023141521666464,9.145030517339798,0.8731669038463479,0.897964796479648,0.8266872558815515,0.9444444444444444,80,2.0,5.0,0.3,3,0.8,0.1,0.5046999999999999,0.5345532565418085,0.02666666666666667,nan
syn2_d80_redundant0.8_noise0.1,controlled_gaussian_mixture_round2,42,0.7,release_1,matched_kmeans,logistic,600,80,2,4,75.0,50.0,38,162,0,0.0,0.0,8.538086211080813,9.187334002448676,0.8181489603638726,0.8771929824561404,0.7608024691358025,0.9345394736842105,80,2.0,5.0,0.3,3,0.8,0.1,0.5276,0.5244615736867257,0.013333333333333334,nan
syn2_d80_redundant0.8_noise0.1,controlled_gaussian_mixture_round2,42,0.7,release_1,matched_kmeans,random_forest,600,80,2,4,75.0,50.0,38,162,0,0.0,0.0,8.538086211080813,9.187334002448676,0.8181489603638726,0.8771929824561404,0.7608024691358025,0.9345394736842105,80,2.0,5.0,0.3,3,0.8,0.1,0.4724333333333333,0.46925104441990995,0.0033333333333333335,nan
syn2_d80_redundant0.8_noise0.1,controlled_gaussian_mixture_round2,42,0.7,release_2,granular_ball,logistic,600,80,2,4,75.0,77.5,36,109,0,0.0,0.0,8.023141521666464,9.145030517339798,0.8731669038463479,0.897964796479648,0.8266872558815515,0.9444444444444444,80,2.0,5.0,0.3,3,0.8,0.1,0.5742555555555555,0.5587256461978093,0.01,nan
syn2_d80_redundant0.8_noise0.1,controlled_gaussian_mixture_round2,42,0.7,release_2,granular_ball,random_forest,600,80,2,4,75.0,77.5,36,109,0,0.0,0.0,8.023141521666464,9.145030517339798,0.8731669038463479,0.897964796479648,0.8266872558815515,0.9444444444444444,80,2.0,5.0,0.3,3,0.8,0.1,0.5099555555555556,0.5162717865379964,0.01,nan
syn2_d80_redundant0.8_noise0.1,controlled_gaussian_mixture_round2,42,0.7,release_2,matched_kmeans,logistic,600,80,2,4,75.0,50.0,38,162,0,0.0,0.0,8.538086211080813,9.187334002448676,0.8181489603638726,0.8771929824561404,0.7608024691358025,0.9345394736842105,80,2.0,5.0,0.3,3,0.8,0.1,0.4917666666666667,0.5011437281955742,0.02,nan
syn2_d80_redundant0.8_noise0.1,controlled_gaussian_mixture_round2,42,0.7,release_2,matched_kmeans,random_forest,600,80,2,4,75.0,50.0,38,162,0,0.0,0.0,8.538086211080813,9.187334002448676,0.8181489603638726,0.8771929824561404,0.7608024691358025,0.9345394736842105,80,2.0,5.0,0.3,3,0.8,0.1,0.4447888888888889,0.4560428362135093,0.0033333333333333335,nan
syn2_d80_redundant0.8_noise0.1,controlled_gaussian_mixture_round2,42,0.7,release_3,granular_ball,logistic,600,80,2,4,75.0,77.5,36,109,0,0.0,0.0,8.023141521666464,9.145030517339798,0.8731669038463479,0.897964796479648,0.8266872558815515,0.9444444444444444,80,2.0,5.0,0.3,3,0.8,0.1,0.5715444444444444,0.5549594328063848,0.016666666666666666,nan
syn2_d80_redundant0.8_noise0.1,controlled_gaussian_mixture_round2,42,0.7,release_3,granular_ball,random_forest,600,80,2,4,75.0,77.5,36,109,0,0.0,0.0,8.023141521666464,9.145030517339798,0.8731669038463479,0.897964796479648,0.8266872558815515,0.9444444444444444,80,2.0,5.0,0.3,3,0.8,0.1,0.5075000000000001,0.5101639977571841,0.0033333333333333335,nan
syn2_d80_redundant0.8_noise0.1,controlled_gaussian_mixture_round2,42,0.7,release_3,matched_kmeans,logistic,600,80,2,4,75.0,50.0,38,162,0,0.0,0.0,8.538086211080813,9.187334002448676,0.8181489603638726,0.8771929824561404,0.7608024691358025,0.9345394736842105,80,2.0,5.0,0.3,3,0.8,0.1,0.47822222222222227,0.4949082240903281,0.016666666666666666,nan
syn2_d80_redundant0.8_noise0.1,controlled_gaussian_mixture_round2,42,0.7,release_3,matched_kmeans,random_forest,600,80,2,4,75.0,50.0,38,162,0,0.0,0.0,8.538086211080813,9.187334002448676,0.8181489603638726,0.8771929824561404,0.7608024691358025,0.9345394736842105,80,2.0,5.0,0.3,3,0.8,0.1,0.4556,0.47237913271665094,0.006666666666666667,nan
syn2_d80_redundant0.8_noise0.1,controlled_gaussian_mixture_round2,42,0.8,release_1,granular_ball,logistic,600,80,2,13,23.076923076923077,3.0,1,101,5,0.46153846153846156,0.5384615384615384,3.6369016919341712,3.155105785029252,0.9358860395309438,1.0,0.8514851485148515,1.0,80,2.0,5.0,0.3,3,0.8,0.1,0.5583222222222222,0.584715212120052,0.05,nan
syn2_d80_redundant0.8_noise0.1,controlled_gaussian_mixture_round2,42,0.8,release_1,granular_ball,random_forest,600,80,2,13,23.076923076923077,3.0,1,101,5,0.46153846153846156,0.5384615384615384,3.6369016919341712,3.155105785029252,0.9358860395309438,1.0,0.8514851485148515,1.0,80,2.0,5.0,0.3,3,0.8,0.1,0.4643111111111112,0.5189072156785624,0.04,nan
syn2_d80_redundant0.8_noise0.1,controlled_gaussian_mixture_round2,42,0.8,release_1,matched_kmeans,logistic,600,80,2,13,23.076923076923077,19.0,6,92,0,0.0,0.0,7.723895887502427,8.068380335011714,0.8996178337947083,0.9130434782608695,0.8518518518518519,0.9523809523809523,80,2.0,5.0,0.3,3,0.8,0.1,0.6524333333333333,0.6505807931500455,0.08,nan
syn2_d80_redundant0.8_noise0.1,controlled_gaussian_mixture_round2,42,0.8,release_1,matched_kmeans,random_forest,600,80,2,13,23.076923076923077,19.0,6,92,0,0.0,0.0,7.723895887502427,8.068380335011714,0.8996178337947083,0.9130434782608695,0.8518518518518519,0.9523809523809523,80,2.0,5.0,0.3,3,0.8,0.1,0.6578555555555556,0.638568260415044,0.07333333333333333,nan
syn2_d80_redundant0.8_noise0.1,controlled_gaussian_mixture_round2,42,0.8,release_2,granular_ball,logistic,600,80,2,13,23.076923076923077,3.0,1,101,5,0.46153846153846156,0.5384615384615384,3.6369016919341712,3.155105785029252,0.9358860395309438,1.0,0.8514851485148515,1.0,80,2.0,5.0,0.3,3,0.8,0.1,0.5473888888888888,0.5728453227129569,0.043333333333333335,nan
syn2_d80_redundant0.8_noise0.1,controlled_gaussian_mixture_round2,42,0.8,release_2,granular_ball,random_forest,600,80,2,13,23.076923076923077,3.0,1,101,5,0.46153846153846156,0.5384615384615384,3.6369016919341712,3.155105785029252,0.9358860395309438,1.0,0.8514851485148515,1.0,80,2.0,5.0,0.3,3,0.8,0.1,0.4777444444444444,0.5203432855591974,0.043333333333333335,nan
syn2_d80_redundant0.8_noise0.1,controlled_gaussian_mixture_round2,42,0.8,release_2,matched_kmeans,logistic,600,80,2,13,23.076923076923077,19.0,6,92,0,0.0,0.0,7.723895887502427,8.068380335011714,0.8996178337947083,0.9130434782608695,0.8518518518518519,0.9523809523809523,80,2.0,5.0,0.3,3,0.8,0.1,0.6950444444444445,0.7015085420738219,0.11666666666666667,nan
syn2_d80_redundant0.8_noise0.1,controlled_gaussian_mixture_round2,42,0.8,release_2,matched_kmeans,random_forest,600,80,2,13,23.076923076923077,19.0,6,92,0,0.0,0.0,7.723895887502427,8.068380335011714,0.8996178337947083,0.9130434782608695,0.8518518518518519,0.9523809523809523,80,2.0,5.0,0.3,3,0.8,0.1,0.6667111111111111,0.6462745648910687,0.03666666666666667,nan
syn2_d80_redundant0.8_noise0.1,controlled_gaussian_mixture_round2,42,0.8,release_3,granular_ball,logistic,600,80,2,13,23.076923076923077,3.0,1,101,5,0.46153846153846156,0.5384615384615384,3.6369016919341712,3.155105785029252,0.9358860395309438,1.0,0.8514851485148515,1.0,80,2.0,5.0,0.3,3,0.8,0.1,0.5548111111111111,0.5749460883947558,0.04666666666666667,nan
syn2_d80_redundant0.8_noise0.1,controlled_gaussian_mixture_round2,42,0.8,release_3,granular_ball,random_forest,600,80,2,13,23.076923076923077,3.0,1,101,5,0.46153846153846156,0.5384615384615384,3.6369016919341712,3.155105785029252,0.9358860395309438,1.0,0.8514851485148515,1.0,80,2.0,5.0,0.3,3,0.8,0.1,0.48350000000000004,0.5197295140326443,0.02666666666666667,nan
syn2_d80_redundant0.8_noise0.1,controlled_gaussian_mixture_round2,42,0.8,release_3,matched_kmeans,logistic,600,80,2,13,23.076923076923077,19.0,6,92,0,0.0,0.0,7.723895887502427,8.068380335011714,0.8996178337947083,0.9130434782608695,0.8518518518518519,0.9523809523809523,80,2.0,5.0,0.3,3,0.8,0.1,0.6996333333333333,0.7037968359048123,0.07,nan
syn2_d80_redundant0.8_noise0.1,controlled_gaussian_mixture_round2,42,0.8,release_3,matched_kmeans,random_forest,600,80,2,13,23.076923076923077,19.0,6,92,0,0.0,0.0,7.723895887502427,8.068380335011714,0.8996178337947083,0.9130434782608695,0.8518518518518519,0.9523809523809523,80,2.0,5.0,0.3,3,0.8,0.1,0.6670111111111111,0.6471021886627584,0.043333333333333335,nan
syn2_d80_redundant0.8_noise0.1,controlled_gaussian_mixture_round2,42,0.9,release_1,granular_ball,logistic,600,80,2,62,4.838709677419355,2.0,1,54,29,0.6774193548387096,0.8387096774193549,2.5867847695622923,0.9856102414022448,0.9432093152289507,1.0,1.0,1.0,80,2.0,5.0,0.3,3,0.8,0.1,0.6801222222222222,0.7177427462469987,0.20333333333333334,nan
syn2_d80_redundant0.8_noise0.1,controlled_gaussian_mixture_round2,42,0.9,release_1,granular_ball,random_forest,600,80,2,62,4.838709677419355,2.0,1,54,29,0.6774193548387096,0.8387096774193549,2.5867847695622923,0.9856102414022448,0.9432093152289507,1.0,1.0,1.0,80,2.0,5.0,0.3,3,0.8,0.1,0.6464166666666666,0.7094970903968609,0.20666666666666667,nan
syn2_d80_redundant0.8_noise0.1,controlled_gaussian_mixture_round2,42,0.9,release_1,matched_kmeans,logistic,600,80,2,62,4.838709677419355,3.0,1,32,13,0.3709677419354839,0.7258064516129032,4.376122127040109,5.451209198450313,0.912548323092678,1.0,0.835,1.0,80,2.0,5.0,0.3,3,0.8,0.1,0.8036888888888889,0.8279897100789723,0.36333333333333334,nan
syn2_d80_redundant0.8_noise0.1,controlled_gaussian_mixture_round2,42,0.9,release_1,matched_kmeans,random_forest,600,80,2,62,4.838709677419355,3.0,1,32,13,0.3709677419354839,0.7258064516129032,4.376122127040109,5.451209198450313,0.912548323092678,1.0,0.835,1.0,80,2.0,5.0,0.3,3,0.8,0.1,0.8038555555555557,0.8340522689915658,0.38,nan
syn2_d80_redundant0.8_noise0.1,controlled_gaussian_mixture_round2,42,0.9,release_2,granular_ball,logistic,600,80,2,62,4.838709677419355,2.0,1,54,29,0.6774193548387096,0.8387096774193549,2.5867847695622923,0.9856102414022448,0.9432093152289507,1.0,1.0,1.0,80,2.0,5.0,0.3,3,0.8,0.1,0.6910555555555555,0.7250379997689025,0.21,nan
syn2_d80_redundant0.8_noise0.1,controlled_gaussian_mixture_round2,42,0.9,release_2,granular_ball,random_forest,600,80,2,62,4.838709677419355,2.0,1,54,29,0.6774193548387096,0.8387096774193549,2.5867847695622923,0.9856102414022448,0.9432093152289507,1.0,1.0,1.0,80,2.0,5.0,0.3,3,0.8,0.1,0.7180055555555556,0.7554161238437813,0.19333333333333333,nan
syn2_d80_redundant0.8_noise0.1,controlled_gaussian_mixture_round2,42,0.9,release_2,matched_kmeans,logistic,600,80,2,62,4.838709677419355,3.0,1,32,13,0.3709677419354839,0.7258064516129032,4.376122127040109,5.451209198450313,0.912548323092678,1.0,0.835,1.0,80,2.0,5.0,0.3,3,0.8,0.1,0.8195,0.8441050599027174,0.35,nan
syn2_d80_redundant0.8_noise0.1,controlled_gaussian_mixture_round2,42,0.9,release_2,matched_kmeans,random_forest,600,80,2,62,4.838709677419355,3.0,1,32,13,0.3709677419354839,0.7258064516129032,4.376122127040109,5.451209198450313,0.912548323092678,1.0,0.835,1.0,80,2.0,5.0,0.3,3,0.8,0.1,0.8305444444444444,0.8483860751294765,0.39,nan
syn2_d80_redundant0.8_noise0.1,controlled_gaussian_mixture_round2,42,0.9,release_3,granular_ball,logistic,600,80,2,62,4.838709677419355,2.0,1,54,29,0.6774193548387096,0.8387096774193549,2.5867847695622923,0.9856102414022448,0.9432093152289507,1.0,1.0,1.0,80,2.0,5.0,0.3,3,0.8,0.1,0.6829777777777779,0.719002708147728,0.21,nan
syn2_d80_redundant0.8_noise0.1,controlled_gaussian_mixture_round2,42,0.9,release_3,granular_ball,random_forest,600,80,2,62,4.838709677419355,2.0,1,54,29,0.6774193548387096,0.8387096774193549,2.5867847695622923,0.9856102414022448,0.9432093152289507,1.0,1.0,1.0,80,2.0,5.0,0.3,3,0.8,0.1,0.7184333333333333,0.755255559658849,0.20333333333333334,nan
syn2_d80_redundant0.8_noise0.1,controlled_gaussian_mixture_round2,42,0.9,release_3,matched_kmeans,logistic,600,80,2,62,4.838709677419355,3.0,1,32,13,0.3709677419354839,0.7258064516129032,4.376122127040109,5.451209198450313,0.912548323092678,1.0,0.835,1.0,80,2.0,5.0,0.3,3,0.8,0.1,0.8198000000000001,0.8423271869262096,0.35333333333333333,nan
syn2_d80_redundant0.8_noise0.1,controlled_gaussian_mixture_round2,42,0.9,release_3,matched_kmeans,random_forest,600,80,2,62,4.838709677419355,3.0,1,32,13,0.3709677419354839,0.7258064516129032,4.376122127040109,5.451209198450313,0.912548323092678,1.0,0.835,1.0,80,2.0,5.0,0.3,3,0.8,0.1,0.8291333333333334,0.848694535705939,0.37666666666666665,nan
syn2_d80_redundant0.8_noise0.1,controlled_gaussian_mixture_round2,42,0.95,release_1,granular_ball,logistic,600,80,2,103,2.912621359223301,2.0,1,24,40,0.6699029126213593,0.8932038834951457,2.8268777581970523,1.7501620056220177,0.921925566343042,1.0,1.0,1.0,80,2.0,5.0,0.3,3,0.8,0.1,0.8452666666666666,0.8710290116921013,0.41,nan
syn2_d80_redundant0.8_noise0.1,controlled_gaussian_mixture_round2,42,0.95,release_1,granular_ball,random_forest,600,80,2,103,2.912621359223301,2.0,1,24,40,0.6699029126213593,0.8932038834951457,2.8268777581970523,1.7501620056220177,0.921925566343042,1.0,1.0,1.0,80,2.0,5.0,0.3,3,0.8,0.1,0.8583722222222222,0.8782762904024058,0.4266666666666667,nan
syn2_d80_redundant0.8_noise0.1,controlled_gaussian_mixture_round2,42,0.95,release_1,matched_kmeans,logistic,600,80,2,103,2.912621359223301,2.0,1,27,44,0.6407766990291263,0.9320388349514563,2.679658825537271,3.757865462744802,0.9341740838152828,1.0,1.0,1.0,80,2.0,5.0,0.3,3,0.8,0.1,0.879788888888889,0.8917835839623481,0.5166666666666667,nan
syn2_d80_redundant0.8_noise0.1,controlled_gaussian_mixture_round2,42,0.95,release_1,matched_kmeans,random_forest,600,80,2,103,2.912621359223301,2.0,1,27,44,0.6407766990291263,0.9320388349514563,2.679658825537271,3.757865462744802,0.9341740838152828,1.0,1.0,1.0,80,2.0,5.0,0.3,3,0.8,0.1,0.9038666666666666,0.916348395571364,0.52,nan
syn2_d80_redundant0.8_noise0.1,controlled_gaussian_mixture_round2,42,0.95,release_2,granular_ball,logistic,600,80,2,103,2.912621359223301,2.0,1,24,40,0.6699029126213593,0.8932038834951457,2.8268777581970523,1.7501620056220177,0.921925566343042,1.0,1.0,1.0,80,2.0,5.0,0.3,3,0.8,0.1,0.8768888888888888,0.8870840979604249,0.36666666666666664,nan
syn2_d80_redundant0.8_noise0.1,controlled_gaussian_mixture_round2,42,0.95,release_2,granular_ball,random_forest,600,80,2,103,2.912621359223301,2.0,1,24,40,0.6699029126213593,0.8932038834951457,2.8268777581970523,1.7501620056220177,0.921925566343042,1.0,1.0,1.0,80,2.0,5.0,0.3,3,0.8,0.1,0.8912111111111112,0.8945246065626032,0.41333333333333333,nan
syn2_d80_redundant0.8_noise0.1,controlled_gaussian_mixture_round2,42,0.95,release_2,matched_kmeans,logistic,600,80,2,103,2.912621359223301,2.0,1,27,44,0.6407766990291263,0.9320388349514563,2.679658825537271,3.757865462744802,0.9341740838152828,1.0,1.0,1.0,80,2.0,5.0,0.3,3,0.8,0.1,0.8991333333333333,0.9123349949286952,0.55,nan
syn2_d80_redundant0.8_noise0.1,controlled_gaussian_mixture_round2,42,0.95,release_2,matched_kmeans,random_forest,600,80,2,103,2.912621359223301,2.0,1,27,44,0.6407766990291263,0.9320388349514563,2.679658825537271,3.757865462744802,0.9341740838152828,1.0,1.0,1.0,80,2.0,5.0,0.3,3,0.8,0.1,0.9235111111111112,0.9312693523465052,0.56,nan
syn2_d80_redundant0.8_noise0.1,controlled_gaussian_mixture_round2,42,0.95,release_3,granular_ball,logistic,600,80,2,103,2.912621359223301,2.0,1,24,40,0.6699029126213593,0.8932038834951457,2.8268777581970523,1.7501620056220177,0.921925566343042,1.0,1.0,1.0,80,2.0,5.0,0.3,3,0.8,0.1,0.8782222222222222,0.8851320175562106,0.33,nan
syn2_d80_redundant0.8_noise0.1,controlled_gaussian_mixture_round2,42,0.95,release_3,granular_ball,random_forest,600,80,2,103,2.912621359223301,2.0,1,24,40,0.6699029126213593,0.8932038834951457,2.8268777581970523,1.7501620056220177,0.921925566343042,1.0,1.0,1.0,80,2.0,5.0,0.3,3,0.8,0.1,0.891738888888889,0.8987116221146534,0.4,nan
syn2_d80_redundant0.8_noise0.1,controlled_gaussian_mixture_round2,42,0.95,release_3,matched_kmeans,logistic,600,80,2,103,2.912621359223301,2.0,1,27,44,0.6407766990291263,0.9320388349514563,2.679658825537271,3.757865462744802,0.9341740838152828,1.0,1.0,1.0,80,2.0,5.0,0.3,3,0.8,0.1,0.9023666666666665,0.9163020340774102,0.55,nan
syn2_d80_redundant0.8_noise0.1,controlled_gaussian_mixture_round2,42,0.95,release_3,matched_kmeans,random_forest,600,80,2,103,2.912621359223301,2.0,1,27,44,0.6407766990291263,0.9320388349514563,2.679658825537271,3.757865462744802,0.9341740838152828,1.0,1.0,1.0,80,2.0,5.0,0.3,3,0.8,0.1,0.9247111111111112,0.9320465829797661,0.5433333333333333,nan
syn2_d80_redundant0.8_noise0.1,controlled_gaussian_mixture_round2,42,0.99,release_1,granular_ball,logistic,600,80,2,108,2.7777777777777777,2.0,1,18,41,0.6666666666666666,0.8981481481481481,2.8847969971833085,1.820902327168871,0.9212962962962963,1.0,1.0,1.0,80,2.0,5.0,0.3,3,0.8,0.1,0.8660111111111111,0.8868082928395409,0.43,nan
syn2_d80_redundant0.8_noise0.1,controlled_gaussian_mixture_round2,42,0.99,release_1,granular_ball,random_forest,600,80,2,108,2.7777777777777777,2.0,1,18,41,0.6666666666666666,0.8981481481481481,2.8847969971833085,1.820902327168871,0.9212962962962963,1.0,1.0,1.0,80,2.0,5.0,0.3,3,0.8,0.1,0.8763111111111112,0.8947932969365671,0.48333333333333334,nan
syn2_d80_redundant0.8_noise0.1,controlled_gaussian_mixture_round2,42,0.99,release_1,matched_kmeans,logistic,600,80,2,108,2.7777777777777777,2.0,1,27,49,0.6851851851851852,0.9351851851851852,2.4930577355493573,3.2784081058685794,0.9393517293748777,1.0,1.0,1.0,80,2.0,5.0,0.3,3,0.8,0.1,0.8855222222222222,0.8959590967644662,0.5066666666666667,nan
syn2_d80_redundant0.8_noise0.1,controlled_gaussian_mixture_round2,42,0.99,release_1,matched_kmeans,random_forest,600,80,2,108,2.7777777777777777,2.0,1,27,49,0.6851851851851852,0.9351851851851852,2.4930577355493573,3.2784081058685794,0.9393517293748777,1.0,1.0,1.0,80,2.0,5.0,0.3,3,0.8,0.1,0.9167833333333334,0.9281001338543357,0.5733333333333334,nan
syn2_d80_redundant0.8_noise0.1,controlled_gaussian_mixture_round2,42,0.99,release_2,granular_ball,logistic,600,80,2,108,2.7777777777777777,2.0,1,18,41,0.6666666666666666,0.8981481481481481,2.8847969971833085,1.820902327168871,0.9212962962962963,1.0,1.0,1.0,80,2.0,5.0,0.3,3,0.8,0.1,0.9028222222222223,0.9093781984604538,0.39,nan
syn2_d80_redundant0.8_noise0.1,controlled_gaussian_mixture_round2,42,0.99,release_2,granular_ball,random_forest,600,80,2,108,2.7777777777777777,2.0,1,18,41,0.6666666666666666,0.8981481481481481,2.8847969971833085,1.820902327168871,0.9212962962962963,1.0,1.0,1.0,80,2.0,5.0,0.3,3,0.8,0.1,0.9184277777777777,0.919612703681112,0.39666666666666667,nan
syn2_d80_redundant0.8_noise0.1,controlled_gaussian_mixture_round2,42,0.99,release_2,matched_kmeans,logistic,600,80,2,108,2.7777777777777777,2.0,1,27,49,0.6851851851851852,0.9351851851851852,2.4930577355493573,3.2784081058685794,0.9393517293748777,1.0,1.0,1.0,80,2.0,5.0,0.3,3,0.8,0.1,0.9047333333333333,0.9159303396499046,0.54,nan
syn2_d80_redundant0.8_noise0.1,controlled_gaussian_mixture_round2,42,0.99,release_2,matched_kmeans,random_forest,600,80,2,108,2.7777777777777777,2.0,1,27,49,0.6851851851851852,0.9351851851851852,2.4930577355493573,3.2784081058685794,0.9393517293748777,1.0,1.0,1.0,80,2.0,5.0,0.3,3,0.8,0.1,0.9326777777777778,0.9391144852145418,0.6,nan
syn2_d80_redundant0.8_noise0.1,controlled_gaussian_mixture_round2,42,0.99,release_3,granular_ball,logistic,600,80,2,108,2.7777777777777777,2.0,1,18,41,0.6666666666666666,0.8981481481481481,2.8847969971833085,1.820902327168871,0.9212962962962963,1.0,1.0,1.0,80,2.0,5.0,0.3,3,0.8,0.1,0.9029333333333334,0.9064017908941793,0.3466666666666667,nan
syn2_d80_redundant0.8_noise0.1,controlled_gaussian_mixture_round2,42,0.99,release_3,granular_ball,random_forest,600,80,2,108,2.7777777777777777,2.0,1,18,41,0.6666666666666666,0.8981481481481481,2.8847969971833085,1.820902327168871,0.9212962962962963,1.0,1.0,1.0,80,2.0,5.0,0.3,3,0.8,0.1,0.9170777777777779,0.9190252244682742,0.4033333333333333,nan
syn2_d80_redundant0.8_noise0.1,controlled_gaussian_mixture_round2,42,0.99,release_3,matched_kmeans,logistic,600,80,2,108,2.7777777777777777,2.0,1,27,49,0.6851851851851852,0.9351851851851852,2.4930577355493573,3.2784081058685794,0.9393517293748777,1.0,1.0,1.0,80,2.0,5.0,0.3,3,0.8,0.1,0.9089444444444446,0.9199432302940863,0.55,nan
syn2_d80_redundant0.8_noise0.1,controlled_gaussian_mixture_round2,42,0.99,release_3,matched_kmeans,random_forest,600,80,2,108,2.7777777777777777,2.0,1,27,49,0.6851851851851852,0.9351851851851852,2.4930577355493573,3.2784081058685794,0.9393517293748777,1.0,1.0,1.0,80,2.0,5.0,0.3,3,0.8,0.1,0.9324444444444444,0.938923889611877,0.6033333333333334,nan
syn2_d80_redundant0.8_noise0.1,controlled_gaussian_mixture_round2,99,0.7,release_1,granular_ball,logistic,600,80,2,4,75.0,82.5,21,114,0,0.0,0.0,8.09684478023118,9.135370800587879,0.8769841269841269,0.9181286549707601,0.8464912280701754,0.9486215538847117,80,2.0,5.0,0.3,3,0.8,0.1,0.5194555555555556,0.5460504247533242,0.056666666666666664,nan
syn2_d80_redundant0.8_noise0.1,controlled_gaussian_mixture_round2,99,0.7,release_1,granular_ball,random_forest,600,80,2,4,75.0,82.5,21,114,0,0.0,0.0,8.09684478023118,9.135370800587879,0.8769841269841269,0.9181286549707601,0.8464912280701754,0.9486215538847117,80,2.0,5.0,0.3,3,0.8,0.1,0.5518777777777778,0.550270417269416,0.01,nan
syn2_d80_redundant0.8_noise0.1,controlled_gaussian_mixture_round2,99,0.7,release_1,matched_kmeans,logistic,600,80,2,4,75.0,81.0,51,87,0,0.0,0.0,7.810667246604138,8.13872127984098,0.7346584330773629,0.7082763337893296,0.5884456027800054,0.8544891640866873,80,2.0,5.0,0.3,3,0.8,0.1,0.5566333333333333,0.5529279962778065,0.03,nan
syn2_d80_redundant0.8_noise0.1,controlled_gaussian_mixture_round2,99,0.7,release_1,matched_kmeans,random_forest,600,80,2,4,75.0,81.0,51,87,0,0.0,0.0,7.810667246604138,8.13872127984098,0.7346584330773629,0.7082763337893296,0.5884456027800054,0.8544891640866873,80,2.0,5.0,0.3,3,0.8,0.1,0.5309555555555556,0.5310911533771195,0.02666666666666667,nan
syn2_d80_redundant0.8_noise0.1,controlled_gaussian_mixture_round2,99,0.7,release_2,granular_ball,logistic,600,80,2,4,75.0,82.5,21,114,0,0.0,0.0,8.09684478023118,9.135370800587879,0.8769841269841269,0.9181286549707601,0.8464912280701754,0.9486215538847117,80,2.0,5.0,0.3,3,0.8,0.1,0.5316777777777777,0.5480937724649281,0.03,nan
syn2_d80_redundant0.8_noise0.1,controlled_gaussian_mixture_round2,99,0.7,release_2,granular_ball,random_forest,600,80,2,4,75.0,82.5,21,114,0,0.0,0.0,8.09684478023118,9.135370800587879,0.8769841269841269,0.9181286549707601,0.8464912280701754,0.9486215538847117,80,2.0,5.0,0.3,3,0.8,0.1,0.5705388888888889,0.5593257499443125,0.016666666666666666,nan
syn2_d80_redundant0.8_noise0.1,controlled_gaussian_mixture_round2,99,0.7,release_2,matched_kmeans,logistic,600,80,2,4,75.0,81.0,51,87,0,0.0,0.0,7.810667246604138,8.13872127984098,0.7346584330773629,0.7082763337893296,0.5884456027800054,0.8544891640866873,80,2.0,5.0,0.3,3,0.8,0.1,0.5456555555555557,0.5606918785155656,0.04,nan
syn2_d80_redundant0.8_noise0.1,controlled_gaussian_mixture_round2,99,0.7,release_2,matched_kmeans,random_forest,600,80,2,4,75.0,81.0,51,87,0,0.0,0.0,7.810667246604138,8.13872127984098,0.7346584330773629,0.7082763337893296,0.5884456027800054,0.8544891640866873,80,2.0,5.0,0.3,3,0.8,0.1,0.5590777777777778,0.5416593215273398,0.01,nan
syn2_d80_redundant0.8_noise0.1,controlled_gaussian_mixture_round2,99,0.7,release_3,granular_ball,logistic,600,80,2,4,75.0,82.5,21,114,0,0.0,0.0,8.09684478023118,9.135370800587879,0.8769841269841269,0.9181286549707601,0.8464912280701754,0.9486215538847117,80,2.0,5.0,0.3,3,0.8,0.1,0.5468666666666666,0.5602033790995335,0.03666666666666667,nan
syn2_d80_redundant0.8_noise0.1,controlled_gaussian_mixture_round2,99,0.7,release_3,granular_ball,random_forest,600,80,2,4,75.0,82.5,21,114,0,0.0,0.0,8.09684478023118,9.135370800587879,0.8769841269841269,0.9181286549707601,0.8464912280701754,0.9486215538847117,80,2.0,5.0,0.3,3,0.8,0.1,0.5629555555555555,0.5751865910418702,0.023333333333333334,nan
syn2_d80_redundant0.8_noise0.1,controlled_gaussian_mixture_round2,99,0.7,release_3,matched_kmeans,logistic,600,80,2,4,75.0,81.0,51,87,0,0.0,0.0,7.810667246604138,8.13872127984098,0.7346584330773629,0.7082763337893296,0.5884456027800054,0.8544891640866873,80,2.0,5.0,0.3,3,0.8,0.1,0.5827,0.5783896654433818,0.03,nan
syn2_d80_redundant0.8_noise0.1,controlled_gaussian_mixture_round2,99,0.7,release_3,matched_kmeans,random_forest,600,80,2,4,75.0,81.0,51,87,0,0.0,0.0,7.810667246604138,8.13872127984098,0.7346584330773629,0.7082763337893296,0.5884456027800054,0.8544891640866873,80,2.0,5.0,0.3,3,0.8,0.1,0.5580333333333334,0.5425667302625193,0.006666666666666667,nan
syn2_d80_redundant0.8_noise0.1,controlled_gaussian_mixture_round2,99,0.8,release_1,granular_ball,logistic,600,80,2,19,15.789473684210526,2.0,1,108,6,0.5263157894736842,0.6842105263157895,3.2340602551982127,1.4462784884299844,0.9141797415359078,1.0,0.8960573476702509,1.0,80,2.0,5.0,0.3,3,0.8,0.1,0.5741111111111111,0.5892458694824902,0.056666666666666664,nan
syn2_d80_redundant0.8_noise0.1,controlled_gaussian_mixture_round2,99,0.8,release_1,granular_ball,random_forest,600,80,2,19,15.789473684210526,2.0,1,108,6,0.5263157894736842,0.6842105263157895,3.2340602551982127,1.4462784884299844,0.9141797415359078,1.0,0.8960573476702509,1.0,80,2.0,5.0,0.3,3,0.8,0.1,0.5711333333333333,0.5884182926855346,0.05333333333333334,nan
syn2_d80_redundant0.8_noise0.1,controlled_gaussian_mixture_round2,99,0.8,release_1,matched_kmeans,logistic,600,80,2,19,15.789473684210526,14.0,3,60,0,0.0,0.05263157894736842,7.124213606809233,7.633774569686432,0.916954150081085,0.9166666666666666,0.8666666666666667,0.9705882352941176,80,2.0,5.0,0.3,3,0.8,0.1,0.6964666666666667,0.6896425125732459,0.08333333333333333,nan
syn2_d80_redundant0.8_noise0.1,controlled_gaussian_mixture_round2,99,0.8,release_1,matched_kmeans,random_forest,600,80,2,19,15.789473684210526,14.0,3,60,0,0.0,0.05263157894736842,7.124213606809233,7.633774569686432,0.916954150081085,0.9166666666666666,0.8666666666666667,0.9705882352941176,80,2.0,5.0,0.3,3,0.8,0.1,0.6908333333333333,0.6595678951311588,0.04,nan
syn2_d80_redundant0.8_noise0.1,controlled_gaussian_mixture_round2,99,0.8,release_2,granular_ball,logistic,600,80,2,19,15.789473684210526,2.0,1,108,6,0.5263157894736842,0.6842105263157895,3.2340602551982127,1.4462784884299844,0.9141797415359078,1.0,0.8960573476702509,1.0,80,2.0,5.0,0.3,3,0.8,0.1,0.5915222222222223,0.5961868507516398,0.05,nan
syn2_d80_redundant0.8_noise0.1,controlled_gaussian_mixture_round2,99,0.8,release_2,granular_ball,random_forest,600,80,2,19,15.789473684210526,2.0,1,108,6,0.5263157894736842,0.6842105263157895,3.2340602551982127,1.4462784884299844,0.9141797415359078,1.0,0.8960573476702509,1.0,80,2.0,5.0,0.3,3,0.8,0.1,0.583488888888889,0.5985732227817506,0.04,nan
syn2_d80_redundant0.8_noise0.1,controlled_gaussian_mixture_round2,99,0.8,release_2,matched_kmeans,logistic,600,80,2,19,15.789473684210526,14.0,3,60,0,0.0,0.05263157894736842,7.124213606809233,7.633774569686432,0.916954150081085,0.9166666666666666,0.8666666666666667,0.9705882352941176,80,2.0,5.0,0.3,3,0.8,0.1,0.7321555555555557,0.736116937082426,0.16333333333333333,nan
syn2_d80_redundant0.8_noise0.1,controlled_gaussian_mixture_round2,99,0.8,release_2,matched_kmeans,random_forest,600,80,2,19,15.789473684210526,14.0,3,60,0,0.0,0.05263157894736842,7.124213606809233,7.633774569686432,0.916954150081085,0.9166666666666666,0.8666666666666667,0.9705882352941176,80,2.0,5.0,0.3,3,0.8,0.1,0.6970444444444444,0.6681485251008672,0.06666666666666667,nan
syn2_d80_redundant0.8_noise0.1,controlled_gaussian_mixture_round2,99,0.8,release_3,granular_ball,logistic,600,80,2,19,15.789473684210526,2.0,1,108,6,0.5263157894736842,0.6842105263157895,3.2340602551982127,1.4462784884299844,0.9141797415359078,1.0,0.8960573476702509,1.0,80,2.0,5.0,0.3,3,0.8,0.1,0.5715777777777777,0.5797777679877574,0.04,nan
syn2_d80_redundant0.8_noise0.1,controlled_gaussian_mixture_round2,99,0.8,release_3,granular_ball,random_forest,600,80,2,19,15.789473684210526,2.0,1,108,6,0.5263157894736842,0.6842105263157895,3.2340602551982127,1.4462784884299844,0.9141797415359078,1.0,0.8960573476702509,1.0,80,2.0,5.0,0.3,3,0.8,0.1,0.5887666666666667,0.6049421402489384,0.043333333333333335,nan
syn2_d80_redundant0.8_noise0.1,controlled_gaussian_mixture_round2,99,0.8,release_3,matched_kmeans,logistic,600,80,2,19,15.789473684210526,14.0,3,60,0,0.0,0.05263157894736842,7.124213606809233,7.633774569686432,0.916954150081085,0.9166666666666666,0.8666666666666667,0.9705882352941176,80,2.0,5.0,0.3,3,0.8,0.1,0.7300333333333333,0.7311413149071379,0.15,nan
syn2_d80_redundant0.8_noise0.1,controlled_gaussian_mixture_round2,99,0.8,release_3,matched_kmeans,random_forest,600,80,2,19,15.789473684210526,14.0,3,60,0,0.0,0.05263157894736842,7.124213606809233,7.633774569686432,0.916954150081085,0.9166666666666666,0.8666666666666667,0.9705882352941176,80,2.0,5.0,0.3,3,0.8,0.1,0.6978666666666666,0.6687134635087788,0.06333333333333334,nan
syn2_d80_redundant0.8_noise0.1,controlled_gaussian_mixture_round2,99,0.9,release_1,granular_ball,logistic,600,80,2,42,7.142857142857143,2.0,1,57,18,0.7142857142857143,0.8333333333333334,2.709454526135181,0.9880234592433985,0.8948047129391503,1.0,0.9230123180291153,1.0,80,2.0,5.0,0.3,3,0.8,0.1,0.6606888888888889,0.689247313921102,0.13666666666666666,nan
syn2_d80_redundant0.8_noise0.1,controlled_gaussian_mixture_round2,99,0.9,release_1,granular_ball,random_forest,600,80,2,42,7.142857142857143,2.0,1,57,18,0.7142857142857143,0.8333333333333334,2.709454526135181,0.9880234592433985,0.8948047129391503,1.0,0.9230123180291153,1.0,80,2.0,5.0,0.3,3,0.8,0.1,0.5936444444444444,0.6394929030899326,0.11666666666666667,nan
syn2_d80_redundant0.8_noise0.1,controlled_gaussian_mixture_round2,99,0.9,release_1,matched_kmeans,logistic,600,80,2,42,7.142857142857143,5.0,1,36,4,0.21428571428571427,0.5952380952380952,5.586814732675079,6.325968429734705,0.9302984713699,1.0,0.8571428571428571,1.0,80,2.0,5.0,0.3,3,0.8,0.1,0.7896222222222222,0.8003516158281408,0.21333333333333335,nan
syn2_d80_redundant0.8_noise0.1,controlled_gaussian_mixture_round2,99,0.9,release_1,matched_kmeans,random_forest,600,80,2,42,7.142857142857143,5.0,1,36,4,0.21428571428571427,0.5952380952380952,5.586814732675079,6.325968429734705,0.9302984713699,1.0,0.8571428571428571,1.0,80,2.0,5.0,0.3,3,0.8,0.1,0.7630999999999999,0.7764032729190369,0.16333333333333333,nan
syn2_d80_redundant0.8_noise0.1,controlled_gaussian_mixture_round2,99,0.9,release_2,granular_ball,logistic,600,80,2,42,7.142857142857143,2.0,1,57,18,0.7142857142857143,0.8333333333333334,2.709454526135181,0.9880234592433985,0.8948047129391503,1.0,0.9230123180291153,1.0,80,2.0,5.0,0.3,3,0.8,0.1,0.685,0.702221203168631,0.11666666666666667,nan
syn2_d80_redundant0.8_noise0.1,controlled_gaussian_mixture_round2,99,0.9,release_2,granular_ball,random_forest,600,80,2,42,7.142857142857143,2.0,1,57,18,0.7142857142857143,0.8333333333333334,2.709454526135181,0.9880234592433985,0.8948047129391503,1.0,0.9230123180291153,1.0,80,2.0,5.0,0.3,3,0.8,0.1,0.6665666666666666,0.6970394653239503,0.14333333333333334,nan
syn2_d80_redundant0.8_noise0.1,controlled_gaussian_mixture_round2,99,0.9,release_2,matched_kmeans,logistic,600,80,2,42,7.142857142857143,5.0,1,36,4,0.21428571428571427,0.5952380952380952,5.586814732675079,6.325968429734705,0.9302984713699,1.0,0.8571428571428571,1.0,80,2.0,5.0,0.3,3,0.8,0.1,0.787511111111111,0.7884310861703069,0.20666666666666667,nan
syn2_d80_redundant0.8_noise0.1,controlled_gaussian_mixture_round2,99,0.9,release_2,matched_kmeans,random_forest,600,80,2,42,7.142857142857143,5.0,1,36,4,0.21428571428571427,0.5952380952380952,5.586814732675079,6.325968429734705,0.9302984713699,1.0,0.8571428571428571,1.0,80,2.0,5.0,0.3,3,0.8,0.1,0.7938277777777778,0.7908224292210753,0.18666666666666668,nan
syn2_d80_redundant0.8_noise0.1,controlled_gaussian_mixture_round2,99,0.9,release_3,granular_ball,logistic,600,80,2,42,7.142857142857143,2.0,1,57,18,0.7142857142857143,0.8333333333333334,2.709454526135181,0.9880234592433985,0.8948047129391503,1.0,0.9230123180291153,1.0,80,2.0,5.0,0.3,3,0.8,0.1,0.6809222222222222,0.6968630739962821,0.11333333333333333,nan
syn2_d80_redundant0.8_noise0.1,controlled_gaussian_mixture_round2,99,0.9,release_3,granular_ball,random_forest,600,80,2,42,7.142857142857143,2.0,1,57,18,0.7142857142857143,0.8333333333333334,2.709454526135181,0.9880234592433985,0.8948047129391503,1.0,0.9230123180291153,1.0,80,2.0,5.0,0.3,3,0.8,0.1,0.6709555555555555,0.7088832701178466,0.15333333333333332,nan
syn2_d80_redundant0.8_noise0.1,controlled_gaussian_mixture_round2,99,0.9,release_3,matched_kmeans,logistic,600,80,2,42,7.142857142857143,5.0,1,36,4,0.21428571428571427,0.5952380952380952,5.586814732675079,6.325968429734705,0.9302984713699,1.0,0.8571428571428571,1.0,80,2.0,5.0,0.3,3,0.8,0.1,0.7927000000000001,0.7819517308557626,0.19666666666666666,nan
syn2_d80_redundant0.8_noise0.1,controlled_gaussian_mixture_round2,99,0.9,release_3,matched_kmeans,random_forest,600,80,2,42,7.142857142857143,5.0,1,36,4,0.21428571428571427,0.5952380952380952,5.586814732675079,6.325968429734705,0.9302984713699,1.0,0.8571428571428571,1.0,80,2.0,5.0,0.3,3,0.8,0.1,0.8025222222222222,0.7908611462080748,0.16333333333333333,nan
syn2_d80_redundant0.8_noise0.1,controlled_gaussian_mixture_round2,99,0.95,release_1,granular_ball,logistic,600,80,2,84,3.5714285714285716,2.0,1,35,35,0.7023809523809523,0.8571428571428571,2.4148027062250073,1.179720930890492,0.8973848959873805,1.0,1.0,1.0,80,2.0,5.0,0.3,3,0.8,0.1,0.7561777777777777,0.7942340889118911,0.23,nan
syn2_d80_redundant0.8_noise0.1,controlled_gaussian_mixture_round2,99,0.95,release_1,granular_ball,random_forest,600,80,2,84,3.5714285714285716,2.0,1,35,35,0.7023809523809523,0.8571428571428571,2.4148027062250073,1.179720930890492,0.8973848959873805,1.0,1.0,1.0,80,2.0,5.0,0.3,3,0.8,0.1,0.7277444444444445,0.7919620164143941,0.3333333333333333,nan
syn2_d80_redundant0.8_noise0.1,controlled_gaussian_mixture_round2,99,0.95,release_1,matched_kmeans,logistic,600,80,2,84,3.5714285714285716,2.0,1,34,29,0.6309523809523809,0.8690476190476191,3.3049113722313743,4.175179067063009,0.9468579636155537,1.0,1.0,1.0,80,2.0,5.0,0.3,3,0.8,0.1,0.8762555555555556,0.8871492334451787,0.43333333333333335,nan
syn2_d80_redundant0.8_noise0.1,controlled_gaussian_mixture_round2,99,0.95,release_1,matched_kmeans,random_forest,600,80,2,84,3.5714285714285716,2.0,1,34,29,0.6309523809523809,0.8690476190476191,3.3049113722313743,4.175179067063009,0.9468579636155537,1.0,1.0,1.0,80,2.0,5.0,0.3,3,0.8,0.1,0.8597611111111112,0.8750913619457138,0.44,nan
syn2_d80_redundant0.8_noise0.1,controlled_gaussian_mixture_round2,99,0.95,release_2,granular_ball,logistic,600,80,2,84,3.5714285714285716,2.0,1,35,35,0.7023809523809523,0.8571428571428571,2.4148027062250073,1.179720930890492,0.8973848959873805,1.0,1.0,1.0,80,2.0,5.0,0.3,3,0.8,0.1,0.7976111111111112,0.8115331463680913,0.21333333333333335,nan
syn2_d80_redundant0.8_noise0.1,controlled_gaussian_mixture_round2,99,0.95,release_2,granular_ball,random_forest,600,80,2,84,3.5714285714285716,2.0,1,35,35,0.7023809523809523,0.8571428571428571,2.4148027062250073,1.179720930890492,0.8973848959873805,1.0,1.0,1.0,80,2.0,5.0,0.3,3,0.8,0.1,0.7988555555555555,0.8365867806725937,0.31666666666666665,nan
syn2_d80_redundant0.8_noise0.1,controlled_gaussian_mixture_round2,99,0.95,release_2,matched_kmeans,logistic,600,80,2,84,3.5714285714285716,2.0,1,34,29,0.6309523809523809,0.8690476190476191,3.3049113722313743,4.175179067063009,0.9468579636155537,1.0,1.0,1.0,80,2.0,5.0,0.3,3,0.8,0.1,0.8956555555555554,0.9051654061234132,0.4866666666666667,nan
syn2_d80_redundant0.8_noise0.1,controlled_gaussian_mixture_round2,99,0.95,release_2,matched_kmeans,random_forest,600,80,2,84,3.5714285714285716,2.0,1,34,29,0.6309523809523809,0.8690476190476191,3.3049113722313743,4.175179067063009,0.9468579636155537,1.0,1.0,1.0,80,2.0,5.0,0.3,3,0.8,0.1,0.8815944444444443,0.8926061394420506,0.46,nan
syn2_d80_redundant0.8_noise0.1,controlled_gaussian_mixture_round2,99,0.95,release_3,granular_ball,logistic,600,80,2,84,3.5714285714285716,2.0,1,35,35,0.7023809523809523,0.8571428571428571,2.4148027062250073,1.179720930890492,0.8973848959873805,1.0,1.0,1.0,80,2.0,5.0,0.3,3,0.8,0.1,0.7931888888888889,0.8071309646524141,0.21,nan
syn2_d80_redundant0.8_noise0.1,controlled_gaussian_mixture_round2,99,0.95,release_3,granular_ball,random_forest,600,80,2,84,3.5714285714285716,2.0,1,35,35,0.7023809523809523,0.8571428571428571,2.4148027062250073,1.179720930890492,0.8973848959873805,1.0,1.0,1.0,80,2.0,5.0,0.3,3,0.8,0.1,0.7997222222222222,0.8363286160306697,0.32666666666666666,nan
syn2_d80_redundant0.8_noise0.1,controlled_gaussian_mixture_round2,99,0.95,release_3,matched_kmeans,logistic,600,80,2,84,3.5714285714285716,2.0,1,34,29,0.6309523809523809,0.8690476190476191,3.3049113722313743,4.175179067063009,0.9468579636155537,1.0,1.0,1.0,80,2.0,5.0,0.3,3,0.8,0.1,0.8971,0.9054913732150984,0.45666666666666667,nan
syn2_d80_redundant0.8_noise0.1,controlled_gaussian_mixture_round2,99,0.95,release_3,matched_kmeans,random_forest,600,80,2,84,3.5714285714285716,2.0,1,34,29,0.6309523809523809,0.8690476190476191,3.3049113722313743,4.175179067063009,0.9468579636155537,1.0,1.0,1.0,80,2.0,5.0,0.3,3,0.8,0.1,0.8812,0.8913075253127609,0.46,nan
syn2_d80_redundant0.8_noise0.1,controlled_gaussian_mixture_round2,99,0.99,release_1,granular_ball,logistic,600,80,2,100,3.0,2.0,1,28,38,0.7,0.86,2.755308516260174,1.4297450051213103,0.9,1.0,1.0,1.0,80,2.0,5.0,0.3,3,0.8,0.1,0.822011111111111,0.8525930670033266,0.31333333333333335,nan
syn2_d80_redundant0.8_noise0.1,controlled_gaussian_mixture_round2,99,0.99,release_1,granular_ball,random_forest,600,80,2,100,3.0,2.0,1,28,38,0.7,0.86,2.755308516260174,1.4297450051213103,0.9,1.0,1.0,1.0,80,2.0,5.0,0.3,3,0.8,0.1,0.7755944444444445,0.826186032222157,0.3566666666666667,nan
syn2_d80_redundant0.8_noise0.1,controlled_gaussian_mixture_round2,99,0.99,release_1,matched_kmeans,logistic,600,80,2,100,3.0,2.0,1,34,48,0.73,0.91,2.492381379661048,2.1707254131836877,0.9570035465799223,1.0,1.0,1.0,80,2.0,5.0,0.3,3,0.8,0.1,0.8827888888888888,0.8945312168621736,0.47333333333333333,nan
syn2_d80_redundant0.8_noise0.1,controlled_gaussian_mixture_round2,99,0.99,release_1,matched_kmeans,random_forest,600,80,2,100,3.0,2.0,1,34,48,0.73,0.91,2.492381379661048,2.1707254131836877,0.9570035465799223,1.0,1.0,1.0,80,2.0,5.0,0.3,3,0.8,0.1,0.8705833333333334,0.8888515772326064,0.49666666666666665,nan
syn2_d80_redundant0.8_noise0.1,controlled_gaussian_mixture_round2,99,0.99,release_2,granular_ball,logistic,600,80,2,100,3.0,2.0,1,28,38,0.7,0.86,2.755308516260174,1.4297450051213103,0.9,1.0,1.0,1.0,80,2.0,5.0,0.3,3,0.8,0.1,0.8565444444444446,0.868037152407221,0.2833333333333333,nan
syn2_d80_redundant0.8_noise0.1,controlled_gaussian_mixture_round2,99,0.99,release_2,granular_ball,random_forest,600,80,2,100,3.0,2.0,1,28,38,0.7,0.86,2.755308516260174,1.4297450051213103,0.9,1.0,1.0,1.0,80,2.0,5.0,0.3,3,0.8,0.1,0.8481777777777778,0.8747094676368162,0.43666666666666665,nan
syn2_d80_redundant0.8_noise0.1,controlled_gaussian_mixture_round2,99,0.99,release_2,matched_kmeans,logistic,600,80,2,100,3.0,2.0,1,34,48,0.73,0.91,2.492381379661048,2.1707254131836877,0.9570035465799223,1.0,1.0,1.0,80,2.0,5.0,0.3,3,0.8,0.1,0.9025444444444445,0.9129734062208776,0.53,nan
syn2_d80_redundant0.8_noise0.1,controlled_gaussian_mixture_round2,99,0.99,release_2,matched_kmeans,random_forest,600,80,2,100,3.0,2.0,1,34,48,0.73,0.91,2.492381379661048,2.1707254131836877,0.9570035465799223,1.0,1.0,1.0,80,2.0,5.0,0.3,3,0.8,0.1,0.8857333333333334,0.9007670698777492,0.52,nan
syn2_d80_redundant0.8_noise0.1,controlled_gaussian_mixture_round2,99,0.99,release_3,granular_ball,logistic,600,80,2,100,3.0,2.0,1,28,38,0.7,0.86,2.755308516260174,1.4297450051213103,0.9,1.0,1.0,1.0,80,2.0,5.0,0.3,3,0.8,0.1,0.8534222222222223,0.8629418096187844,0.2833333333333333,nan
syn2_d80_redundant0.8_noise0.1,controlled_gaussian_mixture_round2,99,0.99,release_3,granular_ball,random_forest,600,80,2,100,3.0,2.0,1,28,38,0.7,0.86,2.755308516260174,1.4297450051213103,0.9,1.0,1.0,1.0,80,2.0,5.0,0.3,3,0.8,0.1,0.8499722222222221,0.8765746258456717,0.44333333333333336,nan
syn2_d80_redundant0.8_noise0.1,controlled_gaussian_mixture_round2,99,0.99,release_3,matched_kmeans,logistic,600,80,2,100,3.0,2.0,1,34,48,0.73,0.91,2.492381379661048,2.1707254131836877,0.9570035465799223,1.0,1.0,1.0,80,2.0,5.0,0.3,3,0.8,0.1,0.9038666666666666,0.9130967225832015,0.5233333333333333,nan
syn2_d80_redundant0.8_noise0.1,controlled_gaussian_mixture_round2,99,0.99,release_3,matched_kmeans,random_forest,600,80,2,100,3.0,2.0,1,34,48,0.73,0.91,2.492381379661048,2.1707254131836877,0.9570035465799223,1.0,1.0,1.0,80,2.0,5.0,0.3,3,0.8,0.1,0.8902111111111111,0.9033553267454297,0.5066666666666667,nan
syn2_d80_redundant0.8_noise0.1,controlled_gaussian_mixture_round2,2026,0.7,release_1,granular_ball,logistic,600,80,2,12,25.0,3.0,1,99,3,0.5,0.5833333333333334,4.274690913129557,3.69927641458173,0.8338482761188349,0.9065656565656566,0.7381756756756757,1.0,80,2.0,5.0,0.3,3,0.8,0.1,0.5590333333333333,0.5884144009745591,0.07333333333333333,nan
syn2_d80_redundant0.8_noise0.1,controlled_gaussian_mixture_round2,2026,0.7,release_1,granular_ball,random_forest,600,80,2,12,25.0,3.0,1,99,3,0.5,0.5833333333333334,4.274690913129557,3.69927641458173,0.8338482761188349,0.9065656565656566,0.7381756756756757,1.0,80,2.0,5.0,0.3,3,0.8,0.1,0.48371111111111115,0.4989681254427215,0.02666666666666667,nan
syn2_d80_redundant0.8_noise0.1,controlled_gaussian_mixture_round2,2026,0.7,release_1,matched_kmeans,logistic,600,80,2,12,25.0,18.5,10,69,0,0.0,0.0,7.495420123027221,8.076433122253688,0.8676423688536051,0.9019138755980861,0.8,0.9497126436781609,80,2.0,5.0,0.3,3,0.8,0.1,0.6376444444444445,0.6093828526866439,0.016666666666666666,nan
syn2_d80_redundant0.8_noise0.1,controlled_gaussian_mixture_round2,2026,0.7,release_1,matched_kmeans,random_forest,600,80,2,12,25.0,18.5,10,69,0,0.0,0.0,7.495420123027221,8.076433122253688,0.8676423688536051,0.9019138755980861,0.8,0.9497126436781609,80,2.0,5.0,0.3,3,0.8,0.1,0.6127,0.5964701447162813,0.03333333333333333,nan
syn2_d80_redundant0.8_noise0.1,controlled_gaussian_mixture_round2,2026,0.7,release_2,granular_ball,logistic,600,80,2,12,25.0,3.0,1,99,3,0.5,0.5833333333333334,4.274690913129557,3.69927641458173,0.8338482761188349,0.9065656565656566,0.7381756756756757,1.0,80,2.0,5.0,0.3,3,0.8,0.1,0.5689666666666666,0.5913819962268193,0.06,nan
syn2_d80_redundant0.8_noise0.1,controlled_gaussian_mixture_round2,2026,0.7,release_2,granular_ball,random_forest,600,80,2,12,25.0,3.0,1,99,3,0.5,0.5833333333333334,4.274690913129557,3.69927641458173,0.8338482761188349,0.9065656565656566,0.7381756756756757,1.0,80,2.0,5.0,0.3,3,0.8,0.1,0.4916222222222222,0.513159397193574,0.02666666666666667,nan
syn2_d80_redundant0.8_noise0.1,controlled_gaussian_mixture_round2,2026,0.7,release_2,matched_kmeans,logistic,600,80,2,12,25.0,18.5,10,69,0,0.0,0.0,7.495420123027221,8.076433122253688,0.8676423688536051,0.9019138755980861,0.8,0.9497126436781609,80,2.0,5.0,0.3,3,0.8,0.1,0.6609777777777778,0.6536038957169716,0.04,nan
syn2_d80_redundant0.8_noise0.1,controlled_gaussian_mixture_round2,2026,0.7,release_2,matched_kmeans,random_forest,600,80,2,12,25.0,18.5,10,69,0,0.0,0.0,7.495420123027221,8.076433122253688,0.8676423688536051,0.9019138755980861,0.8,0.9497126436781609,80,2.0,5.0,0.3,3,0.8,0.1,0.6471777777777777,0.635302183943676,0.013333333333333334,nan
syn2_d80_redundant0.8_noise0.1,controlled_gaussian_mixture_round2,2026,0.7,release_3,granular_ball,logistic,600,80,2,12,25.0,3.0,1,99,3,0.5,0.5833333333333334,4.274690913129557,3.69927641458173,0.8338482761188349,0.9065656565656566,0.7381756756756757,1.0,80,2.0,5.0,0.3,3,0.8,0.1,0.5569555555555555,0.5771838558470543,0.05333333333333334,nan
syn2_d80_redundant0.8_noise0.1,controlled_gaussian_mixture_round2,2026,0.7,release_3,granular_ball,random_forest,600,80,2,12,25.0,3.0,1,99,3,0.5,0.5833333333333334,4.274690913129557,3.69927641458173,0.8338482761188349,0.9065656565656566,0.7381756756756757,1.0,80,2.0,5.0,0.3,3,0.8,0.1,0.5012333333333333,0.5126824075873986,0.03666666666666667,nan
syn2_d80_redundant0.8_noise0.1,controlled_gaussian_mixture_round2,2026,0.7,release_3,matched_kmeans,logistic,600,80,2,12,25.0,18.5,10,69,0,0.0,0.0,7.495420123027221,8.076433122253688,0.8676423688536051,0.9019138755980861,0.8,0.9497126436781609,80,2.0,5.0,0.3,3,0.8,0.1,0.6582444444444444,0.6447439448742628,0.03,nan
syn2_d80_redundant0.8_noise0.1,controlled_gaussian_mixture_round2,2026,0.7,release_3,matched_kmeans,random_forest,600,80,2,12,25.0,18.5,10,69,0,0.0,0.0,7.495420123027221,8.076433122253688,0.8676423688536051,0.9019138755980861,0.8,0.9497126436781609,80,2.0,5.0,0.3,3,0.8,0.1,0.6542111111111111,0.6328124146046985,0.03,nan
syn2_d80_redundant0.8_noise0.1,controlled_gaussian_mixture_round2,2026,0.8,release_1,granular_ball,logistic,600,80,2,18,16.666666666666668,2.0,1,99,7,0.6111111111111112,0.6666666666666666,3.298293594260197,3.116742575546156,0.9172100438322166,1.0,0.9085249042145593,1.0,80,2.0,5.0,0.3,3,0.8,0.1,0.5886111111111112,0.6059008445740894,0.06666666666666667,nan
syn2_d80_redundant0.8_noise0.1,controlled_gaussian_mixture_round2,2026,0.8,release_1,granular_ball,random_forest,600,80,2,18,16.666666666666668,2.0,1,99,7,0.6111111111111112,0.6666666666666666,3.298293594260197,3.116742575546156,0.9172100438322166,1.0,0.9085249042145593,1.0,80,2.0,5.0,0.3,3,0.8,0.1,0.5026833333333334,0.5316724474490326,0.056666666666666664,nan
syn2_d80_redundant0.8_noise0.1,controlled_gaussian_mixture_round2,2026,0.8,release_1,matched_kmeans,logistic,600,80,2,18,16.666666666666668,13.0,1,63,1,0.05555555555555555,0.05555555555555555,6.792085467236995,7.740988531273732,0.8875826983283124,0.898989898989899,0.8392857142857143,0.9875,80,2.0,5.0,0.3,3,0.8,0.1,0.6852222222222222,0.6791407965339387,0.08333333333333333,nan
syn2_d80_redundant0.8_noise0.1,controlled_gaussian_mixture_round2,2026,0.8,release_1,matched_kmeans,random_forest,600,80,2,18,16.666666666666668,13.0,1,63,1,0.05555555555555555,0.05555555555555555,6.792085467236995,7.740988531273732,0.8875826983283124,0.898989898989899,0.8392857142857143,0.9875,80,2.0,5.0,0.3,3,0.8,0.1,0.6865166666666667,0.693070642303606,0.07,nan
syn2_d80_redundant0.8_noise0.1,controlled_gaussian_mixture_round2,2026,0.8,release_2,granular_ball,logistic,600,80,2,18,16.666666666666668,2.0,1,99,7,0.6111111111111112,0.6666666666666666,3.298293594260197,3.116742575546156,0.9172100438322166,1.0,0.9085249042145593,1.0,80,2.0,5.0,0.3,3,0.8,0.1,0.6146222222222223,0.6005055988931626,0.04666666666666667,nan
syn2_d80_redundant0.8_noise0.1,controlled_gaussian_mixture_round2,2026,0.8,release_2,granular_ball,random_forest,600,80,2,18,16.666666666666668,2.0,1,99,7,0.6111111111111112,0.6666666666666666,3.298293594260197,3.116742575546156,0.9172100438322166,1.0,0.9085249042145593,1.0,80,2.0,5.0,0.3,3,0.8,0.1,0.5532777777777778,0.5808688092284358,0.06,nan
syn2_d80_redundant0.8_noise0.1,controlled_gaussian_mixture_round2,2026,0.8,release_2,matched_kmeans,logistic,600,80,2,18,16.666666666666668,13.0,1,63,1,0.05555555555555555,0.05555555555555555,6.792085467236995,7.740988531273732,0.8875826983283124,0.898989898989899,0.8392857142857143,0.9875,80,2.0,5.0,0.3,3,0.8,0.1,0.7038333333333333,0.704120698461447,0.13333333333333333,nan
syn2_d80_redundant0.8_noise0.1,controlled_gaussian_mixture_round2,2026,0.8,release_2,matched_kmeans,random_forest,600,80,2,18,16.666666666666668,13.0,1,63,1,0.05555555555555555,0.05555555555555555,6.792085467236995,7.740988531273732,0.8875826983283124,0.898989898989899,0.8392857142857143,0.9875,80,2.0,5.0,0.3,3,0.8,0.1,0.7036,0.686464762074041,0.07333333333333333,nan
syn2_d80_redundant0.8_noise0.1,controlled_gaussian_mixture_round2,2026,0.8,release_3,granular_ball,logistic,600,80,2,18,16.666666666666668,2.0,1,99,7,0.6111111111111112,0.6666666666666666,3.298293594260197,3.116742575546156,0.9172100438322166,1.0,0.9085249042145593,1.0,80,2.0,5.0,0.3,3,0.8,0.1,0.6162,0.6073214614395124,0.03666666666666667,nan
syn2_d80_redundant0.8_noise0.1,controlled_gaussian_mixture_round2,2026,0.8,release_3,granular_ball,random_forest,600,80,2,18,16.666666666666668,2.0,1,99,7,0.6111111111111112,0.6666666666666666,3.298293594260197,3.116742575546156,0.9172100438322166,1.0,0.9085249042145593,1.0,80,2.0,5.0,0.3,3,0.8,0.1,0.5651666666666666,0.5892013079636615,0.06666666666666667,nan
syn2_d80_redundant0.8_noise0.1,controlled_gaussian_mixture_round2,2026,0.8,release_3,matched_kmeans,logistic,600,80,2,18,16.666666666666668,13.0,1,63,1,0.05555555555555555,0.05555555555555555,6.792085467236995,7.740988531273732,0.8875826983283124,0.898989898989899,0.8392857142857143,0.9875,80,2.0,5.0,0.3,3,0.8,0.1,0.7006333333333333,0.700429307871795,0.13333333333333333,nan
syn2_d80_redundant0.8_noise0.1,controlled_gaussian_mixture_round2,2026,0.8,release_3,matched_kmeans,random_forest,600,80,2,18,16.666666666666668,13.0,1,63,1,0.05555555555555555,0.05555555555555555,6.792085467236995,7.740988531273732,0.8875826983283124,0.898989898989899,0.8392857142857143,0.9875,80,2.0,5.0,0.3,3,0.8,0.1,0.7129444444444445,0.6932934618730546,0.07666666666666666,nan
syn2_d80_redundant0.8_noise0.1,controlled_gaussian_mixture_round2,2026,0.9,release_1,granular_ball,logistic,600,80,2,50,6.0,2.0,1,62,18,0.72,0.84,2.9117746070381028,2.2701404284561955,0.9521419927742508,1.0,1.0,1.0,80,2.0,5.0,0.3,3,0.8,0.1,0.6858222222222223,0.7197087031684403,0.18333333333333332,nan
syn2_d80_redundant0.8_noise0.1,controlled_gaussian_mixture_round2,2026,0.9,release_1,granular_ball,random_forest,600,80,2,50,6.0,2.0,1,62,18,0.72,0.84,2.9117746070381028,2.2701404284561955,0.9521419927742508,1.0,1.0,1.0,80,2.0,5.0,0.3,3,0.8,0.1,0.6616388888888889,0.7137854998083875,0.17666666666666667,nan
syn2_d80_redundant0.8_noise0.1,controlled_gaussian_mixture_round2,2026,0.9,release_1,matched_kmeans,logistic,600,80,2,50,6.0,4.0,1,35,12,0.38,0.66,4.441077825702366,5.803589601229115,0.9183731774761186,1.0,0.8571428571428571,1.0,80,2.0,5.0,0.3,3,0.8,0.1,0.8106555555555555,0.8277569678469879,0.31333333333333335,nan
syn2_d80_redundant0.8_noise0.1,controlled_gaussian_mixture_round2,2026,0.9,release_1,matched_kmeans,random_forest,600,80,2,50,6.0,4.0,1,35,12,0.38,0.66,4.441077825702366,5.803589601229115,0.9183731774761186,1.0,0.8571428571428571,1.0,80,2.0,5.0,0.3,3,0.8,0.1,0.8170888888888889,0.8360446700041362,0.2866666666666667,nan
syn2_d80_redundant0.8_noise0.1,controlled_gaussian_mixture_round2,2026,0.9,release_2,granular_ball,logistic,600,80,2,50,6.0,2.0,1,62,18,0.72,0.84,2.9117746070381028,2.2701404284561955,0.9521419927742508,1.0,1.0,1.0,80,2.0,5.0,0.3,3,0.8,0.1,0.7148111111111111,0.7345464008446949,0.16,nan
syn2_d80_redundant0.8_noise0.1,controlled_gaussian_mixture_round2,2026,0.9,release_2,granular_ball,random_forest,600,80,2,50,6.0,2.0,1,62,18,0.72,0.84,2.9117746070381028,2.2701404284561955,0.9521419927742508,1.0,1.0,1.0,80,2.0,5.0,0.3,3,0.8,0.1,0.7093944444444445,0.7460513979147513,0.21333333333333335,nan
syn2_d80_redundant0.8_noise0.1,controlled_gaussian_mixture_round2,2026,0.9,release_2,matched_kmeans,logistic,600,80,2,50,6.0,4.0,1,35,12,0.38,0.66,4.441077825702366,5.803589601229115,0.9183731774761186,1.0,0.8571428571428571,1.0,80,2.0,5.0,0.3,3,0.8,0.1,0.8185555555555555,0.8374694729659392,0.33,nan
syn2_d80_redundant0.8_noise0.1,controlled_gaussian_mixture_round2,2026,0.9,release_2,matched_kmeans,random_forest,600,80,2,50,6.0,4.0,1,35,12,0.38,0.66,4.441077825702366,5.803589601229115,0.9183731774761186,1.0,0.8571428571428571,1.0,80,2.0,5.0,0.3,3,0.8,0.1,0.8244444444444444,0.842632121457823,0.31333333333333335,nan
syn2_d80_redundant0.8_noise0.1,controlled_gaussian_mixture_round2,2026,0.9,release_3,granular_ball,logistic,600,80,2,50,6.0,2.0,1,62,18,0.72,0.84,2.9117746070381028,2.2701404284561955,0.9521419927742508,1.0,1.0,1.0,80,2.0,5.0,0.3,3,0.8,0.1,0.7173444444444443,0.7408225694543945,0.17,nan
syn2_d80_redundant0.8_noise0.1,controlled_gaussian_mixture_round2,2026,0.9,release_3,granular_ball,random_forest,600,80,2,50,6.0,2.0,1,62,18,0.72,0.84,2.9117746070381028,2.2701404284561955,0.9521419927742508,1.0,1.0,1.0,80,2.0,5.0,0.3,3,0.8,0.1,0.7173444444444445,0.7542473671824345,0.22,nan
syn2_d80_redundant0.8_noise0.1,controlled_gaussian_mixture_round2,2026,0.9,release_3,matched_kmeans,logistic,600,80,2,50,6.0,4.0,1,35,12,0.38,0.66,4.441077825702366,5.803589601229115,0.9183731774761186,1.0,0.8571428571428571,1.0,80,2.0,5.0,0.3,3,0.8,0.1,0.8296,0.8429989206990253,0.35,nan
syn2_d80_redundant0.8_noise0.1,controlled_gaussian_mixture_round2,2026,0.9,release_3,matched_kmeans,random_forest,600,80,2,50,6.0,4.0,1,35,12,0.38,0.66,4.441077825702366,5.803589601229115,0.9183731774761186,1.0,0.8571428571428571,1.0,80,2.0,5.0,0.3,3,0.8,0.1,0.8291777777777778,0.8428857691303866,0.31333333333333335,nan
syn2_d80_redundant0.8_noise0.1,controlled_gaussian_mixture_round2,2026,0.95,release_1,granular_ball,logistic,600,80,2,76,3.9473684210526314,2.0,1,62,22,0.6842105263157895,0.8947368421052632,3.2252231741823305,3.5320613530690057,0.9259571559948258,1.0,1.0,1.0,80,2.0,5.0,0.3,3,0.8,0.1,0.7723444444444445,0.8047095021650978,0.3,nan
syn2_d80_redundant0.8_noise0.1,controlled_gaussian_mixture_round2,2026,0.95,release_1,granular_ball,random_forest,600,80,2,76,3.9473684210526314,2.0,1,62,22,0.6842105263157895,0.8947368421052632,3.2252231741823305,3.5320613530690057,0.9259571559948258,1.0,1.0,1.0,80,2.0,5.0,0.3,3,0.8,0.1,0.7766666666666667,0.8155272594150484,0.31333333333333335,nan
syn2_d80_redundant0.8_noise0.1,controlled_gaussian_mixture_round2,2026,0.95,release_1,matched_kmeans,logistic,600,80,2,76,3.9473684210526314,2.0,1,32,23,0.5131578947368421,0.868421052631579,3.6120607940740017,4.57265356327345,0.9377078027730616,1.0,1.0,1.0,80,2.0,5.0,0.3,3,0.8,0.1,0.8686444444444444,0.8778438761031302,0.4033333333333333,nan
syn2_d80_redundant0.8_noise0.1,controlled_gaussian_mixture_round2,2026,0.95,release_1,matched_kmeans,random_forest,600,80,2,76,3.9473684210526314,2.0,1,32,23,0.5131578947368421,0.868421052631579,3.6120607940740017,4.57265356327345,0.9377078027730616,1.0,1.0,1.0,80,2.0,5.0,0.3,3,0.8,0.1,0.8640055555555555,0.8763889697337105,0.4066666666666667,nan
syn2_d80_redundant0.8_noise0.1,controlled_gaussian_mixture_round2,2026,0.95,release_2,granular_ball,logistic,600,80,2,76,3.9473684210526314,2.0,1,62,22,0.6842105263157895,0.8947368421052632,3.2252231741823305,3.5320613530690057,0.9259571559948258,1.0,1.0,1.0,80,2.0,5.0,0.3,3,0.8,0.1,0.8039333333333333,0.8215774759442132,0.31,nan
syn2_d80_redundant0.8_noise0.1,controlled_gaussian_mixture_round2,2026,0.95,release_2,granular_ball,random_forest,600,80,2,76,3.9473684210526314,2.0,1,62,22,0.6842105263157895,0.8947368421052632,3.2252231741823305,3.5320613530690057,0.9259571559948258,1.0,1.0,1.0,80,2.0,5.0,0.3,3,0.8,0.1,0.8029,0.8401752132726239,0.38333333333333336,nan
syn2_d80_redundant0.8_noise0.1,controlled_gaussian_mixture_round2,2026,0.95,release_2,matched_kmeans,logistic,600,80,2,76,3.9473684210526314,2.0,1,32,23,0.5131578947368421,0.868421052631579,3.6120607940740017,4.57265356327345,0.9377078027730616,1.0,1.0,1.0,80,2.0,5.0,0.3,3,0.8,0.1,0.8873777777777778,0.8982997985605166,0.4533333333333333,nan
syn2_d80_redundant0.8_noise0.1,controlled_gaussian_mixture_round2,2026,0.95,release_2,matched_kmeans,random_forest,600,80,2,76,3.9473684210526314,2.0,1,32,23,0.5131578947368421,0.868421052631579,3.6120607940740017,4.57265356327345,0.9377078027730616,1.0,1.0,1.0,80,2.0,5.0,0.3,3,0.8,0.1,0.8809888888888888,0.8912567908899918,0.4533333333333333,nan
syn2_d80_redundant0.8_noise0.1,controlled_gaussian_mixture_round2,2026,0.95,release_3,granular_ball,logistic,600,80,2,76,3.9473684210526314,2.0,1,62,22,0.6842105263157895,0.8947368421052632,3.2252231741823305,3.5320613530690057,0.9259571559948258,1.0,1.0,1.0,80,2.0,5.0,0.3,3,0.8,0.1,0.8013444444444443,0.8220809359707891,0.3233333333333333,nan
syn2_d80_redundant0.8_noise0.1,controlled_gaussian_mixture_round2,2026,0.95,release_3,granular_ball,random_forest,600,80,2,76,3.9473684210526314,2.0,1,62,22,0.6842105263157895,0.8947368421052632,3.2252231741823305,3.5320613530690057,0.9259571559948258,1.0,1.0,1.0,80,2.0,5.0,0.3,3,0.8,0.1,0.7993444444444445,0.8350190957471139,0.36,nan
syn2_d80_redundant0.8_noise0.1,controlled_gaussian_mixture_round2,2026,0.95,release_3,matched_kmeans,logistic,600,80,2,76,3.9473684210526314,2.0,1,32,23,0.5131578947368421,0.868421052631579,3.6120607940740017,4.57265356327345,0.9377078027730616,1.0,1.0,1.0,80,2.0,5.0,0.3,3,0.8,0.1,0.8885555555555555,0.8975930981712605,0.45,nan
syn2_d80_redundant0.8_noise0.1,controlled_gaussian_mixture_round2,2026,0.95,release_3,matched_kmeans,random_forest,600,80,2,76,3.9473684210526314,2.0,1,32,23,0.5131578947368421,0.868421052631579,3.6120607940740017,4.57265356327345,0.9377078027730616,1.0,1.0,1.0,80,2.0,5.0,0.3,3,0.8,0.1,0.8837000000000002,0.8937910418703945,0.45,nan
syn2_d80_redundant0.8_noise0.1,controlled_gaussian_mixture_round2,2026,0.99,release_1,granular_ball,logistic,600,80,2,101,2.9702970297029703,2.0,1,16,29,0.6831683168316832,0.8712871287128713,3.1436407843083,3.4548898458224384,0.9257425742574258,1.0,1.0,1.0,80,2.0,5.0,0.3,3,0.8,0.1,0.8615111111111111,0.8837741637644356,0.41333333333333333,nan
syn2_d80_redundant0.8_noise0.1,controlled_gaussian_mixture_round2,2026,0.99,release_1,granular_ball,random_forest,600,80,2,101,2.9702970297029703,2.0,1,16,29,0.6831683168316832,0.8712871287128713,3.1436407843083,3.4548898458224384,0.9257425742574258,1.0,1.0,1.0,80,2.0,5.0,0.3,3,0.8,0.1,0.8376111111111111,0.8658181919052277,0.36333333333333334,nan
syn2_d80_redundant0.8_noise0.1,controlled_gaussian_mixture_round2,2026,0.99,release_1,matched_kmeans,logistic,600,80,2,101,2.9702970297029703,2.0,1,35,47,0.7128712871287128,0.9108910891089109,2.491623550827917,3.003259831793755,0.9477487034417728,1.0,1.0,1.0,80,2.0,5.0,0.3,3,0.8,0.1,0.8988111111111111,0.908571217006687,0.5133333333333333,nan
syn2_d80_redundant0.8_noise0.1,controlled_gaussian_mixture_round2,2026,0.99,release_1,matched_kmeans,random_forest,600,80,2,101,2.9702970297029703,2.0,1,35,47,0.7128712871287128,0.9108910891089109,2.491623550827917,3.003259831793755,0.9477487034417728,1.0,1.0,1.0,80,2.0,5.0,0.3,3,0.8,0.1,0.8808722222222223,0.8987280754482501,0.56,nan
syn2_d80_redundant0.8_noise0.1,controlled_gaussian_mixture_round2,2026,0.99,release_2,granular_ball,logistic,600,80,2,101,2.9702970297029703,2.0,1,16,29,0.6831683168316832,0.8712871287128713,3.1436407843083,3.4548898458224384,0.9257425742574258,1.0,1.0,1.0,80,2.0,5.0,0.3,3,0.8,0.1,0.8914222222222221,0.9013269749467592,0.4033333333333333,nan
syn2_d80_redundant0.8_noise0.1,controlled_gaussian_mixture_round2,2026,0.99,release_2,granular_ball,random_forest,600,80,2,101,2.9702970297029703,2.0,1,16,29,0.6831683168316832,0.8712871287128713,3.1436407843083,3.4548898458224384,0.9257425742574258,1.0,1.0,1.0,80,2.0,5.0,0.3,3,0.8,0.1,0.8895777777777778,0.9062685493024965,0.4666666666666667,nan
syn2_d80_redundant0.8_noise0.1,controlled_gaussian_mixture_round2,2026,0.99,release_2,matched_kmeans,logistic,600,80,2,101,2.9702970297029703,2.0,1,35,47,0.7128712871287128,0.9108910891089109,2.491623550827917,3.003259831793755,0.9477487034417728,1.0,1.0,1.0,80,2.0,5.0,0.3,3,0.8,0.1,0.9097888888888889,0.921473872588716,0.57,nan
syn2_d80_redundant0.8_noise0.1,controlled_gaussian_mixture_round2,2026,0.99,release_2,matched_kmeans,random_forest,600,80,2,101,2.9702970297029703,2.0,1,35,47,0.7128712871287128,0.9108910891089109,2.491623550827917,3.003259831793755,0.9477487034417728,1.0,1.0,1.0,80,2.0,5.0,0.3,3,0.8,0.1,0.8992333333333334,0.9124212730605871,0.5766666666666667,nan
syn2_d80_redundant0.8_noise0.1,controlled_gaussian_mixture_round2,2026,0.99,release_3,granular_ball,logistic,600,80,2,101,2.9702970297029703,2.0,1,16,29,0.6831683168316832,0.8712871287128713,3.1436407843083,3.4548898458224384,0.9257425742574258,1.0,1.0,1.0,80,2.0,5.0,0.3,3,0.8,0.1,0.8876222222222222,0.8986116550734435,0.4266666666666667,nan
syn2_d80_redundant0.8_noise0.1,controlled_gaussian_mixture_round2,2026,0.99,release_3,granular_ball,random_forest,600,80,2,101,2.9702970297029703,2.0,1,16,29,0.6831683168316832,0.8712871287128713,3.1436407843083,3.4548898458224384,0.9257425742574258,1.0,1.0,1.0,80,2.0,5.0,0.3,3,0.8,0.1,0.8911055555555556,0.9067862104650297,0.48,nan
syn2_d80_redundant0.8_noise0.1,controlled_gaussian_mixture_round2,2026,0.99,release_3,matched_kmeans,logistic,600,80,2,101,2.9702970297029703,2.0,1,35,47,0.7128712871287128,0.9108910891089109,2.491623550827917,3.003259831793755,0.9477487034417728,1.0,1.0,1.0,80,2.0,5.0,0.3,3,0.8,0.1,0.9118888888888889,0.9212673823216444,0.55,nan
syn2_d80_redundant0.8_noise0.1,controlled_gaussian_mixture_round2,2026,0.99,release_3,matched_kmeans,random_forest,600,80,2,101,2.9702970297029703,2.0,1,35,47,0.7128712871287128,0.9108910891089109,2.491623550827917,3.003259831793755,0.9477487034417728,1.0,1.0,1.0,80,2.0,5.0,0.3,3,0.8,0.1,0.9020222222222223,0.9138503593564498,0.5733333333333334,nan
