dataset,source,generator,implementation,perturbation_type,perturbation_strength,seed,decision_rule,n_common_samples,ari,nmi,vi,prediction_agreement,accuracy_original,accuracy_perturbed,balanced_accuracy_original,balanced_accuracy_perturbed,macro_f1_original,macro_f1_perturbed,decision_accuracy_gain_original_vs_nearest,decision_accuracy_gain_perturbed_vs_nearest,native_decision_gain_original,native_decision_gain_perturbed
internet_ads,"official UCI ad.data; all 1,558 documented numeric fields retained; '?' is unknown and handled only by per-scope median imputation",tree_kmeans_binary,repository_cleanroom,label_flip,0.05,1,nearest_center,500,0.0,0.0,0.9828537032393191,0.944,0.86,0.884,0.5,0.6335548172757475,0.46236559139784944,0.6719308565998461,0.0,0.0,,
internet_ads,"official UCI ad.data; all 1,558 documented numeric fields retained; '?' is unknown and handled only by per-scope median imputation",tree_kmeans_binary,repository_cleanroom,label_flip,0.05,1,radius_aware_distance,500,0.0,0.0,0.9828537032393191,0.792,0.86,0.8,0.5,0.6863787375415282,0.46236559139784944,0.6521109905095878,0.0,-0.08399999999999996,,
internet_ads,"official UCI ad.data; all 1,558 documented numeric fields retained; '?' is unknown and handled only by per-scope median imputation",tree_kmeans_binary,repository_cleanroom,label_flip,0.05,1,three_center_inverse_distance_vote,500,0.0,0.0,0.9828537032393191,0.978,0.86,0.87,0.5,0.5536544850498338,0.46236559139784944,0.563400905439353,0.0,-0.014000000000000012,,
internet_ads,"official UCI ad.data; all 1,558 documented numeric fields retained; '?' is unknown and handled only by per-scope median imputation",tree_kmeans_binary,repository_cleanroom,label_flip,0.05,1,native_radius_aware,500,0.0,0.0,0.9828537032393191,0.792,0.86,0.8,0.5,0.6863787375415282,0.46236559139784944,0.6521109905095878,0.0,-0.08399999999999996,0.0,-0.08399999999999996
internet_ads,"official UCI ad.data; all 1,558 documented numeric fields retained; '?' is unknown and handled only by per-scope median imputation",tree_class_means_binary,repository_cleanroom,label_flip,0.05,1,nearest_center,500,0.0,0.0,0.2638649208026663,0.944,0.86,0.916,0.5,0.7,0.46236559139784944,0.7624326892619575,0.0,0.0,,
internet_ads,"official UCI ad.data; all 1,558 documented numeric fields retained; '?' is unknown and handled only by per-scope median imputation",tree_class_means_binary,repository_cleanroom,label_flip,0.05,1,radius_aware_distance,500,0.0,0.0,0.2638649208026663,0.0,0.86,0.14,0.5,0.5,0.46236559139784944,0.12280701754385964,0.0,-0.776,,
internet_ads,"official UCI ad.data; all 1,558 documented numeric fields retained; '?' is unknown and handled only by per-scope median imputation",tree_class_means_binary,repository_cleanroom,label_flip,0.05,1,three_center_inverse_distance_vote,500,0.0,0.0,0.2638649208026663,0.944,0.86,0.916,0.5,0.7,0.46236559139784944,0.7624326892619575,0.0,0.0,,
internet_ads,"official UCI ad.data; all 1,558 documented numeric fields retained; '?' is unknown and handled only by per-scope median imputation",tree_class_means_binary,repository_cleanroom,label_flip,0.05,1,native_radius_aware,500,0.0,0.0,0.2638649208026663,0.0,0.86,0.14,0.5,0.5,0.46236559139784944,0.12280701754385964,0.0,-0.776,0.0,-0.776
internet_ads,"official UCI ad.data; all 1,558 documented numeric fields retained; '?' is unknown and handled only by per-scope median imputation",gbc_multiclass_cleanroom,repository_cleanroom,label_flip,0.05,1,nearest_center,500,0.0,0.0,0.7864152917069218,0.964,0.86,0.892,0.5,0.620265780730897,0.46236559139784944,0.6635765550239234,0.0,0.0,,
internet_ads,"official UCI ad.data; all 1,558 documented numeric fields retained; '?' is unknown and handled only by per-scope median imputation",gbc_multiclass_cleanroom,repository_cleanroom,label_flip,0.05,1,radius_aware_distance,500,0.0,0.0,0.7864152917069218,0.858,0.86,0.846,0.5,0.6832225913621263,0.46236559139784944,0.6821307969847836,0.0,-0.04600000000000004,,
internet_ads,"official UCI ad.data; all 1,558 documented numeric fields retained; '?' is unknown and handled only by per-scope median imputation",gbc_multiclass_cleanroom,repository_cleanroom,label_flip,0.05,1,three_center_inverse_distance_vote,500,0.0,0.0,0.7864152917069218,0.954,0.86,0.906,0.5,0.6642857142857143,0.46236559139784944,0.7214022358952472,0.0,0.014000000000000012,,
internet_ads,"official UCI ad.data; all 1,558 documented numeric fields retained; '?' is unknown and handled only by per-scope median imputation",gbc_multiclass_cleanroom,repository_cleanroom,label_flip,0.05,1,native_radius_aware,500,0.0,0.0,0.7864152917069218,0.858,0.86,0.846,0.5,0.6832225913621263,0.46236559139784944,0.6821307969847836,0.0,-0.04600000000000004,0.0,-0.04600000000000004
internet_ads,"official UCI ad.data; all 1,558 documented numeric fields retained; '?' is unknown and handled only by per-scope median imputation",gbc_confidence_bound_control,repository_internal_control,label_flip,0.05,1,nearest_center,500,0.00881017718661981,0.27606187273521926,4.258287091100849,0.866,0.896,0.898,0.6285714285714286,0.8151162790697675,0.67603668261563,0.7988943130466328,0.0,0.0,,
internet_ads,"official UCI ad.data; all 1,558 documented numeric fields retained; '?' is unknown and handled only by per-scope median imputation",gbc_confidence_bound_control,repository_internal_control,label_flip,0.05,1,radius_aware_distance,500,0.00881017718661981,0.27606187273521926,4.258287091100849,0.952,0.862,0.898,0.5609634551495016,0.6536544850498338,0.5744890785530161,0.7034021517883106,-0.03400000000000003,0.0,,
internet_ads,"official UCI ad.data; all 1,558 documented numeric fields retained; '?' is unknown and handled only by per-scope median imputation",gbc_confidence_bound_control,repository_internal_control,label_flip,0.05,1,three_center_inverse_distance_vote,500,0.00881017718661981,0.27606187273521926,4.258287091100849,0.892,0.884,0.892,0.5857142857142857,0.751827242524917,0.614751049471279,0.7643485546711353,-0.01200000000000001,-0.006000000000000005,,
internet_ads,"official UCI ad.data; all 1,558 documented numeric fields retained; '?' is unknown and handled only by per-scope median imputation",gbc_confidence_bound_control,repository_internal_control,label_flip,0.05,1,native_radius_aware,500,0.00881017718661981,0.27606187273521926,4.258287091100849,0.952,0.862,0.898,0.5609634551495016,0.6536544850498338,0.5744890785530161,0.7034021517883106,-0.03400000000000003,0.0,-0.03400000000000003,0.0
internet_ads,"official UCI ad.data; all 1,558 documented numeric fields retained; '?' is unknown and handled only by per-scope median imputation",tree_kmeans_binary,repository_cleanroom,label_flip,0.05,7,nearest_center,500,0.0,0.0,0.9759333603657853,0.958,0.86,0.898,0.5,0.6416943521594685,0.46236559139784944,0.6917274144996917,0.0,0.0,,
internet_ads,"official UCI ad.data; all 1,558 documented numeric fields retained; '?' is unknown and handled only by per-scope median imputation",tree_kmeans_binary,repository_cleanroom,label_flip,0.05,7,radius_aware_distance,500,0.0,0.0,0.9759333603657853,0.798,0.86,0.806,0.5,0.6898671096345514,0.46236559139784944,0.6578700470516863,0.0,-0.09199999999999997,,
internet_ads,"official UCI ad.data; all 1,558 documented numeric fields retained; '?' is unknown and handled only by per-scope median imputation",tree_kmeans_binary,repository_cleanroom,label_flip,0.05,7,three_center_inverse_distance_vote,500,0.0,0.0,0.9759333603657853,0.986,0.86,0.874,0.5,0.55,0.46236559139784944,0.556781246922092,0.0,-0.02400000000000002,,
internet_ads,"official UCI ad.data; all 1,558 documented numeric fields retained; '?' is unknown and handled only by per-scope median imputation",tree_kmeans_binary,repository_cleanroom,label_flip,0.05,7,native_radius_aware,500,0.0,0.0,0.9759333603657853,0.798,0.86,0.806,0.5,0.6898671096345514,0.46236559139784944,0.6578700470516863,0.0,-0.09199999999999997,0.0,-0.09199999999999997
internet_ads,"official UCI ad.data; all 1,558 documented numeric fields retained; '?' is unknown and handled only by per-scope median imputation",tree_class_means_binary,repository_cleanroom,label_flip,0.05,7,nearest_center,500,0.0,0.0,0.2638649208026663,0.944,0.86,0.916,0.5,0.7,0.46236559139784944,0.7624326892619575,0.0,0.0,,
internet_ads,"official UCI ad.data; all 1,558 documented numeric fields retained; '?' is unknown and handled only by per-scope median imputation",tree_class_means_binary,repository_cleanroom,label_flip,0.05,7,radius_aware_distance,500,0.0,0.0,0.2638649208026663,0.0,0.86,0.14,0.5,0.5,0.46236559139784944,0.12280701754385964,0.0,-0.776,,
internet_ads,"official UCI ad.data; all 1,558 documented numeric fields retained; '?' is unknown and handled only by per-scope median imputation",tree_class_means_binary,repository_cleanroom,label_flip,0.05,7,three_center_inverse_distance_vote,500,0.0,0.0,0.2638649208026663,0.944,0.86,0.916,0.5,0.7,0.46236559139784944,0.7624326892619575,0.0,0.0,,
internet_ads,"official UCI ad.data; all 1,558 documented numeric fields retained; '?' is unknown and handled only by per-scope median imputation",tree_class_means_binary,repository_cleanroom,label_flip,0.05,7,native_radius_aware,500,0.0,0.0,0.2638649208026663,0.0,0.86,0.14,0.5,0.5,0.46236559139784944,0.12280701754385964,0.0,-0.776,0.0,-0.776
internet_ads,"official UCI ad.data; all 1,558 documented numeric fields retained; '?' is unknown and handled only by per-scope median imputation",gbc_multiclass_cleanroom,repository_cleanroom,label_flip,0.05,7,nearest_center,500,0.0,0.0,1.7271107603664704,0.95,0.86,0.906,0.5,0.6702657807308969,0.46236559139784944,0.7266647281186391,0.0,0.0,,
internet_ads,"official UCI ad.data; all 1,558 documented numeric fields retained; '?' is unknown and handled only by per-scope median imputation",gbc_multiclass_cleanroom,repository_cleanroom,label_flip,0.05,7,radius_aware_distance,500,0.0,0.0,1.7271107603664704,0.69,0.86,0.742,0.5,0.7184385382059801,0.46236559139784944,0.6301075268817204,0.0,-0.16400000000000003,,
internet_ads,"official UCI ad.data; all 1,558 documented numeric fields retained; '?' is unknown and handled only by per-scope median imputation",gbc_multiclass_cleanroom,repository_cleanroom,label_flip,0.05,7,three_center_inverse_distance_vote,500,0.0,0.0,1.7271107603664704,0.988,0.86,0.868,0.5,0.5345514950166113,0.46236559139784944,0.5300751879699248,0.0,-0.038000000000000034,,
internet_ads,"official UCI ad.data; all 1,558 documented numeric fields retained; '?' is unknown and handled only by per-scope median imputation",gbc_multiclass_cleanroom,repository_cleanroom,label_flip,0.05,7,native_radius_aware,500,0.0,0.0,1.7271107603664704,0.69,0.86,0.742,0.5,0.7184385382059801,0.46236559139784944,0.6301075268817204,0.0,-0.16400000000000003,0.0,-0.16400000000000003
internet_ads,"official UCI ad.data; all 1,558 documented numeric fields retained; '?' is unknown and handled only by per-scope median imputation",gbc_confidence_bound_control,repository_internal_control,label_flip,0.05,7,nearest_center,500,0.003622392555187578,0.26753092747332036,4.445854184355181,0.852,0.896,0.876,0.6285714285714286,0.7843853820598007,0.67603668261563,0.7620582726965706,0.0,0.0,,
internet_ads,"official UCI ad.data; all 1,558 documented numeric fields retained; '?' is unknown and handled only by per-scope median imputation",gbc_confidence_bound_control,repository_internal_control,label_flip,0.05,7,radius_aware_distance,500,0.003622392555187578,0.26753092747332036,4.445854184355181,0.964,0.862,0.89,0.5609634551495016,0.6071428571428571,0.5744890785530161,0.646415943426551,-0.03400000000000003,0.014000000000000012,,
internet_ads,"official UCI ad.data; all 1,558 documented numeric fields retained; '?' is unknown and handled only by per-scope median imputation",gbc_confidence_bound_control,repository_internal_control,label_flip,0.05,7,three_center_inverse_distance_vote,500,0.003622392555187578,0.26753092747332036,4.445854184355181,0.892,0.884,0.88,0.5857142857142857,0.732890365448505,0.614751049471279,0.7414773706525111,-0.01200000000000001,0.0040000000000000036,,
internet_ads,"official UCI ad.data; all 1,558 documented numeric fields retained; '?' is unknown and handled only by per-scope median imputation",gbc_confidence_bound_control,repository_internal_control,label_flip,0.05,7,native_radius_aware,500,0.003622392555187578,0.26753092747332036,4.445854184355181,0.964,0.862,0.89,0.5609634551495016,0.6071428571428571,0.5744890785530161,0.646415943426551,-0.03400000000000003,0.014000000000000012,-0.03400000000000003,0.014000000000000012
internet_ads,"official UCI ad.data; all 1,558 documented numeric fields retained; '?' is unknown and handled only by per-scope median imputation",tree_kmeans_binary,repository_cleanroom,label_flip,0.05,21,nearest_center,500,0.0,0.0,0.965712827827449,0.956,0.86,0.896,0.5,0.640531561461794,0.46236559139784944,0.6887569431143459,0.0,0.0,,
internet_ads,"official UCI ad.data; all 1,558 documented numeric fields retained; '?' is unknown and handled only by per-scope median imputation",tree_kmeans_binary,repository_cleanroom,label_flip,0.05,21,radius_aware_distance,500,0.0,0.0,0.965712827827449,0.798,0.86,0.806,0.5,0.6898671096345514,0.46236559139784944,0.6578700470516863,0.0,-0.08999999999999997,,
internet_ads,"official UCI ad.data; all 1,558 documented numeric fields retained; '?' is unknown and handled only by per-scope median imputation",tree_kmeans_binary,repository_cleanroom,label_flip,0.05,21,three_center_inverse_distance_vote,500,0.0,0.0,0.965712827827449,0.986,0.86,0.874,0.5,0.55,0.46236559139784944,0.556781246922092,0.0,-0.02200000000000002,,
internet_ads,"official UCI ad.data; all 1,558 documented numeric fields retained; '?' is unknown and handled only by per-scope median imputation",tree_kmeans_binary,repository_cleanroom,label_flip,0.05,21,native_radius_aware,500,0.0,0.0,0.965712827827449,0.798,0.86,0.806,0.5,0.6898671096345514,0.46236559139784944,0.6578700470516863,0.0,-0.08999999999999997,0.0,-0.08999999999999997
internet_ads,"official UCI ad.data; all 1,558 documented numeric fields retained; '?' is unknown and handled only by per-scope median imputation",tree_class_means_binary,repository_cleanroom,label_flip,0.05,21,nearest_center,500,0.0,0.0,0.2638649208026663,0.944,0.86,0.916,0.5,0.7,0.46236559139784944,0.7624326892619575,0.0,0.0,,
internet_ads,"official UCI ad.data; all 1,558 documented numeric fields retained; '?' is unknown and handled only by per-scope median imputation",tree_class_means_binary,repository_cleanroom,label_flip,0.05,21,radius_aware_distance,500,0.0,0.0,0.2638649208026663,0.0,0.86,0.14,0.5,0.5,0.46236559139784944,0.12280701754385964,0.0,-0.776,,
internet_ads,"official UCI ad.data; all 1,558 documented numeric fields retained; '?' is unknown and handled only by per-scope median imputation",tree_class_means_binary,repository_cleanroom,label_flip,0.05,21,three_center_inverse_distance_vote,500,0.0,0.0,0.2638649208026663,0.944,0.86,0.916,0.5,0.7,0.46236559139784944,0.7624326892619575,0.0,0.0,,
internet_ads,"official UCI ad.data; all 1,558 documented numeric fields retained; '?' is unknown and handled only by per-scope median imputation",tree_class_means_binary,repository_cleanroom,label_flip,0.05,21,native_radius_aware,500,0.0,0.0,0.2638649208026663,0.0,0.86,0.14,0.5,0.5,0.46236559139784944,0.12280701754385964,0.0,-0.776,0.0,-0.776
internet_ads,"official UCI ad.data; all 1,558 documented numeric fields retained; '?' is unknown and handled only by per-scope median imputation",gbc_multiclass_cleanroom,repository_cleanroom,label_flip,0.05,21,nearest_center,500,0.0,0.0,1.3367857549275646,0.946,0.86,0.902,0.5,0.6679401993355482,0.46236559139784944,0.7202908974666347,0.0,0.0,,
internet_ads,"official UCI ad.data; all 1,558 documented numeric fields retained; '?' is unknown and handled only by per-scope median imputation",gbc_multiclass_cleanroom,repository_cleanroom,label_flip,0.05,21,radius_aware_distance,500,0.0,0.0,1.3367857549275646,0.75,0.86,0.778,0.5,0.7034883720930232,0.46236559139784944,0.6464405160057334,0.0,-0.124,,
internet_ads,"official UCI ad.data; all 1,558 documented numeric fields retained; '?' is unknown and handled only by per-scope median imputation",gbc_multiclass_cleanroom,repository_cleanroom,label_flip,0.05,21,three_center_inverse_distance_vote,500,0.0,0.0,1.3367857549275646,0.982,0.86,0.874,0.5,0.5559800664451827,0.46236559139784944,0.567063868387416,0.0,-0.028000000000000025,,
internet_ads,"official UCI ad.data; all 1,558 documented numeric fields retained; '?' is unknown and handled only by per-scope median imputation",gbc_multiclass_cleanroom,repository_cleanroom,label_flip,0.05,21,native_radius_aware,500,0.0,0.0,1.3367857549275646,0.75,0.86,0.778,0.5,0.7034883720930232,0.46236559139784944,0.6464405160057334,0.0,-0.124,0.0,-0.124
internet_ads,"official UCI ad.data; all 1,558 documented numeric fields retained; '?' is unknown and handled only by per-scope median imputation",gbc_confidence_bound_control,repository_internal_control,label_flip,0.05,21,nearest_center,500,0.00871873559640289,0.2762969236608904,4.2532830668654675,0.866,0.896,0.89,0.6285714285714286,0.7865448504983389,0.67603668261563,0.7781810848961483,0.0,0.0,,
internet_ads,"official UCI ad.data; all 1,558 documented numeric fields retained; '?' is unknown and handled only by per-scope median imputation",gbc_confidence_bound_control,repository_internal_control,label_flip,0.05,21,radius_aware_distance,500,0.00871873559640289,0.2762969236608904,4.2532830668654675,0.962,0.862,0.888,0.5609634551495016,0.6059800664451827,0.5744890785530161,0.6437840313470052,-0.03400000000000003,-0.0020000000000000018,,
internet_ads,"official UCI ad.data; all 1,558 documented numeric fields retained; '?' is unknown and handled only by per-scope median imputation",gbc_confidence_bound_control,repository_internal_control,label_flip,0.05,21,three_center_inverse_distance_vote,500,0.00871873559640289,0.2762969236608904,4.2532830668654675,0.896,0.884,0.896,0.5857142857142857,0.7541528239202657,0.614751049471279,0.7701149425287357,-0.01200000000000001,0.006000000000000005,,
internet_ads,"official UCI ad.data; all 1,558 documented numeric fields retained; '?' is unknown and handled only by per-scope median imputation",gbc_confidence_bound_control,repository_internal_control,label_flip,0.05,21,native_radius_aware,500,0.00871873559640289,0.2762969236608904,4.2532830668654675,0.962,0.862,0.888,0.5609634551495016,0.6059800664451827,0.5744890785530161,0.6437840313470052,-0.03400000000000003,-0.0020000000000000018,-0.03400000000000003,-0.0020000000000000018
internet_ads,"official UCI ad.data; all 1,558 documented numeric fields retained; '?' is unknown and handled only by per-scope median imputation",tree_kmeans_binary,repository_cleanroom,label_flip,0.05,42,nearest_center,500,0.0,0.0,0.22510384996255448,0.976,0.86,0.88,0.5,0.5774086378737542,0.46236559139784944,0.6014666029013231,0.0,0.0,,
internet_ads,"official UCI ad.data; all 1,558 documented numeric fields retained; '?' is unknown and handled only by per-scope median imputation",tree_kmeans_binary,repository_cleanroom,label_flip,0.05,42,radius_aware_distance,500,0.0,0.0,0.22510384996255448,0.922,0.86,0.858,0.5,0.6124584717607974,0.46236559139784944,0.634469053429298,0.0,-0.02200000000000002,,
internet_ads,"official UCI ad.data; all 1,558 documented numeric fields retained; '?' is unknown and handled only by per-scope median imputation",tree_kmeans_binary,repository_cleanroom,label_flip,0.05,42,three_center_inverse_distance_vote,500,0.0,0.0,0.22510384996255448,0.998,0.86,0.858,0.5,0.49883720930232556,0.46236559139784944,0.46178686759956944,0.0,-0.02200000000000002,,
internet_ads,"official UCI ad.data; all 1,558 documented numeric fields retained; '?' is unknown and handled only by per-scope median imputation",tree_kmeans_binary,repository_cleanroom,label_flip,0.05,42,native_radius_aware,500,0.0,0.0,0.22510384996255448,0.922,0.86,0.858,0.5,0.6124584717607974,0.46236559139784944,0.634469053429298,0.0,-0.02200000000000002,0.0,-0.02200000000000002
internet_ads,"official UCI ad.data; all 1,558 documented numeric fields retained; '?' is unknown and handled only by per-scope median imputation",tree_class_means_binary,repository_cleanroom,label_flip,0.05,42,nearest_center,500,0.0,0.0,0.2638649208026663,0.944,0.86,0.916,0.5,0.7,0.46236559139784944,0.7624326892619575,0.0,0.0,,
internet_ads,"official UCI ad.data; all 1,558 documented numeric fields retained; '?' is unknown and handled only by per-scope median imputation",tree_class_means_binary,repository_cleanroom,label_flip,0.05,42,radius_aware_distance,500,0.0,0.0,0.2638649208026663,0.0,0.86,0.14,0.5,0.5,0.46236559139784944,0.12280701754385964,0.0,-0.776,,
internet_ads,"official UCI ad.data; all 1,558 documented numeric fields retained; '?' is unknown and handled only by per-scope median imputation",tree_class_means_binary,repository_cleanroom,label_flip,0.05,42,three_center_inverse_distance_vote,500,0.0,0.0,0.2638649208026663,0.944,0.86,0.916,0.5,0.7,0.46236559139784944,0.7624326892619575,0.0,0.0,,
internet_ads,"official UCI ad.data; all 1,558 documented numeric fields retained; '?' is unknown and handled only by per-scope median imputation",tree_class_means_binary,repository_cleanroom,label_flip,0.05,42,native_radius_aware,500,0.0,0.0,0.2638649208026663,0.0,0.86,0.14,0.5,0.5,0.46236559139784944,0.12280701754385964,0.0,-0.776,0.0,-0.776
internet_ads,"official UCI ad.data; all 1,558 documented numeric fields retained; '?' is unknown and handled only by per-scope median imputation",gbc_multiclass_cleanroom,repository_cleanroom,label_flip,0.05,42,nearest_center,500,0.0,0.0,0.776407243236158,0.962,0.86,0.886,0.5,0.610797342192691,0.46236559139784944,0.6484909779351004,0.0,0.0,,
internet_ads,"official UCI ad.data; all 1,558 documented numeric fields retained; '?' is unknown and handled only by per-scope median imputation",gbc_multiclass_cleanroom,repository_cleanroom,label_flip,0.05,42,radius_aware_distance,500,0.0,0.0,0.776407243236158,0.856,0.86,0.844,0.5,0.6820598006644518,0.46236559139784944,0.6798975672215108,0.0,-0.04200000000000004,,
internet_ads,"official UCI ad.data; all 1,558 documented numeric fields retained; '?' is unknown and handled only by per-scope median imputation",gbc_multiclass_cleanroom,repository_cleanroom,label_flip,0.05,42,three_center_inverse_distance_vote,500,0.0,0.0,0.776407243236158,0.986,0.86,0.866,0.5,0.5333887043189369,0.46236559139784944,0.5286403737107962,0.0,-0.020000000000000018,,
internet_ads,"official UCI ad.data; all 1,558 documented numeric fields retained; '?' is unknown and handled only by per-scope median imputation",gbc_multiclass_cleanroom,repository_cleanroom,label_flip,0.05,42,native_radius_aware,500,0.0,0.0,0.776407243236158,0.856,0.86,0.844,0.5,0.6820598006644518,0.46236559139784944,0.6798975672215108,0.0,-0.04200000000000004,0.0,-0.04200000000000004
internet_ads,"official UCI ad.data; all 1,558 documented numeric fields retained; '?' is unknown and handled only by per-scope median imputation",gbc_confidence_bound_control,repository_internal_control,label_flip,0.05,42,nearest_center,500,0.013488378518841127,0.2861494917333898,4.050925087730274,0.884,0.896,0.896,0.6285714285714286,0.7720930232558139,0.67603668261563,0.7787309368191722,0.0,0.0,,
internet_ads,"official UCI ad.data; all 1,558 documented numeric fields retained; '?' is unknown and handled only by per-scope median imputation",gbc_confidence_bound_control,repository_internal_control,label_flip,0.05,42,radius_aware_distance,500,0.013488378518841127,0.2861494917333898,4.050925087730274,0.964,0.862,0.886,0.5609634551495016,0.5988372093023255,0.5744890785530161,0.6335583413693346,-0.03400000000000003,-0.010000000000000009,,
internet_ads,"official UCI ad.data; all 1,558 documented numeric fields retained; '?' is unknown and handled only by per-scope median imputation",gbc_confidence_bound_control,repository_internal_control,label_flip,0.05,42,three_center_inverse_distance_vote,500,0.013488378518841127,0.2861494917333898,4.050925087730274,0.934,0.884,0.89,0.5857142857142857,0.6789036544850499,0.614751049471279,0.7168422244874844,-0.01200000000000001,-0.006000000000000005,,
internet_ads,"official UCI ad.data; all 1,558 documented numeric fields retained; '?' is unknown and handled only by per-scope median imputation",gbc_confidence_bound_control,repository_internal_control,label_flip,0.05,42,native_radius_aware,500,0.013488378518841127,0.2861494917333898,4.050925087730274,0.964,0.862,0.886,0.5609634551495016,0.5988372093023255,0.5744890785530161,0.6335583413693346,-0.03400000000000003,-0.010000000000000009,-0.03400000000000003,-0.010000000000000009
internet_ads,"official UCI ad.data; all 1,558 documented numeric fields retained; '?' is unknown and handled only by per-scope median imputation",tree_kmeans_binary,repository_cleanroom,label_flip,0.05,2026,nearest_center,500,0.0,0.0,0.22510384996255448,0.978,0.86,0.882,0.5,0.5785714285714285,0.46236559139784944,0.6037023603218743,0.0,0.0,,
internet_ads,"official UCI ad.data; all 1,558 documented numeric fields retained; '?' is unknown and handled only by per-scope median imputation",tree_kmeans_binary,repository_cleanroom,label_flip,0.05,2026,radius_aware_distance,500,0.0,0.0,0.22510384996255448,0.924,0.86,0.86,0.5,0.6136212624584717,0.46236559139784944,0.636688257764491,0.0,-0.02200000000000002,,
internet_ads,"official UCI ad.data; all 1,558 documented numeric fields retained; '?' is unknown and handled only by per-scope median imputation",tree_kmeans_binary,repository_cleanroom,label_flip,0.05,2026,three_center_inverse_distance_vote,500,0.0,0.0,0.22510384996255448,1.0,0.86,0.86,0.5,0.5,0.46236559139784944,0.46236559139784944,0.0,-0.02200000000000002,,
internet_ads,"official UCI ad.data; all 1,558 documented numeric fields retained; '?' is unknown and handled only by per-scope median imputation",tree_kmeans_binary,repository_cleanroom,label_flip,0.05,2026,native_radius_aware,500,0.0,0.0,0.22510384996255448,0.924,0.86,0.86,0.5,0.6136212624584717,0.46236559139784944,0.636688257764491,0.0,-0.02200000000000002,0.0,-0.02200000000000002
internet_ads,"official UCI ad.data; all 1,558 documented numeric fields retained; '?' is unknown and handled only by per-scope median imputation",tree_class_means_binary,repository_cleanroom,label_flip,0.05,2026,nearest_center,500,0.0,0.0,0.2638649208026663,0.944,0.86,0.916,0.5,0.7,0.46236559139784944,0.7624326892619575,0.0,0.0,,
internet_ads,"official UCI ad.data; all 1,558 documented numeric fields retained; '?' is unknown and handled only by per-scope median imputation",tree_class_means_binary,repository_cleanroom,label_flip,0.05,2026,radius_aware_distance,500,0.0,0.0,0.2638649208026663,0.0,0.86,0.14,0.5,0.5,0.46236559139784944,0.12280701754385964,0.0,-0.776,,
internet_ads,"official UCI ad.data; all 1,558 documented numeric fields retained; '?' is unknown and handled only by per-scope median imputation",tree_class_means_binary,repository_cleanroom,label_flip,0.05,2026,three_center_inverse_distance_vote,500,0.0,0.0,0.2638649208026663,0.944,0.86,0.916,0.5,0.7,0.46236559139784944,0.7624326892619575,0.0,0.0,,
internet_ads,"official UCI ad.data; all 1,558 documented numeric fields retained; '?' is unknown and handled only by per-scope median imputation",tree_class_means_binary,repository_cleanroom,label_flip,0.05,2026,native_radius_aware,500,0.0,0.0,0.2638649208026663,0.0,0.86,0.14,0.5,0.5,0.46236559139784944,0.12280701754385964,0.0,-0.776,0.0,-0.776
internet_ads,"official UCI ad.data; all 1,558 documented numeric fields retained; '?' is unknown and handled only by per-scope median imputation",gbc_multiclass_cleanroom,repository_cleanroom,label_flip,0.05,2026,nearest_center,500,0.0,0.0,0.766363384634728,0.968,0.86,0.892,0.5,0.6142857142857143,0.46236559139784944,0.6565060302274693,0.0,0.0,,
internet_ads,"official UCI ad.data; all 1,558 documented numeric fields retained; '?' is unknown and handled only by per-scope median imputation",gbc_multiclass_cleanroom,repository_cleanroom,label_flip,0.05,2026,radius_aware_distance,500,0.0,0.0,0.766363384634728,0.858,0.86,0.846,0.5,0.6832225913621263,0.46236559139784944,0.6821307969847836,0.0,-0.04600000000000004,,
internet_ads,"official UCI ad.data; all 1,558 documented numeric fields retained; '?' is unknown and handled only by per-scope median imputation",gbc_multiclass_cleanroom,repository_cleanroom,label_flip,0.05,2026,three_center_inverse_distance_vote,500,0.0,0.0,0.766363384634728,0.99,0.86,0.87,0.5,0.5357142857142857,0.46236559139784944,0.5315315315315315,0.0,-0.02200000000000002,,
internet_ads,"official UCI ad.data; all 1,558 documented numeric fields retained; '?' is unknown and handled only by per-scope median imputation",gbc_multiclass_cleanroom,repository_cleanroom,label_flip,0.05,2026,native_radius_aware,500,0.0,0.0,0.766363384634728,0.858,0.86,0.846,0.5,0.6832225913621263,0.46236559139784944,0.6821307969847836,0.0,-0.04600000000000004,0.0,-0.04600000000000004
internet_ads,"official UCI ad.data; all 1,558 documented numeric fields retained; '?' is unknown and handled only by per-scope median imputation",gbc_confidence_bound_control,repository_internal_control,label_flip,0.05,2026,nearest_center,500,0.013252073798185375,0.28480598177728855,4.077694492929323,0.904,0.896,0.912,0.6285714285714286,0.787375415282392,0.67603668261563,0.8054818744473917,0.0,0.0,,
internet_ads,"official UCI ad.data; all 1,558 documented numeric fields retained; '?' is unknown and handled only by per-scope median imputation",gbc_confidence_bound_control,repository_internal_control,label_flip,0.05,2026,radius_aware_distance,500,0.013252073798185375,0.28480598177728855,4.077694492929323,0.966,0.862,0.888,0.5609634551495016,0.6,0.5744890785530161,0.636098981077147,-0.03400000000000003,-0.02400000000000002,,
internet_ads,"official UCI ad.data; all 1,558 documented numeric fields retained; '?' is unknown and handled only by per-scope median imputation",gbc_confidence_bound_control,repository_internal_control,label_flip,0.05,2026,three_center_inverse_distance_vote,500,0.013252073798185375,0.28480598177728855,4.077694492929323,0.946,0.884,0.898,0.5857142857142857,0.6775747508305647,0.614751049471279,0.7239990908205345,-0.01200000000000001,-0.014000000000000012,,
internet_ads,"official UCI ad.data; all 1,558 documented numeric fields retained; '?' is unknown and handled only by per-scope median imputation",gbc_confidence_bound_control,repository_internal_control,label_flip,0.05,2026,native_radius_aware,500,0.013252073798185375,0.28480598177728855,4.077694492929323,0.966,0.862,0.888,0.5609634551495016,0.6,0.5744890785530161,0.636098981077147,-0.03400000000000003,-0.02400000000000002,-0.03400000000000003,-0.02400000000000002
htru2,official UCI static HTRU_2.csv,tree_kmeans_binary,repository_cleanroom,label_flip,0.1,1,nearest_center,500,0.0,0.0,0.7829926008093177,0.92,0.908,0.912,0.5,0.7073357594330588,0.4758909853249476,0.7201160246297897,0.0,0.0,,
htru2,official UCI static HTRU_2.csv,tree_kmeans_binary,repository_cleanroom,label_flip,0.1,1,radius_aware_distance,500,0.0,0.0,0.7829926008093177,0.938,0.908,0.938,0.5,0.7411894273127753,0.4758909853249476,0.781908232612458,0.0,0.025999999999999912,,
htru2,official UCI static HTRU_2.csv,tree_kmeans_binary,repository_cleanroom,label_flip,0.1,1,three_center_inverse_distance_vote,500,0.0,0.0,0.7829926008093177,0.948,0.908,0.924,0.5,0.6748707144225243,0.4758909853249476,0.7156369731800767,0.0,0.01200000000000001,,
htru2,official UCI static HTRU_2.csv,tree_kmeans_binary,repository_cleanroom,label_flip,0.1,1,native_radius_aware,500,0.0,0.0,0.7829926008093177,0.938,0.908,0.938,0.5,0.7411894273127753,0.4758909853249476,0.781908232612458,0.0,0.025999999999999912,0.0,0.025999999999999912
htru2,official UCI static HTRU_2.csv,tree_class_means_binary,repository_cleanroom,label_flip,0.1,1,nearest_center,500,0.0,0.0,0.7626504245214252,0.888,0.908,0.904,0.5,0.7615399348783758,0.4758909853249476,0.7379798244464824,0.0,0.0,,
htru2,official UCI static HTRU_2.csv,tree_class_means_binary,repository_cleanroom,label_flip,0.1,1,radius_aware_distance,500,0.0,0.0,0.7626504245214252,0.918,0.908,0.958,0.5,0.8498850794866883,0.4758909853249476,0.8678097971824602,0.0,0.05399999999999994,,
htru2,official UCI static HTRU_2.csv,tree_class_means_binary,repository_cleanroom,label_flip,0.1,1,three_center_inverse_distance_vote,500,0.0,0.0,0.7626504245214252,0.812,0.908,0.844,0.5,0.7675732618272362,0.4758909853249476,0.676079734219269,0.0,-0.06000000000000005,,
htru2,official UCI static HTRU_2.csv,tree_class_means_binary,repository_cleanroom,label_flip,0.1,1,native_radius_aware,500,0.0,0.0,0.7626504245214252,0.918,0.908,0.958,0.5,0.8498850794866883,0.4758909853249476,0.8678097971824602,0.0,0.05399999999999994,0.0,0.05399999999999994
htru2,official UCI static HTRU_2.csv,gbc_multiclass_cleanroom,repository_cleanroom,label_flip,0.1,1,nearest_center,500,0.0,0.0,0.8152171691886658,0.88,0.908,0.916,0.5,0.8169890825512354,0.4758909853249476,0.7783968595669242,0.0,0.0,,
htru2,official UCI static HTRU_2.csv,gbc_multiclass_cleanroom,repository_cleanroom,label_flip,0.1,1,radius_aware_distance,500,0.0,0.0,0.8152171691886658,0.918,0.908,0.954,0.5,0.837914192683394,0.4758909853249476,0.8552202540569802,0.0,0.03799999999999992,,
htru2,official UCI static HTRU_2.csv,gbc_multiclass_cleanroom,repository_cleanroom,label_flip,0.1,1,three_center_inverse_distance_vote,500,0.0,0.0,0.8152171691886658,0.806,0.908,0.862,0.5,0.8360946178892932,0.4758909853249476,0.7184845492896834,0.0,-0.05400000000000005,,
htru2,official UCI static HTRU_2.csv,gbc_multiclass_cleanroom,repository_cleanroom,label_flip,0.1,1,native_radius_aware,500,0.0,0.0,0.8152171691886658,0.918,0.908,0.954,0.5,0.837914192683394,0.4758909853249476,0.8552202540569802,0.0,0.03799999999999992,0.0,0.03799999999999992
htru2,official UCI static HTRU_2.csv,gbc_confidence_bound_control,repository_internal_control,label_flip,0.1,1,nearest_center,500,0.0,0.0,0.8728006363568618,0.88,0.908,0.916,0.5,0.8169890825512354,0.4758909853249476,0.7783968595669242,0.0,0.0,,
htru2,official UCI static HTRU_2.csv,gbc_confidence_bound_control,repository_internal_control,label_flip,0.1,1,radius_aware_distance,500,0.0,0.0,0.8728006363568618,0.916,0.908,0.956,0.5,0.8487837579007853,0.4758909853249476,0.8629385964912281,0.0,0.039999999999999925,,
htru2,official UCI static HTRU_2.csv,gbc_confidence_bound_control,repository_internal_control,label_flip,0.1,1,three_center_inverse_distance_vote,500,0.0,0.0,0.8728006363568618,0.808,0.908,0.86,0.5,0.8252250526719019,0.4758909853249476,0.7127285859680226,0.0,-0.05600000000000005,,
htru2,official UCI static HTRU_2.csv,gbc_confidence_bound_control,repository_internal_control,label_flip,0.1,1,native_radius_aware,500,0.0,0.0,0.8728006363568618,0.916,0.908,0.956,0.5,0.8487837579007853,0.4758909853249476,0.8629385964912281,0.0,0.039999999999999925,0.0,0.039999999999999925
htru2,official UCI static HTRU_2.csv,tree_kmeans_binary,repository_cleanroom,label_flip,0.1,7,nearest_center,500,0.0,0.0,0.7033387442728782,0.93,0.908,0.938,0.5,0.7607259145757518,0.4758909853249476,0.7917758164403068,0.0,0.0,,
htru2,official UCI static HTRU_2.csv,tree_kmeans_binary,repository_cleanroom,label_flip,0.1,7,radius_aware_distance,500,0.0,0.0,0.7033387442728782,0.92,0.908,0.944,0.5,0.8031028538594139,0.4758909853249476,0.8218920156735026,0.0,0.006000000000000005,,
htru2,official UCI static HTRU_2.csv,tree_kmeans_binary,repository_cleanroom,label_flip,0.1,7,three_center_inverse_distance_vote,500,0.0,0.0,0.7033387442728782,0.946,0.908,0.942,0.5,0.7336238268530932,0.4758909853249476,0.7857280075660179,0.0,0.0040000000000000036,,
htru2,official UCI static HTRU_2.csv,tree_kmeans_binary,repository_cleanroom,label_flip,0.1,7,native_radius_aware,500,0.0,0.0,0.7033387442728782,0.92,0.908,0.944,0.5,0.8031028538594139,0.4758909853249476,0.8218920156735026,0.0,0.006000000000000005,0.0,0.006000000000000005
htru2,official UCI static HTRU_2.csv,tree_class_means_binary,repository_cleanroom,label_flip,0.1,7,nearest_center,500,0.0,0.0,0.6794368404207675,0.93,0.908,0.938,0.5,0.7607259145757518,0.4758909853249476,0.7917758164403068,0.0,0.0,,
htru2,official UCI static HTRU_2.csv,tree_class_means_binary,repository_cleanroom,label_flip,0.1,7,radius_aware_distance,500,0.0,0.0,0.6794368404207675,0.924,0.908,0.948,0.5,0.8053054970312201,0.4758909853249476,0.831045955500104,0.0,0.010000000000000009,,
htru2,official UCI static HTRU_2.csv,tree_class_means_binary,repository_cleanroom,label_flip,0.1,7,three_center_inverse_distance_vote,500,0.0,0.0,0.6794368404207675,0.958,0.908,0.946,0.5,0.716289982761923,0.4758909853249476,0.7840380093103614,0.0,0.008000000000000007,,
htru2,official UCI static HTRU_2.csv,tree_class_means_binary,repository_cleanroom,label_flip,0.1,7,native_radius_aware,500,0.0,0.0,0.6794368404207675,0.924,0.908,0.948,0.5,0.8053054970312201,0.4758909853249476,0.831045955500104,0.0,0.010000000000000009,0.0,0.010000000000000009
htru2,official UCI static HTRU_2.csv,gbc_multiclass_cleanroom,repository_cleanroom,label_flip,0.1,7,nearest_center,500,0.0,0.0,0.71838662710969,0.878,0.908,0.902,0.5,0.7799751005554492,0.4758909853249476,0.7435924270808258,0.0,0.0,,
htru2,official UCI static HTRU_2.csv,gbc_multiclass_cleanroom,repository_cleanroom,label_flip,0.1,7,radius_aware_distance,500,0.0,0.0,0.71838662710969,0.92,0.908,0.952,0.5,0.8270446274660026,0.4758909853249476,0.8473360134344308,0.0,0.04999999999999993,,
htru2,official UCI static HTRU_2.csv,gbc_multiclass_cleanroom,repository_cleanroom,label_flip,0.1,7,three_center_inverse_distance_vote,500,0.0,0.0,0.71838662710969,0.816,0.908,0.852,0.5,0.7817467918023366,0.4758909853249476,0.6889606240963045,0.0,-0.050000000000000044,,
htru2,official UCI static HTRU_2.csv,gbc_multiclass_cleanroom,repository_cleanroom,label_flip,0.1,7,native_radius_aware,500,0.0,0.0,0.71838662710969,0.92,0.908,0.952,0.5,0.8270446274660026,0.4758909853249476,0.8473360134344308,0.0,0.04999999999999993,0.0,0.04999999999999993
htru2,official UCI static HTRU_2.csv,gbc_confidence_bound_control,repository_internal_control,label_flip,0.1,7,nearest_center,500,0.0,0.0,4.093819664977955,0.758,0.908,0.79,0.5,0.7378375790078529,0.4758909853249476,0.6226035324309365,0.0,0.0,,
htru2,official UCI static HTRU_2.csv,gbc_confidence_bound_control,repository_internal_control,label_flip,0.1,7,radius_aware_distance,500,0.0,0.0,4.093819664977955,0.902,0.908,0.938,0.5,0.8291036199961693,0.4758909853249476,0.8197150334399534,0.0,0.1479999999999999,,
htru2,official UCI static HTRU_2.csv,gbc_confidence_bound_control,repository_internal_control,label_flip,0.1,7,three_center_inverse_distance_vote,500,0.0,0.0,4.093819664977955,0.792,0.908,0.836,0.5,0.7924727063780885,0.4758909853249476,0.6784313725490196,0.0,0.04599999999999993,,
htru2,official UCI static HTRU_2.csv,gbc_confidence_bound_control,repository_internal_control,label_flip,0.1,7,native_radius_aware,500,0.0,0.0,4.093819664977955,0.902,0.908,0.938,0.5,0.8291036199961693,0.4758909853249476,0.8197150334399534,0.0,0.1479999999999999,0.0,0.1479999999999999
htru2,official UCI static HTRU_2.csv,tree_kmeans_binary,repository_cleanroom,label_flip,0.1,21,nearest_center,500,0.0,0.0,0.8208969856312686,0.952,0.908,0.936,0.5,0.7010151312009194,0.4758909853249476,0.7542242703533026,0.0,0.0,,
htru2,official UCI static HTRU_2.csv,tree_kmeans_binary,repository_cleanroom,label_flip,0.1,21,radius_aware_distance,500,0.0,0.0,0.8208969856312686,0.934,0.908,0.934,0.5,0.7389867841409692,0.4758909853249476,0.773223931060075,0.0,-0.0020000000000000018,,
htru2,official UCI static HTRU_2.csv,tree_kmeans_binary,repository_cleanroom,label_flip,0.1,21,three_center_inverse_distance_vote,500,0.0,0.0,0.8208969856312686,0.978,0.908,0.93,0.5,0.6195652173913043,0.4758909853249476,0.674424661866756,0.0,-0.006000000000000005,,
htru2,official UCI static HTRU_2.csv,tree_kmeans_binary,repository_cleanroom,label_flip,0.1,21,native_radius_aware,500,0.0,0.0,0.8208969856312686,0.934,0.908,0.934,0.5,0.7389867841409692,0.4758909853249476,0.773223931060075,0.0,-0.0020000000000000018,0.0,-0.0020000000000000018
htru2,official UCI static HTRU_2.csv,tree_class_means_binary,repository_cleanroom,label_flip,0.1,21,nearest_center,500,0.0,0.0,0.7904343198172974,0.924,0.908,0.94,0.5,0.7813637234246313,0.4758909853249476,0.8050530255770431,0.0,0.0,,
htru2,official UCI static HTRU_2.csv,tree_class_means_binary,repository_cleanroom,label_flip,0.1,21,radius_aware_distance,500,0.0,0.0,0.7904343198172974,0.926,0.908,0.942,0.5,0.7824650450105344,0.4758909853249476,0.8094887729763109,0.0,0.0020000000000000018,,
htru2,official UCI static HTRU_2.csv,tree_class_means_binary,repository_cleanroom,label_flip,0.1,21,three_center_inverse_distance_vote,500,0.0,0.0,0.7904343198172974,0.866,0.908,0.902,0.5,0.8092798314499138,0.4758909853249476,0.7555646456685057,0.0,-0.03799999999999992,,
htru2,official UCI static HTRU_2.csv,tree_class_means_binary,repository_cleanroom,label_flip,0.1,21,native_radius_aware,500,0.0,0.0,0.7904343198172974,0.926,0.908,0.942,0.5,0.7824650450105344,0.4758909853249476,0.8094887729763109,0.0,0.0020000000000000018,0.0,0.0020000000000000018
htru2,official UCI static HTRU_2.csv,gbc_multiclass_cleanroom,repository_cleanroom,label_flip,0.1,21,nearest_center,500,0.0,0.0,0.8281102474369845,0.882,0.908,0.91,0.5,0.7941486305305496,0.4758909853249476,0.7605746209098164,0.0,0.0,,
htru2,official UCI static HTRU_2.csv,gbc_multiclass_cleanroom,repository_cleanroom,label_flip,0.1,21,radius_aware_distance,500,0.0,0.0,0.8281102474369845,0.92,0.908,0.956,0.5,0.839015514269297,0.4758909853249476,0.8600580123148949,0.0,0.04599999999999993,,
htru2,official UCI static HTRU_2.csv,gbc_multiclass_cleanroom,repository_cleanroom,label_flip,0.1,21,three_center_inverse_distance_vote,500,0.0,0.0,0.8281102474369845,0.808,0.908,0.844,0.5,0.7773415054587244,0.4758909853249476,0.6798975672215108,0.0,-0.06600000000000006,,
htru2,official UCI static HTRU_2.csv,gbc_multiclass_cleanroom,repository_cleanroom,label_flip,0.1,21,native_radius_aware,500,0.0,0.0,0.8281102474369845,0.92,0.908,0.956,0.5,0.839015514269297,0.4758909853249476,0.8600580123148949,0.0,0.04599999999999993,0.0,0.04599999999999993
htru2,official UCI static HTRU_2.csv,gbc_confidence_bound_control,repository_internal_control,label_flip,0.1,21,nearest_center,500,0.0,0.0,0.8803642960973912,0.874,0.908,0.906,0.5,0.8017142309902318,0.4758909853249476,0.7580288100165776,0.0,0.0,,
htru2,official UCI static HTRU_2.csv,gbc_confidence_bound_control,repository_internal_control,label_flip,0.1,21,radius_aware_distance,500,0.0,0.0,0.8803642960973912,0.914,0.908,0.954,0.5,0.8476824363148823,0.4758909853249476,0.8581630261843387,0.0,0.04799999999999993,,
htru2,official UCI static HTRU_2.csv,gbc_confidence_bound_control,repository_internal_control,label_flip,0.1,21,three_center_inverse_distance_vote,500,0.0,0.0,0.8803642960973912,0.808,0.908,0.844,0.5,0.7773415054587244,0.4758909853249476,0.6798975672215108,0.0,-0.062000000000000055,,
htru2,official UCI static HTRU_2.csv,gbc_confidence_bound_control,repository_internal_control,label_flip,0.1,21,native_radius_aware,500,0.0,0.0,0.8803642960973912,0.914,0.908,0.954,0.5,0.8476824363148823,0.4758909853249476,0.8581630261843387,0.0,0.04799999999999993,0.0,0.04799999999999993
htru2,official UCI static HTRU_2.csv,tree_kmeans_binary,repository_cleanroom,label_flip,0.1,42,nearest_center,500,0.0,0.0,0.6989145733949361,0.944,0.908,0.932,0.5,0.7085807316606014,0.4758909853249476,0.7519117389527756,0.0,0.0,,
htru2,official UCI static HTRU_2.csv,tree_kmeans_binary,repository_cleanroom,label_flip,0.1,42,radius_aware_distance,500,0.0,0.0,0.6989145733949361,0.914,0.908,0.962,0.5,0.871624209921471,0.4758909853249476,0.8828303259783667,0.0,0.029999999999999916,,
htru2,official UCI static HTRU_2.csv,tree_kmeans_binary,repository_cleanroom,label_flip,0.1,42,three_center_inverse_distance_vote,500,0.0,0.0,0.6989145733949361,0.974,0.908,0.934,0.5,0.6413043478260869,0.4758909853249476,0.7028044453250238,0.0,0.0020000000000000018,,
htru2,official UCI static HTRU_2.csv,tree_kmeans_binary,repository_cleanroom,label_flip,0.1,42,native_radius_aware,500,0.0,0.0,0.6989145733949361,0.914,0.908,0.962,0.5,0.871624209921471,0.4758909853249476,0.8828303259783667,0.0,0.029999999999999916,0.0,0.029999999999999916
htru2,official UCI static HTRU_2.csv,tree_class_means_binary,repository_cleanroom,label_flip,0.1,42,nearest_center,500,0.0,0.0,0.6701199919422012,0.912,0.908,0.936,0.5,0.7986975675158016,0.4758909853249476,0.8046398046398047,0.0,0.0,,
htru2,official UCI static HTRU_2.csv,tree_class_means_binary,repository_cleanroom,label_flip,0.1,42,radius_aware_distance,500,0.0,0.0,0.6701199919422012,0.896,0.908,0.948,0.5,0.8736832024516377,0.4758909853249476,0.8529345219240689,0.0,0.0119999999999999,,
htru2,official UCI static HTRU_2.csv,tree_class_means_binary,repository_cleanroom,label_flip,0.1,42,three_center_inverse_distance_vote,500,0.0,0.0,0.6701199919422012,0.896,0.908,0.94,0.5,0.8497414288450489,0.4758909853249476,0.8303090637585411,0.0,0.0039999999999998925,,
htru2,official UCI static HTRU_2.csv,tree_class_means_binary,repository_cleanroom,label_flip,0.1,42,native_radius_aware,500,0.0,0.0,0.6701199919422012,0.896,0.908,0.948,0.5,0.8736832024516377,0.4758909853249476,0.8529345219240689,0.0,0.0119999999999999,0.0,0.0119999999999999
htru2,official UCI static HTRU_2.csv,gbc_multiclass_cleanroom,repository_cleanroom,label_flip,0.1,42,nearest_center,500,0.0,0.0,0.7121821596635238,0.862,0.908,0.89,0.5,0.7831354146715188,0.4758909853249476,0.7297961188897077,0.0,0.0,,
htru2,official UCI static HTRU_2.csv,gbc_multiclass_cleanroom,repository_cleanroom,label_flip,0.1,42,radius_aware_distance,500,0.0,0.0,0.7121821596635238,0.916,0.908,0.972,0.5,0.8966673051139629,0.4758909853249476,0.9127791068580542,0.0,0.08199999999999996,,
htru2,official UCI static HTRU_2.csv,gbc_multiclass_cleanroom,repository_cleanroom,label_flip,0.1,42,three_center_inverse_distance_vote,500,0.0,0.0,0.7121821596635238,0.806,0.908,0.842,0.5,0.7762401838728212,0.4758909853249476,0.6776852086070289,0.0,-0.04800000000000004,,
htru2,official UCI static HTRU_2.csv,gbc_multiclass_cleanroom,repository_cleanroom,label_flip,0.1,42,native_radius_aware,500,0.0,0.0,0.7121821596635238,0.916,0.908,0.972,0.5,0.8966673051139629,0.4758909853249476,0.9127791068580542,0.0,0.08199999999999996,0.0,0.08199999999999996
htru2,official UCI static HTRU_2.csv,gbc_confidence_bound_control,repository_internal_control,label_flip,0.1,42,nearest_center,500,0.0,0.0,0.8960278424223092,0.862,0.908,0.906,0.5,0.8310189618846964,0.4758909853249476,0.7690985015966594,0.0,0.0,,
htru2,official UCI static HTRU_2.csv,gbc_confidence_bound_control,repository_internal_control,label_flip,0.1,42,radius_aware_distance,500,0.0,0.0,0.8960278424223092,0.92,0.908,0.96,0.5,0.8509864010725914,0.4758909853249476,0.872780011195359,0.0,0.05399999999999994,,
htru2,official UCI static HTRU_2.csv,gbc_confidence_bound_control,repository_internal_control,label_flip,0.1,42,three_center_inverse_distance_vote,500,0.0,0.0,0.8960278424223092,0.794,0.908,0.842,0.5,0.805544914767286,0.4758909853249476,0.6884833476604705,0.0,-0.06400000000000006,,
htru2,official UCI static HTRU_2.csv,gbc_confidence_bound_control,repository_internal_control,label_flip,0.1,42,native_radius_aware,500,0.0,0.0,0.8960278424223092,0.92,0.908,0.96,0.5,0.8509864010725914,0.4758909853249476,0.872780011195359,0.0,0.05399999999999994,0.0,0.05399999999999994
htru2,official UCI static HTRU_2.csv,tree_kmeans_binary,repository_cleanroom,label_flip,0.1,2026,nearest_center,500,0.0,0.0,0.6905222969492084,0.918,0.908,0.934,0.5,0.778059758666922,0.4758909853249476,0.7922725384295803,0.0,0.0,,
htru2,official UCI static HTRU_2.csv,tree_kmeans_binary,repository_cleanroom,label_flip,0.1,2026,radius_aware_distance,500,0.0,0.0,0.6905222969492084,0.926,0.908,0.946,0.5,0.7944359318138288,0.4758909853249476,0.8226274782882894,0.0,0.0119999999999999,,
htru2,official UCI static HTRU_2.csv,tree_kmeans_binary,repository_cleanroom,label_flip,0.1,2026,three_center_inverse_distance_vote,500,0.0,0.0,0.6905222969492084,0.894,0.908,0.89,0.5,0.7049894656196132,0.4758909853249476,0.6917005796029103,0.0,-0.04400000000000004,,
htru2,official UCI static HTRU_2.csv,tree_kmeans_binary,repository_cleanroom,label_flip,0.1,2026,native_radius_aware,500,0.0,0.0,0.6905222969492084,0.926,0.908,0.946,0.5,0.7944359318138288,0.4758909853249476,0.8226274782882894,0.0,0.0119999999999999,0.0,0.0119999999999999
htru2,official UCI static HTRU_2.csv,tree_class_means_binary,repository_cleanroom,label_flip,0.1,2026,nearest_center,500,0.0,0.0,0.6285380446748522,0.926,0.908,0.954,0.5,0.8183777054204175,0.4758909853249476,0.8489048889122466,0.0,0.0,,
htru2,official UCI static HTRU_2.csv,tree_class_means_binary,repository_cleanroom,label_flip,0.1,2026,radius_aware_distance,500,0.0,0.0,0.6285380446748522,0.942,0.908,0.958,0.5,0.7912756176977591,0.4758909853249476,0.8486486486486486,0.0,0.0040000000000000036,,
htru2,official UCI static HTRU_2.csv,tree_class_means_binary,repository_cleanroom,label_flip,0.1,2026,three_center_inverse_distance_vote,500,0.0,0.0,0.6285380446748522,0.854,0.908,0.894,0.5,0.8146427887377896,0.4758909853249476,0.7472314692051623,0.0,-0.05999999999999994,,
htru2,official UCI static HTRU_2.csv,tree_class_means_binary,repository_cleanroom,label_flip,0.1,2026,native_radius_aware,500,0.0,0.0,0.6285380446748522,0.942,0.908,0.958,0.5,0.7912756176977591,0.4758909853249476,0.8486486486486486,0.0,0.0040000000000000036,0.0,0.0040000000000000036
htru2,official UCI static HTRU_2.csv,gbc_multiclass_cleanroom,repository_cleanroom,label_flip,0.1,2026,nearest_center,500,0.0,0.0,0.7222057121194589,0.872,0.908,0.904,0.5,0.8006129094043286,0.4758909853249476,0.7548518896833503,0.0,0.0,,
htru2,official UCI static HTRU_2.csv,gbc_multiclass_cleanroom,repository_cleanroom,label_flip,0.1,2026,radius_aware_distance,500,0.0,0.0,0.7222057121194589,0.928,0.908,0.96,0.5,0.831449913809615,0.4758909853249476,0.8671555343004411,0.0,0.05599999999999994,,
htru2,official UCI static HTRU_2.csv,gbc_multiclass_cleanroom,repository_cleanroom,label_flip,0.1,2026,three_center_inverse_distance_vote,500,0.0,0.0,0.7222057121194589,0.742,0.908,0.786,0.5,0.7649396667305114,0.4758909853249476,0.6294372294372295,0.0,-0.118,,
htru2,official UCI static HTRU_2.csv,gbc_multiclass_cleanroom,repository_cleanroom,label_flip,0.1,2026,native_radius_aware,500,0.0,0.0,0.7222057121194589,0.928,0.908,0.96,0.5,0.831449913809615,0.4758909853249476,0.8671555343004411,0.0,0.05599999999999994,0.0,0.05599999999999994
htru2,official UCI static HTRU_2.csv,gbc_confidence_bound_control,repository_internal_control,label_flip,0.1,2026,nearest_center,500,0.0,0.0,0.8313280505185411,0.874,0.908,0.91,0.5,0.8136851177935261,0.4758909853249476,0.7683254563988509,0.0,0.0,,
htru2,official UCI static HTRU_2.csv,gbc_confidence_bound_control,repository_internal_control,label_flip,0.1,2026,radius_aware_distance,500,0.0,0.0,0.8313280505185411,0.926,0.908,0.962,0.5,0.8423194790270063,0.4758909853249476,0.8751822995362037,0.0,0.051999999999999935,,
htru2,official UCI static HTRU_2.csv,gbc_confidence_bound_control,repository_internal_control,label_flip,0.1,2026,three_center_inverse_distance_vote,500,0.0,0.0,0.8313280505185411,0.758,0.908,0.802,0.5,0.773750239417736,0.4758909853249476,0.6441690448634543,0.0,-0.10799999999999998,,
htru2,official UCI static HTRU_2.csv,gbc_confidence_bound_control,repository_internal_control,label_flip,0.1,2026,native_radius_aware,500,0.0,0.0,0.8313280505185411,0.926,0.908,0.962,0.5,0.8423194790270063,0.4758909853249476,0.8751822995362037,0.0,0.051999999999999935,0.0,0.051999999999999935
dry_bean,official UCI static Dry_Bean_Dataset.arff,tree_kmeans_binary,repository_cleanroom,label_flip,0.01,1,nearest_center,500,0.9988907091462363,0.9956926753925297,0.02619624579924551,0.968,0.812,0.812,0.8368479792314554,0.834090408164025,0.8378860987703038,0.8245553135895475,0.0,0.0,,
dry_bean,official UCI static Dry_Bean_Dataset.arff,tree_kmeans_binary,repository_cleanroom,label_flip,0.01,1,radius_aware_distance,500,0.9988907091462363,0.9956926753925297,0.02619624579924551,0.994,0.874,0.868,0.8941292454701776,0.889550490891423,0.8911118707993708,0.8855586454798333,0.061999999999999944,0.05599999999999994,,
dry_bean,official UCI static Dry_Bean_Dataset.arff,tree_kmeans_binary,repository_cleanroom,label_flip,0.01,1,three_center_inverse_distance_vote,500,0.9988907091462363,0.9956926753925297,0.02619624579924551,0.97,0.834,0.844,0.8462673024666635,0.8552160517958398,0.8462652781250615,0.8532029086163068,0.02199999999999991,0.03199999999999992,,
dry_bean,official UCI static Dry_Bean_Dataset.arff,tree_kmeans_binary,repository_cleanroom,label_flip,0.01,1,native_radius_aware,500,0.9988907091462363,0.9956926753925297,0.02619624579924551,0.994,0.874,0.868,0.8941292454701776,0.889550490891423,0.8911118707993708,0.8855586454798333,0.061999999999999944,0.05599999999999994,0.061999999999999944,0.05599999999999994
dry_bean,official UCI static Dry_Bean_Dataset.arff,tree_class_means_binary,repository_cleanroom,label_flip,0.01,1,nearest_center,500,0.6506591980449807,0.7767547410171242,1.297745747398988,0.8,0.85,0.804,0.8801793632532705,0.8372883281715139,0.8767674961507204,0.8310524680782471,0.0,0.0,,
dry_bean,official UCI static Dry_Bean_Dataset.arff,tree_class_means_binary,repository_cleanroom,label_flip,0.01,1,radius_aware_distance,500,0.6506591980449807,0.7767547410171242,1.297745747398988,0.884,0.882,0.89,0.9030460798095471,0.9051648325054742,0.898422725464852,0.9067244651483782,0.03200000000000003,0.08599999999999997,,
dry_bean,official UCI static Dry_Bean_Dataset.arff,tree_class_means_binary,repository_cleanroom,label_flip,0.01,1,three_center_inverse_distance_vote,500,0.6506591980449807,0.7767547410171242,1.297745747398988,0.852,0.864,0.826,0.8785057949152965,0.8457863969436497,0.8800099873509312,0.845174339658552,0.014000000000000012,0.02199999999999991,,
dry_bean,official UCI static Dry_Bean_Dataset.arff,tree_class_means_binary,repository_cleanroom,label_flip,0.01,1,native_radius_aware,500,0.6506591980449807,0.7767547410171242,1.297745747398988,0.884,0.882,0.89,0.9030460798095471,0.9051648325054742,0.898422725464852,0.9067244651483782,0.03200000000000003,0.08599999999999997,0.03200000000000003,0.08599999999999997
dry_bean,official UCI static Dry_Bean_Dataset.arff,gbc_multiclass_cleanroom,repository_cleanroom,label_flip,0.01,1,nearest_center,500,0.9919857598552315,0.9671050141730362,0.18954368470124372,0.956,0.852,0.842,0.8837040016998634,0.8744576552627954,0.880075140347674,0.8709602029461755,0.0,0.0,,
dry_bean,official UCI static Dry_Bean_Dataset.arff,gbc_multiclass_cleanroom,repository_cleanroom,label_flip,0.01,1,radius_aware_distance,500,0.9919857598552315,0.9671050141730362,0.18954368470124372,0.982,0.892,0.904,0.9084904550219637,0.9184056160914735,0.9065999240261707,0.9175061501480856,0.040000000000000036,0.062000000000000055,,
dry_bean,official UCI static Dry_Bean_Dataset.arff,gbc_multiclass_cleanroom,repository_cleanroom,label_flip,0.01,1,three_center_inverse_distance_vote,500,0.9919857598552315,0.9671050141730362,0.18954368470124372,0.936,0.838,0.812,0.861698083726142,0.8439743051572928,0.8681833142949594,0.8502298190631468,-0.014000000000000012,-0.029999999999999916,,
dry_bean,official UCI static Dry_Bean_Dataset.arff,gbc_multiclass_cleanroom,repository_cleanroom,label_flip,0.01,1,native_radius_aware,500,0.9919857598552315,0.9671050141730362,0.18954368470124372,0.982,0.892,0.904,0.9084904550219637,0.9184056160914735,0.9065999240261707,0.9175061501480856,0.040000000000000036,0.062000000000000055,0.040000000000000036,0.062000000000000055
dry_bean,official UCI static Dry_Bean_Dataset.arff,gbc_confidence_bound_control,repository_internal_control,label_flip,0.01,1,nearest_center,500,0.9498065160481645,0.9671690888425432,0.2771846654393606,0.978,0.836,0.836,0.8634422740513926,0.8502206046916332,0.863065383921367,0.8548399461441355,0.0,0.0,,
dry_bean,official UCI static Dry_Bean_Dataset.arff,gbc_confidence_bound_control,repository_internal_control,label_flip,0.01,1,radius_aware_distance,500,0.9498065160481645,0.9671690888425432,0.2771846654393606,0.972,0.9,0.912,0.915243251738823,0.9260715841440393,0.9118877345918684,0.9224271188958709,0.06400000000000006,0.07600000000000007,,
dry_bean,official UCI static Dry_Bean_Dataset.arff,gbc_confidence_bound_control,repository_internal_control,label_flip,0.01,1,three_center_inverse_distance_vote,500,0.9498065160481645,0.9671690888425432,0.2771846654393606,0.972,0.84,0.844,0.8587337300651859,0.8649348203947449,0.8643106283177407,0.8688486165157528,0.0040000000000000036,0.008000000000000007,,
dry_bean,official UCI static Dry_Bean_Dataset.arff,gbc_confidence_bound_control,repository_internal_control,label_flip,0.01,1,native_radius_aware,500,0.9498065160481645,0.9671690888425432,0.2771846654393606,0.972,0.9,0.912,0.915243251738823,0.9260715841440393,0.9118877345918684,0.9224271188958709,0.06400000000000006,0.07600000000000007,0.06400000000000006,0.07600000000000007
dry_bean,official UCI static Dry_Bean_Dataset.arff,tree_kmeans_binary,repository_cleanroom,label_flip,0.01,7,nearest_center,500,0.9910684086196613,0.9872890497315727,0.07796334538406935,0.982,0.812,0.818,0.8368479792314554,0.840576690382847,0.8378860987703038,0.8418965928984667,0.0,0.0,,
dry_bean,official UCI static Dry_Bean_Dataset.arff,tree_kmeans_binary,repository_cleanroom,label_flip,0.01,7,radius_aware_distance,500,0.9910684086196613,0.9872890497315727,0.07796334538406935,0.972,0.874,0.894,0.8941292454701776,0.9055502643138768,0.8911118707993708,0.905353462016575,0.061999999999999944,0.07600000000000007,,
dry_bean,official UCI static Dry_Bean_Dataset.arff,tree_kmeans_binary,repository_cleanroom,label_flip,0.01,7,three_center_inverse_distance_vote,500,0.9910684086196613,0.9872890497315727,0.07796334538406935,0.98,0.834,0.838,0.8462673024666635,0.8499695157463415,0.8462652781250615,0.850832502898396,0.02199999999999991,0.020000000000000018,,
dry_bean,official UCI static Dry_Bean_Dataset.arff,tree_kmeans_binary,repository_cleanroom,label_flip,0.01,7,native_radius_aware,500,0.9910684086196613,0.9872890497315727,0.07796334538406935,0.972,0.874,0.894,0.8941292454701776,0.9055502643138768,0.8911118707993708,0.905353462016575,0.061999999999999944,0.07600000000000007,0.061999999999999944,0.07600000000000007
dry_bean,official UCI static Dry_Bean_Dataset.arff,tree_class_means_binary,repository_cleanroom,label_flip,0.01,7,nearest_center,500,0.6765969622835659,0.7915668277308826,1.2173255752520271,0.812,0.85,0.82,0.8801793632532705,0.8499694293171134,0.8767674961507204,0.8459264831436458,0.0,0.0,,
dry_bean,official UCI static Dry_Bean_Dataset.arff,tree_class_means_binary,repository_cleanroom,label_flip,0.01,7,radius_aware_distance,500,0.6765969622835659,0.7915668277308826,1.2173255752520271,0.904,0.882,0.888,0.9030460798095471,0.9048261908219074,0.898422725464852,0.9009284310796708,0.03200000000000003,0.06800000000000006,,
dry_bean,official UCI static Dry_Bean_Dataset.arff,tree_class_means_binary,repository_cleanroom,label_flip,0.01,7,three_center_inverse_distance_vote,500,0.6765969622835659,0.7915668277308826,1.2173255752520271,0.814,0.864,0.81,0.8785057949152965,0.8372828113273881,0.8800099873509312,0.8327443411715726,0.014000000000000012,-0.009999999999999898,,
dry_bean,official UCI static Dry_Bean_Dataset.arff,tree_class_means_binary,repository_cleanroom,label_flip,0.01,7,native_radius_aware,500,0.6765969622835659,0.7915668277308826,1.2173255752520271,0.904,0.882,0.888,0.9030460798095471,0.9048261908219074,0.898422725464852,0.9009284310796708,0.03200000000000003,0.06800000000000006,0.03200000000000003,0.06800000000000006
dry_bean,official UCI static Dry_Bean_Dataset.arff,gbc_multiclass_cleanroom,repository_cleanroom,label_flip,0.01,7,nearest_center,500,1.0,1.0,8.881784197001252e-16,1.0,0.852,0.852,0.8837040016998634,0.8837040016998634,0.880075140347674,0.880075140347674,0.0,0.0,,
dry_bean,official UCI static Dry_Bean_Dataset.arff,gbc_multiclass_cleanroom,repository_cleanroom,label_flip,0.01,7,radius_aware_distance,500,1.0,1.0,8.881784197001252e-16,1.0,0.892,0.892,0.9084904550219637,0.9084904550219637,0.9065999240261707,0.9065999240261707,0.040000000000000036,0.040000000000000036,,
dry_bean,official UCI static Dry_Bean_Dataset.arff,gbc_multiclass_cleanroom,repository_cleanroom,label_flip,0.01,7,three_center_inverse_distance_vote,500,1.0,1.0,8.881784197001252e-16,1.0,0.838,0.838,0.861698083726142,0.861698083726142,0.8681833142949594,0.8681833142949594,-0.014000000000000012,-0.014000000000000012,,
dry_bean,official UCI static Dry_Bean_Dataset.arff,gbc_multiclass_cleanroom,repository_cleanroom,label_flip,0.01,7,native_radius_aware,500,1.0,1.0,8.881784197001252e-16,1.0,0.892,0.892,0.9084904550219637,0.9084904550219637,0.9065999240261707,0.9065999240261707,0.040000000000000036,0.040000000000000036,0.040000000000000036,0.040000000000000036
dry_bean,official UCI static Dry_Bean_Dataset.arff,gbc_confidence_bound_control,repository_internal_control,label_flip,0.01,7,nearest_center,500,0.8303491324841539,0.9609171376766074,0.3275340918451821,0.982,0.836,0.838,0.8634422740513926,0.8645930965119291,0.863065383921367,0.8564695959743419,0.0,0.0,,
dry_bean,official UCI static Dry_Bean_Dataset.arff,gbc_confidence_bound_control,repository_internal_control,label_flip,0.01,7,radius_aware_distance,500,0.8303491324841539,0.9609171376766074,0.3275340918451821,0.984,0.9,0.902,0.915243251738823,0.9171921962650872,0.9118877345918684,0.91328546210971,0.06400000000000006,0.06400000000000006,,
dry_bean,official UCI static Dry_Bean_Dataset.arff,gbc_confidence_bound_control,repository_internal_control,label_flip,0.01,7,three_center_inverse_distance_vote,500,0.8303491324841539,0.9609171376766074,0.3275340918451821,0.974,0.84,0.848,0.8587337300651859,0.8654987359078018,0.8643106283177407,0.8627492130142148,0.0040000000000000036,0.010000000000000009,,
dry_bean,official UCI static Dry_Bean_Dataset.arff,gbc_confidence_bound_control,repository_internal_control,label_flip,0.01,7,native_radius_aware,500,0.8303491324841539,0.9609171376766074,0.3275340918451821,0.984,0.9,0.902,0.915243251738823,0.9171921962650872,0.9118877345918684,0.91328546210971,0.06400000000000006,0.06400000000000006,0.06400000000000006,0.06400000000000006
dry_bean,official UCI static Dry_Bean_Dataset.arff,tree_kmeans_binary,repository_cleanroom,label_flip,0.01,21,nearest_center,500,0.9995968564839904,0.9987402478565562,0.0076381700195380375,0.992,0.812,0.814,0.8368479792314554,0.8413276061337627,0.8378860987703038,0.8396887029305269,0.0,0.0,,
dry_bean,official UCI static Dry_Bean_Dataset.arff,tree_kmeans_binary,repository_cleanroom,label_flip,0.01,21,radius_aware_distance,500,0.9995968564839904,0.9987402478565562,0.0076381700195380375,0.998,0.874,0.876,0.8941292454701776,0.8956019995202512,0.8911118707993708,0.8933187769536453,0.061999999999999944,0.062000000000000055,,
dry_bean,official UCI static Dry_Bean_Dataset.arff,tree_kmeans_binary,repository_cleanroom,label_flip,0.01,21,three_center_inverse_distance_vote,500,0.9995968564839904,0.9987402478565562,0.0076381700195380375,0.998,0.834,0.836,0.8462673024666635,0.8492434929428541,0.8462652781250615,0.848639868927549,0.02199999999999991,0.02200000000000002,,
dry_bean,official UCI static Dry_Bean_Dataset.arff,tree_kmeans_binary,repository_cleanroom,label_flip,0.01,21,native_radius_aware,500,0.9995968564839904,0.9987402478565562,0.0076381700195380375,0.998,0.874,0.876,0.8941292454701776,0.8956019995202512,0.8911118707993708,0.8933187769536453,0.061999999999999944,0.062000000000000055,0.061999999999999944,0.062000000000000055
dry_bean,official UCI static Dry_Bean_Dataset.arff,tree_class_means_binary,repository_cleanroom,label_flip,0.01,21,nearest_center,500,0.6690026183636079,0.7791367231529492,1.2895803009336149,0.81,0.85,0.81,0.8801793632532705,0.8327346247721593,0.8767674961507204,0.8337678937036905,0.0,0.0,,
dry_bean,official UCI static Dry_Bean_Dataset.arff,tree_class_means_binary,repository_cleanroom,label_flip,0.01,21,radius_aware_distance,500,0.6690026183636079,0.7791367231529492,1.2895803009336149,0.896,0.882,0.89,0.9030460798095471,0.9044171266031291,0.898422725464852,0.9061765991969243,0.03200000000000003,0.07999999999999996,,
dry_bean,official UCI static Dry_Bean_Dataset.arff,tree_class_means_binary,repository_cleanroom,label_flip,0.01,21,three_center_inverse_distance_vote,500,0.6690026183636079,0.7791367231529492,1.2895803009336149,0.82,0.864,0.8,0.8785057949152965,0.8351453433793348,0.8800099873509312,0.8323783302119768,0.014000000000000012,-0.010000000000000009,,
dry_bean,official UCI static Dry_Bean_Dataset.arff,tree_class_means_binary,repository_cleanroom,label_flip,0.01,21,native_radius_aware,500,0.6690026183636079,0.7791367231529492,1.2895803009336149,0.896,0.882,0.89,0.9030460798095471,0.9044171266031291,0.898422725464852,0.9061765991969243,0.03200000000000003,0.07999999999999996,0.03200000000000003,0.07999999999999996
dry_bean,official UCI static Dry_Bean_Dataset.arff,gbc_multiclass_cleanroom,repository_cleanroom,label_flip,0.01,21,nearest_center,500,0.9997953397213664,0.9985637778002583,0.008317766166720197,0.99,0.852,0.842,0.8837040016998634,0.868823049318911,0.880075140347674,0.8690029642244775,0.0,0.0,,
dry_bean,official UCI static Dry_Bean_Dataset.arff,gbc_multiclass_cleanroom,repository_cleanroom,label_flip,0.01,21,radius_aware_distance,500,0.9997953397213664,0.9985637778002583,0.008317766166720197,0.998,0.892,0.89,0.9084904550219637,0.9055142645457731,0.9065999240261707,0.9043817713505435,0.040000000000000036,0.04800000000000004,,
dry_bean,official UCI static Dry_Bean_Dataset.arff,gbc_multiclass_cleanroom,repository_cleanroom,label_flip,0.01,21,three_center_inverse_distance_vote,500,0.9997953397213664,0.9985637778002583,0.008317766166720197,0.996,0.838,0.838,0.861698083726142,0.8626062820570208,0.8681833142949594,0.8677854554132297,-0.014000000000000012,-0.0040000000000000036,,
dry_bean,official UCI static Dry_Bean_Dataset.arff,gbc_multiclass_cleanroom,repository_cleanroom,label_flip,0.01,21,native_radius_aware,500,0.9997953397213664,0.9985637778002583,0.008317766166720197,0.998,0.892,0.89,0.9084904550219637,0.9055142645457731,0.9065999240261707,0.9043817713505435,0.040000000000000036,0.04800000000000004,0.040000000000000036,0.04800000000000004
dry_bean,official UCI static Dry_Bean_Dataset.arff,gbc_confidence_bound_control,repository_internal_control,label_flip,0.01,21,nearest_center,500,0.6956417207127552,0.933906244679562,0.5547641987758922,0.962,0.836,0.824,0.8634422740513926,0.8496554079964854,0.863065383921367,0.850717672119326,0.0,0.0,,
dry_bean,official UCI static Dry_Bean_Dataset.arff,gbc_confidence_bound_control,repository_internal_control,label_flip,0.01,21,radius_aware_distance,500,0.6956417207127552,0.933906244679562,0.5547641987758922,0.97,0.9,0.894,0.915243251738823,0.9105454495410209,0.9118877345918684,0.9069221133796189,0.06400000000000006,0.07000000000000006,,
dry_bean,official UCI static Dry_Bean_Dataset.arff,gbc_confidence_bound_control,repository_internal_control,label_flip,0.01,21,three_center_inverse_distance_vote,500,0.6956417207127552,0.933906244679562,0.5547641987758922,0.972,0.84,0.846,0.8587337300651859,0.865767179072319,0.8643106283177407,0.8706487970943723,0.0040000000000000036,0.02200000000000002,,
dry_bean,official UCI static Dry_Bean_Dataset.arff,gbc_confidence_bound_control,repository_internal_control,label_flip,0.01,21,native_radius_aware,500,0.6956417207127552,0.933906244679562,0.5547641987758922,0.97,0.9,0.894,0.915243251738823,0.9105454495410209,0.9118877345918684,0.9069221133796189,0.06400000000000006,0.07000000000000006,0.06400000000000006,0.07000000000000006
dry_bean,official UCI static Dry_Bean_Dataset.arff,tree_kmeans_binary,repository_cleanroom,label_flip,0.01,42,nearest_center,500,0.9996472641003428,0.997999771083731,0.012136851176489216,0.98,0.812,0.812,0.8368479792314554,0.8408681257516019,0.8378860987703038,0.8395710656007483,0.0,0.0,,
dry_bean,official UCI static Dry_Bean_Dataset.arff,tree_kmeans_binary,repository_cleanroom,label_flip,0.01,42,radius_aware_distance,500,0.9996472641003428,0.997999771083731,0.012136851176489216,0.992,0.874,0.878,0.8941292454701776,0.8992208205617527,0.8911118707993708,0.895287036705801,0.061999999999999944,0.06599999999999995,,
dry_bean,official UCI static Dry_Bean_Dataset.arff,tree_kmeans_binary,repository_cleanroom,label_flip,0.01,42,three_center_inverse_distance_vote,500,0.9996472641003428,0.997999771083731,0.012136851176489216,0.968,0.834,0.838,0.8462673024666635,0.8450610529770158,0.8462652781250615,0.8481699302911611,0.02199999999999991,0.025999999999999912,,
dry_bean,official UCI static Dry_Bean_Dataset.arff,tree_kmeans_binary,repository_cleanroom,label_flip,0.01,42,native_radius_aware,500,0.9996472641003428,0.997999771083731,0.012136851176489216,0.992,0.874,0.878,0.8941292454701776,0.8992208205617527,0.8911118707993708,0.895287036705801,0.061999999999999944,0.06599999999999995,0.061999999999999944,0.06599999999999995
dry_bean,official UCI static Dry_Bean_Dataset.arff,tree_class_means_binary,repository_cleanroom,label_flip,0.01,42,nearest_center,500,0.8975120164804328,0.9444145105147351,0.33646016308769244,0.902,0.85,0.81,0.8801793632532705,0.8439792854403716,0.8767674961507204,0.8393504301785246,0.0,0.0,,
dry_bean,official UCI static Dry_Bean_Dataset.arff,tree_class_means_binary,repository_cleanroom,label_flip,0.01,42,radius_aware_distance,500,0.8975120164804328,0.9444145105147351,0.33646016308769244,0.958,0.882,0.888,0.9030460798095471,0.9043442109171018,0.898422725464852,0.9031070123150282,0.03200000000000003,0.07799999999999996,,
dry_bean,official UCI static Dry_Bean_Dataset.arff,tree_class_means_binary,repository_cleanroom,label_flip,0.01,42,three_center_inverse_distance_vote,500,0.8975120164804328,0.9444145105147351,0.33646016308769244,0.914,0.864,0.834,0.8785057949152965,0.8577055752436904,0.8800099873509312,0.857865723660163,0.014000000000000012,0.02399999999999991,,
dry_bean,official UCI static Dry_Bean_Dataset.arff,tree_class_means_binary,repository_cleanroom,label_flip,0.01,42,native_radius_aware,500,0.8975120164804328,0.9444145105147351,0.33646016308769244,0.958,0.882,0.888,0.9030460798095471,0.9043442109171018,0.898422725464852,0.9031070123150282,0.03200000000000003,0.07799999999999996,0.03200000000000003,0.07799999999999996
dry_bean,official UCI static Dry_Bean_Dataset.arff,gbc_multiclass_cleanroom,repository_cleanroom,label_flip,0.01,42,nearest_center,500,0.9710074712406973,0.949979478270414,0.29445896884659817,0.97,0.852,0.84,0.8837040016998634,0.860340134284847,0.880075140347674,0.8596141278909725,0.0,0.0,,
dry_bean,official UCI static Dry_Bean_Dataset.arff,gbc_multiclass_cleanroom,repository_cleanroom,label_flip,0.01,42,radius_aware_distance,500,0.9710074712406973,0.949979478270414,0.29445896884659817,0.982,0.892,0.886,0.9084904550219637,0.9007523597838684,0.9065999240261707,0.8989389731624756,0.040000000000000036,0.04600000000000004,,
dry_bean,official UCI static Dry_Bean_Dataset.arff,gbc_multiclass_cleanroom,repository_cleanroom,label_flip,0.01,42,three_center_inverse_distance_vote,500,0.9710074712406973,0.949979478270414,0.29445896884659817,0.93,0.838,0.822,0.861698083726142,0.8338809776168874,0.8681833142949594,0.838545445884369,-0.014000000000000012,-0.018000000000000016,,
dry_bean,official UCI static Dry_Bean_Dataset.arff,gbc_multiclass_cleanroom,repository_cleanroom,label_flip,0.01,42,native_radius_aware,500,0.9710074712406973,0.949979478270414,0.29445896884659817,0.982,0.892,0.886,0.9084904550219637,0.9007523597838684,0.9065999240261707,0.8989389731624756,0.040000000000000036,0.04600000000000004,0.040000000000000036,0.04600000000000004
dry_bean,official UCI static Dry_Bean_Dataset.arff,gbc_confidence_bound_control,repository_internal_control,label_flip,0.01,42,nearest_center,500,0.6753978912910439,0.9106825993695101,0.7555394623990406,0.956,0.836,0.832,0.8634422740513926,0.852718693241016,0.863065383921367,0.8552851193194398,0.0,0.0,,
dry_bean,official UCI static Dry_Bean_Dataset.arff,gbc_confidence_bound_control,repository_internal_control,label_flip,0.01,42,radius_aware_distance,500,0.6753978912910439,0.9106825993695101,0.7555394623990406,0.956,0.9,0.884,0.915243251738823,0.8996914077645891,0.9118877345918684,0.895729868443431,0.06400000000000006,0.052000000000000046,,
dry_bean,official UCI static Dry_Bean_Dataset.arff,gbc_confidence_bound_control,repository_internal_control,label_flip,0.01,42,three_center_inverse_distance_vote,500,0.6753978912910439,0.9106825993695101,0.7555394623990406,0.942,0.84,0.846,0.8587337300651859,0.8466047183248355,0.8643106283177407,0.8582799062261834,0.0040000000000000036,0.014000000000000012,,
dry_bean,official UCI static Dry_Bean_Dataset.arff,gbc_confidence_bound_control,repository_internal_control,label_flip,0.01,42,native_radius_aware,500,0.6753978912910439,0.9106825993695101,0.7555394623990406,0.956,0.9,0.884,0.915243251738823,0.8996914077645891,0.9118877345918684,0.895729868443431,0.06400000000000006,0.052000000000000046,0.06400000000000006,0.052000000000000046
dry_bean,official UCI static Dry_Bean_Dataset.arff,tree_kmeans_binary,repository_cleanroom,label_flip,0.01,2026,nearest_center,500,0.8690380644229596,0.9403968748506221,0.3838085288753703,0.948,0.812,0.838,0.8368479792314554,0.8673727947914821,0.8378860987703038,0.8622113496299207,0.0,0.0,,
dry_bean,official UCI static Dry_Bean_Dataset.arff,tree_kmeans_binary,repository_cleanroom,label_flip,0.01,2026,radius_aware_distance,500,0.8690380644229596,0.9403968748506221,0.3838085288753703,0.972,0.874,0.868,0.8941292454701776,0.8880064260796073,0.8911118707993708,0.8832052343900845,0.061999999999999944,0.030000000000000027,,
dry_bean,official UCI static Dry_Bean_Dataset.arff,tree_kmeans_binary,repository_cleanroom,label_flip,0.01,2026,three_center_inverse_distance_vote,500,0.8690380644229596,0.9403968748506221,0.3838085288753703,0.936,0.834,0.862,0.8462673024666635,0.8525519401171276,0.8462652781250615,0.8617839353204894,0.02199999999999991,0.02400000000000002,,
dry_bean,official UCI static Dry_Bean_Dataset.arff,tree_kmeans_binary,repository_cleanroom,label_flip,0.01,2026,native_radius_aware,500,0.8690380644229596,0.9403968748506221,0.3838085288753703,0.972,0.874,0.868,0.8941292454701776,0.8880064260796073,0.8911118707993708,0.8832052343900845,0.061999999999999944,0.030000000000000027,0.061999999999999944,0.030000000000000027
dry_bean,official UCI static Dry_Bean_Dataset.arff,tree_class_means_binary,repository_cleanroom,label_flip,0.01,2026,nearest_center,500,0.9440117188884164,0.9111655226854197,0.5308215231130466,0.906,0.85,0.828,0.8801793632532705,0.8600684984876216,0.8767674961507204,0.8550455893599066,0.0,0.0,,
dry_bean,official UCI static Dry_Bean_Dataset.arff,tree_class_means_binary,repository_cleanroom,label_flip,0.01,2026,radius_aware_distance,500,0.9440117188884164,0.9111655226854197,0.5308215231130466,0.946,0.882,0.866,0.9030460798095471,0.8881376828244114,0.898422725464852,0.8833180341859225,0.03200000000000003,0.038000000000000034,,
dry_bean,official UCI static Dry_Bean_Dataset.arff,tree_class_means_binary,repository_cleanroom,label_flip,0.01,2026,three_center_inverse_distance_vote,500,0.9440117188884164,0.9111655226854197,0.5308215231130466,0.892,0.864,0.83,0.8785057949152965,0.8529195939581449,0.8800099873509312,0.8528319045095956,0.014000000000000012,0.0020000000000000018,,
dry_bean,official UCI static Dry_Bean_Dataset.arff,tree_class_means_binary,repository_cleanroom,label_flip,0.01,2026,native_radius_aware,500,0.9440117188884164,0.9111655226854197,0.5308215231130466,0.946,0.882,0.866,0.9030460798095471,0.8881376828244114,0.898422725464852,0.8833180341859225,0.03200000000000003,0.038000000000000034,0.03200000000000003,0.038000000000000034
dry_bean,official UCI static Dry_Bean_Dataset.arff,gbc_multiclass_cleanroom,repository_cleanroom,label_flip,0.01,2026,nearest_center,500,0.9696714916726134,0.9398628668188876,0.3564307967620701,0.942,0.852,0.832,0.8837040016998634,0.8571958987952507,0.880075140347674,0.854444644718396,0.0,0.0,,
dry_bean,official UCI static Dry_Bean_Dataset.arff,gbc_multiclass_cleanroom,repository_cleanroom,label_flip,0.01,2026,radius_aware_distance,500,0.9696714916726134,0.9398628668188876,0.3564307967620701,0.976,0.892,0.892,0.9084904550219637,0.9057658600293274,0.9065999240261707,0.9036771286749256,0.040000000000000036,0.06000000000000005,,
dry_bean,official UCI static Dry_Bean_Dataset.arff,gbc_multiclass_cleanroom,repository_cleanroom,label_flip,0.01,2026,three_center_inverse_distance_vote,500,0.9696714916726134,0.9398628668188876,0.3564307967620701,0.902,0.838,0.808,0.861698083726142,0.8230982466021975,0.8681833142949594,0.8264936775351063,-0.014000000000000012,-0.02399999999999991,,
dry_bean,official UCI static Dry_Bean_Dataset.arff,gbc_multiclass_cleanroom,repository_cleanroom,label_flip,0.01,2026,native_radius_aware,500,0.9696714916726134,0.9398628668188876,0.3564307967620701,0.976,0.892,0.892,0.9084904550219637,0.9057658600293274,0.9065999240261707,0.9036771286749256,0.040000000000000036,0.06000000000000005,0.040000000000000036,0.06000000000000005
dry_bean,official UCI static Dry_Bean_Dataset.arff,gbc_confidence_bound_control,repository_internal_control,label_flip,0.01,2026,nearest_center,500,0.9102944635468699,0.942410894520471,0.489931076631958,0.952,0.836,0.824,0.8634422740513926,0.8491895358404724,0.863065383921367,0.849686713330563,0.0,0.0,,
dry_bean,official UCI static Dry_Bean_Dataset.arff,gbc_confidence_bound_control,repository_internal_control,label_flip,0.01,2026,radius_aware_distance,500,0.9102944635468699,0.942410894520471,0.489931076631958,0.972,0.9,0.902,0.915243251738823,0.9152125693627797,0.9118877345918684,0.9116524354712995,0.06400000000000006,0.07800000000000007,,
dry_bean,official UCI static Dry_Bean_Dataset.arff,gbc_confidence_bound_control,repository_internal_control,label_flip,0.01,2026,three_center_inverse_distance_vote,500,0.9102944635468699,0.942410894520471,0.489931076631958,0.97,0.84,0.852,0.8587337300651859,0.8778443287267883,0.8643106283177407,0.8783665730878188,0.0040000000000000036,0.028000000000000025,,
dry_bean,official UCI static Dry_Bean_Dataset.arff,gbc_confidence_bound_control,repository_internal_control,label_flip,0.01,2026,native_radius_aware,500,0.9102944635468699,0.942410894520471,0.489931076631958,0.972,0.9,0.902,0.915243251738823,0.9152125693627797,0.9118877345918684,0.9116524354712995,0.06400000000000006,0.07800000000000007,0.06400000000000006,0.07800000000000007
micromass_pure_species,official UCI pure-reference spectra only; species target with bacterial-strain groups; mixture spectra excluded,tree_kmeans_binary,repository_cleanroom,sample_deletion,0.01,1,nearest_center,424,0.3433581953622902,0.5085497705465635,1.7265475013814686,0.6713286713286714,0.24475524475524477,0.23076923076923078,0.19709249084249084,0.2206547619047619,0.19910822510822512,0.21755031595739563,0.0,0.0,,
micromass_pure_species,official UCI pure-reference spectra only; species target with bacterial-strain groups; mixture spectra excluded,tree_kmeans_binary,repository_cleanroom,sample_deletion,0.01,1,radius_aware_distance,424,0.3433581953622902,0.5085497705465635,1.7265475013814686,0.04195804195804196,0.16783216783216784,0.14685314685314685,0.1441529304029304,0.10899267399267398,0.10836659335283441,0.09966356107660455,-0.07692307692307693,-0.08391608391608393,,
micromass_pure_species,official UCI pure-reference spectra only; species target with bacterial-strain groups; mixture spectra excluded,tree_kmeans_binary,repository_cleanroom,sample_deletion,0.01,1,three_center_inverse_distance_vote,424,0.3433581953622902,0.5085497705465635,1.7265475013814686,0.20279720279720279,0.24475524475524477,0.16783216783216784,0.19709249084249084,0.19535714285714284,0.19910822510822512,0.19284601587405328,0.0,-0.06293706293706294,,
micromass_pure_species,official UCI pure-reference spectra only; species target with bacterial-strain groups; mixture spectra excluded,tree_kmeans_binary,repository_cleanroom,sample_deletion,0.01,1,native_radius_aware,424,0.3433581953622902,0.5085497705465635,1.7265475013814686,0.04195804195804196,0.16783216783216784,0.14685314685314685,0.1441529304029304,0.10899267399267398,0.10836659335283441,0.09966356107660455,-0.07692307692307693,-0.08391608391608393,-0.07692307692307693,-0.08391608391608393
micromass_pure_species,official UCI pure-reference spectra only; species target with bacterial-strain groups; mixture spectra excluded,tree_class_means_binary,repository_cleanroom,sample_deletion,0.01,1,nearest_center,424,0.5555806104999204,0.8828892533414231,1.0211439936654498,0.7972027972027972,0.6573426573426573,0.6433566433566433,0.6288644688644688,0.6517078754578753,0.6343593357938709,0.6463504632622279,0.0,0.0,,
micromass_pure_species,official UCI pure-reference spectra only; species target with bacterial-strain groups; mixture spectra excluded,tree_class_means_binary,repository_cleanroom,sample_deletion,0.01,1,radius_aware_distance,424,0.5555806104999204,0.8828892533414231,1.0211439936654498,0.7062937062937062,0.16783216783216784,0.16083916083916083,0.129739010989011,0.12053571428571427,0.1064881696893892,0.0925531914893617,-0.4895104895104895,-0.4825174825174825,,
micromass_pure_species,official UCI pure-reference spectra only; species target with bacterial-strain groups; mixture spectra excluded,tree_class_means_binary,repository_cleanroom,sample_deletion,0.01,1,three_center_inverse_distance_vote,424,0.5555806104999204,0.8828892533414231,1.0211439936654498,0.7342657342657343,0.6363636363636364,0.6293706293706294,0.6207692307692307,0.6183150183150183,0.6247865902213727,0.6029554209771241,-0.020979020979020935,-0.013986013986013957,,
micromass_pure_species,official UCI pure-reference spectra only; species target with bacterial-strain groups; mixture spectra excluded,tree_class_means_binary,repository_cleanroom,sample_deletion,0.01,1,native_radius_aware,424,0.5555806104999204,0.8828892533414231,1.0211439936654498,0.7062937062937062,0.16783216783216784,0.16083916083916083,0.129739010989011,0.12053571428571427,0.1064881696893892,0.0925531914893617,-0.4895104895104895,-0.4825174825174825,-0.4895104895104895,-0.4825174825174825
micromass_pure_species,official UCI pure-reference spectra only; species target with bacterial-strain groups; mixture spectra excluded,gbc_multiclass_cleanroom,repository_cleanroom,sample_deletion,0.01,1,nearest_center,424,0.37411851148848646,0.9497961793538132,0.5543015245493113,0.9230769230769231,0.6083916083916084,0.6503496503496503,0.6038736263736264,0.6425412087912088,0.5964734862087803,0.6375764498659235,0.0,0.0,,
micromass_pure_species,official UCI pure-reference spectra only; species target with bacterial-strain groups; mixture spectra excluded,gbc_multiclass_cleanroom,repository_cleanroom,sample_deletion,0.01,1,radius_aware_distance,424,0.37411851148848646,0.9497961793538132,0.5543015245493113,0.5664335664335665,0.2867132867132867,0.16783216783216784,0.25961996336996335,0.13913003663003662,0.29440142205464787,0.09589021861619117,-0.3216783216783217,-0.4825174825174825,,
micromass_pure_species,official UCI pure-reference spectra only; species target with bacterial-strain groups; mixture spectra excluded,gbc_multiclass_cleanroom,repository_cleanroom,sample_deletion,0.01,1,three_center_inverse_distance_vote,424,0.37411851148848646,0.9497961793538132,0.5543015245493113,0.8811188811188811,0.6153846153846154,0.6503496503496503,0.6003388278388279,0.6325778388278388,0.5807097794992532,0.6222873596991245,0.006993006993006978,0.0,,
micromass_pure_species,official UCI pure-reference spectra only; species target with bacterial-strain groups; mixture spectra excluded,gbc_multiclass_cleanroom,repository_cleanroom,sample_deletion,0.01,1,native_radius_aware,424,0.37411851148848646,0.9497961793538132,0.5543015245493113,0.5664335664335665,0.2867132867132867,0.16783216783216784,0.25961996336996335,0.13913003663003662,0.29440142205464787,0.09589021861619117,-0.3216783216783217,-0.4825174825174825,-0.3216783216783217,-0.4825174825174825
micromass_pure_species,official UCI pure-reference spectra only; species target with bacterial-strain groups; mixture spectra excluded,gbc_confidence_bound_control,repository_internal_control,sample_deletion,0.01,1,nearest_center,424,0.4314677581067839,0.9581955384497456,0.4669074827222257,0.9230769230769231,0.6153846153846154,0.6433566433566433,0.6110164835164835,0.6362912087912088,0.604165793901088,0.6295819443714181,0.0,0.0,,
micromass_pure_species,official UCI pure-reference spectra only; species target with bacterial-strain groups; mixture spectra excluded,gbc_confidence_bound_control,repository_internal_control,sample_deletion,0.01,1,radius_aware_distance,424,0.4314677581067839,0.9581955384497456,0.4669074827222257,0.25874125874125875,0.27972027972027974,0.17482517482517482,0.2524771062271062,0.14986721611721612,0.28907927014505963,0.12208535967578522,-0.3356643356643357,-0.46853146853146854,,
micromass_pure_species,official UCI pure-reference spectra only; species target with bacterial-strain groups; mixture spectra excluded,gbc_confidence_bound_control,repository_internal_control,sample_deletion,0.01,1,three_center_inverse_distance_vote,424,0.4314677581067839,0.9581955384497456,0.4669074827222257,0.9090909090909091,0.6223776223776224,0.6433566433566433,0.6112912087912088,0.6263278388278388,0.5929313912208649,0.6136712209359267,0.006993006993006978,0.0,,
micromass_pure_species,official UCI pure-reference spectra only; species target with bacterial-strain groups; mixture spectra excluded,gbc_confidence_bound_control,repository_internal_control,sample_deletion,0.01,1,native_radius_aware,424,0.4314677581067839,0.9581955384497456,0.4669074827222257,0.25874125874125875,0.27972027972027974,0.17482517482517482,0.2524771062271062,0.14986721611721612,0.28907927014505963,0.12208535967578522,-0.3356643356643357,-0.46853146853146854,-0.3356643356643357,-0.46853146853146854
micromass_pure_species,official UCI pure-reference spectra only; species target with bacterial-strain groups; mixture spectra excluded,tree_kmeans_binary,repository_cleanroom,sample_deletion,0.01,7,nearest_center,424,0.5145070109688238,0.626287380839533,1.4785149582275006,0.7552447552447552,0.24475524475524477,0.2727272727272727,0.19709249084249084,0.2235668498168498,0.19910822510822512,0.22769727348674715,0.0,0.0,,
micromass_pure_species,official UCI pure-reference spectra only; species target with bacterial-strain groups; mixture spectra excluded,tree_kmeans_binary,repository_cleanroom,sample_deletion,0.01,7,radius_aware_distance,424,0.5145070109688238,0.626287380839533,1.4785149582275006,0.2727272727272727,0.16783216783216784,0.13986013986013987,0.1441529304029304,0.10446428571428572,0.10836659335283441,0.0811129531129531,-0.07692307692307693,-0.13286713286713284,,
micromass_pure_species,official UCI pure-reference spectra only; species target with bacterial-strain groups; mixture spectra excluded,tree_kmeans_binary,repository_cleanroom,sample_deletion,0.01,7,three_center_inverse_distance_vote,424,0.5145070109688238,0.626287380839533,1.4785149582275006,0.7552447552447552,0.24475524475524477,0.25874125874125875,0.19709249084249084,0.21434065934065932,0.19910822510822512,0.2240456591441608,0.0,-0.013986013986013957,,
micromass_pure_species,official UCI pure-reference spectra only; species target with bacterial-strain groups; mixture spectra excluded,tree_kmeans_binary,repository_cleanroom,sample_deletion,0.01,7,native_radius_aware,424,0.5145070109688238,0.626287380839533,1.4785149582275006,0.2727272727272727,0.16783216783216784,0.13986013986013987,0.1441529304029304,0.10446428571428572,0.10836659335283441,0.0811129531129531,-0.07692307692307693,-0.13286713286713284,-0.07692307692307693,-0.13286713286713284
micromass_pure_species,official UCI pure-reference spectra only; species target with bacterial-strain groups; mixture spectra excluded,tree_class_means_binary,repository_cleanroom,sample_deletion,0.01,7,nearest_center,424,0.6380862726528118,0.8922428447303572,0.9412568798202754,0.7552447552447552,0.6573426573426573,0.6153846153846154,0.6288644688644688,0.5996840659340659,0.6343593357938709,0.6246245596508755,0.0,0.0,,
micromass_pure_species,official UCI pure-reference spectra only; species target with bacterial-strain groups; mixture spectra excluded,tree_class_means_binary,repository_cleanroom,sample_deletion,0.01,7,radius_aware_distance,424,0.6380862726528118,0.8922428447303572,0.9412568798202754,0.9090909090909091,0.16783216783216784,0.21678321678321677,0.129739010989011,0.1718269230769231,0.1064881696893892,0.16259379509379507,-0.4895104895104895,-0.39860139860139865,,
micromass_pure_species,official UCI pure-reference spectra only; species target with bacterial-strain groups; mixture spectra excluded,tree_class_means_binary,repository_cleanroom,sample_deletion,0.01,7,three_center_inverse_distance_vote,424,0.6380862726528118,0.8922428447303572,0.9412568798202754,0.7552447552447552,0.6363636363636364,0.6293706293706294,0.6207692307692307,0.6034706959706959,0.6247865902213727,0.6348676082371735,-0.020979020979020935,0.013986013986013957,,
micromass_pure_species,official UCI pure-reference spectra only; species target with bacterial-strain groups; mixture spectra excluded,tree_class_means_binary,repository_cleanroom,sample_deletion,0.01,7,native_radius_aware,424,0.6380862726528118,0.8922428447303572,0.9412568798202754,0.9090909090909091,0.16783216783216784,0.21678321678321677,0.129739010989011,0.1718269230769231,0.1064881696893892,0.16259379509379507,-0.4895104895104895,-0.39860139860139865,-0.4895104895104895,-0.39860139860139865
micromass_pure_species,official UCI pure-reference spectra only; species target with bacterial-strain groups; mixture spectra excluded,gbc_multiclass_cleanroom,repository_cleanroom,sample_deletion,0.01,7,nearest_center,424,0.42730373710458325,0.9603093990329994,0.43974696493422094,0.9230769230769231,0.6083916083916084,0.6433566433566433,0.6038736263736264,0.6491117216117216,0.5964734862087803,0.6494627039627041,0.0,0.0,,
micromass_pure_species,official UCI pure-reference spectra only; species target with bacterial-strain groups; mixture spectra excluded,gbc_multiclass_cleanroom,repository_cleanroom,sample_deletion,0.01,7,radius_aware_distance,424,0.42730373710458325,0.9603093990329994,0.43974696493422094,0.3076923076923077,0.2867132867132867,0.16083916083916083,0.25961996336996335,0.128021978021978,0.29440142205464787,0.09443181818181819,-0.3216783216783217,-0.4825174825174825,,
micromass_pure_species,official UCI pure-reference spectra only; species target with bacterial-strain groups; mixture spectra excluded,gbc_multiclass_cleanroom,repository_cleanroom,sample_deletion,0.01,7,three_center_inverse_distance_vote,424,0.42730373710458325,0.9603093990329994,0.43974696493422094,0.8811188811188811,0.6153846153846154,0.6433566433566433,0.6003388278388279,0.6225778388278388,0.5807097794992532,0.6142225678804626,0.006993006993006978,0.0,,
micromass_pure_species,official UCI pure-reference spectra only; species target with bacterial-strain groups; mixture spectra excluded,gbc_multiclass_cleanroom,repository_cleanroom,sample_deletion,0.01,7,native_radius_aware,424,0.42730373710458325,0.9603093990329994,0.43974696493422094,0.3076923076923077,0.2867132867132867,0.16083916083916083,0.25961996336996335,0.128021978021978,0.29440142205464787,0.09443181818181819,-0.3216783216783217,-0.4825174825174825,-0.3216783216783217,-0.4825174825174825
micromass_pure_species,official UCI pure-reference spectra only; species target with bacterial-strain groups; mixture spectra excluded,gbc_confidence_bound_control,repository_internal_control,sample_deletion,0.01,7,nearest_center,424,0.3854973037719054,0.9647086915472225,0.3971787681954453,0.9300699300699301,0.6153846153846154,0.6503496503496503,0.6110164835164835,0.6529578754578755,0.604165793901088,0.6510397769871454,0.0,0.0,,
micromass_pure_species,official UCI pure-reference spectra only; species target with bacterial-strain groups; mixture spectra excluded,gbc_confidence_bound_control,repository_internal_control,sample_deletion,0.01,7,radius_aware_distance,424,0.3854973037719054,0.9647086915472225,0.3971787681954453,0.1888111888111888,0.27972027972027974,0.15384615384615385,0.2524771062271062,0.12417582417582418,0.28907927014505963,0.09866973935155754,-0.3356643356643357,-0.49650349650349646,,
micromass_pure_species,official UCI pure-reference spectra only; species target with bacterial-strain groups; mixture spectra excluded,gbc_confidence_bound_control,repository_internal_control,sample_deletion,0.01,7,three_center_inverse_distance_vote,424,0.3854973037719054,0.9647086915472225,0.3971787681954453,0.8881118881118881,0.6223776223776224,0.6503496503496503,0.6112912087912088,0.6297206959706959,0.5929313912208649,0.6203894808894809,0.006993006993006978,0.0,,
micromass_pure_species,official UCI pure-reference spectra only; species target with bacterial-strain groups; mixture spectra excluded,gbc_confidence_bound_control,repository_internal_control,sample_deletion,0.01,7,native_radius_aware,424,0.3854973037719054,0.9647086915472225,0.3971787681954453,0.1888111888111888,0.27972027972027974,0.15384615384615385,0.2524771062271062,0.12417582417582418,0.28907927014505963,0.09866973935155754,-0.3356643356643357,-0.49650349650349646,-0.3356643356643357,-0.49650349650349646
micromass_pure_species,official UCI pure-reference spectra only; species target with bacterial-strain groups; mixture spectra excluded,tree_kmeans_binary,repository_cleanroom,sample_deletion,0.01,21,nearest_center,424,0.4629937936163884,0.6000603328565937,1.7451819967990456,0.7132867132867133,0.24475524475524477,0.32167832167832167,0.19709249084249084,0.285746336996337,0.19910822510822512,0.29336802086802083,0.0,0.0,,
micromass_pure_species,official UCI pure-reference spectra only; species target with bacterial-strain groups; mixture spectra excluded,tree_kmeans_binary,repository_cleanroom,sample_deletion,0.01,21,radius_aware_distance,424,0.4629937936163884,0.6000603328565937,1.7451819967990456,0.07692307692307693,0.16783216783216784,0.1048951048951049,0.1441529304029304,0.11726648351648353,0.10836659335283441,0.09687963128513814,-0.07692307692307693,-0.21678321678321677,,
micromass_pure_species,official UCI pure-reference spectra only; species target with bacterial-strain groups; mixture spectra excluded,tree_kmeans_binary,repository_cleanroom,sample_deletion,0.01,21,three_center_inverse_distance_vote,424,0.4629937936163884,0.6000603328565937,1.7451819967990456,0.6783216783216783,0.24475524475524477,0.32867132867132864,0.19709249084249084,0.28959249084249084,0.19910822510822512,0.27776513341730735,0.0,0.006993006993006978,,
micromass_pure_species,official UCI pure-reference spectra only; species target with bacterial-strain groups; mixture spectra excluded,tree_kmeans_binary,repository_cleanroom,sample_deletion,0.01,21,native_radius_aware,424,0.4629937936163884,0.6000603328565937,1.7451819967990456,0.07692307692307693,0.16783216783216784,0.1048951048951049,0.1441529304029304,0.11726648351648353,0.10836659335283441,0.09687963128513814,-0.07692307692307693,-0.21678321678321677,-0.07692307692307693,-0.21678321678321677
micromass_pure_species,official UCI pure-reference spectra only; species target with bacterial-strain groups; mixture spectra excluded,tree_class_means_binary,repository_cleanroom,sample_deletion,0.01,21,nearest_center,424,0.48499870173701015,0.859368066889797,1.2485785664286393,0.7832167832167832,0.6573426573426573,0.5874125874125874,0.6288644688644688,0.5714697802197801,0.6343593357938709,0.5666324559691165,0.0,0.0,,
micromass_pure_species,official UCI pure-reference spectra only; species target with bacterial-strain groups; mixture spectra excluded,tree_class_means_binary,repository_cleanroom,sample_deletion,0.01,21,radius_aware_distance,424,0.48499870173701015,0.859368066889797,1.2485785664286393,0.4825174825174825,0.16783216783216784,0.2097902097902098,0.129739010989011,0.18686813186813186,0.1064881696893892,0.18021565249186733,-0.4895104895104895,-0.3776223776223776,,
micromass_pure_species,official UCI pure-reference spectra only; species target with bacterial-strain groups; mixture spectra excluded,tree_class_means_binary,repository_cleanroom,sample_deletion,0.01,21,three_center_inverse_distance_vote,424,0.48499870173701015,0.859368066889797,1.2485785664286393,0.7272727272727273,0.6363636363636364,0.6083916083916084,0.6207692307692307,0.584661172161172,0.6247865902213727,0.5746058325861972,-0.020979020979020935,0.020979020979021046,,
micromass_pure_species,official UCI pure-reference spectra only; species target with bacterial-strain groups; mixture spectra excluded,tree_class_means_binary,repository_cleanroom,sample_deletion,0.01,21,native_radius_aware,424,0.48499870173701015,0.859368066889797,1.2485785664286393,0.4825174825174825,0.16783216783216784,0.2097902097902098,0.129739010989011,0.18686813186813186,0.1064881696893892,0.18021565249186733,-0.4895104895104895,-0.3776223776223776,-0.4895104895104895,-0.3776223776223776
micromass_pure_species,official UCI pure-reference spectra only; species target with bacterial-strain groups; mixture spectra excluded,gbc_multiclass_cleanroom,repository_cleanroom,sample_deletion,0.01,21,nearest_center,424,0.441832921198153,0.9594886670716496,0.45111509795096794,0.958041958041958,0.6083916083916084,0.6153846153846154,0.6038736263736264,0.6089331501831502,0.5964734862087803,0.6036922489275431,0.0,0.0,,
micromass_pure_species,official UCI pure-reference spectra only; species target with bacterial-strain groups; mixture spectra excluded,gbc_multiclass_cleanroom,repository_cleanroom,sample_deletion,0.01,21,radius_aware_distance,424,0.441832921198153,0.9594886670716496,0.45111509795096794,0.20279720279720279,0.2867132867132867,0.26573426573426573,0.25961996336996335,0.21195970695970695,0.29440142205464787,0.20080579637081186,-0.3216783216783217,-0.3496503496503497,,
micromass_pure_species,official UCI pure-reference spectra only; species target with bacterial-strain groups; mixture spectra excluded,gbc_multiclass_cleanroom,repository_cleanroom,sample_deletion,0.01,21,three_center_inverse_distance_vote,424,0.441832921198153,0.9594886670716496,0.45111509795096794,0.8951048951048951,0.6153846153846154,0.6363636363636364,0.6003388278388279,0.6233974358974359,0.5807097794992532,0.6110828423323353,0.006993006993006978,0.020979020979020935,,
micromass_pure_species,official UCI pure-reference spectra only; species target with bacterial-strain groups; mixture spectra excluded,gbc_multiclass_cleanroom,repository_cleanroom,sample_deletion,0.01,21,native_radius_aware,424,0.441832921198153,0.9594886670716496,0.45111509795096794,0.20279720279720279,0.2867132867132867,0.26573426573426573,0.25961996336996335,0.21195970695970695,0.29440142205464787,0.20080579637081186,-0.3216783216783217,-0.3496503496503497,-0.3216783216783217,-0.3496503496503497
micromass_pure_species,official UCI pure-reference spectra only; species target with bacterial-strain groups; mixture spectra excluded,gbc_confidence_bound_control,repository_internal_control,sample_deletion,0.01,21,nearest_center,424,0.47448967544834486,0.9642521893061181,0.40097467091577066,0.965034965034965,0.6153846153846154,0.6153846153846154,0.6110164835164835,0.6089331501831502,0.604165793901088,0.6036922489275431,0.0,0.0,,
micromass_pure_species,official UCI pure-reference spectra only; species target with bacterial-strain groups; mixture spectra excluded,gbc_confidence_bound_control,repository_internal_control,sample_deletion,0.01,21,radius_aware_distance,424,0.47448967544834486,0.9642521893061181,0.40097467091577066,0.20279720279720279,0.27972027972027974,0.24475524475524477,0.2524771062271062,0.18695970695970696,0.28907927014505963,0.18112859856861402,-0.3356643356643357,-0.3706293706293706,,
micromass_pure_species,official UCI pure-reference spectra only; species target with bacterial-strain groups; mixture spectra excluded,gbc_confidence_bound_control,repository_internal_control,sample_deletion,0.01,21,three_center_inverse_distance_vote,424,0.47448967544834486,0.9642521893061181,0.40097467091577066,0.9230769230769231,0.6223776223776224,0.6433566433566433,0.6112912087912088,0.6317307692307692,0.5929313912208649,0.6186115779645192,0.006993006993006978,0.027972027972027913,,
micromass_pure_species,official UCI pure-reference spectra only; species target with bacterial-strain groups; mixture spectra excluded,gbc_confidence_bound_control,repository_internal_control,sample_deletion,0.01,21,native_radius_aware,424,0.47448967544834486,0.9642521893061181,0.40097467091577066,0.20279720279720279,0.27972027972027974,0.24475524475524477,0.2524771062271062,0.18695970695970696,0.28907927014505963,0.18112859856861402,-0.3356643356643357,-0.3706293706293706,-0.3356643356643357,-0.3706293706293706
micromass_pure_species,official UCI pure-reference spectra only; species target with bacterial-strain groups; mixture spectra excluded,tree_kmeans_binary,repository_cleanroom,sample_deletion,0.01,42,nearest_center,424,0.3659614749520491,0.561395764430382,1.6934535787053648,0.5804195804195804,0.24475524475524477,0.27972027972027974,0.19709249084249084,0.2575503663003663,0.19910822510822512,0.2893806822108709,0.0,0.0,,
micromass_pure_species,official UCI pure-reference spectra only; species target with bacterial-strain groups; mixture spectra excluded,tree_kmeans_binary,repository_cleanroom,sample_deletion,0.01,42,radius_aware_distance,424,0.3659614749520491,0.561395764430382,1.6934535787053648,0.0,0.16783216783216784,0.04895104895104895,0.1441529304029304,0.05,0.10836659335283441,0.004666666666666667,-0.07692307692307693,-0.23076923076923078,,
micromass_pure_species,official UCI pure-reference spectra only; species target with bacterial-strain groups; mixture spectra excluded,tree_kmeans_binary,repository_cleanroom,sample_deletion,0.01,42,three_center_inverse_distance_vote,424,0.3659614749520491,0.561395764430382,1.6934535787053648,0.5874125874125874,0.24475524475524477,0.27972027972027974,0.19709249084249084,0.2516575091575092,0.19910822510822512,0.2807421342935361,0.0,0.0,,
micromass_pure_species,official UCI pure-reference spectra only; species target with bacterial-strain groups; mixture spectra excluded,tree_kmeans_binary,repository_cleanroom,sample_deletion,0.01,42,native_radius_aware,424,0.3659614749520491,0.561395764430382,1.6934535787053648,0.0,0.16783216783216784,0.04895104895104895,0.1441529304029304,0.05,0.10836659335283441,0.004666666666666667,-0.07692307692307693,-0.23076923076923078,-0.07692307692307693,-0.23076923076923078
micromass_pure_species,official UCI pure-reference spectra only; species target with bacterial-strain groups; mixture spectra excluded,tree_class_means_binary,repository_cleanroom,sample_deletion,0.01,42,nearest_center,424,0.5531660454826302,0.8769285031621592,1.0946899063423974,0.7622377622377622,0.6573426573426573,0.6363636363636364,0.6288644688644688,0.6172573260073259,0.6343593357938709,0.6253401768510126,0.0,0.0,,
micromass_pure_species,official UCI pure-reference spectra only; species target with bacterial-strain groups; mixture spectra excluded,tree_class_means_binary,repository_cleanroom,sample_deletion,0.01,42,radius_aware_distance,424,0.5531660454826302,0.8769285031621592,1.0946899063423974,0.07692307692307693,0.16783216783216784,0.2097902097902098,0.129739010989011,0.19254578754578755,0.1064881696893892,0.1840448423082966,-0.4895104895104895,-0.42657342657342656,,
micromass_pure_species,official UCI pure-reference spectra only; species target with bacterial-strain groups; mixture spectra excluded,tree_class_means_binary,repository_cleanroom,sample_deletion,0.01,42,three_center_inverse_distance_vote,424,0.5531660454826302,0.8769285031621592,1.0946899063423974,0.7412587412587412,0.6363636363636364,0.6573426573426573,0.6207692307692307,0.6402930402930403,0.6247865902213727,0.6584293157822569,-0.020979020979020935,0.020979020979020935,,
micromass_pure_species,official UCI pure-reference spectra only; species target with bacterial-strain groups; mixture spectra excluded,tree_class_means_binary,repository_cleanroom,sample_deletion,0.01,42,native_radius_aware,424,0.5531660454826302,0.8769285031621592,1.0946899063423974,0.07692307692307693,0.16783216783216784,0.2097902097902098,0.129739010989011,0.19254578754578755,0.1064881696893892,0.1840448423082966,-0.4895104895104895,-0.42657342657342656,-0.4895104895104895,-0.42657342657342656
micromass_pure_species,official UCI pure-reference spectra only; species target with bacterial-strain groups; mixture spectra excluded,gbc_multiclass_cleanroom,repository_cleanroom,sample_deletion,0.01,42,nearest_center,424,0.3368105680592695,0.9564102729787329,0.4841040562513701,0.9370629370629371,0.6083916083916084,0.6293706293706294,0.6038736263736264,0.6241117216117217,0.5964734862087803,0.6201888374783112,0.0,0.0,,
micromass_pure_species,official UCI pure-reference spectra only; species target with bacterial-strain groups; mixture spectra excluded,gbc_multiclass_cleanroom,repository_cleanroom,sample_deletion,0.01,42,radius_aware_distance,424,0.3368105680592695,0.9564102729787329,0.4841040562513701,0.40559440559440557,0.2867132867132867,0.24475524475524477,0.25961996336996335,0.18245421245421242,0.29440142205464787,0.1787605042016807,-0.3216783216783217,-0.3846153846153846,,
micromass_pure_species,official UCI pure-reference spectra only; species target with bacterial-strain groups; mixture spectra excluded,gbc_multiclass_cleanroom,repository_cleanroom,sample_deletion,0.01,42,three_center_inverse_distance_vote,424,0.3368105680592695,0.9564102729787329,0.4841040562513701,0.8881118881118881,0.6153846153846154,0.6083916083916084,0.6003388278388279,0.589647435897436,0.5807097794992532,0.5747288822288823,0.006993006993006978,-0.020979020979020935,,
micromass_pure_species,official UCI pure-reference spectra only; species target with bacterial-strain groups; mixture spectra excluded,gbc_multiclass_cleanroom,repository_cleanroom,sample_deletion,0.01,42,native_radius_aware,424,0.3368105680592695,0.9564102729787329,0.4841040562513701,0.40559440559440557,0.2867132867132867,0.24475524475524477,0.25961996336996335,0.18245421245421242,0.29440142205464787,0.1787605042016807,-0.3216783216783217,-0.3846153846153846,-0.3216783216783217,-0.3846153846153846
micromass_pure_species,official UCI pure-reference spectra only; species target with bacterial-strain groups; mixture spectra excluded,gbc_confidence_bound_control,repository_internal_control,sample_deletion,0.01,42,nearest_center,424,0.41522401570736156,0.9673555673326746,0.36900256669414944,0.9370629370629371,0.6153846153846154,0.6293706293706294,0.6110164835164835,0.6241117216117217,0.604165793901088,0.6196584731058415,0.0,0.0,,
micromass_pure_species,official UCI pure-reference spectra only; species target with bacterial-strain groups; mixture spectra excluded,gbc_confidence_bound_control,repository_internal_control,sample_deletion,0.01,42,radius_aware_distance,424,0.41522401570736156,0.9673555673326746,0.36900256669414944,0.14685314685314685,0.27972027972027974,0.24475524475524477,0.2524771062271062,0.18040293040293037,0.28907927014505963,0.19080065359477122,-0.3356643356643357,-0.3846153846153846,,
micromass_pure_species,official UCI pure-reference spectra only; species target with bacterial-strain groups; mixture spectra excluded,gbc_confidence_bound_control,repository_internal_control,sample_deletion,0.01,42,three_center_inverse_distance_vote,424,0.41522401570736156,0.9673555673326746,0.36900256669414944,0.916083916083916,0.6223776223776224,0.6223776223776224,0.6112912087912088,0.609647435897436,0.5929313912208649,0.598456952404321,0.006993006993006978,-0.006993006993006978,,
micromass_pure_species,official UCI pure-reference spectra only; species target with bacterial-strain groups; mixture spectra excluded,gbc_confidence_bound_control,repository_internal_control,sample_deletion,0.01,42,native_radius_aware,424,0.41522401570736156,0.9673555673326746,0.36900256669414944,0.14685314685314685,0.27972027972027974,0.24475524475524477,0.2524771062271062,0.18040293040293037,0.28907927014505963,0.19080065359477122,-0.3356643356643357,-0.3846153846153846,-0.3356643356643357,-0.3846153846153846
micromass_pure_species,official UCI pure-reference spectra only; species target with bacterial-strain groups; mixture spectra excluded,tree_kmeans_binary,repository_cleanroom,sample_deletion,0.01,2026,nearest_center,424,0.40467620261759607,0.578022405549141,1.875449456776062,0.6433566433566433,0.24475524475524477,0.3146853146853147,0.19709249084249084,0.26073260073260074,0.19910822510822512,0.2911638361638362,0.0,0.0,,
micromass_pure_species,official UCI pure-reference spectra only; species target with bacterial-strain groups; mixture spectra excluded,tree_kmeans_binary,repository_cleanroom,sample_deletion,0.01,2026,radius_aware_distance,424,0.40467620261759607,0.578022405549141,1.875449456776062,0.03496503496503497,0.16783216783216784,0.1048951048951049,0.1441529304029304,0.06626373626373624,0.10836659335283441,0.029157612974334744,-0.07692307692307693,-0.2097902097902098,,
micromass_pure_species,official UCI pure-reference spectra only; species target with bacterial-strain groups; mixture spectra excluded,tree_kmeans_binary,repository_cleanroom,sample_deletion,0.01,2026,three_center_inverse_distance_vote,424,0.40467620261759607,0.578022405549141,1.875449456776062,0.6433566433566433,0.24475524475524477,0.3776223776223776,0.19709249084249084,0.3047252747252748,0.19910822510822512,0.3275560609603163,0.0,0.06293706293706292,,
micromass_pure_species,official UCI pure-reference spectra only; species target with bacterial-strain groups; mixture spectra excluded,tree_kmeans_binary,repository_cleanroom,sample_deletion,0.01,2026,native_radius_aware,424,0.40467620261759607,0.578022405549141,1.875449456776062,0.03496503496503497,0.16783216783216784,0.1048951048951049,0.1441529304029304,0.06626373626373624,0.10836659335283441,0.029157612974334744,-0.07692307692307693,-0.2097902097902098,-0.07692307692307693,-0.2097902097902098
micromass_pure_species,official UCI pure-reference spectra only; species target with bacterial-strain groups; mixture spectra excluded,tree_class_means_binary,repository_cleanroom,sample_deletion,0.01,2026,nearest_center,424,0.5998915695310382,0.8828684580596926,1.0328829965843331,0.7832167832167832,0.6573426573426573,0.6363636363636364,0.6288644688644688,0.6471016483516483,0.6343593357938709,0.6484890109890109,0.0,0.0,,
micromass_pure_species,official UCI pure-reference spectra only; species target with bacterial-strain groups; mixture spectra excluded,tree_class_means_binary,repository_cleanroom,sample_deletion,0.01,2026,radius_aware_distance,424,0.5998915695310382,0.8828684580596926,1.0328829965843331,0.8811188811188811,0.16783216783216784,0.23076923076923078,0.129739010989011,0.1819230769230769,0.1064881696893892,0.18018762590544768,-0.4895104895104895,-0.40559440559440557,,
micromass_pure_species,official UCI pure-reference spectra only; species target with bacterial-strain groups; mixture spectra excluded,tree_class_means_binary,repository_cleanroom,sample_deletion,0.01,2026,three_center_inverse_distance_vote,424,0.5998915695310382,0.8828684580596926,1.0328829965843331,0.7202797202797203,0.6363636363636364,0.6083916083916084,0.6207692307692307,0.6059111721611721,0.6247865902213727,0.5914908375937787,-0.020979020979020935,-0.027972027972027913,,
micromass_pure_species,official UCI pure-reference spectra only; species target with bacterial-strain groups; mixture spectra excluded,tree_class_means_binary,repository_cleanroom,sample_deletion,0.01,2026,native_radius_aware,424,0.5998915695310382,0.8828684580596926,1.0328829965843331,0.8811188811188811,0.16783216783216784,0.23076923076923078,0.129739010989011,0.1819230769230769,0.1064881696893892,0.18018762590544768,-0.4895104895104895,-0.40559440559440557,-0.4895104895104895,-0.40559440559440557
micromass_pure_species,official UCI pure-reference spectra only; species target with bacterial-strain groups; mixture spectra excluded,gbc_multiclass_cleanroom,repository_cleanroom,sample_deletion,0.01,2026,nearest_center,424,0.3559989819317982,0.9518587866025028,0.5317129274407559,0.8881118881118881,0.6083916083916084,0.6433566433566433,0.6038736263736264,0.637481684981685,0.5964734862087803,0.6321532424690319,0.0,0.0,,
micromass_pure_species,official UCI pure-reference spectra only; species target with bacterial-strain groups; mixture spectra excluded,gbc_multiclass_cleanroom,repository_cleanroom,sample_deletion,0.01,2026,radius_aware_distance,424,0.3559989819317982,0.9518587866025028,0.5317129274407559,0.09090909090909091,0.2867132867132867,0.16083916083916083,0.25961996336996335,0.09086538461538461,0.29440142205464787,0.06092431160924312,-0.3216783216783217,-0.4825174825174825,,
micromass_pure_species,official UCI pure-reference spectra only; species target with bacterial-strain groups; mixture spectra excluded,gbc_multiclass_cleanroom,repository_cleanroom,sample_deletion,0.01,2026,three_center_inverse_distance_vote,424,0.3559989819317982,0.9518587866025028,0.5317129274407559,0.8181818181818182,0.6153846153846154,0.6363636363636364,0.6003388278388279,0.6205173992673993,0.5807097794992532,0.6084715513244926,0.006993006993006978,-0.006993006993006978,,
micromass_pure_species,official UCI pure-reference spectra only; species target with bacterial-strain groups; mixture spectra excluded,gbc_multiclass_cleanroom,repository_cleanroom,sample_deletion,0.01,2026,native_radius_aware,424,0.3559989819317982,0.9518587866025028,0.5317129274407559,0.09090909090909091,0.2867132867132867,0.16083916083916083,0.25961996336996335,0.09086538461538461,0.29440142205464787,0.06092431160924312,-0.3216783216783217,-0.4825174825174825,-0.3216783216783217,-0.4825174825174825
micromass_pure_species,official UCI pure-reference spectra only; species target with bacterial-strain groups; mixture spectra excluded,gbc_confidence_bound_control,repository_internal_control,sample_deletion,0.01,2026,nearest_center,424,0.3503408692448522,0.962643270860546,0.4209994396693233,0.8881118881118881,0.6153846153846154,0.6433566433566433,0.6110164835164835,0.637481684981685,0.604165793901088,0.6315854593749332,0.0,0.0,,
micromass_pure_species,official UCI pure-reference spectra only; species target with bacterial-strain groups; mixture spectra excluded,gbc_confidence_bound_control,repository_internal_control,sample_deletion,0.01,2026,radius_aware_distance,424,0.3503408692448522,0.962643270860546,0.4209994396693233,0.04195804195804196,0.27972027972027974,0.13286713286713286,0.2524771062271062,0.09125,0.28907927014505963,0.0661642735974797,-0.3356643356643357,-0.5104895104895104,,
micromass_pure_species,official UCI pure-reference spectra only; species target with bacterial-strain groups; mixture spectra excluded,gbc_confidence_bound_control,repository_internal_control,sample_deletion,0.01,2026,three_center_inverse_distance_vote,424,0.3503408692448522,0.962643270860546,0.4209994396693233,0.8321678321678322,0.6223776223776224,0.6363636363636364,0.6112912087912088,0.6266712454212454,0.5929313912208649,0.6154502915385269,0.006993006993006978,-0.006993006993006978,,
micromass_pure_species,official UCI pure-reference spectra only; species target with bacterial-strain groups; mixture spectra excluded,gbc_confidence_bound_control,repository_internal_control,sample_deletion,0.01,2026,native_radius_aware,424,0.3503408692448522,0.962643270860546,0.4209994396693233,0.04195804195804196,0.27972027972027974,0.13286713286713286,0.2524771062271062,0.09125,0.28907927014505963,0.0661642735974797,-0.3356643356643357,-0.5104895104895104,-0.3356643356643357,-0.5104895104895104
