experiment_id,seed,collusion_strength,drift,malicious_ratio,method,n_auditors,n_groups,additional_audit_cost,decision_delay,false_rejection_rate,false_trust_rate,final_audit_accuracy,malicious_auprc,malicious_auroc
multi-auditor-v1-s1,1,0.5,0.0,0.1,beta_reputation,20,,0.0,1.4710069514257667,0.0,0.5,1.0,0.5833333333333334,0.7361111111111112
multi-auditor-v1-s1,1,0.5,0.0,0.1,dawid_skene,20,,0.0,1.4710069514257667,0.0,0.0,1.0,1.0,1.0
multi-auditor-v1-s1,1,0.5,0.0,0.1,gb_three_way,20,1.0,0.0,1.4710069514257667,0.0,1.0,1.0,0.1,0.5
multi-auditor-v1-s1,1,0.5,0.0,0.1,granular_ball,20,1.0,0.0,1.4710069514257667,0.0,1.0,1.0,0.1,0.5
multi-auditor-v1-s1,1,0.5,0.0,0.1,kmeans_trust,20,1.0,0.0,1.4710069514257667,0.0,1.0,1.0,0.1,0.5
multi-auditor-v1-s1,1,0.5,0.0,0.1,knn_competence,20,,0.0,1.4710069514257667,0.0,0.5,1.0,0.5833333333333334,0.7361111111111112
multi-auditor-v1-s1,1,0.5,0.0,0.1,majority_vote,20,,0.0,1.4710069514257667,0.0,1.0,1.0,0.1,0.5
multi-auditor-v1-s1,1,0.5,0.0,0.1,tree_partition,20,1.0,0.0,1.4710069514257667,0.0,1.0,1.0,0.1,0.5
multi-auditor-v1-s1,1,0.5,0.0,0.1,weighted_majority,20,,0.0,1.4928489241215581,0.05555555555555555,0.5,1.0,0.5833333333333334,0.7361111111111112
multi-auditor-v1-s7,7,0.5,0.0,0.1,beta_reputation,20,,0.0,1.504190648819708,0.0,0.5,1.0,0.5555555555555556,0.5972222222222222
multi-auditor-v1-s7,7,0.5,0.0,0.1,dawid_skene,20,,0.0,1.504190648819708,0.0,0.0,1.0,1.0,1.0
multi-auditor-v1-s7,7,0.5,0.0,0.1,gb_three_way,20,1.0,0.0,1.504190648819708,0.0,1.0,1.0,0.1,0.5
multi-auditor-v1-s7,7,0.5,0.0,0.1,granular_ball,20,1.0,0.0,1.504190648819708,0.0,1.0,1.0,0.1,0.5
multi-auditor-v1-s7,7,0.5,0.0,0.1,kmeans_trust,20,1.0,0.0,1.504190648819708,0.0,1.0,1.0,0.1,0.5
multi-auditor-v1-s7,7,0.5,0.0,0.1,knn_competence,20,,0.0,1.504190648819708,0.0,0.5,1.0,0.5555555555555556,0.5972222222222222
multi-auditor-v1-s7,7,0.5,0.0,0.1,majority_vote,20,,0.0,1.504190648819708,0.0,1.0,1.0,0.1,0.5
multi-auditor-v1-s7,7,0.5,0.0,0.1,tree_partition,20,1.0,0.0,1.504190648819708,0.0,1.0,1.0,0.1,0.5
multi-auditor-v1-s7,7,0.5,0.0,0.1,weighted_majority,20,,0.0,1.5061485849355516,0.05555555555555555,0.5,1.0,0.5555555555555556,0.5972222222222222
multi-auditor-v1-s21,21,0.5,0.0,0.1,beta_reputation,20,,0.0,1.585692407305266,0.0,0.5,1.0,0.5769230769230769,0.7083333333333333
multi-auditor-v1-s21,21,0.5,0.0,0.1,dawid_skene,20,,0.0,1.585692407305266,0.0,0.0,1.0,1.0,1.0
multi-auditor-v1-s21,21,0.5,0.0,0.1,gb_three_way,20,1.0,0.0,1.585692407305266,0.0,1.0,1.0,0.1,0.5
multi-auditor-v1-s21,21,0.5,0.0,0.1,granular_ball,20,1.0,0.0,1.585692407305266,0.0,1.0,1.0,0.1,0.5
multi-auditor-v1-s21,21,0.5,0.0,0.1,kmeans_trust,20,1.0,0.0,1.585692407305266,0.0,1.0,1.0,0.1,0.5
multi-auditor-v1-s21,21,0.5,0.0,0.1,knn_competence,20,,0.0,1.585692407305266,0.0,0.5,1.0,0.5769230769230769,0.7083333333333333
multi-auditor-v1-s21,21,0.5,0.0,0.1,majority_vote,20,,0.0,1.585692407305266,0.0,1.0,1.0,0.1,0.5
multi-auditor-v1-s21,21,0.5,0.0,0.1,tree_partition,20,1.0,0.0,1.585692407305266,0.0,1.0,1.0,0.1,0.5
multi-auditor-v1-s21,21,0.5,0.0,0.1,weighted_majority,20,,0.0,1.6078440665274907,0.0,0.5,1.0,0.5769230769230769,0.7083333333333333
multi-auditor-v1-s42,42,0.5,0.0,0.1,beta_reputation,20,,0.0,1.627114767893028,0.0,0.5,1.0,0.5909090909090909,0.763888888888889
multi-auditor-v1-s42,42,0.5,0.0,0.1,dawid_skene,20,,0.0,1.627114767893028,0.0,0.0,1.0,1.0,1.0
multi-auditor-v1-s42,42,0.5,0.0,0.1,gb_three_way,20,1.0,0.0,1.627114767893028,0.0,1.0,1.0,0.1,0.5
multi-auditor-v1-s42,42,0.5,0.0,0.1,granular_ball,20,1.0,0.0,1.627114767893028,0.0,1.0,1.0,0.1,0.5
multi-auditor-v1-s42,42,0.5,0.0,0.1,kmeans_trust,20,1.0,0.0,1.627114767893028,0.0,1.0,1.0,0.1,0.5
multi-auditor-v1-s42,42,0.5,0.0,0.1,knn_competence,20,,0.0,1.627114767893028,0.0,0.5,1.0,0.5909090909090909,0.763888888888889
multi-auditor-v1-s42,42,0.5,0.0,0.1,majority_vote,20,,0.0,1.627114767893028,0.0,1.0,1.0,0.1,0.5
multi-auditor-v1-s42,42,0.5,0.0,0.1,tree_partition,20,1.0,0.0,1.627114767893028,0.0,1.0,1.0,0.1,0.5
multi-auditor-v1-s42,42,0.5,0.0,0.1,weighted_majority,20,,0.0,1.6475845624496603,0.05555555555555555,0.5,1.0,0.5909090909090909,0.763888888888889
multi-auditor-v1-s2026,2026,0.5,0.0,0.1,beta_reputation,20,,0.0,1.5935818160235764,0.0,0.5,0.9966666666666667,0.5909090909090909,0.75
multi-auditor-v1-s2026,2026,0.5,0.0,0.1,dawid_skene,20,,0.0,1.5935818160235764,0.0,0.0,1.0,1.0,1.0
multi-auditor-v1-s2026,2026,0.5,0.0,0.1,gb_three_way,20,1.0,0.0,1.5935818160235764,0.0,1.0,0.9966666666666667,0.1,0.5
multi-auditor-v1-s2026,2026,0.5,0.0,0.1,granular_ball,20,1.0,0.0,1.5935818160235764,0.0,1.0,0.9966666666666667,0.1,0.5
multi-auditor-v1-s2026,2026,0.5,0.0,0.1,kmeans_trust,20,1.0,0.0,1.5935818160235764,0.0,1.0,0.9966666666666667,0.1,0.5
multi-auditor-v1-s2026,2026,0.5,0.0,0.1,knn_competence,20,,0.0,1.5935818160235764,0.0,0.5,0.9966666666666667,0.5909090909090909,0.75
multi-auditor-v1-s2026,2026,0.5,0.0,0.1,majority_vote,20,,0.0,1.5935818160235764,0.0,1.0,0.9966666666666667,0.1,0.5
multi-auditor-v1-s2026,2026,0.5,0.0,0.1,tree_partition,20,1.0,0.0,1.5935818160235764,0.0,1.0,0.9966666666666667,0.1,0.5
multi-auditor-v1-s2026,2026,0.5,0.0,0.1,weighted_majority,20,,0.0,1.590474313787665,0.05555555555555555,0.5,0.9966666666666667,0.5909090909090909,0.75
multi-auditor-v1-s1,1,0.5,0.2,0.1,beta_reputation,20,,0.0,1.4396234992141252,0.0,0.5,0.9,0.5769230769230769,0.6944444444444444
multi-auditor-v1-s1,1,0.5,0.2,0.1,dawid_skene,20,,0.0,1.4396234992141252,0.0,0.0,0.9466666666666667,1.0,1.0
multi-auditor-v1-s1,1,0.5,0.2,0.1,gb_three_way,20,1.0,0.0,1.4396234992141252,0.0,1.0,0.86,0.1,0.5
multi-auditor-v1-s1,1,0.5,0.2,0.1,granular_ball,20,1.0,0.0,1.4396234992141252,0.0,1.0,0.8866666666666667,0.1,0.5
multi-auditor-v1-s1,1,0.5,0.2,0.1,kmeans_trust,20,1.0,0.0,1.4396234992141252,0.0,1.0,0.8866666666666667,0.1,0.5
multi-auditor-v1-s1,1,0.5,0.2,0.1,knn_competence,20,,0.0,1.4396234992141252,0.0,0.5,0.9,0.5769230769230769,0.6944444444444444
multi-auditor-v1-s1,1,0.5,0.2,0.1,majority_vote,20,,0.0,1.4396234992141252,0.0,1.0,0.86,0.1,0.5
multi-auditor-v1-s1,1,0.5,0.2,0.1,tree_partition,20,1.0,0.0,1.4396234992141252,0.0,1.0,0.8866666666666667,0.1,0.5
multi-auditor-v1-s1,1,0.5,0.2,0.1,weighted_majority,20,,0.0,1.4556912491745522,0.1111111111111111,0.5,0.9233333333333333,0.5769230769230769,0.6944444444444444
multi-auditor-v1-s7,7,0.5,0.2,0.1,beta_reputation,20,,0.0,1.5520959045249563,0.0,0.5,0.9133333333333333,0.5909090909090909,0.75
multi-auditor-v1-s7,7,0.5,0.2,0.1,dawid_skene,20,,0.0,1.5520959045249563,0.0,0.0,0.9566666666666667,1.0,1.0
multi-auditor-v1-s7,7,0.5,0.2,0.1,gb_three_way,20,1.0,0.0,1.5520959045249563,0.0,1.0,0.8666666666666667,0.1,0.5
multi-auditor-v1-s7,7,0.5,0.2,0.1,granular_ball,20,1.0,0.0,1.5520959045249563,0.0,1.0,0.8666666666666667,0.1,0.5
multi-auditor-v1-s7,7,0.5,0.2,0.1,kmeans_trust,20,1.0,0.0,1.5520959045249563,0.0,1.0,0.8666666666666667,0.1,0.5
multi-auditor-v1-s7,7,0.5,0.2,0.1,knn_competence,20,,0.0,1.5520959045249563,0.0,0.5,0.9133333333333333,0.5909090909090909,0.75
multi-auditor-v1-s7,7,0.5,0.2,0.1,majority_vote,20,,0.0,1.5520959045249563,0.0,1.0,0.8666666666666667,0.1,0.5
multi-auditor-v1-s7,7,0.5,0.2,0.1,tree_partition,20,1.0,0.0,1.5520959045249563,0.0,1.0,0.8666666666666667,0.1,0.5
multi-auditor-v1-s7,7,0.5,0.2,0.1,weighted_majority,20,,0.0,1.5751747619524243,0.05555555555555555,0.5,0.9166666666666666,0.5909090909090909,0.75
multi-auditor-v1-s21,21,0.5,0.2,0.1,beta_reputation,20,,0.0,1.4950517035385837,0.0,0.5,0.9166666666666666,0.5833333333333334,0.7222222222222222
multi-auditor-v1-s21,21,0.5,0.2,0.1,dawid_skene,20,,0.0,1.4950517035385837,0.0,0.0,0.9633333333333334,1.0,1.0
multi-auditor-v1-s21,21,0.5,0.2,0.1,gb_three_way,20,1.0,0.0,1.4950517035385837,0.0,1.0,0.89,0.1,0.5
multi-auditor-v1-s21,21,0.5,0.2,0.1,granular_ball,20,1.0,0.0,1.4950517035385837,0.0,1.0,0.9,0.1,0.5
multi-auditor-v1-s21,21,0.5,0.2,0.1,kmeans_trust,20,1.0,0.0,1.4950517035385837,0.0,1.0,0.9,0.1,0.5
multi-auditor-v1-s21,21,0.5,0.2,0.1,knn_competence,20,,0.0,1.4950517035385837,0.0,0.5,0.9166666666666666,0.5833333333333334,0.7222222222222222
multi-auditor-v1-s21,21,0.5,0.2,0.1,majority_vote,20,,0.0,1.4950517035385837,0.0,1.0,0.89,0.1,0.5
multi-auditor-v1-s21,21,0.5,0.2,0.1,tree_partition,20,1.0,0.0,1.4950517035385837,0.0,1.0,0.9,0.1,0.5
multi-auditor-v1-s21,21,0.5,0.2,0.1,weighted_majority,20,,0.0,1.5141314500736975,0.05555555555555555,0.5,0.92,0.5833333333333334,0.7222222222222222
multi-auditor-v1-s42,42,0.5,0.2,0.1,beta_reputation,20,,0.0,1.6882466026858676,0.0,0.5,0.9333333333333333,0.6111111111111112,0.8055555555555556
multi-auditor-v1-s42,42,0.5,0.2,0.1,dawid_skene,20,,0.0,1.6882466026858676,0.0,0.0,0.96,1.0,1.0
multi-auditor-v1-s42,42,0.5,0.2,0.1,gb_three_way,20,1.0,0.0,1.6882466026858676,0.0,1.0,0.9033333333333333,0.1,0.5
multi-auditor-v1-s42,42,0.5,0.2,0.1,granular_ball,20,1.0,0.0,1.6882466026858676,0.0,1.0,0.9,0.1,0.5
multi-auditor-v1-s42,42,0.5,0.2,0.1,kmeans_trust,20,1.0,0.0,1.6882466026858676,0.0,1.0,0.9,0.1,0.5
multi-auditor-v1-s42,42,0.5,0.2,0.1,knn_competence,20,,0.0,1.6882466026858676,0.0,0.5,0.9333333333333333,0.6111111111111112,0.8055555555555556
multi-auditor-v1-s42,42,0.5,0.2,0.1,majority_vote,20,,0.0,1.6882466026858676,0.0,1.0,0.9033333333333333,0.1,0.5
multi-auditor-v1-s42,42,0.5,0.2,0.1,tree_partition,20,1.0,0.0,1.6882466026858676,0.0,1.0,0.9,0.1,0.5
multi-auditor-v1-s42,42,0.5,0.2,0.1,weighted_majority,20,,0.0,1.7038260654306316,0.05555555555555555,0.5,0.9466666666666667,0.6111111111111112,0.8055555555555556
multi-auditor-v1-s2026,2026,0.5,0.2,0.1,beta_reputation,20,,0.0,1.449285819475573,0.0,0.5,0.93,0.5625,0.625
multi-auditor-v1-s2026,2026,0.5,0.2,0.1,dawid_skene,20,,0.0,1.449285819475573,0.0,0.0,0.97,1.0,1.0
multi-auditor-v1-s2026,2026,0.5,0.2,0.1,gb_three_way,20,1.0,0.0,1.449285819475573,0.0,1.0,0.88,0.1,0.5
multi-auditor-v1-s2026,2026,0.5,0.2,0.1,granular_ball,20,1.0,0.0,1.449285819475573,0.0,1.0,0.88,0.1,0.5
multi-auditor-v1-s2026,2026,0.5,0.2,0.1,kmeans_trust,20,1.0,0.0,1.449285819475573,0.0,1.0,0.88,0.1,0.5
multi-auditor-v1-s2026,2026,0.5,0.2,0.1,knn_competence,20,,0.0,1.449285819475573,0.0,0.5,0.93,0.5625,0.625
multi-auditor-v1-s2026,2026,0.5,0.2,0.1,majority_vote,20,,0.0,1.449285819475573,0.0,1.0,0.88,0.1,0.5
multi-auditor-v1-s2026,2026,0.5,0.2,0.1,tree_partition,20,1.0,0.0,1.449285819475573,0.0,1.0,0.88,0.1,0.5
multi-auditor-v1-s2026,2026,0.5,0.2,0.1,weighted_majority,20,,0.0,1.4592142549918308,0.1111111111111111,0.5,0.9433333333333334,0.5625,0.625
multi-auditor-v1-s1,1,1.0,0.0,0.1,beta_reputation,20,,0.0,1.5842157093236113,0.0,0.5,1.0,0.55,0.5
multi-auditor-v1-s1,1,1.0,0.0,0.1,dawid_skene,20,,0.0,1.5842157093236113,0.0,0.0,1.0,1.0,1.0
multi-auditor-v1-s1,1,1.0,0.0,0.1,gb_three_way,20,1.0,0.0,1.5842157093236113,0.0,1.0,1.0,0.1,0.5
multi-auditor-v1-s1,1,1.0,0.0,0.1,granular_ball,20,1.0,0.0,1.5842157093236113,0.0,1.0,1.0,0.1,0.5
multi-auditor-v1-s1,1,1.0,0.0,0.1,kmeans_trust,20,1.0,0.0,1.5842157093236113,0.0,1.0,1.0,0.1,0.5
multi-auditor-v1-s1,1,1.0,0.0,0.1,knn_competence,20,,0.0,1.5842157093236113,0.0,0.5,1.0,0.55,0.5
multi-auditor-v1-s1,1,1.0,0.0,0.1,majority_vote,20,,0.0,1.5842157093236113,0.0,1.0,1.0,0.1,0.5
multi-auditor-v1-s1,1,1.0,0.0,0.1,tree_partition,20,1.0,0.0,1.5842157093236113,0.0,1.0,1.0,0.1,0.5
multi-auditor-v1-s1,1,1.0,0.0,0.1,weighted_majority,20,,0.0,1.58504719297217,0.0,0.5,1.0,0.55,0.5
multi-auditor-v1-s7,7,1.0,0.0,0.1,beta_reputation,20,,0.0,1.6129927347375836,0.0,0.5,1.0,0.5769230769230769,0.6944444444444444
multi-auditor-v1-s7,7,1.0,0.0,0.1,dawid_skene,20,,0.0,1.6129927347375836,0.0,0.0,1.0,1.0,1.0
multi-auditor-v1-s7,7,1.0,0.0,0.1,gb_three_way,20,1.0,0.0,1.6129927347375836,0.0,1.0,1.0,0.1,0.5
multi-auditor-v1-s7,7,1.0,0.0,0.1,granular_ball,20,1.0,0.0,1.6129927347375836,0.0,1.0,1.0,0.1,0.5
multi-auditor-v1-s7,7,1.0,0.0,0.1,kmeans_trust,20,1.0,0.0,1.6129927347375836,0.0,1.0,1.0,0.1,0.5
multi-auditor-v1-s7,7,1.0,0.0,0.1,knn_competence,20,,0.0,1.6129927347375836,0.0,0.5,1.0,0.5769230769230769,0.6944444444444444
multi-auditor-v1-s7,7,1.0,0.0,0.1,majority_vote,20,,0.0,1.6129927347375836,0.0,1.0,1.0,0.1,0.5
multi-auditor-v1-s7,7,1.0,0.0,0.1,tree_partition,20,1.0,0.0,1.6129927347375836,0.0,1.0,1.0,0.1,0.5
multi-auditor-v1-s7,7,1.0,0.0,0.1,weighted_majority,20,,0.0,1.611586731656044,0.0,0.5,1.0,0.5769230769230769,0.6944444444444444
multi-auditor-v1-s21,21,1.0,0.0,0.1,beta_reputation,20,,0.0,1.4291853774073398,0.0,0.5,1.0,0.6,0.7777777777777778
multi-auditor-v1-s21,21,1.0,0.0,0.1,dawid_skene,20,,0.0,1.4291853774073398,0.0,0.0,1.0,1.0,1.0
multi-auditor-v1-s21,21,1.0,0.0,0.1,gb_three_way,20,1.0,0.0,1.4291853774073398,0.0,1.0,1.0,0.1,0.5
multi-auditor-v1-s21,21,1.0,0.0,0.1,granular_ball,20,1.0,0.0,1.4291853774073398,0.0,1.0,1.0,0.1,0.5
multi-auditor-v1-s21,21,1.0,0.0,0.1,kmeans_trust,20,1.0,0.0,1.4291853774073398,0.0,1.0,1.0,0.1,0.5
multi-auditor-v1-s21,21,1.0,0.0,0.1,knn_competence,20,,0.0,1.4291853774073398,0.0,0.5,1.0,0.6,0.7777777777777778
multi-auditor-v1-s21,21,1.0,0.0,0.1,majority_vote,20,,0.0,1.4291853774073398,0.0,1.0,1.0,0.1,0.5
multi-auditor-v1-s21,21,1.0,0.0,0.1,tree_partition,20,1.0,0.0,1.4291853774073398,0.0,1.0,1.0,0.1,0.5
multi-auditor-v1-s21,21,1.0,0.0,0.1,weighted_majority,20,,0.0,1.422061090149049,0.0,0.5,1.0,0.6,0.7777777777777778
multi-auditor-v1-s42,42,1.0,0.0,0.1,beta_reputation,20,,0.0,1.5928134774408904,0.0,0.5,1.0,0.5909090909090909,0.7638888888888888
multi-auditor-v1-s42,42,1.0,0.0,0.1,dawid_skene,20,,0.0,1.5928134774408904,0.0,0.0,1.0,1.0,1.0
multi-auditor-v1-s42,42,1.0,0.0,0.1,gb_three_way,20,1.0,0.0,1.5928134774408904,0.0,1.0,1.0,0.1,0.5
multi-auditor-v1-s42,42,1.0,0.0,0.1,granular_ball,20,1.0,0.0,1.5928134774408904,0.0,1.0,1.0,0.1,0.5
multi-auditor-v1-s42,42,1.0,0.0,0.1,kmeans_trust,20,1.0,0.0,1.5928134774408904,0.0,1.0,1.0,0.1,0.5
multi-auditor-v1-s42,42,1.0,0.0,0.1,knn_competence,20,,0.0,1.5928134774408904,0.0,0.5,1.0,0.5909090909090909,0.7638888888888888
multi-auditor-v1-s42,42,1.0,0.0,0.1,majority_vote,20,,0.0,1.5928134774408904,0.0,1.0,1.0,0.1,0.5
multi-auditor-v1-s42,42,1.0,0.0,0.1,tree_partition,20,1.0,0.0,1.5928134774408904,0.0,1.0,1.0,0.1,0.5
multi-auditor-v1-s42,42,1.0,0.0,0.1,weighted_majority,20,,0.0,1.5825297406416865,0.05555555555555555,0.5,1.0,0.5909090909090909,0.7638888888888888
multi-auditor-v1-s2026,2026,1.0,0.0,0.1,beta_reputation,20,,0.0,1.399251736547661,0.0,0.5,1.0,0.5625,0.6388888888888888
multi-auditor-v1-s2026,2026,1.0,0.0,0.1,dawid_skene,20,,0.0,1.399251736547661,0.0,0.0,1.0,1.0,1.0
multi-auditor-v1-s2026,2026,1.0,0.0,0.1,gb_three_way,20,1.0,0.0,1.399251736547661,0.0,1.0,1.0,0.1,0.5
multi-auditor-v1-s2026,2026,1.0,0.0,0.1,granular_ball,20,1.0,0.0,1.399251736547661,0.0,1.0,1.0,0.1,0.5
multi-auditor-v1-s2026,2026,1.0,0.0,0.1,kmeans_trust,20,1.0,0.0,1.399251736547661,0.0,1.0,1.0,0.1,0.5
multi-auditor-v1-s2026,2026,1.0,0.0,0.1,knn_competence,20,,0.0,1.399251736547661,0.0,0.5,1.0,0.5625,0.6388888888888888
multi-auditor-v1-s2026,2026,1.0,0.0,0.1,majority_vote,20,,0.0,1.399251736547661,0.0,1.0,1.0,0.1,0.5
multi-auditor-v1-s2026,2026,1.0,0.0,0.1,tree_partition,20,1.0,0.0,1.399251736547661,0.0,1.0,1.0,0.1,0.5
multi-auditor-v1-s2026,2026,1.0,0.0,0.1,weighted_majority,20,,0.0,1.424474983380189,0.05555555555555555,0.5,1.0,0.5625,0.6388888888888888
multi-auditor-v1-s1,1,1.0,0.2,0.1,beta_reputation,20,,0.0,1.5419607230797467,0.0,0.5,0.9133333333333333,0.5833333333333334,0.736111111111111
multi-auditor-v1-s1,1,1.0,0.2,0.1,dawid_skene,20,,0.0,1.5419607230797467,0.0,0.0,0.9666666666666667,1.0,1.0
multi-auditor-v1-s1,1,1.0,0.2,0.1,gb_three_way,20,1.0,0.0,1.5419607230797467,0.0,1.0,0.8666666666666667,0.1,0.5
multi-auditor-v1-s1,1,1.0,0.2,0.1,granular_ball,20,1.0,0.0,1.5419607230797467,0.0,1.0,0.8666666666666667,0.1,0.5
multi-auditor-v1-s1,1,1.0,0.2,0.1,kmeans_trust,20,1.0,0.0,1.5419607230797467,0.0,1.0,0.8666666666666667,0.1,0.5
multi-auditor-v1-s1,1,1.0,0.2,0.1,knn_competence,20,,0.0,1.5419607230797467,0.0,0.5,0.9133333333333333,0.5833333333333334,0.736111111111111
multi-auditor-v1-s1,1,1.0,0.2,0.1,majority_vote,20,,0.0,1.5419607230797467,0.0,1.0,0.8666666666666667,0.1,0.5
multi-auditor-v1-s1,1,1.0,0.2,0.1,tree_partition,20,1.0,0.0,1.5419607230797467,0.0,1.0,0.8666666666666667,0.1,0.5
multi-auditor-v1-s1,1,1.0,0.2,0.1,weighted_majority,20,,0.0,1.5423473043354217,0.05555555555555555,0.5,0.9333333333333333,0.5833333333333334,0.736111111111111
multi-auditor-v1-s7,7,1.0,0.2,0.1,beta_reputation,20,,0.0,1.452527145868798,0.0,0.5,0.92,0.6111111111111112,0.8194444444444444
multi-auditor-v1-s7,7,1.0,0.2,0.1,dawid_skene,20,,0.0,1.452527145868798,0.0,0.0,0.9666666666666667,1.0,1.0
multi-auditor-v1-s7,7,1.0,0.2,0.1,gb_three_way,20,1.0,0.0,1.452527145868798,0.0,1.0,0.87,0.1,0.5
multi-auditor-v1-s7,7,1.0,0.2,0.1,granular_ball,20,1.0,0.0,1.452527145868798,0.0,1.0,0.8766666666666667,0.1,0.5
multi-auditor-v1-s7,7,1.0,0.2,0.1,kmeans_trust,20,1.0,0.0,1.452527145868798,0.0,1.0,0.8766666666666667,0.1,0.5
multi-auditor-v1-s7,7,1.0,0.2,0.1,knn_competence,20,,0.0,1.452527145868798,0.0,0.5,0.92,0.6111111111111112,0.8194444444444444
multi-auditor-v1-s7,7,1.0,0.2,0.1,majority_vote,20,,0.0,1.452527145868798,0.0,1.0,0.87,0.1,0.5
multi-auditor-v1-s7,7,1.0,0.2,0.1,tree_partition,20,1.0,0.0,1.452527145868798,0.0,1.0,0.8766666666666667,0.1,0.5
multi-auditor-v1-s7,7,1.0,0.2,0.1,weighted_majority,20,,0.0,1.4838648943574444,0.0,0.5,0.94,0.6111111111111112,0.8194444444444444
multi-auditor-v1-s21,21,1.0,0.2,0.1,beta_reputation,20,,0.0,1.5344449595802974,0.0,0.5,0.89,0.6,0.7777777777777778
multi-auditor-v1-s21,21,1.0,0.2,0.1,dawid_skene,20,,0.0,1.5344449595802974,0.0,0.0,0.97,1.0,1.0
multi-auditor-v1-s21,21,1.0,0.2,0.1,gb_three_way,20,1.0,0.0,1.5344449595802974,0.0,1.0,0.84,0.1,0.5
multi-auditor-v1-s21,21,1.0,0.2,0.1,granular_ball,20,1.0,0.0,1.5344449595802974,0.0,1.0,0.84,0.1,0.5
multi-auditor-v1-s21,21,1.0,0.2,0.1,kmeans_trust,20,1.0,0.0,1.5344449595802974,0.0,1.0,0.84,0.1,0.5
multi-auditor-v1-s21,21,1.0,0.2,0.1,knn_competence,20,,0.0,1.5344449595802974,0.0,0.5,0.89,0.6,0.7777777777777778
multi-auditor-v1-s21,21,1.0,0.2,0.1,majority_vote,20,,0.0,1.5344449595802974,0.0,1.0,0.84,0.1,0.5
multi-auditor-v1-s21,21,1.0,0.2,0.1,tree_partition,20,1.0,0.0,1.5344449595802974,0.0,1.0,0.84,0.1,0.5
multi-auditor-v1-s21,21,1.0,0.2,0.1,weighted_majority,20,,0.0,1.5361080637013749,0.05555555555555555,0.5,0.9266666666666666,0.6,0.7777777777777778
multi-auditor-v1-s42,42,1.0,0.2,0.1,beta_reputation,20,,0.0,1.5327190778330357,0.0,0.5,0.9233333333333333,0.5909090909090909,0.7638888888888888
multi-auditor-v1-s42,42,1.0,0.2,0.1,dawid_skene,20,,0.0,1.5327190778330357,0.0,0.0,0.9666666666666667,1.0,1.0
multi-auditor-v1-s42,42,1.0,0.2,0.1,gb_three_way,20,1.0,0.0,1.5327190778330357,0.0,1.0,0.87,0.1,0.5
multi-auditor-v1-s42,42,1.0,0.2,0.1,granular_ball,20,1.0,0.0,1.5327190778330357,0.0,1.0,0.87,0.1,0.5
multi-auditor-v1-s42,42,1.0,0.2,0.1,kmeans_trust,20,1.0,0.0,1.5327190778330357,0.0,1.0,0.87,0.1,0.5
multi-auditor-v1-s42,42,1.0,0.2,0.1,knn_competence,20,,0.0,1.5327190778330357,0.0,0.5,0.9233333333333333,0.5909090909090909,0.7638888888888888
multi-auditor-v1-s42,42,1.0,0.2,0.1,majority_vote,20,,0.0,1.5327190778330357,0.0,1.0,0.87,0.1,0.5
multi-auditor-v1-s42,42,1.0,0.2,0.1,tree_partition,20,1.0,0.0,1.5327190778330357,0.0,1.0,0.87,0.1,0.5
multi-auditor-v1-s42,42,1.0,0.2,0.1,weighted_majority,20,,0.0,1.5391021685913053,0.0,0.5,0.9333333333333333,0.5909090909090909,0.7638888888888888
multi-auditor-v1-s2026,2026,1.0,0.2,0.1,beta_reputation,20,,0.0,1.449678212481722,0.0,0.5,0.87,0.5833333333333334,0.7361111111111112
multi-auditor-v1-s2026,2026,1.0,0.2,0.1,dawid_skene,20,,0.0,1.449678212481722,0.0,0.0,0.9566666666666667,1.0,1.0
multi-auditor-v1-s2026,2026,1.0,0.2,0.1,gb_three_way,20,1.0,0.0,1.449678212481722,0.0,1.0,0.83,0.1,0.5
multi-auditor-v1-s2026,2026,1.0,0.2,0.1,granular_ball,20,1.0,0.0,1.449678212481722,0.0,1.0,0.83,0.1,0.5
multi-auditor-v1-s2026,2026,1.0,0.2,0.1,kmeans_trust,20,1.0,0.0,1.449678212481722,0.0,1.0,0.83,0.1,0.5
multi-auditor-v1-s2026,2026,1.0,0.2,0.1,knn_competence,20,,0.0,1.449678212481722,0.0,0.5,0.87,0.5833333333333334,0.7361111111111112
multi-auditor-v1-s2026,2026,1.0,0.2,0.1,majority_vote,20,,0.0,1.449678212481722,0.0,1.0,0.83,0.1,0.5
multi-auditor-v1-s2026,2026,1.0,0.2,0.1,tree_partition,20,1.0,0.0,1.449678212481722,0.0,1.0,0.83,0.1,0.5
multi-auditor-v1-s2026,2026,1.0,0.2,0.1,weighted_majority,20,,0.0,1.4691872447216967,0.0,0.5,0.9066666666666666,0.5833333333333334,0.7361111111111112
multi-auditor-v1-s1,1,0.5,0.0,0.3,beta_reputation,20,,0.0,1.4645191720419815,0.0,0.5,0.9966666666666667,0.6405945419103314,0.5595238095238095
multi-auditor-v1-s1,1,0.5,0.0,0.3,dawid_skene,20,,0.0,1.4645191720419815,0.0,0.0,1.0,1.0,1.0
multi-auditor-v1-s1,1,0.5,0.0,0.3,gb_three_way,20,2.0,0.0,1.4906292706390234,0.0,0.5,0.9966666666666667,0.65,0.75
multi-auditor-v1-s1,1,0.5,0.0,0.3,granular_ball,20,2.0,0.0,1.4645191720419815,0.0,0.5,0.9966666666666667,0.65,0.75
multi-auditor-v1-s1,1,0.5,0.0,0.3,kmeans_trust,20,2.0,0.0,1.4645191720419815,0.0,0.5,0.9966666666666667,0.65,0.75
multi-auditor-v1-s1,1,0.5,0.0,0.3,knn_competence,20,,0.0,1.4645191720419815,0.0,0.5,0.9966666666666667,0.6405945419103314,0.5595238095238095
multi-auditor-v1-s1,1,0.5,0.0,0.3,majority_vote,20,,0.0,1.4645191720419815,0.0,1.0,0.9633333333333334,0.3,0.5
multi-auditor-v1-s1,1,0.5,0.0,0.3,tree_partition,20,2.0,0.0,1.4645191720419815,0.0,0.5,0.9966666666666667,0.65,0.75
multi-auditor-v1-s1,1,0.5,0.0,0.3,weighted_majority,20,,0.0,1.4906292706390234,0.14285714285714285,0.5,0.9966666666666667,0.6405945419103314,0.5595238095238095
multi-auditor-v1-s7,7,0.5,0.0,0.3,beta_reputation,20,,0.0,1.4515012543435784,0.0,0.5,1.0,0.692550505050505,0.7202380952380952
multi-auditor-v1-s7,7,0.5,0.0,0.3,dawid_skene,20,,0.0,1.4515012543435784,0.0,0.0,1.0,1.0,1.0
multi-auditor-v1-s7,7,0.5,0.0,0.3,gb_three_way,20,2.0,0.0,1.4913763857848665,0.0,0.5,1.0,0.65,0.75
multi-auditor-v1-s7,7,0.5,0.0,0.3,granular_ball,20,2.0,0.0,1.4515012543435784,0.0,0.5,0.9966666666666667,0.65,0.75
multi-auditor-v1-s7,7,0.5,0.0,0.3,kmeans_trust,20,2.0,0.0,1.4515012543435784,0.0,0.5,0.9966666666666667,0.65,0.75
multi-auditor-v1-s7,7,0.5,0.0,0.3,knn_competence,20,,0.0,1.4515012543435784,0.0,0.5,1.0,0.692550505050505,0.7202380952380952
multi-auditor-v1-s7,7,0.5,0.0,0.3,majority_vote,20,,0.0,1.4515012543435784,0.0,1.0,0.96,0.3,0.5
multi-auditor-v1-s7,7,0.5,0.0,0.3,tree_partition,20,2.0,0.0,1.4515012543435784,0.0,0.5,0.9966666666666667,0.65,0.75
multi-auditor-v1-s7,7,0.5,0.0,0.3,weighted_majority,20,,0.0,1.4913763857848665,0.07142857142857142,0.5,1.0,0.6925505050505051,0.7202380952380952
multi-auditor-v1-s21,21,0.5,0.0,0.3,beta_reputation,20,,0.0,1.5570729057716428,0.0,0.5,0.99,0.6910866910866911,0.7142857142857143
multi-auditor-v1-s21,21,0.5,0.0,0.3,dawid_skene,20,,0.0,1.5570729057716428,0.0,0.0,1.0,1.0,1.0
multi-auditor-v1-s21,21,0.5,0.0,0.3,gb_three_way,20,1.0,0.0,1.5570729057716428,0.0,1.0,0.96,0.3,0.5
multi-auditor-v1-s21,21,0.5,0.0,0.3,granular_ball,20,1.0,0.0,1.5570729057716428,0.0,1.0,0.96,0.3,0.5
multi-auditor-v1-s21,21,0.5,0.0,0.3,kmeans_trust,20,1.0,0.0,1.5570729057716428,0.0,1.0,0.96,0.3,0.5
multi-auditor-v1-s21,21,0.5,0.0,0.3,knn_competence,20,,0.0,1.5570729057716428,0.0,0.5,0.99,0.6910866910866911,0.7142857142857143
multi-auditor-v1-s21,21,0.5,0.0,0.3,majority_vote,20,,0.0,1.5570729057716428,0.0,1.0,0.96,0.3,0.5
multi-auditor-v1-s21,21,0.5,0.0,0.3,tree_partition,20,1.0,0.0,1.5570729057716428,0.0,1.0,0.96,0.3,0.5
multi-auditor-v1-s21,21,0.5,0.0,0.3,weighted_majority,20,,0.0,1.5794470292717504,0.0,0.5,1.0,0.6910866910866911,0.7142857142857143
multi-auditor-v1-s42,42,0.5,0.0,0.3,beta_reputation,20,,0.0,1.6199397261480333,0.0,0.5,0.9933333333333333,0.7229437229437229,0.761904761904762
multi-auditor-v1-s42,42,0.5,0.0,0.3,dawid_skene,20,,0.0,1.6199397261480333,0.0,0.0,0.9966666666666667,1.0,1.0
multi-auditor-v1-s42,42,0.5,0.0,0.3,gb_three_way,20,1.0,0.0,1.6199397261480333,0.0,1.0,0.9633333333333334,0.3,0.5
multi-auditor-v1-s42,42,0.5,0.0,0.3,granular_ball,20,1.0,0.0,1.6199397261480333,0.0,1.0,0.9633333333333334,0.3,0.5
multi-auditor-v1-s42,42,0.5,0.0,0.3,kmeans_trust,20,1.0,0.0,1.6199397261480333,0.0,1.0,0.9633333333333334,0.3,0.5
multi-auditor-v1-s42,42,0.5,0.0,0.3,knn_competence,20,,0.0,1.6199397261480333,0.0,0.5,0.9933333333333333,0.7229437229437229,0.761904761904762
multi-auditor-v1-s42,42,0.5,0.0,0.3,majority_vote,20,,0.0,1.6199397261480333,0.0,1.0,0.9633333333333334,0.3,0.5
multi-auditor-v1-s42,42,0.5,0.0,0.3,tree_partition,20,1.0,0.0,1.6199397261480333,0.0,1.0,0.9633333333333334,0.3,0.5
multi-auditor-v1-s42,42,0.5,0.0,0.3,weighted_majority,20,,0.0,1.6877106236039576,0.0,0.5,0.9966666666666667,0.722943722943723,0.761904761904762
multi-auditor-v1-s2026,2026,0.5,0.0,0.3,beta_reputation,20,,0.0,1.5449941091753072,0.0,0.5,0.98,0.6637426900584795,0.6488095238095238
multi-auditor-v1-s2026,2026,0.5,0.0,0.3,dawid_skene,20,,0.0,1.5449941091753072,0.0,0.0,1.0,1.0,1.0
multi-auditor-v1-s2026,2026,0.5,0.0,0.3,gb_three_way,20,2.0,0.0,1.6238554081174454,0.0,0.5,0.9866666666666667,0.65,0.75
multi-auditor-v1-s2026,2026,0.5,0.0,0.3,granular_ball,20,2.0,0.0,1.5449941091753072,0.0,0.5,0.98,0.65,0.75
multi-auditor-v1-s2026,2026,0.5,0.0,0.3,kmeans_trust,20,2.0,0.0,1.5449941091753072,0.0,0.5,0.98,0.65,0.75
multi-auditor-v1-s2026,2026,0.5,0.0,0.3,knn_competence,20,,0.0,1.5449941091753072,0.0,0.5,0.98,0.6637426900584795,0.6488095238095238
multi-auditor-v1-s2026,2026,0.5,0.0,0.3,majority_vote,20,,0.0,1.5449941091753072,0.0,1.0,0.9533333333333334,0.3,0.5
multi-auditor-v1-s2026,2026,0.5,0.0,0.3,tree_partition,20,2.0,0.0,1.5449941091753072,0.0,0.5,0.98,0.65,0.75
multi-auditor-v1-s2026,2026,0.5,0.0,0.3,weighted_majority,20,,0.0,1.6238554081174454,0.07142857142857142,0.5,0.9933333333333333,0.6637426900584795,0.6488095238095238
multi-auditor-v1-s1,1,0.5,0.2,0.3,beta_reputation,20,,0.0,1.5083106036782756,0.0,0.5,0.7233333333333334,0.6961371961371962,0.7321428571428571
multi-auditor-v1-s1,1,0.5,0.2,0.3,dawid_skene,20,,0.0,1.5083106036782756,0.0,0.0,0.5033333333333333,0.19225289531017087,0.0
multi-auditor-v1-s1,1,0.5,0.2,0.3,gb_three_way,20,3.0,0.0,1.5616482367756361,0.0,0.5,0.7533333333333333,0.65,0.75
multi-auditor-v1-s1,1,0.5,0.2,0.3,granular_ball,20,3.0,0.0,1.5083106036782756,0.0,0.5,0.7066666666666667,0.6764705882352942,0.8035714285714286
multi-auditor-v1-s1,1,0.5,0.2,0.3,kmeans_trust,20,3.0,0.0,1.5083106036782756,0.0,0.5,0.7066666666666667,0.6764705882352942,0.8035714285714286
multi-auditor-v1-s1,1,0.5,0.2,0.3,knn_competence,20,,0.0,1.5083106036782756,0.0,0.5,0.7233333333333334,0.6961371961371962,0.7321428571428571
multi-auditor-v1-s1,1,0.5,0.2,0.3,majority_vote,20,,0.0,1.5083106036782756,0.0,1.0,0.59,0.3,0.5
multi-auditor-v1-s1,1,0.5,0.2,0.3,tree_partition,20,3.0,0.0,1.5083106036782756,0.0,0.5,0.7233333333333334,0.65,0.6785714285714286
multi-auditor-v1-s1,1,0.5,0.2,0.3,weighted_majority,20,,0.0,1.5616482367756361,0.07142857142857142,0.5,0.8,0.696137196137196,0.7321428571428572
multi-auditor-v1-s7,7,0.5,0.2,0.3,beta_reputation,20,,0.0,1.500559933480192,0.0,0.5,0.67,0.6576388888888889,0.6130952380952381
multi-auditor-v1-s7,7,0.5,0.2,0.3,dawid_skene,20,,0.0,1.500559933480192,0.0,0.16666666666666666,0.35,0.19225289531017087,0.0
multi-auditor-v1-s7,7,0.5,0.2,0.3,gb_three_way,20,1.0,0.0,1.500559933480192,0.0,1.0,0.5466666666666666,0.3,0.5
multi-auditor-v1-s7,7,0.5,0.2,0.3,granular_ball,20,1.0,0.0,1.500559933480192,0.0,1.0,0.5466666666666666,0.3,0.5
multi-auditor-v1-s7,7,0.5,0.2,0.3,kmeans_trust,20,1.0,0.0,1.500559933480192,0.0,1.0,0.5466666666666666,0.3,0.5
multi-auditor-v1-s7,7,0.5,0.2,0.3,knn_competence,20,,0.0,1.500559933480192,0.0,0.5,0.67,0.6576388888888889,0.6130952380952381
multi-auditor-v1-s7,7,0.5,0.2,0.3,majority_vote,20,,0.0,1.500559933480192,0.0,1.0,0.5466666666666666,0.3,0.5
multi-auditor-v1-s7,7,0.5,0.2,0.3,tree_partition,20,1.0,0.0,1.500559933480192,0.0,1.0,0.5466666666666666,0.3,0.5
multi-auditor-v1-s7,7,0.5,0.2,0.3,weighted_majority,20,,0.0,1.5077167783336447,0.0,0.5,0.7266666666666667,0.6576388888888889,0.6130952380952381
multi-auditor-v1-s21,21,0.5,0.2,0.3,beta_reputation,20,,0.0,1.5259273491066514,0.0,0.5,0.7333333333333333,0.7075396825396825,0.75
multi-auditor-v1-s21,21,0.5,0.2,0.3,dawid_skene,20,,0.0,1.5259273491066514,0.0,0.0,0.38333333333333336,0.19225289531017087,0.0
multi-auditor-v1-s21,21,0.5,0.2,0.3,gb_three_way,20,2.0,0.0,1.5133093929887271,0.0,0.5,0.75,0.65,0.75
multi-auditor-v1-s21,21,0.5,0.2,0.3,granular_ball,20,2.0,0.0,1.5259273491066514,0.0,0.5,0.6933333333333334,0.65,0.75
multi-auditor-v1-s21,21,0.5,0.2,0.3,kmeans_trust,20,2.0,0.0,1.5259273491066514,0.0,0.5,0.6933333333333334,0.65,0.75
multi-auditor-v1-s21,21,0.5,0.2,0.3,knn_competence,20,,0.0,1.5259273491066514,0.0,0.5,0.7333333333333333,0.7075396825396825,0.75
multi-auditor-v1-s21,21,0.5,0.2,0.3,majority_vote,20,,0.0,1.5259273491066514,0.0,1.0,0.5333333333333333,0.3,0.5
multi-auditor-v1-s21,21,0.5,0.2,0.3,tree_partition,20,2.0,0.0,1.5259273491066514,0.0,0.5,0.6933333333333334,0.65,0.75
multi-auditor-v1-s21,21,0.5,0.2,0.3,weighted_majority,20,,0.0,1.5133093929887271,0.07142857142857142,0.5,0.7833333333333333,0.7075396825396825,0.75
multi-auditor-v1-s42,42,0.5,0.2,0.3,beta_reputation,20,,0.0,1.4612155783164709,0.0,0.5,0.6933333333333334,0.6664624183006536,0.6428571428571428
multi-auditor-v1-s42,42,0.5,0.2,0.3,dawid_skene,20,,0.0,1.4612155783164709,0.0,0.0,0.26666666666666666,0.19225289531017087,0.0
multi-auditor-v1-s42,42,0.5,0.2,0.3,gb_three_way,20,2.0,0.0,1.522275405505482,0.0,0.5,0.7166666666666667,0.65,0.75
multi-auditor-v1-s42,42,0.5,0.2,0.3,granular_ball,20,2.0,0.0,1.4612155783164709,0.0,0.5,0.6433333333333333,0.65,0.75
multi-auditor-v1-s42,42,0.5,0.2,0.3,kmeans_trust,20,2.0,0.0,1.4612155783164709,0.0,0.5,0.6433333333333333,0.65,0.75
multi-auditor-v1-s42,42,0.5,0.2,0.3,knn_competence,20,,0.0,1.4612155783164709,0.0,0.5,0.6933333333333334,0.6664624183006536,0.6428571428571428
multi-auditor-v1-s42,42,0.5,0.2,0.3,majority_vote,20,,0.0,1.4612155783164709,0.0,1.0,0.4666666666666667,0.3,0.5
multi-auditor-v1-s42,42,0.5,0.2,0.3,tree_partition,20,2.0,0.0,1.4612155783164709,0.0,0.5,0.6433333333333333,0.65,0.75
multi-auditor-v1-s42,42,0.5,0.2,0.3,weighted_majority,20,,0.0,1.522275405505482,0.07142857142857142,0.5,0.7566666666666667,0.6664624183006536,0.6428571428571428
multi-auditor-v1-s2026,2026,0.5,0.2,0.3,beta_reputation,20,,0.0,1.5644549871903404,0.0,0.5,0.6633333333333333,0.6895927601809955,0.7083333333333334
multi-auditor-v1-s2026,2026,0.5,0.2,0.3,dawid_skene,20,,0.0,1.5644549871903404,0.0,0.0,0.23666666666666666,0.19225289531017087,0.0
multi-auditor-v1-s2026,2026,0.5,0.2,0.3,gb_three_way,20,5.0,60.0,1.6278105834960466,0.2857142857142857,0.5,0.7333333333333333,0.65,0.6785714285714286
multi-auditor-v1-s2026,2026,0.5,0.2,0.3,granular_ball,20,5.0,0.0,1.5644549871903404,0.0,0.5,0.66,0.65,0.625
multi-auditor-v1-s2026,2026,0.5,0.2,0.3,kmeans_trust,20,5.0,0.0,1.5644549871903404,0.0,0.5,0.66,0.7307692307692308,0.75
multi-auditor-v1-s2026,2026,0.5,0.2,0.3,knn_competence,20,,0.0,1.5644549871903404,0.0,0.5,0.6633333333333333,0.6895927601809955,0.7083333333333334
multi-auditor-v1-s2026,2026,0.5,0.2,0.3,majority_vote,20,,0.0,1.5644549871903404,0.0,1.0,0.4766666666666667,0.3,0.5
multi-auditor-v1-s2026,2026,0.5,0.2,0.3,tree_partition,20,5.0,0.0,1.5644549871903404,0.0,0.5,0.66,0.6690476190476191,0.6845238095238095
multi-auditor-v1-s2026,2026,0.5,0.2,0.3,weighted_majority,20,,0.0,1.6278105834960466,0.21428571428571427,0.5,0.7733333333333333,0.6895927601809955,0.7083333333333334
multi-auditor-v1-s1,1,1.0,0.0,0.3,beta_reputation,20,,0.0,1.4932940908201648,0.0,0.5,0.9833333333333333,0.7053872053872055,0.7261904761904762
multi-auditor-v1-s1,1,1.0,0.0,0.3,dawid_skene,20,,0.0,1.4932940908201648,0.0,0.0,1.0,1.0,1.0
multi-auditor-v1-s1,1,1.0,0.0,0.3,gb_three_way,20,5.0,45.0,1.5040625484513896,0.21428571428571427,0.5,0.99,0.65,0.6964285714285714
multi-auditor-v1-s1,1,1.0,0.0,0.3,granular_ball,20,5.0,0.0,1.4932940908201648,0.0,0.5,0.9833333333333333,0.6764705882352942,0.75
multi-auditor-v1-s1,1,1.0,0.0,0.3,kmeans_trust,20,5.0,0.0,1.4932940908201648,0.0,0.5,0.9833333333333333,0.7307692307692308,0.75
multi-auditor-v1-s1,1,1.0,0.0,0.3,knn_competence,20,,0.0,1.4932940908201648,0.0,0.5,0.9833333333333333,0.7053872053872055,0.7261904761904762
multi-auditor-v1-s1,1,1.0,0.0,0.3,majority_vote,20,,0.0,1.4932940908201648,0.0,1.0,0.8866666666666667,0.3,0.5
multi-auditor-v1-s1,1,1.0,0.0,0.3,tree_partition,20,5.0,0.0,1.4932940908201648,0.0,0.5,0.9833333333333333,0.6782051282051282,0.7261904761904763
multi-auditor-v1-s1,1,1.0,0.0,0.3,weighted_majority,20,,0.0,1.5040625484513896,0.07142857142857142,0.5,0.99,0.7053872053872055,0.7261904761904762
multi-auditor-v1-s7,7,1.0,0.0,0.3,beta_reputation,20,,0.0,1.5689665055897815,0.0,0.5,0.99,0.7070707070707072,0.7261904761904763
multi-auditor-v1-s7,7,1.0,0.0,0.3,dawid_skene,20,,0.0,1.5689665055897815,0.0,0.0,1.0,1.0,1.0
multi-auditor-v1-s7,7,1.0,0.0,0.3,gb_three_way,20,3.0,0.0,1.6013328690027502,0.0,0.5,0.99,0.65,0.75
multi-auditor-v1-s7,7,1.0,0.0,0.3,granular_ball,20,3.0,0.0,1.5689665055897815,0.0,0.5,0.97,0.6764705882352942,0.8035714285714286
multi-auditor-v1-s7,7,1.0,0.0,0.3,kmeans_trust,20,3.0,0.0,1.5689665055897815,0.0,0.5,0.97,0.6764705882352942,0.8035714285714286
multi-auditor-v1-s7,7,1.0,0.0,0.3,knn_competence,20,,0.0,1.5689665055897815,0.0,0.5,0.99,0.7070707070707072,0.7261904761904763
multi-auditor-v1-s7,7,1.0,0.0,0.3,majority_vote,20,,0.0,1.5689665055897815,0.0,1.0,0.89,0.3,0.5
multi-auditor-v1-s7,7,1.0,0.0,0.3,tree_partition,20,3.0,0.0,1.5689665055897815,0.0,0.5,0.99,0.65,0.6785714285714286
multi-auditor-v1-s7,7,1.0,0.0,0.3,weighted_majority,20,,0.0,1.6013328690027502,0.07142857142857142,0.5,0.9933333333333333,0.7070707070707071,0.7261904761904763
multi-auditor-v1-s21,21,1.0,0.0,0.3,beta_reputation,20,,0.0,1.4236197719465566,0.0,0.5,0.9766666666666667,0.6717171717171717,0.6726190476190477
multi-auditor-v1-s21,21,1.0,0.0,0.3,dawid_skene,20,,0.0,1.4236197719465566,0.0,0.0,1.0,1.0,1.0
multi-auditor-v1-s21,21,1.0,0.0,0.3,gb_three_way,20,2.0,0.0,1.4900704660485418,0.0,0.5,0.9833333333333333,0.65,0.75
multi-auditor-v1-s21,21,1.0,0.0,0.3,granular_ball,20,2.0,0.0,1.4236197719465566,0.0,0.5,0.97,0.65,0.75
multi-auditor-v1-s21,21,1.0,0.0,0.3,kmeans_trust,20,2.0,0.0,1.4236197719465566,0.0,0.5,0.97,0.65,0.75
multi-auditor-v1-s21,21,1.0,0.0,0.3,knn_competence,20,,0.0,1.4236197719465566,0.0,0.5,0.9766666666666667,0.6717171717171717,0.6726190476190477
multi-auditor-v1-s21,21,1.0,0.0,0.3,majority_vote,20,,0.0,1.4236197719465566,0.0,1.0,0.89,0.3,0.5
multi-auditor-v1-s21,21,1.0,0.0,0.3,tree_partition,20,2.0,0.0,1.4236197719465566,0.0,0.5,0.97,0.65,0.75
multi-auditor-v1-s21,21,1.0,0.0,0.3,weighted_majority,20,,0.0,1.4900704660485418,0.14285714285714285,0.5,0.9866666666666667,0.6717171717171717,0.6726190476190476
multi-auditor-v1-s42,42,1.0,0.0,0.3,beta_reputation,20,,0.0,1.4569515539353879,0.0,0.5,0.9666666666666667,0.6974358974358974,0.7321428571428571
multi-auditor-v1-s42,42,1.0,0.0,0.3,dawid_skene,20,,0.0,1.4569515539353879,0.0,0.0,1.0,1.0,1.0
multi-auditor-v1-s42,42,1.0,0.0,0.3,gb_three_way,20,2.0,0.0,1.5160583752657757,0.0,0.5,0.9866666666666667,0.65,0.75
multi-auditor-v1-s42,42,1.0,0.0,0.3,granular_ball,20,2.0,0.0,1.4569515539353879,0.0,0.5,0.96,0.65,0.75
multi-auditor-v1-s42,42,1.0,0.0,0.3,kmeans_trust,20,2.0,0.0,1.4569515539353879,0.0,0.5,0.96,0.65,0.75
multi-auditor-v1-s42,42,1.0,0.0,0.3,knn_competence,20,,0.0,1.4569515539353879,0.0,0.5,0.9666666666666667,0.6974358974358974,0.7321428571428571
multi-auditor-v1-s42,42,1.0,0.0,0.3,majority_vote,20,,0.0,1.4569515539353879,0.0,1.0,0.8866666666666667,0.3,0.5
multi-auditor-v1-s42,42,1.0,0.0,0.3,tree_partition,20,2.0,0.0,1.4569515539353879,0.0,0.5,0.96,0.65,0.75
multi-auditor-v1-s42,42,1.0,0.0,0.3,weighted_majority,20,,0.0,1.5160583752657757,0.14285714285714285,0.5,0.99,0.6974358974358974,0.7321428571428571
multi-auditor-v1-s2026,2026,1.0,0.0,0.3,beta_reputation,20,,0.0,1.3871816009725213,0.0,0.5,0.97,0.6565452091767882,0.5833333333333333
multi-auditor-v1-s2026,2026,1.0,0.0,0.3,dawid_skene,20,,0.0,1.3871816009725213,0.0,0.0,1.0,1.0,1.0
multi-auditor-v1-s2026,2026,1.0,0.0,0.3,gb_three_way,20,2.0,0.0,1.4310386071030496,0.0,0.5,0.9766666666666667,0.65,0.75
multi-auditor-v1-s2026,2026,1.0,0.0,0.3,granular_ball,20,2.0,0.0,1.3871816009725213,0.0,0.5,0.97,0.65,0.75
multi-auditor-v1-s2026,2026,1.0,0.0,0.3,kmeans_trust,20,2.0,0.0,1.3871816009725213,0.0,0.5,0.97,0.65,0.75
multi-auditor-v1-s2026,2026,1.0,0.0,0.3,knn_competence,20,,0.0,1.3871816009725213,0.0,0.5,0.97,0.6565452091767882,0.5833333333333333
multi-auditor-v1-s2026,2026,1.0,0.0,0.3,majority_vote,20,,0.0,1.3871816009725213,0.0,1.0,0.9,0.3,0.5
multi-auditor-v1-s2026,2026,1.0,0.0,0.3,tree_partition,20,2.0,0.0,1.3871816009725213,0.0,0.5,0.97,0.65,0.75
multi-auditor-v1-s2026,2026,1.0,0.0,0.3,weighted_majority,20,,0.0,1.4310386071030496,0.07142857142857142,0.5,0.99,0.6565452091767882,0.5833333333333333
multi-auditor-v1-s1,1,1.0,0.2,0.3,beta_reputation,20,,0.0,1.5031720294182542,0.0,0.5,0.5566666666666666,0.6626893939393939,0.625
multi-auditor-v1-s1,1,1.0,0.2,0.3,dawid_skene,20,,0.0,1.5031720294182542,0.0,1.0,0.0,0.3,0.0
multi-auditor-v1-s1,1,1.0,0.2,0.3,gb_three_way,20,3.0,0.0,1.5646388468870611,0.0,0.5,0.6366666666666667,0.65,0.75
multi-auditor-v1-s1,1,1.0,0.2,0.3,granular_ball,20,3.0,0.0,1.5031720294182542,0.0,0.5,0.5066666666666667,0.6764705882352942,0.8035714285714286
multi-auditor-v1-s1,1,1.0,0.2,0.3,kmeans_trust,20,3.0,0.0,1.5031720294182542,0.0,0.5,0.5066666666666667,0.6764705882352942,0.8035714285714286
multi-auditor-v1-s1,1,1.0,0.2,0.3,knn_competence,20,,0.0,1.5031720294182542,0.0,0.5,0.5566666666666666,0.6626893939393939,0.625
multi-auditor-v1-s1,1,1.0,0.2,0.3,majority_vote,20,,0.0,1.5031720294182542,0.0,1.0,0.2966666666666667,0.3,0.5
multi-auditor-v1-s1,1,1.0,0.2,0.3,tree_partition,20,3.0,0.0,1.5031720294182542,0.0,0.5,0.56,0.65,0.6785714285714286
multi-auditor-v1-s1,1,1.0,0.2,0.3,weighted_majority,20,,0.0,1.5646388468870611,0.07142857142857142,0.5,0.6833333333333333,0.662689393939394,0.625
multi-auditor-v1-s7,7,1.0,0.2,0.3,beta_reputation,20,,0.0,1.4969915875613995,0.0,0.5,0.56,0.6748538011695906,0.6726190476190477
multi-auditor-v1-s7,7,1.0,0.2,0.3,dawid_skene,20,,0.0,1.4969915875613995,0.0,1.0,0.0,0.3,0.0
multi-auditor-v1-s7,7,1.0,0.2,0.3,gb_three_way,20,2.0,0.0,1.5309668236484475,0.0,0.5,0.6133333333333333,0.65,0.75
multi-auditor-v1-s7,7,1.0,0.2,0.3,granular_ball,20,2.0,0.0,1.4969915875613995,0.0,0.5,0.5233333333333333,0.65,0.75
multi-auditor-v1-s7,7,1.0,0.2,0.3,kmeans_trust,20,2.0,0.0,1.4969915875613995,0.0,0.5,0.5233333333333333,0.65,0.75
multi-auditor-v1-s7,7,1.0,0.2,0.3,knn_competence,20,,0.0,1.4969915875613995,0.0,0.5,0.56,0.6748538011695906,0.6726190476190477
multi-auditor-v1-s7,7,1.0,0.2,0.3,majority_vote,20,,0.0,1.4969915875613995,0.0,1.0,0.30333333333333334,0.3,0.5
multi-auditor-v1-s7,7,1.0,0.2,0.3,tree_partition,20,2.0,0.0,1.4969915875613995,0.0,0.5,0.5233333333333333,0.65,0.75
multi-auditor-v1-s7,7,1.0,0.2,0.3,weighted_majority,20,,0.0,1.5309668236484475,0.07142857142857142,0.5,0.6833333333333333,0.6748538011695906,0.6726190476190477
multi-auditor-v1-s21,21,1.0,0.2,0.3,beta_reputation,20,,0.0,1.5030201760936144,0.0,0.5,0.52,0.7333333333333334,0.7857142857142857
multi-auditor-v1-s21,21,1.0,0.2,0.3,dawid_skene,20,,0.0,1.5030201760936144,0.0,1.0,0.0,0.3,0.0
multi-auditor-v1-s21,21,1.0,0.2,0.3,gb_three_way,20,2.0,0.0,1.5357722679158645,0.0,0.5,0.6233333333333333,0.65,0.75
multi-auditor-v1-s21,21,1.0,0.2,0.3,granular_ball,20,2.0,0.0,1.5030201760936144,0.0,0.5,0.49666666666666665,0.65,0.75
multi-auditor-v1-s21,21,1.0,0.2,0.3,kmeans_trust,20,2.0,0.0,1.5030201760936144,0.0,0.5,0.49666666666666665,0.65,0.75
multi-auditor-v1-s21,21,1.0,0.2,0.3,knn_competence,20,,0.0,1.5030201760936144,0.0,0.5,0.52,0.7333333333333334,0.7857142857142857
multi-auditor-v1-s21,21,1.0,0.2,0.3,majority_vote,20,,0.0,1.5030201760936144,0.0,1.0,0.31333333333333335,0.3,0.5
multi-auditor-v1-s21,21,1.0,0.2,0.3,tree_partition,20,2.0,0.0,1.5030201760936144,0.0,0.5,0.49666666666666665,0.65,0.75
multi-auditor-v1-s21,21,1.0,0.2,0.3,weighted_majority,20,,0.0,1.5357722679158645,0.07142857142857142,0.5,0.6933333333333334,0.7333333333333334,0.7857142857142857
multi-auditor-v1-s42,42,1.0,0.2,0.3,beta_reputation,20,,0.0,1.5898717661457886,0.0,0.5,0.5233333333333333,0.673611111111111,0.6726190476190476
multi-auditor-v1-s42,42,1.0,0.2,0.3,dawid_skene,20,,0.0,1.5898717661457886,0.0,1.0,0.0,0.3,0.0
multi-auditor-v1-s42,42,1.0,0.2,0.3,gb_three_way,20,3.0,0.0,1.6316210908887632,0.0,0.5,0.6066666666666667,0.65,0.75
multi-auditor-v1-s42,42,1.0,0.2,0.3,granular_ball,20,3.0,0.0,1.5898717661457886,0.0,0.5,0.5033333333333333,0.65,0.6964285714285714
multi-auditor-v1-s42,42,1.0,0.2,0.3,kmeans_trust,20,3.0,0.0,1.5898717661457886,0.0,0.5,0.5033333333333333,0.65,0.6964285714285714
multi-auditor-v1-s42,42,1.0,0.2,0.3,knn_competence,20,,0.0,1.5898717661457886,0.0,0.5,0.5233333333333333,0.673611111111111,0.6726190476190476
multi-auditor-v1-s42,42,1.0,0.2,0.3,majority_vote,20,,0.0,1.5898717661457886,0.0,1.0,0.2866666666666667,0.3,0.5
multi-auditor-v1-s42,42,1.0,0.2,0.3,tree_partition,20,3.0,0.0,1.5898717661457886,0.0,0.5,0.5266666666666666,0.65,0.6607142857142857
multi-auditor-v1-s42,42,1.0,0.2,0.3,weighted_majority,20,,0.0,1.6316210908887632,0.07142857142857142,0.5,0.6466666666666666,0.6736111111111112,0.6726190476190477
multi-auditor-v1-s2026,2026,1.0,0.2,0.3,beta_reputation,20,,0.0,1.4764743883792402,0.0,0.5,0.56,0.6730936819172113,0.6309523809523809
multi-auditor-v1-s2026,2026,1.0,0.2,0.3,dawid_skene,20,,0.0,1.4764743883792402,0.0,1.0,0.0,0.3,0.0
multi-auditor-v1-s2026,2026,1.0,0.2,0.3,gb_three_way,20,2.0,0.0,1.5197341817199497,0.0,0.5,0.6333333333333333,0.65,0.75
multi-auditor-v1-s2026,2026,1.0,0.2,0.3,granular_ball,20,2.0,0.0,1.4764743883792402,0.0,0.5,0.5333333333333333,0.65,0.75
multi-auditor-v1-s2026,2026,1.0,0.2,0.3,kmeans_trust,20,2.0,0.0,1.4764743883792402,0.0,0.5,0.5333333333333333,0.65,0.75
multi-auditor-v1-s2026,2026,1.0,0.2,0.3,knn_competence,20,,0.0,1.4764743883792402,0.0,0.5,0.56,0.6730936819172113,0.6309523809523809
multi-auditor-v1-s2026,2026,1.0,0.2,0.3,majority_vote,20,,0.0,1.4764743883792402,0.0,1.0,0.2633333333333333,0.3,0.5
multi-auditor-v1-s2026,2026,1.0,0.2,0.3,tree_partition,20,2.0,0.0,1.4764743883792402,0.0,0.5,0.5333333333333333,0.65,0.75
multi-auditor-v1-s2026,2026,1.0,0.2,0.3,weighted_majority,20,,0.0,1.5197341817199497,0.07142857142857142,0.5,0.6833333333333333,0.6730936819172113,0.6309523809523809
multi-auditor-v1-s1,1,0.5,0.0,0.1,beta_reputation,50,,0.0,1.4587388376541848,0.0,0.4,1.0,0.6513957307060755,0.7377777777777778
multi-auditor-v1-s1,1,0.5,0.0,0.1,dawid_skene,50,,0.0,1.4587388376541848,0.0,0.0,1.0,1.0,1.0
multi-auditor-v1-s1,1,0.5,0.0,0.1,gb_three_way,50,1.0,0.0,1.4587388376541848,0.0,1.0,1.0,0.1,0.5
multi-auditor-v1-s1,1,0.5,0.0,0.1,granular_ball,50,1.0,0.0,1.4587388376541848,0.0,1.0,1.0,0.1,0.5
multi-auditor-v1-s1,1,0.5,0.0,0.1,kmeans_trust,50,1.0,0.0,1.4587388376541848,0.0,1.0,1.0,0.1,0.5
multi-auditor-v1-s1,1,0.5,0.0,0.1,knn_competence,50,,0.0,1.4587388376541848,0.0,0.4,1.0,0.6513957307060755,0.7377777777777778
multi-auditor-v1-s1,1,0.5,0.0,0.1,majority_vote,50,,0.0,1.4587388376541848,0.0,1.0,1.0,0.1,0.5
multi-auditor-v1-s1,1,0.5,0.0,0.1,tree_partition,50,1.0,0.0,1.4587388376541848,0.0,1.0,1.0,0.1,0.5
multi-auditor-v1-s1,1,0.5,0.0,0.1,weighted_majority,50,,0.0,1.4718541152151647,0.08888888888888889,0.4,1.0,0.6513957307060755,0.7377777777777778
multi-auditor-v1-s7,7,0.5,0.0,0.1,beta_reputation,50,,0.0,1.537808245806485,0.0,0.4,1.0,0.6477272727272727,0.7155555555555555
multi-auditor-v1-s7,7,0.5,0.0,0.1,dawid_skene,50,,0.0,1.537808245806485,0.0,0.0,1.0,1.0,1.0
multi-auditor-v1-s7,7,0.5,0.0,0.1,gb_three_way,50,1.0,0.0,1.537808245806485,0.0,1.0,1.0,0.1,0.5
multi-auditor-v1-s7,7,0.5,0.0,0.1,granular_ball,50,1.0,0.0,1.537808245806485,0.0,1.0,1.0,0.1,0.5
multi-auditor-v1-s7,7,0.5,0.0,0.1,kmeans_trust,50,1.0,0.0,1.537808245806485,0.0,1.0,1.0,0.1,0.5
multi-auditor-v1-s7,7,0.5,0.0,0.1,knn_competence,50,,0.0,1.537808245806485,0.0,0.4,1.0,0.6477272727272727,0.7155555555555555
multi-auditor-v1-s7,7,0.5,0.0,0.1,majority_vote,50,,0.0,1.537808245806485,0.0,1.0,1.0,0.1,0.5
multi-auditor-v1-s7,7,0.5,0.0,0.1,tree_partition,50,1.0,0.0,1.537808245806485,0.0,1.0,1.0,0.1,0.5
multi-auditor-v1-s7,7,0.5,0.0,0.1,weighted_majority,50,,0.0,1.540982921225975,0.044444444444444446,0.4,1.0,0.6477272727272727,0.7155555555555556
multi-auditor-v1-s21,21,0.5,0.0,0.1,beta_reputation,50,,0.0,1.4742221149668695,0.0,0.4,1.0,0.6682539682539682,0.7777777777777778
multi-auditor-v1-s21,21,0.5,0.0,0.1,dawid_skene,50,,0.0,1.4742221149668695,0.0,0.0,1.0,1.0,1.0
multi-auditor-v1-s21,21,0.5,0.0,0.1,gb_three_way,50,1.0,0.0,1.4742221149668695,0.0,1.0,1.0,0.1,0.5
multi-auditor-v1-s21,21,0.5,0.0,0.1,granular_ball,50,1.0,0.0,1.4742221149668695,0.0,1.0,1.0,0.1,0.5
multi-auditor-v1-s21,21,0.5,0.0,0.1,kmeans_trust,50,1.0,0.0,1.4742221149668695,0.0,1.0,1.0,0.1,0.5
multi-auditor-v1-s21,21,0.5,0.0,0.1,knn_competence,50,,0.0,1.4742221149668695,0.0,0.4,1.0,0.6682539682539682,0.7777777777777778
multi-auditor-v1-s21,21,0.5,0.0,0.1,majority_vote,50,,0.0,1.4742221149668695,0.0,1.0,1.0,0.1,0.5
multi-auditor-v1-s21,21,0.5,0.0,0.1,tree_partition,50,1.0,0.0,1.4742221149668695,0.0,1.0,1.0,0.1,0.5
multi-auditor-v1-s21,21,0.5,0.0,0.1,weighted_majority,50,,0.0,1.4858585521200678,0.044444444444444446,0.4,1.0,0.6682539682539682,0.7777777777777778
multi-auditor-v1-s42,42,0.5,0.0,0.1,beta_reputation,50,,0.0,1.472638047210132,0.0,0.4,1.0,0.6454428754813863,0.7044444444444444
multi-auditor-v1-s42,42,0.5,0.0,0.1,dawid_skene,50,,0.0,1.472638047210132,0.0,0.0,1.0,1.0,1.0
multi-auditor-v1-s42,42,0.5,0.0,0.1,gb_three_way,50,1.0,0.0,1.472638047210132,0.0,1.0,1.0,0.1,0.5
multi-auditor-v1-s42,42,0.5,0.0,0.1,granular_ball,50,1.0,0.0,1.472638047210132,0.0,1.0,1.0,0.1,0.5
multi-auditor-v1-s42,42,0.5,0.0,0.1,kmeans_trust,50,1.0,0.0,1.472638047210132,0.0,1.0,1.0,0.1,0.5
multi-auditor-v1-s42,42,0.5,0.0,0.1,knn_competence,50,,0.0,1.472638047210132,0.0,0.4,1.0,0.6454428754813863,0.7044444444444444
multi-auditor-v1-s42,42,0.5,0.0,0.1,majority_vote,50,,0.0,1.472638047210132,0.0,1.0,1.0,0.1,0.5
multi-auditor-v1-s42,42,0.5,0.0,0.1,tree_partition,50,1.0,0.0,1.472638047210132,0.0,1.0,1.0,0.1,0.5
multi-auditor-v1-s42,42,0.5,0.0,0.1,weighted_majority,50,,0.0,1.4849571925540874,0.0,0.4,1.0,0.6454428754813863,0.7044444444444444
multi-auditor-v1-s2026,2026,0.5,0.0,0.1,beta_reputation,50,,0.0,1.4797917195245835,0.0,0.4,1.0,0.6513157894736842,0.7377777777777776
multi-auditor-v1-s2026,2026,0.5,0.0,0.1,dawid_skene,50,,0.0,1.4797917195245835,0.0,0.0,1.0,1.0,1.0
multi-auditor-v1-s2026,2026,0.5,0.0,0.1,gb_three_way,50,1.0,0.0,1.4797917195245835,0.0,1.0,1.0,0.1,0.5
multi-auditor-v1-s2026,2026,0.5,0.0,0.1,granular_ball,50,1.0,0.0,1.4797917195245835,0.0,1.0,1.0,0.1,0.5
multi-auditor-v1-s2026,2026,0.5,0.0,0.1,kmeans_trust,50,1.0,0.0,1.4797917195245835,0.0,1.0,1.0,0.1,0.5
multi-auditor-v1-s2026,2026,0.5,0.0,0.1,knn_competence,50,,0.0,1.4797917195245835,0.0,0.4,1.0,0.6513157894736842,0.7377777777777776
multi-auditor-v1-s2026,2026,0.5,0.0,0.1,majority_vote,50,,0.0,1.4797917195245835,0.0,1.0,1.0,0.1,0.5
multi-auditor-v1-s2026,2026,0.5,0.0,0.1,tree_partition,50,1.0,0.0,1.4797917195245835,0.0,1.0,1.0,0.1,0.5
multi-auditor-v1-s2026,2026,0.5,0.0,0.1,weighted_majority,50,,0.0,1.5053780773979457,0.044444444444444446,0.4,1.0,0.6513157894736842,0.7377777777777778
multi-auditor-v1-s1,1,0.5,0.2,0.1,beta_reputation,50,,0.0,1.4694612865108803,0.0,0.4,0.99,0.6583157894736842,0.7777777777777778
multi-auditor-v1-s1,1,0.5,0.2,0.1,dawid_skene,50,,0.0,1.4694612865108803,0.0,0.0,1.0,1.0,1.0
multi-auditor-v1-s1,1,0.5,0.2,0.1,gb_three_way,50,1.0,0.0,1.4694612865108803,0.0,1.0,0.9633333333333334,0.1,0.5
multi-auditor-v1-s1,1,0.5,0.2,0.1,granular_ball,50,1.0,0.0,1.4694612865108803,0.0,1.0,0.9633333333333334,0.1,0.5
multi-auditor-v1-s1,1,0.5,0.2,0.1,kmeans_trust,50,1.0,0.0,1.4694612865108803,0.0,1.0,0.9633333333333334,0.1,0.5
multi-auditor-v1-s1,1,0.5,0.2,0.1,knn_competence,50,,0.0,1.4694612865108803,0.0,0.4,0.99,0.6583157894736842,0.7777777777777778
multi-auditor-v1-s1,1,0.5,0.2,0.1,majority_vote,50,,0.0,1.4694612865108803,0.0,1.0,0.9633333333333334,0.1,0.5
multi-auditor-v1-s1,1,0.5,0.2,0.1,tree_partition,50,1.0,0.0,1.4694612865108803,0.0,1.0,0.9633333333333334,0.1,0.5
multi-auditor-v1-s1,1,0.5,0.2,0.1,weighted_majority,50,,0.0,1.494896501049066,0.022222222222222223,0.4,0.9933333333333333,0.6583157894736842,0.7777777777777777
multi-auditor-v1-s7,7,0.5,0.2,0.1,beta_reputation,50,,0.0,1.4536571651706731,0.0,0.4,0.9866666666666667,0.6513157894736842,0.7422222222222221
multi-auditor-v1-s7,7,0.5,0.2,0.1,dawid_skene,50,,0.0,1.4536571651706731,0.0,0.0,0.9833333333333333,1.0,1.0
multi-auditor-v1-s7,7,0.5,0.2,0.1,gb_three_way,50,1.0,0.0,1.4536571651706731,0.0,1.0,0.97,0.1,0.5
multi-auditor-v1-s7,7,0.5,0.2,0.1,granular_ball,50,1.0,0.0,1.4536571651706731,0.0,1.0,0.9766666666666667,0.1,0.5
multi-auditor-v1-s7,7,0.5,0.2,0.1,kmeans_trust,50,1.0,0.0,1.4536571651706731,0.0,1.0,0.9766666666666667,0.1,0.5
multi-auditor-v1-s7,7,0.5,0.2,0.1,knn_competence,50,,0.0,1.4536571651706731,0.0,0.4,0.9866666666666667,0.6513157894736842,0.7422222222222221
multi-auditor-v1-s7,7,0.5,0.2,0.1,majority_vote,50,,0.0,1.4536571651706731,0.0,1.0,0.97,0.1,0.5
multi-auditor-v1-s7,7,0.5,0.2,0.1,tree_partition,50,1.0,0.0,1.4536571651706731,0.0,1.0,0.9766666666666667,0.1,0.5
multi-auditor-v1-s7,7,0.5,0.2,0.1,weighted_majority,50,,0.0,1.4472766006194606,0.022222222222222223,0.4,0.99,0.6513157894736842,0.7422222222222223
multi-auditor-v1-s21,21,0.5,0.2,0.1,beta_reputation,50,,0.0,1.5065798172866525,0.0,0.4,0.9866666666666667,0.6703030303030303,0.8066666666666666
multi-auditor-v1-s21,21,0.5,0.2,0.1,dawid_skene,50,,0.0,1.5065798172866525,0.0,0.0,0.9933333333333333,0.8333333333333334,0.9888888888888888
multi-auditor-v1-s21,21,0.5,0.2,0.1,gb_three_way,50,8.0,54.0,1.528950350995524,0.2,0.4,0.99,0.64,0.7600000000000001
multi-auditor-v1-s21,21,0.5,0.2,0.1,granular_ball,50,8.0,0.0,1.5065798172866525,0.0,0.4,0.9866666666666667,0.64,0.72
multi-auditor-v1-s21,21,0.5,0.2,0.1,kmeans_trust,50,8.0,0.0,1.5065798172866525,0.0,0.4,0.9866666666666667,0.6833333333333333,0.8311111111111111
multi-auditor-v1-s21,21,0.5,0.2,0.1,knn_competence,50,,0.0,1.5065798172866525,0.0,0.4,0.9866666666666667,0.6703030303030303,0.8066666666666666
multi-auditor-v1-s21,21,0.5,0.2,0.1,majority_vote,50,,0.0,1.5065798172866525,0.0,1.0,0.97,0.1,0.5
multi-auditor-v1-s21,21,0.5,0.2,0.1,tree_partition,50,8.0,0.0,1.5065798172866525,0.0,0.4,0.9866666666666667,0.6582010582010582,0.8
multi-auditor-v1-s21,21,0.5,0.2,0.1,weighted_majority,50,,0.0,1.528950350995524,0.1111111111111111,0.4,0.99,0.6703030303030303,0.8066666666666666
multi-auditor-v1-s42,42,0.5,0.2,0.1,beta_reputation,50,,0.0,1.471304564981105,0.0,0.4,0.9833333333333333,0.6499999999999999,0.7266666666666666
multi-auditor-v1-s42,42,0.5,0.2,0.1,dawid_skene,50,,0.0,1.471304564981105,0.0,0.0,0.9866666666666667,1.0,1.0
multi-auditor-v1-s42,42,0.5,0.2,0.1,gb_three_way,50,1.0,0.0,1.471304564981105,0.0,1.0,0.9666666666666667,0.1,0.5
multi-auditor-v1-s42,42,0.5,0.2,0.1,granular_ball,50,1.0,0.0,1.471304564981105,0.0,1.0,0.9666666666666667,0.1,0.5
multi-auditor-v1-s42,42,0.5,0.2,0.1,kmeans_trust,50,1.0,0.0,1.471304564981105,0.0,1.0,0.9666666666666667,0.1,0.5
multi-auditor-v1-s42,42,0.5,0.2,0.1,knn_competence,50,,0.0,1.471304564981105,0.0,0.4,0.9833333333333333,0.6499999999999999,0.7266666666666666
multi-auditor-v1-s42,42,0.5,0.2,0.1,majority_vote,50,,0.0,1.471304564981105,0.0,1.0,0.9666666666666667,0.1,0.5
multi-auditor-v1-s42,42,0.5,0.2,0.1,tree_partition,50,1.0,0.0,1.471304564981105,0.0,1.0,0.9666666666666667,0.1,0.5
multi-auditor-v1-s42,42,0.5,0.2,0.1,weighted_majority,50,,0.0,1.5015737979442583,0.022222222222222223,0.4,0.9866666666666667,0.65,0.7266666666666667
multi-auditor-v1-s2026,2026,0.5,0.2,0.1,beta_reputation,50,,0.0,1.3782897064756794,0.0,0.4,0.9866666666666667,0.6630952380952381,0.7822222222222223
multi-auditor-v1-s2026,2026,0.5,0.2,0.1,dawid_skene,50,,0.0,1.3782897064756794,0.0,0.0,1.0,1.0,1.0
multi-auditor-v1-s2026,2026,0.5,0.2,0.1,gb_three_way,50,1.0,0.0,1.3782897064756794,0.0,1.0,0.9766666666666667,0.1,0.5
multi-auditor-v1-s2026,2026,0.5,0.2,0.1,granular_ball,50,1.0,0.0,1.3782897064756794,0.0,1.0,0.9766666666666667,0.1,0.5
multi-auditor-v1-s2026,2026,0.5,0.2,0.1,kmeans_trust,50,1.0,0.0,1.3782897064756794,0.0,1.0,0.9766666666666667,0.1,0.5
multi-auditor-v1-s2026,2026,0.5,0.2,0.1,knn_competence,50,,0.0,1.3782897064756794,0.0,0.4,0.9866666666666667,0.6630952380952381,0.7822222222222223
multi-auditor-v1-s2026,2026,0.5,0.2,0.1,majority_vote,50,,0.0,1.3782897064756794,0.0,1.0,0.9766666666666667,0.1,0.5
multi-auditor-v1-s2026,2026,0.5,0.2,0.1,tree_partition,50,1.0,0.0,1.3782897064756794,0.0,1.0,0.9766666666666667,0.1,0.5
multi-auditor-v1-s2026,2026,0.5,0.2,0.1,weighted_majority,50,,0.0,1.3852277017941648,0.06666666666666667,0.4,0.9933333333333333,0.6630952380952381,0.7822222222222223
multi-auditor-v1-s1,1,1.0,0.0,0.1,beta_reputation,50,,0.0,1.526657862449889,0.0,0.4,1.0,0.6464646464646464,0.7111111111111111
multi-auditor-v1-s1,1,1.0,0.0,0.1,dawid_skene,50,,0.0,1.526657862449889,0.0,0.0,1.0,1.0,1.0
multi-auditor-v1-s1,1,1.0,0.0,0.1,gb_three_way,50,1.0,0.0,1.526657862449889,0.0,1.0,1.0,0.1,0.5
multi-auditor-v1-s1,1,1.0,0.0,0.1,granular_ball,50,1.0,0.0,1.526657862449889,0.0,1.0,1.0,0.1,0.5
multi-auditor-v1-s1,1,1.0,0.0,0.1,kmeans_trust,50,1.0,0.0,1.526657862449889,0.0,1.0,1.0,0.1,0.5
multi-auditor-v1-s1,1,1.0,0.0,0.1,knn_competence,50,,0.0,1.526657862449889,0.0,0.4,1.0,0.6464646464646464,0.7111111111111111
multi-auditor-v1-s1,1,1.0,0.0,0.1,majority_vote,50,,0.0,1.526657862449889,0.0,1.0,1.0,0.1,0.5
multi-auditor-v1-s1,1,1.0,0.0,0.1,tree_partition,50,1.0,0.0,1.526657862449889,0.0,1.0,1.0,0.1,0.5
multi-auditor-v1-s1,1,1.0,0.0,0.1,weighted_majority,50,,0.0,1.555869096267944,0.0,0.4,1.0,0.6464646464646464,0.7111111111111111
multi-auditor-v1-s7,7,1.0,0.0,0.1,beta_reputation,50,,0.0,1.4979763380074318,0.0,0.4,1.0,0.6576410256410257,0.7666666666666666
multi-auditor-v1-s7,7,1.0,0.0,0.1,dawid_skene,50,,0.0,1.4979763380074318,0.0,0.0,1.0,1.0,1.0
multi-auditor-v1-s7,7,1.0,0.0,0.1,gb_three_way,50,1.0,0.0,1.4979763380074318,0.0,1.0,1.0,0.1,0.5
multi-auditor-v1-s7,7,1.0,0.0,0.1,granular_ball,50,1.0,0.0,1.4979763380074318,0.0,1.0,1.0,0.1,0.5
multi-auditor-v1-s7,7,1.0,0.0,0.1,kmeans_trust,50,1.0,0.0,1.4979763380074318,0.0,1.0,1.0,0.1,0.5
multi-auditor-v1-s7,7,1.0,0.0,0.1,knn_competence,50,,0.0,1.4979763380074318,0.0,0.4,1.0,0.6576410256410257,0.7666666666666666
multi-auditor-v1-s7,7,1.0,0.0,0.1,majority_vote,50,,0.0,1.4979763380074318,0.0,1.0,1.0,0.1,0.5
multi-auditor-v1-s7,7,1.0,0.0,0.1,tree_partition,50,1.0,0.0,1.4979763380074318,0.0,1.0,1.0,0.1,0.5
multi-auditor-v1-s7,7,1.0,0.0,0.1,weighted_majority,50,,0.0,1.50345120553217,0.08888888888888889,0.4,1.0,0.6576410256410257,0.7666666666666666
multi-auditor-v1-s21,21,1.0,0.0,0.1,beta_reputation,50,,0.0,1.5001655486057246,0.0,0.4,1.0,0.6547826086956521,0.7155555555555555
multi-auditor-v1-s21,21,1.0,0.0,0.1,dawid_skene,50,,0.0,1.5001655486057246,0.0,0.0,1.0,1.0,1.0
multi-auditor-v1-s21,21,1.0,0.0,0.1,gb_three_way,50,1.0,0.0,1.5001655486057246,0.0,1.0,1.0,0.1,0.5
multi-auditor-v1-s21,21,1.0,0.0,0.1,granular_ball,50,1.0,0.0,1.5001655486057246,0.0,1.0,1.0,0.1,0.5
multi-auditor-v1-s21,21,1.0,0.0,0.1,kmeans_trust,50,1.0,0.0,1.5001655486057246,0.0,1.0,1.0,0.1,0.5
multi-auditor-v1-s21,21,1.0,0.0,0.1,knn_competence,50,,0.0,1.5001655486057246,0.0,0.4,1.0,0.6547826086956521,0.7155555555555555
multi-auditor-v1-s21,21,1.0,0.0,0.1,majority_vote,50,,0.0,1.5001655486057246,0.0,1.0,1.0,0.1,0.5
multi-auditor-v1-s21,21,1.0,0.0,0.1,tree_partition,50,1.0,0.0,1.5001655486057246,0.0,1.0,1.0,0.1,0.5
multi-auditor-v1-s21,21,1.0,0.0,0.1,weighted_majority,50,,0.0,1.511705680024245,0.022222222222222223,0.4,1.0,0.6547826086956522,0.7155555555555555
multi-auditor-v1-s42,42,1.0,0.0,0.1,beta_reputation,50,,0.0,1.5172047053719724,0.0,0.4,1.0,0.6533333333333333,0.7155555555555556
multi-auditor-v1-s42,42,1.0,0.0,0.1,dawid_skene,50,,0.0,1.5172047053719724,0.0,0.0,1.0,1.0,1.0
multi-auditor-v1-s42,42,1.0,0.0,0.1,gb_three_way,50,1.0,0.0,1.5172047053719724,0.0,1.0,1.0,0.1,0.5
multi-auditor-v1-s42,42,1.0,0.0,0.1,granular_ball,50,1.0,0.0,1.5172047053719724,0.0,1.0,1.0,0.1,0.5
multi-auditor-v1-s42,42,1.0,0.0,0.1,kmeans_trust,50,1.0,0.0,1.5172047053719724,0.0,1.0,1.0,0.1,0.5
multi-auditor-v1-s42,42,1.0,0.0,0.1,knn_competence,50,,0.0,1.5172047053719724,0.0,0.4,1.0,0.6533333333333333,0.7155555555555556
multi-auditor-v1-s42,42,1.0,0.0,0.1,majority_vote,50,,0.0,1.5172047053719724,0.0,1.0,1.0,0.1,0.5
multi-auditor-v1-s42,42,1.0,0.0,0.1,tree_partition,50,1.0,0.0,1.5172047053719724,0.0,1.0,1.0,0.1,0.5
multi-auditor-v1-s42,42,1.0,0.0,0.1,weighted_majority,50,,0.0,1.5184522798443665,0.06666666666666667,0.4,1.0,0.6533333333333333,0.7155555555555555
multi-auditor-v1-s2026,2026,1.0,0.0,0.1,beta_reputation,50,,0.0,1.402946599890876,0.0,0.4,1.0,0.6703703703703703,0.8222222222222222
multi-auditor-v1-s2026,2026,1.0,0.0,0.1,dawid_skene,50,,0.0,1.402946599890876,0.0,0.0,1.0,1.0,1.0
multi-auditor-v1-s2026,2026,1.0,0.0,0.1,gb_three_way,50,1.0,0.0,1.402946599890876,0.0,1.0,1.0,0.1,0.5
multi-auditor-v1-s2026,2026,1.0,0.0,0.1,granular_ball,50,1.0,0.0,1.402946599890876,0.0,1.0,1.0,0.1,0.5
multi-auditor-v1-s2026,2026,1.0,0.0,0.1,kmeans_trust,50,1.0,0.0,1.402946599890876,0.0,1.0,1.0,0.1,0.5
multi-auditor-v1-s2026,2026,1.0,0.0,0.1,knn_competence,50,,0.0,1.402946599890876,0.0,0.4,1.0,0.6703703703703703,0.8222222222222222
multi-auditor-v1-s2026,2026,1.0,0.0,0.1,majority_vote,50,,0.0,1.402946599890876,0.0,1.0,1.0,0.1,0.5
multi-auditor-v1-s2026,2026,1.0,0.0,0.1,tree_partition,50,1.0,0.0,1.402946599890876,0.0,1.0,1.0,0.1,0.5
multi-auditor-v1-s2026,2026,1.0,0.0,0.1,weighted_majority,50,,0.0,1.4095606586603109,0.022222222222222223,0.4,1.0,0.6703703703703703,0.8222222222222222
multi-auditor-v1-s1,1,1.0,0.2,0.1,beta_reputation,50,,0.0,1.5054110773575173,0.0,0.4,0.9833333333333333,0.6718196457326892,0.8177777777777777
multi-auditor-v1-s1,1,1.0,0.2,0.1,dawid_skene,50,,0.0,1.5054110773575173,0.0,0.0,0.9866666666666667,1.0,1.0
multi-auditor-v1-s1,1,1.0,0.2,0.1,gb_three_way,50,1.0,0.0,1.5054110773575173,0.0,1.0,0.9566666666666667,0.1,0.5
multi-auditor-v1-s1,1,1.0,0.2,0.1,granular_ball,50,1.0,0.0,1.5054110773575173,0.0,1.0,0.9566666666666667,0.1,0.5
multi-auditor-v1-s1,1,1.0,0.2,0.1,kmeans_trust,50,1.0,0.0,1.5054110773575173,0.0,1.0,0.9566666666666667,0.1,0.5
multi-auditor-v1-s1,1,1.0,0.2,0.1,knn_competence,50,,0.0,1.5054110773575173,0.0,0.4,0.9833333333333333,0.6718196457326892,0.8177777777777777
multi-auditor-v1-s1,1,1.0,0.2,0.1,majority_vote,50,,0.0,1.5054110773575173,0.0,1.0,0.9566666666666667,0.1,0.5
multi-auditor-v1-s1,1,1.0,0.2,0.1,tree_partition,50,1.0,0.0,1.5054110773575173,0.0,1.0,0.9566666666666667,0.1,0.5
multi-auditor-v1-s1,1,1.0,0.2,0.1,weighted_majority,50,,0.0,1.4993584349988027,0.022222222222222223,0.4,0.9866666666666667,0.6718196457326892,0.8177777777777778
multi-auditor-v1-s7,7,1.0,0.2,0.1,beta_reputation,50,,0.0,1.549775271763813,0.0,0.4,0.99,0.6477272727272727,0.7088888888888889
multi-auditor-v1-s7,7,1.0,0.2,0.1,dawid_skene,50,,0.0,1.549775271763813,0.0,0.0,0.9966666666666667,1.0,1.0
multi-auditor-v1-s7,7,1.0,0.2,0.1,gb_three_way,50,1.0,0.0,1.549775271763813,0.0,1.0,0.97,0.1,0.5
multi-auditor-v1-s7,7,1.0,0.2,0.1,granular_ball,50,1.0,0.0,1.549775271763813,0.0,1.0,0.97,0.1,0.5
multi-auditor-v1-s7,7,1.0,0.2,0.1,kmeans_trust,50,1.0,0.0,1.549775271763813,0.0,1.0,0.97,0.1,0.5
multi-auditor-v1-s7,7,1.0,0.2,0.1,knn_competence,50,,0.0,1.549775271763813,0.0,0.4,0.99,0.6477272727272727,0.7088888888888889
multi-auditor-v1-s7,7,1.0,0.2,0.1,majority_vote,50,,0.0,1.549775271763813,0.0,1.0,0.97,0.1,0.5
multi-auditor-v1-s7,7,1.0,0.2,0.1,tree_partition,50,1.0,0.0,1.549775271763813,0.0,1.0,0.97,0.1,0.5
multi-auditor-v1-s7,7,1.0,0.2,0.1,weighted_majority,50,,0.0,1.5643783948471965,0.044444444444444446,0.4,0.99,0.6477272727272727,0.7088888888888889
multi-auditor-v1-s21,21,1.0,0.2,0.1,beta_reputation,50,,0.0,1.5178224804737497,0.0,0.4,0.9966666666666667,0.6798418972332015,0.84
multi-auditor-v1-s21,21,1.0,0.2,0.1,dawid_skene,50,,0.0,1.5178224804737497,0.0,0.0,0.9966666666666667,1.0,1.0
multi-auditor-v1-s21,21,1.0,0.2,0.1,gb_three_way,50,1.0,0.0,1.5178224804737497,0.0,1.0,0.9733333333333334,0.1,0.5
multi-auditor-v1-s21,21,1.0,0.2,0.1,granular_ball,50,1.0,0.0,1.5178224804737497,0.0,1.0,0.9733333333333334,0.1,0.5
multi-auditor-v1-s21,21,1.0,0.2,0.1,kmeans_trust,50,1.0,0.0,1.5178224804737497,0.0,1.0,0.9733333333333334,0.1,0.5
multi-auditor-v1-s21,21,1.0,0.2,0.1,knn_competence,50,,0.0,1.5178224804737497,0.0,0.4,0.9966666666666667,0.6798418972332015,0.84
multi-auditor-v1-s21,21,1.0,0.2,0.1,majority_vote,50,,0.0,1.5178224804737497,0.0,1.0,0.9733333333333334,0.1,0.5
multi-auditor-v1-s21,21,1.0,0.2,0.1,tree_partition,50,1.0,0.0,1.5178224804737497,0.0,1.0,0.9733333333333334,0.1,0.5
multi-auditor-v1-s21,21,1.0,0.2,0.1,weighted_majority,50,,0.0,1.5535338937124716,0.06666666666666667,0.4,0.9966666666666667,0.6798418972332015,0.84
multi-auditor-v1-s42,42,1.0,0.2,0.1,beta_reputation,50,,0.0,1.5258786499589332,0.0,0.4,0.9833333333333333,0.6641123882503193,0.7955555555555556
multi-auditor-v1-s42,42,1.0,0.2,0.1,dawid_skene,50,,0.0,1.5258786499589332,0.0,0.0,0.9966666666666667,1.0,1.0
multi-auditor-v1-s42,42,1.0,0.2,0.1,gb_three_way,50,1.0,0.0,1.5258786499589332,0.0,1.0,0.9566666666666667,0.1,0.5
multi-auditor-v1-s42,42,1.0,0.2,0.1,granular_ball,50,1.0,0.0,1.5258786499589332,0.0,1.0,0.96,0.1,0.5
multi-auditor-v1-s42,42,1.0,0.2,0.1,kmeans_trust,50,1.0,0.0,1.5258786499589332,0.0,1.0,0.96,0.1,0.5
multi-auditor-v1-s42,42,1.0,0.2,0.1,knn_competence,50,,0.0,1.5258786499589332,0.0,0.4,0.9833333333333333,0.6641123882503193,0.7955555555555556
multi-auditor-v1-s42,42,1.0,0.2,0.1,majority_vote,50,,0.0,1.5258786499589332,0.0,1.0,0.9566666666666667,0.1,0.5
multi-auditor-v1-s42,42,1.0,0.2,0.1,tree_partition,50,1.0,0.0,1.5258786499589332,0.0,1.0,0.96,0.1,0.5
multi-auditor-v1-s42,42,1.0,0.2,0.1,weighted_majority,50,,0.0,1.5268174813411313,0.044444444444444446,0.4,0.99,0.6641123882503193,0.7955555555555556
multi-auditor-v1-s2026,2026,1.0,0.2,0.1,beta_reputation,50,,0.0,1.5420480990655205,0.0,0.4,0.9733333333333334,0.6580384226491405,0.7533333333333333
multi-auditor-v1-s2026,2026,1.0,0.2,0.1,dawid_skene,50,,0.0,1.5420480990655205,0.0,0.0,0.99,1.0,1.0
multi-auditor-v1-s2026,2026,1.0,0.2,0.1,gb_three_way,50,1.0,0.0,1.5420480990655205,0.0,1.0,0.9333333333333333,0.1,0.5
multi-auditor-v1-s2026,2026,1.0,0.2,0.1,granular_ball,50,1.0,0.0,1.5420480990655205,0.0,1.0,0.94,0.1,0.5
multi-auditor-v1-s2026,2026,1.0,0.2,0.1,kmeans_trust,50,1.0,0.0,1.5420480990655205,0.0,1.0,0.94,0.1,0.5
multi-auditor-v1-s2026,2026,1.0,0.2,0.1,knn_competence,50,,0.0,1.5420480990655205,0.0,0.4,0.9733333333333334,0.6580384226491405,0.7533333333333333
multi-auditor-v1-s2026,2026,1.0,0.2,0.1,majority_vote,50,,0.0,1.5420480990655205,0.0,1.0,0.9333333333333333,0.1,0.5
multi-auditor-v1-s2026,2026,1.0,0.2,0.1,tree_partition,50,1.0,0.0,1.5420480990655205,0.0,1.0,0.94,0.1,0.5
multi-auditor-v1-s2026,2026,1.0,0.2,0.1,weighted_majority,50,,0.0,1.5365665658332262,0.08888888888888889,0.4,0.9833333333333333,0.6580384226491405,0.7533333333333334
multi-auditor-v1-s1,1,0.5,0.0,0.3,beta_reputation,50,,0.0,1.4704757769338415,0.0,0.4666666666666667,1.0,0.7053235653235652,0.7104761904761905
multi-auditor-v1-s1,1,0.5,0.0,0.3,dawid_skene,50,,0.0,1.4704757769338415,0.0,0.0,1.0,1.0,1.0
multi-auditor-v1-s1,1,0.5,0.0,0.3,gb_three_way,50,4.0,12.0,1.5085740412368476,0.05714285714285714,0.4666666666666667,1.0,0.6733333333333333,0.7533333333333332
multi-auditor-v1-s1,1,0.5,0.0,0.3,granular_ball,50,4.0,0.0,1.4704757769338415,0.0,0.4666666666666667,1.0,0.6733333333333333,0.7066666666666667
multi-auditor-v1-s1,1,0.5,0.0,0.3,kmeans_trust,50,4.0,0.0,1.4704757769338415,0.0,0.4666666666666667,1.0,0.6733333333333333,0.5333333333333333
multi-auditor-v1-s1,1,0.5,0.0,0.3,knn_competence,50,,0.0,1.4704757769338415,0.0,0.4666666666666667,1.0,0.7053235653235652,0.7104761904761905
multi-auditor-v1-s1,1,0.5,0.0,0.3,majority_vote,50,,0.0,1.4704757769338415,0.0,1.0,0.9966666666666667,0.3,0.5
multi-auditor-v1-s1,1,0.5,0.0,0.3,tree_partition,50,4.0,0.0,1.4704757769338415,0.0,0.4666666666666667,1.0,0.6733333333333333,0.7
multi-auditor-v1-s1,1,0.5,0.0,0.3,weighted_majority,50,,0.0,1.5085740412368476,0.14285714285714285,0.4666666666666667,1.0,0.7053235653235653,0.7104761904761905
multi-auditor-v1-s7,7,0.5,0.0,0.3,beta_reputation,50,,0.0,1.4451142200123233,0.0,0.4666666666666667,1.0,0.7161131239935588,0.7447619047619048
multi-auditor-v1-s7,7,0.5,0.0,0.3,dawid_skene,50,,0.0,1.4451142200123233,0.0,0.0,1.0,1.0,1.0
multi-auditor-v1-s7,7,0.5,0.0,0.3,gb_three_way,50,2.0,0.0,1.4698884016293652,0.0,0.4666666666666667,1.0,0.6733333333333333,0.7666666666666666
multi-auditor-v1-s7,7,0.5,0.0,0.3,granular_ball,50,2.0,0.0,1.4451142200123233,0.0,0.4666666666666667,1.0,0.6733333333333333,0.7666666666666666
multi-auditor-v1-s7,7,0.5,0.0,0.3,kmeans_trust,50,2.0,0.0,1.4451142200123233,0.0,0.4666666666666667,1.0,0.6733333333333333,0.7666666666666666
multi-auditor-v1-s7,7,0.5,0.0,0.3,knn_competence,50,,0.0,1.4451142200123233,0.0,0.4666666666666667,1.0,0.7161131239935588,0.7447619047619048
multi-auditor-v1-s7,7,0.5,0.0,0.3,majority_vote,50,,0.0,1.4451142200123233,0.0,1.0,0.9966666666666667,0.3,0.5
multi-auditor-v1-s7,7,0.5,0.0,0.3,tree_partition,50,2.0,0.0,1.4451142200123233,0.0,0.4666666666666667,1.0,0.6733333333333333,0.7666666666666666
multi-auditor-v1-s7,7,0.5,0.0,0.3,weighted_majority,50,,0.0,1.4698884016293652,0.02857142857142857,0.4666666666666667,1.0,0.7161131239935588,0.7447619047619047
multi-auditor-v1-s21,21,0.5,0.0,0.3,beta_reputation,50,,0.0,1.4554626643868533,0.0,0.4666666666666667,1.0,0.7293939393939393,0.7752380952380953
multi-auditor-v1-s21,21,0.5,0.0,0.3,dawid_skene,50,,0.0,1.4554626643868533,0.0,0.0,1.0,1.0,1.0
multi-auditor-v1-s21,21,0.5,0.0,0.3,gb_three_way,50,2.0,0.0,1.498663627302735,0.0,0.4666666666666667,1.0,0.6733333333333333,0.7666666666666666
multi-auditor-v1-s21,21,0.5,0.0,0.3,granular_ball,50,2.0,0.0,1.4554626643868533,0.0,0.4666666666666667,1.0,0.6733333333333333,0.7666666666666666
multi-auditor-v1-s21,21,0.5,0.0,0.3,kmeans_trust,50,2.0,0.0,1.4554626643868533,0.0,0.4666666666666667,1.0,0.6733333333333333,0.7666666666666666
multi-auditor-v1-s21,21,0.5,0.0,0.3,knn_competence,50,,0.0,1.4554626643868533,0.0,0.4666666666666667,1.0,0.7293939393939393,0.7752380952380953
multi-auditor-v1-s21,21,0.5,0.0,0.3,majority_vote,50,,0.0,1.4554626643868533,0.0,1.0,1.0,0.3,0.5
multi-auditor-v1-s21,21,0.5,0.0,0.3,tree_partition,50,2.0,0.0,1.4554626643868533,0.0,0.4666666666666667,1.0,0.6733333333333333,0.7666666666666666
multi-auditor-v1-s21,21,0.5,0.0,0.3,weighted_majority,50,,0.0,1.498663627302735,0.11428571428571428,0.4666666666666667,1.0,0.7293939393939394,0.7752380952380953
multi-auditor-v1-s42,42,0.5,0.0,0.3,beta_reputation,50,,0.0,1.3981010117700838,0.0,0.4666666666666667,1.0,0.7151523713936057,0.7533333333333334
multi-auditor-v1-s42,42,0.5,0.0,0.3,dawid_skene,50,,0.0,1.3981010117700838,0.0,0.0,1.0,1.0,1.0
multi-auditor-v1-s42,42,0.5,0.0,0.3,gb_three_way,50,2.0,0.0,1.4214069433126877,0.0,0.4666666666666667,1.0,0.6733333333333333,0.7666666666666666
multi-auditor-v1-s42,42,0.5,0.0,0.3,granular_ball,50,2.0,0.0,1.3981010117700838,0.0,0.4666666666666667,1.0,0.6733333333333333,0.7666666666666666
multi-auditor-v1-s42,42,0.5,0.0,0.3,kmeans_trust,50,2.0,0.0,1.3981010117700838,0.0,0.4666666666666667,1.0,0.6733333333333333,0.7666666666666666
multi-auditor-v1-s42,42,0.5,0.0,0.3,knn_competence,50,,0.0,1.3981010117700838,0.0,0.4666666666666667,1.0,0.7151523713936057,0.7533333333333334
multi-auditor-v1-s42,42,0.5,0.0,0.3,majority_vote,50,,0.0,1.3981010117700838,0.0,1.0,1.0,0.3,0.5
multi-auditor-v1-s42,42,0.5,0.0,0.3,tree_partition,50,2.0,0.0,1.3981010117700838,0.0,0.4666666666666667,1.0,0.6733333333333333,0.7666666666666666
multi-auditor-v1-s42,42,0.5,0.0,0.3,weighted_majority,50,,0.0,1.4214069433126877,0.0,0.4666666666666667,1.0,0.7151523713936057,0.7533333333333333
multi-auditor-v1-s2026,2026,0.5,0.0,0.3,beta_reputation,50,,0.0,1.4259458542991115,0.0,0.4666666666666667,1.0,0.7280900184071539,0.7780952380952381
multi-auditor-v1-s2026,2026,0.5,0.0,0.3,dawid_skene,50,,0.0,1.4259458542991115,0.0,0.0,1.0,1.0,1.0
multi-auditor-v1-s2026,2026,0.5,0.0,0.3,gb_three_way,50,3.0,0.0,1.4419373944585845,0.0,0.4666666666666667,1.0,0.6733333333333333,0.7666666666666666
multi-auditor-v1-s2026,2026,0.5,0.0,0.3,granular_ball,50,3.0,0.0,1.4259458542991115,0.0,0.4666666666666667,1.0,0.6733333333333333,0.72
multi-auditor-v1-s2026,2026,0.5,0.0,0.3,kmeans_trust,50,3.0,0.0,1.4259458542991115,0.0,0.4666666666666667,1.0,0.6733333333333333,0.72
multi-auditor-v1-s2026,2026,0.5,0.0,0.3,knn_competence,50,,0.0,1.4259458542991115,0.0,0.4666666666666667,1.0,0.7280900184071539,0.7780952380952381
multi-auditor-v1-s2026,2026,0.5,0.0,0.3,majority_vote,50,,0.0,1.4259458542991115,0.0,1.0,1.0,0.3,0.5
multi-auditor-v1-s2026,2026,0.5,0.0,0.3,tree_partition,50,3.0,0.0,1.4259458542991115,0.0,0.4666666666666667,1.0,0.6733333333333333,0.7133333333333334
multi-auditor-v1-s2026,2026,0.5,0.0,0.3,weighted_majority,50,,0.0,1.4419373944585845,0.05714285714285714,0.4666666666666667,1.0,0.7280900184071539,0.7780952380952381
multi-auditor-v1-s1,1,0.5,0.2,0.3,beta_reputation,50,,0.0,1.453807492480709,0.0,0.4666666666666667,0.85,0.7027017593888032,0.7161904761904762
multi-auditor-v1-s1,1,0.5,0.2,0.3,dawid_skene,50,,0.0,1.453807492480709,0.0,1.0,0.0,0.17767752160401795,0.0
multi-auditor-v1-s1,1,0.5,0.2,0.3,gb_three_way,50,3.0,0.0,1.472214193698841,0.0,0.4666666666666667,0.9066666666666666,0.6733333333333333,0.7666666666666666
multi-auditor-v1-s1,1,0.5,0.2,0.3,granular_ball,50,3.0,0.0,1.453807492480709,0.0,0.4666666666666667,0.8333333333333334,0.6733333333333333,0.72
multi-auditor-v1-s1,1,0.5,0.2,0.3,kmeans_trust,50,3.0,0.0,1.453807492480709,0.0,0.4666666666666667,0.8333333333333334,0.6733333333333333,0.72
multi-auditor-v1-s1,1,0.5,0.2,0.3,knn_competence,50,,0.0,1.453807492480709,0.0,0.4666666666666667,0.85,0.7027017593888032,0.7161904761904762
multi-auditor-v1-s1,1,0.5,0.2,0.3,majority_vote,50,,0.0,1.453807492480709,0.0,1.0,0.63,0.3,0.5
multi-auditor-v1-s1,1,0.5,0.2,0.3,tree_partition,50,3.0,0.0,1.453807492480709,0.0,0.4666666666666667,0.84,0.6733333333333333,0.7133333333333334
multi-auditor-v1-s1,1,0.5,0.2,0.3,weighted_majority,50,,0.0,1.472214193698841,0.02857142857142857,0.4666666666666667,0.93,0.7027017593888032,0.7161904761904762
multi-auditor-v1-s7,7,0.5,0.2,0.3,beta_reputation,50,,0.0,1.4360031241659192,0.0,0.4666666666666667,0.8666666666666667,0.7192148868585649,0.7638095238095237
multi-auditor-v1-s7,7,0.5,0.2,0.3,dawid_skene,50,,0.0,1.4360031241659192,0.0,0.0,0.9966666666666667,1.0,1.0
multi-auditor-v1-s7,7,0.5,0.2,0.3,gb_three_way,50,2.0,0.0,1.4840366666075386,0.0,0.4666666666666667,0.9133333333333333,0.6733333333333333,0.7666666666666666
multi-auditor-v1-s7,7,0.5,0.2,0.3,granular_ball,50,2.0,0.0,1.4360031241659192,0.0,0.4666666666666667,0.86,0.6733333333333333,0.7666666666666666
multi-auditor-v1-s7,7,0.5,0.2,0.3,kmeans_trust,50,2.0,0.0,1.4360031241659192,0.0,0.4666666666666667,0.86,0.6733333333333333,0.7666666666666666
multi-auditor-v1-s7,7,0.5,0.2,0.3,knn_competence,50,,0.0,1.4360031241659192,0.0,0.4666666666666667,0.8666666666666667,0.7192148868585649,0.7638095238095237
multi-auditor-v1-s7,7,0.5,0.2,0.3,majority_vote,50,,0.0,1.4360031241659192,0.0,1.0,0.6833333333333333,0.3,0.5
multi-auditor-v1-s7,7,0.5,0.2,0.3,tree_partition,50,2.0,0.0,1.4360031241659192,0.0,0.4666666666666667,0.86,0.6733333333333333,0.7666666666666666
multi-auditor-v1-s7,7,0.5,0.2,0.3,weighted_majority,50,,0.0,1.4840366666075386,0.02857142857142857,0.4666666666666667,0.9333333333333333,0.719214886858565,0.7638095238095237
multi-auditor-v1-s21,21,0.5,0.2,0.3,beta_reputation,50,,0.0,1.4524507552476233,0.0,0.4666666666666667,0.8366666666666667,0.6851398804133726,0.659047619047619
multi-auditor-v1-s21,21,0.5,0.2,0.3,dawid_skene,50,,0.0,1.4524507552476233,0.0,1.0,0.0033333333333333335,0.17767752160401795,0.0
multi-auditor-v1-s21,21,0.5,0.2,0.3,gb_three_way,50,2.0,0.0,1.4745572307408223,0.0,0.4666666666666667,0.91,0.6733333333333333,0.7666666666666666
multi-auditor-v1-s21,21,0.5,0.2,0.3,granular_ball,50,2.0,0.0,1.4524507552476233,0.0,0.4666666666666667,0.8233333333333334,0.6733333333333333,0.7666666666666666
multi-auditor-v1-s21,21,0.5,0.2,0.3,kmeans_trust,50,2.0,0.0,1.4524507552476233,0.0,0.4666666666666667,0.8233333333333334,0.6733333333333333,0.7666666666666666
multi-auditor-v1-s21,21,0.5,0.2,0.3,knn_competence,50,,0.0,1.4524507552476233,0.0,0.4666666666666667,0.8366666666666667,0.6851398804133726,0.659047619047619
multi-auditor-v1-s21,21,0.5,0.2,0.3,majority_vote,50,,0.0,1.4524507552476233,0.0,1.0,0.64,0.3,0.5
multi-auditor-v1-s21,21,0.5,0.2,0.3,tree_partition,50,2.0,0.0,1.4524507552476233,0.0,0.4666666666666667,0.8233333333333334,0.6733333333333333,0.7666666666666666
multi-auditor-v1-s21,21,0.5,0.2,0.3,weighted_majority,50,,0.0,1.4745572307408223,0.08571428571428572,0.4666666666666667,0.9133333333333333,0.6851398804133727,0.6590476190476191
multi-auditor-v1-s42,42,0.5,0.2,0.3,beta_reputation,50,,0.0,1.393457070774015,0.0,0.4666666666666667,0.84,0.7100796811141639,0.7390476190476191
multi-auditor-v1-s42,42,0.5,0.2,0.3,dawid_skene,50,,0.0,1.393457070774015,0.0,1.0,0.0,0.17767752160401795,0.0
multi-auditor-v1-s42,42,0.5,0.2,0.3,gb_three_way,50,2.0,0.0,1.4090135355646876,0.0,0.4666666666666667,0.8733333333333333,0.6733333333333333,0.7666666666666666
multi-auditor-v1-s42,42,0.5,0.2,0.3,granular_ball,50,2.0,0.0,1.393457070774015,0.0,0.4666666666666667,0.8333333333333334,0.6733333333333333,0.7666666666666666
multi-auditor-v1-s42,42,0.5,0.2,0.3,kmeans_trust,50,2.0,0.0,1.393457070774015,0.0,0.4666666666666667,0.8333333333333334,0.6733333333333333,0.7666666666666666
multi-auditor-v1-s42,42,0.5,0.2,0.3,knn_competence,50,,0.0,1.393457070774015,0.0,0.4666666666666667,0.84,0.7100796811141639,0.7390476190476191
multi-auditor-v1-s42,42,0.5,0.2,0.3,majority_vote,50,,0.0,1.393457070774015,0.0,1.0,0.59,0.3,0.5
multi-auditor-v1-s42,42,0.5,0.2,0.3,tree_partition,50,2.0,0.0,1.393457070774015,0.0,0.4666666666666667,0.8333333333333334,0.6733333333333333,0.7666666666666666
multi-auditor-v1-s42,42,0.5,0.2,0.3,weighted_majority,50,,0.0,1.4090135355646876,0.05714285714285714,0.4666666666666667,0.8766666666666667,0.7100796811141639,0.7390476190476191
multi-auditor-v1-s2026,2026,0.5,0.2,0.3,beta_reputation,50,,0.0,1.4093481807342385,0.0,0.4666666666666667,0.84,0.6985995787418445,0.7057142857142857
multi-auditor-v1-s2026,2026,0.5,0.2,0.3,dawid_skene,50,,0.0,1.4093481807342385,0.0,1.0,0.0,0.17767752160401795,0.0
multi-auditor-v1-s2026,2026,0.5,0.2,0.3,gb_three_way,50,2.0,0.0,1.4403632494333567,0.0,0.4666666666666667,0.8733333333333333,0.6733333333333333,0.7666666666666666
multi-auditor-v1-s2026,2026,0.5,0.2,0.3,granular_ball,50,2.0,0.0,1.4093481807342385,0.0,0.4666666666666667,0.8233333333333334,0.6733333333333333,0.7666666666666666
multi-auditor-v1-s2026,2026,0.5,0.2,0.3,kmeans_trust,50,2.0,0.0,1.4093481807342385,0.0,0.4666666666666667,0.8233333333333334,0.6733333333333333,0.7666666666666666
multi-auditor-v1-s2026,2026,0.5,0.2,0.3,knn_competence,50,,0.0,1.4093481807342385,0.0,0.4666666666666667,0.84,0.6985995787418445,0.7057142857142857
multi-auditor-v1-s2026,2026,0.5,0.2,0.3,majority_vote,50,,0.0,1.4093481807342385,0.0,1.0,0.6133333333333333,0.3,0.5
multi-auditor-v1-s2026,2026,0.5,0.2,0.3,tree_partition,50,2.0,0.0,1.4093481807342385,0.0,0.4666666666666667,0.8233333333333334,0.6733333333333333,0.7666666666666666
multi-auditor-v1-s2026,2026,0.5,0.2,0.3,weighted_majority,50,,0.0,1.4403632494333567,0.05714285714285714,0.4666666666666667,0.8866666666666667,0.6985995787418445,0.7057142857142857
multi-auditor-v1-s1,1,1.0,0.0,0.3,beta_reputation,50,,0.0,1.454177277388734,0.0,0.4666666666666667,1.0,0.6801801811025413,0.6504761904761905
multi-auditor-v1-s1,1,1.0,0.0,0.3,dawid_skene,50,,0.0,1.454177277388734,0.0,0.0,1.0,1.0,1.0
multi-auditor-v1-s1,1,1.0,0.0,0.3,gb_three_way,50,2.0,0.0,1.4679023034995937,0.0,0.4666666666666667,1.0,0.6733333333333333,0.7666666666666666
multi-auditor-v1-s1,1,1.0,0.0,0.3,granular_ball,50,2.0,0.0,1.454177277388734,0.0,0.4666666666666667,0.9966666666666667,0.6733333333333333,0.7666666666666666
multi-auditor-v1-s1,1,1.0,0.0,0.3,kmeans_trust,50,2.0,0.0,1.454177277388734,0.0,0.4666666666666667,0.9966666666666667,0.6733333333333333,0.7666666666666666
multi-auditor-v1-s1,1,1.0,0.0,0.3,knn_competence,50,,0.0,1.454177277388734,0.0,0.4666666666666667,1.0,0.6801801811025413,0.6504761904761905
multi-auditor-v1-s1,1,1.0,0.0,0.3,majority_vote,50,,0.0,1.454177277388734,0.0,1.0,0.99,0.3,0.5
multi-auditor-v1-s1,1,1.0,0.0,0.3,tree_partition,50,2.0,0.0,1.454177277388734,0.0,0.4666666666666667,0.9966666666666667,0.6733333333333333,0.7666666666666666
multi-auditor-v1-s1,1,1.0,0.0,0.3,weighted_majority,50,,0.0,1.4679023034995937,0.02857142857142857,0.4666666666666667,1.0,0.6801801811025414,0.6504761904761905
multi-auditor-v1-s7,7,1.0,0.0,0.3,beta_reputation,50,,0.0,1.4284409846097177,0.0,0.4666666666666667,1.0,0.7182587827709779,0.76
multi-auditor-v1-s7,7,1.0,0.0,0.3,dawid_skene,50,,0.0,1.4284409846097177,0.0,0.0,1.0,1.0,1.0
multi-auditor-v1-s7,7,1.0,0.0,0.3,gb_three_way,50,2.0,0.0,1.4702124902255016,0.0,0.4666666666666667,1.0,0.6733333333333333,0.7666666666666666
multi-auditor-v1-s7,7,1.0,0.0,0.3,granular_ball,50,2.0,0.0,1.4284409846097177,0.0,0.4666666666666667,1.0,0.6733333333333333,0.7666666666666666
multi-auditor-v1-s7,7,1.0,0.0,0.3,kmeans_trust,50,2.0,0.0,1.4284409846097177,0.0,0.4666666666666667,1.0,0.6733333333333333,0.7666666666666666
multi-auditor-v1-s7,7,1.0,0.0,0.3,knn_competence,50,,0.0,1.4284409846097177,0.0,0.4666666666666667,1.0,0.7182587827709779,0.76
multi-auditor-v1-s7,7,1.0,0.0,0.3,majority_vote,50,,0.0,1.4284409846097177,0.0,1.0,1.0,0.3,0.5
multi-auditor-v1-s7,7,1.0,0.0,0.3,tree_partition,50,2.0,0.0,1.4284409846097177,0.0,0.4666666666666667,1.0,0.6733333333333333,0.7666666666666666
multi-auditor-v1-s7,7,1.0,0.0,0.3,weighted_majority,50,,0.0,1.4702124902255016,0.08571428571428572,0.4666666666666667,1.0,0.7182587827709779,0.76
multi-auditor-v1-s21,21,1.0,0.0,0.3,beta_reputation,50,,0.0,1.3892660081472747,0.0,0.4666666666666667,1.0,0.6999933350115679,0.7161904761904762
multi-auditor-v1-s21,21,1.0,0.0,0.3,dawid_skene,50,,0.0,1.3892660081472747,0.0,0.0,1.0,1.0,1.0
multi-auditor-v1-s21,21,1.0,0.0,0.3,gb_three_way,50,2.0,0.0,1.4196517113593852,0.0,0.4666666666666667,1.0,0.6733333333333333,0.7666666666666666
multi-auditor-v1-s21,21,1.0,0.0,0.3,granular_ball,50,2.0,0.0,1.3892660081472747,0.0,0.4666666666666667,1.0,0.6733333333333333,0.7666666666666666
multi-auditor-v1-s21,21,1.0,0.0,0.3,kmeans_trust,50,2.0,0.0,1.3892660081472747,0.0,0.4666666666666667,1.0,0.6733333333333333,0.7666666666666666
multi-auditor-v1-s21,21,1.0,0.0,0.3,knn_competence,50,,0.0,1.3892660081472747,0.0,0.4666666666666667,1.0,0.6999933350115679,0.7161904761904762
multi-auditor-v1-s21,21,1.0,0.0,0.3,majority_vote,50,,0.0,1.3892660081472747,0.0,1.0,0.9933333333333333,0.3,0.5
multi-auditor-v1-s21,21,1.0,0.0,0.3,tree_partition,50,2.0,0.0,1.3892660081472747,0.0,0.4666666666666667,1.0,0.6733333333333333,0.7666666666666666
multi-auditor-v1-s21,21,1.0,0.0,0.3,weighted_majority,50,,0.0,1.4196517113593852,0.0,0.4666666666666667,1.0,0.6999933350115678,0.7161904761904763
multi-auditor-v1-s42,42,1.0,0.0,0.3,beta_reputation,50,,0.0,1.4092924042800976,0.0,0.4666666666666667,1.0,0.7095415695415694,0.7238095238095238
multi-auditor-v1-s42,42,1.0,0.0,0.3,dawid_skene,50,,0.0,1.4092924042800976,0.0,0.0,1.0,1.0,1.0
multi-auditor-v1-s42,42,1.0,0.0,0.3,gb_three_way,50,4.0,0.0,1.4653984795488888,0.08571428571428572,0.4666666666666667,1.0,0.5278787878787878,0.7238095238095238
multi-auditor-v1-s42,42,1.0,0.0,0.3,granular_ball,50,4.0,0.0,1.4092924042800976,0.08571428571428572,0.4666666666666667,1.0,0.5278787878787878,0.5104761904761904
multi-auditor-v1-s42,42,1.0,0.0,0.3,kmeans_trust,50,4.0,0.0,1.4092924042800976,0.0,0.4666666666666667,1.0,0.6733333333333333,0.5333333333333333
multi-auditor-v1-s42,42,1.0,0.0,0.3,knn_competence,50,,0.0,1.4092924042800976,0.0,0.4666666666666667,1.0,0.7095415695415694,0.7238095238095238
multi-auditor-v1-s42,42,1.0,0.0,0.3,majority_vote,50,,0.0,1.4092924042800976,0.0,1.0,0.9966666666666667,0.3,0.5
multi-auditor-v1-s42,42,1.0,0.0,0.3,tree_partition,50,4.0,0.0,1.4092924042800976,0.0,0.4666666666666667,1.0,0.6733333333333333,0.7066666666666667
multi-auditor-v1-s42,42,1.0,0.0,0.3,weighted_majority,50,,0.0,1.451854144454821,0.08571428571428572,0.4666666666666667,1.0,0.7095415695415696,0.7238095238095239
multi-auditor-v1-s2026,2026,1.0,0.0,0.3,beta_reputation,50,,0.0,1.406890263661312,0.0,0.4666666666666667,1.0,0.685514410787903,0.6676190476190476
multi-auditor-v1-s2026,2026,1.0,0.0,0.3,dawid_skene,50,,0.0,1.406890263661312,0.0,0.0,1.0,1.0,1.0
multi-auditor-v1-s2026,2026,1.0,0.0,0.3,gb_three_way,50,3.0,0.0,1.3990323966397398,0.0,0.4666666666666667,1.0,0.6733333333333333,0.7666666666666666
multi-auditor-v1-s2026,2026,1.0,0.0,0.3,granular_ball,50,3.0,0.0,1.406890263661312,0.0,0.4666666666666667,1.0,0.6961240310077519,0.8133333333333332
multi-auditor-v1-s2026,2026,1.0,0.0,0.3,kmeans_trust,50,3.0,0.0,1.406890263661312,0.0,0.4666666666666667,1.0,0.6961240310077519,0.8133333333333332
multi-auditor-v1-s2026,2026,1.0,0.0,0.3,knn_competence,50,,0.0,1.406890263661312,0.0,0.4666666666666667,1.0,0.685514410787903,0.6676190476190476
multi-auditor-v1-s2026,2026,1.0,0.0,0.3,majority_vote,50,,0.0,1.406890263661312,0.0,1.0,0.9966666666666667,0.3,0.5
multi-auditor-v1-s2026,2026,1.0,0.0,0.3,tree_partition,50,3.0,0.0,1.406890263661312,0.0,0.4666666666666667,1.0,0.6733333333333333,0.7133333333333334
multi-auditor-v1-s2026,2026,1.0,0.0,0.3,weighted_majority,50,,0.0,1.3990323966397398,0.0,0.4666666666666667,1.0,0.685514410787903,0.6676190476190476
multi-auditor-v1-s1,1,1.0,0.2,0.3,beta_reputation,50,,0.0,1.4347931224169,0.0,0.4666666666666667,0.62,0.7068649581827876,0.7257142857142858
multi-auditor-v1-s1,1,1.0,0.2,0.3,dawid_skene,50,,0.0,1.4347931224169,0.0,1.0,0.0,0.3,0.0
multi-auditor-v1-s1,1,1.0,0.2,0.3,gb_three_way,50,2.0,0.0,1.4467499807779194,0.0,0.4666666666666667,0.77,0.6733333333333333,0.7666666666666666
multi-auditor-v1-s1,1,1.0,0.2,0.3,granular_ball,50,2.0,0.0,1.4347931224169,0.0,0.4666666666666667,0.5766666666666667,0.6733333333333333,0.7666666666666666
multi-auditor-v1-s1,1,1.0,0.2,0.3,kmeans_trust,50,2.0,0.0,1.4347931224169,0.0,0.4666666666666667,0.5766666666666667,0.6733333333333333,0.7666666666666666
multi-auditor-v1-s1,1,1.0,0.2,0.3,knn_competence,50,,0.0,1.4347931224169,0.0,0.4666666666666667,0.62,0.7068649581827876,0.7257142857142858
multi-auditor-v1-s1,1,1.0,0.2,0.3,majority_vote,50,,0.0,1.4347931224169,0.0,1.0,0.24,0.3,0.5
multi-auditor-v1-s1,1,1.0,0.2,0.3,tree_partition,50,2.0,0.0,1.4347931224169,0.0,0.4666666666666667,0.5766666666666667,0.6733333333333333,0.7666666666666666
multi-auditor-v1-s1,1,1.0,0.2,0.3,weighted_majority,50,,0.0,1.4467499807779194,0.05714285714285714,0.4666666666666667,0.79,0.7068649581827876,0.7257142857142856
multi-auditor-v1-s7,7,1.0,0.2,0.3,beta_reputation,50,,0.0,1.4376794299416198,0.0,0.4666666666666667,0.6833333333333333,0.6909644187230394,0.6923809523809523
multi-auditor-v1-s7,7,1.0,0.2,0.3,dawid_skene,50,,0.0,1.4376794299416198,0.0,1.0,0.0,0.3,0.0
multi-auditor-v1-s7,7,1.0,0.2,0.3,gb_three_way,50,2.0,0.0,1.4794368663330435,0.0,0.4666666666666667,0.8466666666666667,0.6733333333333333,0.7666666666666666
multi-auditor-v1-s7,7,1.0,0.2,0.3,granular_ball,50,2.0,0.0,1.4376794299416198,0.0,0.4666666666666667,0.6466666666666666,0.6733333333333333,0.7666666666666666
multi-auditor-v1-s7,7,1.0,0.2,0.3,kmeans_trust,50,2.0,0.0,1.4376794299416198,0.0,0.4666666666666667,0.6466666666666666,0.6733333333333333,0.7666666666666666
multi-auditor-v1-s7,7,1.0,0.2,0.3,knn_competence,50,,0.0,1.4376794299416198,0.0,0.4666666666666667,0.6866666666666666,0.6909644187230394,0.6923809523809523
multi-auditor-v1-s7,7,1.0,0.2,0.3,majority_vote,50,,0.0,1.4376794299416198,0.0,1.0,0.2866666666666667,0.3,0.5
multi-auditor-v1-s7,7,1.0,0.2,0.3,tree_partition,50,2.0,0.0,1.4376794299416198,0.0,0.4666666666666667,0.6466666666666666,0.6733333333333333,0.7666666666666666
multi-auditor-v1-s7,7,1.0,0.2,0.3,weighted_majority,50,,0.0,1.4794368663330435,0.08571428571428572,0.4666666666666667,0.8566666666666667,0.6909644187230394,0.6923809523809524
multi-auditor-v1-s21,21,1.0,0.2,0.3,beta_reputation,50,,0.0,1.4513447258939352,0.0,0.4666666666666667,0.66,0.6878850090259826,0.680952380952381
multi-auditor-v1-s21,21,1.0,0.2,0.3,dawid_skene,50,,0.0,1.4513447258939352,0.0,1.0,0.0,0.3,0.0
multi-auditor-v1-s21,21,1.0,0.2,0.3,gb_three_way,50,2.0,0.0,1.4915283880700358,0.0,0.4666666666666667,0.8033333333333333,0.6733333333333333,0.7666666666666666
multi-auditor-v1-s21,21,1.0,0.2,0.3,granular_ball,50,2.0,0.0,1.4513447258939352,0.0,0.4666666666666667,0.69,0.6733333333333333,0.7666666666666666
multi-auditor-v1-s21,21,1.0,0.2,0.3,kmeans_trust,50,2.0,0.0,1.4513447258939352,0.0,0.4666666666666667,0.69,0.6733333333333333,0.7666666666666666
multi-auditor-v1-s21,21,1.0,0.2,0.3,knn_competence,50,,0.0,1.4513447258939352,0.0,0.4666666666666667,0.66,0.6878850090259826,0.680952380952381
multi-auditor-v1-s21,21,1.0,0.2,0.3,majority_vote,50,,0.0,1.4513447258939352,0.0,1.0,0.29,0.3,0.5
multi-auditor-v1-s21,21,1.0,0.2,0.3,tree_partition,50,2.0,0.0,1.4513447258939352,0.0,0.4666666666666667,0.69,0.6733333333333333,0.7666666666666666
multi-auditor-v1-s21,21,1.0,0.2,0.3,weighted_majority,50,,0.0,1.4915283880700358,0.08571428571428572,0.4666666666666667,0.8333333333333334,0.6878850090259827,0.680952380952381
multi-auditor-v1-s42,42,1.0,0.2,0.3,beta_reputation,50,,0.0,1.4889754653164673,0.0,0.4666666666666667,0.64,0.6986709263075958,0.7142857142857143
multi-auditor-v1-s42,42,1.0,0.2,0.3,dawid_skene,50,,0.0,1.4889754653164673,0.0,1.0,0.0,0.3,0.0
multi-auditor-v1-s42,42,1.0,0.2,0.3,gb_three_way,50,2.0,0.0,1.513145209752435,0.0,0.4666666666666667,0.79,0.6733333333333333,0.7666666666666666
multi-auditor-v1-s42,42,1.0,0.2,0.3,granular_ball,50,2.0,0.0,1.4889754653164673,0.0,0.4666666666666667,0.6033333333333334,0.6733333333333333,0.7666666666666666
multi-auditor-v1-s42,42,1.0,0.2,0.3,kmeans_trust,50,2.0,0.0,1.4889754653164673,0.0,0.4666666666666667,0.6033333333333334,0.6733333333333333,0.7666666666666666
multi-auditor-v1-s42,42,1.0,0.2,0.3,knn_competence,50,,0.0,1.4889754653164673,0.0,0.4666666666666667,0.64,0.6986709263075958,0.7142857142857143
multi-auditor-v1-s42,42,1.0,0.2,0.3,majority_vote,50,,0.0,1.4889754653164673,0.0,1.0,0.2633333333333333,0.3,0.5
multi-auditor-v1-s42,42,1.0,0.2,0.3,tree_partition,50,2.0,0.0,1.4889754653164673,0.0,0.4666666666666667,0.6033333333333334,0.6733333333333333,0.7666666666666666
multi-auditor-v1-s42,42,1.0,0.2,0.3,weighted_majority,50,,0.0,1.513145209752435,0.02857142857142857,0.4666666666666667,0.8366666666666667,0.6986709263075958,0.7142857142857143
multi-auditor-v1-s2026,2026,1.0,0.2,0.3,beta_reputation,50,,0.0,1.458265372484381,0.0,0.4666666666666667,0.6666666666666666,0.7175990675990676,0.7552380952380953
multi-auditor-v1-s2026,2026,1.0,0.2,0.3,dawid_skene,50,,0.0,1.458265372484381,0.0,1.0,0.0,0.3,0.0
multi-auditor-v1-s2026,2026,1.0,0.2,0.3,gb_three_way,50,2.0,0.0,1.4871962507370717,0.0,0.4666666666666667,0.8266666666666667,0.6733333333333333,0.7666666666666666
multi-auditor-v1-s2026,2026,1.0,0.2,0.3,granular_ball,50,2.0,0.0,1.458265372484381,0.0,0.4666666666666667,0.6333333333333333,0.6733333333333333,0.7666666666666666
multi-auditor-v1-s2026,2026,1.0,0.2,0.3,kmeans_trust,50,2.0,0.0,1.458265372484381,0.0,0.4666666666666667,0.6333333333333333,0.6733333333333333,0.7666666666666666
multi-auditor-v1-s2026,2026,1.0,0.2,0.3,knn_competence,50,,0.0,1.458265372484381,0.0,0.4666666666666667,0.67,0.7175990675990676,0.7552380952380953
multi-auditor-v1-s2026,2026,1.0,0.2,0.3,majority_vote,50,,0.0,1.458265372484381,0.0,1.0,0.2733333333333333,0.3,0.5
multi-auditor-v1-s2026,2026,1.0,0.2,0.3,tree_partition,50,2.0,0.0,1.458265372484381,0.0,0.4666666666666667,0.6333333333333333,0.6733333333333333,0.7666666666666666
multi-auditor-v1-s2026,2026,1.0,0.2,0.3,weighted_majority,50,,0.0,1.4871962507370717,0.05714285714285714,0.4666666666666667,0.8666666666666667,0.7175990675990676,0.7552380952380953
multi-auditor-v1-s1,1,0.5,0.0,0.1,beta_reputation,100,,0.0,1.514276063938201,0.0,0.5,1.0,0.5843238587424634,0.7766666666666667
multi-auditor-v1-s1,1,0.5,0.0,0.1,dawid_skene,100,,0.0,1.514276063938201,0.0,0.0,1.0,1.0,1.0
multi-auditor-v1-s1,1,0.5,0.0,0.1,gb_three_way,100,1.0,0.0,1.514276063938201,0.0,1.0,1.0,0.1,0.5
multi-auditor-v1-s1,1,0.5,0.0,0.1,granular_ball,100,1.0,0.0,1.514276063938201,0.0,1.0,1.0,0.1,0.5
multi-auditor-v1-s1,1,0.5,0.0,0.1,kmeans_trust,100,1.0,0.0,1.514276063938201,0.0,1.0,1.0,0.1,0.5
multi-auditor-v1-s1,1,0.5,0.0,0.1,knn_competence,100,,0.0,1.514276063938201,0.0,0.5,1.0,0.5843238587424634,0.7766666666666667
multi-auditor-v1-s1,1,0.5,0.0,0.1,majority_vote,100,,0.0,1.514276063938201,0.0,1.0,1.0,0.1,0.5
multi-auditor-v1-s1,1,0.5,0.0,0.1,tree_partition,100,1.0,0.0,1.514276063938201,0.0,1.0,1.0,0.1,0.5
multi-auditor-v1-s1,1,0.5,0.0,0.1,weighted_majority,100,,0.0,1.5313496373907307,0.044444444444444446,0.5,1.0,0.5843238587424634,0.7766666666666667
multi-auditor-v1-s7,7,0.5,0.0,0.1,beta_reputation,100,,0.0,1.457325657674029,0.0,0.5,1.0,0.5606721954471786,0.6699999999999999
multi-auditor-v1-s7,7,0.5,0.0,0.1,dawid_skene,100,,0.0,1.457325657674029,0.0,0.0,1.0,1.0,1.0
multi-auditor-v1-s7,7,0.5,0.0,0.1,gb_three_way,100,1.0,0.0,1.457325657674029,0.0,1.0,1.0,0.1,0.5
multi-auditor-v1-s7,7,0.5,0.0,0.1,granular_ball,100,1.0,0.0,1.457325657674029,0.0,1.0,1.0,0.1,0.5
multi-auditor-v1-s7,7,0.5,0.0,0.1,kmeans_trust,100,1.0,0.0,1.457325657674029,0.0,1.0,1.0,0.1,0.5
multi-auditor-v1-s7,7,0.5,0.0,0.1,knn_competence,100,,0.0,1.457325657674029,0.0,0.5,1.0,0.5606721954471786,0.6699999999999999
multi-auditor-v1-s7,7,0.5,0.0,0.1,majority_vote,100,,0.0,1.457325657674029,0.0,1.0,1.0,0.1,0.5
multi-auditor-v1-s7,7,0.5,0.0,0.1,tree_partition,100,1.0,0.0,1.457325657674029,0.0,1.0,1.0,0.1,0.5
multi-auditor-v1-s7,7,0.5,0.0,0.1,weighted_majority,100,,0.0,1.4725126007462597,0.044444444444444446,0.5,1.0,0.5606721954471787,0.67
multi-auditor-v1-s21,21,0.5,0.0,0.1,beta_reputation,100,,0.0,1.497738839906429,0.0,0.5,1.0,0.5758112114090375,0.73
multi-auditor-v1-s21,21,0.5,0.0,0.1,dawid_skene,100,,0.0,1.497738839906429,0.0,0.0,1.0,1.0,1.0
multi-auditor-v1-s21,21,0.5,0.0,0.1,gb_three_way,100,1.0,0.0,1.497738839906429,0.0,1.0,1.0,0.1,0.5
multi-auditor-v1-s21,21,0.5,0.0,0.1,granular_ball,100,1.0,0.0,1.497738839906429,0.0,1.0,1.0,0.1,0.5
multi-auditor-v1-s21,21,0.5,0.0,0.1,kmeans_trust,100,1.0,0.0,1.497738839906429,0.0,1.0,1.0,0.1,0.5
multi-auditor-v1-s21,21,0.5,0.0,0.1,knn_competence,100,,0.0,1.497738839906429,0.0,0.5,1.0,0.5758112114090375,0.73
multi-auditor-v1-s21,21,0.5,0.0,0.1,majority_vote,100,,0.0,1.497738839906429,0.0,1.0,1.0,0.1,0.5
multi-auditor-v1-s21,21,0.5,0.0,0.1,tree_partition,100,1.0,0.0,1.497738839906429,0.0,1.0,1.0,0.1,0.5
multi-auditor-v1-s21,21,0.5,0.0,0.1,weighted_majority,100,,0.0,1.501365486719547,0.05555555555555555,0.5,1.0,0.5758112114090375,0.7300000000000001
multi-auditor-v1-s42,42,0.5,0.0,0.1,beta_reputation,100,,0.0,1.5378340196692606,0.0,0.5,1.0,0.5709132346863879,0.7277777777777777
multi-auditor-v1-s42,42,0.5,0.0,0.1,dawid_skene,100,,0.0,1.5378340196692606,0.0,0.0,1.0,1.0,1.0
multi-auditor-v1-s42,42,0.5,0.0,0.1,gb_three_way,100,1.0,0.0,1.5378340196692606,0.0,1.0,1.0,0.1,0.5
multi-auditor-v1-s42,42,0.5,0.0,0.1,granular_ball,100,1.0,0.0,1.5378340196692606,0.0,1.0,1.0,0.1,0.5
multi-auditor-v1-s42,42,0.5,0.0,0.1,kmeans_trust,100,1.0,0.0,1.5378340196692606,0.0,1.0,1.0,0.1,0.5
multi-auditor-v1-s42,42,0.5,0.0,0.1,knn_competence,100,,0.0,1.5378340196692606,0.0,0.5,1.0,0.5709132346863879,0.7277777777777777
multi-auditor-v1-s42,42,0.5,0.0,0.1,majority_vote,100,,0.0,1.5378340196692606,0.0,1.0,1.0,0.1,0.5
multi-auditor-v1-s42,42,0.5,0.0,0.1,tree_partition,100,1.0,0.0,1.5378340196692606,0.0,1.0,1.0,0.1,0.5
multi-auditor-v1-s42,42,0.5,0.0,0.1,weighted_majority,100,,0.0,1.548287292272896,0.08888888888888889,0.5,1.0,0.5709132346863879,0.7277777777777777
multi-auditor-v1-s2026,2026,0.5,0.0,0.1,beta_reputation,100,,0.0,1.4552633465257825,0.0,0.5,1.0,0.5658413128214503,0.7094444444444445
multi-auditor-v1-s2026,2026,0.5,0.0,0.1,dawid_skene,100,,0.0,1.4552633465257825,0.0,0.0,1.0,1.0,1.0
multi-auditor-v1-s2026,2026,0.5,0.0,0.1,gb_three_way,100,1.0,0.0,1.4552633465257825,0.0,1.0,1.0,0.1,0.5
multi-auditor-v1-s2026,2026,0.5,0.0,0.1,granular_ball,100,1.0,0.0,1.4552633465257825,0.0,1.0,1.0,0.1,0.5
multi-auditor-v1-s2026,2026,0.5,0.0,0.1,kmeans_trust,100,1.0,0.0,1.4552633465257825,0.0,1.0,1.0,0.1,0.5
multi-auditor-v1-s2026,2026,0.5,0.0,0.1,knn_competence,100,,0.0,1.4552633465257825,0.0,0.5,1.0,0.5658413128214503,0.7094444444444445
multi-auditor-v1-s2026,2026,0.5,0.0,0.1,majority_vote,100,,0.0,1.4552633465257825,0.0,1.0,1.0,0.1,0.5
multi-auditor-v1-s2026,2026,0.5,0.0,0.1,tree_partition,100,1.0,0.0,1.4552633465257825,0.0,1.0,1.0,0.1,0.5
multi-auditor-v1-s2026,2026,0.5,0.0,0.1,weighted_majority,100,,0.0,1.4744588970259576,0.022222222222222223,0.5,1.0,0.5658413128214502,0.7094444444444444
multi-auditor-v1-s1,1,0.5,0.2,0.1,beta_reputation,100,,0.0,1.4995361688535627,0.0,0.5,0.9966666666666667,0.5829857968828557,0.7761111111111111
multi-auditor-v1-s1,1,0.5,0.2,0.1,dawid_skene,100,,0.0,1.4995361688535627,0.0,0.0,1.0,1.0,1.0
multi-auditor-v1-s1,1,0.5,0.2,0.1,gb_three_way,100,1.0,0.0,1.4995361688535627,0.0,1.0,0.9966666666666667,0.1,0.5
multi-auditor-v1-s1,1,0.5,0.2,0.1,granular_ball,100,1.0,0.0,1.4995361688535627,0.0,1.0,0.9966666666666667,0.1,0.5
multi-auditor-v1-s1,1,0.5,0.2,0.1,kmeans_trust,100,1.0,0.0,1.4995361688535627,0.0,1.0,0.9966666666666667,0.1,0.5
multi-auditor-v1-s1,1,0.5,0.2,0.1,knn_competence,100,,0.0,1.4995361688535627,0.0,0.5,0.9966666666666667,0.5829857968828557,0.7761111111111111
multi-auditor-v1-s1,1,0.5,0.2,0.1,majority_vote,100,,0.0,1.4995361688535627,0.0,1.0,0.9966666666666667,0.1,0.5
multi-auditor-v1-s1,1,0.5,0.2,0.1,tree_partition,100,1.0,0.0,1.4995361688535627,0.0,1.0,0.9966666666666667,0.1,0.5
multi-auditor-v1-s1,1,0.5,0.2,0.1,weighted_majority,100,,0.0,1.5079301623063017,0.05555555555555555,0.5,0.9966666666666667,0.5829857968828557,0.7761111111111111
multi-auditor-v1-s7,7,0.5,0.2,0.1,beta_reputation,100,,0.0,1.5696545176879615,0.0,0.5,0.9933333333333333,0.5631911769853739,0.7005555555555556
multi-auditor-v1-s7,7,0.5,0.2,0.1,dawid_skene,100,,0.0,1.5696545176879615,0.0,0.0,1.0,0.9090909090909091,0.9944444444444445
multi-auditor-v1-s7,7,0.5,0.2,0.1,gb_three_way,100,1.0,0.0,1.5696545176879615,0.0,1.0,0.99,0.1,0.5
multi-auditor-v1-s7,7,0.5,0.2,0.1,granular_ball,100,1.0,0.0,1.5696545176879615,0.0,1.0,0.99,0.1,0.5
multi-auditor-v1-s7,7,0.5,0.2,0.1,kmeans_trust,100,1.0,0.0,1.5696545176879615,0.0,1.0,0.99,0.1,0.5
multi-auditor-v1-s7,7,0.5,0.2,0.1,knn_competence,100,,0.0,1.5696545176879615,0.0,0.5,0.9933333333333333,0.5631911769853739,0.7005555555555556
multi-auditor-v1-s7,7,0.5,0.2,0.1,majority_vote,100,,0.0,1.5696545176879615,0.0,1.0,0.99,0.1,0.5
multi-auditor-v1-s7,7,0.5,0.2,0.1,tree_partition,100,1.0,0.0,1.5696545176879615,0.0,1.0,0.99,0.1,0.5
multi-auditor-v1-s7,7,0.5,0.2,0.1,weighted_majority,100,,0.0,1.58244544521403,0.03333333333333333,0.5,0.9966666666666667,0.5631911769853739,0.7005555555555555
multi-auditor-v1-s21,21,0.5,0.2,0.1,beta_reputation,100,,0.0,1.5012021383770975,0.0,0.5,1.0,0.5733435149787247,0.7327777777777779
multi-auditor-v1-s21,21,0.5,0.2,0.1,dawid_skene,100,,0.0,1.5012021383770975,0.0,0.0,1.0,1.0,1.0
multi-auditor-v1-s21,21,0.5,0.2,0.1,gb_three_way,100,1.0,0.0,1.5012021383770975,0.0,1.0,0.9966666666666667,0.1,0.5
multi-auditor-v1-s21,21,0.5,0.2,0.1,granular_ball,100,1.0,0.0,1.5012021383770975,0.0,1.0,0.9966666666666667,0.1,0.5
multi-auditor-v1-s21,21,0.5,0.2,0.1,kmeans_trust,100,1.0,0.0,1.5012021383770975,0.0,1.0,0.9966666666666667,0.1,0.5
multi-auditor-v1-s21,21,0.5,0.2,0.1,knn_competence,100,,0.0,1.5012021383770975,0.0,0.5,1.0,0.5733435149787247,0.7327777777777779
multi-auditor-v1-s21,21,0.5,0.2,0.1,majority_vote,100,,0.0,1.5012021383770975,0.0,1.0,0.9966666666666667,0.1,0.5
multi-auditor-v1-s21,21,0.5,0.2,0.1,tree_partition,100,1.0,0.0,1.5012021383770975,0.0,1.0,0.9966666666666667,0.1,0.5
multi-auditor-v1-s21,21,0.5,0.2,0.1,weighted_majority,100,,0.0,1.5139584214043489,0.05555555555555555,0.5,1.0,0.5733435149787247,0.7327777777777778
multi-auditor-v1-s42,42,0.5,0.2,0.1,beta_reputation,100,,0.0,1.474957803176537,0.0,0.5,1.0,0.5747829931188252,0.7394444444444445
multi-auditor-v1-s42,42,0.5,0.2,0.1,dawid_skene,100,,0.0,1.474957803176537,0.0,0.0,1.0,1.0,1.0
multi-auditor-v1-s42,42,0.5,0.2,0.1,gb_three_way,100,1.0,0.0,1.474957803176537,0.0,1.0,0.9966666666666667,0.1,0.5
multi-auditor-v1-s42,42,0.5,0.2,0.1,granular_ball,100,1.0,0.0,1.474957803176537,0.0,1.0,0.9966666666666667,0.1,0.5
multi-auditor-v1-s42,42,0.5,0.2,0.1,kmeans_trust,100,1.0,0.0,1.474957803176537,0.0,1.0,0.9966666666666667,0.1,0.5
multi-auditor-v1-s42,42,0.5,0.2,0.1,knn_competence,100,,0.0,1.474957803176537,0.0,0.5,1.0,0.5747829931188252,0.7394444444444445
multi-auditor-v1-s42,42,0.5,0.2,0.1,majority_vote,100,,0.0,1.474957803176537,0.0,1.0,0.9966666666666667,0.1,0.5
multi-auditor-v1-s42,42,0.5,0.2,0.1,tree_partition,100,1.0,0.0,1.474957803176537,0.0,1.0,0.9966666666666667,0.1,0.5
multi-auditor-v1-s42,42,0.5,0.2,0.1,weighted_majority,100,,0.0,1.4720616112066287,0.06666666666666667,0.5,1.0,0.5747829931188252,0.7394444444444445
multi-auditor-v1-s2026,2026,0.5,0.2,0.1,beta_reputation,100,,0.0,1.524429068509518,0.0,0.5,1.0,0.5541832862870234,0.6505555555555556
multi-auditor-v1-s2026,2026,0.5,0.2,0.1,dawid_skene,100,,0.0,1.524429068509518,0.0,0.0,1.0,1.0,1.0
multi-auditor-v1-s2026,2026,0.5,0.2,0.1,gb_three_way,100,1.0,0.0,1.524429068509518,0.0,1.0,1.0,0.1,0.5
multi-auditor-v1-s2026,2026,0.5,0.2,0.1,granular_ball,100,1.0,0.0,1.524429068509518,0.0,1.0,1.0,0.1,0.5
multi-auditor-v1-s2026,2026,0.5,0.2,0.1,kmeans_trust,100,1.0,0.0,1.524429068509518,0.0,1.0,1.0,0.1,0.5
multi-auditor-v1-s2026,2026,0.5,0.2,0.1,knn_competence,100,,0.0,1.524429068509518,0.0,0.5,1.0,0.5541832862870234,0.6505555555555556
multi-auditor-v1-s2026,2026,0.5,0.2,0.1,majority_vote,100,,0.0,1.524429068509518,0.0,1.0,1.0,0.1,0.5
multi-auditor-v1-s2026,2026,0.5,0.2,0.1,tree_partition,100,1.0,0.0,1.524429068509518,0.0,1.0,1.0,0.1,0.5
multi-auditor-v1-s2026,2026,0.5,0.2,0.1,weighted_majority,100,,0.0,1.526148527280488,0.05555555555555555,0.5,1.0,0.5541832862870234,0.6505555555555556
multi-auditor-v1-s1,1,1.0,0.0,0.1,beta_reputation,100,,0.0,1.4620311870109872,0.0,0.5,1.0,0.5717914044059795,0.736111111111111
multi-auditor-v1-s1,1,1.0,0.0,0.1,dawid_skene,100,,0.0,1.4620311870109872,0.0,0.0,1.0,1.0,1.0
multi-auditor-v1-s1,1,1.0,0.0,0.1,gb_three_way,100,1.0,0.0,1.4620311870109872,0.0,1.0,1.0,0.1,0.5
multi-auditor-v1-s1,1,1.0,0.0,0.1,granular_ball,100,1.0,0.0,1.4620311870109872,0.0,1.0,1.0,0.1,0.5
multi-auditor-v1-s1,1,1.0,0.0,0.1,kmeans_trust,100,1.0,0.0,1.4620311870109872,0.0,1.0,1.0,0.1,0.5
multi-auditor-v1-s1,1,1.0,0.0,0.1,knn_competence,100,,0.0,1.4620311870109872,0.0,0.5,1.0,0.5717914044059795,0.736111111111111
multi-auditor-v1-s1,1,1.0,0.0,0.1,majority_vote,100,,0.0,1.4620311870109872,0.0,1.0,1.0,0.1,0.5
multi-auditor-v1-s1,1,1.0,0.0,0.1,tree_partition,100,1.0,0.0,1.4620311870109872,0.0,1.0,1.0,0.1,0.5
multi-auditor-v1-s1,1,1.0,0.0,0.1,weighted_majority,100,,0.0,1.4668497274348182,0.05555555555555555,0.5,1.0,0.5717914044059795,0.736111111111111
multi-auditor-v1-s7,7,1.0,0.0,0.1,beta_reputation,100,,0.0,1.4919111353344914,0.0,0.5,1.0,0.5908043812572576,0.8027777777777778
multi-auditor-v1-s7,7,1.0,0.0,0.1,dawid_skene,100,,0.0,1.4919111353344914,0.0,0.0,1.0,1.0,1.0
multi-auditor-v1-s7,7,1.0,0.0,0.1,gb_three_way,100,1.0,0.0,1.4919111353344914,0.0,1.0,1.0,0.1,0.5
multi-auditor-v1-s7,7,1.0,0.0,0.1,granular_ball,100,1.0,0.0,1.4919111353344914,0.0,1.0,1.0,0.1,0.5
multi-auditor-v1-s7,7,1.0,0.0,0.1,kmeans_trust,100,1.0,0.0,1.4919111353344914,0.0,1.0,1.0,0.1,0.5
multi-auditor-v1-s7,7,1.0,0.0,0.1,knn_competence,100,,0.0,1.4919111353344914,0.0,0.5,1.0,0.5908043812572576,0.8027777777777778
multi-auditor-v1-s7,7,1.0,0.0,0.1,majority_vote,100,,0.0,1.4919111353344914,0.0,1.0,1.0,0.1,0.5
multi-auditor-v1-s7,7,1.0,0.0,0.1,tree_partition,100,1.0,0.0,1.4919111353344914,0.0,1.0,1.0,0.1,0.5
multi-auditor-v1-s7,7,1.0,0.0,0.1,weighted_majority,100,,0.0,1.495157826749979,0.044444444444444446,0.5,1.0,0.5908043812572576,0.8027777777777778
multi-auditor-v1-s21,21,1.0,0.0,0.1,beta_reputation,100,,0.0,1.4377748066519844,0.0,0.5,1.0,0.5822670034024343,0.775
multi-auditor-v1-s21,21,1.0,0.0,0.1,dawid_skene,100,,0.0,1.4377748066519844,0.0,0.0,1.0,1.0,1.0
multi-auditor-v1-s21,21,1.0,0.0,0.1,gb_three_way,100,1.0,0.0,1.4377748066519844,0.0,1.0,1.0,0.1,0.5
multi-auditor-v1-s21,21,1.0,0.0,0.1,granular_ball,100,1.0,0.0,1.4377748066519844,0.0,1.0,1.0,0.1,0.5
multi-auditor-v1-s21,21,1.0,0.0,0.1,kmeans_trust,100,1.0,0.0,1.4377748066519844,0.0,1.0,1.0,0.1,0.5
multi-auditor-v1-s21,21,1.0,0.0,0.1,knn_competence,100,,0.0,1.4377748066519844,0.0,0.5,1.0,0.5822670034024343,0.775
multi-auditor-v1-s21,21,1.0,0.0,0.1,majority_vote,100,,0.0,1.4377748066519844,0.0,1.0,1.0,0.1,0.5
multi-auditor-v1-s21,21,1.0,0.0,0.1,tree_partition,100,1.0,0.0,1.4377748066519844,0.0,1.0,1.0,0.1,0.5
multi-auditor-v1-s21,21,1.0,0.0,0.1,weighted_majority,100,,0.0,1.4585428451171163,0.03333333333333333,0.5,1.0,0.5822670034024343,0.775
multi-auditor-v1-s42,42,1.0,0.0,0.1,beta_reputation,100,,0.0,1.4955109920263403,0.0,0.5,1.0,0.5548857174073767,0.6416666666666667
multi-auditor-v1-s42,42,1.0,0.0,0.1,dawid_skene,100,,0.0,1.4955109920263403,0.0,0.0,1.0,1.0,1.0
multi-auditor-v1-s42,42,1.0,0.0,0.1,gb_three_way,100,1.0,0.0,1.4955109920263403,0.0,1.0,1.0,0.1,0.5
multi-auditor-v1-s42,42,1.0,0.0,0.1,granular_ball,100,1.0,0.0,1.4955109920263403,0.0,1.0,1.0,0.1,0.5
multi-auditor-v1-s42,42,1.0,0.0,0.1,kmeans_trust,100,1.0,0.0,1.4955109920263403,0.0,1.0,1.0,0.1,0.5
multi-auditor-v1-s42,42,1.0,0.0,0.1,knn_competence,100,,0.0,1.4955109920263403,0.0,0.5,1.0,0.5548857174073767,0.6416666666666667
multi-auditor-v1-s42,42,1.0,0.0,0.1,majority_vote,100,,0.0,1.4955109920263403,0.0,1.0,1.0,0.1,0.5
multi-auditor-v1-s42,42,1.0,0.0,0.1,tree_partition,100,1.0,0.0,1.4955109920263403,0.0,1.0,1.0,0.1,0.5
multi-auditor-v1-s42,42,1.0,0.0,0.1,weighted_majority,100,,0.0,1.5008122339905714,0.03333333333333333,0.5,1.0,0.5548857174073767,0.6416666666666667
multi-auditor-v1-s2026,2026,1.0,0.0,0.1,beta_reputation,100,,0.0,1.5423260893461377,0.0,0.5,1.0,0.5836466165413534,0.7722222222222223
multi-auditor-v1-s2026,2026,1.0,0.0,0.1,dawid_skene,100,,0.0,1.5423260893461377,0.0,0.0,1.0,1.0,1.0
multi-auditor-v1-s2026,2026,1.0,0.0,0.1,gb_three_way,100,1.0,0.0,1.5423260893461377,0.0,1.0,1.0,0.1,0.5
multi-auditor-v1-s2026,2026,1.0,0.0,0.1,granular_ball,100,1.0,0.0,1.5423260893461377,0.0,1.0,1.0,0.1,0.5
multi-auditor-v1-s2026,2026,1.0,0.0,0.1,kmeans_trust,100,1.0,0.0,1.5423260893461377,0.0,1.0,1.0,0.1,0.5
multi-auditor-v1-s2026,2026,1.0,0.0,0.1,knn_competence,100,,0.0,1.5423260893461377,0.0,0.5,1.0,0.5836466165413534,0.7722222222222223
multi-auditor-v1-s2026,2026,1.0,0.0,0.1,majority_vote,100,,0.0,1.5423260893461377,0.0,1.0,1.0,0.1,0.5
multi-auditor-v1-s2026,2026,1.0,0.0,0.1,tree_partition,100,1.0,0.0,1.5423260893461377,0.0,1.0,1.0,0.1,0.5
multi-auditor-v1-s2026,2026,1.0,0.0,0.1,weighted_majority,100,,0.0,1.5541052656990513,0.044444444444444446,0.5,1.0,0.5836466165413534,0.7722222222222223
multi-auditor-v1-s1,1,1.0,0.2,0.1,beta_reputation,100,,0.0,1.4726071747862315,0.0,0.5,1.0,0.5674928101961438,0.7094444444444444
multi-auditor-v1-s1,1,1.0,0.2,0.1,dawid_skene,100,,0.0,1.4726071747862315,0.0,0.0,1.0,1.0,1.0
multi-auditor-v1-s1,1,1.0,0.2,0.1,gb_three_way,100,1.0,0.0,1.4726071747862315,0.0,1.0,1.0,0.1,0.5
multi-auditor-v1-s1,1,1.0,0.2,0.1,granular_ball,100,1.0,0.0,1.4726071747862315,0.0,1.0,1.0,0.1,0.5
multi-auditor-v1-s1,1,1.0,0.2,0.1,kmeans_trust,100,1.0,0.0,1.4726071747862315,0.0,1.0,1.0,0.1,0.5
multi-auditor-v1-s1,1,1.0,0.2,0.1,knn_competence,100,,0.0,1.4726071747862315,0.0,0.5,1.0,0.5674928101961438,0.7094444444444444
multi-auditor-v1-s1,1,1.0,0.2,0.1,majority_vote,100,,0.0,1.4726071747862315,0.0,1.0,1.0,0.1,0.5
multi-auditor-v1-s1,1,1.0,0.2,0.1,tree_partition,100,1.0,0.0,1.4726071747862315,0.0,1.0,1.0,0.1,0.5
multi-auditor-v1-s1,1,1.0,0.2,0.1,weighted_majority,100,,0.0,1.4700704941004208,0.03333333333333333,0.5,1.0,0.5674928101961438,0.7094444444444444
multi-auditor-v1-s7,7,1.0,0.2,0.1,beta_reputation,100,,0.0,1.4835159554911967,0.0,0.5,0.9933333333333333,0.5559770709963264,0.6655555555555556
multi-auditor-v1-s7,7,1.0,0.2,0.1,dawid_skene,100,,0.0,1.4835159554911967,0.0,0.0,1.0,1.0,1.0
multi-auditor-v1-s7,7,1.0,0.2,0.1,gb_three_way,100,1.0,0.0,1.4835159554911967,0.0,1.0,0.9933333333333333,0.1,0.5
multi-auditor-v1-s7,7,1.0,0.2,0.1,granular_ball,100,1.0,0.0,1.4835159554911967,0.0,1.0,0.9933333333333333,0.1,0.5
multi-auditor-v1-s7,7,1.0,0.2,0.1,kmeans_trust,100,1.0,0.0,1.4835159554911967,0.0,1.0,0.9933333333333333,0.1,0.5
multi-auditor-v1-s7,7,1.0,0.2,0.1,knn_competence,100,,0.0,1.4835159554911967,0.0,0.5,0.9933333333333333,0.5559770709963264,0.6655555555555556
multi-auditor-v1-s7,7,1.0,0.2,0.1,majority_vote,100,,0.0,1.4835159554911967,0.0,1.0,0.9933333333333333,0.1,0.5
multi-auditor-v1-s7,7,1.0,0.2,0.1,tree_partition,100,1.0,0.0,1.4835159554911967,0.0,1.0,0.9933333333333333,0.1,0.5
multi-auditor-v1-s7,7,1.0,0.2,0.1,weighted_majority,100,,0.0,1.494939150143555,0.07777777777777778,0.5,1.0,0.5559770709963264,0.6655555555555556
multi-auditor-v1-s21,21,1.0,0.2,0.1,beta_reputation,100,,0.0,1.5090842868359442,0.0,0.5,0.9966666666666667,0.5678106573304744,0.6966666666666667
multi-auditor-v1-s21,21,1.0,0.2,0.1,dawid_skene,100,,0.0,1.5090842868359442,0.0,0.0,1.0,1.0,1.0
multi-auditor-v1-s21,21,1.0,0.2,0.1,gb_three_way,100,1.0,0.0,1.5090842868359442,0.0,1.0,0.9966666666666667,0.1,0.5
multi-auditor-v1-s21,21,1.0,0.2,0.1,granular_ball,100,1.0,0.0,1.5090842868359442,0.0,1.0,0.9933333333333333,0.1,0.5
multi-auditor-v1-s21,21,1.0,0.2,0.1,kmeans_trust,100,1.0,0.0,1.5090842868359442,0.0,1.0,0.9933333333333333,0.1,0.5
multi-auditor-v1-s21,21,1.0,0.2,0.1,knn_competence,100,,0.0,1.5090842868359442,0.0,0.5,0.9966666666666667,0.5678106573304744,0.6966666666666667
multi-auditor-v1-s21,21,1.0,0.2,0.1,majority_vote,100,,0.0,1.5090842868359442,0.0,1.0,0.9966666666666667,0.1,0.5
multi-auditor-v1-s21,21,1.0,0.2,0.1,tree_partition,100,1.0,0.0,1.5090842868359442,0.0,1.0,0.9933333333333333,0.1,0.5
multi-auditor-v1-s21,21,1.0,0.2,0.1,weighted_majority,100,,0.0,1.529585745335481,0.044444444444444446,0.5,0.9966666666666667,0.5678106573304744,0.6966666666666667
multi-auditor-v1-s42,42,1.0,0.2,0.1,beta_reputation,100,,0.0,1.5329046052843005,0.0,0.5,0.9966666666666667,0.5728395011233993,0.7438888888888889
multi-auditor-v1-s42,42,1.0,0.2,0.1,dawid_skene,100,,0.0,1.5329046052843005,0.0,0.0,1.0,1.0,1.0
multi-auditor-v1-s42,42,1.0,0.2,0.1,gb_three_way,100,1.0,0.0,1.5329046052843005,0.0,1.0,0.9966666666666667,0.1,0.5
multi-auditor-v1-s42,42,1.0,0.2,0.1,granular_ball,100,1.0,0.0,1.5329046052843005,0.0,1.0,0.9966666666666667,0.1,0.5
multi-auditor-v1-s42,42,1.0,0.2,0.1,kmeans_trust,100,1.0,0.0,1.5329046052843005,0.0,1.0,0.9966666666666667,0.1,0.5
multi-auditor-v1-s42,42,1.0,0.2,0.1,knn_competence,100,,0.0,1.5329046052843005,0.0,0.5,0.9966666666666667,0.5728395011233993,0.7438888888888889
multi-auditor-v1-s42,42,1.0,0.2,0.1,majority_vote,100,,0.0,1.5329046052843005,0.0,1.0,0.9966666666666667,0.1,0.5
multi-auditor-v1-s42,42,1.0,0.2,0.1,tree_partition,100,1.0,0.0,1.5329046052843005,0.0,1.0,0.9966666666666667,0.1,0.5
multi-auditor-v1-s42,42,1.0,0.2,0.1,weighted_majority,100,,0.0,1.5337352688401849,0.08888888888888889,0.5,0.9966666666666667,0.5728395011233994,0.7438888888888888
multi-auditor-v1-s2026,2026,1.0,0.2,0.1,beta_reputation,100,,0.0,1.452736467744067,0.0,0.5,1.0,0.5616473209267261,0.683888888888889
multi-auditor-v1-s2026,2026,1.0,0.2,0.1,dawid_skene,100,,0.0,1.452736467744067,0.0,0.0,1.0,1.0,1.0
multi-auditor-v1-s2026,2026,1.0,0.2,0.1,gb_three_way,100,1.0,0.0,1.452736467744067,0.0,1.0,0.99,0.1,0.5
multi-auditor-v1-s2026,2026,1.0,0.2,0.1,granular_ball,100,1.0,0.0,1.452736467744067,0.0,1.0,0.99,0.1,0.5
multi-auditor-v1-s2026,2026,1.0,0.2,0.1,kmeans_trust,100,1.0,0.0,1.452736467744067,0.0,1.0,0.99,0.1,0.5
multi-auditor-v1-s2026,2026,1.0,0.2,0.1,knn_competence,100,,0.0,1.452736467744067,0.0,0.5,1.0,0.5616473209267261,0.683888888888889
multi-auditor-v1-s2026,2026,1.0,0.2,0.1,majority_vote,100,,0.0,1.452736467744067,0.0,1.0,0.99,0.1,0.5
multi-auditor-v1-s2026,2026,1.0,0.2,0.1,tree_partition,100,1.0,0.0,1.452736467744067,0.0,1.0,0.99,0.1,0.5
multi-auditor-v1-s2026,2026,1.0,0.2,0.1,weighted_majority,100,,0.0,1.46750429709919,0.044444444444444446,0.5,1.0,0.5616473209267262,0.683888888888889
multi-auditor-v1-s1,1,0.5,0.0,0.3,beta_reputation,100,,0.0,1.4681495048903757,0.0,0.5,1.0,0.6999191940706412,0.7502380952380951
multi-auditor-v1-s1,1,0.5,0.0,0.3,dawid_skene,100,,0.0,1.4681495048903757,0.0,0.0,1.0,1.0,1.0
multi-auditor-v1-s1,1,0.5,0.0,0.3,gb_three_way,100,2.0,0.0,1.4871954773973475,0.0,0.5,1.0,0.65,0.75
multi-auditor-v1-s1,1,0.5,0.0,0.3,granular_ball,100,2.0,0.0,1.4681495048903757,0.0,0.5,1.0,0.65,0.75
multi-auditor-v1-s1,1,0.5,0.0,0.3,kmeans_trust,100,2.0,0.0,1.4681495048903757,0.0,0.5,1.0,0.65,0.75
multi-auditor-v1-s1,1,0.5,0.0,0.3,knn_competence,100,,0.0,1.4681495048903757,0.0,0.5,1.0,0.6999191940706412,0.7502380952380951
multi-auditor-v1-s1,1,0.5,0.0,0.3,majority_vote,100,,0.0,1.4681495048903757,0.0,1.0,1.0,0.3,0.5
multi-auditor-v1-s1,1,0.5,0.0,0.3,tree_partition,100,2.0,0.0,1.4681495048903757,0.0,0.5,1.0,0.65,0.75
multi-auditor-v1-s1,1,0.5,0.0,0.3,weighted_majority,100,,0.0,1.4871954773973475,0.04285714285714286,0.5,1.0,0.6999191940706412,0.7502380952380953
multi-auditor-v1-s7,7,0.5,0.0,0.3,beta_reputation,100,,0.0,1.4645348416583364,0.0,0.5,1.0,0.7002580013098699,0.75
multi-auditor-v1-s7,7,0.5,0.0,0.3,dawid_skene,100,,0.0,1.4645348416583364,0.0,0.0,1.0,1.0,1.0
multi-auditor-v1-s7,7,0.5,0.0,0.3,gb_three_way,100,2.0,0.0,1.494209716139426,0.0,0.5,1.0,0.65,0.75
multi-auditor-v1-s7,7,0.5,0.0,0.3,granular_ball,100,2.0,0.0,1.4645348416583364,0.0,0.5,1.0,0.65,0.75
multi-auditor-v1-s7,7,0.5,0.0,0.3,kmeans_trust,100,2.0,0.0,1.4645348416583364,0.0,0.5,1.0,0.65,0.75
multi-auditor-v1-s7,7,0.5,0.0,0.3,knn_competence,100,,0.0,1.4645348416583364,0.0,0.5,1.0,0.7002580013098699,0.75
multi-auditor-v1-s7,7,0.5,0.0,0.3,majority_vote,100,,0.0,1.4645348416583364,0.0,1.0,1.0,0.3,0.5
multi-auditor-v1-s7,7,0.5,0.0,0.3,tree_partition,100,2.0,0.0,1.4645348416583364,0.0,0.5,1.0,0.65,0.75
multi-auditor-v1-s7,7,0.5,0.0,0.3,weighted_majority,100,,0.0,1.494209716139426,0.02857142857142857,0.5,1.0,0.7002580013098699,0.7500000000000001
multi-auditor-v1-s21,21,0.5,0.0,0.3,beta_reputation,100,,0.0,1.4548704121260199,0.0,0.5,1.0,0.6776661080373998,0.6980952380952381
multi-auditor-v1-s21,21,0.5,0.0,0.3,dawid_skene,100,,0.0,1.4548704121260199,0.0,0.0,1.0,1.0,1.0
multi-auditor-v1-s21,21,0.5,0.0,0.3,gb_three_way,100,2.0,0.0,1.474808075778631,0.0,0.5,1.0,0.65,0.75
multi-auditor-v1-s21,21,0.5,0.0,0.3,granular_ball,100,2.0,0.0,1.4548704121260199,0.0,0.5,1.0,0.65,0.75
multi-auditor-v1-s21,21,0.5,0.0,0.3,kmeans_trust,100,2.0,0.0,1.4548704121260199,0.0,0.5,1.0,0.65,0.75
multi-auditor-v1-s21,21,0.5,0.0,0.3,knn_competence,100,,0.0,1.4548704121260199,0.0,0.5,1.0,0.6776661080373998,0.6980952380952381
multi-auditor-v1-s21,21,0.5,0.0,0.3,majority_vote,100,,0.0,1.4548704121260199,0.0,1.0,1.0,0.3,0.5
multi-auditor-v1-s21,21,0.5,0.0,0.3,tree_partition,100,2.0,0.0,1.4548704121260199,0.0,0.5,1.0,0.65,0.75
multi-auditor-v1-s21,21,0.5,0.0,0.3,weighted_majority,100,,0.0,1.474808075778631,0.07142857142857142,0.5,1.0,0.6776661080373998,0.6980952380952381
multi-auditor-v1-s42,42,0.5,0.0,0.3,beta_reputation,100,,0.0,1.4431491874943998,0.0,0.5,1.0,0.6768753116372164,0.6957142857142857
multi-auditor-v1-s42,42,0.5,0.0,0.3,dawid_skene,100,,0.0,1.4431491874943998,0.0,0.0,1.0,1.0,1.0
multi-auditor-v1-s42,42,0.5,0.0,0.3,gb_three_way,100,2.0,0.0,1.4664745304127593,0.0,0.5,1.0,0.65,0.75
multi-auditor-v1-s42,42,0.5,0.0,0.3,granular_ball,100,2.0,0.0,1.4431491874943998,0.0,0.5,1.0,0.65,0.75
multi-auditor-v1-s42,42,0.5,0.0,0.3,kmeans_trust,100,2.0,0.0,1.4431491874943998,0.0,0.5,1.0,0.65,0.75
multi-auditor-v1-s42,42,0.5,0.0,0.3,knn_competence,100,,0.0,1.4431491874943998,0.0,0.5,1.0,0.6768753116372164,0.6957142857142857
multi-auditor-v1-s42,42,0.5,0.0,0.3,majority_vote,100,,0.0,1.4431491874943998,0.0,1.0,1.0,0.3,0.5
multi-auditor-v1-s42,42,0.5,0.0,0.3,tree_partition,100,2.0,0.0,1.4431491874943998,0.0,0.5,1.0,0.65,0.75
multi-auditor-v1-s42,42,0.5,0.0,0.3,weighted_majority,100,,0.0,1.4664745304127593,0.04285714285714286,0.5,1.0,0.6768753116372164,0.6957142857142858
multi-auditor-v1-s2026,2026,0.5,0.0,0.3,beta_reputation,100,,0.0,1.4716231468867873,0.0,0.5,1.0,0.680550036033907,0.7092857142857143
multi-auditor-v1-s2026,2026,0.5,0.0,0.3,dawid_skene,100,,0.0,1.4716231468867873,0.0,0.0,1.0,1.0,1.0
multi-auditor-v1-s2026,2026,0.5,0.0,0.3,gb_three_way,100,2.0,0.0,1.4655834774985095,0.0,0.5,1.0,0.65,0.75
multi-auditor-v1-s2026,2026,0.5,0.0,0.3,granular_ball,100,2.0,0.0,1.4716231468867873,0.0,0.5,1.0,0.65,0.75
multi-auditor-v1-s2026,2026,0.5,0.0,0.3,kmeans_trust,100,2.0,0.0,1.4716231468867873,0.0,0.5,1.0,0.65,0.75
multi-auditor-v1-s2026,2026,0.5,0.0,0.3,knn_competence,100,,0.0,1.4716231468867873,0.0,0.5,1.0,0.680550036033907,0.7092857142857143
multi-auditor-v1-s2026,2026,0.5,0.0,0.3,majority_vote,100,,0.0,1.4716231468867873,0.0,1.0,1.0,0.3,0.5
multi-auditor-v1-s2026,2026,0.5,0.0,0.3,tree_partition,100,2.0,0.0,1.4716231468867873,0.0,0.5,1.0,0.65,0.75
multi-auditor-v1-s2026,2026,0.5,0.0,0.3,weighted_majority,100,,0.0,1.4655834774985095,0.07142857142857142,0.5,1.0,0.680550036033907,0.7092857142857143
multi-auditor-v1-s1,1,0.5,0.2,0.3,beta_reputation,100,,0.0,1.4691106462295673,0.0,0.5,0.8833333333333333,0.6706877127606556,0.68
multi-auditor-v1-s1,1,0.5,0.2,0.3,dawid_skene,100,,0.0,1.4691106462295673,0.0,1.0,0.0,0.17273822666305355,0.0
multi-auditor-v1-s1,1,0.5,0.2,0.3,gb_three_way,100,2.0,0.0,1.4877170372176456,0.0,0.5,0.9466666666666667,0.65,0.75
multi-auditor-v1-s1,1,0.5,0.2,0.3,granular_ball,100,2.0,0.0,1.4691106462295673,0.0,0.5,0.8866666666666667,0.65,0.75
multi-auditor-v1-s1,1,0.5,0.2,0.3,kmeans_trust,100,2.0,0.0,1.4691106462295673,0.0,0.5,0.8866666666666667,0.65,0.75
multi-auditor-v1-s1,1,0.5,0.2,0.3,knn_competence,100,,0.0,1.4691106462295673,0.0,0.5,0.8833333333333333,0.6706877127606556,0.68
multi-auditor-v1-s1,1,0.5,0.2,0.3,majority_vote,100,,0.0,1.4691106462295673,0.0,1.0,0.6666666666666666,0.3,0.5
multi-auditor-v1-s1,1,0.5,0.2,0.3,tree_partition,100,2.0,0.0,1.4691106462295673,0.0,0.5,0.8866666666666667,0.65,0.75
multi-auditor-v1-s1,1,0.5,0.2,0.3,weighted_majority,100,,0.0,1.4877170372176456,0.08571428571428572,0.5,0.9566666666666667,0.6706877127606556,0.6799999999999999
multi-auditor-v1-s7,7,0.5,0.2,0.3,beta_reputation,100,,0.0,1.4122081744946178,0.0,0.5,0.9033333333333333,0.6741883622420027,0.684047619047619
multi-auditor-v1-s7,7,0.5,0.2,0.3,dawid_skene,100,,0.0,1.4122081744946178,0.0,1.0,0.0,0.17273822666305355,0.0
multi-auditor-v1-s7,7,0.5,0.2,0.3,gb_three_way,100,2.0,0.0,1.4238843683395104,0.0,0.5,0.9533333333333334,0.65,0.75
multi-auditor-v1-s7,7,0.5,0.2,0.3,granular_ball,100,2.0,0.0,1.4122081744946178,0.0,0.5,0.89,0.65,0.75
multi-auditor-v1-s7,7,0.5,0.2,0.3,kmeans_trust,100,2.0,0.0,1.4122081744946178,0.0,0.5,0.89,0.65,0.75
multi-auditor-v1-s7,7,0.5,0.2,0.3,knn_competence,100,,0.0,1.4122081744946178,0.0,0.5,0.9033333333333333,0.6741883622420027,0.684047619047619
multi-auditor-v1-s7,7,0.5,0.2,0.3,majority_vote,100,,0.0,1.4122081744946178,0.0,1.0,0.6666666666666666,0.3,0.5
multi-auditor-v1-s7,7,0.5,0.2,0.3,tree_partition,100,2.0,0.0,1.4122081744946178,0.0,0.5,0.89,0.65,0.75
multi-auditor-v1-s7,7,0.5,0.2,0.3,weighted_majority,100,,0.0,1.4238843683395104,0.07142857142857142,0.5,0.9566666666666667,0.6741883622420026,0.684047619047619
multi-auditor-v1-s21,21,0.5,0.2,0.3,beta_reputation,100,,0.0,1.3807312120092252,0.0,0.5,0.9133333333333333,0.6585294013348786,0.6402380952380953
multi-auditor-v1-s21,21,0.5,0.2,0.3,dawid_skene,100,,0.0,1.3807312120092252,0.0,1.0,0.0,0.17273822666305355,0.0
multi-auditor-v1-s21,21,0.5,0.2,0.3,gb_three_way,100,2.0,0.0,1.3880858488354215,0.0,0.5,0.96,0.65,0.75
multi-auditor-v1-s21,21,0.5,0.2,0.3,granular_ball,100,2.0,0.0,1.3807312120092252,0.0,0.5,0.9133333333333333,0.65,0.75
multi-auditor-v1-s21,21,0.5,0.2,0.3,kmeans_trust,100,2.0,0.0,1.3807312120092252,0.0,0.5,0.9133333333333333,0.65,0.75
multi-auditor-v1-s21,21,0.5,0.2,0.3,knn_competence,100,,0.0,1.3807312120092252,0.0,0.5,0.9133333333333333,0.6585294013348786,0.6402380952380953
multi-auditor-v1-s21,21,0.5,0.2,0.3,majority_vote,100,,0.0,1.3807312120092252,0.0,1.0,0.7366666666666667,0.3,0.5
multi-auditor-v1-s21,21,0.5,0.2,0.3,tree_partition,100,2.0,0.0,1.3807312120092252,0.0,0.5,0.9133333333333333,0.65,0.75
multi-auditor-v1-s21,21,0.5,0.2,0.3,weighted_majority,100,,0.0,1.3880858488354215,0.07142857142857142,0.5,0.9666666666666667,0.6585294013348786,0.6402380952380952
multi-auditor-v1-s42,42,0.5,0.2,0.3,beta_reputation,100,,0.0,1.4590949114857608,0.0,0.5,0.9233333333333333,0.674478681793843,0.6933333333333332
multi-auditor-v1-s42,42,0.5,0.2,0.3,dawid_skene,100,,0.0,1.4590949114857608,0.0,1.0,0.0,0.17273822666305355,0.0
multi-auditor-v1-s42,42,0.5,0.2,0.3,gb_three_way,100,3.0,0.0,1.467354085112864,0.0,0.5,0.96,0.65,0.75
multi-auditor-v1-s42,42,0.5,0.2,0.3,granular_ball,100,3.0,0.0,1.4590949114857608,0.0,0.5,0.92,0.65,0.7000000000000001
multi-auditor-v1-s42,42,0.5,0.2,0.3,kmeans_trust,100,3.0,0.0,1.4590949114857608,0.0,0.5,0.92,0.65,0.7000000000000001
multi-auditor-v1-s42,42,0.5,0.2,0.3,knn_competence,100,,0.0,1.4590949114857608,0.0,0.5,0.9233333333333333,0.674478681793843,0.6933333333333332
multi-auditor-v1-s42,42,0.5,0.2,0.3,majority_vote,100,,0.0,1.4590949114857608,0.0,1.0,0.7433333333333333,0.3,0.5
multi-auditor-v1-s42,42,0.5,0.2,0.3,tree_partition,100,3.0,0.0,1.4590949114857608,0.0,0.5,0.92,0.65,0.6892857142857143
multi-auditor-v1-s42,42,0.5,0.2,0.3,weighted_majority,100,,0.0,1.467354085112864,0.05714285714285714,0.5,0.9733333333333334,0.6744786817938431,0.6933333333333334
multi-auditor-v1-s2026,2026,0.5,0.2,0.3,beta_reputation,100,,0.0,1.3536780449889656,0.0,0.5,0.9233333333333333,0.7103287200931817,0.7707142857142857
multi-auditor-v1-s2026,2026,0.5,0.2,0.3,dawid_skene,100,,0.0,1.3536780449889656,0.0,1.0,0.0,0.17273822666305355,0.0
multi-auditor-v1-s2026,2026,0.5,0.2,0.3,gb_three_way,100,3.0,0.0,1.3848119887992725,0.0,0.5,0.97,0.65,0.75
multi-auditor-v1-s2026,2026,0.5,0.2,0.3,granular_ball,100,3.0,0.0,1.3536780449889656,0.0,0.5,0.9133333333333333,0.6744186046511628,0.8
multi-auditor-v1-s2026,2026,0.5,0.2,0.3,kmeans_trust,100,3.0,0.0,1.3536780449889656,0.0,0.5,0.9133333333333333,0.6744186046511628,0.8
multi-auditor-v1-s2026,2026,0.5,0.2,0.3,knn_competence,100,,0.0,1.3536780449889656,0.0,0.5,0.93,0.7103287200931817,0.7707142857142857
multi-auditor-v1-s2026,2026,0.5,0.2,0.3,majority_vote,100,,0.0,1.3536780449889656,0.0,1.0,0.7533333333333333,0.3,0.5
multi-auditor-v1-s2026,2026,0.5,0.2,0.3,tree_partition,100,3.0,0.0,1.3536780449889656,0.0,0.5,0.92,0.65,0.692857142857143
multi-auditor-v1-s2026,2026,0.5,0.2,0.3,weighted_majority,100,,0.0,1.3848119887992725,0.02857142857142857,0.5,0.98,0.7103287200931817,0.7707142857142857
multi-auditor-v1-s1,1,1.0,0.0,0.3,beta_reputation,100,,0.0,1.3954504388632585,0.0,0.5,1.0,0.6748618247191156,0.6921428571428571
multi-auditor-v1-s1,1,1.0,0.0,0.3,dawid_skene,100,,0.0,1.3954504388632585,0.0,0.0,1.0,1.0,1.0
multi-auditor-v1-s1,1,1.0,0.0,0.3,gb_three_way,100,1.0,0.0,1.3954504388632585,0.0,1.0,1.0,0.3,0.5
multi-auditor-v1-s1,1,1.0,0.0,0.3,granular_ball,100,1.0,0.0,1.3954504388632585,0.0,1.0,1.0,0.3,0.5
multi-auditor-v1-s1,1,1.0,0.0,0.3,kmeans_trust,100,1.0,0.0,1.3954504388632585,0.0,1.0,1.0,0.3,0.5
multi-auditor-v1-s1,1,1.0,0.0,0.3,knn_competence,100,,0.0,1.3954504388632585,0.0,0.5,1.0,0.6748618247191156,0.6921428571428571
multi-auditor-v1-s1,1,1.0,0.0,0.3,majority_vote,100,,0.0,1.3954504388632585,0.0,1.0,1.0,0.3,0.5
multi-auditor-v1-s1,1,1.0,0.0,0.3,tree_partition,100,1.0,0.0,1.3954504388632585,0.0,1.0,1.0,0.3,0.5
multi-auditor-v1-s1,1,1.0,0.0,0.3,weighted_majority,100,,0.0,1.4366628464940636,0.0,0.5,1.0,0.6748618247191156,0.6921428571428572
multi-auditor-v1-s7,7,1.0,0.0,0.3,beta_reputation,100,,0.0,1.4095992443649445,0.0,0.5,1.0,0.6797002552264756,0.7045238095238096
multi-auditor-v1-s7,7,1.0,0.0,0.3,dawid_skene,100,,0.0,1.4095992443649445,0.0,0.0,1.0,1.0,1.0
multi-auditor-v1-s7,7,1.0,0.0,0.3,gb_three_way,100,2.0,0.0,1.4241759325095145,0.0,0.5,1.0,0.65,0.75
multi-auditor-v1-s7,7,1.0,0.0,0.3,granular_ball,100,2.0,0.0,1.4095992443649445,0.0,0.5,1.0,0.65,0.75
multi-auditor-v1-s7,7,1.0,0.0,0.3,kmeans_trust,100,2.0,0.0,1.4095992443649445,0.0,0.5,1.0,0.65,0.75
multi-auditor-v1-s7,7,1.0,0.0,0.3,knn_competence,100,,0.0,1.4095992443649445,0.0,0.5,1.0,0.6797002552264756,0.7045238095238096
multi-auditor-v1-s7,7,1.0,0.0,0.3,majority_vote,100,,0.0,1.4095992443649445,0.0,1.0,1.0,0.3,0.5
multi-auditor-v1-s7,7,1.0,0.0,0.3,tree_partition,100,2.0,0.0,1.4095992443649445,0.0,0.5,1.0,0.65,0.75
multi-auditor-v1-s7,7,1.0,0.0,0.3,weighted_majority,100,,0.0,1.4241759325095145,0.04285714285714286,0.5,1.0,0.6797002552264757,0.7045238095238094
multi-auditor-v1-s21,21,1.0,0.0,0.3,beta_reputation,100,,0.0,1.368727293333936,0.0,0.5,1.0,0.6938902830077399,0.7397619047619048
multi-auditor-v1-s21,21,1.0,0.0,0.3,dawid_skene,100,,0.0,1.368727293333936,0.0,0.0,1.0,1.0,1.0
multi-auditor-v1-s21,21,1.0,0.0,0.3,gb_three_way,100,2.0,0.0,1.3847899391074472,0.0,0.5,1.0,0.65,0.75
multi-auditor-v1-s21,21,1.0,0.0,0.3,granular_ball,100,2.0,0.0,1.368727293333936,0.0,0.5,1.0,0.65,0.75
multi-auditor-v1-s21,21,1.0,0.0,0.3,kmeans_trust,100,2.0,0.0,1.368727293333936,0.0,0.5,1.0,0.65,0.75
multi-auditor-v1-s21,21,1.0,0.0,0.3,knn_competence,100,,0.0,1.368727293333936,0.0,0.5,1.0,0.6938902830077399,0.7397619047619048
multi-auditor-v1-s21,21,1.0,0.0,0.3,majority_vote,100,,0.0,1.368727293333936,0.0,1.0,1.0,0.3,0.5
multi-auditor-v1-s21,21,1.0,0.0,0.3,tree_partition,100,2.0,0.0,1.368727293333936,0.0,0.5,1.0,0.65,0.75
multi-auditor-v1-s21,21,1.0,0.0,0.3,weighted_majority,100,,0.0,1.3847899391074472,0.04285714285714286,0.5,1.0,0.6938902830077399,0.7397619047619047
multi-auditor-v1-s42,42,1.0,0.0,0.3,beta_reputation,100,,0.0,1.500896885178014,0.0,0.5,1.0,0.6809725693814253,0.7038095238095239
multi-auditor-v1-s42,42,1.0,0.0,0.3,dawid_skene,100,,0.0,1.500896885178014,0.0,0.0,1.0,1.0,1.0
multi-auditor-v1-s42,42,1.0,0.0,0.3,gb_three_way,100,2.0,0.0,1.5363425322764108,0.0,0.5,1.0,0.65,0.75
multi-auditor-v1-s42,42,1.0,0.0,0.3,granular_ball,100,2.0,0.0,1.500896885178014,0.0,0.5,1.0,0.65,0.75
multi-auditor-v1-s42,42,1.0,0.0,0.3,kmeans_trust,100,2.0,0.0,1.500896885178014,0.0,0.5,1.0,0.65,0.75
multi-auditor-v1-s42,42,1.0,0.0,0.3,knn_competence,100,,0.0,1.500896885178014,0.0,0.5,1.0,0.6809725693814253,0.7038095238095239
multi-auditor-v1-s42,42,1.0,0.0,0.3,majority_vote,100,,0.0,1.500896885178014,0.0,1.0,1.0,0.3,0.5
multi-auditor-v1-s42,42,1.0,0.0,0.3,tree_partition,100,2.0,0.0,1.500896885178014,0.0,0.5,1.0,0.65,0.75
multi-auditor-v1-s42,42,1.0,0.0,0.3,weighted_majority,100,,0.0,1.5363425322764108,0.05714285714285714,0.5,1.0,0.6809725693814253,0.7038095238095238
multi-auditor-v1-s2026,2026,1.0,0.0,0.3,beta_reputation,100,,0.0,1.4128932538022942,0.0,0.5,1.0,0.6653512025580778,0.6695238095238095
multi-auditor-v1-s2026,2026,1.0,0.0,0.3,dawid_skene,100,,0.0,1.4128932538022942,0.0,0.0,1.0,1.0,1.0
multi-auditor-v1-s2026,2026,1.0,0.0,0.3,gb_three_way,100,2.0,0.0,1.4176773986114592,0.0,0.5,1.0,0.65,0.75
multi-auditor-v1-s2026,2026,1.0,0.0,0.3,granular_ball,100,2.0,0.0,1.4128932538022942,0.0,0.5,1.0,0.65,0.75
multi-auditor-v1-s2026,2026,1.0,0.0,0.3,kmeans_trust,100,2.0,0.0,1.4128932538022942,0.0,0.5,1.0,0.65,0.75
multi-auditor-v1-s2026,2026,1.0,0.0,0.3,knn_competence,100,,0.0,1.4128932538022942,0.0,0.5,1.0,0.6653512025580778,0.6695238095238095
multi-auditor-v1-s2026,2026,1.0,0.0,0.3,majority_vote,100,,0.0,1.4128932538022942,0.0,1.0,1.0,0.3,0.5
multi-auditor-v1-s2026,2026,1.0,0.0,0.3,tree_partition,100,2.0,0.0,1.4128932538022942,0.0,0.5,1.0,0.65,0.75
multi-auditor-v1-s2026,2026,1.0,0.0,0.3,weighted_majority,100,,0.0,1.4176773986114592,0.04285714285714286,0.5,1.0,0.6653512025580778,0.6695238095238095
multi-auditor-v1-s1,1,1.0,0.2,0.3,beta_reputation,100,,0.0,1.4332173963581962,0.0,0.5,0.7233333333333334,0.6945249339110127,0.7235714285714285
multi-auditor-v1-s1,1,1.0,0.2,0.3,dawid_skene,100,,0.0,1.4332173963581962,0.0,1.0,0.0,0.3,0.0
multi-auditor-v1-s1,1,1.0,0.2,0.3,gb_three_way,100,2.0,0.0,1.4337538705717388,0.0,0.5,0.87,0.65,0.75
multi-auditor-v1-s1,1,1.0,0.2,0.3,granular_ball,100,2.0,0.0,1.4332173963581962,0.0,0.5,0.7233333333333334,0.65,0.75
multi-auditor-v1-s1,1,1.0,0.2,0.3,kmeans_trust,100,2.0,0.0,1.4332173963581962,0.0,0.5,0.7233333333333334,0.65,0.75
multi-auditor-v1-s1,1,1.0,0.2,0.3,knn_competence,100,,0.0,1.4332173963581962,0.0,0.5,0.7233333333333334,0.6945249339110127,0.7235714285714285
multi-auditor-v1-s1,1,1.0,0.2,0.3,majority_vote,100,,0.0,1.4332173963581962,0.0,1.0,0.21666666666666667,0.3,0.5
multi-auditor-v1-s1,1,1.0,0.2,0.3,tree_partition,100,2.0,0.0,1.4332173963581962,0.0,0.5,0.7233333333333334,0.65,0.75
multi-auditor-v1-s1,1,1.0,0.2,0.3,weighted_majority,100,,0.0,1.4337538705717388,0.04285714285714286,0.5,0.8866666666666667,0.6945249339110127,0.7235714285714286
multi-auditor-v1-s7,7,1.0,0.2,0.3,beta_reputation,100,,0.0,1.4402078789723773,0.0,0.5,0.67,0.6736159914953319,0.6923809523809523
multi-auditor-v1-s7,7,1.0,0.2,0.3,dawid_skene,100,,0.0,1.4402078789723773,0.0,1.0,0.0,0.3,0.0
multi-auditor-v1-s7,7,1.0,0.2,0.3,gb_three_way,100,3.0,0.0,1.4616419507545415,0.0,0.5,0.8866666666666667,0.65,0.75
multi-auditor-v1-s7,7,1.0,0.2,0.3,granular_ball,100,3.0,0.0,1.4402078789723773,0.0,0.5,0.69,0.65,0.7000000000000001
multi-auditor-v1-s7,7,1.0,0.2,0.3,kmeans_trust,100,3.0,0.0,1.4402078789723773,0.0,0.5,0.69,0.65,0.7000000000000001
multi-auditor-v1-s7,7,1.0,0.2,0.3,knn_competence,100,,0.0,1.4402078789723773,0.0,0.5,0.67,0.6736159914953319,0.6923809523809523
multi-auditor-v1-s7,7,1.0,0.2,0.3,majority_vote,100,,0.0,1.4402078789723773,0.0,1.0,0.2,0.3,0.5
multi-auditor-v1-s7,7,1.0,0.2,0.3,tree_partition,100,3.0,0.0,1.4402078789723773,0.0,0.5,0.6666666666666666,0.65,0.6892857142857143
multi-auditor-v1-s7,7,1.0,0.2,0.3,weighted_majority,100,,0.0,1.4616419507545415,0.07142857142857142,0.5,0.88,0.6736159914953319,0.6923809523809523
multi-auditor-v1-s21,21,1.0,0.2,0.3,beta_reputation,100,,0.0,1.4537795882170876,0.0,0.5,0.6933333333333334,0.6736528958201086,0.6861904761904762
multi-auditor-v1-s21,21,1.0,0.2,0.3,dawid_skene,100,,0.0,1.4537795882170876,0.0,1.0,0.0,0.3,0.0
multi-auditor-v1-s21,21,1.0,0.2,0.3,gb_three_way,100,2.0,0.0,1.4747045293563232,0.0,0.5,0.8866666666666667,0.65,0.75
multi-auditor-v1-s21,21,1.0,0.2,0.3,granular_ball,100,2.0,0.0,1.4537795882170876,0.0,0.5,0.7033333333333334,0.65,0.75
multi-auditor-v1-s21,21,1.0,0.2,0.3,kmeans_trust,100,2.0,0.0,1.4537795882170876,0.0,0.5,0.7033333333333334,0.65,0.75
multi-auditor-v1-s21,21,1.0,0.2,0.3,knn_competence,100,,0.0,1.4537795882170876,0.0,0.5,0.6966666666666667,0.6736528958201086,0.6861904761904762
multi-auditor-v1-s21,21,1.0,0.2,0.3,majority_vote,100,,0.0,1.4537795882170876,0.0,1.0,0.23666666666666666,0.3,0.5
multi-auditor-v1-s21,21,1.0,0.2,0.3,tree_partition,100,2.0,0.0,1.4537795882170876,0.0,0.5,0.7033333333333334,0.65,0.75
multi-auditor-v1-s21,21,1.0,0.2,0.3,weighted_majority,100,,0.0,1.4747045293563232,0.11428571428571428,0.5,0.9,0.6736528958201087,0.6861904761904762
multi-auditor-v1-s42,42,1.0,0.2,0.3,beta_reputation,100,,0.0,1.4147737002336467,0.0,0.5,0.6966666666666667,0.6988564707811192,0.7430952380952381
multi-auditor-v1-s42,42,1.0,0.2,0.3,dawid_skene,100,,0.0,1.4147737002336467,0.0,1.0,0.0,0.3,0.0
multi-auditor-v1-s42,42,1.0,0.2,0.3,gb_three_way,100,2.0,0.0,1.443408587679983,0.0,0.5,0.88,0.65,0.75
multi-auditor-v1-s42,42,1.0,0.2,0.3,granular_ball,100,2.0,0.0,1.4147737002336467,0.0,0.5,0.6866666666666666,0.65,0.75
multi-auditor-v1-s42,42,1.0,0.2,0.3,kmeans_trust,100,2.0,0.0,1.4147737002336467,0.0,0.5,0.6866666666666666,0.65,0.75
multi-auditor-v1-s42,42,1.0,0.2,0.3,knn_competence,100,,0.0,1.4147737002336467,0.0,0.5,0.7,0.6988564707811192,0.7430952380952381
multi-auditor-v1-s42,42,1.0,0.2,0.3,majority_vote,100,,0.0,1.4147737002336467,0.0,1.0,0.21333333333333335,0.3,0.5
multi-auditor-v1-s42,42,1.0,0.2,0.3,tree_partition,100,2.0,0.0,1.4147737002336467,0.0,0.5,0.6866666666666666,0.65,0.75
multi-auditor-v1-s42,42,1.0,0.2,0.3,weighted_majority,100,,0.0,1.443408587679983,0.014285714285714285,0.5,0.8933333333333333,0.6988564707811193,0.7430952380952381
multi-auditor-v1-s2026,2026,1.0,0.2,0.3,beta_reputation,100,,0.0,1.4231063764095577,0.0,0.5,0.77,0.6758017059582567,0.6769047619047619
multi-auditor-v1-s2026,2026,1.0,0.2,0.3,dawid_skene,100,,0.0,1.4231063764095577,0.0,1.0,0.0,0.3,0.0
multi-auditor-v1-s2026,2026,1.0,0.2,0.3,gb_three_way,100,2.0,0.0,1.444788784003626,0.0,0.5,0.9166666666666666,0.65,0.75
multi-auditor-v1-s2026,2026,1.0,0.2,0.3,granular_ball,100,2.0,0.0,1.4231063764095577,0.0,0.5,0.7666666666666667,0.65,0.75
multi-auditor-v1-s2026,2026,1.0,0.2,0.3,kmeans_trust,100,2.0,0.0,1.4231063764095577,0.0,0.5,0.7666666666666667,0.65,0.75
multi-auditor-v1-s2026,2026,1.0,0.2,0.3,knn_competence,100,,0.0,1.4231063764095577,0.0,0.5,0.77,0.6758017059582567,0.6769047619047619
multi-auditor-v1-s2026,2026,1.0,0.2,0.3,majority_vote,100,,0.0,1.4231063764095577,0.0,1.0,0.25333333333333335,0.3,0.5
multi-auditor-v1-s2026,2026,1.0,0.2,0.3,tree_partition,100,2.0,0.0,1.4231063764095577,0.0,0.5,0.7666666666666667,0.65,0.75
multi-auditor-v1-s2026,2026,1.0,0.2,0.3,weighted_majority,100,,0.0,1.444788784003626,0.07142857142857142,0.5,0.9233333333333333,0.6758017059582567,0.6769047619047619
